2026-08-15 09:12:29,254 [INFO] Activator:176 - 


2026-08-15 09:12:29,256 [INFO] Activator:177 - !SESSION log4j initialized
2026-08-15 09:12:32,495 [INFO] LogOutputStream:77 - [STDOUT_REDIRECT] 
2026-08-15 09:12:33,002 [INFO] ApplicationProperties:184 - Using Application install path: /opt/st/stm32cubeide_1.18.0/plugins/com.st.stm32cube.common.mx_6.14.0.202502271554
2026-08-15 09:12:33,016 [INFO] DbMcusXml:78 - Set database path to: /opt/st/stm32cubeide_1.18.0/plugins/com.st.stm32cube.common.mx_6.14.0.202502271554//db//mcu/
2026-08-15 09:12:33,016 [INFO] ApiDb:274 - Set plugin database path to: /opt/st/stm32cubeide_1.18.0/plugins/com.st.stm32cube.common.mx_6.14.0.202502271554//db//plugins/boardmanager/
2026-08-15 09:12:33,016 [WARN] ApiDb:259 - Overriding images path with different value:  => /opt/st/stm32cubeide_1.18.0/plugins/com.st.stm32cube.common.mx_6.14.0.202502271554//db//plugins/mcufinder/images/
2026-08-15 09:12:33,023 [INFO] ApiDb:250 - Set database path to: /home/thuy/.stmcufinder/plugins/mcufinder//mcu/
2026-08-15 09:12:33,024 [INFO] DbMcusAds:125 - Set database path to: /home/thuy/.stmcufinder/plugins/mcufinder//mcu/
2026-08-15 09:12:33,026 [INFO] CrossReferenceDbSqlite:203 - Set database path to: /home/thuy/.stmcufinder/plugins/mcufinder//mcu/cs/
2026-08-15 09:12:33,107 [INFO] RulesReader:64 - Compatibility file has been processed (301 Rules)
2026-08-15 09:12:33,151 [INFO] DbMcusXml:78 - Set database path to: /opt/st/stm32cubeide_1.18.0/plugins/com.st.stm32cube.common.mx_6.14.0.202502271554//db//mcu/
2026-08-15 09:12:33,151 [INFO] ApiDb:274 - Set plugin database path to: /opt/st/stm32cubeide_1.18.0/plugins/com.st.stm32cube.common.mx_6.14.0.202502271554//db//plugins/boardmanager/
2026-08-15 09:12:33,151 [INFO] ApiDb:261 - Set plugin images path to: /opt/st/stm32cubeide_1.18.0/plugins/com.st.stm32cube.common.mx_6.14.0.202502271554//db//plugins/mcufinder/images/
2026-08-15 09:12:33,151 [WARN] DbFile:41 - Overriding database path with different value: /home/thuy/.stmcufinder/plugins/mcufinder/ => /home/thuy/.stmcufinder/plugins/mcufinder
2026-08-15 09:12:33,151 [INFO] ApiDb:250 - Set database path to: /home/thuy/.stmcufinder/plugins/mcufinder//mcu/
2026-08-15 09:12:33,151 [WARN] DbFile:41 - Overriding database path with different value: /home/thuy/.stmcufinder/plugins/mcufinder/ => /home/thuy/.stmcufinder/plugins/mcufinder
2026-08-15 09:12:33,151 [INFO] DbMcusAds:125 - Set database path to: /home/thuy/.stmcufinder/plugins/mcufinder//mcu/
2026-08-15 09:12:33,152 [WARN] DbFile:41 - Overriding database path with different value: /home/thuy/.stmcufinder/plugins/mcufinder/ => /home/thuy/.stmcufinder/plugins/mcufinder
2026-08-15 09:12:33,152 [WARN] DbFile:41 - Overriding database path with different value: /home/thuy/.stmcufinder/plugins/mcufinder/ => /home/thuy/.stmcufinder/plugins/mcufinder
2026-08-15 09:12:33,152 [INFO] CrossReferenceDbSqlite:203 - Set database path to: /home/thuy/.stmcufinder/plugins/mcufinder//mcu/cs/
2026-08-15 09:12:33,199 [INFO] MainPanel:272 - HeapMemory: 268435456
2026-08-15 09:12:33,301 [INFO] DbMcusXml:78 - Set database path to: /opt/st/stm32cubeide_1.18.0/plugins/com.st.stm32cube.common.mx_6.14.0.202502271554//db//mcu/
2026-08-15 09:12:33,301 [INFO] ApiDb:274 - Set plugin database path to: /opt/st/stm32cubeide_1.18.0/plugins/com.st.stm32cube.common.mx_6.14.0.202502271554//db//plugins/boardmanager/
2026-08-15 09:12:33,301 [INFO] ApiDb:261 - Set plugin images path to: /opt/st/stm32cubeide_1.18.0/plugins/com.st.stm32cube.common.mx_6.14.0.202502271554//db//plugins/mcufinder/images/
2026-08-15 09:12:33,302 [WARN] DbFile:41 - Overriding database path with different value: /home/thuy/.stmcufinder/plugins/mcufinder/ => /home/thuy/.stmcufinder/plugins/mcufinder
2026-08-15 09:12:33,302 [INFO] ApiDb:250 - Set database path to: /home/thuy/.stmcufinder/plugins/mcufinder//mcu/
2026-08-15 09:12:33,302 [WARN] DbFile:41 - Overriding database path with different value: /home/thuy/.stmcufinder/plugins/mcufinder/ => /home/thuy/.stmcufinder/plugins/mcufinder
2026-08-15 09:12:33,302 [INFO] DbMcusAds:125 - Set database path to: /home/thuy/.stmcufinder/plugins/mcufinder//mcu/
2026-08-15 09:12:33,302 [WARN] DbFile:41 - Overriding database path with different value: /home/thuy/.stmcufinder/plugins/mcufinder/ => /home/thuy/.stmcufinder/plugins/mcufinder
2026-08-15 09:12:33,302 [WARN] DbFile:41 - Overriding database path with different value: /home/thuy/.stmcufinder/plugins/mcufinder/ => /home/thuy/.stmcufinder/plugins/mcufinder
2026-08-15 09:12:33,302 [INFO] CrossReferenceDbSqlite:203 - Set database path to: /home/thuy/.stmcufinder/plugins/mcufinder//mcu/cs/
2026-08-15 09:12:33,312 [INFO] ApplicationProperties:184 - Using Application install path: /opt/st/stm32cubeide_1.18.0/plugins/com.st.stm32cube.common.mx_6.14.0.202502271554
2026-08-15 09:12:33,313 [INFO] PluginManage:196 - Search for loadable plugins [exclusion list=, ]
2026-08-15 09:12:33,314 [INFO] PluginManage:310 - Check plugin analytics
2026-08-15 09:12:33,414 [INFO] AnalyticsPlugin:253 - Accepted Software Licenses: STM32CubeMX.6.17.0
2026-08-15 09:12:33,414 [INFO] AnalyticsPlugin:255 - Accepted CMSIS Pack Licenses: 
2026-08-15 09:12:33,414 [INFO] AnalyticsPlugin:257 - Accepted Firmware Licenses: FW.F1.1.8.7,FW.F4.1.28.0,FW.F4.1.28.3
2026-08-15 09:12:33,416 [INFO] PluginManage:359 - Loaded plugin analytics (category:tool,tabindex:-1)
2026-08-15 09:12:33,416 [INFO] PluginManage:310 - Check plugin cadmodel
2026-08-15 09:12:33,420 [INFO] CADModel:105 - Init CAD model plugin
2026-08-15 09:12:33,420 [INFO] PluginManage:359 - Loaded plugin cadmodel (category:power,tabindex:5)
2026-08-15 09:12:33,420 [INFO] PluginManage:310 - Check plugin clock
2026-08-15 09:12:33,426 [INFO] PluginManage:359 - Loaded plugin clock (category:base,tabindex:2)
2026-08-15 09:12:33,426 [INFO] PluginManage:310 - Check plugin ddr
2026-08-15 09:12:33,428 [INFO] PluginManage:359 - Loaded plugin ddr (category:tool,tabindex:6)
2026-08-15 09:12:33,428 [INFO] PluginManage:310 - Check plugin filemanager
2026-08-15 09:12:33,531 [INFO] PluginManage:359 - Loaded plugin filemanager (category:base,tabindex:10)
2026-08-15 09:12:33,531 [INFO] PluginManage:310 - Check plugin ipmanager
2026-08-15 09:12:33,535 [INFO] PluginManage:359 - Loaded plugin ipmanager (category:base,tabindex:5)
2026-08-15 09:12:33,536 [INFO] PluginManage:310 - Check plugin lpbam
2026-08-15 09:12:33,542 [INFO] PluginManage:359 - Loaded plugin lpbam (category:base,tabindex:0)
2026-08-15 09:12:33,543 [INFO] PluginManage:310 - Check plugin memorymap
2026-08-15 09:12:33,551 [INFO] PluginManage:359 - Loaded plugin memorymap (category:base,tabindex:4)
2026-08-15 09:12:33,551 [INFO] PluginManage:310 - Check plugin pinoutandconfiguration
2026-08-15 09:12:33,556 [INFO] PluginManage:359 - Loaded plugin pinoutandconfiguration (category:base,tabindex:1)
2026-08-15 09:12:33,557 [INFO] PluginManage:310 - Check plugin pinoutconfig
2026-08-15 09:12:33,628 [WARN] SupportedApi:132 - Cannot load RTOS API schema: s4s-elt-must-match.1: The content of 'definitions' must match (annotation?, (simpleType | complexType)?, (unique | key | keyref)*)). A problem was found starting at: attribute.
2026-08-15 09:12:33,725 [INFO] PluginManage:359 - Loaded plugin pinoutconfig (category:base,tabindex:0)
2026-08-15 09:12:33,725 [INFO] PluginManage:310 - Check plugin power
2026-08-15 09:12:33,733 [INFO] PluginManage:359 - Loaded plugin power (category:power,tabindex:4)
2026-08-15 09:12:33,733 [INFO] PluginManage:310 - Check plugin projectmanager
2026-08-15 09:12:33,743 [INFO] PluginManage:359 - Loaded plugin projectmanager (category:projectmanager,tabindex:4)
2026-08-15 09:12:33,743 [INFO] PluginManage:310 - Check plugin rif
2026-08-15 09:12:33,749 [INFO] PluginManage:359 - Loaded plugin rif (category:base,tabindex:3)
2026-08-15 09:12:33,750 [INFO] PluginManage:310 - Check plugin thirdparty
2026-08-15 09:12:33,842 [WARN] IntegrityCheckThread:84 - waiting for thirdparty lock release [integrity check]
2026-08-15 09:12:33,843 [INFO] IntegrityCheckThread:86 - entering critical section [integrity check]
2026-08-15 09:12:33,842 [INFO] PluginManage:359 - Loaded plugin thirdparty (category:base,tabindex:-1)
2026-08-15 09:12:33,843 [INFO] PluginManage:310 - Check plugin tools
2026-08-15 09:12:33,843 [INFO] ThirdPartyUpdaterWithRetryManager:70 - Updater plugin not ready yet. [1/15]
2026-08-15 09:12:33,845 [INFO] PluginManage:359 - Loaded plugin tools (category:base,tabindex:7)
2026-08-15 09:12:33,845 [INFO] PluginManage:310 - Check plugin tutovideos
2026-08-15 09:12:33,965 [INFO] PluginManage:359 - Loaded plugin tutovideos (category:base,tabindex:-1)
2026-08-15 09:12:33,966 [INFO] PluginManage:310 - Check plugin updater
2026-08-15 09:12:33,982 [INFO] PluginManage:359 - Loaded plugin updater (category:base,tabindex:12)
2026-08-15 09:12:33,982 [INFO] PluginManage:310 - Check plugin userauth
2026-08-15 09:12:33,986 [INFO] UserAuth:118 - Init User Auth plugin
2026-08-15 09:12:33,986 [INFO] PluginManage:359 - Loaded plugin userauth (category:base,tabindex:14)
2026-08-15 09:12:33,987 [INFO] PluginManage:283 - PluginManage : Loaded plugins [18]
2026-08-15 09:12:34,128 [INFO] PinOutPanel:1589 - setPackage(No Configuration,No Configuration)
2026-08-15 09:12:34,198 [INFO] CADModel:165 - CPN selected for project level
2026-08-15 09:12:34,198 [INFO] CADModel:114 - Register for checkConnection events
2026-08-15 09:12:34,215 [INFO] IPUIPlugin:80 - create IPUIPlugin
2026-08-15 09:12:34,216 [INFO] PluginManager:220 - loadIPPluginJar : add freertos
2026-08-15 09:12:34,218 [INFO] IPUIPlugin:80 - create IPUIPlugin
2026-08-15 09:12:34,219 [INFO] PluginManager:220 - loadIPPluginJar : add quadspi
2026-08-15 09:12:34,225 [INFO] IPUIPlugin:80 - create IPUIPlugin
2026-08-15 09:12:34,225 [INFO] PluginManager:220 - loadIPPluginJar : add i2s
2026-08-15 09:12:34,229 [INFO] IPUIPlugin:80 - create IPUIPlugin
2026-08-15 09:12:34,229 [INFO] PluginManager:220 - loadIPPluginJar : add touchsensing
2026-08-15 09:12:34,233 [INFO] IPUIPlugin:80 - create IPUIPlugin
2026-08-15 09:12:34,233 [INFO] PluginManager:220 - loadIPPluginJar : add ipddr
2026-08-15 09:12:34,236 [INFO] IPUIPlugin:80 - create IPUIPlugin
2026-08-15 09:12:34,236 [INFO] PluginManager:220 - loadIPPluginJar : add pdm2pcm
2026-08-15 09:12:34,239 [INFO] IPUIPlugin:80 - create IPUIPlugin
2026-08-15 09:12:34,239 [INFO] PluginManager:220 - loadIPPluginJar : add dfsdm
2026-08-15 09:12:34,248 [INFO] IPUIPlugin:80 - create IPUIPlugin
2026-08-15 09:12:34,248 [INFO] PluginManager:220 - loadIPPluginJar : add stm32_wpan
2026-08-15 09:12:34,252 [INFO] IPUIPlugin:80 - create IPUIPlugin
2026-08-15 09:12:34,252 [INFO] PluginManager:220 - loadIPPluginJar : add nvic
2026-08-15 09:12:34,257 [INFO] IPUIPlugin:80 - create IPUIPlugin
2026-08-15 09:12:34,257 [INFO] PluginManager:220 - loadIPPluginJar : add gpio
2026-08-15 09:12:34,260 [INFO] IPUIPlugin:80 - create IPUIPlugin
2026-08-15 09:12:34,260 [INFO] PluginManager:220 - loadIPPluginJar : add usbx
2026-08-15 09:12:34,263 [INFO] IPUIPlugin:80 - create IPUIPlugin
2026-08-15 09:12:34,263 [INFO] PluginManager:220 - loadIPPluginJar : add sai
2026-08-15 09:12:34,264 [INFO] IPUIPlugin:80 - create IPUIPlugin
2026-08-15 09:12:34,264 [INFO] PluginManager:220 - loadIPPluginJar : add fatfs
2026-08-15 09:12:34,267 [INFO] IPUIPlugin:80 - create IPUIPlugin
2026-08-15 09:12:34,267 [INFO] PluginManager:220 - loadIPPluginJar : add opamp
2026-08-15 09:12:34,269 [INFO] IPUIPlugin:80 - create IPUIPlugin
2026-08-15 09:12:34,269 [INFO] PluginManager:220 - loadIPPluginJar : add spi
2026-08-15 09:12:34,271 [INFO] IPUIPlugin:80 - create IPUIPlugin
2026-08-15 09:12:34,271 [INFO] PluginManager:220 - loadIPPluginJar : add tsc
2026-08-15 09:12:34,274 [INFO] IPUIPlugin:80 - create IPUIPlugin
2026-08-15 09:12:34,274 [INFO] PluginManager:220 - loadIPPluginJar : add resmgrutility
2026-08-15 09:12:34,276 [INFO] IPUIPlugin:80 - create IPUIPlugin
2026-08-15 09:12:34,277 [INFO] PluginManager:220 - loadIPPluginJar : add can
2026-08-15 09:12:34,278 [INFO] IPUIPlugin:80 - create IPUIPlugin
2026-08-15 09:12:34,278 [INFO] PluginManager:220 - loadIPPluginJar : add ts
2026-08-15 09:12:34,286 [INFO] IPUIPlugin:80 - create IPUIPlugin
2026-08-15 09:12:34,289 [INFO] PluginManager:220 - loadIPPluginJar : add plateformsettings
2026-08-15 09:12:34,292 [INFO] IPUIPlugin:80 - create IPUIPlugin
2026-08-15 09:12:34,292 [INFO] PluginManager:220 - loadIPPluginJar : add tracer_emb
2026-08-15 09:12:34,294 [INFO] IPUIPlugin:80 - create IPUIPlugin
2026-08-15 09:12:34,295 [INFO] PluginManager:220 - loadIPPluginJar : add hash
2026-08-15 09:12:34,299 [INFO] IPUIPlugin:80 - create IPUIPlugin
2026-08-15 09:12:34,299 [INFO] PluginManager:220 - loadIPPluginJar : add i2c
2026-08-15 09:12:34,302 [INFO] IPUIPlugin:80 - create IPUIPlugin
2026-08-15 09:12:34,302 [INFO] PluginManager:220 - loadIPPluginJar : add i3c
2026-08-15 09:12:34,308 [INFO] IPUIPlugin:80 - create IPUIPlugin
2026-08-15 09:12:34,309 [INFO] PluginManager:220 - loadIPPluginJar : add adc
2026-08-15 09:12:34,310 [INFO] IPUIPlugin:80 - create IPUIPlugin
2026-08-15 09:12:34,310 [INFO] PluginManager:220 - loadIPPluginJar : add ltdc
2026-08-15 09:12:34,317 [INFO] IPUIPlugin:80 - create IPUIPlugin
2026-08-15 09:12:34,318 [INFO] PluginManager:220 - loadIPPluginJar : add mdma
2026-08-15 09:12:34,320 [INFO] IPUIPlugin:80 - create IPUIPlugin
2026-08-15 09:12:34,320 [INFO] PluginManager:220 - loadIPPluginJar : add aes
2026-08-15 09:12:34,324 [INFO] IPUIPlugin:80 - create IPUIPlugin
2026-08-15 09:12:34,325 [INFO] PluginManager:220 - loadIPPluginJar : add fmc
2026-08-15 09:12:34,326 [INFO] IPUIPlugin:80 - create IPUIPlugin
2026-08-15 09:12:34,326 [INFO] PluginManager:220 - loadIPPluginJar : add radio
2026-08-15 09:12:34,328 [INFO] IPUIPlugin:80 - create IPUIPlugin
2026-08-15 09:12:34,328 [INFO] PluginManager:220 - loadIPPluginJar : add cryp
2026-08-15 09:12:34,331 [INFO] IPUIPlugin:80 - create IPUIPlugin
2026-08-15 09:12:34,331 [INFO] PluginManager:220 - loadIPPluginJar : add openamp
2026-08-15 09:12:34,332 [INFO] IPUIPlugin:80 - create IPUIPlugin
2026-08-15 09:12:34,332 [INFO] PluginManager:220 - loadIPPluginJar : add comp
2026-08-15 09:12:34,334 [INFO] IPUIPlugin:80 - create IPUIPlugin
2026-08-15 09:12:34,334 [INFO] PluginManager:220 - loadIPPluginJar : add gfxmmu
2026-08-15 09:12:34,337 [INFO] IPUIPlugin:80 - create IPUIPlugin
2026-08-15 09:12:34,337 [INFO] PluginManager:220 - loadIPPluginJar : add gtzc
2026-08-15 09:12:34,342 [INFO] IPUIPlugin:80 - create IPUIPlugin
2026-08-15 09:12:34,342 [INFO] PluginManager:220 - loadIPPluginJar : add gic
2026-08-15 09:12:34,344 [INFO] IPUIPlugin:80 - create IPUIPlugin
2026-08-15 09:12:34,344 [INFO] PluginManager:220 - loadIPPluginJar : add lorawan
2026-08-15 09:12:34,347 [INFO] IPUIPlugin:80 - create IPUIPlugin
2026-08-15 09:12:34,347 [INFO] PluginManager:220 - loadIPPluginJar : add usart
2026-08-15 09:12:34,349 [INFO] IPUIPlugin:80 - create IPUIPlugin
2026-08-15 09:12:34,349 [INFO] PluginManager:220 - loadIPPluginJar : add tim
2026-08-15 09:12:34,351 [INFO] IPUIPlugin:80 - create IPUIPlugin
2026-08-15 09:12:34,351 [INFO] PluginManager:220 - loadIPPluginJar : add ddr_ctrl_phy
2026-08-15 09:12:34,353 [INFO] IPUIPlugin:80 - create IPUIPlugin
2026-08-15 09:12:34,353 [INFO] PluginManager:220 - loadIPPluginJar : add extmemmanager
2026-08-15 09:12:34,355 [INFO] IPUIPlugin:80 - create IPUIPlugin
2026-08-15 09:12:34,355 [INFO] PluginManager:220 - loadIPPluginJar : add dma3
2026-08-15 09:12:34,356 [INFO] IPUIPlugin:80 - create IPUIPlugin
2026-08-15 09:12:34,356 [INFO] PluginManager:220 - loadIPPluginJar : add ucpd
2026-08-15 09:12:34,360 [INFO] IPUIPlugin:80 - create IPUIPlugin
2026-08-15 09:12:34,361 [INFO] PluginManager:220 - loadIPPluginJar : add dma
2026-08-15 09:12:34,362 [INFO] IPUIPlugin:80 - create IPUIPlugin
2026-08-15 09:12:34,362 [INFO] PluginManager:220 - loadIPPluginJar : add genericplugin
2026-08-15 09:12:34,368 [INFO] IPUIPlugin:80 - create IPUIPlugin
2026-08-15 09:12:34,368 [INFO] PluginManager:220 - loadIPPluginJar : add linkedlist
2026-08-15 09:12:34,469 [FATAL] Updater:351 - Updater called before beeing initialized
2026-08-15 09:12:34,490 [INFO] RulesReader:64 - Compatibility file has been processed (301 Rules)
2026-08-15 09:12:34,497 [INFO] RulesReader:64 - Compatibility file has been processed (301 Rules)
2026-08-15 09:12:34,502 [INFO] CADModel:165 - CPN selected for project level
2026-08-15 09:12:34,502 [INFO] CADModel:114 - Register for checkConnection events
2026-08-15 09:12:34,502 [FATAL] Updater:351 - Updater called before beeing initialized
2026-08-15 09:12:34,503 [ERROR] CADModel:125 - Updater not yet initialized, retry later 
2026-08-15 09:12:34,589 [FATAL] Updater:351 - Updater called before beeing initialized
2026-08-15 09:12:34,590 [INFO] CADModel:165 - CPN selected for project level
2026-08-15 09:12:34,590 [INFO] CADModel:114 - Register for checkConnection events
2026-08-15 09:12:34,590 [FATAL] Updater:351 - Updater called before beeing initialized
2026-08-15 09:12:34,590 [ERROR] CADModel:125 - Updater not yet initialized, retry later 
2026-08-15 09:12:34,592 [FATAL] Updater:351 - Updater called before beeing initialized
2026-08-15 09:12:34,655 [FATAL] Updater:351 - Updater called before beeing initialized
2026-08-15 09:12:34,659 [INFO] DbMcusAds:53 - JSON generation date=Wed Jul 15 16:44:54 ICT 2026 (1784108694001)
2026-08-15 09:12:34,659 [FATAL] Updater:351 - Updater called before beeing initialized
2026-08-15 09:12:34,691 [WARN] DetailPanel:346 - Failed to get advertising image, set to default
2026-08-15 09:12:34,895 [FATAL] Updater:351 - Updater called before beeing initialized
2026-08-15 09:12:34,896 [FATAL] Updater:351 - Updater called before beeing initialized
2026-08-15 09:12:34,896 [FATAL] Updater:351 - Updater called before beeing initialized
2026-08-15 09:12:34,896 [WARN] DetailPanel:346 - Failed to get advertising image, set to default
2026-08-15 09:12:34,897 [FATAL] Updater:351 - Updater called before beeing initialized
2026-08-15 09:12:34,927 [ERROR] Updater:1198 - MainUpdater not yet initialized. External WinMGr cannot be set.
2026-08-15 09:12:34,928 [INFO] Updater:1134 - Updater Version found : 6.14.0
2026-08-15 09:12:34,943 [INFO] ApplicationProperties:184 - Using Application install path: /opt/st/stm32cubeide_1.18.0/plugins/com.st.stm32cube.common.mx_6.14.0.202502271554
2026-08-15 09:12:34,954 [ERROR] LogOutputStream:75 - [STDERR_REDIRECT] Aug 15, 2026 9:12:34 AM java.util.prefs.FileSystemPreferences$2 run
2026-08-15 09:12:34,954 [ERROR] LogOutputStream:75 - [STDERR_REDIRECT] WARNING: Could not create system preferences directory. System preferences are unusable.
2026-08-15 09:12:34,955 [ERROR] LogOutputStream:75 - [STDERR_REDIRECT] 
2026-08-15 09:12:35,239 [INFO] MainUpdater:2872 - connection check result : 10
2026-08-15 09:12:35,239 [INFO] MainUpdater:289 - Updater Check For Update Now.
2026-08-15 09:12:35,240 [INFO] MicroXplorer:498 - Change Database Version : DB.6.0.140
2026-08-15 09:12:35,244 [INFO] McuFinderGlobals:63 - Set McuFinder mode to 2 (CubeIDE integrated)
2026-08-15 09:12:35,244 [INFO] UserAuth:171 - activating auth plugin
2026-08-15 09:12:35,246 [INFO] UserAuth:486 - Internet connection configuration mode: 1
2026-08-15 09:12:35,262 [INFO] JxBrowserEngine:152 - Initiate JxBrowser Engine with user profile folder
2026-08-15 09:12:35,414 [INFO] CheckServerUpdateThread:120 - End of CheckServer Thread
2026-08-15 09:12:36,036 [INFO] WebApp:169 - Instantiating new browser for Auth
2026-08-15 09:12:36,586 [INFO] WebApp:463 - Apply proxy settings
2026-08-15 09:12:36,586 [INFO] WebApp:548 - Chromium requires no authentication
2026-08-15 09:12:36,591 [INFO] WebApp:491 - Direct internet connection detected
2026-08-15 09:12:36,603 [INFO] WebApp:894 - Register for checkConnection events
2026-08-15 09:12:36,603 [INFO] WebApp:463 - Apply proxy settings
2026-08-15 09:12:36,603 [INFO] WebApp:548 - Chromium requires no authentication
2026-08-15 09:12:36,603 [INFO] WebApp:491 - Direct internet connection detected
2026-08-15 09:12:36,681 [INFO] WebApp:225 - Starting web application
2026-08-15 09:12:36,681 [INFO] WebApp:593 - Web application path used /opt/st/stm32cubeide_1.18.0/plugins/com.st.stm32cube.common.mx_6.14.0.202502271554/db/plugins/mcufinder/reactClient1/index.html
2026-08-15 09:12:36,929 [WARN] PackLoader:240 - Cannot read IP mode file for STMicroelectronics.X-CUBE-AZRTOS-H7.3.5.0
2026-08-15 09:12:36,935 [WARN] PackLoader:240 - Cannot read IP mode file for STMicroelectronics.FP-ATR-ASTRA1.2.0.3
2026-08-15 09:12:36,937 [WARN] PackLoader:240 - Cannot read IP mode file for STMicroelectronics.FP-ATR-ASTRA1.2.0.2
2026-08-15 09:12:36,941 [ERROR] Engine:466 - /home/thuy/.stm32cubemx/thirdparties/pdsc/STMicroelectronics.X-CUBE-SMBUS.2.1.1.pdsc: PDSC version is not supported
2026-08-15 09:12:36,952 [WARN] PackLoader:240 - Cannot read IP mode file for STMicroelectronics.X-CUBE-AZRTOS-F7.1.1.0
2026-08-15 09:12:36,956 [ERROR] Engine:466 - /home/thuy/.stm32cubemx/thirdparties/pdsc/STMicroelectronics.X-CUBE-FREERTOS.1.6.0.pdsc: PDSC version is not supported
2026-08-15 09:12:36,958 [ERROR] Engine:466 - /home/thuy/.stm32cubemx/thirdparties/pdsc/STMicroelectronics.FP-SNS-MOTENV1.5.1.0.pdsc: PDSC version is not supported
2026-08-15 09:12:36,969 [WARN] PackLoader:240 - Cannot read IP mode file for STMicroelectronics.X-CUBE-AZRTOS-H7RS.1.3.0
2026-08-15 09:12:36,974 [ERROR] Engine:466 - /home/thuy/.stm32cubemx/thirdparties/pdsc/WES.I-CUBE-Cesium.1.4.0.pdsc: PDSC version is not supported
2026-08-15 09:12:36,978 [WARN] PackLoader:240 - Cannot read IP mode file for STMicroelectronics.X-CUBE-DISPLAY.3.0.0
2026-08-15 09:12:36,985 [WARN] PackLoader:240 - Cannot read IP mode file for STMicroelectronics.X-CUBE-GNSS1.7.1.1
2026-08-15 09:12:36,994 [ERROR] Engine:466 - /home/thuy/.stm32cubemx/thirdparties/pdsc/STMicroelectronics.FP-SNS-MOTENVWB1.1.5.0.pdsc: PDSC version is not supported
2026-08-15 09:12:36,997 [WARN] PackLoader:240 - Cannot read IP mode file for wolfSSL.I-CUBE-wolfSSL.5.9.1
2026-08-15 09:12:37,001 [WARN] PackLoader:240 - Cannot read IP mode file for STMicroelectronics.X-CUBE-NFC10.1.0.0
2026-08-15 09:12:37,004 [WARN] PackLoader:240 - Cannot read IP mode file for STMicroelectronics.X-CUBE-ST60.1.1.0
2026-08-15 09:12:37,008 [WARN] PackLoader:240 - Cannot read IP mode file for emotas.I-CUBE-CANOPEN.1.3.0
2026-08-15 09:12:37,009 [ERROR] Engine:466 - /home/thuy/.stm32cubemx/thirdparties/pdsc/STMicroelectronics.X-CUBE-WBA.1.1.0.pdsc: PDSC version is not supported
2026-08-15 09:12:37,011 [ERROR] Engine:466 - /home/thuy/.stm32cubemx/thirdparties/pdsc/STMicroelectronics.FP-SNS-STBOX1.2.1.0.pdsc: PDSC version is not supported
2026-08-15 09:12:37,013 [WARN] PackLoader:240 - Cannot read IP mode file for STMicroelectronics.FP-SNS-SMARTAG2.1.2.0
2026-08-15 09:12:37,016 [WARN] PackLoader:240 - Cannot read IP mode file for STMicroelectronics.FP-SNS-FLIGHT1.5.1.0
2026-08-15 09:12:37,021 [INFO] LogOutputStream:77 - [STDOUT_REDIRECT] 1 : Invalid condition id : UX_CORESTACK_Condition cause : null
2026-08-15 09:12:37,021 [INFO] LogOutputStream:77 - [STDOUT_REDIRECT] 1 : Invalid condition id : UX_CORESTACK_Condition cause : null
2026-08-15 09:12:37,022 [INFO] LogOutputStream:77 - [STDOUT_REDIRECT] 1 : Invalid condition id : UX_CORESTACK_Condition cause : null
2026-08-15 09:12:37,022 [INFO] LogOutputStream:77 - [STDOUT_REDIRECT] 1 : Invalid condition id : UX_CORESTACK_Condition cause : null
2026-08-15 09:12:37,022 [INFO] LogOutputStream:77 - [STDOUT_REDIRECT] 1 : Invalid condition id : UX_CORESTACK_Condition cause : null
2026-08-15 09:12:37,025 [WARN] PackLoader:240 - Cannot read IP mode file for STMicroelectronics.X-CUBE-AZRTOS-WL.2.0.0
2026-08-15 09:12:37,029 [WARN] PackLoader:240 - Cannot read IP mode file for STMicroelectronics.X-CUBE-BLE2.3.3.0
2026-08-15 09:12:37,065 [WARN] PackLoader:240 - Cannot read IP mode file for Infineon.AIROC-Wi-Fi-Bluetooth-STM32.1.8.0
2026-08-15 09:12:37,071 [WARN] PackLoader:240 - Cannot read IP mode file for STMicroelectronics.X-CUBE-NFC9.1.0.0
2026-08-15 09:12:37,075 [WARN] PackLoader:240 - Cannot read IP mode file for STMicroelectronics.X-CUBE-BLE1.7.1.0
2026-08-15 09:12:37,077 [WARN] PackLoader:240 - Cannot read IP mode file for wolfSSL.I-CUBE-wolfMQTT.1.19.2
2026-08-15 09:12:37,079 [WARN] PackLoader:240 - Cannot read IP mode file for STMicroelectronics.X-CUBE-EEPRMA1.5.2.0
2026-08-15 09:12:37,082 [ERROR] Engine:466 - /home/thuy/.stm32cubemx/thirdparties/pdsc/STMicroelectronics.FP-SNS-STAIOTCFT.1.1.0.pdsc: PDSC version is not supported
2026-08-15 09:12:37,090 [WARN] PackLoader:240 - Cannot read IP mode file for STMicroelectronics.X-CUBE-AZRTOS-G0.1.1.0
2026-08-15 09:12:37,094 [WARN] PackLoader:240 - Cannot read IP mode file for STMicroelectronics.X-CUBE-NFC4.3.0.0
2026-08-15 09:12:37,099 [WARN] PackLoader:240 - Cannot read IP mode file for EmbeddedOffice.I-CUBE-FS-RTOS.1.0.1
2026-08-15 09:12:37,102 [WARN] PackLoader:240 - Cannot read IP mode file for wolfSSL.I-CUBE-wolfTPM.3.8.0
2026-08-15 09:12:37,105 [WARN] PackLoader:240 - Cannot read IP mode file for STMicroelectronics.X-CUBE-TCPP.4.2.0
2026-08-15 09:12:37,112 [WARN] PackLoader:240 - Cannot read IP mode file for RealThread.X-CUBE-RT-Thread_Nano.4.1.1
2026-08-15 09:12:37,115 [WARN] PackLoader:240 - Cannot read IP mode file for STMicroelectronics.FP-ATR-SIGFOX1.3.2.0
2026-08-15 09:12:37,121 [WARN] PackLoader:240 - Cannot read IP mode file for ITTIA_DB.I-CUBE-ITTIADB.8.9.0
2026-08-15 09:12:37,124 [WARN] PackLoader:240 - Cannot read IP mode file for Cesanta.I-CUBE-Mongoose.7.21.7
2026-08-15 09:12:37,129 [WARN] PackLoader:240 - Cannot read IP mode file for STMicroelectronics.X-CUBE-NFC6.3.2.0
2026-08-15 09:12:37,135 [WARN] PackLoader:240 - Cannot read IP mode file for STMicroelectronics.X-CUBE-AI.10.2.1
2026-08-15 09:12:37,168 [WARN] PackLoader:240 - Cannot read IP mode file for STMicroelectronics.X-CUBE-MEMS1.12.1.0
2026-08-15 09:12:37,254 [WARN] PackLoader:240 - Cannot read IP mode file for SEGGER.I-CUBE-embOS.1.3.1
2026-08-15 09:12:37,287 [WARN] PackLoader:240 - Cannot read IP mode file for STMicroelectronics.X-CUBE-NFC13.1.0.0
2026-08-15 09:12:37,291 [WARN] PackLoader:240 - Cannot read IP mode file for STMicroelectronics.X-CUBE-PM33A1.1.0.0
2026-08-15 09:12:37,304 [WARN] PackLoader:240 - Cannot read IP mode file for STMicroelectronics.X-CUBE-AZRTOS-F4.1.1.0
2026-08-15 09:12:37,308 [WARN] PackLoader:240 - Cannot read IP mode file for STMicroelectronics.X-CUBE-ISPU.2.1.0
2026-08-15 09:12:37,314 [ERROR] Engine:466 - /home/thuy/.stm32cubemx/thirdparties/pdsc/STMicroelectronics.X-CUBE-IPS.3.2.0.pdsc: PDSC version is not supported
2026-08-15 09:12:37,316 [WARN] PackLoader:240 - Cannot read IP mode file for STMicroelectronics.eDS-WB_DPC_TT-BIDIR.2.1.1
2026-08-15 09:12:37,321 [WARN] PackLoader:240 - Cannot read IP mode file for STMicroelectronics.X-CUBE-NFC12.1.0.0
2026-08-15 09:12:37,321 [INFO] WebApp:191 - Connection restablished
2026-08-15 09:12:37,338 [WARN] PackLoader:240 - Cannot read IP mode file for STMicroelectronics.X-CUBE-AZRTOS-L5.2.0.0
2026-08-15 09:12:37,342 [WARN] PackLoader:240 - Cannot read IP mode file for STMicroelectronics.X-CUBE-ALGOBUILD.1.5.0
2026-08-15 09:12:37,344 [WARN] PackLoader:240 - Cannot read IP mode file for STMicroelectronics.eDS-WB_DPC_VIENNA.1.2.0
2026-08-15 09:12:37,367 [WARN] PackLoader:240 - Cannot read IP mode file for STMicroelectronics.X-CUBE-MEMS1.13.0.0
2026-08-15 09:12:37,401 [WARN] PackLoader:240 - Cannot read IP mode file for STMicroelectronics.eDS-WB_DPC_3PH2L-BIDIR.1.1.1
2026-08-15 09:12:37,404 [ERROR] Engine:466 - /home/thuy/.stm32cubemx/thirdparties/pdsc/STMicroelectronics.X-CUBE-ST67W61.1.3.0.pdsc: PDSC version is not supported
2026-08-15 09:12:37,406 [WARN] PackLoader:240 - Cannot read IP mode file for STMicroelectronics.X-CUBE-TOUCHGFX.4.26.1
2026-08-15 09:12:37,410 [WARN] PackLoader:240 - Cannot read IP mode file for STMicroelectronics.X-CUBE-DPower.1.3.0
2026-08-15 09:12:37,420 [WARN] ConditionMgr:438 - getConditionDescription Invalid condition id : LAN8742 Phy interface Condition cause : null
2026-08-15 09:12:37,420 [WARN] PackLoader:240 - Cannot read IP mode file for STMicroelectronics.X-CUBE-AZRTOS-L4.2.0.0
2026-08-15 09:12:37,421 [WARN] ConditionMgr:1044 - genDependencies : Invalid condition id : LAN8742 Phy interface Condition cause : null
2026-08-15 09:12:37,422 [WARN] ConditionMgr:1044 - genDependencies : Invalid condition id : LAN8742 Phy interface Condition cause : null
2026-08-15 09:12:37,422 [WARN] ConditionMgr:1044 - genDependencies : Invalid condition id : LAN8742 Phy interface Condition cause : null
2026-08-15 09:12:37,427 [WARN] PackLoader:240 - Cannot read IP mode file for STMicroelectronics.X-CUBE-SFXS2LP1.4.0.0
2026-08-15 09:12:37,430 [WARN] PackLoader:240 - Cannot read IP mode file for STMicroelectronics.X-CUBE-WB05N.2.1.0
2026-08-15 09:12:37,443 [WARN] ConditionMgr:438 - getConditionDescription Invalid condition id : UX DEVICE CLASS RTOS Condition cause : null
2026-08-15 09:12:37,444 [WARN] ConditionMgr:438 - getConditionDescription Invalid condition id : UX DEVICE CLASS RTOS Condition cause : null
2026-08-15 09:12:37,445 [WARN] PackLoader:240 - Cannot read IP mode file for STMicroelectronics.X-CUBE-AZRTOS-WB.2.0.0
2026-08-15 09:12:37,445 [WARN] ConditionMgr:1044 - genDependencies : Invalid condition id : UX DEVICE CLASS RTOS Condition cause : null
2026-08-15 09:12:37,445 [WARN] ConditionMgr:1044 - genDependencies : Invalid condition id : UX DEVICE CLASS RTOS Condition cause : null
2026-08-15 09:12:37,446 [WARN] ConditionMgr:1044 - genDependencies : Invalid condition id : UX DEVICE CLASS RTOS Condition cause : null
2026-08-15 09:12:37,446 [WARN] ConditionMgr:1044 - genDependencies : Invalid condition id : UX DEVICE CLASS RTOS Condition cause : null
2026-08-15 09:12:37,446 [WARN] ConditionMgr:1044 - genDependencies : Invalid condition id : UX DEVICE CLASS RTOS Condition cause : null
2026-08-15 09:12:37,451 [WARN] ConditionMgr:438 - getConditionDescription Invalid condition id : Cortex-A Device cause : null
2026-08-15 09:12:37,460 [WARN] ConditionMgr:1044 - genDependencies : Invalid condition id : Cortex-A Device cause : null
2026-08-15 09:12:37,460 [WARN] ConditionMgr:1044 - genDependencies : Invalid condition id : Cortex-A Device cause : null
2026-08-15 09:12:37,461 [WARN] ConditionMgr:1044 - genDependencies : Invalid condition id : Cortex-A Device cause : null
2026-08-15 09:12:37,466 [WARN] PackLoader:240 - Cannot read IP mode file for STMicroelectronics.X-CUBE-STSE01.2.0.0
2026-08-15 09:12:37,476 [WARN] PackLoader:240 - Cannot read IP mode file for STMicroelectronics.X-CUBE-SUBG2.5.0.0
2026-08-15 09:12:37,494 [WARN] PackLoader:240 - Cannot read IP mode file for STMicroelectronics.X-CUBE-AZRTOS-G4.2.0.0
2026-08-15 09:12:37,500 [WARN] PackLoader:240 - Cannot read IP mode file for wolfSSL.I-CUBE-wolfSSH.1.4.20
2026-08-15 09:12:37,520 [WARN] PackLoader:240 - Cannot read IP mode file for STMicroelectronics.X-CUBE-NFC7.2.0.0
2026-08-15 09:12:37,525 [ERROR] Engine:466 - /home/thuy/.stm32cubemx/thirdparties/pdsc/STMicroelectronics.X-CUBE-BLEMGR.4.2.0.pdsc: PDSC version is not supported
2026-08-15 09:12:37,527 [WARN] PackLoader:240 - Cannot read IP mode file for STMicroelectronics.X-CUBE-ALS.1.0.2
2026-08-15 09:12:37,535 [WARN] PackLoader:240 - Cannot read IP mode file for STMicroelectronics.X-CUBE-TOF1.3.4.3
2026-08-15 09:12:37,543 [INFO] ThirdParty:978 - Integrity check success = true
2026-08-15 09:12:37,543 [INFO] IntegrityCheckThread:100 - exiting critical section [integrity check]
2026-08-15 09:12:37,543 [INFO] IntegrityCheckThread:103 - End integrity checks thread
2026-08-15 09:13:03,286 [ERROR] LogOutputStream:75 - [STDERR_REDIRECT] Aug 15, 2026 9:13:03 AM java.util.prefs.FileSystemPreferences checkLockFile0ErrorCode
2026-08-15 09:13:03,287 [ERROR] LogOutputStream:75 - [STDERR_REDIRECT] WARNING: Could not lock System prefs. Unix error code 2.
2026-08-15 09:13:03,287 [ERROR] LogOutputStream:75 - [STDERR_REDIRECT] 
2026-08-15 09:13:03,288 [ERROR] LogOutputStream:75 - [STDERR_REDIRECT] Aug 15, 2026 9:13:03 AM java.util.prefs.FileSystemPreferences syncWorld
2026-08-15 09:13:03,288 [ERROR] LogOutputStream:75 - [STDERR_REDIRECT] WARNING: Couldn't flush system prefs: java.util.prefs.BackingStoreException: Couldn't get file lock.
2026-08-15 09:13:03,288 [ERROR] LogOutputStream:75 - [STDERR_REDIRECT] 
2026-08-15 09:13:33,266 [ERROR] LogOutputStream:75 - [STDERR_REDIRECT] Aug 15, 2026 9:13:33 AM java.util.prefs.FileSystemPreferences checkLockFile0ErrorCode
2026-08-15 09:13:33,266 [ERROR] LogOutputStream:75 - [STDERR_REDIRECT] WARNING: Could not lock System prefs. Unix error code 2.
2026-08-15 09:13:33,266 [ERROR] LogOutputStream:75 - [STDERR_REDIRECT] 
2026-08-15 09:13:33,267 [ERROR] LogOutputStream:75 - [STDERR_REDIRECT] Aug 15, 2026 9:13:33 AM java.util.prefs.FileSystemPreferences syncWorld
2026-08-15 09:13:33,267 [ERROR] LogOutputStream:75 - [STDERR_REDIRECT] WARNING: Couldn't flush system prefs: java.util.prefs.BackingStoreException: Couldn't get file lock.
2026-08-15 09:13:33,267 [ERROR] LogOutputStream:75 - [STDERR_REDIRECT] 
2026-08-15 09:14:03,266 [ERROR] LogOutputStream:75 - [STDERR_REDIRECT] Aug 15, 2026 9:14:03 AM java.util.prefs.FileSystemPreferences checkLockFile0ErrorCode
2026-08-15 09:14:03,267 [ERROR] LogOutputStream:75 - [STDERR_REDIRECT] WARNING: Could not lock System prefs. Unix error code 2.
2026-08-15 09:14:03,267 [ERROR] LogOutputStream:75 - [STDERR_REDIRECT] 
2026-08-15 09:14:03,267 [ERROR] LogOutputStream:75 - [STDERR_REDIRECT] Aug 15, 2026 9:14:03 AM java.util.prefs.FileSystemPreferences syncWorld
2026-08-15 09:14:03,267 [ERROR] LogOutputStream:75 - [STDERR_REDIRECT] WARNING: Couldn't flush system prefs: java.util.prefs.BackingStoreException: Couldn't get file lock.
2026-08-15 09:14:03,267 [ERROR] LogOutputStream:75 - [STDERR_REDIRECT] 
2026-08-15 09:14:33,268 [ERROR] LogOutputStream:75 - [STDERR_REDIRECT] Aug 15, 2026 9:14:33 AM java.util.prefs.FileSystemPreferences checkLockFile0ErrorCode
2026-08-15 09:14:33,269 [ERROR] LogOutputStream:75 - [STDERR_REDIRECT] WARNING: Could not lock System prefs. Unix error code 2.
2026-08-15 09:14:33,269 [ERROR] LogOutputStream:75 - [STDERR_REDIRECT] 
2026-08-15 09:14:33,271 [ERROR] LogOutputStream:75 - [STDERR_REDIRECT] Aug 15, 2026 9:14:33 AM java.util.prefs.FileSystemPreferences syncWorld
2026-08-15 09:14:33,271 [ERROR] LogOutputStream:75 - [STDERR_REDIRECT] WARNING: Couldn't flush system prefs: java.util.prefs.BackingStoreException: Couldn't get file lock.
2026-08-15 09:14:33,272 [ERROR] LogOutputStream:75 - [STDERR_REDIRECT] 
2026-08-15 09:15:03,268 [ERROR] LogOutputStream:75 - [STDERR_REDIRECT] Aug 15, 2026 9:15:03 AM java.util.prefs.FileSystemPreferences checkLockFile0ErrorCode
2026-08-15 09:15:03,268 [ERROR] LogOutputStream:75 - [STDERR_REDIRECT] WARNING: Could not lock System prefs. Unix error code 2.
2026-08-15 09:15:03,269 [ERROR] LogOutputStream:75 - [STDERR_REDIRECT] 
2026-08-15 09:15:03,270 [ERROR] LogOutputStream:75 - [STDERR_REDIRECT] Aug 15, 2026 9:15:03 AM java.util.prefs.FileSystemPreferences syncWorld
2026-08-15 09:15:03,271 [ERROR] LogOutputStream:75 - [STDERR_REDIRECT] WARNING: Couldn't flush system prefs: java.util.prefs.BackingStoreException: Couldn't get file lock.
2026-08-15 09:15:03,271 [ERROR] LogOutputStream:75 - [STDERR_REDIRECT] 
2026-08-15 09:15:33,267 [ERROR] LogOutputStream:75 - [STDERR_REDIRECT] Aug 15, 2026 9:15:33 AM java.util.prefs.FileSystemPreferences checkLockFile0ErrorCode
2026-08-15 09:15:33,267 [ERROR] LogOutputStream:75 - [STDERR_REDIRECT] WARNING: Could not lock System prefs. Unix error code 2.
2026-08-15 09:15:33,268 [ERROR] LogOutputStream:75 - [STDERR_REDIRECT] 
2026-08-15 09:15:33,269 [ERROR] LogOutputStream:75 - [STDERR_REDIRECT] Aug 15, 2026 9:15:33 AM java.util.prefs.FileSystemPreferences syncWorld
2026-08-15 09:15:33,270 [ERROR] LogOutputStream:75 - [STDERR_REDIRECT] WARNING: Couldn't flush system prefs: java.util.prefs.BackingStoreException: Couldn't get file lock.
2026-08-15 09:15:33,270 [ERROR] LogOutputStream:75 - [STDERR_REDIRECT] 
2026-08-15 09:16:03,267 [ERROR] LogOutputStream:75 - [STDERR_REDIRECT] Aug 15, 2026 9:16:03 AM java.util.prefs.FileSystemPreferences checkLockFile0ErrorCode
2026-08-15 09:16:03,268 [ERROR] LogOutputStream:75 - [STDERR_REDIRECT] WARNING: Could not lock System prefs. Unix error code 2.
2026-08-15 09:16:03,268 [ERROR] LogOutputStream:75 - [STDERR_REDIRECT] 
2026-08-15 09:16:03,269 [ERROR] LogOutputStream:75 - [STDERR_REDIRECT] Aug 15, 2026 9:16:03 AM java.util.prefs.FileSystemPreferences syncWorld
2026-08-15 09:16:03,269 [ERROR] LogOutputStream:75 - [STDERR_REDIRECT] WARNING: Couldn't flush system prefs: java.util.prefs.BackingStoreException: Couldn't get file lock.
2026-08-15 09:16:03,270 [ERROR] LogOutputStream:75 - [STDERR_REDIRECT] 
2026-08-15 09:16:33,267 [ERROR] LogOutputStream:75 - [STDERR_REDIRECT] Aug 15, 2026 9:16:33 AM java.util.prefs.FileSystemPreferences checkLockFile0ErrorCode
2026-08-15 09:16:33,267 [ERROR] LogOutputStream:75 - [STDERR_REDIRECT] WARNING: Could not lock System prefs. Unix error code 2.
2026-08-15 09:16:33,268 [ERROR] LogOutputStream:75 - [STDERR_REDIRECT] 
2026-08-15 09:16:33,268 [ERROR] LogOutputStream:75 - [STDERR_REDIRECT] Aug 15, 2026 9:16:33 AM java.util.prefs.FileSystemPreferences syncWorld
2026-08-15 09:16:33,269 [ERROR] LogOutputStream:75 - [STDERR_REDIRECT] WARNING: Couldn't flush system prefs: java.util.prefs.BackingStoreException: Couldn't get file lock.
2026-08-15 09:16:33,269 [ERROR] LogOutputStream:75 - [STDERR_REDIRECT] 
2026-08-15 09:17:03,267 [ERROR] LogOutputStream:75 - [STDERR_REDIRECT] Aug 15, 2026 9:17:03 AM java.util.prefs.FileSystemPreferences checkLockFile0ErrorCode
2026-08-15 09:17:03,268 [ERROR] LogOutputStream:75 - [STDERR_REDIRECT] WARNING: Could not lock System prefs. Unix error code 2.
2026-08-15 09:17:03,268 [ERROR] LogOutputStream:75 - [STDERR_REDIRECT] 
2026-08-15 09:17:03,269 [ERROR] LogOutputStream:75 - [STDERR_REDIRECT] Aug 15, 2026 9:17:03 AM java.util.prefs.FileSystemPreferences syncWorld
2026-08-15 09:17:03,269 [ERROR] LogOutputStream:75 - [STDERR_REDIRECT] WARNING: Couldn't flush system prefs: java.util.prefs.BackingStoreException: Couldn't get file lock.
2026-08-15 09:17:03,270 [ERROR] LogOutputStream:75 - [STDERR_REDIRECT] 
2026-08-15 09:17:33,267 [ERROR] LogOutputStream:75 - [STDERR_REDIRECT] Aug 15, 2026 9:17:33 AM java.util.prefs.FileSystemPreferences checkLockFile0ErrorCode
2026-08-15 09:17:33,268 [ERROR] LogOutputStream:75 - [STDERR_REDIRECT] WARNING: Could not lock System prefs. Unix error code 2.
2026-08-15 09:17:33,268 [ERROR] LogOutputStream:75 - [STDERR_REDIRECT] 
2026-08-15 09:17:33,269 [ERROR] LogOutputStream:75 - [STDERR_REDIRECT] Aug 15, 2026 9:17:33 AM java.util.prefs.FileSystemPreferences syncWorld
2026-08-15 09:17:33,269 [ERROR] LogOutputStream:75 - [STDERR_REDIRECT] WARNING: Couldn't flush system prefs: java.util.prefs.BackingStoreException: Couldn't get file lock.
2026-08-15 09:17:33,269 [ERROR] LogOutputStream:75 - [STDERR_REDIRECT] 
2026-08-15 09:18:03,268 [ERROR] LogOutputStream:75 - [STDERR_REDIRECT] Aug 15, 2026 9:18:03 AM java.util.prefs.FileSystemPreferences checkLockFile0ErrorCode
2026-08-15 09:18:03,269 [ERROR] LogOutputStream:75 - [STDERR_REDIRECT] WARNING: Could not lock System prefs. Unix error code 2.
2026-08-15 09:18:03,269 [ERROR] LogOutputStream:75 - [STDERR_REDIRECT] 
2026-08-15 09:18:03,270 [ERROR] LogOutputStream:75 - [STDERR_REDIRECT] Aug 15, 2026 9:18:03 AM java.util.prefs.FileSystemPreferences syncWorld
2026-08-15 09:18:03,270 [ERROR] LogOutputStream:75 - [STDERR_REDIRECT] WARNING: Couldn't flush system prefs: java.util.prefs.BackingStoreException: Couldn't get file lock.
2026-08-15 09:18:03,270 [ERROR] LogOutputStream:75 - [STDERR_REDIRECT] 
2026-08-15 09:18:33,267 [ERROR] LogOutputStream:75 - [STDERR_REDIRECT] Aug 15, 2026 9:18:33 AM java.util.prefs.FileSystemPreferences checkLockFile0ErrorCode
2026-08-15 09:18:33,267 [ERROR] LogOutputStream:75 - [STDERR_REDIRECT] WARNING: Could not lock System prefs. Unix error code 2.
2026-08-15 09:18:33,272 [ERROR] LogOutputStream:75 - [STDERR_REDIRECT] 
2026-08-15 09:18:33,273 [ERROR] LogOutputStream:75 - [STDERR_REDIRECT] Aug 15, 2026 9:18:33 AM java.util.prefs.FileSystemPreferences syncWorld
2026-08-15 09:18:33,273 [ERROR] LogOutputStream:75 - [STDERR_REDIRECT] WARNING: Couldn't flush system prefs: java.util.prefs.BackingStoreException: Couldn't get file lock.
2026-08-15 09:18:33,273 [ERROR] LogOutputStream:75 - [STDERR_REDIRECT] 
2026-08-15 09:19:03,268 [ERROR] LogOutputStream:75 - [STDERR_REDIRECT] Aug 15, 2026 9:19:03 AM java.util.prefs.FileSystemPreferences checkLockFile0ErrorCode
2026-08-15 09:19:03,268 [ERROR] LogOutputStream:75 - [STDERR_REDIRECT] WARNING: Could not lock System prefs. Unix error code 2.
2026-08-15 09:19:03,269 [ERROR] LogOutputStream:75 - [STDERR_REDIRECT] 
2026-08-15 09:19:03,270 [ERROR] LogOutputStream:75 - [STDERR_REDIRECT] Aug 15, 2026 9:19:03 AM java.util.prefs.FileSystemPreferences syncWorld
2026-08-15 09:19:03,270 [ERROR] LogOutputStream:75 - [STDERR_REDIRECT] WARNING: Couldn't flush system prefs: java.util.prefs.BackingStoreException: Couldn't get file lock.
2026-08-15 09:19:03,270 [ERROR] LogOutputStream:75 - [STDERR_REDIRECT] 
2026-08-15 09:19:33,268 [ERROR] LogOutputStream:75 - [STDERR_REDIRECT] Aug 15, 2026 9:19:33 AM java.util.prefs.FileSystemPreferences checkLockFile0ErrorCode
2026-08-15 09:19:33,269 [ERROR] LogOutputStream:75 - [STDERR_REDIRECT] WARNING: Could not lock System prefs. Unix error code 2.
2026-08-15 09:19:33,269 [ERROR] LogOutputStream:75 - [STDERR_REDIRECT] 
2026-08-15 09:19:33,269 [ERROR] LogOutputStream:75 - [STDERR_REDIRECT] Aug 15, 2026 9:19:33 AM java.util.prefs.FileSystemPreferences syncWorld
2026-08-15 09:19:33,270 [ERROR] LogOutputStream:75 - [STDERR_REDIRECT] WARNING: Couldn't flush system prefs: java.util.prefs.BackingStoreException: Couldn't get file lock.
2026-08-15 09:19:33,270 [ERROR] LogOutputStream:75 - [STDERR_REDIRECT] 
2026-08-15 09:20:03,267 [ERROR] LogOutputStream:75 - [STDERR_REDIRECT] Aug 15, 2026 9:20:03 AM java.util.prefs.FileSystemPreferences checkLockFile0ErrorCode
2026-08-15 09:20:03,268 [ERROR] LogOutputStream:75 - [STDERR_REDIRECT] WARNING: Could not lock System prefs. Unix error code 2.
2026-08-15 09:20:03,268 [ERROR] LogOutputStream:75 - [STDERR_REDIRECT] 
2026-08-15 09:20:03,268 [ERROR] LogOutputStream:75 - [STDERR_REDIRECT] Aug 15, 2026 9:20:03 AM java.util.prefs.FileSystemPreferences syncWorld
2026-08-15 09:20:03,268 [ERROR] LogOutputStream:75 - [STDERR_REDIRECT] WARNING: Couldn't flush system prefs: java.util.prefs.BackingStoreException: Couldn't get file lock.
2026-08-15 09:20:03,268 [ERROR] LogOutputStream:75 - [STDERR_REDIRECT] 
2026-08-15 09:20:33,267 [ERROR] LogOutputStream:75 - [STDERR_REDIRECT] Aug 15, 2026 9:20:33 AM java.util.prefs.FileSystemPreferences checkLockFile0ErrorCode
2026-08-15 09:20:33,268 [ERROR] LogOutputStream:75 - [STDERR_REDIRECT] WARNING: Could not lock System prefs. Unix error code 2.
2026-08-15 09:20:33,273 [ERROR] LogOutputStream:75 - [STDERR_REDIRECT] 
2026-08-15 09:20:33,274 [ERROR] LogOutputStream:75 - [STDERR_REDIRECT] Aug 15, 2026 9:20:33 AM java.util.prefs.FileSystemPreferences syncWorld
2026-08-15 09:20:33,274 [ERROR] LogOutputStream:75 - [STDERR_REDIRECT] WARNING: Couldn't flush system prefs: java.util.prefs.BackingStoreException: Couldn't get file lock.
2026-08-15 09:20:33,274 [ERROR] LogOutputStream:75 - [STDERR_REDIRECT] 
2026-08-15 09:21:03,268 [ERROR] LogOutputStream:75 - [STDERR_REDIRECT] Aug 15, 2026 9:21:03 AM java.util.prefs.FileSystemPreferences checkLockFile0ErrorCode
2026-08-15 09:21:03,268 [ERROR] LogOutputStream:75 - [STDERR_REDIRECT] WARNING: Could not lock System prefs. Unix error code 2.
2026-08-15 09:21:03,268 [ERROR] LogOutputStream:75 - [STDERR_REDIRECT] 
2026-08-15 09:21:03,269 [ERROR] LogOutputStream:75 - [STDERR_REDIRECT] Aug 15, 2026 9:21:03 AM java.util.prefs.FileSystemPreferences syncWorld
2026-08-15 09:21:03,269 [ERROR] LogOutputStream:75 - [STDERR_REDIRECT] WARNING: Couldn't flush system prefs: java.util.prefs.BackingStoreException: Couldn't get file lock.
2026-08-15 09:21:03,269 [ERROR] LogOutputStream:75 - [STDERR_REDIRECT] 
2026-08-15 09:21:33,268 [ERROR] LogOutputStream:75 - [STDERR_REDIRECT] Aug 15, 2026 9:21:33 AM java.util.prefs.FileSystemPreferences checkLockFile0ErrorCode
2026-08-15 09:21:33,268 [ERROR] LogOutputStream:75 - [STDERR_REDIRECT] WARNING: Could not lock System prefs. Unix error code 2.
2026-08-15 09:21:33,268 [ERROR] LogOutputStream:75 - [STDERR_REDIRECT] 
2026-08-15 09:21:33,269 [ERROR] LogOutputStream:75 - [STDERR_REDIRECT] Aug 15, 2026 9:21:33 AM java.util.prefs.FileSystemPreferences syncWorld
2026-08-15 09:21:33,269 [ERROR] LogOutputStream:75 - [STDERR_REDIRECT] WARNING: Couldn't flush system prefs: java.util.prefs.BackingStoreException: Couldn't get file lock.
2026-08-15 09:21:33,269 [ERROR] LogOutputStream:75 - [STDERR_REDIRECT] 
2026-08-15 09:22:03,267 [ERROR] LogOutputStream:75 - [STDERR_REDIRECT] Aug 15, 2026 9:22:03 AM java.util.prefs.FileSystemPreferences checkLockFile0ErrorCode
2026-08-15 09:22:03,267 [ERROR] LogOutputStream:75 - [STDERR_REDIRECT] WARNING: Could not lock System prefs. Unix error code 2.
2026-08-15 09:22:03,267 [ERROR] LogOutputStream:75 - [STDERR_REDIRECT] 
2026-08-15 09:22:03,267 [ERROR] LogOutputStream:75 - [STDERR_REDIRECT] Aug 15, 2026 9:22:03 AM java.util.prefs.FileSystemPreferences syncWorld
2026-08-15 09:22:03,267 [ERROR] LogOutputStream:75 - [STDERR_REDIRECT] WARNING: Couldn't flush system prefs: java.util.prefs.BackingStoreException: Couldn't get file lock.
2026-08-15 09:22:03,267 [ERROR] LogOutputStream:75 - [STDERR_REDIRECT] 
2026-08-15 09:22:33,269 [ERROR] LogOutputStream:75 - [STDERR_REDIRECT] Aug 15, 2026 9:22:33 AM java.util.prefs.FileSystemPreferences checkLockFile0ErrorCode
2026-08-15 09:22:33,269 [ERROR] LogOutputStream:75 - [STDERR_REDIRECT] WARNING: Could not lock System prefs. Unix error code 2.
2026-08-15 09:22:33,269 [ERROR] LogOutputStream:75 - [STDERR_REDIRECT] 
2026-08-15 09:22:33,270 [ERROR] LogOutputStream:75 - [STDERR_REDIRECT] Aug 15, 2026 9:22:33 AM java.util.prefs.FileSystemPreferences syncWorld
2026-08-15 09:22:33,271 [ERROR] LogOutputStream:75 - [STDERR_REDIRECT] WARNING: Couldn't flush system prefs: java.util.prefs.BackingStoreException: Couldn't get file lock.
2026-08-15 09:22:33,271 [ERROR] LogOutputStream:75 - [STDERR_REDIRECT] 
2026-08-15 09:23:03,269 [ERROR] LogOutputStream:75 - [STDERR_REDIRECT] Aug 15, 2026 9:23:03 AM java.util.prefs.FileSystemPreferences checkLockFile0ErrorCode
2026-08-15 09:23:03,270 [ERROR] LogOutputStream:75 - [STDERR_REDIRECT] WARNING: Could not lock System prefs. Unix error code 2.
2026-08-15 09:23:03,270 [ERROR] LogOutputStream:75 - [STDERR_REDIRECT] 
2026-08-15 09:23:03,271 [ERROR] LogOutputStream:75 - [STDERR_REDIRECT] Aug 15, 2026 9:23:03 AM java.util.prefs.FileSystemPreferences syncWorld
2026-08-15 09:23:03,271 [ERROR] LogOutputStream:75 - [STDERR_REDIRECT] WARNING: Couldn't flush system prefs: java.util.prefs.BackingStoreException: Couldn't get file lock.
2026-08-15 09:23:03,271 [ERROR] LogOutputStream:75 - [STDERR_REDIRECT] 
2026-08-15 09:23:33,269 [ERROR] LogOutputStream:75 - [STDERR_REDIRECT] Aug 15, 2026 9:23:33 AM java.util.prefs.FileSystemPreferences checkLockFile0ErrorCode
2026-08-15 09:23:33,270 [ERROR] LogOutputStream:75 - [STDERR_REDIRECT] WARNING: Could not lock System prefs. Unix error code 2.
2026-08-15 09:23:33,270 [ERROR] LogOutputStream:75 - [STDERR_REDIRECT] 
2026-08-15 09:23:33,270 [ERROR] LogOutputStream:75 - [STDERR_REDIRECT] Aug 15, 2026 9:23:33 AM java.util.prefs.FileSystemPreferences syncWorld
2026-08-15 09:23:33,270 [ERROR] LogOutputStream:75 - [STDERR_REDIRECT] WARNING: Couldn't flush system prefs: java.util.prefs.BackingStoreException: Couldn't get file lock.
2026-08-15 09:23:33,270 [ERROR] LogOutputStream:75 - [STDERR_REDIRECT] 
2026-08-15 09:24:03,268 [ERROR] LogOutputStream:75 - [STDERR_REDIRECT] Aug 15, 2026 9:24:03 AM java.util.prefs.FileSystemPreferences checkLockFile0ErrorCode
2026-08-15 09:24:03,268 [ERROR] LogOutputStream:75 - [STDERR_REDIRECT] WARNING: Could not lock System prefs. Unix error code 2.
2026-08-15 09:24:03,268 [ERROR] LogOutputStream:75 - [STDERR_REDIRECT] 
2026-08-15 09:24:03,269 [ERROR] LogOutputStream:75 - [STDERR_REDIRECT] Aug 15, 2026 9:24:03 AM java.util.prefs.FileSystemPreferences syncWorld
2026-08-15 09:24:03,269 [ERROR] LogOutputStream:75 - [STDERR_REDIRECT] WARNING: Couldn't flush system prefs: java.util.prefs.BackingStoreException: Couldn't get file lock.
2026-08-15 09:24:03,269 [ERROR] LogOutputStream:75 - [STDERR_REDIRECT] 
2026-08-15 09:24:33,268 [ERROR] LogOutputStream:75 - [STDERR_REDIRECT] Aug 15, 2026 9:24:33 AM java.util.prefs.FileSystemPreferences checkLockFile0ErrorCode
2026-08-15 09:24:33,269 [ERROR] LogOutputStream:75 - [STDERR_REDIRECT] WARNING: Could not lock System prefs. Unix error code 2.
2026-08-15 09:24:33,269 [ERROR] LogOutputStream:75 - [STDERR_REDIRECT] 
2026-08-15 09:24:33,269 [ERROR] LogOutputStream:75 - [STDERR_REDIRECT] Aug 15, 2026 9:24:33 AM java.util.prefs.FileSystemPreferences syncWorld
2026-08-15 09:24:33,269 [ERROR] LogOutputStream:75 - [STDERR_REDIRECT] WARNING: Couldn't flush system prefs: java.util.prefs.BackingStoreException: Couldn't get file lock.
2026-08-15 09:24:33,269 [ERROR] LogOutputStream:75 - [STDERR_REDIRECT] 
2026-08-15 09:25:03,268 [ERROR] LogOutputStream:75 - [STDERR_REDIRECT] Aug 15, 2026 9:25:03 AM java.util.prefs.FileSystemPreferences checkLockFile0ErrorCode
2026-08-15 09:25:03,268 [ERROR] LogOutputStream:75 - [STDERR_REDIRECT] WARNING: Could not lock System prefs. Unix error code 2.
2026-08-15 09:25:03,268 [ERROR] LogOutputStream:75 - [STDERR_REDIRECT] 
2026-08-15 09:25:03,268 [ERROR] LogOutputStream:75 - [STDERR_REDIRECT] Aug 15, 2026 9:25:03 AM java.util.prefs.FileSystemPreferences syncWorld
2026-08-15 09:25:03,269 [ERROR] LogOutputStream:75 - [STDERR_REDIRECT] WARNING: Couldn't flush system prefs: java.util.prefs.BackingStoreException: Couldn't get file lock.
2026-08-15 09:25:03,269 [ERROR] LogOutputStream:75 - [STDERR_REDIRECT] 
2026-08-15 09:25:33,269 [ERROR] LogOutputStream:75 - [STDERR_REDIRECT] Aug 15, 2026 9:25:33 AM java.util.prefs.FileSystemPreferences checkLockFile0ErrorCode
2026-08-15 09:25:33,269 [ERROR] LogOutputStream:75 - [STDERR_REDIRECT] WARNING: Could not lock System prefs. Unix error code 2.
2026-08-15 09:25:33,270 [ERROR] LogOutputStream:75 - [STDERR_REDIRECT] 
2026-08-15 09:25:33,270 [ERROR] LogOutputStream:75 - [STDERR_REDIRECT] Aug 15, 2026 9:25:33 AM java.util.prefs.FileSystemPreferences syncWorld
2026-08-15 09:25:33,270 [ERROR] LogOutputStream:75 - [STDERR_REDIRECT] WARNING: Couldn't flush system prefs: java.util.prefs.BackingStoreException: Couldn't get file lock.
2026-08-15 09:25:33,270 [ERROR] LogOutputStream:75 - [STDERR_REDIRECT] 
2026-08-15 09:26:03,269 [ERROR] LogOutputStream:75 - [STDERR_REDIRECT] Aug 15, 2026 9:26:03 AM java.util.prefs.FileSystemPreferences checkLockFile0ErrorCode
2026-08-15 09:26:03,270 [ERROR] LogOutputStream:75 - [STDERR_REDIRECT] WARNING: Could not lock System prefs. Unix error code 2.
2026-08-15 09:26:03,270 [ERROR] LogOutputStream:75 - [STDERR_REDIRECT] 
2026-08-15 09:26:03,270 [ERROR] LogOutputStream:75 - [STDERR_REDIRECT] Aug 15, 2026 9:26:03 AM java.util.prefs.FileSystemPreferences syncWorld
2026-08-15 09:26:03,270 [ERROR] LogOutputStream:75 - [STDERR_REDIRECT] WARNING: Couldn't flush system prefs: java.util.prefs.BackingStoreException: Couldn't get file lock.
2026-08-15 09:26:03,270 [ERROR] LogOutputStream:75 - [STDERR_REDIRECT] 
2026-08-15 09:26:33,270 [ERROR] LogOutputStream:75 - [STDERR_REDIRECT] Aug 15, 2026 9:26:33 AM java.util.prefs.FileSystemPreferences checkLockFile0ErrorCode
2026-08-15 09:26:33,270 [ERROR] LogOutputStream:75 - [STDERR_REDIRECT] WARNING: Could not lock System prefs. Unix error code 2.
2026-08-15 09:26:33,270 [ERROR] LogOutputStream:75 - [STDERR_REDIRECT] 
2026-08-15 09:26:33,271 [ERROR] LogOutputStream:75 - [STDERR_REDIRECT] Aug 15, 2026 9:26:33 AM java.util.prefs.FileSystemPreferences syncWorld
2026-08-15 09:26:33,271 [ERROR] LogOutputStream:75 - [STDERR_REDIRECT] WARNING: Couldn't flush system prefs: java.util.prefs.BackingStoreException: Couldn't get file lock.
2026-08-15 09:26:33,271 [ERROR] LogOutputStream:75 - [STDERR_REDIRECT] 
2026-08-15 09:27:03,271 [ERROR] LogOutputStream:75 - [STDERR_REDIRECT] Aug 15, 2026 9:27:03 AM java.util.prefs.FileSystemPreferences checkLockFile0ErrorCode
2026-08-15 09:27:03,272 [ERROR] LogOutputStream:75 - [STDERR_REDIRECT] WARNING: Could not lock System prefs. Unix error code 2.
2026-08-15 09:27:03,272 [ERROR] LogOutputStream:75 - [STDERR_REDIRECT] 
2026-08-15 09:27:03,273 [ERROR] LogOutputStream:75 - [STDERR_REDIRECT] Aug 15, 2026 9:27:03 AM java.util.prefs.FileSystemPreferences syncWorld
2026-08-15 09:27:03,273 [ERROR] LogOutputStream:75 - [STDERR_REDIRECT] WARNING: Couldn't flush system prefs: java.util.prefs.BackingStoreException: Couldn't get file lock.
2026-08-15 09:27:03,273 [ERROR] LogOutputStream:75 - [STDERR_REDIRECT] 
2026-08-15 09:27:33,271 [ERROR] LogOutputStream:75 - [STDERR_REDIRECT] Aug 15, 2026 9:27:33 AM java.util.prefs.FileSystemPreferences checkLockFile0ErrorCode
2026-08-15 09:27:33,271 [ERROR] LogOutputStream:75 - [STDERR_REDIRECT] WARNING: Could not lock System prefs. Unix error code 2.
2026-08-15 09:27:33,271 [ERROR] LogOutputStream:75 - [STDERR_REDIRECT] 
2026-08-15 09:27:33,272 [ERROR] LogOutputStream:75 - [STDERR_REDIRECT] Aug 15, 2026 9:27:33 AM java.util.prefs.FileSystemPreferences syncWorld
2026-08-15 09:27:33,272 [ERROR] LogOutputStream:75 - [STDERR_REDIRECT] WARNING: Couldn't flush system prefs: java.util.prefs.BackingStoreException: Couldn't get file lock.
2026-08-15 09:27:33,272 [ERROR] LogOutputStream:75 - [STDERR_REDIRECT] 
2026-08-15 09:28:03,271 [ERROR] LogOutputStream:75 - [STDERR_REDIRECT] Aug 15, 2026 9:28:03 AM java.util.prefs.FileSystemPreferences checkLockFile0ErrorCode
2026-08-15 09:28:03,271 [ERROR] LogOutputStream:75 - [STDERR_REDIRECT] WARNING: Could not lock System prefs. Unix error code 2.
2026-08-15 09:28:03,272 [ERROR] LogOutputStream:75 - [STDERR_REDIRECT] 
2026-08-15 09:28:03,272 [ERROR] LogOutputStream:75 - [STDERR_REDIRECT] Aug 15, 2026 9:28:03 AM java.util.prefs.FileSystemPreferences syncWorld
2026-08-15 09:28:03,272 [ERROR] LogOutputStream:75 - [STDERR_REDIRECT] WARNING: Couldn't flush system prefs: java.util.prefs.BackingStoreException: Couldn't get file lock.
2026-08-15 09:28:03,272 [ERROR] LogOutputStream:75 - [STDERR_REDIRECT] 
2026-08-15 09:28:30,464 [INFO] McuFinderGlobals:63 - Set McuFinder mode to 2 (CubeIDE integrated)
2026-08-15 09:28:30,469 [INFO] MainUpdater:2872 - connection check result : 10
2026-08-15 09:28:30,470 [INFO] MainUpdater:2872 - connection check result : 10
2026-08-15 09:28:30,491 [INFO] MicroXplorer:468 - Change Database Path : 
2026-08-15 09:28:30,492 [INFO] MicroXplorer:498 - Change Database Version : DB.6.0.140
2026-08-15 09:28:30,495 [WARN] ThirdParty:871 - waiting for thirdparty lock release [close project]
2026-08-15 09:28:30,495 [INFO] ThirdParty:873 - entering critical section [close project]
2026-08-15 09:28:30,496 [INFO] ThirdParty:883 - exiting critical section [close project]
2026-08-15 09:28:30,498 [INFO] PinOutPanel:1589 - setPackage(No Configuration,No Configuration)
2026-08-15 09:28:30,505 [INFO] UtilMem:75 - Begin LoadConfig() Used Memory: 638852368 Bytes (987758592)
2026-08-15 09:28:30,507 [INFO] MicroXplorer:468 - Change Database Path : 
2026-08-15 09:28:30,507 [INFO] MicroXplorer:498 - Change Database Version : DB.6.0.140
2026-08-15 09:28:30,507 [INFO] OpenFileManager:354 - Change cursor
2026-08-15 09:28:30,537 [INFO] Mcu:2011 - Initializing MCU STM32F103C(8-B)Tx STM32F103C8Tx STM32F103C8T6
2026-08-15 09:28:30,964 [INFO] Context:756 - Trying to add GPIOservice into a context  which must be forbidden
2026-08-15 09:28:31,146 [INFO] ImportTextPane:218 - (OptionalMessage_ERROR) Pin24 (VP_RIF_VS_RIF1) cannot be retrieved for this MCU
2026-08-15 09:28:31,197 [INFO] RtosManager:558 - Registered RTOS mode: class=CMSIS, group=RTOS, mode=CMSIS_V1, owner=FREERTOS
2026-08-15 09:28:31,197 [INFO] RtosManager:558 - Registered RTOS mode: class=CMSIS, group=RTOS2, mode=CMSIS_V2, owner=FREERTOS
2026-08-15 09:28:31,198 [INFO] RtosManager:558 - Registered RTOS mode: class=RTOS, group=Core, mode=CMSIS_V1, owner=FREERTOS
2026-08-15 09:28:31,198 [INFO] RtosManager:558 - Registered RTOS mode: class=RTOS, group=Core, mode=CMSIS_V2, owner=FREERTOS
2026-08-15 09:28:31,198 [WARN] ModelIntegratedComponent:184 - Missing modes for component STMicroelectronics:FreeRTOS:0.0.1:STMicroelectronics:RTOS:FreeRTOS:Core:::10.2.0:
2026-08-15 09:28:31,277 [WARN] ModelIntegratedComponent:63 - No mode defined for component null
2026-08-15 09:28:31,277 [WARN] ModelIntegratedComponent:63 - No mode defined for component null
2026-08-15 09:28:31,278 [WARN] ModelIntegratedComponent:63 - No mode defined for component null
2026-08-15 09:28:31,278 [WARN] ModelIntegratedComponent:63 - No mode defined for component null
2026-08-15 09:28:31,278 [WARN] ModelIntegratedComponent:63 - No mode defined for component null
2026-08-15 09:28:31,278 [WARN] ModelIntegratedComponent:63 - No mode defined for component null
2026-08-15 09:28:31,278 [WARN] ModelIntegratedComponent:63 - No mode defined for component null
2026-08-15 09:28:31,278 [WARN] ModelIntegratedComponent:63 - No mode defined for component null
2026-08-15 09:28:31,278 [WARN] ModelIntegratedComponent:63 - No mode defined for component null
2026-08-15 09:28:31,278 [WARN] ModelIntegratedComponent:63 - No mode defined for component null
2026-08-15 09:28:31,278 [WARN] ModelIntegratedComponent:63 - No mode defined for component null
2026-08-15 09:28:31,278 [WARN] ModelIntegratedComponent:63 - No mode defined for component null
2026-08-15 09:28:31,278 [WARN] ModelIntegratedComponent:63 - No mode defined for component null
2026-08-15 09:28:31,278 [WARN] ModelIntegratedComponent:63 - No mode defined for component null
2026-08-15 09:28:31,278 [WARN] ModelIntegratedComponent:63 - No mode defined for component null
2026-08-15 09:28:31,278 [WARN] ModelIntegratedComponent:63 - No mode defined for component null
2026-08-15 09:28:31,278 [WARN] ModelIntegratedComponent:63 - No mode defined for component null
2026-08-15 09:28:31,278 [WARN] ModelIntegratedComponent:63 - No mode defined for component null
2026-08-15 09:28:31,278 [WARN] ModelIntegratedComponent:63 - No mode defined for component null
2026-08-15 09:28:31,278 [WARN] ModelIntegratedComponent:63 - No mode defined for component null
2026-08-15 09:28:31,278 [WARN] ModelIntegratedComponent:63 - No mode defined for component null
2026-08-15 09:28:31,278 [WARN] ModelIntegratedComponent:63 - No mode defined for component null
2026-08-15 09:28:31,278 [WARN] ModelIntegratedComponent:63 - No mode defined for component null
2026-08-15 09:28:31,278 [WARN] ModelIntegratedComponent:63 - No mode defined for component null
2026-08-15 09:28:31,278 [WARN] ModelIntegratedComponent:63 - No mode defined for component null
2026-08-15 09:28:31,278 [WARN] ModelIntegratedComponent:63 - No mode defined for component null
2026-08-15 09:28:31,278 [WARN] ModelIntegratedComponent:63 - No mode defined for component null
2026-08-15 09:28:31,278 [WARN] ModelIntegratedComponent:63 - No mode defined for component null
2026-08-15 09:28:31,278 [WARN] ModelIntegratedComponent:63 - No mode defined for component null
2026-08-15 09:28:31,278 [WARN] ModelIntegratedComponent:63 - No mode defined for component null
2026-08-15 09:28:31,278 [WARN] ModelIntegratedComponent:63 - No mode defined for component null
2026-08-15 09:28:31,278 [WARN] ModelIntegratedComponent:63 - No mode defined for component null
2026-08-15 09:28:31,278 [WARN] ModelIntegratedComponent:63 - No mode defined for component null
2026-08-15 09:28:31,278 [WARN] ModelIntegratedComponent:63 - No mode defined for component null
2026-08-15 09:28:31,278 [WARN] ModelIntegratedComponent:63 - No mode defined for component null
2026-08-15 09:28:31,279 [WARN] ModelPack:524 - Component already loaded: STMicroelectronics:HAL Drivers:0.0.0:STMicroelectronics:Device:STMicro_Driver:XSPI:HAL::0.0.1:HAL_XSPI
2026-08-15 09:28:31,337 [INFO] ThirdPartyModel:298 - Start build external matchings
2026-08-15 09:28:31,534 [INFO] ThirdPartyModel:316 - End build external matchings
2026-08-15 09:28:31,550 [INFO] ImportTextPane:218 - (OptionalMessage_ERROR) IP (RCC) : Invalid parameter (FamilyName)
2026-08-15 09:28:31,551 [INFO] ImportTextPane:218 - (OptionalMessage_ERROR) IP (RCC) : Parameter (USBFreq_Value) has invalid value (32000000)
2026-08-15 09:28:31,686 [INFO] ApiDb:581 - Connected to CubeFinder SQLite database (/home/thuy/.stmcufinder/plugins/mcufinder/mcu/cube-finder-db.db)
2026-08-15 09:28:31,726 [INFO] ApiDb:668 - CubeFinder database Data Model version=2.1
2026-08-15 09:28:31,726 [INFO] ApiDb:669 - CubeFinder database Configuration version=3.0.42
2026-08-15 09:28:31,727 [INFO] ApiDb:670 - CubeFinder database generation date=2026-06-23 (1782213372)
2026-08-15 09:28:31,728 [INFO] ApiDb:671 - CubeFinder database FW Pack versions=[FP-ATR-ASTRA1_V2.0.0, FP-SNS-FLIGHT1_V5.1.0, FP-SNS-MOTENV1_V5.1.0, FP-SNS-MOTENVWB1_V1.5.0, FP-SNS-SMARTAG2_V1.2.0, FP-SNS-STBOX1_V2.1.0, STM32Cube_FW_C0_V1.4.0, STM32Cube_FW_F4_V1.28.3, STM32Cube_FW_F7_V1.17.4, STM32Cube_FW_G0_V1.6.3, STM32Cube_FW_G4_V1.6.2, STM32Cube_FW_H5_V1.7.0, STM32Cube_FW_H7RS_V1.3.0, STM32Cube_FW_H7_V1.13.0, STM32Cube_FW_L0_V1.12.2, STM32Cube_FW_L4_V1.18.2, STM32Cube_FW_L5_V1.6.0, STM32Cube_FW_N6_V1.4.0, STM32Cube_FW_U0_V1.3.0, STM32Cube_FW_U3_V1.4.0, STM32Cube_FW_U5_V1.9.0, STM32Cube_FW_WB0_V1.5.0, STM32Cube_FW_WBA_V1.10.0, STM32Cube_FW_WB_V1.24.0, STM32Cube_FW_WL3_V1.5.0, STM32Cube_FW_WL_V1.6.0, X-CUBE-ALGOBUILD_V1.5.0, X-CUBE-ALS_V1.0.2, X-CUBE-AZRTOS-F4_V1.1.0, X-CUBE-AZRTOS-F7_V1.1.0, X-CUBE-AZRTOS-G0_V1.1.0, X-CUBE-AZRTOS-G4_V2.0.0, X-CUBE-AZRTOS-H7RS_V1.1.0, X-CUBE-AZRTOS-H7_V3.5.0, X-CUBE-AZRTOS-L4_V2.0.0, X-CUBE-AZRTOS-L5_V2.0.0, X-CUBE-AZRTOS-WB_V2.0.0, X-CUBE-AZRTOS-WL_V2.0.0, X-CUBE-BLE1_V7.1.0, X-CUBE-BLE2_V3.3.0, X-CUBE-BLEMGR_V4.1.0, X-CUBE-EEPRMA1_V5.2.0, X-CUBE-FREERTOS_V1.5.0, X-CUBE-GNSS1_V7.1.1, X-CUBE-MEMS1_V12.1.0, X-CUBE-NFC4_V3.0.0, X-CUBE-NFC7_V2.0.0, X-CUBE-SFXS2LP1_V4.0.0, X-CUBE-ST67W61_V1.3.0, X-CUBE-SUBG2_V5.0.0, X-CUBE-TOF1_V3.4.3]
2026-08-15 09:28:31,818 [INFO] DbBoardsSqlite:226 - include board P-NUCLEO-WB55-NUCLEO as a kit item of type 'Nucleo-64'
2026-08-15 09:28:31,818 [INFO] DbBoardsSqlite:226 - include board P-NUCLEO-WB55-USBDONGLE as a kit item of type 'Nucleo USB Dongle'
2026-08-15 09:28:31,819 [INFO] DbBoardsSqlite:226 - include board STEVAL-IDP005V1 as a kit item of type 'Evaluation Board'
2026-08-15 09:28:31,819 [INFO] DbBoardsSqlite:226 - include board STEVAL-IDP005V2 as a kit item of type 'Evaluation Board'
2026-08-15 09:28:31,932 [INFO] ApiDb:240 - Found 895 in-development CPN: [B-G473E-ZEST1S, B-WB1M-WPAN1, B-WBA5M-WPAN, B-WL5M-SUBG1, NUCLEO-C031C6, NUCLEO-C051C8, NUCLEO-C071RB, NUCLEO-C092RC, NUCLEO-H503RB, NUCLEO-H533RE, NUCLEO-H563ZI, NUCLEO-H7S3L8, NUCLEO-N657X0-Q, NUCLEO-U031R8, NUCLEO-U083RC, NUCLEO-U385RG-Q, NUCLEO-U545RE-Q, NUCLEO-U5A5ZJ-Q, NUCLEO-WB05KZ, NUCLEO-WB07CC, NUCLEO-WB09KE, NUCLEO-WBA52CG, NUCLEO-WBA55CG, NUCLEO-WBA65RI, NUCLEO-WL33CC1, NUCLEO-WL33CC2, STEVAL-PROTEUS1, STEVAL-SMARTAG2, STEVAL-STWINBX1, STM320518-EVAL, STM32C0116-DK, STM32C011D6Y3TR, STM32C011D6Y6TR, STM32C011F4P3, STM32C011F4P6, STM32C011F4U3, STM32C011F4U6TR, STM32C011F6P3, STM32C011F6P6, STM32C011F6U3, STM32C011F6U6TR, STM32C011J4M3, STM32C011J4M6, STM32C011J6M3, STM32C011J6M6, STM32C0316-DK, STM32C031C4T3, STM32C031C4T6, STM32C031C4U3, STM32C031C4U6, STM32C031C6T3, STM32C031C6T6, STM32C031C6U3, STM32C031C6U6, STM32C031F4P3, STM32C031F4P6, STM32C031F6P3, STM32C031F6P6, STM32C031G4U3, STM32C031G4U6, STM32C031G6U3, STM32C031G6U6, STM32C031K4T3, STM32C031K4T6, STM32C031K4U3, STM32C031K4U6, STM32C031K6T3, STM32C031K6T6, STM32C031K6U3, STM32C031K6U6, STM32C051C6T6, STM32C051C6U6, STM32C051C8T6, STM32C051C8U6, STM32C051D8Y6TR, STM32C051F6P6, STM32C051F8P6, STM32C051G6U6, STM32C051G8U6, STM32C051K6T6, STM32C051K6U6, STM32C051K8T6, STM32C071C8T6, STM32C071C8T6N, STM32C071C8U6, STM32C071C8U6N, STM32C071CBT6, STM32C071CBT6N, STM32C071CBU6, STM32C071CBU6N, STM32C071F8P6, STM32C071F8P6N, STM32C071FBP6, STM32C071FBP6N, STM32C071FBY6TR, STM32C071G8U6, STM32C071G8U6N, STM32C071GBU6, STM32C071GBU6N, STM32C071K8T6, STM32C071K8T6N, STM32C071K8U6, STM32C071K8U6N, STM32C071KBT6, STM32C071KBT6N, STM32C071KBU6, STM32C071KBU6N, STM32C071R8T6, STM32C071R8T6N, STM32C071RBI6N, STM32C071RBT6, STM32C071RBT6N, STM32C091CBT6, STM32C091CBU6, STM32C091CCT6, STM32C091CCU6, STM32C091ECY6TR, STM32C091FBP6, STM32C091FCP6, STM32C091GBU6, STM32C091GCU6, STM32C091KBT6, STM32C091KBU6, STM32C091KCT6, STM32C091KCU6, STM32C091RBT6, STM32C091RCI6, STM32C091RCT6, STM32C092CBT6, STM32C092CBU6, STM32C092CCT6, STM32C092CCU6, STM32C092ECY6TR, STM32C092FBP6, STM32C092FCP6, STM32C092GBU6, STM32C092GCU6, STM32C092KBT6, STM32C092KBU6, STM32C092KCT6, STM32C092KCU6, STM32C092RBT6, STM32C092RCI6, STM32C092RCT6, STM32G071K8TXN, STM32G071K8UXN, STM32G081GBU6N, STM32G081KBT6N, STM32G081KBUXN, STM32G0B1CCT6N, STM32G0B1KCT6, STM32G0B1NEY6TR, STM32G0B1RCT6N, STM32G0C1CCT6, STM32G0C1CCT6N, STM32G0C1CCU6N, STM32G0C1CET6N, STM32G0C1CEU6N, STM32G0C1KCT6, STM32G0C1NEY6TR, STM32G0C1RCI6N, STM32G0C1RCT6N, STM32G0C1REI6N, STM32G0C1RET6N, STM32G0C1VCI6, STM32G0C1VEI6, STM32G411C6T3, STM32G411C6T6, STM32G411C6U3, STM32G411C6U6, STM32G411C8T3, STM32G411C8T6, STM32G411C8U3, STM32G411C8U6, STM32G411CBT3, STM32G411CBT6, STM32G411CBU3, STM32G411CBU6, STM32G411CCT3, STM32G411CCT6, STM32G411CCU3, STM32G411CCU6, STM32G411K6T3, STM32G411K6T6, STM32G411K6U3, STM32G411K6U6, STM32G411K8T3, STM32G411K8T6, STM32G411K8U3, STM32G411K8U6, STM32G411KBT3, STM32G411KBT6, STM32G411KBU3, STM32G411KBU6, STM32G411M6T3, STM32G411M6T6, STM32G411M8T3, STM32G411M8T6, STM32G411MBT3, STM32G411MBT6, STM32G411MCT3, STM32G411MCT6, STM32G411R6T3, STM32G411R6T6, STM32G411R8T3, STM32G411R8T6, STM32G411RBT3, STM32G411RBT6, STM32G411RCT3, STM32G411RCT6, STM32G414CBT3, STM32G414CBT6, STM32G414CBU3, STM32G414CBU6, STM32G414CCT3, STM32G414CCT6, STM32G414CCU3, STM32G414CCU6, STM32G414MBT3, STM32G414MBT6, STM32G414MCT3, STM32G414MCT6, STM32G414RBT3, STM32G414RBT6, STM32G414RCT3, STM32G414RCT6, STM32G414VBT3, STM32G414VBT6, STM32G414VCT3, STM32G414VCT6, STM32G431CBT3Z, STM32G431RBT3Z, STM32G471CCT6, STM32G471CCU6, STM32G471CET3, STM32G471CET6, STM32G471CEU3, STM32G471CEU6, STM32G471MCT6, STM32G471MET3, STM32G471MET6, STM32G471MEY6TR, STM32G471QCT6, STM32G471QET3, STM32G471RCT6, STM32G471RET3, STM32G471RET6, STM32G471VCH6, STM32G471VCI6, STM32G471VCT6, STM32G471VEH3, STM32G471VEH6, STM32G471VEI3, STM32G471VEI6, STM32G471VET3, STM32G471VET6, STM32G473QET3Z, STM32G473RET3Z, STM32G474CCT6, STM32G491RET3Z, STM32H503CBT6, STM32H503CBU6, STM32H503EBY6TR, STM32H503KBU6, STM32H503RBT6, STM32H523CCT6, STM32H523CCU6, STM32H523CET6, STM32H523CEU6, STM32H523HEY6TR, STM32H523RCT6, STM32H523RET6, STM32H523VCI6, STM32H523VCT6, STM32H523VEI6, STM32H523VET6, STM32H523ZCJ6, STM32H523ZCT6, STM32H523ZEJ6, STM32H523ZET6, STM32H533CET6, STM32H533CEU6, STM32H533HEY6TR, STM32H533RET6, STM32H533VEI6, STM32H533VET6, STM32H533ZEJ6, STM32H533ZET6, STM32H562AGI6, STM32H562AII6, STM32H562IGK6, STM32H562IGT6, STM32H562IIK6, STM32H562IIT6, STM32H562RGT6, STM32H562RGV6, STM32H562RIT6, STM32H562RIV6, STM32H562VGT6, STM32H562VIT6, STM32H562ZGT6, STM32H562ZIT6, STM32H563AGI6, STM32H563AII3Q, STM32H563AII6, STM32H563IGK6, STM32H563IGT6, STM32H563IIK3Q, STM32H563IIK6, STM32H563IIT3Q, STM32H563IIT6, STM32H563MIY3QTR, STM32H563RGT6, STM32H563RGV6, STM32H563RIT6, STM32H563RIV6, STM32H563VGT6, STM32H563VIT3Q, STM32H563VIT6, STM32H563ZGT6, STM32H563ZIT3Q, STM32H563ZIT6, STM32H573AII3Q, STM32H573AII6, STM32H573I-DK, STM32H573IIK3Q, STM32H573IIK6, STM32H573IIT3Q, STM32H573IIT6, STM32H573MIY3QTR, STM32H573RIT6, STM32H573RIV6, STM32H573VIT3Q, STM32H573VIT6, STM32H573ZIT3Q, STM32H573ZIT6, STM32H7R3A8I6, STM32H7R3I8K6, STM32H7R3I8T6, STM32H7R3L8H6, STM32H7R3L8H6H, STM32H7R3R8V6, STM32H7R3V8H6, STM32H7R3V8T6, STM32H7R3V8Y6TR, STM32H7R3Z8J6, STM32H7R3Z8T6, STM32H7R7A8I6, STM32H7R7I8K6, STM32H7R7I8T6, STM32H7R7L8H6, STM32H7R7L8H6H, STM32H7R7Z8J6, STM32H7S3A8I6, STM32H7S3I8K6, STM32H7S3I8T6, STM32H7S3L8H6, STM32H7S3L8H6H, STM32H7S3R8V6, STM32H7S3V8H6, STM32H7S3V8T6, STM32H7S3V8Y6TR, STM32H7S3Z8J6, STM32H7S3Z8T6, STM32H7S78-DK, STM32H7S7A8I6, STM32H7S7I8K6, STM32H7S7I8T6, STM32H7S7L8H6, STM32H7S7L8H6H, STM32H7S7Z8J6, STM32L4R5QGI6STR, STM32MP131AAE3, STM32MP131AAF3, STM32MP131AAG3, STM32MP131CAE3, STM32MP131CAF3, STM32MP131CAG3, STM32MP131DAE7, STM32MP131DAF7, STM32MP131DAG7, STM32MP131FAE7, STM32MP131FAF7, STM32MP131FAG7, STM32MP133AAE3, STM32MP133AAF3, STM32MP133AAG3, STM32MP133CAE3, STM32MP133CAF3, STM32MP133CAG3, STM32MP133DAE7, STM32MP133DAF7, STM32MP133DAG7, STM32MP133FAE7, STM32MP133FAF7, STM32MP133FAG7, STM32MP135AAE3, STM32MP135AAF3, STM32MP135AAG3, STM32MP135CAE3, STM32MP135CAF3, STM32MP135CAG3, STM32MP135DAE7, STM32MP135DAF7, STM32MP135DAG7, STM32MP135F-DK, STM32MP135FAE7, STM32MP135FAF7, STM32MP135FAF7T, STM32MP135FAF7U, STM32MP135FAG7, STM32MP231AAJ3, STM32MP231AAK3, STM32MP231AAL3, STM32MP231CAJ3, STM32MP231CAK3, STM32MP231CAL3, STM32MP231DAJ3, STM32MP231DAK3, STM32MP231DAL3, STM32MP231FAJ3, STM32MP231FAK3, STM32MP231FAL3, STM32MP233AAJ3, STM32MP233AAK3, STM32MP233AAL3, STM32MP233CAJ3, STM32MP233CAK3, STM32MP233CAL3, STM32MP233DAJ3, STM32MP233DAK3, STM32MP233DAL3, STM32MP233FAJ3, STM32MP233FAK3, STM32MP233FAL3, STM32MP235AAJ3, STM32MP235AAK3, STM32MP235AAL3, STM32MP235CAJ3, STM32MP235CAK3, STM32MP235CAL3, STM32MP235DAJ3, STM32MP235DAK3, STM32MP235DAL3, STM32MP235FAJ3, STM32MP235FAK3, STM32MP235FAL3, STM32MP251AAI3, STM32MP251AAJ3, STM32MP251AAK3, STM32MP251AAL3, STM32MP251CAI3, STM32MP251CAJ3, STM32MP251CAK3, STM32MP251CAL3, STM32MP251DAI3, STM32MP251DAJ3, STM32MP251DAK3, STM32MP251DAL3, STM32MP251FAI3, STM32MP251FAJ3, STM32MP251FAK3, STM32MP251FAL3, STM32MP253AAI3, STM32MP253AAJ3, STM32MP253AAK3, STM32MP253AAL3, STM32MP253CAI3, STM32MP253CAJ3, STM32MP253CAK3, STM32MP253CAL3, STM32MP253DAI3, STM32MP253DAJ3, STM32MP253DAK3, STM32MP253DAL3, STM32MP253FAI3, STM32MP253FAJ3, STM32MP253FAK3, STM32MP253FAL3, STM32MP255AAI3, STM32MP255AAJ3, STM32MP255AAK3, STM32MP255AAL3, STM32MP255CAI3, STM32MP255CAJ3, STM32MP255CAK3, STM32MP255CAL3, STM32MP255DAI3, STM32MP255DAJ3, STM32MP255DAK3, STM32MP255DAL3, STM32MP255FAI3, STM32MP255FAJ3, STM32MP255FAK3, STM32MP255FAL3, STM32MP257AAI3, STM32MP257AAJ3, STM32MP257AAK3, STM32MP257AAL3, STM32MP257CAI3, STM32MP257CAJ3, STM32MP257CAK3, STM32MP257CAL3, STM32MP257DAI3, STM32MP257DAJ3, STM32MP257DAK3, STM32MP257DAL3, STM32MP257F-DK, STM32MP257F-EV1, STM32MP257FAI3, STM32MP257FAJ3, STM32MP257FAK3, STM32MP257FAL3, STM32N645A0H3Q, STM32N645B0H3Q, STM32N645I0H3Q, STM32N645L0H3Q, STM32N645X0H3Q, STM32N645Z0H3Q, STM32N647A0H3Q, STM32N647B0H3Q, STM32N647I0H3Q, STM32N647L0H3Q, STM32N647X0H3Q, STM32N647Z0H3Q, STM32N655A0H3Q, STM32N655B0H3Q, STM32N655I0H3Q, STM32N655L0H3Q, STM32N655X0H3Q, STM32N655Z0H3Q, STM32N6570-DK, STM32N657A0H3Q, STM32N657B0H3Q, STM32N657I0H3Q, STM32N657L0H3Q, STM32N657X0H3Q, STM32N657Z0H3Q, STM32U031C6T6, STM32U031C6U6, STM32U031C8T6, STM32U031C8U6, STM32U031F4P6, STM32U031F6P6, STM32U031F8P6, STM32U031G6Y6TR, STM32U031G8Y6TR, STM32U031K4U6, STM32U031K6U6, STM32U031K8U6, STM32U031R6I6, STM32U031R6T6, STM32U031R8I6, STM32U031R8T6, STM32U073C8T6, STM32U073C8U6, STM32U073CBT6, STM32U073CBU6, STM32U073CCT6, STM32U073CCU6, STM32U073H8Y6TR, STM32U073HBY6TR, STM32U073HCY6TR, STM32U073K8U6, STM32U073KBU6, STM32U073KCU6, STM32U073M8I6, STM32U073M8T6, STM32U073MBI6, STM32U073MBT6, STM32U073MCI6, STM32U073MCT6, STM32U073R8I6, STM32U073R8T6, STM32U073RBI6, STM32U073RBT6, STM32U073RCI6, STM32U073RCT6, STM32U083C-DK, STM32U083CCT6, STM32U083CCU6, STM32U083HCY6TR, STM32U083KCU6, STM32U083MCI6, STM32U083MCT6, STM32U083RCI6, STM32U083RCT6, STM32U375CET6, STM32U375CET6Q, STM32U375CEU6, STM32U375CEU6Q, STM32U375CEY6QTR, STM32U375CGT6, STM32U375CGT6Q, STM32U375CGU6, STM32U375CGU6Q, STM32U375CGY6QTR, STM32U375KEU6, STM32U375KGU6, STM32U375REI6, STM32U375REI6Q, STM32U375RET6, STM32U375RET6Q, STM32U375REY6GTR, STM32U375REY6QTR, STM32U375RGI6, STM32U375RGI6Q, STM32U375RGT6, STM32U375RGT6Q, STM32U375RGY6GTR, STM32U375RGY6QTR, STM32U375VEI6, STM32U375VEI6Q, STM32U375VET6, STM32U375VET6Q, STM32U375VGI6, STM32U375VGI6Q, STM32U375VGT6, STM32U375VGT6Q, STM32U385CGT6, STM32U385CGT6Q, STM32U385CGU6, STM32U385CGU6Q, STM32U385CGY6QTR, STM32U385KGU6, STM32U385RGI6, STM32U385RGI6Q, STM32U385RGT6, STM32U385RGT6Q, STM32U385RGY6GTR, STM32U385RGY6QTR, STM32U385VGI6, STM32U385VGI6Q, STM32U385VGT6, STM32U385VGT6Q, STM32U535CBT6, STM32U535CBT6Q, STM32U535CBU6, STM32U535CBU6Q, STM32U535CCT6, STM32U535CCT6Q, STM32U535CCU6, STM32U535CCU6Q, STM32U535CET6, STM32U535CET6Q, STM32U535CEU6, STM32U535CEU6Q, STM32U535JEY6QTR, STM32U535NCY6QTR, STM32U535NEY6QTR, STM32U535RBI6, STM32U535RBI6Q, STM32U535RBT6, STM32U535RBT6Q, STM32U535RCI6, STM32U535RCI6Q, STM32U535RCT6, STM32U535RCT6Q, STM32U535REI6, STM32U535REI6Q, STM32U535RET6, STM32U535RET6Q, STM32U535VCI6, STM32U535VCI6Q, STM32U535VCT6, STM32U535VCT6Q, STM32U535VEI6, STM32U535VEI6Q, STM32U535VET6, STM32U535VET6Q, STM32U545CET6, STM32U545CET6Q, STM32U545CEU6, STM32U545CEU6Q, STM32U545JEY6QTR, STM32U545NEY6QTR, STM32U545REI6, STM32U545REI6Q, STM32U545RET6, STM32U545RET6Q, STM32U545VEI6, STM32U545VEI6Q, STM32U545VET6, STM32U545VET6Q, STM32U595AIH6, STM32U595AIH6Q, STM32U595AJH6, STM32U595AJH6Q, STM32U595QII6, STM32U595QII6Q, STM32U595QJI6, STM32U595QJI6Q, STM32U595RIT6, STM32U595RIT6Q, STM32U595RJT6, STM32U595RJT6Q, STM32U595VIT6, STM32U595VIT6Q, STM32U595VJT6, STM32U595VJT6Q, STM32U595ZIT6, STM32U595ZIT6Q, STM32U595ZIY6QTR, STM32U595ZJT6, STM32U595ZJT6Q, STM32U595ZJY6QTR, STM32U599BJY6QTR, STM32U599NIH6Q, STM32U599NJH6Q, STM32U599VIT6Q, STM32U599VJT6, STM32U599VJT6Q, STM32U599ZIT6Q, STM32U599ZIY6QTR, STM32U599ZJT6Q, STM32U599ZJY6QTR, STM32U5A5AJH6, STM32U5A5AJH6Q, STM32U5A5QII3Q , STM32U5A5QJI6, STM32U5A5QJI6Q, STM32U5A5RJT6, STM32U5A5RJT6Q, STM32U5A5VJT6, STM32U5A5VJT6Q, STM32U5A5ZJT6, STM32U5A5ZJT6Q, STM32U5A5ZJY6QTR, STM32U5A9BJY6QTR, STM32U5A9J-DK, STM32U5A9NJH6Q, STM32U5A9VJT6Q, STM32U5A9ZJT6Q, STM32U5A9ZJY6QTR, STM32U5F7VIT6, STM32U5F7VIT6Q, STM32U5F7VJT6, STM32U5F7VJT6Q, STM32U5F9BJY6QTR, STM32U5F9NJH6Q, STM32U5F9VIT6Q, STM32U5F9VJT6Q, STM32U5F9ZIJ6QTR, STM32U5F9ZIT6Q, STM32U5F9ZJJ6QTR, STM32U5F9ZJT6Q, STM32U5G7VJT6, STM32U5G7VJT6Q, STM32U5G9BJY6QTR, STM32U5G9J-DK1, STM32U5G9J-DK2, STM32U5G9NJH6Q, STM32U5G9VJT6Q, STM32U5G9ZJJ6QTR, STM32U5G9ZJT6Q, STM32WB05KZV6TR, STM32WB05KZV7TR, STM32WB05TZF6TR, STM32WB05TZF7TR, STM32WB06CCF6TR, STM32WB06CCF7TR, STM32WB06CCV6TR, STM32WB06CCV7TR, STM32WB06KCV6TR, STM32WB06KCV7TR, STM32WB07CCF6TR, STM32WB07CCF7TR, STM32WB07CCV6TR, STM32WB07CCV7TR, STM32WB07KCV6TR, STM32WB07KCV7TR, STM32WB09KEV6TR, STM32WB09KEV7TR, STM32WB09TEF6TR, STM32WB09TEF7TR, STM32WB1MMCH6, STM32WBA50KGU6, STM32WBA50KGU6TR, STM32WBA52CEU6, STM32WBA52CEU6TR, STM32WBA52CEU7, STM32WBA52CEU7TR, STM32WBA52CGU6, STM32WBA52CGU6TR, STM32WBA52CGU6U, STM32WBA52CGU7, STM32WBA52CGU7TR, STM32WBA52KEU6, STM32WBA52KEU6TR, STM32WBA52KGU6, STM32WBA52KGU6TR, STM32WBA54CEU6, STM32WBA54CEU6TR, STM32WBA54CEU7, STM32WBA54CEU7TR, STM32WBA54CGU6, STM32WBA54CGU6TR, STM32WBA54CGU7, STM32WBA54CGU7TR, STM32WBA54KEU6, STM32WBA54KEU6TR, STM32WBA54KEU7, STM32WBA54KEU7TR, STM32WBA54KGU6, STM32WBA54KGU6TR, STM32WBA54KGU7, STM32WBA54KGU7TR, STM32WBA55CEU6, STM32WBA55CEU6TR, STM32WBA55CEU7, STM32WBA55CEU7TR, STM32WBA55CGU6, STM32WBA55CGU6TR, STM32WBA55CGU6U, STM32WBA55CGU7, STM32WBA55CGU7TR, STM32WBA55G-DK1, STM32WBA55HEF6, STM32WBA55HEF7, STM32WBA55HGF6, STM32WBA55HGF7, STM32WBA55UEI6, STM32WBA55UEI6TR, STM32WBA55UEI7, STM32WBA55UEI7TR, STM32WBA55UGI6, STM32WBA55UGI6TR, STM32WBA55UGI7, STM32WBA55UGI7TR, STM32WBA5MJGH6TR, STM32WBA62CGU6, STM32WBA62CIU6, STM32WBA62MGF6, STM32WBA62MIF6, STM32WBA62PGI6, STM32WBA62PII6, STM32WBA63CGU6, STM32WBA63CGU7, STM32WBA63CIU6, STM32WBA63CIU7, STM32WBA64CGU6, STM32WBA64CGU7, STM32WBA64CIU6, STM32WBA64CIU7, STM32WBA65CGU6, STM32WBA65CGU7, STM32WBA65CIU6, STM32WBA65CIU7, STM32WBA65I-DK1, STM32WBA65MGF6, STM32WBA65MGF7, STM32WBA65MIF6, STM32WBA65MIF7, STM32WBA65PGI6, STM32WBA65PGI7, STM32WBA65PII6, STM32WBA65PII7, STM32WBA65RGV6, STM32WBA65RGV7, STM32WBA65RIV6, STM32WBA65RIV7, STM32WL30K8V6, STM32WL30KBV6, STM32WL31C8V6, STM32WL31CBV6, STM32WL31K8V6, STM32WL31KBV6, STM32WL33C8V6, STM32WL33C8V6TR, STM32WL33C8V7, STM32WL33C8V7TR, STM32WL33CBV6, STM32WL33CBV6TR, STM32WL33CBV7, STM32WL33CBV7TR, STM32WL33CCV6, STM32WL33CCV6TR, STM32WL33CCV7, STM32WL33CCV7A, STM32WL33CCV7ATR, STM32WL33CCV7TR, STM32WL33K8V6, STM32WL33K8V6TR, STM32WL33K8V7, STM32WL33K8V7TR, STM32WL33KBV6, STM32WL33KBV6TR, STM32WL33KBV7, STM32WL33KBV7TR, STM32WL33KCV6, STM32WL33KCV6TR, STM32WL33KCV7, STM32WL33KCV7TR, STM32WL5MOCH6, STM32WL5MOCH6TR]
2026-08-15 09:28:31,935 [INFO] ApiDb:668 - CubeFinder database Data Model version=2.1
2026-08-15 09:28:31,935 [INFO] ApiDb:669 - CubeFinder database Configuration version=3.0.42
2026-08-15 09:28:31,935 [INFO] ApiDb:670 - CubeFinder database generation date=2026-06-23 (1782213372)
2026-08-15 09:28:31,935 [INFO] ApiDb:671 - CubeFinder database FW Pack versions=[FP-ATR-ASTRA1_V2.0.0, FP-SNS-FLIGHT1_V5.1.0, FP-SNS-MOTENV1_V5.1.0, FP-SNS-MOTENVWB1_V1.5.0, FP-SNS-SMARTAG2_V1.2.0, FP-SNS-STBOX1_V2.1.0, STM32Cube_FW_C0_V1.4.0, STM32Cube_FW_F4_V1.28.3, STM32Cube_FW_F7_V1.17.4, STM32Cube_FW_G0_V1.6.3, STM32Cube_FW_G4_V1.6.2, STM32Cube_FW_H5_V1.7.0, STM32Cube_FW_H7RS_V1.3.0, STM32Cube_FW_H7_V1.13.0, STM32Cube_FW_L0_V1.12.2, STM32Cube_FW_L4_V1.18.2, STM32Cube_FW_L5_V1.6.0, STM32Cube_FW_N6_V1.4.0, STM32Cube_FW_U0_V1.3.0, STM32Cube_FW_U3_V1.4.0, STM32Cube_FW_U5_V1.9.0, STM32Cube_FW_WB0_V1.5.0, STM32Cube_FW_WBA_V1.10.0, STM32Cube_FW_WB_V1.24.0, STM32Cube_FW_WL3_V1.5.0, STM32Cube_FW_WL_V1.6.0, X-CUBE-ALGOBUILD_V1.5.0, X-CUBE-ALS_V1.0.2, X-CUBE-AZRTOS-F4_V1.1.0, X-CUBE-AZRTOS-F7_V1.1.0, X-CUBE-AZRTOS-G0_V1.1.0, X-CUBE-AZRTOS-G4_V2.0.0, X-CUBE-AZRTOS-H7RS_V1.1.0, X-CUBE-AZRTOS-H7_V3.5.0, X-CUBE-AZRTOS-L4_V2.0.0, X-CUBE-AZRTOS-L5_V2.0.0, X-CUBE-AZRTOS-WB_V2.0.0, X-CUBE-AZRTOS-WL_V2.0.0, X-CUBE-BLE1_V7.1.0, X-CUBE-BLE2_V3.3.0, X-CUBE-BLEMGR_V4.1.0, X-CUBE-EEPRMA1_V5.2.0, X-CUBE-FREERTOS_V1.5.0, X-CUBE-GNSS1_V7.1.1, X-CUBE-MEMS1_V12.1.0, X-CUBE-NFC4_V3.0.0, X-CUBE-NFC7_V2.0.0, X-CUBE-SFXS2LP1_V4.0.0, X-CUBE-ST67W61_V1.3.0, X-CUBE-SUBG2_V5.0.0, X-CUBE-TOF1_V3.4.3]
2026-08-15 09:28:33,271 [ERROR] LogOutputStream:75 - [STDERR_REDIRECT] Aug 15, 2026 9:28:33 AM java.util.prefs.FileSystemPreferences checkLockFile0ErrorCode
2026-08-15 09:28:33,272 [ERROR] LogOutputStream:75 - [STDERR_REDIRECT] WARNING: Could not lock System prefs. Unix error code 2.
2026-08-15 09:28:33,272 [ERROR] LogOutputStream:75 - [STDERR_REDIRECT] 
2026-08-15 09:28:33,272 [ERROR] LogOutputStream:75 - [STDERR_REDIRECT] Aug 15, 2026 9:28:33 AM java.util.prefs.FileSystemPreferences syncWorld
2026-08-15 09:28:33,273 [ERROR] LogOutputStream:75 - [STDERR_REDIRECT] WARNING: Couldn't flush system prefs: java.util.prefs.BackingStoreException: Couldn't get file lock.
2026-08-15 09:28:33,273 [ERROR] LogOutputStream:75 - [STDERR_REDIRECT] 
2026-08-15 09:28:33,814 [INFO] ApiDb:240 - Found 895 in-development CPN: [B-G473E-ZEST1S, B-WB1M-WPAN1, B-WBA5M-WPAN, B-WL5M-SUBG1, NUCLEO-C031C6, NUCLEO-C051C8, NUCLEO-C071RB, NUCLEO-C092RC, NUCLEO-H503RB, NUCLEO-H533RE, NUCLEO-H563ZI, NUCLEO-H7S3L8, NUCLEO-N657X0-Q, NUCLEO-U031R8, NUCLEO-U083RC, NUCLEO-U385RG-Q, NUCLEO-U545RE-Q, NUCLEO-U5A5ZJ-Q, NUCLEO-WB05KZ, NUCLEO-WB07CC, NUCLEO-WB09KE, NUCLEO-WBA52CG, NUCLEO-WBA55CG, NUCLEO-WBA65RI, NUCLEO-WL33CC1, NUCLEO-WL33CC2, STEVAL-PROTEUS1, STEVAL-SMARTAG2, STEVAL-STWINBX1, STM320518-EVAL, STM32C0116-DK, STM32C011D6Y3TR, STM32C011D6Y6TR, STM32C011F4P3, STM32C011F4P6, STM32C011F4U3, STM32C011F4U6TR, STM32C011F6P3, STM32C011F6P6, STM32C011F6U3, STM32C011F6U6TR, STM32C011J4M3, STM32C011J4M6, STM32C011J6M3, STM32C011J6M6, STM32C0316-DK, STM32C031C4T3, STM32C031C4T6, STM32C031C4U3, STM32C031C4U6, STM32C031C6T3, STM32C031C6T6, STM32C031C6U3, STM32C031C6U6, STM32C031F4P3, STM32C031F4P6, STM32C031F6P3, STM32C031F6P6, STM32C031G4U3, STM32C031G4U6, STM32C031G6U3, STM32C031G6U6, STM32C031K4T3, STM32C031K4T6, STM32C031K4U3, STM32C031K4U6, STM32C031K6T3, STM32C031K6T6, STM32C031K6U3, STM32C031K6U6, STM32C051C6T6, STM32C051C6U6, STM32C051C8T6, STM32C051C8U6, STM32C051D8Y6TR, STM32C051F6P6, STM32C051F8P6, STM32C051G6U6, STM32C051G8U6, STM32C051K6T6, STM32C051K6U6, STM32C051K8T6, STM32C071C8T6, STM32C071C8T6N, STM32C071C8U6, STM32C071C8U6N, STM32C071CBT6, STM32C071CBT6N, STM32C071CBU6, STM32C071CBU6N, STM32C071F8P6, STM32C071F8P6N, STM32C071FBP6, STM32C071FBP6N, STM32C071FBY6TR, STM32C071G8U6, STM32C071G8U6N, STM32C071GBU6, STM32C071GBU6N, STM32C071K8T6, STM32C071K8T6N, STM32C071K8U6, STM32C071K8U6N, STM32C071KBT6, STM32C071KBT6N, STM32C071KBU6, STM32C071KBU6N, STM32C071R8T6, STM32C071R8T6N, STM32C071RBI6N, STM32C071RBT6, STM32C071RBT6N, STM32C091CBT6, STM32C091CBU6, STM32C091CCT6, STM32C091CCU6, STM32C091ECY6TR, STM32C091FBP6, STM32C091FCP6, STM32C091GBU6, STM32C091GCU6, STM32C091KBT6, STM32C091KBU6, STM32C091KCT6, STM32C091KCU6, STM32C091RBT6, STM32C091RCI6, STM32C091RCT6, STM32C092CBT6, STM32C092CBU6, STM32C092CCT6, STM32C092CCU6, STM32C092ECY6TR, STM32C092FBP6, STM32C092FCP6, STM32C092GBU6, STM32C092GCU6, STM32C092KBT6, STM32C092KBU6, STM32C092KCT6, STM32C092KCU6, STM32C092RBT6, STM32C092RCI6, STM32C092RCT6, STM32G071K8TXN, STM32G071K8UXN, STM32G081GBU6N, STM32G081KBT6N, STM32G081KBUXN, STM32G0B1CCT6N, STM32G0B1KCT6, STM32G0B1NEY6TR, STM32G0B1RCT6N, STM32G0C1CCT6, STM32G0C1CCT6N, STM32G0C1CCU6N, STM32G0C1CET6N, STM32G0C1CEU6N, STM32G0C1KCT6, STM32G0C1NEY6TR, STM32G0C1RCI6N, STM32G0C1RCT6N, STM32G0C1REI6N, STM32G0C1RET6N, STM32G0C1VCI6, STM32G0C1VEI6, STM32G411C6T3, STM32G411C6T6, STM32G411C6U3, STM32G411C6U6, STM32G411C8T3, STM32G411C8T6, STM32G411C8U3, STM32G411C8U6, STM32G411CBT3, STM32G411CBT6, STM32G411CBU3, STM32G411CBU6, STM32G411CCT3, STM32G411CCT6, STM32G411CCU3, STM32G411CCU6, STM32G411K6T3, STM32G411K6T6, STM32G411K6U3, STM32G411K6U6, STM32G411K8T3, STM32G411K8T6, STM32G411K8U3, STM32G411K8U6, STM32G411KBT3, STM32G411KBT6, STM32G411KBU3, STM32G411KBU6, STM32G411M6T3, STM32G411M6T6, STM32G411M8T3, STM32G411M8T6, STM32G411MBT3, STM32G411MBT6, STM32G411MCT3, STM32G411MCT6, STM32G411R6T3, STM32G411R6T6, STM32G411R8T3, STM32G411R8T6, STM32G411RBT3, STM32G411RBT6, STM32G411RCT3, STM32G411RCT6, STM32G414CBT3, STM32G414CBT6, STM32G414CBU3, STM32G414CBU6, STM32G414CCT3, STM32G414CCT6, STM32G414CCU3, STM32G414CCU6, STM32G414MBT3, STM32G414MBT6, STM32G414MCT3, STM32G414MCT6, STM32G414RBT3, STM32G414RBT6, STM32G414RCT3, STM32G414RCT6, STM32G414VBT3, STM32G414VBT6, STM32G414VCT3, STM32G414VCT6, STM32G431CBT3Z, STM32G431RBT3Z, STM32G471CCT6, STM32G471CCU6, STM32G471CET3, STM32G471CET6, STM32G471CEU3, STM32G471CEU6, STM32G471MCT6, STM32G471MET3, STM32G471MET6, STM32G471MEY6TR, STM32G471QCT6, STM32G471QET3, STM32G471RCT6, STM32G471RET3, STM32G471RET6, STM32G471VCH6, STM32G471VCI6, STM32G471VCT6, STM32G471VEH3, STM32G471VEH6, STM32G471VEI3, STM32G471VEI6, STM32G471VET3, STM32G471VET6, STM32G473QET3Z, STM32G473RET3Z, STM32G474CCT6, STM32G491RET3Z, STM32H503CBT6, STM32H503CBU6, STM32H503EBY6TR, STM32H503KBU6, STM32H503RBT6, STM32H523CCT6, STM32H523CCU6, STM32H523CET6, STM32H523CEU6, STM32H523HEY6TR, STM32H523RCT6, STM32H523RET6, STM32H523VCI6, STM32H523VCT6, STM32H523VEI6, STM32H523VET6, STM32H523ZCJ6, STM32H523ZCT6, STM32H523ZEJ6, STM32H523ZET6, STM32H533CET6, STM32H533CEU6, STM32H533HEY6TR, STM32H533RET6, STM32H533VEI6, STM32H533VET6, STM32H533ZEJ6, STM32H533ZET6, STM32H562AGI6, STM32H562AII6, STM32H562IGK6, STM32H562IGT6, STM32H562IIK6, STM32H562IIT6, STM32H562RGT6, STM32H562RGV6, STM32H562RIT6, STM32H562RIV6, STM32H562VGT6, STM32H562VIT6, STM32H562ZGT6, STM32H562ZIT6, STM32H563AGI6, STM32H563AII3Q, STM32H563AII6, STM32H563IGK6, STM32H563IGT6, STM32H563IIK3Q, STM32H563IIK6, STM32H563IIT3Q, STM32H563IIT6, STM32H563MIY3QTR, STM32H563RGT6, STM32H563RGV6, STM32H563RIT6, STM32H563RIV6, STM32H563VGT6, STM32H563VIT3Q, STM32H563VIT6, STM32H563ZGT6, STM32H563ZIT3Q, STM32H563ZIT6, STM32H573AII3Q, STM32H573AII6, STM32H573I-DK, STM32H573IIK3Q, STM32H573IIK6, STM32H573IIT3Q, STM32H573IIT6, STM32H573MIY3QTR, STM32H573RIT6, STM32H573RIV6, STM32H573VIT3Q, STM32H573VIT6, STM32H573ZIT3Q, STM32H573ZIT6, STM32H7R3A8I6, STM32H7R3I8K6, STM32H7R3I8T6, STM32H7R3L8H6, STM32H7R3L8H6H, STM32H7R3R8V6, STM32H7R3V8H6, STM32H7R3V8T6, STM32H7R3V8Y6TR, STM32H7R3Z8J6, STM32H7R3Z8T6, STM32H7R7A8I6, STM32H7R7I8K6, STM32H7R7I8T6, STM32H7R7L8H6, STM32H7R7L8H6H, STM32H7R7Z8J6, STM32H7S3A8I6, STM32H7S3I8K6, STM32H7S3I8T6, STM32H7S3L8H6, STM32H7S3L8H6H, STM32H7S3R8V6, STM32H7S3V8H6, STM32H7S3V8T6, STM32H7S3V8Y6TR, STM32H7S3Z8J6, STM32H7S3Z8T6, STM32H7S78-DK, STM32H7S7A8I6, STM32H7S7I8K6, STM32H7S7I8T6, STM32H7S7L8H6, STM32H7S7L8H6H, STM32H7S7Z8J6, STM32L4R5QGI6STR, STM32MP131AAE3, STM32MP131AAF3, STM32MP131AAG3, STM32MP131CAE3, STM32MP131CAF3, STM32MP131CAG3, STM32MP131DAE7, STM32MP131DAF7, STM32MP131DAG7, STM32MP131FAE7, STM32MP131FAF7, STM32MP131FAG7, STM32MP133AAE3, STM32MP133AAF3, STM32MP133AAG3, STM32MP133CAE3, STM32MP133CAF3, STM32MP133CAG3, STM32MP133DAE7, STM32MP133DAF7, STM32MP133DAG7, STM32MP133FAE7, STM32MP133FAF7, STM32MP133FAG7, STM32MP135AAE3, STM32MP135AAF3, STM32MP135AAG3, STM32MP135CAE3, STM32MP135CAF3, STM32MP135CAG3, STM32MP135DAE7, STM32MP135DAF7, STM32MP135DAG7, STM32MP135F-DK, STM32MP135FAE7, STM32MP135FAF7, STM32MP135FAF7T, STM32MP135FAF7U, STM32MP135FAG7, STM32MP231AAJ3, STM32MP231AAK3, STM32MP231AAL3, STM32MP231CAJ3, STM32MP231CAK3, STM32MP231CAL3, STM32MP231DAJ3, STM32MP231DAK3, STM32MP231DAL3, STM32MP231FAJ3, STM32MP231FAK3, STM32MP231FAL3, STM32MP233AAJ3, STM32MP233AAK3, STM32MP233AAL3, STM32MP233CAJ3, STM32MP233CAK3, STM32MP233CAL3, STM32MP233DAJ3, STM32MP233DAK3, STM32MP233DAL3, STM32MP233FAJ3, STM32MP233FAK3, STM32MP233FAL3, STM32MP235AAJ3, STM32MP235AAK3, STM32MP235AAL3, STM32MP235CAJ3, STM32MP235CAK3, STM32MP235CAL3, STM32MP235DAJ3, STM32MP235DAK3, STM32MP235DAL3, STM32MP235FAJ3, STM32MP235FAK3, STM32MP235FAL3, STM32MP251AAI3, STM32MP251AAJ3, STM32MP251AAK3, STM32MP251AAL3, STM32MP251CAI3, STM32MP251CAJ3, STM32MP251CAK3, STM32MP251CAL3, STM32MP251DAI3, STM32MP251DAJ3, STM32MP251DAK3, STM32MP251DAL3, STM32MP251FAI3, STM32MP251FAJ3, STM32MP251FAK3, STM32MP251FAL3, STM32MP253AAI3, STM32MP253AAJ3, STM32MP253AAK3, STM32MP253AAL3, STM32MP253CAI3, STM32MP253CAJ3, STM32MP253CAK3, STM32MP253CAL3, STM32MP253DAI3, STM32MP253DAJ3, STM32MP253DAK3, STM32MP253DAL3, STM32MP253FAI3, STM32MP253FAJ3, STM32MP253FAK3, STM32MP253FAL3, STM32MP255AAI3, STM32MP255AAJ3, STM32MP255AAK3, STM32MP255AAL3, STM32MP255CAI3, STM32MP255CAJ3, STM32MP255CAK3, STM32MP255CAL3, STM32MP255DAI3, STM32MP255DAJ3, STM32MP255DAK3, STM32MP255DAL3, STM32MP255FAI3, STM32MP255FAJ3, STM32MP255FAK3, STM32MP255FAL3, STM32MP257AAI3, STM32MP257AAJ3, STM32MP257AAK3, STM32MP257AAL3, STM32MP257CAI3, STM32MP257CAJ3, STM32MP257CAK3, STM32MP257CAL3, STM32MP257DAI3, STM32MP257DAJ3, STM32MP257DAK3, STM32MP257DAL3, STM32MP257F-DK, STM32MP257F-EV1, STM32MP257FAI3, STM32MP257FAJ3, STM32MP257FAK3, STM32MP257FAL3, STM32N645A0H3Q, STM32N645B0H3Q, STM32N645I0H3Q, STM32N645L0H3Q, STM32N645X0H3Q, STM32N645Z0H3Q, STM32N647A0H3Q, STM32N647B0H3Q, STM32N647I0H3Q, STM32N647L0H3Q, STM32N647X0H3Q, STM32N647Z0H3Q, STM32N655A0H3Q, STM32N655B0H3Q, STM32N655I0H3Q, STM32N655L0H3Q, STM32N655X0H3Q, STM32N655Z0H3Q, STM32N6570-DK, STM32N657A0H3Q, STM32N657B0H3Q, STM32N657I0H3Q, STM32N657L0H3Q, STM32N657X0H3Q, STM32N657Z0H3Q, STM32U031C6T6, STM32U031C6U6, STM32U031C8T6, STM32U031C8U6, STM32U031F4P6, STM32U031F6P6, STM32U031F8P6, STM32U031G6Y6TR, STM32U031G8Y6TR, STM32U031K4U6, STM32U031K6U6, STM32U031K8U6, STM32U031R6I6, STM32U031R6T6, STM32U031R8I6, STM32U031R8T6, STM32U073C8T6, STM32U073C8U6, STM32U073CBT6, STM32U073CBU6, STM32U073CCT6, STM32U073CCU6, STM32U073H8Y6TR, STM32U073HBY6TR, STM32U073HCY6TR, STM32U073K8U6, STM32U073KBU6, STM32U073KCU6, STM32U073M8I6, STM32U073M8T6, STM32U073MBI6, STM32U073MBT6, STM32U073MCI6, STM32U073MCT6, STM32U073R8I6, STM32U073R8T6, STM32U073RBI6, STM32U073RBT6, STM32U073RCI6, STM32U073RCT6, STM32U083C-DK, STM32U083CCT6, STM32U083CCU6, STM32U083HCY6TR, STM32U083KCU6, STM32U083MCI6, STM32U083MCT6, STM32U083RCI6, STM32U083RCT6, STM32U375CET6, STM32U375CET6Q, STM32U375CEU6, STM32U375CEU6Q, STM32U375CEY6QTR, STM32U375CGT6, STM32U375CGT6Q, STM32U375CGU6, STM32U375CGU6Q, STM32U375CGY6QTR, STM32U375KEU6, STM32U375KGU6, STM32U375REI6, STM32U375REI6Q, STM32U375RET6, STM32U375RET6Q, STM32U375REY6GTR, STM32U375REY6QTR, STM32U375RGI6, STM32U375RGI6Q, STM32U375RGT6, STM32U375RGT6Q, STM32U375RGY6GTR, STM32U375RGY6QTR, STM32U375VEI6, STM32U375VEI6Q, STM32U375VET6, STM32U375VET6Q, STM32U375VGI6, STM32U375VGI6Q, STM32U375VGT6, STM32U375VGT6Q, STM32U385CGT6, STM32U385CGT6Q, STM32U385CGU6, STM32U385CGU6Q, STM32U385CGY6QTR, STM32U385KGU6, STM32U385RGI6, STM32U385RGI6Q, STM32U385RGT6, STM32U385RGT6Q, STM32U385RGY6GTR, STM32U385RGY6QTR, STM32U385VGI6, STM32U385VGI6Q, STM32U385VGT6, STM32U385VGT6Q, STM32U535CBT6, STM32U535CBT6Q, STM32U535CBU6, STM32U535CBU6Q, STM32U535CCT6, STM32U535CCT6Q, STM32U535CCU6, STM32U535CCU6Q, STM32U535CET6, STM32U535CET6Q, STM32U535CEU6, STM32U535CEU6Q, STM32U535JEY6QTR, STM32U535NCY6QTR, STM32U535NEY6QTR, STM32U535RBI6, STM32U535RBI6Q, STM32U535RBT6, STM32U535RBT6Q, STM32U535RCI6, STM32U535RCI6Q, STM32U535RCT6, STM32U535RCT6Q, STM32U535REI6, STM32U535REI6Q, STM32U535RET6, STM32U535RET6Q, STM32U535VCI6, STM32U535VCI6Q, STM32U535VCT6, STM32U535VCT6Q, STM32U535VEI6, STM32U535VEI6Q, STM32U535VET6, STM32U535VET6Q, STM32U545CET6, STM32U545CET6Q, STM32U545CEU6, STM32U545CEU6Q, STM32U545JEY6QTR, STM32U545NEY6QTR, STM32U545REI6, STM32U545REI6Q, STM32U545RET6, STM32U545RET6Q, STM32U545VEI6, STM32U545VEI6Q, STM32U545VET6, STM32U545VET6Q, STM32U595AIH6, STM32U595AIH6Q, STM32U595AJH6, STM32U595AJH6Q, STM32U595QII6, STM32U595QII6Q, STM32U595QJI6, STM32U595QJI6Q, STM32U595RIT6, STM32U595RIT6Q, STM32U595RJT6, STM32U595RJT6Q, STM32U595VIT6, STM32U595VIT6Q, STM32U595VJT6, STM32U595VJT6Q, STM32U595ZIT6, STM32U595ZIT6Q, STM32U595ZIY6QTR, STM32U595ZJT6, STM32U595ZJT6Q, STM32U595ZJY6QTR, STM32U599BJY6QTR, STM32U599NIH6Q, STM32U599NJH6Q, STM32U599VIT6Q, STM32U599VJT6, STM32U599VJT6Q, STM32U599ZIT6Q, STM32U599ZIY6QTR, STM32U599ZJT6Q, STM32U599ZJY6QTR, STM32U5A5AJH6, STM32U5A5AJH6Q, STM32U5A5QII3Q , STM32U5A5QJI6, STM32U5A5QJI6Q, STM32U5A5RJT6, STM32U5A5RJT6Q, STM32U5A5VJT6, STM32U5A5VJT6Q, STM32U5A5ZJT6, STM32U5A5ZJT6Q, STM32U5A5ZJY6QTR, STM32U5A9BJY6QTR, STM32U5A9J-DK, STM32U5A9NJH6Q, STM32U5A9VJT6Q, STM32U5A9ZJT6Q, STM32U5A9ZJY6QTR, STM32U5F7VIT6, STM32U5F7VIT6Q, STM32U5F7VJT6, STM32U5F7VJT6Q, STM32U5F9BJY6QTR, STM32U5F9NJH6Q, STM32U5F9VIT6Q, STM32U5F9VJT6Q, STM32U5F9ZIJ6QTR, STM32U5F9ZIT6Q, STM32U5F9ZJJ6QTR, STM32U5F9ZJT6Q, STM32U5G7VJT6, STM32U5G7VJT6Q, STM32U5G9BJY6QTR, STM32U5G9J-DK1, STM32U5G9J-DK2, STM32U5G9NJH6Q, STM32U5G9VJT6Q, STM32U5G9ZJJ6QTR, STM32U5G9ZJT6Q, STM32WB05KZV6TR, STM32WB05KZV7TR, STM32WB05TZF6TR, STM32WB05TZF7TR, STM32WB06CCF6TR, STM32WB06CCF7TR, STM32WB06CCV6TR, STM32WB06CCV7TR, STM32WB06KCV6TR, STM32WB06KCV7TR, STM32WB07CCF6TR, STM32WB07CCF7TR, STM32WB07CCV6TR, STM32WB07CCV7TR, STM32WB07KCV6TR, STM32WB07KCV7TR, STM32WB09KEV6TR, STM32WB09KEV7TR, STM32WB09TEF6TR, STM32WB09TEF7TR, STM32WB1MMCH6, STM32WBA50KGU6, STM32WBA50KGU6TR, STM32WBA52CEU6, STM32WBA52CEU6TR, STM32WBA52CEU7, STM32WBA52CEU7TR, STM32WBA52CGU6, STM32WBA52CGU6TR, STM32WBA52CGU6U, STM32WBA52CGU7, STM32WBA52CGU7TR, STM32WBA52KEU6, STM32WBA52KEU6TR, STM32WBA52KGU6, STM32WBA52KGU6TR, STM32WBA54CEU6, STM32WBA54CEU6TR, STM32WBA54CEU7, STM32WBA54CEU7TR, STM32WBA54CGU6, STM32WBA54CGU6TR, STM32WBA54CGU7, STM32WBA54CGU7TR, STM32WBA54KEU6, STM32WBA54KEU6TR, STM32WBA54KEU7, STM32WBA54KEU7TR, STM32WBA54KGU6, STM32WBA54KGU6TR, STM32WBA54KGU7, STM32WBA54KGU7TR, STM32WBA55CEU6, STM32WBA55CEU6TR, STM32WBA55CEU7, STM32WBA55CEU7TR, STM32WBA55CGU6, STM32WBA55CGU6TR, STM32WBA55CGU6U, STM32WBA55CGU7, STM32WBA55CGU7TR, STM32WBA55G-DK1, STM32WBA55HEF6, STM32WBA55HEF7, STM32WBA55HGF6, STM32WBA55HGF7, STM32WBA55UEI6, STM32WBA55UEI6TR, STM32WBA55UEI7, STM32WBA55UEI7TR, STM32WBA55UGI6, STM32WBA55UGI6TR, STM32WBA55UGI7, STM32WBA55UGI7TR, STM32WBA5MJGH6TR, STM32WBA62CGU6, STM32WBA62CIU6, STM32WBA62MGF6, STM32WBA62MIF6, STM32WBA62PGI6, STM32WBA62PII6, STM32WBA63CGU6, STM32WBA63CGU7, STM32WBA63CIU6, STM32WBA63CIU7, STM32WBA64CGU6, STM32WBA64CGU7, STM32WBA64CIU6, STM32WBA64CIU7, STM32WBA65CGU6, STM32WBA65CGU7, STM32WBA65CIU6, STM32WBA65CIU7, STM32WBA65I-DK1, STM32WBA65MGF6, STM32WBA65MGF7, STM32WBA65MIF6, STM32WBA65MIF7, STM32WBA65PGI6, STM32WBA65PGI7, STM32WBA65PII6, STM32WBA65PII7, STM32WBA65RGV6, STM32WBA65RGV7, STM32WBA65RIV6, STM32WBA65RIV7, STM32WL30K8V6, STM32WL30KBV6, STM32WL31C8V6, STM32WL31CBV6, STM32WL31K8V6, STM32WL31KBV6, STM32WL33C8V6, STM32WL33C8V6TR, STM32WL33C8V7, STM32WL33C8V7TR, STM32WL33CBV6, STM32WL33CBV6TR, STM32WL33CBV7, STM32WL33CBV7TR, STM32WL33CCV6, STM32WL33CCV6TR, STM32WL33CCV7, STM32WL33CCV7A, STM32WL33CCV7ATR, STM32WL33CCV7TR, STM32WL33K8V6, STM32WL33K8V6TR, STM32WL33K8V7, STM32WL33K8V7TR, STM32WL33KBV6, STM32WL33KBV6TR, STM32WL33KBV7, STM32WL33KBV7TR, STM32WL33KCV6, STM32WL33KCV6TR, STM32WL33KCV7, STM32WL33KCV7TR, STM32WL5MOCH6, STM32WL5MOCH6TR]
2026-08-15 09:28:33,820 [INFO] DbMcus:218 - Found 5246 MCUs, 5093 are supported
2026-08-15 09:28:33,821 [INFO] ApiDb:423 - Load user favorites file /home/thuy/.stm32cubeide/favorites.mcus.txt: 0 item(s)
2026-08-15 09:28:33,821 [INFO] ApiDb:427 - User favorites MCUs=[]
2026-08-15 09:28:33,821 [INFO] DbMcus:224 - Set 0 / 0 favorites MCUs
2026-08-15 09:28:34,209 [INFO] BoardInfo:889 - No configuration file found for board NUCLEO-H5E5ZJ
2026-08-15 09:28:34,209 [INFO] DbBoards:161 - Board is not supported: NUCLEO-H5E5ZJ
2026-08-15 09:28:34,228 [INFO] BoardInfo:889 - No configuration file found for board NUCLEO-U3C5ZI-Q
2026-08-15 09:28:34,228 [INFO] DbBoards:161 - Board is not supported: NUCLEO-U3C5ZI-Q
2026-08-15 09:28:34,234 [INFO] BoardInfo:889 - No configuration file found for board NUCLEO-WBA25CE1
2026-08-15 09:28:34,234 [INFO] DbBoards:161 - Board is not supported: NUCLEO-WBA25CE1
2026-08-15 09:28:34,237 [INFO] BoardInfo:889 - No configuration file found for board NUCLEO-WL3RKB1
2026-08-15 09:28:34,237 [INFO] DbBoards:161 - Board is not supported: NUCLEO-WL3RKB1
2026-08-15 09:28:34,238 [INFO] BoardInfo:889 - No configuration file found for board NUCLEO-WL3RKB2
2026-08-15 09:28:34,238 [INFO] DbBoards:161 - Board is not supported: NUCLEO-WL3RKB2
2026-08-15 09:28:34,241 [INFO] BoardInfo:889 - No configuration file found for board P-NUCLEO-WB55
2026-08-15 09:28:34,241 [INFO] DbBoards:161 - Kit is not supported: P-NUCLEO-WB55
2026-08-15 09:28:34,243 [INFO] BoardInfo:889 - No configuration file found for board STEVAL-BFA001V1B
2026-08-15 09:28:34,243 [INFO] DbBoards:161 - Kit is not supported: STEVAL-BFA001V1B
2026-08-15 09:28:34,244 [INFO] BoardInfo:889 - No configuration file found for board STEVAL-BFA001V2B
2026-08-15 09:28:34,244 [INFO] DbBoards:161 - Kit is not supported: STEVAL-BFA001V2B
2026-08-15 09:28:34,292 [INFO] BoardInfo:889 - No configuration file found for board STM32H5F5J-DK
2026-08-15 09:28:34,293 [INFO] DbBoards:161 - Board is not supported: STM32H5F5J-DK
2026-08-15 09:28:34,314 [INFO] BoardInfo:889 - No configuration file found for board STM32MP215F-DK
2026-08-15 09:28:34,315 [INFO] DbBoards:161 - Board is not supported: STM32MP215F-DK
2026-08-15 09:28:34,322 [INFO] DbBoards:168 - Found 218 boards, 208 are supported
2026-08-15 09:28:34,323 [INFO] DbBoards:169 - Found 218 boards, 43 of them is supported for  Bsp
2026-08-15 09:28:34,339 [INFO] ApiDb:423 - Load user favorites file /home/thuy/.stm32cubeide/favorites.boards.txt: 0 item(s)
2026-08-15 09:28:34,339 [INFO] ApiDb:427 - User favorites Boards=[]
2026-08-15 09:28:34,339 [INFO] DbBoards:198 - Set 0 / 0 favorites Boards
2026-08-15 09:28:34,381 [INFO] UtilMem:75 - End LoadConfig() Used Memory: 372391184 Bytes (987758592)
2026-08-15 09:28:34,485 [WARN] ThirdParty:833 - waiting for thirdparty lock release [change project]
2026-08-15 09:28:34,486 [INFO] ThirdParty:835 - entering critical section [change project]
2026-08-15 09:28:34,486 [INFO] ThirdParty:1030 - CMSIS Pack Vendor :STMicroelectronics X-CUBE-AZRTOS-H7 3.5.0
2026-08-15 09:28:34,486 [INFO] ThirdParty:1030 - CMSIS Pack Vendor :STMicroelectronics X-CUBE-PM33A1 1.0.0
2026-08-15 09:28:34,486 [INFO] ThirdParty:1030 - CMSIS Pack Vendor :STMicroelectronics USBPD 4.1
2026-08-15 09:28:34,486 [INFO] ThirdParty:1030 - CMSIS Pack Vendor :STMicroelectronics X-CUBE-NFC9 1.0.0
2026-08-15 09:28:34,486 [INFO] ThirdParty:1030 - CMSIS Pack Vendor :STMicroelectronics USB_HOST 2.0.0
2026-08-15 09:28:34,486 [INFO] ThirdParty:1030 - CMSIS Pack Vendor :STMicroelectronics FP-ATR-ASTRA1 2.0.3
2026-08-15 09:28:34,486 [INFO] ThirdParty:1030 - CMSIS Pack Vendor :STMicroelectronics X-CUBE-AZRTOS-F4 1.1.0
2026-08-15 09:28:34,486 [INFO] ThirdParty:1030 - CMSIS Pack Vendor :STMicroelectronics LIBJPEG 8.0.0
2026-08-15 09:28:34,486 [INFO] ThirdParty:1030 - CMSIS Pack Vendor :STMicroelectronics FP-ATR-ASTRA1 2.0.2
2026-08-15 09:28:34,487 [INFO] ThirdParty:1030 - CMSIS Pack Vendor :STMicroelectronics X-CUBE-BLE1 7.1.0
2026-08-15 09:28:34,487 [INFO] ThirdParty:1030 - CMSIS Pack Vendor :wolfSSL I-CUBE-wolfMQTT 1.19.2
2026-08-15 09:28:34,487 [INFO] ThirdParty:1030 - CMSIS Pack Vendor :STMicroelectronics USB_DEVICE 3.0.0
2026-08-15 09:28:34,487 [INFO] ThirdParty:1030 - CMSIS Pack Vendor :STMicroelectronics X-CUBE-ISPU 2.1.0
2026-08-15 09:28:34,487 [INFO] ThirdParty:1030 - CMSIS Pack Vendor :STMicroelectronics X-CUBE-EEPRMA1 5.2.0
2026-08-15 09:28:34,487 [INFO] ThirdParty:1030 - CMSIS Pack Vendor :STMicroelectronics eDS-WB_DPC_TT-BIDIR 2.1.1
2026-08-15 09:28:34,487 [INFO] ThirdParty:1030 - CMSIS Pack Vendor :STMicroelectronics X-CUBE-AZRTOS-WB 2.0.0
2026-08-15 09:28:34,487 [INFO] ThirdParty:1030 - CMSIS Pack Vendor :STMicroelectronics X-CUBE-NFC12 1.0.0
2026-08-15 09:28:34,487 [INFO] ThirdParty:1030 - CMSIS Pack Vendor :STMicroelectronics X-CUBE-AZRTOS-F7 1.1.0
2026-08-15 09:28:34,487 [INFO] ThirdParty:1030 - CMSIS Pack Vendor :STMicroelectronics X-CUBE-AZRTOS-L5 2.0.0
2026-08-15 09:28:34,487 [INFO] ThirdParty:1030 - CMSIS Pack Vendor :STMicroelectronics USB_DEVICE 2.0.0
2026-08-15 09:28:34,487 [INFO] ThirdParty:1030 - CMSIS Pack Vendor :quantropi X-CUBE-qispace-sdk-base 2.1.0
2026-08-15 09:28:34,487 [INFO] ThirdParty:1030 - CMSIS Pack Vendor :STMicroelectronics X-CUBE-STSE01 2.0.0
2026-08-15 09:28:34,487 [INFO] ThirdParty:1030 - CMSIS Pack Vendor :STMicroelectronics X-CUBE-ALGOBUILD 1.5.0
2026-08-15 09:28:34,487 [INFO] ThirdParty:1030 - CMSIS Pack Vendor :STMicroelectronics FreeRTOS 0.0.1
2026-08-15 09:28:34,487 [INFO] ThirdParty:1030 - CMSIS Pack Vendor :STMicroelectronics X-CUBE-AZRTOS-H7RS 1.3.0
2026-08-15 09:28:34,487 [INFO] ThirdParty:1030 - CMSIS Pack Vendor :STMicroelectronics X-CUBE-AZRTOS-G0 1.1.0
2026-08-15 09:28:34,487 [INFO] ThirdParty:1030 - CMSIS Pack Vendor :STMicroelectronics X-CUBE-NFC4 3.0.0
2026-08-15 09:28:34,487 [INFO] ThirdParty:1030 - CMSIS Pack Vendor :STMicroelectronics X-CUBE-SUBG2 5.0.0
2026-08-15 09:28:34,487 [INFO] ThirdParty:1030 - CMSIS Pack Vendor :STMicroelectronics STM32_WPAN 1.0.0
2026-08-15 09:28:34,487 [INFO] ThirdParty:1030 - CMSIS Pack Vendor :STMicroelectronics eDS-WB_DPC_VIENNA 1.2.0
2026-08-15 09:28:34,487 [INFO] ThirdParty:1030 - CMSIS Pack Vendor :EmbeddedOffice I-CUBE-FS-RTOS 1.0.1
2026-08-15 09:28:34,487 [INFO] ThirdParty:1030 - CMSIS Pack Vendor :STMicroelectronics lwIP 2.0.3
2026-08-15 09:28:34,487 [INFO] ThirdParty:1030 - CMSIS Pack Vendor :STMicroelectronics X-CUBE-MEMS1 13.0.0
2026-08-15 09:28:34,487 [INFO] ThirdParty:1030 - CMSIS Pack Vendor :STMicroelectronics eDS-WB_DPC_3PH2L-BIDIR 1.1.1
2026-08-15 09:28:34,487 [INFO] ThirdParty:1030 - CMSIS Pack Vendor :STMicroelectronics USB_HOST 1.0.0
2026-08-15 09:28:34,487 [INFO] ThirdParty:1030 - CMSIS Pack Vendor :STMicroelectronics X-CUBE-AZRTOS-G4 2.0.0
2026-08-15 09:28:34,488 [INFO] ThirdParty:1030 - CMSIS Pack Vendor :STMicroelectronics PDM2PCM 3.1.0
2026-08-15 09:28:34,488 [INFO] ThirdParty:1030 - CMSIS Pack Vendor :STMicroelectronics PDM2PCM 3.3.0
2026-08-15 09:28:34,488 [INFO] ThirdParty:1030 - CMSIS Pack Vendor :wolfSSL I-CUBE-wolfTPM 3.8.0
2026-08-15 09:28:34,488 [INFO] ThirdParty:1030 - CMSIS Pack Vendor :STMicroelectronics X-CUBE-DISPLAY 3.0.0
2026-08-15 09:28:34,488 [INFO] ThirdParty:1030 - CMSIS Pack Vendor :wolfSSL I-CUBE-wolfSSH 1.4.20
2026-08-15 09:28:34,488 [INFO] ThirdParty:1030 - CMSIS Pack Vendor :STMicroelectronics X-CUBE-NFC7 2.0.0
2026-08-15 09:28:34,488 [INFO] ThirdParty:1030 - CMSIS Pack Vendor :STMicroelectronics X-CUBE-GNSS1 7.1.1
2026-08-15 09:28:34,488 [INFO] ThirdParty:1030 - CMSIS Pack Vendor :STMicroelectronics X-CUBE-TCPP 4.2.0
2026-08-15 09:28:34,488 [INFO] ThirdParty:1030 - CMSIS Pack Vendor :RealThread X-CUBE-RT-Thread_Nano 4.1.1
2026-08-15 09:28:34,488 [INFO] ThirdParty:1030 - CMSIS Pack Vendor :wolfSSL I-CUBE-wolfSSL 5.9.1
2026-08-15 09:28:34,488 [INFO] ThirdParty:1030 - CMSIS Pack Vendor :STMicroelectronics FP-ATR-SIGFOX1 3.2.0
2026-08-15 09:28:34,488 [INFO] ThirdParty:1030 - CMSIS Pack Vendor :STMicroelectronics X-CUBE-NFC10 1.0.0
2026-08-15 09:28:34,488 [INFO] ThirdParty:1030 - CMSIS Pack Vendor :STMicroelectronics HAL Drivers 0.0.0
2026-08-15 09:28:34,488 [INFO] ThirdParty:1030 - CMSIS Pack Vendor :STMicroelectronics MBEDTLS 2.16.2
2026-08-15 09:28:34,488 [INFO] ThirdParty:1030 - CMSIS Pack Vendor :STMicroelectronics X-CUBE-ST60 1.1.0
2026-08-15 09:28:34,488 [INFO] ThirdParty:1030 - CMSIS Pack Vendor :STMicroelectronics X-CUBE-ALS 1.0.2
2026-08-15 09:28:34,488 [INFO] ThirdParty:1030 - CMSIS Pack Vendor :emotas I-CUBE-CANOPEN 1.3.0
2026-08-15 09:28:34,488 [INFO] ThirdParty:1030 - CMSIS Pack Vendor :STMicroelectronics MBEDTLS 2.14.1
2026-08-15 09:28:34,488 [INFO] ThirdParty:1030 - CMSIS Pack Vendor :ITTIA_DB I-CUBE-ITTIADB 8.9.0
2026-08-15 09:28:34,488 [INFO] ThirdParty:1030 - CMSIS Pack Vendor :Cesanta I-CUBE-Mongoose 7.21.7
2026-08-15 09:28:34,488 [INFO] ThirdParty:1030 - CMSIS Pack Vendor :STMicroelectronics X-CUBE-TOUCHGFX 4.26.1
2026-08-15 09:28:34,488 [INFO] ThirdParty:1030 - CMSIS Pack Vendor :STMicroelectronics X-CUBE-NFC6 3.2.0
2026-08-15 09:28:34,488 [INFO] ThirdParty:1030 - CMSIS Pack Vendor :STMicroelectronics X-CUBE-AI 10.2.1
2026-08-15 09:28:34,488 [INFO] ThirdParty:1030 - CMSIS Pack Vendor :STMicroelectronics ThreadX 1.0.0
2026-08-15 09:28:34,488 [INFO] ThirdParty:1030 - CMSIS Pack Vendor :STMicroelectronics FP-SNS-SMARTAG2 1.2.0
2026-08-15 09:28:34,488 [INFO] ThirdParty:1030 - CMSIS Pack Vendor :STMicroelectronics X-CUBE-MEMS1 12.1.0
2026-08-15 09:28:34,488 [INFO] ThirdParty:1030 - CMSIS Pack Vendor :STMicroelectronics FP-SNS-FLIGHT1 5.1.0
2026-08-15 09:28:34,488 [INFO] ThirdParty:1030 - CMSIS Pack Vendor :STMicroelectronics X-CUBE-AZRTOS-WL 2.0.0
2026-08-15 09:28:34,488 [INFO] ThirdParty:1030 - CMSIS Pack Vendor :SEGGER I-CUBE-embOS 1.3.1
2026-08-15 09:28:34,488 [INFO] ThirdParty:1030 - CMSIS Pack Vendor :STMicroelectronics X-CUBE-DPower 1.3.0
2026-08-15 09:28:34,488 [INFO] ThirdParty:1030 - CMSIS Pack Vendor :STMicroelectronics USB_DEVICE 1.0.0
2026-08-15 09:28:34,489 [INFO] ThirdParty:1030 - CMSIS Pack Vendor :STMicroelectronics X-CUBE-AZRTOS-L4 2.0.0
2026-08-15 09:28:34,489 [INFO] ThirdParty:1030 - CMSIS Pack Vendor :STMicroelectronics ThreadX 0.0.2
2026-08-15 09:28:34,489 [INFO] ThirdParty:1030 - CMSIS Pack Vendor :STMicroelectronics lwIP 2.1.2
2026-08-15 09:28:34,489 [INFO] ThirdParty:1030 - CMSIS Pack Vendor :STMicroelectronics X-CUBE-SFXS2LP1 4.0.0
2026-08-15 09:28:34,489 [INFO] ThirdParty:1030 - CMSIS Pack Vendor :STMicroelectronics X-CUBE-BLE2 3.3.0
2026-08-15 09:28:34,489 [INFO] ThirdParty:1030 - CMSIS Pack Vendor :Avnet-IOTCONNECT X-CUBE-iotc-st67-sdk 1.0.0
2026-08-15 09:28:34,489 [INFO] ThirdParty:1030 - CMSIS Pack Vendor :STMicroelectronics X-CUBE-TOF1 3.4.3
2026-08-15 09:28:34,489 [INFO] ThirdParty:1030 - CMSIS Pack Vendor :Infineon AIROC-Wi-Fi-Bluetooth-STM32 1.8.0
2026-08-15 09:28:34,489 [INFO] ThirdParty:1030 - CMSIS Pack Vendor :STMicroelectronics X-CUBE-NFC13 1.0.0
2026-08-15 09:28:34,489 [INFO] ThirdParty:1030 - CMSIS Pack Vendor :STMicroelectronics PDM2PCM 3.2.0
2026-08-15 09:28:34,489 [INFO] ThirdParty:1030 - CMSIS Pack Vendor :STMicroelectronics X-CUBE-WB05N 2.1.0
2026-08-15 09:28:34,489 [INFO] ThirdParty:841 - exiting critical section [change project]
2026-08-15 09:28:34,703 [INFO] PinOutPanel:1589 - setPackage(No Configuration,No Configuration)
2026-08-15 09:28:34,704 [INFO] PinOutPanel:1589 - setPackage(STM32F103C8Tx,LQFP48)
2026-08-15 09:28:34,960 [INFO] UtilMem:75 - Before build in PCC Used Memory: 525825816 Bytes (987758592)
2026-08-15 09:28:35,413 [INFO] UtilMem:75 - After build in PCC Used Memory: 381681664 Bytes (987758592)
2026-08-15 09:28:35,435 [INFO] IPUIPlugin:80 - create IPUIPlugin
2026-08-15 09:28:35,436 [INFO] IPUIPlugin:80 - create IPUIPlugin
2026-08-15 09:28:35,436 [INFO] IPUIPlugin:80 - create IPUIPlugin
2026-08-15 09:28:35,436 [INFO] IPUIPlugin:80 - create IPUIPlugin
2026-08-15 09:28:35,436 [INFO] IPUIPlugin:80 - create IPUIPlugin
2026-08-15 09:28:35,436 [INFO] IPUIPlugin:80 - create IPUIPlugin
2026-08-15 09:28:35,436 [INFO] IPUIPlugin:80 - create IPUIPlugin
2026-08-15 09:28:35,436 [INFO] IPUIPlugin:80 - create IPUIPlugin
2026-08-15 09:28:35,436 [INFO] IPUIPlugin:80 - create IPUIPlugin
2026-08-15 09:28:35,436 [INFO] IPUIPlugin:80 - create IPUIPlugin
2026-08-15 09:28:35,437 [INFO] IPUIPlugin:80 - create IPUIPlugin
2026-08-15 09:28:35,437 [INFO] IPUIPlugin:80 - create IPUIPlugin
2026-08-15 09:28:35,437 [INFO] IPUIPlugin:80 - create IPUIPlugin
2026-08-15 09:28:35,437 [INFO] IPUIPlugin:80 - create IPUIPlugin
2026-08-15 09:28:35,437 [INFO] IPUIPlugin:80 - create IPUIPlugin
2026-08-15 09:28:35,437 [INFO] IPUIPlugin:80 - create IPUIPlugin
2026-08-15 09:28:35,437 [INFO] IPUIPlugin:80 - create IPUIPlugin
2026-08-15 09:28:35,437 [INFO] IPUIPlugin:80 - create IPUIPlugin
2026-08-15 09:28:35,437 [INFO] IPUIPlugin:80 - create IPUIPlugin
2026-08-15 09:28:35,438 [INFO] IPUIPlugin:80 - create IPUIPlugin
2026-08-15 09:28:35,438 [INFO] IPUIPlugin:80 - create IPUIPlugin
2026-08-15 09:28:35,438 [INFO] IPUIPlugin:80 - create IPUIPlugin
2026-08-15 09:28:35,438 [INFO] IPUIPlugin:80 - create IPUIPlugin
2026-08-15 09:28:35,439 [INFO] IPUIPlugin:80 - create IPUIPlugin
2026-08-15 09:28:35,439 [INFO] IPUIPlugin:80 - create IPUIPlugin
2026-08-15 09:28:35,439 [INFO] IPUIPlugin:80 - create IPUIPlugin
2026-08-15 09:28:35,439 [INFO] IPUIPlugin:80 - create IPUIPlugin
2026-08-15 09:28:35,445 [WARN] IP:2250 - I2C_Coeff_DF not found: check if there is a RefParameter without a condition.
2026-08-15 09:28:35,445 [WARN] IP:2250 - Analog_Filter not found: check if there is a RefParameter without a condition.
2026-08-15 09:28:35,562 [INFO] CADModel:165 - CPN selected for project levelSTM32F103C8T6
2026-08-15 09:28:35,563 [INFO] CADModel:114 - Register for checkConnection events
2026-08-15 09:28:35,600 [INFO] OpenFileManager:385 - Restore cursor
2026-08-15 09:28:35,740 [WARN] IP:2250 - I2C_Coeff_DF not found: check if there is a RefParameter without a condition.
2026-08-15 09:28:35,741 [WARN] IP:2250 - Analog_Filter not found: check if there is a RefParameter without a condition.
2026-08-15 09:28:35,741 [WARN] IP:2250 - I2C_Coeff_DF not found: check if there is a RefParameter without a condition.
2026-08-15 09:28:35,741 [WARN] IP:2250 - Analog_Filter not found: check if there is a RefParameter without a condition.
2026-08-15 09:28:41,998 [INFO] ADCParametersView:116 -                Rank 1 : false
2026-08-15 09:28:42,048 [INFO] ADCParametersView:116 -                Rank 1 : false
2026-08-15 09:28:42,048 [INFO] ADCParametersView:116 -                Rank 1 : false
2026-08-15 09:28:42,048 [INFO] ADCParametersView:116 -                Rank 1 : false
2026-08-15 09:28:42,048 [INFO] ADCParametersView:116 -                Rank 1 : false
2026-08-15 09:28:42,049 [INFO] ADCParametersView:116 -                Rank 1 : false
2026-08-15 09:28:42,049 [INFO] ADCParametersView:116 -                Rank 1 : false
2026-08-15 09:28:42,049 [INFO] ADCParametersView:116 -                Rank 1 : false
2026-08-15 09:28:42,049 [INFO] ADCParametersView:116 -                Rank 1 : false
2026-08-15 09:28:42,049 [INFO] ADCParametersView:116 -                Rank 1 : false
2026-08-15 09:28:42,049 [INFO] ADCParametersView:116 -                Rank 1 : false
2026-08-15 09:28:42,053 [INFO] ADCParametersView:116 -                Rank 1 : false
2026-08-15 09:28:48,817 [INFO] NvicIntPanel:101 - NVIC parent = com.st.microxplorer.plugins.ip.nvic.MultiNvicIntPanel[,0,0,490x454,layout=javax.swing.BoxLayout,alignmentX=0.0,alignmentY=0.0,border=,flags=9,maximumSize=,minimumSize=,preferredSize=]
2026-08-15 09:28:49,861 [INFO] ADCParametersView:116 -                Rank 1 : false
2026-08-15 09:28:49,861 [INFO] ADCParametersView:116 -                Rank 1 : false
2026-08-15 09:28:49,861 [INFO] ADCParametersView:116 -                Rank 1 : false
2026-08-15 09:28:49,861 [INFO] ADCParametersView:116 -                Rank 1 : false
2026-08-15 09:28:49,861 [INFO] ADCParametersView:116 -                Rank 1 : false
2026-08-15 09:28:49,861 [INFO] ADCParametersView:116 -                Rank 1 : false
2026-08-15 09:28:49,861 [INFO] ADCParametersView:116 -                Rank 1 : false
2026-08-15 09:28:49,861 [INFO] ADCParametersView:116 -                Rank 1 : false
2026-08-15 09:28:49,861 [INFO] ADCParametersView:116 -                Rank 1 : false
2026-08-15 09:28:49,861 [INFO] ADCParametersView:116 -                Rank 1 : false
2026-08-15 09:28:49,865 [INFO] ADCParametersView:116 -                Rank 1 : false
2026-08-15 09:28:53,135 [INFO] NvicIntPanel:101 - NVIC parent = com.st.microxplorer.plugins.ip.nvic.MultiNvicIntPanel[,0,0,0x0,invalid,layout=javax.swing.BoxLayout,alignmentX=0.0,alignmentY=0.0,border=,flags=9,maximumSize=,minimumSize=,preferredSize=]
2026-08-15 09:28:58,553 [INFO] UtilMem:75 - End SaveConfig() Used Memory: 459063744 Bytes (987758592)
2026-08-15 09:28:58,597 [INFO] UtilMem:75 - End SaveConfig() Used Memory: 470071744 Bytes (987758592)
2026-08-15 09:28:58,860 [INFO] UtilMem:75 - End SaveConfig() Used Memory: 494715328 Bytes (987758592)
2026-08-15 09:28:59,293 [INFO] BlockDiagram:2775 - set Specific Code input for plugin: SPI
2026-08-15 09:28:59,293 [INFO] BlockDiagram:2775 - set Specific Code input for plugin: NVIC
2026-08-15 09:28:59,293 [INFO] BlockDiagram:2775 - set Specific Code input for plugin: USART
2026-08-15 09:28:59,293 [INFO] BlockDiagram:2775 - set Specific Code input for plugin: DMA
2026-08-15 09:28:59,293 [INFO] BlockDiagram:2775 - set Specific Code input for plugin: SYS
2026-08-15 09:28:59,294 [INFO] BlockDiagram:2775 - set Specific Code input for plugin: GPIO
2026-08-15 09:28:59,294 [INFO] BlockDiagram:2775 - set Specific Code input for plugin: ADC
2026-08-15 09:28:59,294 [INFO] BlockDiagram:2775 - set Specific Code input for plugin: RCC
2026-08-15 09:28:59,294 [INFO] BlockDiagram:2775 - set Specific Code input for plugin: I2C
2026-08-15 09:28:59,294 [INFO] CodeGenerator:882 - code generatio: config db path: /opt/st/stm32cubeide_1.18.0/plugins/com.st.stm32cube.common.mx_6.14.0.202502271554//db/
2026-08-15 09:28:59,301 [WARN] IP:2250 - I2C_Coeff_DF not found: check if there is a RefParameter without a condition.
2026-08-15 09:28:59,302 [WARN] IP:2250 - Analog_Filter not found: check if there is a RefParameter without a condition.
2026-08-15 09:28:59,390 [INFO] CodeEngine:263 - oldGeneratedFile, /home/thuy/embedded/project/Quadcopter-STM32F4/STM32-RC_Transmitter/MXTmpFiles/license.tmp_save
2026-08-15 09:28:59,603 [INFO] CodeEngine:287 - Generated code: /home/thuy/embedded/project/Quadcopter-STM32F4/STM32-RC_Transmitter/MXTmpFiles/license.tmp
2026-08-15 09:28:59,653 [INFO] CodeEngine:263 - oldGeneratedFile, /home/thuy/embedded/project/Quadcopter-STM32F4/STM32-RC_Transmitter/MXTmpFiles/gpio.tmp_save
2026-08-15 09:28:59,733 [INFO] CodeEngine:287 - Generated code: /home/thuy/embedded/project/Quadcopter-STM32F4/STM32-RC_Transmitter/MXTmpFiles/gpio.tmp
2026-08-15 09:28:59,867 [INFO] CodeEngine:263 - oldGeneratedFile, /home/thuy/embedded/project/Quadcopter-STM32F4/STM32-RC_Transmitter/MXTmpFiles/dma.tmp_save
2026-08-15 09:28:59,920 [INFO] CodeEngine:287 - Generated code: /home/thuy/embedded/project/Quadcopter-STM32F4/STM32-RC_Transmitter/MXTmpFiles/dma.tmp
2026-08-15 09:28:59,922 [INFO] CodeEngine:263 - oldGeneratedFile, /home/thuy/embedded/project/Quadcopter-STM32F4/STM32-RC_Transmitter/MXTmpFiles/dma_GV.tmp_save
2026-08-15 09:28:59,982 [INFO] CodeEngine:287 - Generated code: /home/thuy/embedded/project/Quadcopter-STM32F4/STM32-RC_Transmitter/MXTmpFiles/dma_GV.tmp
2026-08-15 09:28:59,989 [INFO] CodeEngine:263 - oldGeneratedFile, /home/thuy/embedded/project/Quadcopter-STM32F4/STM32-RC_Transmitter/Core/Src/stm32f1xx_it.c_save
2026-08-15 09:29:00,105 [INFO] CodeEngine:287 - Generated code: /home/thuy/embedded/project/Quadcopter-STM32F4/STM32-RC_Transmitter/Core/Src/stm32f1xx_it.c
2026-08-15 09:29:00,107 [INFO] CodeEngine:263 - oldGeneratedFile, /home/thuy/embedded/project/Quadcopter-STM32F4/STM32-RC_Transmitter/Core/Inc/stm32f1xx_it.h_save
2026-08-15 09:29:00,163 [INFO] CodeEngine:287 - Generated code: /home/thuy/embedded/project/Quadcopter-STM32F4/STM32-RC_Transmitter/Core/Inc/stm32f1xx_it.h
2026-08-15 09:29:00,166 [INFO] CodeEngine:263 - oldGeneratedFile, /home/thuy/embedded/project/Quadcopter-STM32F4/STM32-RC_Transmitter/Core/Src/stm32f1xx_hal_msp.c_save
2026-08-15 09:29:00,251 [INFO] CodeEngine:287 - Generated code: /home/thuy/embedded/project/Quadcopter-STM32F4/STM32-RC_Transmitter/Core/Src/stm32f1xx_hal_msp.c
2026-08-15 09:29:00,252 [INFO] CodeEngine:263 - oldGeneratedFile, /home/thuy/embedded/project/Quadcopter-STM32F4/STM32-RC_Transmitter/MXTmpFiles/system.tmp_save
2026-08-15 09:29:00,290 [INFO] CodeEngine:287 - Generated code: /home/thuy/embedded/project/Quadcopter-STM32F4/STM32-RC_Transmitter/MXTmpFiles/system.tmp
2026-08-15 09:29:00,293 [INFO] CodeEngine:319 - oldGeneratedFile, /home/thuy/embedded/project/Quadcopter-STM32F4/STM32-RC_Transmitter/Core/Inc/stm32f1xx_hal_conf.h_save
2026-08-15 09:29:00,338 [INFO] CodeEngine:343 - Generated code: /home/thuy/embedded/project/Quadcopter-STM32F4/STM32-RC_Transmitter/Core/Inc/stm32f1xx_hal_conf.h
2026-08-15 09:29:00,361 [INFO] ApiDbMcu:508 - Load IP Config File for ADC1
2026-08-15 09:29:00,364 [INFO] ApiDbMcu:508 - Load IP Config File for I2C1
2026-08-15 09:29:00,367 [INFO] ApiDbMcu:508 - Load IP Config File for SPI2
2026-08-15 09:29:00,372 [INFO] ApiDbMcu:508 - Load IP Config File for USART1
2026-08-15 09:29:00,375 [INFO] ApiDbMcu:508 - Load IP Config File for RCC
2026-08-15 09:29:00,378 [INFO] CodeEngine:263 - oldGeneratedFile, /home/thuy/embedded/project/Quadcopter-STM32F4/STM32-RC_Transmitter/Core/Inc/main.h_save
2026-08-15 09:29:00,439 [INFO] CodeEngine:287 - Generated code: /home/thuy/embedded/project/Quadcopter-STM32F4/STM32-RC_Transmitter/Core/Inc/main.h
2026-08-15 09:29:00,440 [INFO] CodeEngine:263 - oldGeneratedFile, /home/thuy/embedded/project/Quadcopter-STM32F4/STM32-RC_Transmitter/Core/Src/main.c_save
2026-08-15 09:29:00,541 [INFO] CodeEngine:287 - Generated code: /home/thuy/embedded/project/Quadcopter-STM32F4/STM32-RC_Transmitter/Core/Src/main.c
2026-08-15 09:29:00,710 [INFO] ProjectBuilder:3324 - Time for Copy HAL[1] : 35mS.
2026-08-15 09:29:00,713 [INFO] ProjectBuilder:4912 - Project Generator version: 4.6.0-B36
2026-08-15 09:29:00,780 [INFO] ConfigFileManager:1590 - The Die is : DIE410
2026-08-15 09:29:00,789 [INFO] ApiDbMcu:508 - Load IP Config File for FATFS
2026-08-15 09:29:00,807 [INFO] ApiDbMcu:508 - Load IP Config File for FREERTOS
2026-08-15 09:29:00,822 [INFO] ApiDbMcu:508 - Load IP Config File for USB_DEVICE
2026-08-15 09:29:01,197 [INFO] LogOutputStream:77 - [STDOUT_REDIRECT] 
2026-08-15 09:29:01,800 [INFO] ProjectBuilder:5191 - Time for Generating toolchain IDE Files: 1086mS.
2026-08-15 09:29:01,800 [INFO] ProjectBuilder:3181 - Time for Copy CMSIS : 0mS.
2026-08-15 09:29:01,801 [INFO] ProjectBuilder:3181 - Time for Copy CMSIS : 0mS.
2026-08-15 09:29:03,274 [ERROR] LogOutputStream:75 - [STDERR_REDIRECT] Aug 15, 2026 9:29:03 AM java.util.prefs.FileSystemPreferences checkLockFile0ErrorCode
2026-08-15 09:29:03,274 [ERROR] LogOutputStream:75 - [STDERR_REDIRECT] WARNING: Could not lock System prefs. Unix error code 2.
2026-08-15 09:29:03,274 [ERROR] LogOutputStream:75 - [STDERR_REDIRECT] 
2026-08-15 09:29:03,274 [ERROR] LogOutputStream:75 - [STDERR_REDIRECT] Aug 15, 2026 9:29:03 AM java.util.prefs.FileSystemPreferences syncWorld
2026-08-15 09:29:03,274 [ERROR] LogOutputStream:75 - [STDERR_REDIRECT] WARNING: Couldn't flush system prefs: java.util.prefs.BackingStoreException: Couldn't get file lock.
2026-08-15 09:29:03,274 [ERROR] LogOutputStream:75 - [STDERR_REDIRECT] 
2026-08-15 09:29:33,270 [ERROR] LogOutputStream:75 - [STDERR_REDIRECT] Aug 15, 2026 9:29:33 AM java.util.prefs.FileSystemPreferences checkLockFile0ErrorCode
2026-08-15 09:29:33,270 [ERROR] LogOutputStream:75 - [STDERR_REDIRECT] WARNING: Could not lock System prefs. Unix error code 2.
2026-08-15 09:29:33,270 [ERROR] LogOutputStream:75 - [STDERR_REDIRECT] 
2026-08-15 09:29:33,271 [ERROR] LogOutputStream:75 - [STDERR_REDIRECT] Aug 15, 2026 9:29:33 AM java.util.prefs.FileSystemPreferences syncWorld
2026-08-15 09:29:33,271 [ERROR] LogOutputStream:75 - [STDERR_REDIRECT] WARNING: Couldn't flush system prefs: java.util.prefs.BackingStoreException: Couldn't get file lock.
2026-08-15 09:29:33,271 [ERROR] LogOutputStream:75 - [STDERR_REDIRECT] 
2026-08-15 09:30:03,270 [ERROR] LogOutputStream:75 - [STDERR_REDIRECT] Aug 15, 2026 9:30:03 AM java.util.prefs.FileSystemPreferences checkLockFile0ErrorCode
2026-08-15 09:30:03,270 [ERROR] LogOutputStream:75 - [STDERR_REDIRECT] WARNING: Could not lock System prefs. Unix error code 2.
2026-08-15 09:30:03,270 [ERROR] LogOutputStream:75 - [STDERR_REDIRECT] 
2026-08-15 09:30:03,271 [ERROR] LogOutputStream:75 - [STDERR_REDIRECT] Aug 15, 2026 9:30:03 AM java.util.prefs.FileSystemPreferences syncWorld
2026-08-15 09:30:03,271 [ERROR] LogOutputStream:75 - [STDERR_REDIRECT] WARNING: Couldn't flush system prefs: java.util.prefs.BackingStoreException: Couldn't get file lock.
2026-08-15 09:30:03,271 [ERROR] LogOutputStream:75 - [STDERR_REDIRECT] 
2026-08-15 09:30:33,271 [ERROR] LogOutputStream:75 - [STDERR_REDIRECT] Aug 15, 2026 9:30:33 AM java.util.prefs.FileSystemPreferences checkLockFile0ErrorCode
2026-08-15 09:30:33,271 [ERROR] LogOutputStream:75 - [STDERR_REDIRECT] WARNING: Could not lock System prefs. Unix error code 2.
2026-08-15 09:30:33,271 [ERROR] LogOutputStream:75 - [STDERR_REDIRECT] 
2026-08-15 09:30:33,271 [ERROR] LogOutputStream:75 - [STDERR_REDIRECT] Aug 15, 2026 9:30:33 AM java.util.prefs.FileSystemPreferences syncWorld
2026-08-15 09:30:33,271 [ERROR] LogOutputStream:75 - [STDERR_REDIRECT] WARNING: Couldn't flush system prefs: java.util.prefs.BackingStoreException: Couldn't get file lock.
2026-08-15 09:30:33,271 [ERROR] LogOutputStream:75 - [STDERR_REDIRECT] 
2026-08-15 09:31:03,271 [ERROR] LogOutputStream:75 - [STDERR_REDIRECT] Aug 15, 2026 9:31:03 AM java.util.prefs.FileSystemPreferences checkLockFile0ErrorCode
2026-08-15 09:31:03,271 [ERROR] LogOutputStream:75 - [STDERR_REDIRECT] WARNING: Could not lock System prefs. Unix error code 2.
2026-08-15 09:31:03,271 [ERROR] LogOutputStream:75 - [STDERR_REDIRECT] 
2026-08-15 09:31:03,271 [ERROR] LogOutputStream:75 - [STDERR_REDIRECT] Aug 15, 2026 9:31:03 AM java.util.prefs.FileSystemPreferences syncWorld
2026-08-15 09:31:03,271 [ERROR] LogOutputStream:75 - [STDERR_REDIRECT] WARNING: Couldn't flush system prefs: java.util.prefs.BackingStoreException: Couldn't get file lock.
2026-08-15 09:31:03,271 [ERROR] LogOutputStream:75 - [STDERR_REDIRECT] 
2026-08-15 09:31:33,272 [ERROR] LogOutputStream:75 - [STDERR_REDIRECT] Aug 15, 2026 9:31:33 AM java.util.prefs.FileSystemPreferences checkLockFile0ErrorCode
2026-08-15 09:31:33,272 [ERROR] LogOutputStream:75 - [STDERR_REDIRECT] WARNING: Could not lock System prefs. Unix error code 2.
2026-08-15 09:31:33,272 [ERROR] LogOutputStream:75 - [STDERR_REDIRECT] 
2026-08-15 09:31:33,273 [ERROR] LogOutputStream:75 - [STDERR_REDIRECT] Aug 15, 2026 9:31:33 AM java.util.prefs.FileSystemPreferences syncWorld
2026-08-15 09:31:33,273 [ERROR] LogOutputStream:75 - [STDERR_REDIRECT] WARNING: Couldn't flush system prefs: java.util.prefs.BackingStoreException: Couldn't get file lock.
2026-08-15 09:31:33,273 [ERROR] LogOutputStream:75 - [STDERR_REDIRECT] 
2026-08-15 09:32:03,271 [ERROR] LogOutputStream:75 - [STDERR_REDIRECT] Aug 15, 2026 9:32:03 AM java.util.prefs.FileSystemPreferences checkLockFile0ErrorCode
2026-08-15 09:32:03,271 [ERROR] LogOutputStream:75 - [STDERR_REDIRECT] WARNING: Could not lock System prefs. Unix error code 2.
2026-08-15 09:32:03,271 [ERROR] LogOutputStream:75 - [STDERR_REDIRECT] 
2026-08-15 09:32:03,272 [ERROR] LogOutputStream:75 - [STDERR_REDIRECT] Aug 15, 2026 9:32:03 AM java.util.prefs.FileSystemPreferences syncWorld
2026-08-15 09:32:03,272 [ERROR] LogOutputStream:75 - [STDERR_REDIRECT] WARNING: Couldn't flush system prefs: java.util.prefs.BackingStoreException: Couldn't get file lock.
2026-08-15 09:32:03,272 [ERROR] LogOutputStream:75 - [STDERR_REDIRECT] 
2026-08-15 09:32:33,271 [ERROR] LogOutputStream:75 - [STDERR_REDIRECT] Aug 15, 2026 9:32:33 AM java.util.prefs.FileSystemPreferences checkLockFile0ErrorCode
2026-08-15 09:32:33,271 [ERROR] LogOutputStream:75 - [STDERR_REDIRECT] WARNING: Could not lock System prefs. Unix error code 2.
2026-08-15 09:32:33,271 [ERROR] LogOutputStream:75 - [STDERR_REDIRECT] 
2026-08-15 09:32:33,272 [ERROR] LogOutputStream:75 - [STDERR_REDIRECT] Aug 15, 2026 9:32:33 AM java.util.prefs.FileSystemPreferences syncWorld
2026-08-15 09:32:33,272 [ERROR] LogOutputStream:75 - [STDERR_REDIRECT] WARNING: Couldn't flush system prefs: java.util.prefs.BackingStoreException: Couldn't get file lock.
2026-08-15 09:32:33,272 [ERROR] LogOutputStream:75 - [STDERR_REDIRECT] 
2026-08-15 09:33:03,271 [ERROR] LogOutputStream:75 - [STDERR_REDIRECT] Aug 15, 2026 9:33:03 AM java.util.prefs.FileSystemPreferences checkLockFile0ErrorCode
2026-08-15 09:33:03,271 [ERROR] LogOutputStream:75 - [STDERR_REDIRECT] WARNING: Could not lock System prefs. Unix error code 2.
2026-08-15 09:33:03,271 [ERROR] LogOutputStream:75 - [STDERR_REDIRECT] 
2026-08-15 09:33:03,271 [ERROR] LogOutputStream:75 - [STDERR_REDIRECT] Aug 15, 2026 9:33:03 AM java.util.prefs.FileSystemPreferences syncWorld
2026-08-15 09:33:03,271 [ERROR] LogOutputStream:75 - [STDERR_REDIRECT] WARNING: Couldn't flush system prefs: java.util.prefs.BackingStoreException: Couldn't get file lock.
2026-08-15 09:33:03,271 [ERROR] LogOutputStream:75 - [STDERR_REDIRECT] 
2026-08-15 09:33:33,271 [ERROR] LogOutputStream:75 - [STDERR_REDIRECT] Aug 15, 2026 9:33:33 AM java.util.prefs.FileSystemPreferences checkLockFile0ErrorCode
2026-08-15 09:33:33,271 [ERROR] LogOutputStream:75 - [STDERR_REDIRECT] WARNING: Could not lock System prefs. Unix error code 2.
2026-08-15 09:33:33,271 [ERROR] LogOutputStream:75 - [STDERR_REDIRECT] 
2026-08-15 09:33:33,271 [ERROR] LogOutputStream:75 - [STDERR_REDIRECT] Aug 15, 2026 9:33:33 AM java.util.prefs.FileSystemPreferences syncWorld
2026-08-15 09:33:33,272 [ERROR] LogOutputStream:75 - [STDERR_REDIRECT] WARNING: Couldn't flush system prefs: java.util.prefs.BackingStoreException: Couldn't get file lock.
2026-08-15 09:33:33,272 [ERROR] LogOutputStream:75 - [STDERR_REDIRECT] 
2026-08-15 09:34:03,270 [ERROR] LogOutputStream:75 - [STDERR_REDIRECT] Aug 15, 2026 9:34:03 AM java.util.prefs.FileSystemPreferences checkLockFile0ErrorCode
2026-08-15 09:34:03,271 [ERROR] LogOutputStream:75 - [STDERR_REDIRECT] WARNING: Could not lock System prefs. Unix error code 2.
2026-08-15 09:34:03,271 [ERROR] LogOutputStream:75 - [STDERR_REDIRECT] 
2026-08-15 09:34:03,271 [ERROR] LogOutputStream:75 - [STDERR_REDIRECT] Aug 15, 2026 9:34:03 AM java.util.prefs.FileSystemPreferences syncWorld
2026-08-15 09:34:03,271 [ERROR] LogOutputStream:75 - [STDERR_REDIRECT] WARNING: Couldn't flush system prefs: java.util.prefs.BackingStoreException: Couldn't get file lock.
2026-08-15 09:34:03,271 [ERROR] LogOutputStream:75 - [STDERR_REDIRECT] 
2026-08-15 09:34:33,270 [ERROR] LogOutputStream:75 - [STDERR_REDIRECT] Aug 15, 2026 9:34:33 AM java.util.prefs.FileSystemPreferences checkLockFile0ErrorCode
2026-08-15 09:34:33,270 [ERROR] LogOutputStream:75 - [STDERR_REDIRECT] WARNING: Could not lock System prefs. Unix error code 2.
2026-08-15 09:34:33,270 [ERROR] LogOutputStream:75 - [STDERR_REDIRECT] 
2026-08-15 09:34:33,271 [ERROR] LogOutputStream:75 - [STDERR_REDIRECT] Aug 15, 2026 9:34:33 AM java.util.prefs.FileSystemPreferences syncWorld
2026-08-15 09:34:33,271 [ERROR] LogOutputStream:75 - [STDERR_REDIRECT] WARNING: Couldn't flush system prefs: java.util.prefs.BackingStoreException: Couldn't get file lock.
2026-08-15 09:34:33,271 [ERROR] LogOutputStream:75 - [STDERR_REDIRECT] 
2026-08-15 09:34:57,931 [INFO] NvicIntPanel:101 - NVIC parent = com.st.microxplorer.plugins.ip.nvic.MultiNvicIntPanel[,0,0,0x0,invalid,layout=javax.swing.BoxLayout,alignmentX=0.0,alignmentY=0.0,border=,flags=9,maximumSize=,minimumSize=,preferredSize=]
2026-08-15 09:35:03,272 [ERROR] LogOutputStream:75 - [STDERR_REDIRECT] Aug 15, 2026 9:35:03 AM java.util.prefs.FileSystemPreferences checkLockFile0ErrorCode
2026-08-15 09:35:03,272 [ERROR] LogOutputStream:75 - [STDERR_REDIRECT] WARNING: Could not lock System prefs. Unix error code 2.
2026-08-15 09:35:03,272 [ERROR] LogOutputStream:75 - [STDERR_REDIRECT] 
2026-08-15 09:35:03,272 [ERROR] LogOutputStream:75 - [STDERR_REDIRECT] Aug 15, 2026 9:35:03 AM java.util.prefs.FileSystemPreferences syncWorld
2026-08-15 09:35:03,272 [ERROR] LogOutputStream:75 - [STDERR_REDIRECT] WARNING: Couldn't flush system prefs: java.util.prefs.BackingStoreException: Couldn't get file lock.
2026-08-15 09:35:03,272 [ERROR] LogOutputStream:75 - [STDERR_REDIRECT] 
2026-08-15 09:35:14,612 [INFO] ADCParametersView:116 -                Rank 1 : false
2026-08-15 09:35:14,612 [INFO] ADCParametersView:116 -                Rank 1 : false
2026-08-15 09:35:14,613 [INFO] ADCParametersView:116 -                Rank 1 : false
2026-08-15 09:35:14,613 [INFO] ADCParametersView:116 -                Rank 1 : false
2026-08-15 09:35:14,613 [INFO] ADCParametersView:116 -                Rank 1 : false
2026-08-15 09:35:14,613 [INFO] ADCParametersView:116 -                Rank 1 : false
2026-08-15 09:35:14,613 [INFO] ADCParametersView:116 -                Rank 1 : false
2026-08-15 09:35:14,613 [INFO] ADCParametersView:116 -                Rank 1 : false
2026-08-15 09:35:14,613 [INFO] ADCParametersView:116 -                Rank 1 : false
2026-08-15 09:35:14,613 [INFO] ADCParametersView:116 -                Rank 1 : false
2026-08-15 09:35:14,617 [INFO] ADCParametersView:116 -                Rank 1 : false
2026-08-15 09:35:14,631 [INFO] ADCParametersView:116 -                Rank 1 : false
2026-08-15 09:35:14,631 [INFO] ADCParametersView:116 -                Rank 1 : false
2026-08-15 09:35:14,631 [INFO] ADCParametersView:116 -                Rank 1 : false
2026-08-15 09:35:14,631 [INFO] ADCParametersView:116 -                Rank 1 : false
2026-08-15 09:35:14,631 [INFO] ADCParametersView:116 -                Rank 1 : false
2026-08-15 09:35:14,631 [INFO] ADCParametersView:116 -                Rank 1 : false
2026-08-15 09:35:14,632 [INFO] ADCParametersView:116 -                Rank 1 : false
2026-08-15 09:35:14,632 [INFO] ADCParametersView:116 -                Rank 1 : false
2026-08-15 09:35:14,632 [INFO] ADCParametersView:116 -                Rank 1 : false
2026-08-15 09:35:14,632 [INFO] ADCParametersView:116 -                Rank 1 : false
2026-08-15 09:35:14,635 [INFO] ADCParametersView:116 -                Rank 1 : false
2026-08-15 09:35:14,675 [WARN] IP:2250 - I2C_Coeff_DF not found: check if there is a RefParameter without a condition.
2026-08-15 09:35:14,675 [WARN] IP:2250 - Analog_Filter not found: check if there is a RefParameter without a condition.
2026-08-15 09:35:14,675 [WARN] IP:2250 - I2C_Coeff_DF not found: check if there is a RefParameter without a condition.
2026-08-15 09:35:14,675 [WARN] IP:2250 - Analog_Filter not found: check if there is a RefParameter without a condition.
2026-08-15 09:35:14,699 [WARN] IP:2250 - I2C_Coeff_DF not found: check if there is a RefParameter without a condition.
2026-08-15 09:35:14,699 [WARN] IP:2250 - Analog_Filter not found: check if there is a RefParameter without a condition.
2026-08-15 09:35:14,724 [WARN] IP:2250 - I2C_Coeff_DF not found: check if there is a RefParameter without a condition.
2026-08-15 09:35:14,724 [WARN] IP:2250 - Analog_Filter not found: check if there is a RefParameter without a condition.
2026-08-15 09:35:14,732 [INFO] ADCParametersView:116 -                Rank 1 : false
2026-08-15 09:35:14,732 [INFO] ADCParametersView:116 -                Rank 1 : false
2026-08-15 09:35:14,732 [INFO] ADCParametersView:116 -                Rank 1 : false
2026-08-15 09:35:14,732 [INFO] ADCParametersView:116 -                Rank 1 : false
2026-08-15 09:35:14,732 [INFO] ADCParametersView:116 -                Rank 1 : false
2026-08-15 09:35:14,733 [INFO] ADCParametersView:116 -                Rank 1 : false
2026-08-15 09:35:14,733 [INFO] ADCParametersView:116 -                Rank 1 : false
2026-08-15 09:35:14,733 [INFO] ADCParametersView:116 -                Rank 1 : false
2026-08-15 09:35:14,733 [INFO] ADCParametersView:116 -                Rank 1 : false
2026-08-15 09:35:14,733 [INFO] ADCParametersView:116 -                Rank 1 : false
2026-08-15 09:35:14,738 [INFO] ADCParametersView:116 -                Rank 1 : false
2026-08-15 09:35:14,753 [INFO] ADCParametersView:116 -                Rank 1 : false
2026-08-15 09:35:14,754 [INFO] ADCParametersView:116 -                Rank 1 : false
2026-08-15 09:35:14,754 [INFO] ADCParametersView:116 -                Rank 1 : false
2026-08-15 09:35:14,754 [INFO] ADCParametersView:116 -                Rank 1 : false
2026-08-15 09:35:14,754 [INFO] ADCParametersView:116 -                Rank 1 : false
2026-08-15 09:35:14,754 [INFO] ADCParametersView:116 -                Rank 1 : false
2026-08-15 09:35:14,754 [INFO] ADCParametersView:116 -                Rank 1 : false
2026-08-15 09:35:14,754 [INFO] ADCParametersView:116 -                Rank 1 : false
2026-08-15 09:35:14,754 [INFO] ADCParametersView:116 -                Rank 1 : false
2026-08-15 09:35:14,754 [INFO] ADCParametersView:116 -                Rank 1 : false
2026-08-15 09:35:14,758 [INFO] ADCParametersView:116 -                Rank 1 : false
2026-08-15 09:35:23,591 [INFO] UtilMem:75 - End SaveConfig() Used Memory: 459973344 Bytes (864026624)
2026-08-15 09:35:23,634 [INFO] UtilMem:75 - End SaveConfig() Used Memory: 470883904 Bytes (864026624)
2026-08-15 09:35:23,866 [INFO] UtilMem:75 - End SaveConfig() Used Memory: 534324800 Bytes (864026624)
2026-08-15 09:35:24,026 [INFO] BlockDiagram:2775 - set Specific Code input for plugin: SPI
2026-08-15 09:35:24,027 [INFO] BlockDiagram:2775 - set Specific Code input for plugin: NVIC
2026-08-15 09:35:24,027 [INFO] BlockDiagram:2775 - set Specific Code input for plugin: USART
2026-08-15 09:35:24,027 [INFO] BlockDiagram:2775 - set Specific Code input for plugin: DMA
2026-08-15 09:35:24,027 [INFO] BlockDiagram:2775 - set Specific Code input for plugin: SYS
2026-08-15 09:35:24,027 [INFO] BlockDiagram:2775 - set Specific Code input for plugin: GPIO
2026-08-15 09:35:24,027 [INFO] BlockDiagram:2775 - set Specific Code input for plugin: ADC
2026-08-15 09:35:24,027 [INFO] BlockDiagram:2775 - set Specific Code input for plugin: RCC
2026-08-15 09:35:24,027 [INFO] BlockDiagram:2775 - set Specific Code input for plugin: I2C
2026-08-15 09:35:24,027 [INFO] CodeGenerator:882 - code generatio: config db path: /opt/st/stm32cubeide_1.18.0/plugins/com.st.stm32cube.common.mx_6.14.0.202502271554//db/
2026-08-15 09:35:24,030 [INFO] Argument:325 - Argument : hdmavalue: null
2026-08-15 09:35:24,030 [INFO] Argument:327 - 	 sub Args: 
2026-08-15 09:35:24,030 [INFO] Argument:325 - Argument : Instancevalue: DMA1_Channel1
2026-08-15 09:35:24,030 [INFO] Argument:335 - Argument : Instancevalue: DMA1_Channel1
2026-08-15 09:35:24,030 [INFO] Argument:325 - Argument : Initvalue: null
2026-08-15 09:35:24,030 [INFO] Argument:327 - 	 sub Args: 
2026-08-15 09:35:24,030 [INFO] Argument:325 - Argument : Directionvalue: DMA_PERIPH_TO_MEMORY
2026-08-15 09:35:24,030 [INFO] Argument:335 - Argument : Directionvalue: DMA_PERIPH_TO_MEMORY
2026-08-15 09:35:24,030 [INFO] Argument:325 - Argument : PeriphIncvalue: DMA_PINC_DISABLE
2026-08-15 09:35:24,030 [INFO] Argument:335 - Argument : PeriphIncvalue: DMA_PINC_DISABLE
2026-08-15 09:35:24,030 [INFO] Argument:325 - Argument : MemIncvalue: DMA_MINC_ENABLE
2026-08-15 09:35:24,030 [INFO] Argument:335 - Argument : MemIncvalue: DMA_MINC_ENABLE
2026-08-15 09:35:24,030 [INFO] Argument:325 - Argument : PeriphDataAlignmentvalue: DMA_PDATAALIGN_HALFWORD
2026-08-15 09:35:24,030 [INFO] Argument:335 - Argument : PeriphDataAlignmentvalue: DMA_PDATAALIGN_HALFWORD
2026-08-15 09:35:24,030 [INFO] Argument:325 - Argument : MemDataAlignmentvalue: DMA_MDATAALIGN_HALFWORD
2026-08-15 09:35:24,030 [INFO] Argument:335 - Argument : MemDataAlignmentvalue: DMA_MDATAALIGN_HALFWORD
2026-08-15 09:35:24,030 [INFO] Argument:325 - Argument : Modevalue: DMA_NORMAL
2026-08-15 09:35:24,030 [INFO] Argument:335 - Argument : Modevalue: DMA_NORMAL
2026-08-15 09:35:24,030 [INFO] Argument:325 - Argument : Priorityvalue: DMA_PRIORITY_LOW
2026-08-15 09:35:24,030 [INFO] Argument:335 - Argument : Priorityvalue: DMA_PRIORITY_LOW
2026-08-15 09:35:24,030 [INFO] Argument:325 - Argument : Lockvalue: null
2026-08-15 09:35:24,031 [INFO] Argument:335 - Argument : Lockvalue: null
2026-08-15 09:35:24,031 [INFO] Argument:325 - Argument : Statevalue: null
2026-08-15 09:35:24,031 [INFO] Argument:335 - Argument : Statevalue: null
2026-08-15 09:35:24,031 [INFO] Argument:325 - Argument : Parentvalue: null
2026-08-15 09:35:24,031 [INFO] Argument:335 - Argument : Parentvalue: null
2026-08-15 09:35:24,031 [INFO] Argument:325 - Argument : XferCpltCallbackvalue: null
2026-08-15 09:35:24,031 [INFO] Argument:335 - Argument : XferCpltCallbackvalue: null
2026-08-15 09:35:24,031 [INFO] Argument:325 - Argument : XferHalfCpltCallbackvalue: null
2026-08-15 09:35:24,031 [INFO] Argument:335 - Argument : XferHalfCpltCallbackvalue: null
2026-08-15 09:35:24,031 [INFO] Argument:325 - Argument : XferErrorCallbackvalue: null
2026-08-15 09:35:24,031 [INFO] Argument:335 - Argument : XferErrorCallbackvalue: null
2026-08-15 09:35:24,031 [INFO] Argument:325 - Argument : ErrorCodevalue: null
2026-08-15 09:35:24,031 [INFO] Argument:335 - Argument : ErrorCodevalue: null
2026-08-15 09:35:24,032 [WARN] IP:2250 - I2C_Coeff_DF not found: check if there is a RefParameter without a condition.
2026-08-15 09:35:24,032 [WARN] IP:2250 - Analog_Filter not found: check if there is a RefParameter without a condition.
2026-08-15 09:35:24,078 [INFO] CodeEngine:263 - oldGeneratedFile, /home/thuy/embedded/project/Quadcopter-STM32F4/STM32-RC_Transmitter/MXTmpFiles/license.tmp_save
2026-08-15 09:35:24,174 [INFO] CodeEngine:287 - Generated code: /home/thuy/embedded/project/Quadcopter-STM32F4/STM32-RC_Transmitter/MXTmpFiles/license.tmp
2026-08-15 09:35:24,195 [INFO] CodeEngine:263 - oldGeneratedFile, /home/thuy/embedded/project/Quadcopter-STM32F4/STM32-RC_Transmitter/MXTmpFiles/gpio.tmp_save
2026-08-15 09:35:24,258 [INFO] CodeEngine:287 - Generated code: /home/thuy/embedded/project/Quadcopter-STM32F4/STM32-RC_Transmitter/MXTmpFiles/gpio.tmp
2026-08-15 09:35:24,385 [INFO] CodeEngine:263 - oldGeneratedFile, /home/thuy/embedded/project/Quadcopter-STM32F4/STM32-RC_Transmitter/MXTmpFiles/dma.tmp_save
2026-08-15 09:35:24,450 [INFO] CodeEngine:287 - Generated code: /home/thuy/embedded/project/Quadcopter-STM32F4/STM32-RC_Transmitter/MXTmpFiles/dma.tmp
2026-08-15 09:35:24,451 [INFO] CodeEngine:263 - oldGeneratedFile, /home/thuy/embedded/project/Quadcopter-STM32F4/STM32-RC_Transmitter/MXTmpFiles/dma_GV.tmp_save
2026-08-15 09:35:24,498 [INFO] CodeEngine:287 - Generated code: /home/thuy/embedded/project/Quadcopter-STM32F4/STM32-RC_Transmitter/MXTmpFiles/dma_GV.tmp
2026-08-15 09:35:24,502 [INFO] CodeEngine:263 - oldGeneratedFile, /home/thuy/embedded/project/Quadcopter-STM32F4/STM32-RC_Transmitter/Core/Src/stm32f1xx_it.c_save
2026-08-15 09:35:24,555 [INFO] CodeEngine:287 - Generated code: /home/thuy/embedded/project/Quadcopter-STM32F4/STM32-RC_Transmitter/Core/Src/stm32f1xx_it.c
2026-08-15 09:35:24,556 [INFO] CodeEngine:263 - oldGeneratedFile, /home/thuy/embedded/project/Quadcopter-STM32F4/STM32-RC_Transmitter/Core/Inc/stm32f1xx_it.h_save
2026-08-15 09:35:24,595 [INFO] CodeEngine:287 - Generated code: /home/thuy/embedded/project/Quadcopter-STM32F4/STM32-RC_Transmitter/Core/Inc/stm32f1xx_it.h
2026-08-15 09:35:24,598 [INFO] CodeEngine:263 - oldGeneratedFile, /home/thuy/embedded/project/Quadcopter-STM32F4/STM32-RC_Transmitter/Core/Src/stm32f1xx_hal_msp.c_save
2026-08-15 09:35:24,673 [INFO] CodeEngine:287 - Generated code: /home/thuy/embedded/project/Quadcopter-STM32F4/STM32-RC_Transmitter/Core/Src/stm32f1xx_hal_msp.c
2026-08-15 09:35:24,673 [INFO] CodeEngine:263 - oldGeneratedFile, /home/thuy/embedded/project/Quadcopter-STM32F4/STM32-RC_Transmitter/MXTmpFiles/system.tmp_save
2026-08-15 09:35:24,711 [INFO] CodeEngine:287 - Generated code: /home/thuy/embedded/project/Quadcopter-STM32F4/STM32-RC_Transmitter/MXTmpFiles/system.tmp
2026-08-15 09:35:24,713 [INFO] CodeEngine:319 - oldGeneratedFile, /home/thuy/embedded/project/Quadcopter-STM32F4/STM32-RC_Transmitter/Core/Inc/stm32f1xx_hal_conf.h_save
2026-08-15 09:35:24,755 [INFO] CodeEngine:343 - Generated code: /home/thuy/embedded/project/Quadcopter-STM32F4/STM32-RC_Transmitter/Core/Inc/stm32f1xx_hal_conf.h
2026-08-15 09:35:24,766 [INFO] CodeEngine:263 - oldGeneratedFile, /home/thuy/embedded/project/Quadcopter-STM32F4/STM32-RC_Transmitter/Core/Inc/main.h_save
2026-08-15 09:35:24,809 [INFO] CodeEngine:287 - Generated code: /home/thuy/embedded/project/Quadcopter-STM32F4/STM32-RC_Transmitter/Core/Inc/main.h
2026-08-15 09:35:24,810 [INFO] CodeEngine:263 - oldGeneratedFile, /home/thuy/embedded/project/Quadcopter-STM32F4/STM32-RC_Transmitter/Core/Src/main.c_save
2026-08-15 09:35:24,876 [INFO] CodeEngine:287 - Generated code: /home/thuy/embedded/project/Quadcopter-STM32F4/STM32-RC_Transmitter/Core/Src/main.c
2026-08-15 09:35:25,021 [INFO] ProjectBuilder:3324 - Time for Copy HAL[1] : 9mS.
2026-08-15 09:35:25,022 [INFO] ProjectBuilder:4912 - Project Generator version: 4.6.0-B36
2026-08-15 09:35:25,093 [INFO] ConfigFileManager:1590 - The Die is : DIE410
2026-08-15 09:35:25,560 [INFO] ProjectBuilder:5191 - Time for Generating toolchain IDE Files: 538mS.
2026-08-15 09:35:25,561 [INFO] ProjectBuilder:3181 - Time for Copy CMSIS : 1mS.
2026-08-15 09:35:25,561 [INFO] ProjectBuilder:3181 - Time for Copy CMSIS : 0mS.
2026-08-15 09:35:33,273 [ERROR] LogOutputStream:75 - [STDERR_REDIRECT] Aug 15, 2026 9:35:33 AM java.util.prefs.FileSystemPreferences checkLockFile0ErrorCode
2026-08-15 09:35:33,273 [ERROR] LogOutputStream:75 - [STDERR_REDIRECT] WARNING: Could not lock System prefs. Unix error code 2.
2026-08-15 09:35:33,273 [ERROR] LogOutputStream:75 - [STDERR_REDIRECT] 
2026-08-15 09:35:33,273 [ERROR] LogOutputStream:75 - [STDERR_REDIRECT] Aug 15, 2026 9:35:33 AM java.util.prefs.FileSystemPreferences syncWorld
2026-08-15 09:35:33,273 [ERROR] LogOutputStream:75 - [STDERR_REDIRECT] WARNING: Couldn't flush system prefs: java.util.prefs.BackingStoreException: Couldn't get file lock.
2026-08-15 09:35:33,273 [ERROR] LogOutputStream:75 - [STDERR_REDIRECT] 
2026-08-15 09:36:03,271 [ERROR] LogOutputStream:75 - [STDERR_REDIRECT] Aug 15, 2026 9:36:03 AM java.util.prefs.FileSystemPreferences checkLockFile0ErrorCode
2026-08-15 09:36:03,271 [ERROR] LogOutputStream:75 - [STDERR_REDIRECT] WARNING: Could not lock System prefs. Unix error code 2.
2026-08-15 09:36:03,271 [ERROR] LogOutputStream:75 - [STDERR_REDIRECT] 
2026-08-15 09:36:03,271 [ERROR] LogOutputStream:75 - [STDERR_REDIRECT] Aug 15, 2026 9:36:03 AM java.util.prefs.FileSystemPreferences syncWorld
2026-08-15 09:36:03,271 [ERROR] LogOutputStream:75 - [STDERR_REDIRECT] WARNING: Couldn't flush system prefs: java.util.prefs.BackingStoreException: Couldn't get file lock.
2026-08-15 09:36:03,271 [ERROR] LogOutputStream:75 - [STDERR_REDIRECT] 
2026-08-15 09:36:33,271 [ERROR] LogOutputStream:75 - [STDERR_REDIRECT] Aug 15, 2026 9:36:33 AM java.util.prefs.FileSystemPreferences checkLockFile0ErrorCode
2026-08-15 09:36:33,271 [ERROR] LogOutputStream:75 - [STDERR_REDIRECT] WARNING: Could not lock System prefs. Unix error code 2.
2026-08-15 09:36:33,271 [ERROR] LogOutputStream:75 - [STDERR_REDIRECT] 
2026-08-15 09:36:33,272 [ERROR] LogOutputStream:75 - [STDERR_REDIRECT] Aug 15, 2026 9:36:33 AM java.util.prefs.FileSystemPreferences syncWorld
2026-08-15 09:36:33,272 [ERROR] LogOutputStream:75 - [STDERR_REDIRECT] WARNING: Couldn't flush system prefs: java.util.prefs.BackingStoreException: Couldn't get file lock.
2026-08-15 09:36:33,272 [ERROR] LogOutputStream:75 - [STDERR_REDIRECT] 
2026-08-15 09:37:03,271 [ERROR] LogOutputStream:75 - [STDERR_REDIRECT] Aug 15, 2026 9:37:03 AM java.util.prefs.FileSystemPreferences checkLockFile0ErrorCode
2026-08-15 09:37:03,272 [ERROR] LogOutputStream:75 - [STDERR_REDIRECT] WARNING: Could not lock System prefs. Unix error code 2.
2026-08-15 09:37:03,272 [ERROR] LogOutputStream:75 - [STDERR_REDIRECT] 
2026-08-15 09:37:03,272 [ERROR] LogOutputStream:75 - [STDERR_REDIRECT] Aug 15, 2026 9:37:03 AM java.util.prefs.FileSystemPreferences syncWorld
2026-08-15 09:37:03,272 [ERROR] LogOutputStream:75 - [STDERR_REDIRECT] WARNING: Couldn't flush system prefs: java.util.prefs.BackingStoreException: Couldn't get file lock.
2026-08-15 09:37:03,273 [ERROR] LogOutputStream:75 - [STDERR_REDIRECT] 
2026-08-15 09:37:33,272 [ERROR] LogOutputStream:75 - [STDERR_REDIRECT] Aug 15, 2026 9:37:33 AM java.util.prefs.FileSystemPreferences checkLockFile0ErrorCode
2026-08-15 09:37:33,272 [ERROR] LogOutputStream:75 - [STDERR_REDIRECT] WARNING: Could not lock System prefs. Unix error code 2.
2026-08-15 09:37:33,272 [ERROR] LogOutputStream:75 - [STDERR_REDIRECT] 
2026-08-15 09:37:33,272 [ERROR] LogOutputStream:75 - [STDERR_REDIRECT] Aug 15, 2026 9:37:33 AM java.util.prefs.FileSystemPreferences syncWorld
2026-08-15 09:37:33,272 [ERROR] LogOutputStream:75 - [STDERR_REDIRECT] WARNING: Couldn't flush system prefs: java.util.prefs.BackingStoreException: Couldn't get file lock.
2026-08-15 09:37:33,272 [ERROR] LogOutputStream:75 - [STDERR_REDIRECT] 
2026-08-15 09:38:03,272 [ERROR] LogOutputStream:75 - [STDERR_REDIRECT] Aug 15, 2026 9:38:03 AM java.util.prefs.FileSystemPreferences checkLockFile0ErrorCode
2026-08-15 09:38:03,272 [ERROR] LogOutputStream:75 - [STDERR_REDIRECT] WARNING: Could not lock System prefs. Unix error code 2.
2026-08-15 09:38:03,272 [ERROR] LogOutputStream:75 - [STDERR_REDIRECT] 
2026-08-15 09:38:03,272 [ERROR] LogOutputStream:75 - [STDERR_REDIRECT] Aug 15, 2026 9:38:03 AM java.util.prefs.FileSystemPreferences syncWorld
2026-08-15 09:38:03,272 [ERROR] LogOutputStream:75 - [STDERR_REDIRECT] WARNING: Couldn't flush system prefs: java.util.prefs.BackingStoreException: Couldn't get file lock.
2026-08-15 09:38:03,272 [ERROR] LogOutputStream:75 - [STDERR_REDIRECT] 
2026-08-15 09:38:33,271 [ERROR] LogOutputStream:75 - [STDERR_REDIRECT] Aug 15, 2026 9:38:33 AM java.util.prefs.FileSystemPreferences checkLockFile0ErrorCode
2026-08-15 09:38:33,271 [ERROR] LogOutputStream:75 - [STDERR_REDIRECT] WARNING: Could not lock System prefs. Unix error code 2.
2026-08-15 09:38:33,271 [ERROR] LogOutputStream:75 - [STDERR_REDIRECT] 
2026-08-15 09:38:33,271 [ERROR] LogOutputStream:75 - [STDERR_REDIRECT] Aug 15, 2026 9:38:33 AM java.util.prefs.FileSystemPreferences syncWorld
2026-08-15 09:38:33,271 [ERROR] LogOutputStream:75 - [STDERR_REDIRECT] WARNING: Couldn't flush system prefs: java.util.prefs.BackingStoreException: Couldn't get file lock.
2026-08-15 09:38:33,271 [ERROR] LogOutputStream:75 - [STDERR_REDIRECT] 
2026-08-15 09:39:03,271 [ERROR] LogOutputStream:75 - [STDERR_REDIRECT] Aug 15, 2026 9:39:03 AM java.util.prefs.FileSystemPreferences checkLockFile0ErrorCode
2026-08-15 09:39:03,271 [ERROR] LogOutputStream:75 - [STDERR_REDIRECT] WARNING: Could not lock System prefs. Unix error code 2.
2026-08-15 09:39:03,272 [ERROR] LogOutputStream:75 - [STDERR_REDIRECT] 
2026-08-15 09:39:03,272 [ERROR] LogOutputStream:75 - [STDERR_REDIRECT] Aug 15, 2026 9:39:03 AM java.util.prefs.FileSystemPreferences syncWorld
2026-08-15 09:39:03,272 [ERROR] LogOutputStream:75 - [STDERR_REDIRECT] WARNING: Couldn't flush system prefs: java.util.prefs.BackingStoreException: Couldn't get file lock.
2026-08-15 09:39:03,272 [ERROR] LogOutputStream:75 - [STDERR_REDIRECT] 
2026-08-15 09:39:33,271 [ERROR] LogOutputStream:75 - [STDERR_REDIRECT] Aug 15, 2026 9:39:33 AM java.util.prefs.FileSystemPreferences checkLockFile0ErrorCode
2026-08-15 09:39:33,272 [ERROR] LogOutputStream:75 - [STDERR_REDIRECT] WARNING: Could not lock System prefs. Unix error code 2.
2026-08-15 09:39:33,277 [ERROR] LogOutputStream:75 - [STDERR_REDIRECT] 
2026-08-15 09:39:33,277 [ERROR] LogOutputStream:75 - [STDERR_REDIRECT] Aug 15, 2026 9:39:33 AM java.util.prefs.FileSystemPreferences syncWorld
2026-08-15 09:39:33,277 [ERROR] LogOutputStream:75 - [STDERR_REDIRECT] WARNING: Couldn't flush system prefs: java.util.prefs.BackingStoreException: Couldn't get file lock.
2026-08-15 09:39:33,277 [ERROR] LogOutputStream:75 - [STDERR_REDIRECT] 
2026-08-15 09:39:57,933 [INFO] NvicIntPanel:101 - NVIC parent = com.st.microxplorer.plugins.ip.nvic.MultiNvicIntPanel[,0,0,520x300,layout=javax.swing.BoxLayout,alignmentX=0.0,alignmentY=0.0,border=,flags=9,maximumSize=,minimumSize=,preferredSize=]
2026-08-15 09:39:58,323 [INFO] ADCParametersView:116 -                Rank 1 : false
2026-08-15 09:39:58,323 [INFO] ADCParametersView:116 -                Rank 1 : false
2026-08-15 09:39:58,323 [INFO] ADCParametersView:116 -                Rank 1 : false
2026-08-15 09:39:58,323 [INFO] ADCParametersView:116 -                Rank 1 : false
2026-08-15 09:39:58,323 [INFO] ADCParametersView:116 -                Rank 1 : false
2026-08-15 09:39:58,323 [INFO] ADCParametersView:116 -                Rank 1 : false
2026-08-15 09:39:58,323 [INFO] ADCParametersView:116 -                Rank 1 : false
2026-08-15 09:39:58,323 [INFO] ADCParametersView:116 -                Rank 1 : false
2026-08-15 09:39:58,324 [INFO] ADCParametersView:116 -                Rank 1 : false
2026-08-15 09:39:58,324 [INFO] ADCParametersView:116 -                Rank 1 : false
2026-08-15 09:39:58,331 [INFO] ADCParametersView:116 -                Rank 1 : false
2026-08-15 09:40:03,271 [ERROR] LogOutputStream:75 - [STDERR_REDIRECT] Aug 15, 2026 9:40:03 AM java.util.prefs.FileSystemPreferences checkLockFile0ErrorCode
2026-08-15 09:40:03,271 [ERROR] LogOutputStream:75 - [STDERR_REDIRECT] WARNING: Could not lock System prefs. Unix error code 2.
2026-08-15 09:40:03,272 [ERROR] LogOutputStream:75 - [STDERR_REDIRECT] 
2026-08-15 09:40:03,272 [ERROR] LogOutputStream:75 - [STDERR_REDIRECT] Aug 15, 2026 9:40:03 AM java.util.prefs.FileSystemPreferences syncWorld
2026-08-15 09:40:03,272 [ERROR] LogOutputStream:75 - [STDERR_REDIRECT] WARNING: Couldn't flush system prefs: java.util.prefs.BackingStoreException: Couldn't get file lock.
2026-08-15 09:40:03,272 [ERROR] LogOutputStream:75 - [STDERR_REDIRECT] 
2026-08-15 09:40:04,129 [INFO] SpinnerEditorADC:65 - is string kkkk
2026-08-15 09:40:05,707 [INFO] NvicIntPanel:101 - NVIC parent = com.st.microxplorer.plugins.ip.nvic.MultiNvicIntPanel[,0,0,0x0,invalid,layout=javax.swing.BoxLayout,alignmentX=0.0,alignmentY=0.0,border=,flags=9,maximumSize=,minimumSize=,preferredSize=]
2026-08-15 09:40:05,737 [INFO] ADCParametersView:116 -                Rank 1 : false
2026-08-15 09:40:05,739 [INFO] ADCParametersView:116 -                Rank 1 : false
2026-08-15 09:40:05,739 [INFO] ADCParametersView:116 -                Rank 1 : false
2026-08-15 09:40:05,740 [INFO] ADCParametersView:116 -                Rank 1 : false
2026-08-15 09:40:05,740 [INFO] ADCParametersView:116 -                Rank 1 : false
2026-08-15 09:40:05,740 [INFO] ADCParametersView:116 -                Rank 1 : false
2026-08-15 09:40:05,740 [INFO] ADCParametersView:116 -                Rank 1 : false
2026-08-15 09:40:05,740 [INFO] ADCParametersView:116 -                Rank 1 : false
2026-08-15 09:40:05,740 [INFO] ADCParametersView:116 -                Rank 1 : false
2026-08-15 09:40:05,740 [INFO] ADCParametersView:116 -                Rank 1 : false
2026-08-15 09:40:05,745 [INFO] ADCParametersView:116 -                Rank 1 : false
2026-08-15 09:40:13,274 [INFO] SpinnerEditorADC:65 - is string kkkk
2026-08-15 09:40:16,147 [INFO] NvicIntPanel:101 - NVIC parent = com.st.microxplorer.plugins.ip.nvic.MultiNvicIntPanel[,0,0,0x0,invalid,layout=javax.swing.BoxLayout,alignmentX=0.0,alignmentY=0.0,border=,flags=9,maximumSize=,minimumSize=,preferredSize=]
2026-08-15 09:40:16,201 [INFO] NvicIntPanel:101 - NVIC parent = com.st.microxplorer.plugins.ip.nvic.MultiNvicIntPanel[,0,0,0x0,invalid,layout=javax.swing.BoxLayout,alignmentX=0.0,alignmentY=0.0,border=,flags=9,maximumSize=,minimumSize=,preferredSize=]
2026-08-15 09:40:16,262 [INFO] NvicIntPanel:101 - NVIC parent = com.st.microxplorer.plugins.ip.nvic.MultiNvicIntPanel[,0,0,0x0,invalid,layout=javax.swing.BoxLayout,alignmentX=0.0,alignmentY=0.0,border=,flags=9,maximumSize=,minimumSize=,preferredSize=]
2026-08-15 09:40:16,306 [INFO] NvicIntPanel:101 - NVIC parent = com.st.microxplorer.plugins.ip.nvic.MultiNvicIntPanel[,0,0,0x0,invalid,layout=javax.swing.BoxLayout,alignmentX=0.0,alignmentY=0.0,border=,flags=9,maximumSize=,minimumSize=,preferredSize=]
2026-08-15 09:40:16,346 [INFO] NvicIntPanel:101 - NVIC parent = com.st.microxplorer.plugins.ip.nvic.MultiNvicIntPanel[,0,0,0x0,invalid,layout=javax.swing.BoxLayout,alignmentX=0.0,alignmentY=0.0,border=,flags=9,maximumSize=,minimumSize=,preferredSize=]
2026-08-15 09:40:16,387 [INFO] NvicIntPanel:101 - NVIC parent = com.st.microxplorer.plugins.ip.nvic.MultiNvicIntPanel[,0,0,0x0,invalid,layout=javax.swing.BoxLayout,alignmentX=0.0,alignmentY=0.0,border=,flags=9,maximumSize=,minimumSize=,preferredSize=]
2026-08-15 09:40:16,428 [INFO] NvicIntPanel:101 - NVIC parent = com.st.microxplorer.plugins.ip.nvic.MultiNvicIntPanel[,0,0,0x0,invalid,layout=javax.swing.BoxLayout,alignmentX=0.0,alignmentY=0.0,border=,flags=9,maximumSize=,minimumSize=,preferredSize=]
2026-08-15 09:40:16,470 [INFO] NvicIntPanel:101 - NVIC parent = com.st.microxplorer.plugins.ip.nvic.MultiNvicIntPanel[,0,0,0x0,invalid,layout=javax.swing.BoxLayout,alignmentX=0.0,alignmentY=0.0,border=,flags=9,maximumSize=,minimumSize=,preferredSize=]
2026-08-15 09:40:16,511 [INFO] NvicIntPanel:101 - NVIC parent = com.st.microxplorer.plugins.ip.nvic.MultiNvicIntPanel[,0,0,0x0,invalid,layout=javax.swing.BoxLayout,alignmentX=0.0,alignmentY=0.0,border=,flags=9,maximumSize=,minimumSize=,preferredSize=]
2026-08-15 09:40:16,553 [INFO] NvicIntPanel:101 - NVIC parent = com.st.microxplorer.plugins.ip.nvic.MultiNvicIntPanel[,0,0,0x0,invalid,layout=javax.swing.BoxLayout,alignmentX=0.0,alignmentY=0.0,border=,flags=9,maximumSize=,minimumSize=,preferredSize=]
2026-08-15 09:40:16,568 [INFO] ADCParametersView:116 -                Rank 1 : false
2026-08-15 09:40:16,569 [INFO] ADCParametersView:116 -                Rank 1 : false
2026-08-15 09:40:16,569 [INFO] ADCParametersView:116 -                Rank 1 : false
2026-08-15 09:40:16,569 [INFO] ADCParametersView:116 -                Rank 1 : false
2026-08-15 09:40:16,569 [INFO] ADCParametersView:116 -                Rank 1 : false
2026-08-15 09:40:16,569 [INFO] ADCParametersView:116 -                Rank 1 : false
2026-08-15 09:40:16,569 [INFO] ADCParametersView:116 -                Rank 1 : false
2026-08-15 09:40:16,569 [INFO] ADCParametersView:116 -                Rank 1 : false
2026-08-15 09:40:16,570 [INFO] ADCParametersView:116 -                Rank 1 : false
2026-08-15 09:40:16,570 [INFO] ADCParametersView:116 -                Rank 1 : false
2026-08-15 09:40:16,574 [INFO] ADCParametersView:116 -                Rank 1 : false
2026-08-15 09:40:16,575 [INFO] ADCParametersView:116 -                Rank 1 : false
2026-08-15 09:40:16,575 [INFO] ADCParametersView:116 -        *      Rank 2 : false
2026-08-15 09:40:16,575 [INFO] ADCParametersView:116 -                Rank 1 : false
2026-08-15 09:40:16,575 [INFO] ADCParametersView:116 -        *      Rank 2 : false
2026-08-15 09:40:16,575 [INFO] ADCParametersView:116 -        *      Rank 3 : false
2026-08-15 09:40:16,575 [INFO] ADCParametersView:116 -                Rank 1 : false
2026-08-15 09:40:16,575 [INFO] ADCParametersView:116 -        *      Rank 2 : false
2026-08-15 09:40:16,575 [INFO] ADCParametersView:116 -        *      Rank 3 : false
2026-08-15 09:40:16,575 [INFO] ADCParametersView:116 -        *      Rank 4 : false
2026-08-15 09:40:18,711 [INFO] ADCParametersView:116 -                Rank 1 : true
2026-08-15 09:40:18,711 [INFO] ADCParametersView:116 -        *      Rank 2 : false
2026-08-15 09:40:18,711 [INFO] ADCParametersView:116 -        *      Rank 3 : false
2026-08-15 09:40:18,711 [INFO] ADCParametersView:116 -        *      Rank 4 : false
2026-08-15 09:40:21,496 [INFO] ADCParametersView:116 -                Rank 1 : true
2026-08-15 09:40:21,496 [INFO] ADCParametersView:116 -        *      Rank 2 : true
2026-08-15 09:40:21,496 [INFO] ADCParametersView:116 -        *      Rank 3 : false
2026-08-15 09:40:21,496 [INFO] ADCParametersView:116 -        *      Rank 4 : false
2026-08-15 09:40:23,544 [INFO] NvicIntPanel:101 - NVIC parent = com.st.microxplorer.plugins.ip.nvic.MultiNvicIntPanel[,0,0,0x0,invalid,layout=javax.swing.BoxLayout,alignmentX=0.0,alignmentY=0.0,border=,flags=9,maximumSize=,minimumSize=,preferredSize=]
2026-08-15 09:40:23,563 [INFO] ADCParametersView:116 -                Rank 1 : true
2026-08-15 09:40:23,563 [INFO] ADCParametersView:116 -        *      Rank 2 : true
2026-08-15 09:40:23,563 [INFO] ADCParametersView:116 -        *      Rank 3 : false
2026-08-15 09:40:23,563 [INFO] ADCParametersView:116 -        *      Rank 4 : false
2026-08-15 09:40:23,564 [INFO] ADCParametersView:116 -                Rank 1 : true
2026-08-15 09:40:23,564 [INFO] ADCParametersView:116 -        *      Rank 2 : true
2026-08-15 09:40:23,564 [INFO] ADCParametersView:116 -        *      Rank 3 : false
2026-08-15 09:40:23,564 [INFO] ADCParametersView:116 -        *      Rank 4 : false
2026-08-15 09:40:23,564 [INFO] ADCParametersView:116 -                Rank 1 : true
2026-08-15 09:40:23,564 [INFO] ADCParametersView:116 -        *      Rank 2 : true
2026-08-15 09:40:23,564 [INFO] ADCParametersView:116 -        *      Rank 3 : false
2026-08-15 09:40:23,565 [INFO] ADCParametersView:116 -        *      Rank 4 : false
2026-08-15 09:40:23,565 [INFO] ADCParametersView:116 -                Rank 1 : true
2026-08-15 09:40:23,565 [INFO] ADCParametersView:116 -        *      Rank 2 : true
2026-08-15 09:40:23,565 [INFO] ADCParametersView:116 -        *      Rank 3 : false
2026-08-15 09:40:23,565 [INFO] ADCParametersView:116 -        *      Rank 4 : false
2026-08-15 09:40:23,565 [INFO] ADCParametersView:116 -                Rank 1 : true
2026-08-15 09:40:23,565 [INFO] ADCParametersView:116 -        *      Rank 2 : true
2026-08-15 09:40:23,565 [INFO] ADCParametersView:116 -        *      Rank 3 : false
2026-08-15 09:40:23,565 [INFO] ADCParametersView:116 -        *      Rank 4 : false
2026-08-15 09:40:23,565 [INFO] ADCParametersView:116 -                Rank 1 : true
2026-08-15 09:40:23,565 [INFO] ADCParametersView:116 -        *      Rank 2 : true
2026-08-15 09:40:23,565 [INFO] ADCParametersView:116 -        *      Rank 3 : false
2026-08-15 09:40:23,565 [INFO] ADCParametersView:116 -        *      Rank 4 : false
2026-08-15 09:40:23,565 [INFO] ADCParametersView:116 -                Rank 1 : true
2026-08-15 09:40:23,565 [INFO] ADCParametersView:116 -        *      Rank 2 : true
2026-08-15 09:40:23,565 [INFO] ADCParametersView:116 -        *      Rank 3 : false
2026-08-15 09:40:23,565 [INFO] ADCParametersView:116 -        *      Rank 4 : false
2026-08-15 09:40:23,565 [INFO] ADCParametersView:116 -                Rank 1 : true
2026-08-15 09:40:23,565 [INFO] ADCParametersView:116 -        *      Rank 2 : true
2026-08-15 09:40:23,565 [INFO] ADCParametersView:116 -        *      Rank 3 : false
2026-08-15 09:40:23,565 [INFO] ADCParametersView:116 -        *      Rank 4 : false
2026-08-15 09:40:23,565 [INFO] ADCParametersView:116 -                Rank 1 : true
2026-08-15 09:40:23,565 [INFO] ADCParametersView:116 -        *      Rank 2 : true
2026-08-15 09:40:23,565 [INFO] ADCParametersView:116 -        *      Rank 3 : false
2026-08-15 09:40:23,565 [INFO] ADCParametersView:116 -        *      Rank 4 : false
2026-08-15 09:40:23,565 [INFO] ADCParametersView:116 -                Rank 1 : true
2026-08-15 09:40:23,565 [INFO] ADCParametersView:116 -        *      Rank 2 : true
2026-08-15 09:40:23,565 [INFO] ADCParametersView:116 -        *      Rank 3 : false
2026-08-15 09:40:23,565 [INFO] ADCParametersView:116 -        *      Rank 4 : false
2026-08-15 09:40:23,565 [INFO] ADCParametersView:116 -        *      Rank 2 : true
2026-08-15 09:40:23,565 [INFO] ADCParametersView:116 -        *      Rank 3 : false
2026-08-15 09:40:23,565 [INFO] ADCParametersView:116 -        *      Rank 4 : false
2026-08-15 09:40:23,565 [INFO] ADCParametersView:116 -        *      Rank 3 : false
2026-08-15 09:40:23,565 [INFO] ADCParametersView:116 -        *      Rank 4 : false
2026-08-15 09:40:23,565 [INFO] ADCParametersView:116 -        *      Rank 4 : false
2026-08-15 09:40:23,569 [INFO] ADCParametersView:116 -                Rank 1 : true
2026-08-15 09:40:23,570 [INFO] ADCParametersView:116 -                Rank 1 : true
2026-08-15 09:40:23,570 [INFO] ADCParametersView:116 -                Rank 2 : true
2026-08-15 09:40:23,570 [INFO] ADCParametersView:116 -                Rank 1 : true
2026-08-15 09:40:23,570 [INFO] ADCParametersView:116 -                Rank 2 : true
2026-08-15 09:40:23,570 [INFO] ADCParametersView:116 -                Rank 3 : false
2026-08-15 09:40:23,570 [INFO] ADCParametersView:116 -                Rank 1 : true
2026-08-15 09:40:23,570 [INFO] ADCParametersView:116 -                Rank 2 : true
2026-08-15 09:40:23,570 [INFO] ADCParametersView:116 -                Rank 3 : false
2026-08-15 09:40:23,570 [INFO] ADCParametersView:116 -                Rank 4 : false
2026-08-15 09:40:24,431 [INFO] ADCParametersView:116 -                Rank 1 : true
2026-08-15 09:40:24,431 [INFO] ADCParametersView:116 -                Rank 2 : true
2026-08-15 09:40:24,431 [INFO] ADCParametersView:116 -                Rank 3 : true
2026-08-15 09:40:24,431 [INFO] ADCParametersView:116 -                Rank 4 : false
2026-08-15 09:40:25,869 [INFO] NvicIntPanel:101 - NVIC parent = com.st.microxplorer.plugins.ip.nvic.MultiNvicIntPanel[,0,0,0x0,invalid,layout=javax.swing.BoxLayout,alignmentX=0.0,alignmentY=0.0,border=,flags=9,maximumSize=,minimumSize=,preferredSize=]
2026-08-15 09:40:25,886 [INFO] ADCParametersView:116 -                Rank 1 : true
2026-08-15 09:40:25,886 [INFO] ADCParametersView:116 -                Rank 2 : true
2026-08-15 09:40:25,886 [INFO] ADCParametersView:116 -                Rank 3 : true
2026-08-15 09:40:25,886 [INFO] ADCParametersView:116 -                Rank 4 : false
2026-08-15 09:40:25,887 [INFO] ADCParametersView:116 -                Rank 1 : true
2026-08-15 09:40:25,887 [INFO] ADCParametersView:116 -                Rank 2 : true
2026-08-15 09:40:25,887 [INFO] ADCParametersView:116 -                Rank 3 : true
2026-08-15 09:40:25,887 [INFO] ADCParametersView:116 -                Rank 4 : false
2026-08-15 09:40:25,887 [INFO] ADCParametersView:116 -                Rank 1 : true
2026-08-15 09:40:25,887 [INFO] ADCParametersView:116 -                Rank 2 : true
2026-08-15 09:40:25,887 [INFO] ADCParametersView:116 -                Rank 3 : true
2026-08-15 09:40:25,887 [INFO] ADCParametersView:116 -                Rank 4 : false
2026-08-15 09:40:25,887 [INFO] ADCParametersView:116 -                Rank 1 : true
2026-08-15 09:40:25,887 [INFO] ADCParametersView:116 -                Rank 2 : true
2026-08-15 09:40:25,887 [INFO] ADCParametersView:116 -                Rank 3 : true
2026-08-15 09:40:25,887 [INFO] ADCParametersView:116 -                Rank 4 : false
2026-08-15 09:40:25,887 [INFO] ADCParametersView:116 -                Rank 1 : true
2026-08-15 09:40:25,887 [INFO] ADCParametersView:116 -                Rank 2 : true
2026-08-15 09:40:25,887 [INFO] ADCParametersView:116 -                Rank 3 : true
2026-08-15 09:40:25,887 [INFO] ADCParametersView:116 -                Rank 4 : false
2026-08-15 09:40:25,887 [INFO] ADCParametersView:116 -                Rank 1 : true
2026-08-15 09:40:25,887 [INFO] ADCParametersView:116 -                Rank 2 : true
2026-08-15 09:40:25,887 [INFO] ADCParametersView:116 -                Rank 3 : true
2026-08-15 09:40:25,887 [INFO] ADCParametersView:116 -                Rank 4 : false
2026-08-15 09:40:25,887 [INFO] ADCParametersView:116 -                Rank 1 : true
2026-08-15 09:40:25,887 [INFO] ADCParametersView:116 -                Rank 2 : true
2026-08-15 09:40:25,887 [INFO] ADCParametersView:116 -                Rank 3 : true
2026-08-15 09:40:25,887 [INFO] ADCParametersView:116 -                Rank 4 : false
2026-08-15 09:40:25,887 [INFO] ADCParametersView:116 -                Rank 1 : true
2026-08-15 09:40:25,887 [INFO] ADCParametersView:116 -                Rank 2 : true
2026-08-15 09:40:25,887 [INFO] ADCParametersView:116 -                Rank 3 : true
2026-08-15 09:40:25,887 [INFO] ADCParametersView:116 -                Rank 4 : false
2026-08-15 09:40:25,887 [INFO] ADCParametersView:116 -                Rank 1 : true
2026-08-15 09:40:25,887 [INFO] ADCParametersView:116 -                Rank 2 : true
2026-08-15 09:40:25,887 [INFO] ADCParametersView:116 -                Rank 3 : true
2026-08-15 09:40:25,887 [INFO] ADCParametersView:116 -                Rank 4 : false
2026-08-15 09:40:25,887 [INFO] ADCParametersView:116 -                Rank 1 : true
2026-08-15 09:40:25,887 [INFO] ADCParametersView:116 -                Rank 2 : true
2026-08-15 09:40:25,887 [INFO] ADCParametersView:116 -                Rank 3 : true
2026-08-15 09:40:25,887 [INFO] ADCParametersView:116 -                Rank 4 : false
2026-08-15 09:40:25,888 [INFO] ADCParametersView:116 -                Rank 2 : true
2026-08-15 09:40:25,888 [INFO] ADCParametersView:116 -                Rank 3 : true
2026-08-15 09:40:25,888 [INFO] ADCParametersView:116 -                Rank 4 : false
2026-08-15 09:40:25,888 [INFO] ADCParametersView:116 -                Rank 3 : true
2026-08-15 09:40:25,888 [INFO] ADCParametersView:116 -                Rank 4 : false
2026-08-15 09:40:25,888 [INFO] ADCParametersView:116 -                Rank 4 : false
2026-08-15 09:40:25,891 [INFO] ADCParametersView:116 -                Rank 1 : true
2026-08-15 09:40:25,892 [INFO] ADCParametersView:116 -                Rank 1 : true
2026-08-15 09:40:25,892 [INFO] ADCParametersView:116 -                Rank 2 : true
2026-08-15 09:40:25,892 [INFO] ADCParametersView:116 -                Rank 1 : true
2026-08-15 09:40:25,892 [INFO] ADCParametersView:116 -                Rank 2 : true
2026-08-15 09:40:25,892 [INFO] ADCParametersView:116 -                Rank 3 : true
2026-08-15 09:40:25,892 [INFO] ADCParametersView:116 -                Rank 1 : true
2026-08-15 09:40:25,892 [INFO] ADCParametersView:116 -                Rank 2 : true
2026-08-15 09:40:25,892 [INFO] ADCParametersView:116 -                Rank 3 : true
2026-08-15 09:40:25,892 [INFO] ADCParametersView:116 -                Rank 4 : false
2026-08-15 09:40:27,527 [INFO] ADCParametersView:116 -                Rank 1 : true
2026-08-15 09:40:27,527 [INFO] ADCParametersView:116 -                Rank 2 : true
2026-08-15 09:40:27,527 [INFO] ADCParametersView:116 -                Rank 3 : true
2026-08-15 09:40:27,527 [INFO] ADCParametersView:116 -                Rank 4 : true
2026-08-15 09:40:29,188 [INFO] NvicIntPanel:101 - NVIC parent = com.st.microxplorer.plugins.ip.nvic.MultiNvicIntPanel[,0,0,0x0,invalid,layout=javax.swing.BoxLayout,alignmentX=0.0,alignmentY=0.0,border=,flags=9,maximumSize=,minimumSize=,preferredSize=]
2026-08-15 09:40:29,204 [INFO] ADCParametersView:116 -                Rank 1 : true
2026-08-15 09:40:29,204 [INFO] ADCParametersView:116 -                Rank 2 : true
2026-08-15 09:40:29,204 [INFO] ADCParametersView:116 -                Rank 3 : true
2026-08-15 09:40:29,204 [INFO] ADCParametersView:116 -                Rank 4 : true
2026-08-15 09:40:29,205 [INFO] ADCParametersView:116 -                Rank 1 : true
2026-08-15 09:40:29,205 [INFO] ADCParametersView:116 -                Rank 2 : true
2026-08-15 09:40:29,205 [INFO] ADCParametersView:116 -                Rank 3 : true
2026-08-15 09:40:29,205 [INFO] ADCParametersView:116 -                Rank 4 : true
2026-08-15 09:40:29,205 [INFO] ADCParametersView:116 -                Rank 1 : true
2026-08-15 09:40:29,205 [INFO] ADCParametersView:116 -                Rank 2 : true
2026-08-15 09:40:29,205 [INFO] ADCParametersView:116 -                Rank 3 : true
2026-08-15 09:40:29,205 [INFO] ADCParametersView:116 -                Rank 4 : true
2026-08-15 09:40:29,205 [INFO] ADCParametersView:116 -                Rank 1 : true
2026-08-15 09:40:29,205 [INFO] ADCParametersView:116 -                Rank 2 : true
2026-08-15 09:40:29,205 [INFO] ADCParametersView:116 -                Rank 3 : true
2026-08-15 09:40:29,206 [INFO] ADCParametersView:116 -                Rank 4 : true
2026-08-15 09:40:29,206 [INFO] ADCParametersView:116 -                Rank 1 : true
2026-08-15 09:40:29,206 [INFO] ADCParametersView:116 -                Rank 2 : true
2026-08-15 09:40:29,206 [INFO] ADCParametersView:116 -                Rank 3 : true
2026-08-15 09:40:29,206 [INFO] ADCParametersView:116 -                Rank 4 : true
2026-08-15 09:40:29,206 [INFO] ADCParametersView:116 -                Rank 1 : true
2026-08-15 09:40:29,206 [INFO] ADCParametersView:116 -                Rank 2 : true
2026-08-15 09:40:29,206 [INFO] ADCParametersView:116 -                Rank 3 : true
2026-08-15 09:40:29,206 [INFO] ADCParametersView:116 -                Rank 4 : true
2026-08-15 09:40:29,206 [INFO] ADCParametersView:116 -                Rank 1 : true
2026-08-15 09:40:29,206 [INFO] ADCParametersView:116 -                Rank 2 : true
2026-08-15 09:40:29,206 [INFO] ADCParametersView:116 -                Rank 3 : true
2026-08-15 09:40:29,206 [INFO] ADCParametersView:116 -                Rank 4 : true
2026-08-15 09:40:29,206 [INFO] ADCParametersView:116 -                Rank 1 : true
2026-08-15 09:40:29,206 [INFO] ADCParametersView:116 -                Rank 2 : true
2026-08-15 09:40:29,206 [INFO] ADCParametersView:116 -                Rank 3 : true
2026-08-15 09:40:29,206 [INFO] ADCParametersView:116 -                Rank 4 : true
2026-08-15 09:40:29,206 [INFO] ADCParametersView:116 -                Rank 1 : true
2026-08-15 09:40:29,206 [INFO] ADCParametersView:116 -                Rank 2 : true
2026-08-15 09:40:29,206 [INFO] ADCParametersView:116 -                Rank 3 : true
2026-08-15 09:40:29,206 [INFO] ADCParametersView:116 -                Rank 4 : true
2026-08-15 09:40:29,206 [INFO] ADCParametersView:116 -                Rank 1 : true
2026-08-15 09:40:29,206 [INFO] ADCParametersView:116 -                Rank 2 : true
2026-08-15 09:40:29,206 [INFO] ADCParametersView:116 -                Rank 3 : true
2026-08-15 09:40:29,206 [INFO] ADCParametersView:116 -                Rank 4 : true
2026-08-15 09:40:29,206 [INFO] ADCParametersView:116 -                Rank 2 : true
2026-08-15 09:40:29,206 [INFO] ADCParametersView:116 -                Rank 3 : true
2026-08-15 09:40:29,206 [INFO] ADCParametersView:116 -                Rank 4 : true
2026-08-15 09:40:29,206 [INFO] ADCParametersView:116 -                Rank 3 : true
2026-08-15 09:40:29,206 [INFO] ADCParametersView:116 -                Rank 4 : true
2026-08-15 09:40:29,206 [INFO] ADCParametersView:116 -                Rank 4 : true
2026-08-15 09:40:29,210 [INFO] ADCParametersView:116 -                Rank 1 : true
2026-08-15 09:40:29,210 [INFO] ADCParametersView:116 -                Rank 1 : true
2026-08-15 09:40:29,210 [INFO] ADCParametersView:116 -                Rank 2 : true
2026-08-15 09:40:29,210 [INFO] ADCParametersView:116 -                Rank 1 : true
2026-08-15 09:40:29,210 [INFO] ADCParametersView:116 -                Rank 2 : true
2026-08-15 09:40:29,210 [INFO] ADCParametersView:116 -                Rank 3 : true
2026-08-15 09:40:29,210 [INFO] ADCParametersView:116 -                Rank 1 : true
2026-08-15 09:40:29,210 [INFO] ADCParametersView:116 -                Rank 2 : true
2026-08-15 09:40:29,210 [INFO] ADCParametersView:116 -                Rank 3 : true
2026-08-15 09:40:29,210 [INFO] ADCParametersView:116 -                Rank 4 : true
2026-08-15 09:40:30,543 [INFO] UtilMem:75 - End SaveConfig() Used Memory: 265333008 Bytes (783286272)
2026-08-15 09:40:30,584 [INFO] UtilMem:75 - End SaveConfig() Used Memory: 276345104 Bytes (783286272)
2026-08-15 09:40:30,786 [INFO] UtilMem:75 - End SaveConfig() Used Memory: 306227472 Bytes (783286272)
2026-08-15 09:40:30,862 [INFO] BlockDiagram:2775 - set Specific Code input for plugin: SPI
2026-08-15 09:40:30,862 [INFO] BlockDiagram:2775 - set Specific Code input for plugin: NVIC
2026-08-15 09:40:30,862 [INFO] BlockDiagram:2775 - set Specific Code input for plugin: USART
2026-08-15 09:40:30,862 [INFO] BlockDiagram:2775 - set Specific Code input for plugin: DMA
2026-08-15 09:40:30,862 [INFO] BlockDiagram:2775 - set Specific Code input for plugin: SYS
2026-08-15 09:40:30,862 [INFO] BlockDiagram:2775 - set Specific Code input for plugin: GPIO
2026-08-15 09:40:30,862 [INFO] BlockDiagram:2775 - set Specific Code input for plugin: ADC
2026-08-15 09:40:30,862 [INFO] BlockDiagram:2775 - set Specific Code input for plugin: RCC
2026-08-15 09:40:30,862 [INFO] BlockDiagram:2775 - set Specific Code input for plugin: I2C
2026-08-15 09:40:30,863 [INFO] CodeGenerator:882 - code generatio: config db path: /opt/st/stm32cubeide_1.18.0/plugins/com.st.stm32cube.common.mx_6.14.0.202502271554//db/
2026-08-15 09:40:30,865 [INFO] Argument:325 - Argument : hdmavalue: null
2026-08-15 09:40:30,865 [INFO] Argument:327 - 	 sub Args: 
2026-08-15 09:40:30,865 [INFO] Argument:325 - Argument : Instancevalue: DMA1_Channel1
2026-08-15 09:40:30,865 [INFO] Argument:335 - Argument : Instancevalue: DMA1_Channel1
2026-08-15 09:40:30,865 [INFO] Argument:325 - Argument : Initvalue: null
2026-08-15 09:40:30,865 [INFO] Argument:327 - 	 sub Args: 
2026-08-15 09:40:30,865 [INFO] Argument:325 - Argument : Directionvalue: DMA_PERIPH_TO_MEMORY
2026-08-15 09:40:30,865 [INFO] Argument:335 - Argument : Directionvalue: DMA_PERIPH_TO_MEMORY
2026-08-15 09:40:30,865 [INFO] Argument:325 - Argument : PeriphIncvalue: DMA_PINC_DISABLE
2026-08-15 09:40:30,865 [INFO] Argument:335 - Argument : PeriphIncvalue: DMA_PINC_DISABLE
2026-08-15 09:40:30,865 [INFO] Argument:325 - Argument : MemIncvalue: DMA_MINC_ENABLE
2026-08-15 09:40:30,865 [INFO] Argument:335 - Argument : MemIncvalue: DMA_MINC_ENABLE
2026-08-15 09:40:30,865 [INFO] Argument:325 - Argument : PeriphDataAlignmentvalue: DMA_PDATAALIGN_HALFWORD
2026-08-15 09:40:30,865 [INFO] Argument:335 - Argument : PeriphDataAlignmentvalue: DMA_PDATAALIGN_HALFWORD
2026-08-15 09:40:30,865 [INFO] Argument:325 - Argument : MemDataAlignmentvalue: DMA_MDATAALIGN_HALFWORD
2026-08-15 09:40:30,865 [INFO] Argument:335 - Argument : MemDataAlignmentvalue: DMA_MDATAALIGN_HALFWORD
2026-08-15 09:40:30,865 [INFO] Argument:325 - Argument : Modevalue: DMA_CIRCULAR
2026-08-15 09:40:30,865 [INFO] Argument:335 - Argument : Modevalue: DMA_CIRCULAR
2026-08-15 09:40:30,865 [INFO] Argument:325 - Argument : Priorityvalue: DMA_PRIORITY_LOW
2026-08-15 09:40:30,865 [INFO] Argument:335 - Argument : Priorityvalue: DMA_PRIORITY_LOW
2026-08-15 09:40:30,865 [INFO] Argument:325 - Argument : Lockvalue: null
2026-08-15 09:40:30,865 [INFO] Argument:335 - Argument : Lockvalue: null
2026-08-15 09:40:30,865 [INFO] Argument:325 - Argument : Statevalue: null
2026-08-15 09:40:30,865 [INFO] Argument:335 - Argument : Statevalue: null
2026-08-15 09:40:30,865 [INFO] Argument:325 - Argument : Parentvalue: null
2026-08-15 09:40:30,866 [INFO] Argument:335 - Argument : Parentvalue: null
2026-08-15 09:40:30,866 [INFO] Argument:325 - Argument : XferCpltCallbackvalue: null
2026-08-15 09:40:30,866 [INFO] Argument:335 - Argument : XferCpltCallbackvalue: null
2026-08-15 09:40:30,866 [INFO] Argument:325 - Argument : XferHalfCpltCallbackvalue: null
2026-08-15 09:40:30,866 [INFO] Argument:335 - Argument : XferHalfCpltCallbackvalue: null
2026-08-15 09:40:30,866 [INFO] Argument:325 - Argument : XferErrorCallbackvalue: null
2026-08-15 09:40:30,866 [INFO] Argument:335 - Argument : XferErrorCallbackvalue: null
2026-08-15 09:40:30,866 [INFO] Argument:325 - Argument : ErrorCodevalue: null
2026-08-15 09:40:30,866 [INFO] Argument:335 - Argument : ErrorCodevalue: null
2026-08-15 09:40:30,866 [WARN] IP:2250 - I2C_Coeff_DF not found: check if there is a RefParameter without a condition.
2026-08-15 09:40:30,866 [WARN] IP:2250 - Analog_Filter not found: check if there is a RefParameter without a condition.
2026-08-15 09:40:30,933 [INFO] CodeEngine:263 - oldGeneratedFile, /home/thuy/embedded/project/Quadcopter-STM32F4/STM32-RC_Transmitter/MXTmpFiles/license.tmp_save
2026-08-15 09:40:30,980 [INFO] CodeEngine:287 - Generated code: /home/thuy/embedded/project/Quadcopter-STM32F4/STM32-RC_Transmitter/MXTmpFiles/license.tmp
2026-08-15 09:40:31,001 [INFO] CodeEngine:263 - oldGeneratedFile, /home/thuy/embedded/project/Quadcopter-STM32F4/STM32-RC_Transmitter/MXTmpFiles/gpio.tmp_save
2026-08-15 09:40:31,041 [INFO] CodeEngine:287 - Generated code: /home/thuy/embedded/project/Quadcopter-STM32F4/STM32-RC_Transmitter/MXTmpFiles/gpio.tmp
2026-08-15 09:40:31,121 [INFO] CodeEngine:263 - oldGeneratedFile, /home/thuy/embedded/project/Quadcopter-STM32F4/STM32-RC_Transmitter/MXTmpFiles/dma.tmp_save
2026-08-15 09:40:31,159 [INFO] CodeEngine:287 - Generated code: /home/thuy/embedded/project/Quadcopter-STM32F4/STM32-RC_Transmitter/MXTmpFiles/dma.tmp
2026-08-15 09:40:31,160 [INFO] CodeEngine:263 - oldGeneratedFile, /home/thuy/embedded/project/Quadcopter-STM32F4/STM32-RC_Transmitter/MXTmpFiles/dma_GV.tmp_save
2026-08-15 09:40:31,197 [INFO] CodeEngine:287 - Generated code: /home/thuy/embedded/project/Quadcopter-STM32F4/STM32-RC_Transmitter/MXTmpFiles/dma_GV.tmp
2026-08-15 09:40:31,200 [INFO] CodeEngine:263 - oldGeneratedFile, /home/thuy/embedded/project/Quadcopter-STM32F4/STM32-RC_Transmitter/Core/Src/stm32f1xx_it.c_save
2026-08-15 09:40:31,247 [INFO] CodeEngine:287 - Generated code: /home/thuy/embedded/project/Quadcopter-STM32F4/STM32-RC_Transmitter/Core/Src/stm32f1xx_it.c
2026-08-15 09:40:31,249 [INFO] CodeEngine:263 - oldGeneratedFile, /home/thuy/embedded/project/Quadcopter-STM32F4/STM32-RC_Transmitter/Core/Inc/stm32f1xx_it.h_save
2026-08-15 09:40:31,284 [INFO] CodeEngine:287 - Generated code: /home/thuy/embedded/project/Quadcopter-STM32F4/STM32-RC_Transmitter/Core/Inc/stm32f1xx_it.h
2026-08-15 09:40:31,287 [INFO] CodeEngine:263 - oldGeneratedFile, /home/thuy/embedded/project/Quadcopter-STM32F4/STM32-RC_Transmitter/Core/Src/stm32f1xx_hal_msp.c_save
2026-08-15 09:40:31,347 [INFO] CodeEngine:287 - Generated code: /home/thuy/embedded/project/Quadcopter-STM32F4/STM32-RC_Transmitter/Core/Src/stm32f1xx_hal_msp.c
2026-08-15 09:40:31,348 [INFO] CodeEngine:263 - oldGeneratedFile, /home/thuy/embedded/project/Quadcopter-STM32F4/STM32-RC_Transmitter/MXTmpFiles/system.tmp_save
2026-08-15 09:40:31,384 [INFO] CodeEngine:287 - Generated code: /home/thuy/embedded/project/Quadcopter-STM32F4/STM32-RC_Transmitter/MXTmpFiles/system.tmp
2026-08-15 09:40:31,385 [INFO] CodeEngine:319 - oldGeneratedFile, /home/thuy/embedded/project/Quadcopter-STM32F4/STM32-RC_Transmitter/Core/Inc/stm32f1xx_hal_conf.h_save
2026-08-15 09:40:31,424 [INFO] CodeEngine:343 - Generated code: /home/thuy/embedded/project/Quadcopter-STM32F4/STM32-RC_Transmitter/Core/Inc/stm32f1xx_hal_conf.h
2026-08-15 09:40:31,436 [INFO] CodeEngine:263 - oldGeneratedFile, /home/thuy/embedded/project/Quadcopter-STM32F4/STM32-RC_Transmitter/Core/Inc/main.h_save
2026-08-15 09:40:31,476 [INFO] CodeEngine:287 - Generated code: /home/thuy/embedded/project/Quadcopter-STM32F4/STM32-RC_Transmitter/Core/Inc/main.h
2026-08-15 09:40:31,477 [INFO] CodeEngine:263 - oldGeneratedFile, /home/thuy/embedded/project/Quadcopter-STM32F4/STM32-RC_Transmitter/Core/Src/main.c_save
2026-08-15 09:40:31,544 [INFO] CodeEngine:287 - Generated code: /home/thuy/embedded/project/Quadcopter-STM32F4/STM32-RC_Transmitter/Core/Src/main.c
2026-08-15 09:40:31,655 [INFO] ProjectBuilder:3324 - Time for Copy HAL[1] : 9mS.
2026-08-15 09:40:31,656 [INFO] ProjectBuilder:4912 - Project Generator version: 4.6.0-B36
2026-08-15 09:40:31,707 [INFO] ConfigFileManager:1590 - The Die is : DIE410
2026-08-15 09:40:32,093 [INFO] ProjectBuilder:5191 - Time for Generating toolchain IDE Files: 437mS.
2026-08-15 09:40:32,093 [INFO] ProjectBuilder:3181 - Time for Copy CMSIS : 0mS.
2026-08-15 09:40:32,093 [INFO] ProjectBuilder:3181 - Time for Copy CMSIS : 0mS.
2026-08-15 09:40:33,270 [ERROR] LogOutputStream:75 - [STDERR_REDIRECT] Aug 15, 2026 9:40:33 AM java.util.prefs.FileSystemPreferences checkLockFile0ErrorCode
2026-08-15 09:40:33,270 [ERROR] LogOutputStream:75 - [STDERR_REDIRECT] WARNING: Could not lock System prefs. Unix error code 2.
2026-08-15 09:40:33,270 [ERROR] LogOutputStream:75 - [STDERR_REDIRECT] 
2026-08-15 09:40:33,271 [ERROR] LogOutputStream:75 - [STDERR_REDIRECT] Aug 15, 2026 9:40:33 AM java.util.prefs.FileSystemPreferences syncWorld
2026-08-15 09:40:33,271 [ERROR] LogOutputStream:75 - [STDERR_REDIRECT] WARNING: Couldn't flush system prefs: java.util.prefs.BackingStoreException: Couldn't get file lock.
2026-08-15 09:40:33,271 [ERROR] LogOutputStream:75 - [STDERR_REDIRECT] 
2026-08-15 09:41:03,271 [ERROR] LogOutputStream:75 - [STDERR_REDIRECT] Aug 15, 2026 9:41:03 AM java.util.prefs.FileSystemPreferences checkLockFile0ErrorCode
2026-08-15 09:41:03,271 [ERROR] LogOutputStream:75 - [STDERR_REDIRECT] WARNING: Could not lock System prefs. Unix error code 2.
2026-08-15 09:41:03,272 [ERROR] LogOutputStream:75 - [STDERR_REDIRECT] 
2026-08-15 09:41:03,272 [ERROR] LogOutputStream:75 - [STDERR_REDIRECT] Aug 15, 2026 9:41:03 AM java.util.prefs.FileSystemPreferences syncWorld
2026-08-15 09:41:03,272 [ERROR] LogOutputStream:75 - [STDERR_REDIRECT] WARNING: Couldn't flush system prefs: java.util.prefs.BackingStoreException: Couldn't get file lock.
2026-08-15 09:41:03,272 [ERROR] LogOutputStream:75 - [STDERR_REDIRECT] 
2026-08-15 09:41:33,270 [ERROR] LogOutputStream:75 - [STDERR_REDIRECT] Aug 15, 2026 9:41:33 AM java.util.prefs.FileSystemPreferences checkLockFile0ErrorCode
2026-08-15 09:41:33,270 [ERROR] LogOutputStream:75 - [STDERR_REDIRECT] WARNING: Could not lock System prefs. Unix error code 2.
2026-08-15 09:41:33,270 [ERROR] LogOutputStream:75 - [STDERR_REDIRECT] 
2026-08-15 09:41:33,270 [ERROR] LogOutputStream:75 - [STDERR_REDIRECT] Aug 15, 2026 9:41:33 AM java.util.prefs.FileSystemPreferences syncWorld
2026-08-15 09:41:33,270 [ERROR] LogOutputStream:75 - [STDERR_REDIRECT] WARNING: Couldn't flush system prefs: java.util.prefs.BackingStoreException: Couldn't get file lock.
2026-08-15 09:41:33,271 [ERROR] LogOutputStream:75 - [STDERR_REDIRECT] 
2026-08-15 09:42:03,271 [ERROR] LogOutputStream:75 - [STDERR_REDIRECT] Aug 15, 2026 9:42:03 AM java.util.prefs.FileSystemPreferences checkLockFile0ErrorCode
2026-08-15 09:42:03,271 [ERROR] LogOutputStream:75 - [STDERR_REDIRECT] WARNING: Could not lock System prefs. Unix error code 2.
2026-08-15 09:42:03,271 [ERROR] LogOutputStream:75 - [STDERR_REDIRECT] 
2026-08-15 09:42:03,272 [ERROR] LogOutputStream:75 - [STDERR_REDIRECT] Aug 15, 2026 9:42:03 AM java.util.prefs.FileSystemPreferences syncWorld
2026-08-15 09:42:03,272 [ERROR] LogOutputStream:75 - [STDERR_REDIRECT] WARNING: Couldn't flush system prefs: java.util.prefs.BackingStoreException: Couldn't get file lock.
2026-08-15 09:42:03,272 [ERROR] LogOutputStream:75 - [STDERR_REDIRECT] 
2026-08-15 09:42:33,271 [ERROR] LogOutputStream:75 - [STDERR_REDIRECT] Aug 15, 2026 9:42:33 AM java.util.prefs.FileSystemPreferences checkLockFile0ErrorCode
2026-08-15 09:42:33,271 [ERROR] LogOutputStream:75 - [STDERR_REDIRECT] WARNING: Could not lock System prefs. Unix error code 2.
2026-08-15 09:42:33,272 [ERROR] LogOutputStream:75 - [STDERR_REDIRECT] 
2026-08-15 09:42:33,272 [ERROR] LogOutputStream:75 - [STDERR_REDIRECT] Aug 15, 2026 9:42:33 AM java.util.prefs.FileSystemPreferences syncWorld
2026-08-15 09:42:33,272 [ERROR] LogOutputStream:75 - [STDERR_REDIRECT] WARNING: Couldn't flush system prefs: java.util.prefs.BackingStoreException: Couldn't get file lock.
2026-08-15 09:42:33,272 [ERROR] LogOutputStream:75 - [STDERR_REDIRECT] 
2026-08-15 09:43:03,271 [ERROR] LogOutputStream:75 - [STDERR_REDIRECT] Aug 15, 2026 9:43:03 AM java.util.prefs.FileSystemPreferences checkLockFile0ErrorCode
2026-08-15 09:43:03,271 [ERROR] LogOutputStream:75 - [STDERR_REDIRECT] WARNING: Could not lock System prefs. Unix error code 2.
2026-08-15 09:43:03,271 [ERROR] LogOutputStream:75 - [STDERR_REDIRECT] 
2026-08-15 09:43:03,271 [ERROR] LogOutputStream:75 - [STDERR_REDIRECT] Aug 15, 2026 9:43:03 AM java.util.prefs.FileSystemPreferences syncWorld
2026-08-15 09:43:03,271 [ERROR] LogOutputStream:75 - [STDERR_REDIRECT] WARNING: Couldn't flush system prefs: java.util.prefs.BackingStoreException: Couldn't get file lock.
2026-08-15 09:43:03,271 [ERROR] LogOutputStream:75 - [STDERR_REDIRECT] 
2026-08-15 09:43:33,271 [ERROR] LogOutputStream:75 - [STDERR_REDIRECT] Aug 15, 2026 9:43:33 AM java.util.prefs.FileSystemPreferences checkLockFile0ErrorCode
2026-08-15 09:43:33,271 [ERROR] LogOutputStream:75 - [STDERR_REDIRECT] WARNING: Could not lock System prefs. Unix error code 2.
2026-08-15 09:43:33,271 [ERROR] LogOutputStream:75 - [STDERR_REDIRECT] 
2026-08-15 09:43:33,271 [ERROR] LogOutputStream:75 - [STDERR_REDIRECT] Aug 15, 2026 9:43:33 AM java.util.prefs.FileSystemPreferences syncWorld
2026-08-15 09:43:33,271 [ERROR] LogOutputStream:75 - [STDERR_REDIRECT] WARNING: Couldn't flush system prefs: java.util.prefs.BackingStoreException: Couldn't get file lock.
2026-08-15 09:43:33,271 [ERROR] LogOutputStream:75 - [STDERR_REDIRECT] 
2026-08-15 09:44:03,271 [ERROR] LogOutputStream:75 - [STDERR_REDIRECT] Aug 15, 2026 9:44:03 AM java.util.prefs.FileSystemPreferences checkLockFile0ErrorCode
2026-08-15 09:44:03,271 [ERROR] LogOutputStream:75 - [STDERR_REDIRECT] WARNING: Could not lock System prefs. Unix error code 2.
2026-08-15 09:44:03,271 [ERROR] LogOutputStream:75 - [STDERR_REDIRECT] 
2026-08-15 09:44:03,271 [ERROR] LogOutputStream:75 - [STDERR_REDIRECT] Aug 15, 2026 9:44:03 AM java.util.prefs.FileSystemPreferences syncWorld
2026-08-15 09:44:03,271 [ERROR] LogOutputStream:75 - [STDERR_REDIRECT] WARNING: Couldn't flush system prefs: java.util.prefs.BackingStoreException: Couldn't get file lock.
2026-08-15 09:44:03,271 [ERROR] LogOutputStream:75 - [STDERR_REDIRECT] 
2026-08-15 09:44:33,271 [ERROR] LogOutputStream:75 - [STDERR_REDIRECT] Aug 15, 2026 9:44:33 AM java.util.prefs.FileSystemPreferences checkLockFile0ErrorCode
2026-08-15 09:44:33,271 [ERROR] LogOutputStream:75 - [STDERR_REDIRECT] WARNING: Could not lock System prefs. Unix error code 2.
2026-08-15 09:44:33,271 [ERROR] LogOutputStream:75 - [STDERR_REDIRECT] 
2026-08-15 09:44:33,271 [ERROR] LogOutputStream:75 - [STDERR_REDIRECT] Aug 15, 2026 9:44:33 AM java.util.prefs.FileSystemPreferences syncWorld
2026-08-15 09:44:33,271 [ERROR] LogOutputStream:75 - [STDERR_REDIRECT] WARNING: Couldn't flush system prefs: java.util.prefs.BackingStoreException: Couldn't get file lock.
2026-08-15 09:44:33,271 [ERROR] LogOutputStream:75 - [STDERR_REDIRECT] 
2026-08-15 09:44:44,851 [INFO] MainUpdater:2872 - connection check result : 10
2026-08-15 09:44:44,851 [INFO] MainUpdater:2872 - connection check result : 10
2026-08-15 09:44:44,868 [INFO] MicroXplorer:468 - Change Database Path : 
2026-08-15 09:44:44,868 [INFO] MicroXplorer:498 - Change Database Version : DB.6.0.140
2026-08-15 09:44:44,876 [ERROR] ProjectManagerView:394 - 
java.lang.NullPointerException: Cannot invoke "javax.swing.JTextField.getText()" because the return value of "java.util.List.get(int)" is null
	at com.st.microxplorer.plugins.projectmanager.gui.ProjectChoiceTab$9.caretUpdate(ProjectChoiceTab.java:2678) ~[filemanager.jar:?]
	at javax.swing.text.JTextComponent.fireCaretUpdate(JTextComponent.java:408) ~[?:?]
	at javax.swing.text.JTextComponent$MutableCaretEvent.fire(JTextComponent.java:4484) ~[?:?]
	at javax.swing.text.JTextComponent$MutableCaretEvent.stateChanged(JTextComponent.java:4506) ~[?:?]
	at javax.swing.text.DefaultCaret.fireStateChanged(DefaultCaret.java:857) ~[?:?]
	at javax.swing.text.DefaultCaret.changeCaretPosition(DefaultCaret.java:1343) ~[?:?]
	at javax.swing.text.DefaultCaret.handleSetDot(DefaultCaret.java:1242) ~[?:?]
	at javax.swing.text.DefaultCaret.setDot(DefaultCaret.java:1223) ~[?:?]
	at javax.swing.text.DefaultCaret$Handler.insertUpdate(DefaultCaret.java:1819) ~[?:?]
	at javax.swing.text.AbstractDocument.fireInsertUpdate(AbstractDocument.java:227) ~[?:?]
	at javax.swing.text.AbstractDocument.handleInsertString(AbstractDocument.java:781) ~[?:?]
	at javax.swing.text.AbstractDocument.insertString(AbstractDocument.java:740) ~[?:?]
	at javax.swing.text.PlainDocument.insertString(PlainDocument.java:131) ~[?:?]
	at javax.swing.text.AbstractDocument.replace(AbstractDocument.java:699) ~[?:?]
	at javax.swing.text.JTextComponent.setText(JTextComponent.java:1725) ~[?:?]
	at com.st.microxplorer.plugins.projectmanager.gui.ProjectChoiceTab.createHeapStackFields(ProjectChoiceTab.java:979) ~[filemanager.jar:?]
	at com.st.microxplorer.plugins.projectmanager.gui.ProjectChoiceTab.buildLinkSettingsPanel(ProjectChoiceTab.java:3766) ~[filemanager.jar:?]
	at com.st.microxplorer.plugins.projectmanager.gui.ProjectChoiceTab.defineWindowsFields(ProjectChoiceTab.java:1962) ~[filemanager.jar:?]
	at com.st.microxplorer.plugins.projectmanager.gui.ProjectChoiceTab.updateSettings(ProjectChoiceTab.java:555) ~[filemanager.jar:?]
	at com.st.microxplorer.plugins.projectmanager.gui.ProjectSettingsPanel.UpdateDialog(ProjectSettingsPanel.java:245) ~[filemanager.jar:?]
	at com.st.microxplorer.plugins.projectmanager.ProjectManagerView.propertyChange(ProjectManagerView.java:391) ~[filemanager.jar:?]
	at java.beans.PropertyChangeSupport.fire(PropertyChangeSupport.java:343) ~[?:?]
	at java.beans.PropertyChangeSupport.firePropertyChange(PropertyChangeSupport.java:335) ~[?:?]
	at java.beans.PropertyChangeSupport.firePropertyChange(PropertyChangeSupport.java:268) ~[?:?]
	at com.st.microxplorer.util.MXPropertyChangeSupport.firePropertyChange(MXPropertyChangeSupport.java:54) ~[STM32CubeMX.jar:?]
	at com.st.microxplorer.mxsystem.MxSystem.closeConfig(MxSystem.java:899) ~[STM32CubeMX.jar:?]
	at com.st.microxplorer.maingui.MainPanel.closeConfig(MainPanel.java:789) ~[STM32CubeMX.jar:?]
	at com.st.microxplorer.plugins.filemanager.engine.OpenFileManager.loadConfigurationFile(OpenFileManager.java:287) ~[filemanager.jar:?]
	at com.st.microxplorer.plugins.filemanager.engine.MainFileManager.userLoadConfig(MainFileManager.java:341) ~[filemanager.jar:?]
	at com.st.microxplorer.plugins.filemanager.engine.MainFileManager.userLoadConfig(MainFileManager.java:319) ~[filemanager.jar:?]
	at com.st.microxplorer.plugins.filemanager.FileManagerView.getSpecificTask(FileManagerView.java:246) ~[filemanager.jar:?]
	at com.st.stm32cube.common.mx.editor.CubeMxEditor.getMxTabbedPaneInstance(CubeMxEditor.java:1198) ~[com.st.stm32cube.common.mx_6.14.0.202502271554/:?]
	at com.st.stm32cube.common.mx.editor.CubeMxEditor$12$1.createSwingComponent(CubeMxEditor.java:1068) ~[com.st.stm32cube.common.mx_6.14.0.202502271554/:?]
	at com.st.stm32cube.common.mx.oss.core.awtswtbridge.EmbeddedSwingComposite.doComponentCreation(EmbeddedSwingComposite.java:492) ~[com.st.stm32cube.common.mx.oss_6.14.0.202502271554/:?]
	at com.st.stm32cube.common.mx.oss.core.awtswtbridge.EmbeddedSwingComposite$4.run(EmbeddedSwingComposite.java:291) ~[com.st.stm32cube.common.mx.oss_6.14.0.202502271554/:?]
	at com.st.stm32cube.common.mx.oss.core.awtswtbridge.AwtEnvironment$2.run(AwtEnvironment.java:166) ~[com.st.stm32cube.common.mx.oss_6.14.0.202502271554/:?]
	at java.awt.event.InvocationEvent.dispatch(InvocationEvent.java:318) ~[?:?]
	at java.awt.EventQueue.dispatchEventImpl(EventQueue.java:773) ~[?:?]
	at java.awt.EventQueue$4.run(EventQueue.java:720) ~[?:?]
	at java.awt.EventQueue$4.run(EventQueue.java:714) ~[?:?]
	at java.security.AccessController.doPrivileged(AccessController.java:400) ~[?:?]
	at java.security.ProtectionDomain$JavaSecurityAccessImpl.doIntersectionPrivilege(ProtectionDomain.java:87) ~[?:?]
	at java.awt.EventQueue.dispatchEvent(EventQueue.java:742) ~[?:?]
	at java.awt.EventDispatchThread.pumpOneEventForFilters(EventDispatchThread.java:203) ~[?:?]
	at java.awt.EventDispatchThread.pumpEventsForFilter(EventDispatchThread.java:124) ~[?:?]
	at java.awt.EventDispatchThread.pumpEventsForHierarchy(EventDispatchThread.java:113) ~[?:?]
	at java.awt.EventDispatchThread.pumpEvents(EventDispatchThread.java:109) ~[?:?]
	at java.awt.EventDispatchThread.pumpEvents(EventDispatchThread.java:101) ~[?:?]
	at java.awt.EventDispatchThread.run(EventDispatchThread.java:90) ~[?:?]
2026-08-15 09:44:44,880 [WARN] ThirdParty:871 - waiting for thirdparty lock release [close project]
2026-08-15 09:44:44,880 [INFO] ThirdParty:873 - entering critical section [close project]
2026-08-15 09:44:44,880 [INFO] ThirdParty:883 - exiting critical section [close project]
2026-08-15 09:44:44,881 [INFO] PinOutPanel:1589 - setPackage(No Configuration,No Configuration)
2026-08-15 09:44:44,885 [INFO] UtilMem:75 - Begin LoadConfig() Used Memory: 643286240 Bytes (783286272)
2026-08-15 09:44:44,885 [INFO] MicroXplorer:468 - Change Database Path : 
2026-08-15 09:44:44,885 [INFO] MicroXplorer:498 - Change Database Version : DB.6.0.140
2026-08-15 09:44:44,885 [INFO] OpenFileManager:354 - Change cursor
2026-08-15 09:44:44,898 [INFO] RulesReader:64 - Compatibility file has been processed (301 Rules)
2026-08-15 09:44:44,900 [INFO] Mcu:2011 - Initializing MCU STM32F103C(8-B)Tx STM32F103C8Tx STM32F103C8T6
2026-08-15 09:44:45,145 [INFO] Context:756 - Trying to add GPIOservice into a context  which must be forbidden
2026-08-15 09:44:45,302 [INFO] ImportTextPane:218 - (OptionalMessage_ERROR) Pin25 (VP_RIF_VS_RIF1) cannot be retrieved for this MCU
2026-08-15 09:44:45,324 [INFO] RtosManager:558 - Registered RTOS mode: class=CMSIS, group=RTOS, mode=CMSIS_V1, owner=FREERTOS
2026-08-15 09:44:45,324 [INFO] RtosManager:558 - Registered RTOS mode: class=CMSIS, group=RTOS2, mode=CMSIS_V2, owner=FREERTOS
2026-08-15 09:44:45,324 [INFO] RtosManager:558 - Registered RTOS mode: class=RTOS, group=Core, mode=CMSIS_V1, owner=FREERTOS
2026-08-15 09:44:45,324 [INFO] RtosManager:558 - Registered RTOS mode: class=RTOS, group=Core, mode=CMSIS_V2, owner=FREERTOS
2026-08-15 09:44:45,324 [WARN] ModelIntegratedComponent:184 - Missing modes for component STMicroelectronics:FreeRTOS:0.0.1:STMicroelectronics:RTOS:FreeRTOS:Core:::10.2.0:
2026-08-15 09:44:45,392 [WARN] ModelIntegratedComponent:63 - No mode defined for component null
2026-08-15 09:44:45,393 [WARN] ModelIntegratedComponent:63 - No mode defined for component null
2026-08-15 09:44:45,393 [WARN] ModelIntegratedComponent:63 - No mode defined for component null
2026-08-15 09:44:45,393 [WARN] ModelIntegratedComponent:63 - No mode defined for component null
2026-08-15 09:44:45,393 [WARN] ModelIntegratedComponent:63 - No mode defined for component null
2026-08-15 09:44:45,393 [WARN] ModelIntegratedComponent:63 - No mode defined for component null
2026-08-15 09:44:45,393 [WARN] ModelIntegratedComponent:63 - No mode defined for component null
2026-08-15 09:44:45,393 [WARN] ModelIntegratedComponent:63 - No mode defined for component null
2026-08-15 09:44:45,393 [WARN] ModelIntegratedComponent:63 - No mode defined for component null
2026-08-15 09:44:45,393 [WARN] ModelIntegratedComponent:63 - No mode defined for component null
2026-08-15 09:44:45,393 [WARN] ModelIntegratedComponent:63 - No mode defined for component null
2026-08-15 09:44:45,393 [WARN] ModelIntegratedComponent:63 - No mode defined for component null
2026-08-15 09:44:45,393 [WARN] ModelIntegratedComponent:63 - No mode defined for component null
2026-08-15 09:44:45,393 [WARN] ModelIntegratedComponent:63 - No mode defined for component null
2026-08-15 09:44:45,393 [WARN] ModelIntegratedComponent:63 - No mode defined for component null
2026-08-15 09:44:45,393 [WARN] ModelIntegratedComponent:63 - No mode defined for component null
2026-08-15 09:44:45,393 [WARN] ModelIntegratedComponent:63 - No mode defined for component null
2026-08-15 09:44:45,393 [WARN] ModelIntegratedComponent:63 - No mode defined for component null
2026-08-15 09:44:45,393 [WARN] ModelIntegratedComponent:63 - No mode defined for component null
2026-08-15 09:44:45,393 [WARN] ModelIntegratedComponent:63 - No mode defined for component null
2026-08-15 09:44:45,393 [WARN] ModelIntegratedComponent:63 - No mode defined for component null
2026-08-15 09:44:45,393 [WARN] ModelIntegratedComponent:63 - No mode defined for component null
2026-08-15 09:44:45,393 [WARN] ModelIntegratedComponent:63 - No mode defined for component null
2026-08-15 09:44:45,393 [WARN] ModelIntegratedComponent:63 - No mode defined for component null
2026-08-15 09:44:45,393 [WARN] ModelIntegratedComponent:63 - No mode defined for component null
2026-08-15 09:44:45,393 [WARN] ModelIntegratedComponent:63 - No mode defined for component null
2026-08-15 09:44:45,393 [WARN] ModelIntegratedComponent:63 - No mode defined for component null
2026-08-15 09:44:45,393 [WARN] ModelIntegratedComponent:63 - No mode defined for component null
2026-08-15 09:44:45,393 [WARN] ModelIntegratedComponent:63 - No mode defined for component null
2026-08-15 09:44:45,393 [WARN] ModelIntegratedComponent:63 - No mode defined for component null
2026-08-15 09:44:45,393 [WARN] ModelIntegratedComponent:63 - No mode defined for component null
2026-08-15 09:44:45,393 [WARN] ModelIntegratedComponent:63 - No mode defined for component null
2026-08-15 09:44:45,393 [WARN] ModelIntegratedComponent:63 - No mode defined for component null
2026-08-15 09:44:45,393 [WARN] ModelIntegratedComponent:63 - No mode defined for component null
2026-08-15 09:44:45,393 [WARN] ModelIntegratedComponent:63 - No mode defined for component null
2026-08-15 09:44:45,393 [WARN] ModelPack:524 - Component already loaded: STMicroelectronics:HAL Drivers:0.0.0:STMicroelectronics:Device:STMicro_Driver:XSPI:HAL::0.0.1:HAL_XSPI
2026-08-15 09:44:45,429 [INFO] ThirdPartyModel:298 - Start build external matchings
2026-08-15 09:44:45,633 [INFO] ThirdPartyModel:316 - End build external matchings
2026-08-15 09:44:45,642 [INFO] ImportTextPane:218 - (OptionalMessage_ERROR) IP (DMA) : Parameter (Instance) has Id (ADC1) currently not set
2026-08-15 09:44:45,642 [INFO] ImportTextPane:218 - (OptionalMessage_ERROR) IP (DMA) : Parameter (Direction) has Id (ADC1) currently not set
2026-08-15 09:44:45,642 [INFO] ImportTextPane:218 - (OptionalMessage_ERROR) IP (DMA) : Parameter (PeriphInc) has Id (ADC1) currently not set
2026-08-15 09:44:45,642 [INFO] ImportTextPane:218 - (OptionalMessage_ERROR) IP (DMA) : Parameter (MemInc) has Id (ADC1) currently not set
2026-08-15 09:44:45,642 [INFO] ImportTextPane:218 - (OptionalMessage_ERROR) IP (DMA) : Parameter (PeriphDataAlignment) has Id (ADC1) currently not set
2026-08-15 09:44:45,643 [INFO] ImportTextPane:218 - (OptionalMessage_ERROR) IP (DMA) : Parameter (MemDataAlignment) has Id (ADC1) currently not set
2026-08-15 09:44:45,643 [INFO] ImportTextPane:218 - (OptionalMessage_ERROR) IP (DMA) : Parameter (Mode) has Id (ADC1) currently not set
2026-08-15 09:44:45,643 [INFO] ImportTextPane:218 - (OptionalMessage_ERROR) IP (DMA) : Parameter (Priority) has Id (ADC1) currently not set
2026-08-15 09:44:45,643 [INFO] ImportTextPane:218 - (OptionalMessage_ERROR) IP (RCC) : Invalid parameter (FamilyName)
2026-08-15 09:44:45,643 [INFO] ImportTextPane:218 - (OptionalMessage_ERROR) IP (RCC) : Parameter (USBFreq_Value) has invalid value (32000000)
2026-08-15 09:44:45,724 [INFO] UtilMem:75 - End LoadConfig() Used Memory: 652060480 Bytes (783286272)
2026-08-15 09:44:45,729 [WARN] ThirdParty:833 - waiting for thirdparty lock release [change project]
2026-08-15 09:44:45,729 [INFO] ThirdParty:835 - entering critical section [change project]
2026-08-15 09:44:45,729 [INFO] ThirdParty:1030 - CMSIS Pack Vendor :STMicroelectronics X-CUBE-AZRTOS-H7 3.5.0
2026-08-15 09:44:45,729 [INFO] ThirdParty:1030 - CMSIS Pack Vendor :STMicroelectronics X-CUBE-PM33A1 1.0.0
2026-08-15 09:44:45,729 [INFO] ThirdParty:1030 - CMSIS Pack Vendor :STMicroelectronics USBPD 4.1
2026-08-15 09:44:45,729 [INFO] ThirdParty:1030 - CMSIS Pack Vendor :STMicroelectronics X-CUBE-NFC9 1.0.0
2026-08-15 09:44:45,729 [INFO] ThirdParty:1030 - CMSIS Pack Vendor :STMicroelectronics USB_HOST 2.0.0
2026-08-15 09:44:45,729 [INFO] ThirdParty:1030 - CMSIS Pack Vendor :STMicroelectronics FP-ATR-ASTRA1 2.0.3
2026-08-15 09:44:45,729 [INFO] ThirdParty:1030 - CMSIS Pack Vendor :STMicroelectronics X-CUBE-AZRTOS-F4 1.1.0
2026-08-15 09:44:45,729 [INFO] ThirdParty:1030 - CMSIS Pack Vendor :STMicroelectronics LIBJPEG 8.0.0
2026-08-15 09:44:45,729 [INFO] ThirdParty:1030 - CMSIS Pack Vendor :STMicroelectronics FP-ATR-ASTRA1 2.0.2
2026-08-15 09:44:45,729 [INFO] ThirdParty:1030 - CMSIS Pack Vendor :STMicroelectronics X-CUBE-BLE1 7.1.0
2026-08-15 09:44:45,729 [INFO] ThirdParty:1030 - CMSIS Pack Vendor :wolfSSL I-CUBE-wolfMQTT 1.19.2
2026-08-15 09:44:45,729 [INFO] ThirdParty:1030 - CMSIS Pack Vendor :STMicroelectronics USB_DEVICE 3.0.0
2026-08-15 09:44:45,729 [INFO] ThirdParty:1030 - CMSIS Pack Vendor :STMicroelectronics X-CUBE-ISPU 2.1.0
2026-08-15 09:44:45,729 [INFO] ThirdParty:1030 - CMSIS Pack Vendor :STMicroelectronics X-CUBE-EEPRMA1 5.2.0
2026-08-15 09:44:45,730 [INFO] ThirdParty:1030 - CMSIS Pack Vendor :STMicroelectronics eDS-WB_DPC_TT-BIDIR 2.1.1
2026-08-15 09:44:45,730 [INFO] ThirdParty:1030 - CMSIS Pack Vendor :STMicroelectronics X-CUBE-AZRTOS-WB 2.0.0
2026-08-15 09:44:45,730 [INFO] ThirdParty:1030 - CMSIS Pack Vendor :STMicroelectronics X-CUBE-NFC12 1.0.0
2026-08-15 09:44:45,730 [INFO] ThirdParty:1030 - CMSIS Pack Vendor :STMicroelectronics X-CUBE-AZRTOS-F7 1.1.0
2026-08-15 09:44:45,730 [INFO] ThirdParty:1030 - CMSIS Pack Vendor :STMicroelectronics X-CUBE-AZRTOS-L5 2.0.0
2026-08-15 09:44:45,730 [INFO] ThirdParty:1030 - CMSIS Pack Vendor :STMicroelectronics USB_DEVICE 2.0.0
2026-08-15 09:44:45,730 [INFO] ThirdParty:1030 - CMSIS Pack Vendor :quantropi X-CUBE-qispace-sdk-base 2.1.0
2026-08-15 09:44:45,730 [INFO] ThirdParty:1030 - CMSIS Pack Vendor :STMicroelectronics X-CUBE-STSE01 2.0.0
2026-08-15 09:44:45,730 [INFO] ThirdParty:1030 - CMSIS Pack Vendor :STMicroelectronics X-CUBE-ALGOBUILD 1.5.0
2026-08-15 09:44:45,730 [INFO] ThirdParty:1030 - CMSIS Pack Vendor :STMicroelectronics FreeRTOS 0.0.1
2026-08-15 09:44:45,730 [INFO] ThirdParty:1030 - CMSIS Pack Vendor :STMicroelectronics X-CUBE-AZRTOS-H7RS 1.3.0
2026-08-15 09:44:45,730 [INFO] ThirdParty:1030 - CMSIS Pack Vendor :STMicroelectronics X-CUBE-AZRTOS-G0 1.1.0
2026-08-15 09:44:45,730 [INFO] ThirdParty:1030 - CMSIS Pack Vendor :STMicroelectronics X-CUBE-NFC4 3.0.0
2026-08-15 09:44:45,730 [INFO] ThirdParty:1030 - CMSIS Pack Vendor :STMicroelectronics X-CUBE-SUBG2 5.0.0
2026-08-15 09:44:45,730 [INFO] ThirdParty:1030 - CMSIS Pack Vendor :STMicroelectronics STM32_WPAN 1.0.0
2026-08-15 09:44:45,730 [INFO] ThirdParty:1030 - CMSIS Pack Vendor :STMicroelectronics eDS-WB_DPC_VIENNA 1.2.0
2026-08-15 09:44:45,730 [INFO] ThirdParty:1030 - CMSIS Pack Vendor :EmbeddedOffice I-CUBE-FS-RTOS 1.0.1
2026-08-15 09:44:45,730 [INFO] ThirdParty:1030 - CMSIS Pack Vendor :STMicroelectronics lwIP 2.0.3
2026-08-15 09:44:45,730 [INFO] ThirdParty:1030 - CMSIS Pack Vendor :STMicroelectronics X-CUBE-MEMS1 13.0.0
2026-08-15 09:44:45,730 [INFO] ThirdParty:1030 - CMSIS Pack Vendor :STMicroelectronics eDS-WB_DPC_3PH2L-BIDIR 1.1.1
2026-08-15 09:44:45,730 [INFO] ThirdParty:1030 - CMSIS Pack Vendor :STMicroelectronics USB_HOST 1.0.0
2026-08-15 09:44:45,730 [INFO] ThirdParty:1030 - CMSIS Pack Vendor :STMicroelectronics X-CUBE-AZRTOS-G4 2.0.0
2026-08-15 09:44:45,730 [INFO] ThirdParty:1030 - CMSIS Pack Vendor :STMicroelectronics PDM2PCM 3.1.0
2026-08-15 09:44:45,730 [INFO] ThirdParty:1030 - CMSIS Pack Vendor :STMicroelectronics PDM2PCM 3.3.0
2026-08-15 09:44:45,730 [INFO] ThirdParty:1030 - CMSIS Pack Vendor :wolfSSL I-CUBE-wolfTPM 3.8.0
2026-08-15 09:44:45,730 [INFO] ThirdParty:1030 - CMSIS Pack Vendor :STMicroelectronics X-CUBE-DISPLAY 3.0.0
2026-08-15 09:44:45,730 [INFO] ThirdParty:1030 - CMSIS Pack Vendor :wolfSSL I-CUBE-wolfSSH 1.4.20
2026-08-15 09:44:45,730 [INFO] ThirdParty:1030 - CMSIS Pack Vendor :STMicroelectronics X-CUBE-NFC7 2.0.0
2026-08-15 09:44:45,730 [INFO] ThirdParty:1030 - CMSIS Pack Vendor :STMicroelectronics X-CUBE-GNSS1 7.1.1
2026-08-15 09:44:45,730 [INFO] ThirdParty:1030 - CMSIS Pack Vendor :STMicroelectronics X-CUBE-TCPP 4.2.0
2026-08-15 09:44:45,730 [INFO] ThirdParty:1030 - CMSIS Pack Vendor :RealThread X-CUBE-RT-Thread_Nano 4.1.1
2026-08-15 09:44:45,730 [INFO] ThirdParty:1030 - CMSIS Pack Vendor :wolfSSL I-CUBE-wolfSSL 5.9.1
2026-08-15 09:44:45,730 [INFO] ThirdParty:1030 - CMSIS Pack Vendor :STMicroelectronics FP-ATR-SIGFOX1 3.2.0
2026-08-15 09:44:45,730 [INFO] ThirdParty:1030 - CMSIS Pack Vendor :STMicroelectronics X-CUBE-NFC10 1.0.0
2026-08-15 09:44:45,730 [INFO] ThirdParty:1030 - CMSIS Pack Vendor :STMicroelectronics HAL Drivers 0.0.0
2026-08-15 09:44:45,730 [INFO] ThirdParty:1030 - CMSIS Pack Vendor :STMicroelectronics MBEDTLS 2.16.2
2026-08-15 09:44:45,730 [INFO] ThirdParty:1030 - CMSIS Pack Vendor :STMicroelectronics X-CUBE-ST60 1.1.0
2026-08-15 09:44:45,730 [INFO] ThirdParty:1030 - CMSIS Pack Vendor :STMicroelectronics X-CUBE-ALS 1.0.2
2026-08-15 09:44:45,730 [INFO] ThirdParty:1030 - CMSIS Pack Vendor :emotas I-CUBE-CANOPEN 1.3.0
2026-08-15 09:44:45,730 [INFO] ThirdParty:1030 - CMSIS Pack Vendor :STMicroelectronics MBEDTLS 2.14.1
2026-08-15 09:44:45,730 [INFO] ThirdParty:1030 - CMSIS Pack Vendor :ITTIA_DB I-CUBE-ITTIADB 8.9.0
2026-08-15 09:44:45,730 [INFO] ThirdParty:1030 - CMSIS Pack Vendor :Cesanta I-CUBE-Mongoose 7.21.7
2026-08-15 09:44:45,730 [INFO] ThirdParty:1030 - CMSIS Pack Vendor :STMicroelectronics X-CUBE-TOUCHGFX 4.26.1
2026-08-15 09:44:45,730 [INFO] ThirdParty:1030 - CMSIS Pack Vendor :STMicroelectronics X-CUBE-NFC6 3.2.0
2026-08-15 09:44:45,730 [INFO] ThirdParty:1030 - CMSIS Pack Vendor :STMicroelectronics X-CUBE-AI 10.2.1
2026-08-15 09:44:45,730 [INFO] ThirdParty:1030 - CMSIS Pack Vendor :STMicroelectronics ThreadX 1.0.0
2026-08-15 09:44:45,730 [INFO] ThirdParty:1030 - CMSIS Pack Vendor :STMicroelectronics FP-SNS-SMARTAG2 1.2.0
2026-08-15 09:44:45,730 [INFO] ThirdParty:1030 - CMSIS Pack Vendor :STMicroelectronics X-CUBE-MEMS1 12.1.0
2026-08-15 09:44:45,730 [INFO] ThirdParty:1030 - CMSIS Pack Vendor :STMicroelectronics FP-SNS-FLIGHT1 5.1.0
2026-08-15 09:44:45,730 [INFO] ThirdParty:1030 - CMSIS Pack Vendor :STMicroelectronics X-CUBE-AZRTOS-WL 2.0.0
2026-08-15 09:44:45,730 [INFO] ThirdParty:1030 - CMSIS Pack Vendor :SEGGER I-CUBE-embOS 1.3.1
2026-08-15 09:44:45,730 [INFO] ThirdParty:1030 - CMSIS Pack Vendor :STMicroelectronics X-CUBE-DPower 1.3.0
2026-08-15 09:44:45,730 [INFO] ThirdParty:1030 - CMSIS Pack Vendor :STMicroelectronics USB_DEVICE 1.0.0
2026-08-15 09:44:45,730 [INFO] ThirdParty:1030 - CMSIS Pack Vendor :STMicroelectronics X-CUBE-AZRTOS-L4 2.0.0
2026-08-15 09:44:45,730 [INFO] ThirdParty:1030 - CMSIS Pack Vendor :STMicroelectronics ThreadX 0.0.2
2026-08-15 09:44:45,730 [INFO] ThirdParty:1030 - CMSIS Pack Vendor :STMicroelectronics lwIP 2.1.2
2026-08-15 09:44:45,730 [INFO] ThirdParty:1030 - CMSIS Pack Vendor :STMicroelectronics X-CUBE-SFXS2LP1 4.0.0
2026-08-15 09:44:45,730 [INFO] ThirdParty:1030 - CMSIS Pack Vendor :STMicroelectronics X-CUBE-BLE2 3.3.0
2026-08-15 09:44:45,730 [INFO] ThirdParty:1030 - CMSIS Pack Vendor :Avnet-IOTCONNECT X-CUBE-iotc-st67-sdk 1.0.0
2026-08-15 09:44:45,730 [INFO] ThirdParty:1030 - CMSIS Pack Vendor :STMicroelectronics X-CUBE-TOF1 3.4.3
2026-08-15 09:44:45,730 [INFO] ThirdParty:1030 - CMSIS Pack Vendor :Infineon AIROC-Wi-Fi-Bluetooth-STM32 1.8.0
2026-08-15 09:44:45,730 [INFO] ThirdParty:1030 - CMSIS Pack Vendor :STMicroelectronics X-CUBE-NFC13 1.0.0
2026-08-15 09:44:45,730 [INFO] ThirdParty:1030 - CMSIS Pack Vendor :STMicroelectronics PDM2PCM 3.2.0
2026-08-15 09:44:45,730 [INFO] ThirdParty:1030 - CMSIS Pack Vendor :STMicroelectronics X-CUBE-WB05N 2.1.0
2026-08-15 09:44:45,731 [INFO] ThirdParty:841 - exiting critical section [change project]
2026-08-15 09:44:45,859 [INFO] PinOutPanel:1589 - setPackage(No Configuration,No Configuration)
2026-08-15 09:44:45,860 [INFO] PinOutPanel:1589 - setPackage(STM32F103C8Tx,LQFP48)
2026-08-15 09:44:46,150 [INFO] UtilMem:75 - Before build in PCC Used Memory: 329608472 Bytes (783286272)
2026-08-15 09:44:46,385 [INFO] UtilMem:75 - After build in PCC Used Memory: 374697432 Bytes (783286272)
2026-08-15 09:44:46,402 [INFO] IPUIPlugin:80 - create IPUIPlugin
2026-08-15 09:44:46,402 [INFO] IPUIPlugin:80 - create IPUIPlugin
2026-08-15 09:44:46,402 [INFO] IPUIPlugin:80 - create IPUIPlugin
2026-08-15 09:44:46,402 [INFO] IPUIPlugin:80 - create IPUIPlugin
2026-08-15 09:44:46,402 [INFO] IPUIPlugin:80 - create IPUIPlugin
2026-08-15 09:44:46,402 [INFO] IPUIPlugin:80 - create IPUIPlugin
2026-08-15 09:44:46,402 [INFO] IPUIPlugin:80 - create IPUIPlugin
2026-08-15 09:44:46,402 [INFO] IPUIPlugin:80 - create IPUIPlugin
2026-08-15 09:44:46,402 [INFO] IPUIPlugin:80 - create IPUIPlugin
2026-08-15 09:44:46,402 [INFO] IPUIPlugin:80 - create IPUIPlugin
2026-08-15 09:44:46,402 [INFO] IPUIPlugin:80 - create IPUIPlugin
2026-08-15 09:44:46,402 [INFO] IPUIPlugin:80 - create IPUIPlugin
2026-08-15 09:44:46,403 [INFO] IPUIPlugin:80 - create IPUIPlugin
2026-08-15 09:44:46,403 [INFO] IPUIPlugin:80 - create IPUIPlugin
2026-08-15 09:44:46,403 [INFO] IPUIPlugin:80 - create IPUIPlugin
2026-08-15 09:44:46,403 [INFO] IPUIPlugin:80 - create IPUIPlugin
2026-08-15 09:44:46,403 [INFO] IPUIPlugin:80 - create IPUIPlugin
2026-08-15 09:44:46,403 [INFO] IPUIPlugin:80 - create IPUIPlugin
2026-08-15 09:44:46,403 [INFO] IPUIPlugin:80 - create IPUIPlugin
2026-08-15 09:44:46,403 [INFO] IPUIPlugin:80 - create IPUIPlugin
2026-08-15 09:44:46,403 [INFO] IPUIPlugin:80 - create IPUIPlugin
2026-08-15 09:44:46,404 [INFO] IPUIPlugin:80 - create IPUIPlugin
2026-08-15 09:44:46,404 [INFO] IPUIPlugin:80 - create IPUIPlugin
2026-08-15 09:44:46,404 [INFO] IPUIPlugin:80 - create IPUIPlugin
2026-08-15 09:44:46,404 [INFO] IPUIPlugin:80 - create IPUIPlugin
2026-08-15 09:44:46,404 [INFO] IPUIPlugin:80 - create IPUIPlugin
2026-08-15 09:44:46,404 [INFO] IPUIPlugin:80 - create IPUIPlugin
2026-08-15 09:44:46,405 [WARN] IP:2250 - I2C_Coeff_DF not found: check if there is a RefParameter without a condition.
2026-08-15 09:44:46,405 [WARN] IP:2250 - Analog_Filter not found: check if there is a RefParameter without a condition.
2026-08-15 09:44:46,435 [INFO] CADModel:165 - CPN selected for project levelSTM32F103C8T6
2026-08-15 09:44:46,435 [INFO] CADModel:114 - Register for checkConnection events
2026-08-15 09:44:46,472 [INFO] OpenFileManager:385 - Restore cursor
2026-08-15 09:44:46,580 [WARN] IP:2250 - I2C_Coeff_DF not found: check if there is a RefParameter without a condition.
2026-08-15 09:44:46,580 [WARN] IP:2250 - Analog_Filter not found: check if there is a RefParameter without a condition.
2026-08-15 09:44:46,580 [WARN] IP:2250 - I2C_Coeff_DF not found: check if there is a RefParameter without a condition.
2026-08-15 09:44:46,580 [WARN] IP:2250 - Analog_Filter not found: check if there is a RefParameter without a condition.
2026-08-15 09:44:48,610 [INFO] ADCParametersView:116 -                Rank 1 : false
2026-08-15 09:44:48,611 [INFO] ADCParametersView:116 -                Rank 1 : false
2026-08-15 09:44:48,611 [INFO] ADCParametersView:116 -                Rank 2 : false
2026-08-15 09:44:48,611 [INFO] ADCParametersView:116 -                Rank 1 : false
2026-08-15 09:44:48,611 [INFO] ADCParametersView:116 -                Rank 2 : false
2026-08-15 09:44:48,611 [INFO] ADCParametersView:116 -                Rank 3 : false
2026-08-15 09:44:48,611 [INFO] ADCParametersView:116 -                Rank 1 : false
2026-08-15 09:44:48,611 [INFO] ADCParametersView:116 -                Rank 2 : false
2026-08-15 09:44:48,611 [INFO] ADCParametersView:116 -                Rank 3 : false
2026-08-15 09:44:48,611 [INFO] ADCParametersView:116 -                Rank 4 : false
2026-08-15 09:44:48,627 [INFO] ADCParametersView:116 -                Rank 1 : false
2026-08-15 09:44:48,627 [INFO] ADCParametersView:116 -                Rank 2 : false
2026-08-15 09:44:48,627 [INFO] ADCParametersView:116 -                Rank 3 : false
2026-08-15 09:44:48,627 [INFO] ADCParametersView:116 -                Rank 4 : false
2026-08-15 09:44:48,627 [INFO] ADCParametersView:116 -                Rank 1 : false
2026-08-15 09:44:48,627 [INFO] ADCParametersView:116 -                Rank 2 : false
2026-08-15 09:44:48,627 [INFO] ADCParametersView:116 -                Rank 3 : false
2026-08-15 09:44:48,627 [INFO] ADCParametersView:116 -                Rank 4 : false
2026-08-15 09:44:48,627 [INFO] ADCParametersView:116 -                Rank 1 : false
2026-08-15 09:44:48,627 [INFO] ADCParametersView:116 -                Rank 2 : false
2026-08-15 09:44:48,627 [INFO] ADCParametersView:116 -                Rank 3 : false
2026-08-15 09:44:48,627 [INFO] ADCParametersView:116 -                Rank 4 : false
2026-08-15 09:44:48,627 [INFO] ADCParametersView:116 -                Rank 1 : false
2026-08-15 09:44:48,627 [INFO] ADCParametersView:116 -                Rank 2 : false
2026-08-15 09:44:48,627 [INFO] ADCParametersView:116 -                Rank 3 : false
2026-08-15 09:44:48,627 [INFO] ADCParametersView:116 -                Rank 4 : false
2026-08-15 09:44:48,627 [INFO] ADCParametersView:116 -                Rank 1 : false
2026-08-15 09:44:48,627 [INFO] ADCParametersView:116 -                Rank 2 : false
2026-08-15 09:44:48,627 [INFO] ADCParametersView:116 -                Rank 3 : false
2026-08-15 09:44:48,627 [INFO] ADCParametersView:116 -                Rank 4 : false
2026-08-15 09:44:48,627 [INFO] ADCParametersView:116 -                Rank 1 : false
2026-08-15 09:44:48,627 [INFO] ADCParametersView:116 -                Rank 2 : false
2026-08-15 09:44:48,627 [INFO] ADCParametersView:116 -                Rank 3 : false
2026-08-15 09:44:48,627 [INFO] ADCParametersView:116 -                Rank 4 : false
2026-08-15 09:44:48,627 [INFO] ADCParametersView:116 -                Rank 1 : false
2026-08-15 09:44:48,627 [INFO] ADCParametersView:116 -                Rank 2 : false
2026-08-15 09:44:48,627 [INFO] ADCParametersView:116 -                Rank 3 : false
2026-08-15 09:44:48,627 [INFO] ADCParametersView:116 -                Rank 4 : false
2026-08-15 09:44:48,627 [INFO] ADCParametersView:116 -                Rank 1 : false
2026-08-15 09:44:48,627 [INFO] ADCParametersView:116 -                Rank 2 : false
2026-08-15 09:44:48,627 [INFO] ADCParametersView:116 -                Rank 3 : false
2026-08-15 09:44:48,627 [INFO] ADCParametersView:116 -                Rank 4 : false
2026-08-15 09:44:48,627 [INFO] ADCParametersView:116 -                Rank 1 : false
2026-08-15 09:44:48,627 [INFO] ADCParametersView:116 -                Rank 2 : false
2026-08-15 09:44:48,627 [INFO] ADCParametersView:116 -                Rank 3 : false
2026-08-15 09:44:48,627 [INFO] ADCParametersView:116 -                Rank 4 : false
2026-08-15 09:44:48,627 [INFO] ADCParametersView:116 -                Rank 1 : false
2026-08-15 09:44:48,627 [INFO] ADCParametersView:116 -                Rank 2 : false
2026-08-15 09:44:48,627 [INFO] ADCParametersView:116 -                Rank 3 : false
2026-08-15 09:44:48,627 [INFO] ADCParametersView:116 -                Rank 4 : false
2026-08-15 09:44:48,628 [INFO] ADCParametersView:116 -                Rank 2 : false
2026-08-15 09:44:48,628 [INFO] ADCParametersView:116 -                Rank 3 : false
2026-08-15 09:44:48,628 [INFO] ADCParametersView:116 -                Rank 4 : false
2026-08-15 09:44:48,628 [INFO] ADCParametersView:116 -                Rank 3 : false
2026-08-15 09:44:48,628 [INFO] ADCParametersView:116 -                Rank 4 : false
2026-08-15 09:44:48,628 [INFO] ADCParametersView:116 -                Rank 4 : false
2026-08-15 09:44:48,631 [INFO] ADCParametersView:116 -                Rank 1 : false
2026-08-15 09:44:48,632 [INFO] ADCParametersView:116 -                Rank 1 : false
2026-08-15 09:44:48,632 [INFO] ADCParametersView:116 -                Rank 2 : false
2026-08-15 09:44:48,632 [INFO] ADCParametersView:116 -                Rank 1 : false
2026-08-15 09:44:48,632 [INFO] ADCParametersView:116 -                Rank 2 : false
2026-08-15 09:44:48,632 [INFO] ADCParametersView:116 -                Rank 3 : false
2026-08-15 09:44:48,632 [INFO] ADCParametersView:116 -                Rank 1 : false
2026-08-15 09:44:48,632 [INFO] ADCParametersView:116 -                Rank 2 : false
2026-08-15 09:44:48,632 [INFO] ADCParametersView:116 -                Rank 3 : false
2026-08-15 09:44:48,632 [INFO] ADCParametersView:116 -                Rank 4 : false
2026-08-15 09:44:50,363 [INFO] ADCParametersView:116 -                Rank 1 : false
2026-08-15 09:44:50,363 [INFO] ADCParametersView:116 -                Rank 2 : false
2026-08-15 09:44:50,363 [INFO] ADCParametersView:116 -                Rank 3 : false
2026-08-15 09:44:50,363 [INFO] ADCParametersView:116 -                Rank 4 : false
2026-08-15 09:44:50,363 [INFO] ADCParametersView:116 -                Rank 1 : false
2026-08-15 09:44:50,363 [INFO] ADCParametersView:116 -                Rank 2 : false
2026-08-15 09:44:50,363 [INFO] ADCParametersView:116 -                Rank 3 : false
2026-08-15 09:44:50,363 [INFO] ADCParametersView:116 -                Rank 4 : false
2026-08-15 09:44:50,363 [INFO] ADCParametersView:116 -                Rank 1 : false
2026-08-15 09:44:50,363 [INFO] ADCParametersView:116 -                Rank 2 : false
2026-08-15 09:44:50,363 [INFO] ADCParametersView:116 -                Rank 3 : false
2026-08-15 09:44:50,363 [INFO] ADCParametersView:116 -                Rank 4 : false
2026-08-15 09:44:50,363 [INFO] ADCParametersView:116 -                Rank 1 : false
2026-08-15 09:44:50,363 [INFO] ADCParametersView:116 -                Rank 2 : false
2026-08-15 09:44:50,363 [INFO] ADCParametersView:116 -                Rank 3 : false
2026-08-15 09:44:50,363 [INFO] ADCParametersView:116 -                Rank 4 : false
2026-08-15 09:44:50,363 [INFO] ADCParametersView:116 -                Rank 1 : false
2026-08-15 09:44:50,363 [INFO] ADCParametersView:116 -                Rank 2 : false
2026-08-15 09:44:50,363 [INFO] ADCParametersView:116 -                Rank 3 : false
2026-08-15 09:44:50,363 [INFO] ADCParametersView:116 -                Rank 4 : false
2026-08-15 09:44:50,363 [INFO] ADCParametersView:116 -                Rank 1 : false
2026-08-15 09:44:50,363 [INFO] ADCParametersView:116 -                Rank 2 : false
2026-08-15 09:44:50,363 [INFO] ADCParametersView:116 -                Rank 3 : false
2026-08-15 09:44:50,363 [INFO] ADCParametersView:116 -                Rank 4 : false
2026-08-15 09:44:50,363 [INFO] ADCParametersView:116 -                Rank 1 : false
2026-08-15 09:44:50,363 [INFO] ADCParametersView:116 -                Rank 2 : false
2026-08-15 09:44:50,363 [INFO] ADCParametersView:116 -                Rank 3 : false
2026-08-15 09:44:50,363 [INFO] ADCParametersView:116 -                Rank 4 : false
2026-08-15 09:44:50,363 [INFO] ADCParametersView:116 -                Rank 1 : false
2026-08-15 09:44:50,363 [INFO] ADCParametersView:116 -                Rank 2 : false
2026-08-15 09:44:50,363 [INFO] ADCParametersView:116 -                Rank 3 : false
2026-08-15 09:44:50,363 [INFO] ADCParametersView:116 -                Rank 4 : false
2026-08-15 09:44:50,363 [INFO] ADCParametersView:116 -                Rank 1 : false
2026-08-15 09:44:50,363 [INFO] ADCParametersView:116 -                Rank 2 : false
2026-08-15 09:44:50,363 [INFO] ADCParametersView:116 -                Rank 3 : false
2026-08-15 09:44:50,363 [INFO] ADCParametersView:116 -                Rank 4 : false
2026-08-15 09:44:50,363 [INFO] ADCParametersView:116 -                Rank 1 : false
2026-08-15 09:44:50,363 [INFO] ADCParametersView:116 -                Rank 2 : false
2026-08-15 09:44:50,363 [INFO] ADCParametersView:116 -                Rank 3 : false
2026-08-15 09:44:50,363 [INFO] ADCParametersView:116 -                Rank 4 : false
2026-08-15 09:44:50,363 [INFO] ADCParametersView:116 -                Rank 2 : false
2026-08-15 09:44:50,363 [INFO] ADCParametersView:116 -                Rank 3 : false
2026-08-15 09:44:50,363 [INFO] ADCParametersView:116 -                Rank 4 : false
2026-08-15 09:44:50,363 [INFO] ADCParametersView:116 -                Rank 3 : false
2026-08-15 09:44:50,363 [INFO] ADCParametersView:116 -                Rank 4 : false
2026-08-15 09:44:50,363 [INFO] ADCParametersView:116 -                Rank 4 : false
2026-08-15 09:44:50,367 [INFO] ADCParametersView:116 -                Rank 1 : false
2026-08-15 09:44:50,367 [INFO] ADCParametersView:116 -                Rank 1 : false
2026-08-15 09:44:50,368 [INFO] ADCParametersView:116 -                Rank 2 : false
2026-08-15 09:44:50,368 [INFO] ADCParametersView:116 -                Rank 1 : false
2026-08-15 09:44:50,368 [INFO] ADCParametersView:116 -                Rank 2 : false
2026-08-15 09:44:50,368 [INFO] ADCParametersView:116 -                Rank 3 : false
2026-08-15 09:44:50,368 [INFO] ADCParametersView:116 -                Rank 1 : false
2026-08-15 09:44:50,368 [INFO] ADCParametersView:116 -                Rank 2 : false
2026-08-15 09:44:50,368 [INFO] ADCParametersView:116 -                Rank 3 : false
2026-08-15 09:44:50,368 [INFO] ADCParametersView:116 -                Rank 4 : false
2026-08-15 09:45:02,905 [INFO] NvicIntPanel:101 - NVIC parent = com.st.microxplorer.plugins.ip.nvic.MultiNvicIntPanel[,0,0,0x0,invalid,layout=javax.swing.BoxLayout,alignmentX=0.0,alignmentY=0.0,border=,flags=9,maximumSize=,minimumSize=,preferredSize=]
2026-08-15 09:45:02,923 [INFO] ADCParametersView:116 -                Rank 1 : false
2026-08-15 09:45:02,923 [INFO] ADCParametersView:116 -                Rank 2 : false
2026-08-15 09:45:02,923 [INFO] ADCParametersView:116 -                Rank 3 : false
2026-08-15 09:45:02,923 [INFO] ADCParametersView:116 -                Rank 4 : false
2026-08-15 09:45:02,924 [INFO] ADCParametersView:116 -                Rank 1 : false
2026-08-15 09:45:02,924 [INFO] ADCParametersView:116 -                Rank 2 : false
2026-08-15 09:45:02,924 [INFO] ADCParametersView:116 -                Rank 3 : false
2026-08-15 09:45:02,924 [INFO] ADCParametersView:116 -                Rank 4 : false
2026-08-15 09:45:02,924 [INFO] ADCParametersView:116 -                Rank 1 : false
2026-08-15 09:45:02,924 [INFO] ADCParametersView:116 -                Rank 2 : false
2026-08-15 09:45:02,924 [INFO] ADCParametersView:116 -                Rank 3 : false
2026-08-15 09:45:02,924 [INFO] ADCParametersView:116 -                Rank 4 : false
2026-08-15 09:45:02,925 [INFO] ADCParametersView:116 -                Rank 1 : false
2026-08-15 09:45:02,925 [INFO] ADCParametersView:116 -                Rank 2 : false
2026-08-15 09:45:02,925 [INFO] ADCParametersView:116 -                Rank 3 : false
2026-08-15 09:45:02,925 [INFO] ADCParametersView:116 -                Rank 4 : false
2026-08-15 09:45:02,925 [INFO] ADCParametersView:116 -                Rank 1 : false
2026-08-15 09:45:02,925 [INFO] ADCParametersView:116 -                Rank 2 : false
2026-08-15 09:45:02,925 [INFO] ADCParametersView:116 -                Rank 3 : false
2026-08-15 09:45:02,925 [INFO] ADCParametersView:116 -                Rank 4 : false
2026-08-15 09:45:02,925 [INFO] ADCParametersView:116 -                Rank 1 : false
2026-08-15 09:45:02,925 [INFO] ADCParametersView:116 -                Rank 2 : false
2026-08-15 09:45:02,925 [INFO] ADCParametersView:116 -                Rank 3 : false
2026-08-15 09:45:02,925 [INFO] ADCParametersView:116 -                Rank 4 : false
2026-08-15 09:45:02,925 [INFO] ADCParametersView:116 -                Rank 1 : false
2026-08-15 09:45:02,925 [INFO] ADCParametersView:116 -                Rank 2 : false
2026-08-15 09:45:02,925 [INFO] ADCParametersView:116 -                Rank 3 : false
2026-08-15 09:45:02,925 [INFO] ADCParametersView:116 -                Rank 4 : false
2026-08-15 09:45:02,925 [INFO] ADCParametersView:116 -                Rank 1 : false
2026-08-15 09:45:02,925 [INFO] ADCParametersView:116 -                Rank 2 : false
2026-08-15 09:45:02,925 [INFO] ADCParametersView:116 -                Rank 3 : false
2026-08-15 09:45:02,925 [INFO] ADCParametersView:116 -                Rank 4 : false
2026-08-15 09:45:02,925 [INFO] ADCParametersView:116 -                Rank 1 : false
2026-08-15 09:45:02,925 [INFO] ADCParametersView:116 -                Rank 2 : false
2026-08-15 09:45:02,925 [INFO] ADCParametersView:116 -                Rank 3 : false
2026-08-15 09:45:02,925 [INFO] ADCParametersView:116 -                Rank 4 : false
2026-08-15 09:45:02,925 [INFO] ADCParametersView:116 -                Rank 1 : false
2026-08-15 09:45:02,925 [INFO] ADCParametersView:116 -                Rank 2 : false
2026-08-15 09:45:02,925 [INFO] ADCParametersView:116 -                Rank 3 : false
2026-08-15 09:45:02,925 [INFO] ADCParametersView:116 -                Rank 4 : false
2026-08-15 09:45:02,925 [INFO] ADCParametersView:116 -                Rank 2 : false
2026-08-15 09:45:02,925 [INFO] ADCParametersView:116 -                Rank 3 : false
2026-08-15 09:45:02,925 [INFO] ADCParametersView:116 -                Rank 4 : false
2026-08-15 09:45:02,925 [INFO] ADCParametersView:116 -                Rank 3 : false
2026-08-15 09:45:02,925 [INFO] ADCParametersView:116 -                Rank 4 : false
2026-08-15 09:45:02,925 [INFO] ADCParametersView:116 -                Rank 4 : false
2026-08-15 09:45:02,929 [INFO] ADCParametersView:116 -                Rank 1 : false
2026-08-15 09:45:02,929 [INFO] ADCParametersView:116 -                Rank 1 : false
2026-08-15 09:45:02,929 [INFO] ADCParametersView:116 -                Rank 2 : false
2026-08-15 09:45:02,929 [INFO] ADCParametersView:116 -                Rank 1 : false
2026-08-15 09:45:02,929 [INFO] ADCParametersView:116 -                Rank 2 : false
2026-08-15 09:45:02,929 [INFO] ADCParametersView:116 -                Rank 3 : false
2026-08-15 09:45:02,930 [INFO] ADCParametersView:116 -                Rank 1 : false
2026-08-15 09:45:02,930 [INFO] ADCParametersView:116 -                Rank 2 : false
2026-08-15 09:45:02,930 [INFO] ADCParametersView:116 -                Rank 3 : false
2026-08-15 09:45:02,930 [INFO] ADCParametersView:116 -                Rank 4 : false
2026-08-15 09:45:03,272 [ERROR] LogOutputStream:75 - [STDERR_REDIRECT] Aug 15, 2026 9:45:03 AM java.util.prefs.FileSystemPreferences checkLockFile0ErrorCode
2026-08-15 09:45:03,272 [ERROR] LogOutputStream:75 - [STDERR_REDIRECT] WARNING: Could not lock System prefs. Unix error code 2.
2026-08-15 09:45:03,272 [ERROR] LogOutputStream:75 - [STDERR_REDIRECT] 
2026-08-15 09:45:03,272 [ERROR] LogOutputStream:75 - [STDERR_REDIRECT] Aug 15, 2026 9:45:03 AM java.util.prefs.FileSystemPreferences syncWorld
2026-08-15 09:45:03,272 [ERROR] LogOutputStream:75 - [STDERR_REDIRECT] WARNING: Couldn't flush system prefs: java.util.prefs.BackingStoreException: Couldn't get file lock.
2026-08-15 09:45:03,272 [ERROR] LogOutputStream:75 - [STDERR_REDIRECT] 
2026-08-15 09:45:07,637 [INFO] UtilMem:75 - End SaveConfig() Used Memory: 621737632 Bytes (783286272)
2026-08-15 09:45:07,679 [INFO] UtilMem:75 - End SaveConfig() Used Memory: 632745632 Bytes (783286272)
2026-08-15 09:45:07,891 [INFO] UtilMem:75 - End SaveConfig() Used Memory: 657911456 Bytes (783286272)
2026-08-15 09:45:07,982 [INFO] BlockDiagram:2775 - set Specific Code input for plugin: SPI
2026-08-15 09:45:07,982 [INFO] BlockDiagram:2775 - set Specific Code input for plugin: NVIC
2026-08-15 09:45:07,982 [INFO] BlockDiagram:2775 - set Specific Code input for plugin: USART
2026-08-15 09:45:07,982 [INFO] BlockDiagram:2775 - set Specific Code input for plugin: DMA
2026-08-15 09:45:07,982 [INFO] BlockDiagram:2775 - set Specific Code input for plugin: SYS
2026-08-15 09:45:07,982 [INFO] BlockDiagram:2775 - set Specific Code input for plugin: GPIO
2026-08-15 09:45:07,982 [INFO] BlockDiagram:2775 - set Specific Code input for plugin: ADC
2026-08-15 09:45:07,982 [INFO] BlockDiagram:2775 - set Specific Code input for plugin: RCC
2026-08-15 09:45:07,982 [INFO] BlockDiagram:2775 - set Specific Code input for plugin: I2C
2026-08-15 09:45:07,983 [INFO] CodeGenerator:882 - code generatio: config db path: /opt/st/stm32cubeide_1.18.0/plugins/com.st.stm32cube.common.mx_6.14.0.202502271554//db/
2026-08-15 09:45:07,999 [INFO] Argument:325 - Argument : hdmavalue: null
2026-08-15 09:45:07,999 [INFO] Argument:327 - 	 sub Args: 
2026-08-15 09:45:07,999 [INFO] Argument:325 - Argument : Instancevalue: DMA1_Channel1
2026-08-15 09:45:07,999 [INFO] Argument:335 - Argument : Instancevalue: DMA1_Channel1
2026-08-15 09:45:07,999 [INFO] Argument:325 - Argument : Initvalue: null
2026-08-15 09:45:07,999 [INFO] Argument:327 - 	 sub Args: 
2026-08-15 09:45:07,999 [INFO] Argument:325 - Argument : Directionvalue: DMA_PERIPH_TO_MEMORY
2026-08-15 09:45:07,999 [INFO] Argument:335 - Argument : Directionvalue: DMA_PERIPH_TO_MEMORY
2026-08-15 09:45:07,999 [INFO] Argument:325 - Argument : PeriphIncvalue: DMA_PINC_DISABLE
2026-08-15 09:45:07,999 [INFO] Argument:335 - Argument : PeriphIncvalue: DMA_PINC_DISABLE
2026-08-15 09:45:07,999 [INFO] Argument:325 - Argument : MemIncvalue: DMA_MINC_ENABLE
2026-08-15 09:45:07,999 [INFO] Argument:335 - Argument : MemIncvalue: DMA_MINC_ENABLE
2026-08-15 09:45:07,999 [INFO] Argument:325 - Argument : PeriphDataAlignmentvalue: DMA_PDATAALIGN_HALFWORD
2026-08-15 09:45:07,999 [INFO] Argument:335 - Argument : PeriphDataAlignmentvalue: DMA_PDATAALIGN_HALFWORD
2026-08-15 09:45:07,999 [INFO] Argument:325 - Argument : MemDataAlignmentvalue: DMA_MDATAALIGN_HALFWORD
2026-08-15 09:45:07,999 [INFO] Argument:335 - Argument : MemDataAlignmentvalue: DMA_MDATAALIGN_HALFWORD
2026-08-15 09:45:07,999 [INFO] Argument:325 - Argument : Modevalue: DMA_CIRCULAR
2026-08-15 09:45:07,999 [INFO] Argument:335 - Argument : Modevalue: DMA_CIRCULAR
2026-08-15 09:45:07,999 [INFO] Argument:325 - Argument : Priorityvalue: DMA_PRIORITY_LOW
2026-08-15 09:45:07,999 [INFO] Argument:335 - Argument : Priorityvalue: DMA_PRIORITY_LOW
2026-08-15 09:45:07,999 [INFO] Argument:325 - Argument : Lockvalue: null
2026-08-15 09:45:07,999 [INFO] Argument:335 - Argument : Lockvalue: null
2026-08-15 09:45:07,999 [INFO] Argument:325 - Argument : Statevalue: null
2026-08-15 09:45:07,999 [INFO] Argument:335 - Argument : Statevalue: null
2026-08-15 09:45:07,999 [INFO] Argument:325 - Argument : Parentvalue: null
2026-08-15 09:45:07,999 [INFO] Argument:335 - Argument : Parentvalue: null
2026-08-15 09:45:07,999 [INFO] Argument:325 - Argument : XferCpltCallbackvalue: null
2026-08-15 09:45:07,999 [INFO] Argument:335 - Argument : XferCpltCallbackvalue: null
2026-08-15 09:45:07,999 [INFO] Argument:325 - Argument : XferHalfCpltCallbackvalue: null
2026-08-15 09:45:07,999 [INFO] Argument:335 - Argument : XferHalfCpltCallbackvalue: null
2026-08-15 09:45:07,999 [INFO] Argument:325 - Argument : XferErrorCallbackvalue: null
2026-08-15 09:45:07,999 [INFO] Argument:335 - Argument : XferErrorCallbackvalue: null
2026-08-15 09:45:07,999 [INFO] Argument:325 - Argument : ErrorCodevalue: null
2026-08-15 09:45:07,999 [INFO] Argument:335 - Argument : ErrorCodevalue: null
2026-08-15 09:45:08,000 [WARN] IP:2250 - I2C_Coeff_DF not found: check if there is a RefParameter without a condition.
2026-08-15 09:45:08,000 [WARN] IP:2250 - Analog_Filter not found: check if there is a RefParameter without a condition.
2026-08-15 09:45:08,047 [INFO] CodeEngine:263 - oldGeneratedFile, /home/thuy/embedded/project/Quadcopter-STM32F4/STM32-RC_Transmitter/MXTmpFiles/license.tmp_save
2026-08-15 09:45:08,085 [INFO] CodeEngine:287 - Generated code: /home/thuy/embedded/project/Quadcopter-STM32F4/STM32-RC_Transmitter/MXTmpFiles/license.tmp
2026-08-15 09:45:08,102 [INFO] CodeEngine:263 - oldGeneratedFile, /home/thuy/embedded/project/Quadcopter-STM32F4/STM32-RC_Transmitter/MXTmpFiles/gpio.tmp_save
2026-08-15 09:45:08,141 [INFO] CodeEngine:287 - Generated code: /home/thuy/embedded/project/Quadcopter-STM32F4/STM32-RC_Transmitter/MXTmpFiles/gpio.tmp
2026-08-15 09:45:08,220 [INFO] CodeEngine:263 - oldGeneratedFile, /home/thuy/embedded/project/Quadcopter-STM32F4/STM32-RC_Transmitter/MXTmpFiles/dma.tmp_save
2026-08-15 09:45:08,259 [INFO] CodeEngine:287 - Generated code: /home/thuy/embedded/project/Quadcopter-STM32F4/STM32-RC_Transmitter/MXTmpFiles/dma.tmp
2026-08-15 09:45:08,259 [INFO] CodeEngine:263 - oldGeneratedFile, /home/thuy/embedded/project/Quadcopter-STM32F4/STM32-RC_Transmitter/MXTmpFiles/dma_GV.tmp_save
2026-08-15 09:45:08,294 [INFO] CodeEngine:287 - Generated code: /home/thuy/embedded/project/Quadcopter-STM32F4/STM32-RC_Transmitter/MXTmpFiles/dma_GV.tmp
2026-08-15 09:45:08,297 [INFO] CodeEngine:263 - oldGeneratedFile, /home/thuy/embedded/project/Quadcopter-STM32F4/STM32-RC_Transmitter/Core/Src/stm32f1xx_it.c_save
2026-08-15 09:45:08,338 [INFO] CodeEngine:287 - Generated code: /home/thuy/embedded/project/Quadcopter-STM32F4/STM32-RC_Transmitter/Core/Src/stm32f1xx_it.c
2026-08-15 09:45:08,339 [INFO] CodeEngine:263 - oldGeneratedFile, /home/thuy/embedded/project/Quadcopter-STM32F4/STM32-RC_Transmitter/Core/Inc/stm32f1xx_it.h_save
2026-08-15 09:45:08,375 [INFO] CodeEngine:287 - Generated code: /home/thuy/embedded/project/Quadcopter-STM32F4/STM32-RC_Transmitter/Core/Inc/stm32f1xx_it.h
2026-08-15 09:45:08,377 [INFO] CodeEngine:263 - oldGeneratedFile, /home/thuy/embedded/project/Quadcopter-STM32F4/STM32-RC_Transmitter/Core/Src/stm32f1xx_hal_msp.c_save
2026-08-15 09:45:08,434 [INFO] CodeEngine:287 - Generated code: /home/thuy/embedded/project/Quadcopter-STM32F4/STM32-RC_Transmitter/Core/Src/stm32f1xx_hal_msp.c
2026-08-15 09:45:08,435 [INFO] CodeEngine:263 - oldGeneratedFile, /home/thuy/embedded/project/Quadcopter-STM32F4/STM32-RC_Transmitter/MXTmpFiles/system.tmp_save
2026-08-15 09:45:08,470 [INFO] CodeEngine:287 - Generated code: /home/thuy/embedded/project/Quadcopter-STM32F4/STM32-RC_Transmitter/MXTmpFiles/system.tmp
2026-08-15 09:45:08,472 [INFO] CodeEngine:319 - oldGeneratedFile, /home/thuy/embedded/project/Quadcopter-STM32F4/STM32-RC_Transmitter/Core/Inc/stm32f1xx_hal_conf.h_save
2026-08-15 09:45:08,511 [INFO] CodeEngine:343 - Generated code: /home/thuy/embedded/project/Quadcopter-STM32F4/STM32-RC_Transmitter/Core/Inc/stm32f1xx_hal_conf.h
2026-08-15 09:45:08,518 [INFO] ApiDbMcu:508 - Load IP Config File for ADC1
2026-08-15 09:45:08,520 [INFO] ApiDbMcu:508 - Load IP Config File for I2C1
2026-08-15 09:45:08,522 [INFO] ApiDbMcu:508 - Load IP Config File for SPI2
2026-08-15 09:45:08,523 [INFO] ApiDbMcu:508 - Load IP Config File for USART1
2026-08-15 09:45:08,525 [INFO] ApiDbMcu:508 - Load IP Config File for RCC
2026-08-15 09:45:08,527 [INFO] CodeEngine:263 - oldGeneratedFile, /home/thuy/embedded/project/Quadcopter-STM32F4/STM32-RC_Transmitter/Core/Inc/main.h_save
2026-08-15 09:45:08,565 [INFO] CodeEngine:287 - Generated code: /home/thuy/embedded/project/Quadcopter-STM32F4/STM32-RC_Transmitter/Core/Inc/main.h
2026-08-15 09:45:08,566 [INFO] CodeEngine:263 - oldGeneratedFile, /home/thuy/embedded/project/Quadcopter-STM32F4/STM32-RC_Transmitter/Core/Src/main.c_save
2026-08-15 09:45:08,629 [INFO] CodeEngine:287 - Generated code: /home/thuy/embedded/project/Quadcopter-STM32F4/STM32-RC_Transmitter/Core/Src/main.c
2026-08-15 09:45:08,742 [INFO] ProjectBuilder:3324 - Time for Copy HAL[1] : 9mS.
2026-08-15 09:45:08,743 [INFO] ProjectBuilder:4912 - Project Generator version: 4.6.0-B36
2026-08-15 09:45:08,794 [INFO] ConfigFileManager:1590 - The Die is : DIE410
2026-08-15 09:45:08,795 [INFO] ApiDbMcu:508 - Load IP Config File for FATFS
2026-08-15 09:45:08,797 [INFO] ApiDbMcu:508 - Load IP Config File for FREERTOS
2026-08-15 09:45:08,799 [INFO] ApiDbMcu:508 - Load IP Config File for USB_DEVICE
2026-08-15 09:45:09,155 [INFO] ProjectBuilder:5191 - Time for Generating toolchain IDE Files: 412mS.
2026-08-15 09:45:09,155 [INFO] ProjectBuilder:3181 - Time for Copy CMSIS : 0mS.
2026-08-15 09:45:09,156 [INFO] ProjectBuilder:3181 - Time for Copy CMSIS : 0mS.
2026-08-15 09:45:33,273 [ERROR] LogOutputStream:75 - [STDERR_REDIRECT] Aug 15, 2026 9:45:33 AM java.util.prefs.FileSystemPreferences checkLockFile0ErrorCode
2026-08-15 09:45:33,273 [ERROR] LogOutputStream:75 - [STDERR_REDIRECT] WARNING: Could not lock System prefs. Unix error code 2.
2026-08-15 09:45:33,273 [ERROR] LogOutputStream:75 - [STDERR_REDIRECT] 
2026-08-15 09:45:33,273 [ERROR] LogOutputStream:75 - [STDERR_REDIRECT] Aug 15, 2026 9:45:33 AM java.util.prefs.FileSystemPreferences syncWorld
2026-08-15 09:45:33,273 [ERROR] LogOutputStream:75 - [STDERR_REDIRECT] WARNING: Couldn't flush system prefs: java.util.prefs.BackingStoreException: Couldn't get file lock.
2026-08-15 09:45:33,274 [ERROR] LogOutputStream:75 - [STDERR_REDIRECT] 
2026-08-15 09:45:48,723 [INFO] ADCParametersView:116 -                Rank 1 : true
2026-08-15 09:45:48,723 [INFO] ADCParametersView:116 -                Rank 2 : false
2026-08-15 09:45:48,723 [INFO] ADCParametersView:116 -                Rank 3 : false
2026-08-15 09:45:48,723 [INFO] ADCParametersView:116 -                Rank 4 : false
2026-08-15 09:45:52,355 [INFO] ADCParametersView:116 -                Rank 1 : false
2026-08-15 09:45:52,355 [INFO] ADCParametersView:116 -                Rank 2 : false
2026-08-15 09:45:52,355 [INFO] ADCParametersView:116 -                Rank 3 : false
2026-08-15 09:45:52,355 [INFO] ADCParametersView:116 -                Rank 4 : false
2026-08-15 09:45:53,659 [INFO] ADCParametersView:116 -                Rank 1 : false
2026-08-15 09:45:53,659 [INFO] ADCParametersView:116 -                Rank 2 : false
2026-08-15 09:45:53,659 [INFO] ADCParametersView:116 -                Rank 3 : true
2026-08-15 09:45:53,659 [INFO] ADCParametersView:116 -                Rank 4 : false
2026-08-15 09:45:54,259 [INFO] ADCParametersView:116 -                Rank 1 : false
2026-08-15 09:45:54,259 [INFO] ADCParametersView:116 -                Rank 2 : true
2026-08-15 09:45:54,259 [INFO] ADCParametersView:116 -                Rank 3 : true
2026-08-15 09:45:54,259 [INFO] ADCParametersView:116 -                Rank 4 : false
2026-08-15 09:45:56,099 [INFO] ADCParametersView:116 -                Rank 1 : false
2026-08-15 09:45:56,099 [INFO] ADCParametersView:116 -                Rank 2 : true
2026-08-15 09:45:56,099 [INFO] ADCParametersView:116 -                Rank 3 : false
2026-08-15 09:45:56,099 [INFO] ADCParametersView:116 -                Rank 4 : false
2026-08-15 09:45:58,083 [INFO] ADCParametersView:116 -                Rank 1 : false
2026-08-15 09:45:58,083 [INFO] ADCParametersView:116 -                Rank 2 : false
2026-08-15 09:45:58,083 [INFO] ADCParametersView:116 -                Rank 3 : false
2026-08-15 09:45:58,083 [INFO] ADCParametersView:116 -                Rank 4 : false
2026-08-15 09:46:03,272 [ERROR] LogOutputStream:75 - [STDERR_REDIRECT] Aug 15, 2026 9:46:03 AM java.util.prefs.FileSystemPreferences checkLockFile0ErrorCode
2026-08-15 09:46:03,272 [ERROR] LogOutputStream:75 - [STDERR_REDIRECT] WARNING: Could not lock System prefs. Unix error code 2.
2026-08-15 09:46:03,277 [ERROR] LogOutputStream:75 - [STDERR_REDIRECT] 
2026-08-15 09:46:03,277 [ERROR] LogOutputStream:75 - [STDERR_REDIRECT] Aug 15, 2026 9:46:03 AM java.util.prefs.FileSystemPreferences syncWorld
2026-08-15 09:46:03,277 [ERROR] LogOutputStream:75 - [STDERR_REDIRECT] WARNING: Couldn't flush system prefs: java.util.prefs.BackingStoreException: Couldn't get file lock.
2026-08-15 09:46:03,277 [ERROR] LogOutputStream:75 - [STDERR_REDIRECT] 
2026-08-15 09:46:33,273 [ERROR] LogOutputStream:75 - [STDERR_REDIRECT] Aug 15, 2026 9:46:33 AM java.util.prefs.FileSystemPreferences checkLockFile0ErrorCode
2026-08-15 09:46:33,273 [ERROR] LogOutputStream:75 - [STDERR_REDIRECT] WARNING: Could not lock System prefs. Unix error code 2.
2026-08-15 09:46:33,273 [ERROR] LogOutputStream:75 - [STDERR_REDIRECT] 
2026-08-15 09:46:33,273 [ERROR] LogOutputStream:75 - [STDERR_REDIRECT] Aug 15, 2026 9:46:33 AM java.util.prefs.FileSystemPreferences syncWorld
2026-08-15 09:46:33,273 [ERROR] LogOutputStream:75 - [STDERR_REDIRECT] WARNING: Couldn't flush system prefs: java.util.prefs.BackingStoreException: Couldn't get file lock.
2026-08-15 09:46:33,273 [ERROR] LogOutputStream:75 - [STDERR_REDIRECT] 
2026-08-15 09:47:03,273 [ERROR] LogOutputStream:75 - [STDERR_REDIRECT] Aug 15, 2026 9:47:03 AM java.util.prefs.FileSystemPreferences checkLockFile0ErrorCode
2026-08-15 09:47:03,273 [ERROR] LogOutputStream:75 - [STDERR_REDIRECT] WARNING: Could not lock System prefs. Unix error code 2.
2026-08-15 09:47:03,279 [ERROR] LogOutputStream:75 - [STDERR_REDIRECT] 
2026-08-15 09:47:03,279 [ERROR] LogOutputStream:75 - [STDERR_REDIRECT] Aug 15, 2026 9:47:03 AM java.util.prefs.FileSystemPreferences syncWorld
2026-08-15 09:47:03,279 [ERROR] LogOutputStream:75 - [STDERR_REDIRECT] WARNING: Couldn't flush system prefs: java.util.prefs.BackingStoreException: Couldn't get file lock.
2026-08-15 09:47:03,279 [ERROR] LogOutputStream:75 - [STDERR_REDIRECT] 
2026-08-15 09:47:33,272 [ERROR] LogOutputStream:75 - [STDERR_REDIRECT] Aug 15, 2026 9:47:33 AM java.util.prefs.FileSystemPreferences checkLockFile0ErrorCode
2026-08-15 09:47:33,272 [ERROR] LogOutputStream:75 - [STDERR_REDIRECT] WARNING: Could not lock System prefs. Unix error code 2.
2026-08-15 09:47:33,272 [ERROR] LogOutputStream:75 - [STDERR_REDIRECT] 
2026-08-15 09:47:33,272 [ERROR] LogOutputStream:75 - [STDERR_REDIRECT] Aug 15, 2026 9:47:33 AM java.util.prefs.FileSystemPreferences syncWorld
2026-08-15 09:47:33,272 [ERROR] LogOutputStream:75 - [STDERR_REDIRECT] WARNING: Couldn't flush system prefs: java.util.prefs.BackingStoreException: Couldn't get file lock.
2026-08-15 09:47:33,272 [ERROR] LogOutputStream:75 - [STDERR_REDIRECT] 
2026-08-15 09:48:03,273 [ERROR] LogOutputStream:75 - [STDERR_REDIRECT] Aug 15, 2026 9:48:03 AM java.util.prefs.FileSystemPreferences checkLockFile0ErrorCode
2026-08-15 09:48:03,273 [ERROR] LogOutputStream:75 - [STDERR_REDIRECT] WARNING: Could not lock System prefs. Unix error code 2.
2026-08-15 09:48:03,273 [ERROR] LogOutputStream:75 - [STDERR_REDIRECT] 
2026-08-15 09:48:03,273 [ERROR] LogOutputStream:75 - [STDERR_REDIRECT] Aug 15, 2026 9:48:03 AM java.util.prefs.FileSystemPreferences syncWorld
2026-08-15 09:48:03,273 [ERROR] LogOutputStream:75 - [STDERR_REDIRECT] WARNING: Couldn't flush system prefs: java.util.prefs.BackingStoreException: Couldn't get file lock.
2026-08-15 09:48:03,274 [ERROR] LogOutputStream:75 - [STDERR_REDIRECT] 
2026-08-15 09:48:33,273 [ERROR] LogOutputStream:75 - [STDERR_REDIRECT] Aug 15, 2026 9:48:33 AM java.util.prefs.FileSystemPreferences checkLockFile0ErrorCode
2026-08-15 09:48:33,273 [ERROR] LogOutputStream:75 - [STDERR_REDIRECT] WARNING: Could not lock System prefs. Unix error code 2.
2026-08-15 09:48:33,273 [ERROR] LogOutputStream:75 - [STDERR_REDIRECT] 
2026-08-15 09:48:33,274 [ERROR] LogOutputStream:75 - [STDERR_REDIRECT] Aug 15, 2026 9:48:33 AM java.util.prefs.FileSystemPreferences syncWorld
2026-08-15 09:48:33,274 [ERROR] LogOutputStream:75 - [STDERR_REDIRECT] WARNING: Couldn't flush system prefs: java.util.prefs.BackingStoreException: Couldn't get file lock.
2026-08-15 09:48:33,274 [ERROR] LogOutputStream:75 - [STDERR_REDIRECT] 
2026-08-15 09:49:03,272 [ERROR] LogOutputStream:75 - [STDERR_REDIRECT] Aug 15, 2026 9:49:03 AM java.util.prefs.FileSystemPreferences checkLockFile0ErrorCode
2026-08-15 09:49:03,273 [ERROR] LogOutputStream:75 - [STDERR_REDIRECT] WARNING: Could not lock System prefs. Unix error code 2.
2026-08-15 09:49:03,273 [ERROR] LogOutputStream:75 - [STDERR_REDIRECT] 
2026-08-15 09:49:03,273 [ERROR] LogOutputStream:75 - [STDERR_REDIRECT] Aug 15, 2026 9:49:03 AM java.util.prefs.FileSystemPreferences syncWorld
2026-08-15 09:49:03,273 [ERROR] LogOutputStream:75 - [STDERR_REDIRECT] WARNING: Couldn't flush system prefs: java.util.prefs.BackingStoreException: Couldn't get file lock.
2026-08-15 09:49:03,273 [ERROR] LogOutputStream:75 - [STDERR_REDIRECT] 
2026-08-15 09:49:33,274 [ERROR] LogOutputStream:75 - [STDERR_REDIRECT] Aug 15, 2026 9:49:33 AM java.util.prefs.FileSystemPreferences checkLockFile0ErrorCode
2026-08-15 09:49:33,275 [ERROR] LogOutputStream:75 - [STDERR_REDIRECT] WARNING: Could not lock System prefs. Unix error code 2.
2026-08-15 09:49:33,275 [ERROR] LogOutputStream:75 - [STDERR_REDIRECT] 
2026-08-15 09:49:33,275 [ERROR] LogOutputStream:75 - [STDERR_REDIRECT] Aug 15, 2026 9:49:33 AM java.util.prefs.FileSystemPreferences syncWorld
2026-08-15 09:49:33,275 [ERROR] LogOutputStream:75 - [STDERR_REDIRECT] WARNING: Couldn't flush system prefs: java.util.prefs.BackingStoreException: Couldn't get file lock.
2026-08-15 09:49:33,275 [ERROR] LogOutputStream:75 - [STDERR_REDIRECT] 
2026-08-15 09:50:03,273 [ERROR] LogOutputStream:75 - [STDERR_REDIRECT] Aug 15, 2026 9:50:03 AM java.util.prefs.FileSystemPreferences checkLockFile0ErrorCode
2026-08-15 09:50:03,273 [ERROR] LogOutputStream:75 - [STDERR_REDIRECT] WARNING: Could not lock System prefs. Unix error code 2.
2026-08-15 09:50:03,273 [ERROR] LogOutputStream:75 - [STDERR_REDIRECT] 
2026-08-15 09:50:03,274 [ERROR] LogOutputStream:75 - [STDERR_REDIRECT] Aug 15, 2026 9:50:03 AM java.util.prefs.FileSystemPreferences syncWorld
2026-08-15 09:50:03,274 [ERROR] LogOutputStream:75 - [STDERR_REDIRECT] WARNING: Couldn't flush system prefs: java.util.prefs.BackingStoreException: Couldn't get file lock.
2026-08-15 09:50:03,274 [ERROR] LogOutputStream:75 - [STDERR_REDIRECT] 
2026-08-15 09:50:33,273 [ERROR] LogOutputStream:75 - [STDERR_REDIRECT] Aug 15, 2026 9:50:33 AM java.util.prefs.FileSystemPreferences checkLockFile0ErrorCode
2026-08-15 09:50:33,273 [ERROR] LogOutputStream:75 - [STDERR_REDIRECT] WARNING: Could not lock System prefs. Unix error code 2.
2026-08-15 09:50:33,273 [ERROR] LogOutputStream:75 - [STDERR_REDIRECT] 
2026-08-15 09:50:33,273 [ERROR] LogOutputStream:75 - [STDERR_REDIRECT] Aug 15, 2026 9:50:33 AM java.util.prefs.FileSystemPreferences syncWorld
2026-08-15 09:50:33,273 [ERROR] LogOutputStream:75 - [STDERR_REDIRECT] WARNING: Couldn't flush system prefs: java.util.prefs.BackingStoreException: Couldn't get file lock.
2026-08-15 09:50:33,273 [ERROR] LogOutputStream:75 - [STDERR_REDIRECT] 
2026-08-15 09:51:03,273 [ERROR] LogOutputStream:75 - [STDERR_REDIRECT] Aug 15, 2026 9:51:03 AM java.util.prefs.FileSystemPreferences checkLockFile0ErrorCode
2026-08-15 09:51:03,273 [ERROR] LogOutputStream:75 - [STDERR_REDIRECT] WARNING: Could not lock System prefs. Unix error code 2.
2026-08-15 09:51:03,273 [ERROR] LogOutputStream:75 - [STDERR_REDIRECT] 
2026-08-15 09:51:03,273 [ERROR] LogOutputStream:75 - [STDERR_REDIRECT] Aug 15, 2026 9:51:03 AM java.util.prefs.FileSystemPreferences syncWorld
2026-08-15 09:51:03,273 [ERROR] LogOutputStream:75 - [STDERR_REDIRECT] WARNING: Couldn't flush system prefs: java.util.prefs.BackingStoreException: Couldn't get file lock.
2026-08-15 09:51:03,273 [ERROR] LogOutputStream:75 - [STDERR_REDIRECT] 
2026-08-15 09:51:33,273 [ERROR] LogOutputStream:75 - [STDERR_REDIRECT] Aug 15, 2026 9:51:33 AM java.util.prefs.FileSystemPreferences checkLockFile0ErrorCode
2026-08-15 09:51:33,273 [ERROR] LogOutputStream:75 - [STDERR_REDIRECT] WARNING: Could not lock System prefs. Unix error code 2.
2026-08-15 09:51:33,273 [ERROR] LogOutputStream:75 - [STDERR_REDIRECT] 
2026-08-15 09:51:33,273 [ERROR] LogOutputStream:75 - [STDERR_REDIRECT] Aug 15, 2026 9:51:33 AM java.util.prefs.FileSystemPreferences syncWorld
2026-08-15 09:51:33,273 [ERROR] LogOutputStream:75 - [STDERR_REDIRECT] WARNING: Couldn't flush system prefs: java.util.prefs.BackingStoreException: Couldn't get file lock.
2026-08-15 09:51:33,273 [ERROR] LogOutputStream:75 - [STDERR_REDIRECT] 
2026-08-15 09:52:03,274 [ERROR] LogOutputStream:75 - [STDERR_REDIRECT] Aug 15, 2026 9:52:03 AM java.util.prefs.FileSystemPreferences checkLockFile0ErrorCode
2026-08-15 09:52:03,274 [ERROR] LogOutputStream:75 - [STDERR_REDIRECT] WARNING: Could not lock System prefs. Unix error code 2.
2026-08-15 09:52:03,274 [ERROR] LogOutputStream:75 - [STDERR_REDIRECT] 
2026-08-15 09:52:03,274 [ERROR] LogOutputStream:75 - [STDERR_REDIRECT] Aug 15, 2026 9:52:03 AM java.util.prefs.FileSystemPreferences syncWorld
2026-08-15 09:52:03,274 [ERROR] LogOutputStream:75 - [STDERR_REDIRECT] WARNING: Couldn't flush system prefs: java.util.prefs.BackingStoreException: Couldn't get file lock.
2026-08-15 09:52:03,274 [ERROR] LogOutputStream:75 - [STDERR_REDIRECT] 
2026-08-15 09:52:26,594 [INFO] MainUpdater:2872 - connection check result : 10
2026-08-15 09:52:26,595 [INFO] MainUpdater:2872 - connection check result : 10
2026-08-15 09:52:26,610 [INFO] MicroXplorer:468 - Change Database Path : 
2026-08-15 09:52:26,610 [INFO] MicroXplorer:498 - Change Database Version : DB.6.0.140
2026-08-15 09:52:26,619 [ERROR] ProjectManagerView:394 - 
java.lang.NullPointerException: Cannot invoke "javax.swing.JTextField.getText()" because the return value of "java.util.List.get(int)" is null
	at com.st.microxplorer.plugins.projectmanager.gui.ProjectChoiceTab$9.caretUpdate(ProjectChoiceTab.java:2678) ~[filemanager.jar:?]
	at javax.swing.text.JTextComponent.fireCaretUpdate(JTextComponent.java:408) ~[?:?]
	at javax.swing.text.JTextComponent$MutableCaretEvent.fire(JTextComponent.java:4484) ~[?:?]
	at javax.swing.text.JTextComponent$MutableCaretEvent.stateChanged(JTextComponent.java:4506) ~[?:?]
	at javax.swing.text.DefaultCaret.fireStateChanged(DefaultCaret.java:857) ~[?:?]
	at javax.swing.text.DefaultCaret.changeCaretPosition(DefaultCaret.java:1343) ~[?:?]
	at javax.swing.text.DefaultCaret.handleSetDot(DefaultCaret.java:1242) ~[?:?]
	at javax.swing.text.DefaultCaret.setDot(DefaultCaret.java:1223) ~[?:?]
	at javax.swing.text.DefaultCaret$Handler.insertUpdate(DefaultCaret.java:1819) ~[?:?]
	at javax.swing.text.AbstractDocument.fireInsertUpdate(AbstractDocument.java:227) ~[?:?]
	at javax.swing.text.AbstractDocument.handleInsertString(AbstractDocument.java:781) ~[?:?]
	at javax.swing.text.AbstractDocument.insertString(AbstractDocument.java:740) ~[?:?]
	at javax.swing.text.PlainDocument.insertString(PlainDocument.java:131) ~[?:?]
	at javax.swing.text.AbstractDocument.replace(AbstractDocument.java:699) ~[?:?]
	at javax.swing.text.JTextComponent.setText(JTextComponent.java:1725) ~[?:?]
	at com.st.microxplorer.plugins.projectmanager.gui.ProjectChoiceTab.createHeapStackFields(ProjectChoiceTab.java:979) ~[filemanager.jar:?]
	at com.st.microxplorer.plugins.projectmanager.gui.ProjectChoiceTab.buildLinkSettingsPanel(ProjectChoiceTab.java:3766) ~[filemanager.jar:?]
	at com.st.microxplorer.plugins.projectmanager.gui.ProjectChoiceTab.defineWindowsFields(ProjectChoiceTab.java:1962) ~[filemanager.jar:?]
	at com.st.microxplorer.plugins.projectmanager.gui.ProjectChoiceTab.updateSettings(ProjectChoiceTab.java:555) ~[filemanager.jar:?]
	at com.st.microxplorer.plugins.projectmanager.gui.ProjectSettingsPanel.UpdateDialog(ProjectSettingsPanel.java:245) ~[filemanager.jar:?]
	at com.st.microxplorer.plugins.projectmanager.ProjectManagerView.propertyChange(ProjectManagerView.java:391) ~[filemanager.jar:?]
	at java.beans.PropertyChangeSupport.fire(PropertyChangeSupport.java:343) ~[?:?]
	at java.beans.PropertyChangeSupport.firePropertyChange(PropertyChangeSupport.java:335) ~[?:?]
	at java.beans.PropertyChangeSupport.firePropertyChange(PropertyChangeSupport.java:268) ~[?:?]
	at com.st.microxplorer.util.MXPropertyChangeSupport.firePropertyChange(MXPropertyChangeSupport.java:54) ~[STM32CubeMX.jar:?]
	at com.st.microxplorer.mxsystem.MxSystem.closeConfig(MxSystem.java:899) ~[STM32CubeMX.jar:?]
	at com.st.microxplorer.maingui.MainPanel.closeConfig(MainPanel.java:789) ~[STM32CubeMX.jar:?]
	at com.st.microxplorer.plugins.filemanager.engine.OpenFileManager.loadConfigurationFile(OpenFileManager.java:287) ~[filemanager.jar:?]
	at com.st.microxplorer.plugins.filemanager.engine.MainFileManager.userLoadConfig(MainFileManager.java:341) ~[filemanager.jar:?]
	at com.st.microxplorer.plugins.filemanager.engine.MainFileManager.userLoadConfig(MainFileManager.java:319) ~[filemanager.jar:?]
	at com.st.microxplorer.plugins.filemanager.FileManagerView.getSpecificTask(FileManagerView.java:246) ~[filemanager.jar:?]
	at com.st.stm32cube.common.mx.editor.CubeMxEditor.getMxTabbedPaneInstance(CubeMxEditor.java:1198) ~[com.st.stm32cube.common.mx_6.14.0.202502271554/:?]
	at com.st.stm32cube.common.mx.editor.CubeMxEditor$12$1.createSwingComponent(CubeMxEditor.java:1068) ~[com.st.stm32cube.common.mx_6.14.0.202502271554/:?]
	at com.st.stm32cube.common.mx.oss.core.awtswtbridge.EmbeddedSwingComposite.doComponentCreation(EmbeddedSwingComposite.java:492) ~[com.st.stm32cube.common.mx.oss_6.14.0.202502271554/:?]
	at com.st.stm32cube.common.mx.oss.core.awtswtbridge.EmbeddedSwingComposite$4.run(EmbeddedSwingComposite.java:291) ~[com.st.stm32cube.common.mx.oss_6.14.0.202502271554/:?]
	at com.st.stm32cube.common.mx.oss.core.awtswtbridge.AwtEnvironment$2.run(AwtEnvironment.java:166) ~[com.st.stm32cube.common.mx.oss_6.14.0.202502271554/:?]
	at java.awt.event.InvocationEvent.dispatch(InvocationEvent.java:318) ~[?:?]
	at java.awt.EventQueue.dispatchEventImpl(EventQueue.java:773) ~[?:?]
	at java.awt.EventQueue$4.run(EventQueue.java:720) ~[?:?]
	at java.awt.EventQueue$4.run(EventQueue.java:714) ~[?:?]
	at java.security.AccessController.doPrivileged(AccessController.java:400) ~[?:?]
	at java.security.ProtectionDomain$JavaSecurityAccessImpl.doIntersectionPrivilege(ProtectionDomain.java:87) ~[?:?]
	at java.awt.EventQueue.dispatchEvent(EventQueue.java:742) ~[?:?]
	at java.awt.EventDispatchThread.pumpOneEventForFilters(EventDispatchThread.java:203) ~[?:?]
	at java.awt.EventDispatchThread.pumpEventsForFilter(EventDispatchThread.java:124) ~[?:?]
	at java.awt.EventDispatchThread.pumpEventsForHierarchy(EventDispatchThread.java:113) ~[?:?]
	at java.awt.EventDispatchThread.pumpEvents(EventDispatchThread.java:109) ~[?:?]
	at java.awt.EventDispatchThread.pumpEvents(EventDispatchThread.java:101) ~[?:?]
	at java.awt.EventDispatchThread.run(EventDispatchThread.java:90) ~[?:?]
2026-08-15 09:52:26,620 [WARN] ThirdParty:871 - waiting for thirdparty lock release [close project]
2026-08-15 09:52:26,620 [INFO] ThirdParty:873 - entering critical section [close project]
2026-08-15 09:52:26,620 [INFO] ThirdParty:883 - exiting critical section [close project]
2026-08-15 09:52:26,621 [INFO] PinOutPanel:1589 - setPackage(No Configuration,No Configuration)
2026-08-15 09:52:26,624 [INFO] UtilMem:75 - Begin LoadConfig() Used Memory: 426161064 Bytes (783286272)
2026-08-15 09:52:26,624 [INFO] MicroXplorer:468 - Change Database Path : 
2026-08-15 09:52:26,624 [INFO] MicroXplorer:498 - Change Database Version : DB.6.0.140
2026-08-15 09:52:26,624 [INFO] OpenFileManager:354 - Change cursor
2026-08-15 09:52:26,630 [INFO] RulesReader:64 - Compatibility file has been processed (301 Rules)
2026-08-15 09:52:26,632 [INFO] Mcu:2011 - Initializing MCU STM32F103C(8-B)Tx STM32F103C8Tx STM32F103C8T6
2026-08-15 09:52:26,820 [INFO] Context:756 - Trying to add GPIOservice into a context  which must be forbidden
2026-08-15 09:52:27,017 [INFO] ImportTextPane:218 - (OptionalMessage_ERROR) Pin25 (VP_RIF_VS_RIF1) cannot be retrieved for this MCU
2026-08-15 09:52:27,048 [INFO] RtosManager:558 - Registered RTOS mode: class=CMSIS, group=RTOS, mode=CMSIS_V1, owner=FREERTOS
2026-08-15 09:52:27,048 [INFO] RtosManager:558 - Registered RTOS mode: class=CMSIS, group=RTOS2, mode=CMSIS_V2, owner=FREERTOS
2026-08-15 09:52:27,048 [INFO] RtosManager:558 - Registered RTOS mode: class=RTOS, group=Core, mode=CMSIS_V1, owner=FREERTOS
2026-08-15 09:52:27,049 [INFO] RtosManager:558 - Registered RTOS mode: class=RTOS, group=Core, mode=CMSIS_V2, owner=FREERTOS
2026-08-15 09:52:27,049 [WARN] ModelIntegratedComponent:184 - Missing modes for component STMicroelectronics:FreeRTOS:0.0.1:STMicroelectronics:RTOS:FreeRTOS:Core:::10.2.0:
2026-08-15 09:52:27,133 [WARN] ModelIntegratedComponent:63 - No mode defined for component null
2026-08-15 09:52:27,133 [WARN] ModelIntegratedComponent:63 - No mode defined for component null
2026-08-15 09:52:27,133 [WARN] ModelIntegratedComponent:63 - No mode defined for component null
2026-08-15 09:52:27,133 [WARN] ModelIntegratedComponent:63 - No mode defined for component null
2026-08-15 09:52:27,133 [WARN] ModelIntegratedComponent:63 - No mode defined for component null
2026-08-15 09:52:27,133 [WARN] ModelIntegratedComponent:63 - No mode defined for component null
2026-08-15 09:52:27,133 [WARN] ModelIntegratedComponent:63 - No mode defined for component null
2026-08-15 09:52:27,133 [WARN] ModelIntegratedComponent:63 - No mode defined for component null
2026-08-15 09:52:27,133 [WARN] ModelIntegratedComponent:63 - No mode defined for component null
2026-08-15 09:52:27,133 [WARN] ModelIntegratedComponent:63 - No mode defined for component null
2026-08-15 09:52:27,133 [WARN] ModelIntegratedComponent:63 - No mode defined for component null
2026-08-15 09:52:27,133 [WARN] ModelIntegratedComponent:63 - No mode defined for component null
2026-08-15 09:52:27,133 [WARN] ModelIntegratedComponent:63 - No mode defined for component null
2026-08-15 09:52:27,133 [WARN] ModelIntegratedComponent:63 - No mode defined for component null
2026-08-15 09:52:27,133 [WARN] ModelIntegratedComponent:63 - No mode defined for component null
2026-08-15 09:52:27,133 [WARN] ModelIntegratedComponent:63 - No mode defined for component null
2026-08-15 09:52:27,133 [WARN] ModelIntegratedComponent:63 - No mode defined for component null
2026-08-15 09:52:27,133 [WARN] ModelIntegratedComponent:63 - No mode defined for component null
2026-08-15 09:52:27,133 [WARN] ModelIntegratedComponent:63 - No mode defined for component null
2026-08-15 09:52:27,133 [WARN] ModelIntegratedComponent:63 - No mode defined for component null
2026-08-15 09:52:27,133 [WARN] ModelIntegratedComponent:63 - No mode defined for component null
2026-08-15 09:52:27,133 [WARN] ModelIntegratedComponent:63 - No mode defined for component null
2026-08-15 09:52:27,133 [WARN] ModelIntegratedComponent:63 - No mode defined for component null
2026-08-15 09:52:27,133 [WARN] ModelIntegratedComponent:63 - No mode defined for component null
2026-08-15 09:52:27,133 [WARN] ModelIntegratedComponent:63 - No mode defined for component null
2026-08-15 09:52:27,133 [WARN] ModelIntegratedComponent:63 - No mode defined for component null
2026-08-15 09:52:27,133 [WARN] ModelIntegratedComponent:63 - No mode defined for component null
2026-08-15 09:52:27,133 [WARN] ModelIntegratedComponent:63 - No mode defined for component null
2026-08-15 09:52:27,133 [WARN] ModelIntegratedComponent:63 - No mode defined for component null
2026-08-15 09:52:27,133 [WARN] ModelIntegratedComponent:63 - No mode defined for component null
2026-08-15 09:52:27,133 [WARN] ModelIntegratedComponent:63 - No mode defined for component null
2026-08-15 09:52:27,133 [WARN] ModelIntegratedComponent:63 - No mode defined for component null
2026-08-15 09:52:27,133 [WARN] ModelIntegratedComponent:63 - No mode defined for component null
2026-08-15 09:52:27,133 [WARN] ModelIntegratedComponent:63 - No mode defined for component null
2026-08-15 09:52:27,133 [WARN] ModelIntegratedComponent:63 - No mode defined for component null
2026-08-15 09:52:27,133 [WARN] ModelPack:524 - Component already loaded: STMicroelectronics:HAL Drivers:0.0.0:STMicroelectronics:Device:STMicro_Driver:XSPI:HAL::0.0.1:HAL_XSPI
2026-08-15 09:52:27,168 [INFO] ThirdPartyModel:298 - Start build external matchings
2026-08-15 09:52:27,367 [INFO] ThirdPartyModel:316 - End build external matchings
2026-08-15 09:52:27,379 [INFO] ImportTextPane:218 - (OptionalMessage_ERROR) IP (DMA) : Parameter (Instance) has Id (ADC1) currently not set
2026-08-15 09:52:27,379 [INFO] ImportTextPane:218 - (OptionalMessage_ERROR) IP (DMA) : Parameter (Direction) has Id (ADC1) currently not set
2026-08-15 09:52:27,379 [INFO] ImportTextPane:218 - (OptionalMessage_ERROR) IP (DMA) : Parameter (PeriphInc) has Id (ADC1) currently not set
2026-08-15 09:52:27,379 [INFO] ImportTextPane:218 - (OptionalMessage_ERROR) IP (DMA) : Parameter (MemInc) has Id (ADC1) currently not set
2026-08-15 09:52:27,379 [INFO] ImportTextPane:218 - (OptionalMessage_ERROR) IP (DMA) : Parameter (PeriphDataAlignment) has Id (ADC1) currently not set
2026-08-15 09:52:27,379 [INFO] ImportTextPane:218 - (OptionalMessage_ERROR) IP (DMA) : Parameter (MemDataAlignment) has Id (ADC1) currently not set
2026-08-15 09:52:27,379 [INFO] ImportTextPane:218 - (OptionalMessage_ERROR) IP (DMA) : Parameter (Mode) has Id (ADC1) currently not set
2026-08-15 09:52:27,380 [INFO] ImportTextPane:218 - (OptionalMessage_ERROR) IP (DMA) : Parameter (Priority) has Id (ADC1) currently not set
2026-08-15 09:52:27,380 [INFO] ImportTextPane:218 - (OptionalMessage_ERROR) IP (RCC) : Invalid parameter (FamilyName)
2026-08-15 09:52:27,380 [INFO] ImportTextPane:218 - (OptionalMessage_ERROR) IP (RCC) : Parameter (USBFreq_Value) has invalid value (32000000)
2026-08-15 09:52:27,464 [INFO] UtilMem:75 - End LoadConfig() Used Memory: 430368648 Bytes (783286272)
2026-08-15 09:52:27,468 [WARN] ThirdParty:833 - waiting for thirdparty lock release [change project]
2026-08-15 09:52:27,469 [INFO] ThirdParty:835 - entering critical section [change project]
2026-08-15 09:52:27,469 [INFO] ThirdParty:1030 - CMSIS Pack Vendor :STMicroelectronics X-CUBE-AZRTOS-H7 3.5.0
2026-08-15 09:52:27,469 [INFO] ThirdParty:1030 - CMSIS Pack Vendor :STMicroelectronics X-CUBE-PM33A1 1.0.0
2026-08-15 09:52:27,469 [INFO] ThirdParty:1030 - CMSIS Pack Vendor :STMicroelectronics USBPD 4.1
2026-08-15 09:52:27,469 [INFO] ThirdParty:1030 - CMSIS Pack Vendor :STMicroelectronics X-CUBE-NFC9 1.0.0
2026-08-15 09:52:27,469 [INFO] ThirdParty:1030 - CMSIS Pack Vendor :STMicroelectronics USB_HOST 2.0.0
2026-08-15 09:52:27,469 [INFO] ThirdParty:1030 - CMSIS Pack Vendor :STMicroelectronics FP-ATR-ASTRA1 2.0.3
2026-08-15 09:52:27,469 [INFO] ThirdParty:1030 - CMSIS Pack Vendor :STMicroelectronics X-CUBE-AZRTOS-F4 1.1.0
2026-08-15 09:52:27,469 [INFO] ThirdParty:1030 - CMSIS Pack Vendor :STMicroelectronics LIBJPEG 8.0.0
2026-08-15 09:52:27,469 [INFO] ThirdParty:1030 - CMSIS Pack Vendor :STMicroelectronics FP-ATR-ASTRA1 2.0.2
2026-08-15 09:52:27,469 [INFO] ThirdParty:1030 - CMSIS Pack Vendor :STMicroelectronics X-CUBE-BLE1 7.1.0
2026-08-15 09:52:27,469 [INFO] ThirdParty:1030 - CMSIS Pack Vendor :wolfSSL I-CUBE-wolfMQTT 1.19.2
2026-08-15 09:52:27,469 [INFO] ThirdParty:1030 - CMSIS Pack Vendor :STMicroelectronics USB_DEVICE 3.0.0
2026-08-15 09:52:27,469 [INFO] ThirdParty:1030 - CMSIS Pack Vendor :STMicroelectronics X-CUBE-ISPU 2.1.0
2026-08-15 09:52:27,469 [INFO] ThirdParty:1030 - CMSIS Pack Vendor :STMicroelectronics X-CUBE-EEPRMA1 5.2.0
2026-08-15 09:52:27,469 [INFO] ThirdParty:1030 - CMSIS Pack Vendor :STMicroelectronics eDS-WB_DPC_TT-BIDIR 2.1.1
2026-08-15 09:52:27,469 [INFO] ThirdParty:1030 - CMSIS Pack Vendor :STMicroelectronics X-CUBE-AZRTOS-WB 2.0.0
2026-08-15 09:52:27,469 [INFO] ThirdParty:1030 - CMSIS Pack Vendor :STMicroelectronics X-CUBE-NFC12 1.0.0
2026-08-15 09:52:27,469 [INFO] ThirdParty:1030 - CMSIS Pack Vendor :STMicroelectronics X-CUBE-AZRTOS-F7 1.1.0
2026-08-15 09:52:27,469 [INFO] ThirdParty:1030 - CMSIS Pack Vendor :STMicroelectronics X-CUBE-AZRTOS-L5 2.0.0
2026-08-15 09:52:27,469 [INFO] ThirdParty:1030 - CMSIS Pack Vendor :STMicroelectronics USB_DEVICE 2.0.0
2026-08-15 09:52:27,469 [INFO] ThirdParty:1030 - CMSIS Pack Vendor :quantropi X-CUBE-qispace-sdk-base 2.1.0
2026-08-15 09:52:27,469 [INFO] ThirdParty:1030 - CMSIS Pack Vendor :STMicroelectronics X-CUBE-STSE01 2.0.0
2026-08-15 09:52:27,469 [INFO] ThirdParty:1030 - CMSIS Pack Vendor :STMicroelectronics X-CUBE-ALGOBUILD 1.5.0
2026-08-15 09:52:27,469 [INFO] ThirdParty:1030 - CMSIS Pack Vendor :STMicroelectronics FreeRTOS 0.0.1
2026-08-15 09:52:27,469 [INFO] ThirdParty:1030 - CMSIS Pack Vendor :STMicroelectronics X-CUBE-AZRTOS-H7RS 1.3.0
2026-08-15 09:52:27,469 [INFO] ThirdParty:1030 - CMSIS Pack Vendor :STMicroelectronics X-CUBE-AZRTOS-G0 1.1.0
2026-08-15 09:52:27,469 [INFO] ThirdParty:1030 - CMSIS Pack Vendor :STMicroelectronics X-CUBE-NFC4 3.0.0
2026-08-15 09:52:27,469 [INFO] ThirdParty:1030 - CMSIS Pack Vendor :STMicroelectronics X-CUBE-SUBG2 5.0.0
2026-08-15 09:52:27,469 [INFO] ThirdParty:1030 - CMSIS Pack Vendor :STMicroelectronics STM32_WPAN 1.0.0
2026-08-15 09:52:27,469 [INFO] ThirdParty:1030 - CMSIS Pack Vendor :STMicroelectronics eDS-WB_DPC_VIENNA 1.2.0
2026-08-15 09:52:27,469 [INFO] ThirdParty:1030 - CMSIS Pack Vendor :EmbeddedOffice I-CUBE-FS-RTOS 1.0.1
2026-08-15 09:52:27,469 [INFO] ThirdParty:1030 - CMSIS Pack Vendor :STMicroelectronics lwIP 2.0.3
2026-08-15 09:52:27,469 [INFO] ThirdParty:1030 - CMSIS Pack Vendor :STMicroelectronics X-CUBE-MEMS1 13.0.0
2026-08-15 09:52:27,469 [INFO] ThirdParty:1030 - CMSIS Pack Vendor :STMicroelectronics eDS-WB_DPC_3PH2L-BIDIR 1.1.1
2026-08-15 09:52:27,469 [INFO] ThirdParty:1030 - CMSIS Pack Vendor :STMicroelectronics USB_HOST 1.0.0
2026-08-15 09:52:27,469 [INFO] ThirdParty:1030 - CMSIS Pack Vendor :STMicroelectronics X-CUBE-AZRTOS-G4 2.0.0
2026-08-15 09:52:27,469 [INFO] ThirdParty:1030 - CMSIS Pack Vendor :STMicroelectronics PDM2PCM 3.1.0
2026-08-15 09:52:27,469 [INFO] ThirdParty:1030 - CMSIS Pack Vendor :STMicroelectronics PDM2PCM 3.3.0
2026-08-15 09:52:27,469 [INFO] ThirdParty:1030 - CMSIS Pack Vendor :wolfSSL I-CUBE-wolfTPM 3.8.0
2026-08-15 09:52:27,469 [INFO] ThirdParty:1030 - CMSIS Pack Vendor :STMicroelectronics X-CUBE-DISPLAY 3.0.0
2026-08-15 09:52:27,469 [INFO] ThirdParty:1030 - CMSIS Pack Vendor :wolfSSL I-CUBE-wolfSSH 1.4.20
2026-08-15 09:52:27,469 [INFO] ThirdParty:1030 - CMSIS Pack Vendor :STMicroelectronics X-CUBE-NFC7 2.0.0
2026-08-15 09:52:27,469 [INFO] ThirdParty:1030 - CMSIS Pack Vendor :STMicroelectronics X-CUBE-GNSS1 7.1.1
2026-08-15 09:52:27,469 [INFO] ThirdParty:1030 - CMSIS Pack Vendor :STMicroelectronics X-CUBE-TCPP 4.2.0
2026-08-15 09:52:27,469 [INFO] ThirdParty:1030 - CMSIS Pack Vendor :RealThread X-CUBE-RT-Thread_Nano 4.1.1
2026-08-15 09:52:27,469 [INFO] ThirdParty:1030 - CMSIS Pack Vendor :wolfSSL I-CUBE-wolfSSL 5.9.1
2026-08-15 09:52:27,469 [INFO] ThirdParty:1030 - CMSIS Pack Vendor :STMicroelectronics FP-ATR-SIGFOX1 3.2.0
2026-08-15 09:52:27,469 [INFO] ThirdParty:1030 - CMSIS Pack Vendor :STMicroelectronics X-CUBE-NFC10 1.0.0
2026-08-15 09:52:27,469 [INFO] ThirdParty:1030 - CMSIS Pack Vendor :STMicroelectronics HAL Drivers 0.0.0
2026-08-15 09:52:27,469 [INFO] ThirdParty:1030 - CMSIS Pack Vendor :STMicroelectronics MBEDTLS 2.16.2
2026-08-15 09:52:27,469 [INFO] ThirdParty:1030 - CMSIS Pack Vendor :STMicroelectronics X-CUBE-ST60 1.1.0
2026-08-15 09:52:27,469 [INFO] ThirdParty:1030 - CMSIS Pack Vendor :STMicroelectronics X-CUBE-ALS 1.0.2
2026-08-15 09:52:27,469 [INFO] ThirdParty:1030 - CMSIS Pack Vendor :emotas I-CUBE-CANOPEN 1.3.0
2026-08-15 09:52:27,469 [INFO] ThirdParty:1030 - CMSIS Pack Vendor :STMicroelectronics MBEDTLS 2.14.1
2026-08-15 09:52:27,469 [INFO] ThirdParty:1030 - CMSIS Pack Vendor :ITTIA_DB I-CUBE-ITTIADB 8.9.0
2026-08-15 09:52:27,469 [INFO] ThirdParty:1030 - CMSIS Pack Vendor :Cesanta I-CUBE-Mongoose 7.21.7
2026-08-15 09:52:27,469 [INFO] ThirdParty:1030 - CMSIS Pack Vendor :STMicroelectronics X-CUBE-TOUCHGFX 4.26.1
2026-08-15 09:52:27,469 [INFO] ThirdParty:1030 - CMSIS Pack Vendor :STMicroelectronics X-CUBE-NFC6 3.2.0
2026-08-15 09:52:27,469 [INFO] ThirdParty:1030 - CMSIS Pack Vendor :STMicroelectronics X-CUBE-AI 10.2.1
2026-08-15 09:52:27,469 [INFO] ThirdParty:1030 - CMSIS Pack Vendor :STMicroelectronics ThreadX 1.0.0
2026-08-15 09:52:27,469 [INFO] ThirdParty:1030 - CMSIS Pack Vendor :STMicroelectronics FP-SNS-SMARTAG2 1.2.0
2026-08-15 09:52:27,469 [INFO] ThirdParty:1030 - CMSIS Pack Vendor :STMicroelectronics X-CUBE-MEMS1 12.1.0
2026-08-15 09:52:27,469 [INFO] ThirdParty:1030 - CMSIS Pack Vendor :STMicroelectronics FP-SNS-FLIGHT1 5.1.0
2026-08-15 09:52:27,469 [INFO] ThirdParty:1030 - CMSIS Pack Vendor :STMicroelectronics X-CUBE-AZRTOS-WL 2.0.0
2026-08-15 09:52:27,469 [INFO] ThirdParty:1030 - CMSIS Pack Vendor :SEGGER I-CUBE-embOS 1.3.1
2026-08-15 09:52:27,469 [INFO] ThirdParty:1030 - CMSIS Pack Vendor :STMicroelectronics X-CUBE-DPower 1.3.0
2026-08-15 09:52:27,469 [INFO] ThirdParty:1030 - CMSIS Pack Vendor :STMicroelectronics USB_DEVICE 1.0.0
2026-08-15 09:52:27,469 [INFO] ThirdParty:1030 - CMSIS Pack Vendor :STMicroelectronics X-CUBE-AZRTOS-L4 2.0.0
2026-08-15 09:52:27,469 [INFO] ThirdParty:1030 - CMSIS Pack Vendor :STMicroelectronics ThreadX 0.0.2
2026-08-15 09:52:27,469 [INFO] ThirdParty:1030 - CMSIS Pack Vendor :STMicroelectronics lwIP 2.1.2
2026-08-15 09:52:27,469 [INFO] ThirdParty:1030 - CMSIS Pack Vendor :STMicroelectronics X-CUBE-SFXS2LP1 4.0.0
2026-08-15 09:52:27,469 [INFO] ThirdParty:1030 - CMSIS Pack Vendor :STMicroelectronics X-CUBE-BLE2 3.3.0
2026-08-15 09:52:27,469 [INFO] ThirdParty:1030 - CMSIS Pack Vendor :Avnet-IOTCONNECT X-CUBE-iotc-st67-sdk 1.0.0
2026-08-15 09:52:27,469 [INFO] ThirdParty:1030 - CMSIS Pack Vendor :STMicroelectronics X-CUBE-TOF1 3.4.3
2026-08-15 09:52:27,469 [INFO] ThirdParty:1030 - CMSIS Pack Vendor :Infineon AIROC-Wi-Fi-Bluetooth-STM32 1.8.0
2026-08-15 09:52:27,469 [INFO] ThirdParty:1030 - CMSIS Pack Vendor :STMicroelectronics X-CUBE-NFC13 1.0.0
2026-08-15 09:52:27,469 [INFO] ThirdParty:1030 - CMSIS Pack Vendor :STMicroelectronics PDM2PCM 3.2.0
2026-08-15 09:52:27,469 [INFO] ThirdParty:1030 - CMSIS Pack Vendor :STMicroelectronics X-CUBE-WB05N 2.1.0
2026-08-15 09:52:27,470 [INFO] ThirdParty:841 - exiting critical section [change project]
2026-08-15 09:52:27,581 [INFO] PinOutPanel:1589 - setPackage(No Configuration,No Configuration)
2026-08-15 09:52:27,581 [INFO] PinOutPanel:1589 - setPackage(STM32F103C8Tx,LQFP48)
2026-08-15 09:52:27,802 [INFO] UtilMem:75 - Before build in PCC Used Memory: 538095816 Bytes (783286272)
2026-08-15 09:52:27,986 [INFO] UtilMem:75 - After build in PCC Used Memory: 583194680 Bytes (783286272)
2026-08-15 09:52:27,996 [INFO] IPUIPlugin:80 - create IPUIPlugin
2026-08-15 09:52:27,996 [INFO] IPUIPlugin:80 - create IPUIPlugin
2026-08-15 09:52:27,996 [INFO] IPUIPlugin:80 - create IPUIPlugin
2026-08-15 09:52:27,997 [INFO] IPUIPlugin:80 - create IPUIPlugin
2026-08-15 09:52:27,997 [INFO] IPUIPlugin:80 - create IPUIPlugin
2026-08-15 09:52:27,997 [INFO] IPUIPlugin:80 - create IPUIPlugin
2026-08-15 09:52:27,997 [INFO] IPUIPlugin:80 - create IPUIPlugin
2026-08-15 09:52:27,997 [INFO] IPUIPlugin:80 - create IPUIPlugin
2026-08-15 09:52:27,997 [INFO] IPUIPlugin:80 - create IPUIPlugin
2026-08-15 09:52:27,997 [INFO] IPUIPlugin:80 - create IPUIPlugin
2026-08-15 09:52:27,997 [INFO] IPUIPlugin:80 - create IPUIPlugin
2026-08-15 09:52:27,997 [INFO] IPUIPlugin:80 - create IPUIPlugin
2026-08-15 09:52:27,997 [INFO] IPUIPlugin:80 - create IPUIPlugin
2026-08-15 09:52:27,997 [INFO] IPUIPlugin:80 - create IPUIPlugin
2026-08-15 09:52:27,997 [INFO] IPUIPlugin:80 - create IPUIPlugin
2026-08-15 09:52:27,997 [INFO] IPUIPlugin:80 - create IPUIPlugin
2026-08-15 09:52:27,997 [INFO] IPUIPlugin:80 - create IPUIPlugin
2026-08-15 09:52:27,997 [INFO] IPUIPlugin:80 - create IPUIPlugin
2026-08-15 09:52:27,997 [INFO] IPUIPlugin:80 - create IPUIPlugin
2026-08-15 09:52:27,998 [INFO] IPUIPlugin:80 - create IPUIPlugin
2026-08-15 09:52:27,998 [INFO] IPUIPlugin:80 - create IPUIPlugin
2026-08-15 09:52:27,998 [INFO] IPUIPlugin:80 - create IPUIPlugin
2026-08-15 09:52:27,998 [INFO] IPUIPlugin:80 - create IPUIPlugin
2026-08-15 09:52:27,998 [INFO] IPUIPlugin:80 - create IPUIPlugin
2026-08-15 09:52:27,998 [INFO] IPUIPlugin:80 - create IPUIPlugin
2026-08-15 09:52:27,998 [INFO] IPUIPlugin:80 - create IPUIPlugin
2026-08-15 09:52:27,998 [INFO] IPUIPlugin:80 - create IPUIPlugin
2026-08-15 09:52:27,999 [WARN] IP:2250 - I2C_Coeff_DF not found: check if there is a RefParameter without a condition.
2026-08-15 09:52:27,999 [WARN] IP:2250 - Analog_Filter not found: check if there is a RefParameter without a condition.
2026-08-15 09:52:28,027 [INFO] CADModel:165 - CPN selected for project levelSTM32F103C8T6
2026-08-15 09:52:28,027 [INFO] CADModel:114 - Register for checkConnection events
2026-08-15 09:52:28,063 [INFO] OpenFileManager:385 - Restore cursor
2026-08-15 09:52:28,173 [WARN] IP:2250 - I2C_Coeff_DF not found: check if there is a RefParameter without a condition.
2026-08-15 09:52:28,173 [WARN] IP:2250 - Analog_Filter not found: check if there is a RefParameter without a condition.
2026-08-15 09:52:28,173 [WARN] IP:2250 - I2C_Coeff_DF not found: check if there is a RefParameter without a condition.
2026-08-15 09:52:28,174 [WARN] IP:2250 - Analog_Filter not found: check if there is a RefParameter without a condition.
2026-08-15 09:52:33,273 [ERROR] LogOutputStream:75 - [STDERR_REDIRECT] Aug 15, 2026 9:52:33 AM java.util.prefs.FileSystemPreferences checkLockFile0ErrorCode
2026-08-15 09:52:33,273 [ERROR] LogOutputStream:75 - [STDERR_REDIRECT] WARNING: Could not lock System prefs. Unix error code 2.
2026-08-15 09:52:33,273 [ERROR] LogOutputStream:75 - [STDERR_REDIRECT] 
2026-08-15 09:52:33,273 [ERROR] LogOutputStream:75 - [STDERR_REDIRECT] Aug 15, 2026 9:52:33 AM java.util.prefs.FileSystemPreferences syncWorld
2026-08-15 09:52:33,273 [ERROR] LogOutputStream:75 - [STDERR_REDIRECT] WARNING: Couldn't flush system prefs: java.util.prefs.BackingStoreException: Couldn't get file lock.
2026-08-15 09:52:33,273 [ERROR] LogOutputStream:75 - [STDERR_REDIRECT] 
2026-08-15 09:52:33,557 [INFO] ADCParametersView:116 -                Rank 1 : false
2026-08-15 09:52:33,558 [INFO] ADCParametersView:116 -                Rank 1 : false
2026-08-15 09:52:33,558 [INFO] ADCParametersView:116 -                Rank 2 : false
2026-08-15 09:52:33,558 [INFO] ADCParametersView:116 -                Rank 1 : false
2026-08-15 09:52:33,558 [INFO] ADCParametersView:116 -                Rank 2 : false
2026-08-15 09:52:33,558 [INFO] ADCParametersView:116 -                Rank 3 : false
2026-08-15 09:52:33,558 [INFO] ADCParametersView:116 -                Rank 1 : false
2026-08-15 09:52:33,558 [INFO] ADCParametersView:116 -                Rank 2 : false
2026-08-15 09:52:33,558 [INFO] ADCParametersView:116 -                Rank 3 : false
2026-08-15 09:52:33,558 [INFO] ADCParametersView:116 -                Rank 4 : false
2026-08-15 09:52:33,572 [INFO] ADCParametersView:116 -                Rank 1 : false
2026-08-15 09:52:33,572 [INFO] ADCParametersView:116 -                Rank 2 : false
2026-08-15 09:52:33,572 [INFO] ADCParametersView:116 -                Rank 3 : false
2026-08-15 09:52:33,572 [INFO] ADCParametersView:116 -                Rank 4 : false
2026-08-15 09:52:33,572 [INFO] ADCParametersView:116 -                Rank 1 : false
2026-08-15 09:52:33,572 [INFO] ADCParametersView:116 -                Rank 2 : false
2026-08-15 09:52:33,572 [INFO] ADCParametersView:116 -                Rank 3 : false
2026-08-15 09:52:33,572 [INFO] ADCParametersView:116 -                Rank 4 : false
2026-08-15 09:52:33,572 [INFO] ADCParametersView:116 -                Rank 1 : false
2026-08-15 09:52:33,572 [INFO] ADCParametersView:116 -                Rank 2 : false
2026-08-15 09:52:33,572 [INFO] ADCParametersView:116 -                Rank 3 : false
2026-08-15 09:52:33,572 [INFO] ADCParametersView:116 -                Rank 4 : false
2026-08-15 09:52:33,572 [INFO] ADCParametersView:116 -                Rank 1 : false
2026-08-15 09:52:33,572 [INFO] ADCParametersView:116 -                Rank 2 : false
2026-08-15 09:52:33,572 [INFO] ADCParametersView:116 -                Rank 3 : false
2026-08-15 09:52:33,572 [INFO] ADCParametersView:116 -                Rank 4 : false
2026-08-15 09:52:33,572 [INFO] ADCParametersView:116 -                Rank 1 : false
2026-08-15 09:52:33,572 [INFO] ADCParametersView:116 -                Rank 2 : false
2026-08-15 09:52:33,572 [INFO] ADCParametersView:116 -                Rank 3 : false
2026-08-15 09:52:33,572 [INFO] ADCParametersView:116 -                Rank 4 : false
2026-08-15 09:52:33,572 [INFO] ADCParametersView:116 -                Rank 1 : false
2026-08-15 09:52:33,572 [INFO] ADCParametersView:116 -                Rank 2 : false
2026-08-15 09:52:33,572 [INFO] ADCParametersView:116 -                Rank 3 : false
2026-08-15 09:52:33,572 [INFO] ADCParametersView:116 -                Rank 4 : false
2026-08-15 09:52:33,572 [INFO] ADCParametersView:116 -                Rank 1 : false
2026-08-15 09:52:33,572 [INFO] ADCParametersView:116 -                Rank 2 : false
2026-08-15 09:52:33,572 [INFO] ADCParametersView:116 -                Rank 3 : false
2026-08-15 09:52:33,572 [INFO] ADCParametersView:116 -                Rank 4 : false
2026-08-15 09:52:33,572 [INFO] ADCParametersView:116 -                Rank 1 : false
2026-08-15 09:52:33,572 [INFO] ADCParametersView:116 -                Rank 2 : false
2026-08-15 09:52:33,573 [INFO] ADCParametersView:116 -                Rank 3 : false
2026-08-15 09:52:33,573 [INFO] ADCParametersView:116 -                Rank 4 : false
2026-08-15 09:52:33,573 [INFO] ADCParametersView:116 -                Rank 1 : false
2026-08-15 09:52:33,573 [INFO] ADCParametersView:116 -                Rank 2 : false
2026-08-15 09:52:33,573 [INFO] ADCParametersView:116 -                Rank 3 : false
2026-08-15 09:52:33,573 [INFO] ADCParametersView:116 -                Rank 4 : false
2026-08-15 09:52:33,573 [INFO] ADCParametersView:116 -                Rank 1 : false
2026-08-15 09:52:33,573 [INFO] ADCParametersView:116 -                Rank 2 : false
2026-08-15 09:52:33,573 [INFO] ADCParametersView:116 -                Rank 3 : false
2026-08-15 09:52:33,573 [INFO] ADCParametersView:116 -                Rank 4 : false
2026-08-15 09:52:33,573 [INFO] ADCParametersView:116 -                Rank 2 : false
2026-08-15 09:52:33,573 [INFO] ADCParametersView:116 -                Rank 3 : false
2026-08-15 09:52:33,573 [INFO] ADCParametersView:116 -                Rank 4 : false
2026-08-15 09:52:33,573 [INFO] ADCParametersView:116 -                Rank 3 : false
2026-08-15 09:52:33,573 [INFO] ADCParametersView:116 -                Rank 4 : false
2026-08-15 09:52:33,573 [INFO] ADCParametersView:116 -                Rank 4 : false
2026-08-15 09:52:33,577 [INFO] ADCParametersView:116 -                Rank 1 : false
2026-08-15 09:52:33,577 [INFO] ADCParametersView:116 -                Rank 1 : false
2026-08-15 09:52:33,577 [INFO] ADCParametersView:116 -                Rank 2 : false
2026-08-15 09:52:33,577 [INFO] ADCParametersView:116 -                Rank 1 : false
2026-08-15 09:52:33,577 [INFO] ADCParametersView:116 -                Rank 2 : false
2026-08-15 09:52:33,577 [INFO] ADCParametersView:116 -                Rank 3 : false
2026-08-15 09:52:33,577 [INFO] ADCParametersView:116 -                Rank 1 : false
2026-08-15 09:52:33,577 [INFO] ADCParametersView:116 -                Rank 2 : false
2026-08-15 09:52:33,577 [INFO] ADCParametersView:116 -                Rank 3 : false
2026-08-15 09:52:33,577 [INFO] ADCParametersView:116 -                Rank 4 : false
2026-08-15 09:52:41,690 [INFO] ADCParametersView:116 -                Rank 1 : true
2026-08-15 09:52:41,690 [INFO] ADCParametersView:116 -                Rank 2 : false
2026-08-15 09:52:41,690 [INFO] ADCParametersView:116 -                Rank 3 : false
2026-08-15 09:52:41,690 [INFO] ADCParametersView:116 -                Rank 4 : false
2026-08-15 09:52:44,130 [INFO] NvicIntPanel:101 - NVIC parent = com.st.microxplorer.plugins.ip.nvic.MultiNvicIntPanel[,0,0,0x0,invalid,layout=javax.swing.BoxLayout,alignmentX=0.0,alignmentY=0.0,border=,flags=9,maximumSize=,minimumSize=,preferredSize=]
2026-08-15 09:52:44,146 [INFO] ADCParametersView:116 -                Rank 1 : true
2026-08-15 09:52:44,146 [INFO] ADCParametersView:116 -                Rank 2 : false
2026-08-15 09:52:44,146 [INFO] ADCParametersView:116 -                Rank 3 : false
2026-08-15 09:52:44,146 [INFO] ADCParametersView:116 -                Rank 4 : false
2026-08-15 09:52:44,148 [INFO] ADCParametersView:116 -                Rank 1 : true
2026-08-15 09:52:44,148 [INFO] ADCParametersView:116 -                Rank 2 : false
2026-08-15 09:52:44,148 [INFO] ADCParametersView:116 -                Rank 3 : false
2026-08-15 09:52:44,148 [INFO] ADCParametersView:116 -                Rank 4 : false
2026-08-15 09:52:44,148 [INFO] ADCParametersView:116 -                Rank 1 : true
2026-08-15 09:52:44,148 [INFO] ADCParametersView:116 -                Rank 2 : false
2026-08-15 09:52:44,148 [INFO] ADCParametersView:116 -                Rank 3 : false
2026-08-15 09:52:44,148 [INFO] ADCParametersView:116 -                Rank 4 : false
2026-08-15 09:52:44,148 [INFO] ADCParametersView:116 -                Rank 1 : true
2026-08-15 09:52:44,148 [INFO] ADCParametersView:116 -                Rank 2 : false
2026-08-15 09:52:44,148 [INFO] ADCParametersView:116 -                Rank 3 : false
2026-08-15 09:52:44,148 [INFO] ADCParametersView:116 -                Rank 4 : false
2026-08-15 09:52:44,148 [INFO] ADCParametersView:116 -                Rank 1 : true
2026-08-15 09:52:44,148 [INFO] ADCParametersView:116 -                Rank 2 : false
2026-08-15 09:52:44,148 [INFO] ADCParametersView:116 -                Rank 3 : false
2026-08-15 09:52:44,148 [INFO] ADCParametersView:116 -                Rank 4 : false
2026-08-15 09:52:44,148 [INFO] ADCParametersView:116 -                Rank 1 : true
2026-08-15 09:52:44,148 [INFO] ADCParametersView:116 -                Rank 2 : false
2026-08-15 09:52:44,148 [INFO] ADCParametersView:116 -                Rank 3 : false
2026-08-15 09:52:44,148 [INFO] ADCParametersView:116 -                Rank 4 : false
2026-08-15 09:52:44,148 [INFO] ADCParametersView:116 -                Rank 1 : true
2026-08-15 09:52:44,148 [INFO] ADCParametersView:116 -                Rank 2 : false
2026-08-15 09:52:44,148 [INFO] ADCParametersView:116 -                Rank 3 : false
2026-08-15 09:52:44,148 [INFO] ADCParametersView:116 -                Rank 4 : false
2026-08-15 09:52:44,148 [INFO] ADCParametersView:116 -                Rank 1 : true
2026-08-15 09:52:44,149 [INFO] ADCParametersView:116 -                Rank 2 : false
2026-08-15 09:52:44,149 [INFO] ADCParametersView:116 -                Rank 3 : false
2026-08-15 09:52:44,149 [INFO] ADCParametersView:116 -                Rank 4 : false
2026-08-15 09:52:44,149 [INFO] ADCParametersView:116 -                Rank 1 : true
2026-08-15 09:52:44,149 [INFO] ADCParametersView:116 -                Rank 2 : false
2026-08-15 09:52:44,149 [INFO] ADCParametersView:116 -                Rank 3 : false
2026-08-15 09:52:44,149 [INFO] ADCParametersView:116 -                Rank 4 : false
2026-08-15 09:52:44,149 [INFO] ADCParametersView:116 -                Rank 1 : true
2026-08-15 09:52:44,149 [INFO] ADCParametersView:116 -                Rank 2 : false
2026-08-15 09:52:44,149 [INFO] ADCParametersView:116 -                Rank 3 : false
2026-08-15 09:52:44,149 [INFO] ADCParametersView:116 -                Rank 4 : false
2026-08-15 09:52:44,149 [INFO] ADCParametersView:116 -                Rank 2 : false
2026-08-15 09:52:44,149 [INFO] ADCParametersView:116 -                Rank 3 : false
2026-08-15 09:52:44,149 [INFO] ADCParametersView:116 -                Rank 4 : false
2026-08-15 09:52:44,149 [INFO] ADCParametersView:116 -                Rank 3 : false
2026-08-15 09:52:44,149 [INFO] ADCParametersView:116 -                Rank 4 : false
2026-08-15 09:52:44,149 [INFO] ADCParametersView:116 -                Rank 4 : false
2026-08-15 09:52:44,153 [INFO] ADCParametersView:116 -                Rank 1 : true
2026-08-15 09:52:44,153 [INFO] ADCParametersView:116 -                Rank 1 : true
2026-08-15 09:52:44,153 [INFO] ADCParametersView:116 -                Rank 2 : false
2026-08-15 09:52:44,153 [INFO] ADCParametersView:116 -                Rank 1 : true
2026-08-15 09:52:44,153 [INFO] ADCParametersView:116 -                Rank 2 : false
2026-08-15 09:52:44,153 [INFO] ADCParametersView:116 -                Rank 3 : false
2026-08-15 09:52:44,153 [INFO] ADCParametersView:116 -                Rank 1 : true
2026-08-15 09:52:44,153 [INFO] ADCParametersView:116 -                Rank 2 : false
2026-08-15 09:52:44,153 [INFO] ADCParametersView:116 -                Rank 3 : false
2026-08-15 09:52:44,153 [INFO] ADCParametersView:116 -                Rank 4 : false
2026-08-15 09:52:47,914 [INFO] ADCParametersView:116 -                Rank 1 : true
2026-08-15 09:52:47,914 [INFO] ADCParametersView:116 -                Rank 2 : true
2026-08-15 09:52:47,914 [INFO] ADCParametersView:116 -                Rank 3 : false
2026-08-15 09:52:47,914 [INFO] ADCParametersView:116 -                Rank 4 : false
2026-08-15 09:52:50,673 [INFO] NvicIntPanel:101 - NVIC parent = com.st.microxplorer.plugins.ip.nvic.MultiNvicIntPanel[,0,0,0x0,invalid,layout=javax.swing.BoxLayout,alignmentX=0.0,alignmentY=0.0,border=,flags=9,maximumSize=,minimumSize=,preferredSize=]
2026-08-15 09:52:50,688 [INFO] ADCParametersView:116 -                Rank 1 : true
2026-08-15 09:52:50,689 [INFO] ADCParametersView:116 -                Rank 2 : true
2026-08-15 09:52:50,689 [INFO] ADCParametersView:116 -                Rank 3 : false
2026-08-15 09:52:50,689 [INFO] ADCParametersView:116 -                Rank 4 : false
2026-08-15 09:52:50,689 [INFO] ADCParametersView:116 -                Rank 1 : true
2026-08-15 09:52:50,689 [INFO] ADCParametersView:116 -                Rank 2 : true
2026-08-15 09:52:50,689 [INFO] ADCParametersView:116 -                Rank 3 : false
2026-08-15 09:52:50,689 [INFO] ADCParametersView:116 -                Rank 4 : false
2026-08-15 09:52:50,689 [INFO] ADCParametersView:116 -                Rank 1 : true
2026-08-15 09:52:50,689 [INFO] ADCParametersView:116 -                Rank 2 : true
2026-08-15 09:52:50,689 [INFO] ADCParametersView:116 -                Rank 3 : false
2026-08-15 09:52:50,689 [INFO] ADCParametersView:116 -                Rank 4 : false
2026-08-15 09:52:50,690 [INFO] ADCParametersView:116 -                Rank 1 : true
2026-08-15 09:52:50,690 [INFO] ADCParametersView:116 -                Rank 2 : true
2026-08-15 09:52:50,690 [INFO] ADCParametersView:116 -                Rank 3 : false
2026-08-15 09:52:50,690 [INFO] ADCParametersView:116 -                Rank 4 : false
2026-08-15 09:52:50,690 [INFO] ADCParametersView:116 -                Rank 1 : true
2026-08-15 09:52:50,690 [INFO] ADCParametersView:116 -                Rank 2 : true
2026-08-15 09:52:50,690 [INFO] ADCParametersView:116 -                Rank 3 : false
2026-08-15 09:52:50,690 [INFO] ADCParametersView:116 -                Rank 4 : false
2026-08-15 09:52:50,690 [INFO] ADCParametersView:116 -                Rank 1 : true
2026-08-15 09:52:50,690 [INFO] ADCParametersView:116 -                Rank 2 : true
2026-08-15 09:52:50,690 [INFO] ADCParametersView:116 -                Rank 3 : false
2026-08-15 09:52:50,690 [INFO] ADCParametersView:116 -                Rank 4 : false
2026-08-15 09:52:50,690 [INFO] ADCParametersView:116 -                Rank 1 : true
2026-08-15 09:52:50,690 [INFO] ADCParametersView:116 -                Rank 2 : true
2026-08-15 09:52:50,690 [INFO] ADCParametersView:116 -                Rank 3 : false
2026-08-15 09:52:50,690 [INFO] ADCParametersView:116 -                Rank 4 : false
2026-08-15 09:52:50,690 [INFO] ADCParametersView:116 -                Rank 1 : true
2026-08-15 09:52:50,690 [INFO] ADCParametersView:116 -                Rank 2 : true
2026-08-15 09:52:50,690 [INFO] ADCParametersView:116 -                Rank 3 : false
2026-08-15 09:52:50,690 [INFO] ADCParametersView:116 -                Rank 4 : false
2026-08-15 09:52:50,690 [INFO] ADCParametersView:116 -                Rank 1 : true
2026-08-15 09:52:50,690 [INFO] ADCParametersView:116 -                Rank 2 : true
2026-08-15 09:52:50,690 [INFO] ADCParametersView:116 -                Rank 3 : false
2026-08-15 09:52:50,690 [INFO] ADCParametersView:116 -                Rank 4 : false
2026-08-15 09:52:50,690 [INFO] ADCParametersView:116 -                Rank 1 : true
2026-08-15 09:52:50,690 [INFO] ADCParametersView:116 -                Rank 2 : true
2026-08-15 09:52:50,690 [INFO] ADCParametersView:116 -                Rank 3 : false
2026-08-15 09:52:50,690 [INFO] ADCParametersView:116 -                Rank 4 : false
2026-08-15 09:52:50,690 [INFO] ADCParametersView:116 -                Rank 2 : true
2026-08-15 09:52:50,690 [INFO] ADCParametersView:116 -                Rank 3 : false
2026-08-15 09:52:50,690 [INFO] ADCParametersView:116 -                Rank 4 : false
2026-08-15 09:52:50,690 [INFO] ADCParametersView:116 -                Rank 3 : false
2026-08-15 09:52:50,690 [INFO] ADCParametersView:116 -                Rank 4 : false
2026-08-15 09:52:50,690 [INFO] ADCParametersView:116 -                Rank 4 : false
2026-08-15 09:52:50,694 [INFO] ADCParametersView:116 -                Rank 1 : true
2026-08-15 09:52:50,694 [INFO] ADCParametersView:116 -                Rank 1 : true
2026-08-15 09:52:50,694 [INFO] ADCParametersView:116 -                Rank 2 : true
2026-08-15 09:52:50,694 [INFO] ADCParametersView:116 -                Rank 1 : true
2026-08-15 09:52:50,694 [INFO] ADCParametersView:116 -                Rank 2 : true
2026-08-15 09:52:50,694 [INFO] ADCParametersView:116 -                Rank 3 : false
2026-08-15 09:52:50,694 [INFO] ADCParametersView:116 -                Rank 1 : true
2026-08-15 09:52:50,694 [INFO] ADCParametersView:116 -                Rank 2 : true
2026-08-15 09:52:50,694 [INFO] ADCParametersView:116 -                Rank 3 : false
2026-08-15 09:52:50,694 [INFO] ADCParametersView:116 -                Rank 4 : false
2026-08-15 09:52:51,754 [INFO] ADCParametersView:116 -                Rank 1 : true
2026-08-15 09:52:51,754 [INFO] ADCParametersView:116 -                Rank 2 : true
2026-08-15 09:52:51,754 [INFO] ADCParametersView:116 -                Rank 3 : true
2026-08-15 09:52:51,754 [INFO] ADCParametersView:116 -                Rank 4 : false
2026-08-15 09:52:53,361 [INFO] NvicIntPanel:101 - NVIC parent = com.st.microxplorer.plugins.ip.nvic.MultiNvicIntPanel[,0,0,0x0,invalid,layout=javax.swing.BoxLayout,alignmentX=0.0,alignmentY=0.0,border=,flags=9,maximumSize=,minimumSize=,preferredSize=]
2026-08-15 09:52:53,377 [INFO] ADCParametersView:116 -                Rank 1 : true
2026-08-15 09:52:53,377 [INFO] ADCParametersView:116 -                Rank 2 : true
2026-08-15 09:52:53,377 [INFO] ADCParametersView:116 -                Rank 3 : true
2026-08-15 09:52:53,378 [INFO] ADCParametersView:116 -                Rank 4 : false
2026-08-15 09:52:53,379 [INFO] ADCParametersView:116 -                Rank 1 : true
2026-08-15 09:52:53,379 [INFO] ADCParametersView:116 -                Rank 2 : true
2026-08-15 09:52:53,379 [INFO] ADCParametersView:116 -                Rank 3 : true
2026-08-15 09:52:53,379 [INFO] ADCParametersView:116 -                Rank 4 : false
2026-08-15 09:52:53,379 [INFO] ADCParametersView:116 -                Rank 1 : true
2026-08-15 09:52:53,379 [INFO] ADCParametersView:116 -                Rank 2 : true
2026-08-15 09:52:53,379 [INFO] ADCParametersView:116 -                Rank 3 : true
2026-08-15 09:52:53,379 [INFO] ADCParametersView:116 -                Rank 4 : false
2026-08-15 09:52:53,379 [INFO] ADCParametersView:116 -                Rank 1 : true
2026-08-15 09:52:53,379 [INFO] ADCParametersView:116 -                Rank 2 : true
2026-08-15 09:52:53,379 [INFO] ADCParametersView:116 -                Rank 3 : true
2026-08-15 09:52:53,379 [INFO] ADCParametersView:116 -                Rank 4 : false
2026-08-15 09:52:53,379 [INFO] ADCParametersView:116 -                Rank 1 : true
2026-08-15 09:52:53,379 [INFO] ADCParametersView:116 -                Rank 2 : true
2026-08-15 09:52:53,379 [INFO] ADCParametersView:116 -                Rank 3 : true
2026-08-15 09:52:53,379 [INFO] ADCParametersView:116 -                Rank 4 : false
2026-08-15 09:52:53,379 [INFO] ADCParametersView:116 -                Rank 1 : true
2026-08-15 09:52:53,379 [INFO] ADCParametersView:116 -                Rank 2 : true
2026-08-15 09:52:53,379 [INFO] ADCParametersView:116 -                Rank 3 : true
2026-08-15 09:52:53,379 [INFO] ADCParametersView:116 -                Rank 4 : false
2026-08-15 09:52:53,379 [INFO] ADCParametersView:116 -                Rank 1 : true
2026-08-15 09:52:53,379 [INFO] ADCParametersView:116 -                Rank 2 : true
2026-08-15 09:52:53,379 [INFO] ADCParametersView:116 -                Rank 3 : true
2026-08-15 09:52:53,379 [INFO] ADCParametersView:116 -                Rank 4 : false
2026-08-15 09:52:53,379 [INFO] ADCParametersView:116 -                Rank 1 : true
2026-08-15 09:52:53,379 [INFO] ADCParametersView:116 -                Rank 2 : true
2026-08-15 09:52:53,379 [INFO] ADCParametersView:116 -                Rank 3 : true
2026-08-15 09:52:53,379 [INFO] ADCParametersView:116 -                Rank 4 : false
2026-08-15 09:52:53,379 [INFO] ADCParametersView:116 -                Rank 1 : true
2026-08-15 09:52:53,379 [INFO] ADCParametersView:116 -                Rank 2 : true
2026-08-15 09:52:53,379 [INFO] ADCParametersView:116 -                Rank 3 : true
2026-08-15 09:52:53,379 [INFO] ADCParametersView:116 -                Rank 4 : false
2026-08-15 09:52:53,379 [INFO] ADCParametersView:116 -                Rank 1 : true
2026-08-15 09:52:53,379 [INFO] ADCParametersView:116 -                Rank 2 : true
2026-08-15 09:52:53,379 [INFO] ADCParametersView:116 -                Rank 3 : true
2026-08-15 09:52:53,379 [INFO] ADCParametersView:116 -                Rank 4 : false
2026-08-15 09:52:53,379 [INFO] ADCParametersView:116 -                Rank 2 : true
2026-08-15 09:52:53,379 [INFO] ADCParametersView:116 -                Rank 3 : true
2026-08-15 09:52:53,379 [INFO] ADCParametersView:116 -                Rank 4 : false
2026-08-15 09:52:53,379 [INFO] ADCParametersView:116 -                Rank 3 : true
2026-08-15 09:52:53,379 [INFO] ADCParametersView:116 -                Rank 4 : false
2026-08-15 09:52:53,379 [INFO] ADCParametersView:116 -                Rank 4 : false
2026-08-15 09:52:53,383 [INFO] ADCParametersView:116 -                Rank 1 : true
2026-08-15 09:52:53,383 [INFO] ADCParametersView:116 -                Rank 1 : true
2026-08-15 09:52:53,383 [INFO] ADCParametersView:116 -                Rank 2 : true
2026-08-15 09:52:53,383 [INFO] ADCParametersView:116 -                Rank 1 : true
2026-08-15 09:52:53,383 [INFO] ADCParametersView:116 -                Rank 2 : true
2026-08-15 09:52:53,383 [INFO] ADCParametersView:116 -                Rank 3 : true
2026-08-15 09:52:53,383 [INFO] ADCParametersView:116 -                Rank 1 : true
2026-08-15 09:52:53,383 [INFO] ADCParametersView:116 -                Rank 2 : true
2026-08-15 09:52:53,383 [INFO] ADCParametersView:116 -                Rank 3 : true
2026-08-15 09:52:53,383 [INFO] ADCParametersView:116 -                Rank 4 : false
2026-08-15 09:52:54,242 [INFO] ADCParametersView:116 -                Rank 1 : true
2026-08-15 09:52:54,242 [INFO] ADCParametersView:116 -                Rank 2 : true
2026-08-15 09:52:54,242 [INFO] ADCParametersView:116 -                Rank 3 : true
2026-08-15 09:52:54,242 [INFO] ADCParametersView:116 -                Rank 4 : true
2026-08-15 09:52:55,937 [INFO] NvicIntPanel:101 - NVIC parent = com.st.microxplorer.plugins.ip.nvic.MultiNvicIntPanel[,0,0,0x0,invalid,layout=javax.swing.BoxLayout,alignmentX=0.0,alignmentY=0.0,border=,flags=9,maximumSize=,minimumSize=,preferredSize=]
2026-08-15 09:52:55,952 [INFO] ADCParametersView:116 -                Rank 1 : true
2026-08-15 09:52:55,952 [INFO] ADCParametersView:116 -                Rank 2 : true
2026-08-15 09:52:55,952 [INFO] ADCParametersView:116 -                Rank 3 : true
2026-08-15 09:52:55,952 [INFO] ADCParametersView:116 -                Rank 4 : true
2026-08-15 09:52:55,953 [INFO] ADCParametersView:116 -                Rank 1 : true
2026-08-15 09:52:55,953 [INFO] ADCParametersView:116 -                Rank 2 : true
2026-08-15 09:52:55,953 [INFO] ADCParametersView:116 -                Rank 3 : true
2026-08-15 09:52:55,953 [INFO] ADCParametersView:116 -                Rank 4 : true
2026-08-15 09:52:55,953 [INFO] ADCParametersView:116 -                Rank 1 : true
2026-08-15 09:52:55,953 [INFO] ADCParametersView:116 -                Rank 2 : true
2026-08-15 09:52:55,953 [INFO] ADCParametersView:116 -                Rank 3 : true
2026-08-15 09:52:55,953 [INFO] ADCParametersView:116 -                Rank 4 : true
2026-08-15 09:52:55,953 [INFO] ADCParametersView:116 -                Rank 1 : true
2026-08-15 09:52:55,953 [INFO] ADCParametersView:116 -                Rank 2 : true
2026-08-15 09:52:55,953 [INFO] ADCParametersView:116 -                Rank 3 : true
2026-08-15 09:52:55,953 [INFO] ADCParametersView:116 -                Rank 4 : true
2026-08-15 09:52:55,953 [INFO] ADCParametersView:116 -                Rank 1 : true
2026-08-15 09:52:55,953 [INFO] ADCParametersView:116 -                Rank 2 : true
2026-08-15 09:52:55,953 [INFO] ADCParametersView:116 -                Rank 3 : true
2026-08-15 09:52:55,953 [INFO] ADCParametersView:116 -                Rank 4 : true
2026-08-15 09:52:55,954 [INFO] ADCParametersView:116 -                Rank 1 : true
2026-08-15 09:52:55,954 [INFO] ADCParametersView:116 -                Rank 2 : true
2026-08-15 09:52:55,954 [INFO] ADCParametersView:116 -                Rank 3 : true
2026-08-15 09:52:55,954 [INFO] ADCParametersView:116 -                Rank 4 : true
2026-08-15 09:52:55,954 [INFO] ADCParametersView:116 -                Rank 1 : true
2026-08-15 09:52:55,954 [INFO] ADCParametersView:116 -                Rank 2 : true
2026-08-15 09:52:55,954 [INFO] ADCParametersView:116 -                Rank 3 : true
2026-08-15 09:52:55,954 [INFO] ADCParametersView:116 -                Rank 4 : true
2026-08-15 09:52:55,954 [INFO] ADCParametersView:116 -                Rank 1 : true
2026-08-15 09:52:55,954 [INFO] ADCParametersView:116 -                Rank 2 : true
2026-08-15 09:52:55,954 [INFO] ADCParametersView:116 -                Rank 3 : true
2026-08-15 09:52:55,954 [INFO] ADCParametersView:116 -                Rank 4 : true
2026-08-15 09:52:55,954 [INFO] ADCParametersView:116 -                Rank 1 : true
2026-08-15 09:52:55,954 [INFO] ADCParametersView:116 -                Rank 2 : true
2026-08-15 09:52:55,954 [INFO] ADCParametersView:116 -                Rank 3 : true
2026-08-15 09:52:55,954 [INFO] ADCParametersView:116 -                Rank 4 : true
2026-08-15 09:52:55,954 [INFO] ADCParametersView:116 -                Rank 1 : true
2026-08-15 09:52:55,954 [INFO] ADCParametersView:116 -                Rank 2 : true
2026-08-15 09:52:55,954 [INFO] ADCParametersView:116 -                Rank 3 : true
2026-08-15 09:52:55,954 [INFO] ADCParametersView:116 -                Rank 4 : true
2026-08-15 09:52:55,954 [INFO] ADCParametersView:116 -                Rank 2 : true
2026-08-15 09:52:55,954 [INFO] ADCParametersView:116 -                Rank 3 : true
2026-08-15 09:52:55,954 [INFO] ADCParametersView:116 -                Rank 4 : true
2026-08-15 09:52:55,954 [INFO] ADCParametersView:116 -                Rank 3 : true
2026-08-15 09:52:55,954 [INFO] ADCParametersView:116 -                Rank 4 : true
2026-08-15 09:52:55,954 [INFO] ADCParametersView:116 -                Rank 4 : true
2026-08-15 09:52:55,958 [INFO] ADCParametersView:116 -                Rank 1 : true
2026-08-15 09:52:55,958 [INFO] ADCParametersView:116 -                Rank 1 : true
2026-08-15 09:52:55,958 [INFO] ADCParametersView:116 -                Rank 2 : true
2026-08-15 09:52:55,958 [INFO] ADCParametersView:116 -                Rank 1 : true
2026-08-15 09:52:55,958 [INFO] ADCParametersView:116 -                Rank 2 : true
2026-08-15 09:52:55,958 [INFO] ADCParametersView:116 -                Rank 3 : true
2026-08-15 09:52:55,958 [INFO] ADCParametersView:116 -                Rank 1 : true
2026-08-15 09:52:55,958 [INFO] ADCParametersView:116 -                Rank 2 : true
2026-08-15 09:52:55,958 [INFO] ADCParametersView:116 -                Rank 3 : true
2026-08-15 09:52:55,958 [INFO] ADCParametersView:116 -                Rank 4 : true
2026-08-15 09:52:57,542 [INFO] UtilMem:75 - End SaveConfig() Used Memory: 552308912 Bytes (783286272)
2026-08-15 09:52:57,580 [INFO] UtilMem:75 - End SaveConfig() Used Memory: 563231696 Bytes (783286272)
2026-08-15 09:52:57,785 [INFO] UtilMem:75 - End SaveConfig() Used Memory: 591281120 Bytes (783286272)
2026-08-15 09:52:57,859 [INFO] BlockDiagram:2775 - set Specific Code input for plugin: SPI
2026-08-15 09:52:57,859 [INFO] BlockDiagram:2775 - set Specific Code input for plugin: NVIC
2026-08-15 09:52:57,859 [INFO] BlockDiagram:2775 - set Specific Code input for plugin: USART
2026-08-15 09:52:57,859 [INFO] BlockDiagram:2775 - set Specific Code input for plugin: DMA
2026-08-15 09:52:57,859 [INFO] BlockDiagram:2775 - set Specific Code input for plugin: SYS
2026-08-15 09:52:57,860 [INFO] BlockDiagram:2775 - set Specific Code input for plugin: GPIO
2026-08-15 09:52:57,860 [INFO] BlockDiagram:2775 - set Specific Code input for plugin: ADC
2026-08-15 09:52:57,860 [INFO] BlockDiagram:2775 - set Specific Code input for plugin: RCC
2026-08-15 09:52:57,860 [INFO] BlockDiagram:2775 - set Specific Code input for plugin: I2C
2026-08-15 09:52:57,860 [INFO] CodeGenerator:882 - code generatio: config db path: /opt/st/stm32cubeide_1.18.0/plugins/com.st.stm32cube.common.mx_6.14.0.202502271554//db/
2026-08-15 09:52:57,863 [INFO] Argument:325 - Argument : hdmavalue: null
2026-08-15 09:52:57,863 [INFO] Argument:327 - 	 sub Args: 
2026-08-15 09:52:57,863 [INFO] Argument:325 - Argument : Instancevalue: DMA1_Channel1
2026-08-15 09:52:57,863 [INFO] Argument:335 - Argument : Instancevalue: DMA1_Channel1
2026-08-15 09:52:57,863 [INFO] Argument:325 - Argument : Initvalue: null
2026-08-15 09:52:57,863 [INFO] Argument:327 - 	 sub Args: 
2026-08-15 09:52:57,864 [INFO] Argument:325 - Argument : Directionvalue: DMA_PERIPH_TO_MEMORY
2026-08-15 09:52:57,864 [INFO] Argument:335 - Argument : Directionvalue: DMA_PERIPH_TO_MEMORY
2026-08-15 09:52:57,864 [INFO] Argument:325 - Argument : PeriphIncvalue: DMA_PINC_DISABLE
2026-08-15 09:52:57,864 [INFO] Argument:335 - Argument : PeriphIncvalue: DMA_PINC_DISABLE
2026-08-15 09:52:57,864 [INFO] Argument:325 - Argument : MemIncvalue: DMA_MINC_ENABLE
2026-08-15 09:52:57,864 [INFO] Argument:335 - Argument : MemIncvalue: DMA_MINC_ENABLE
2026-08-15 09:52:57,864 [INFO] Argument:325 - Argument : PeriphDataAlignmentvalue: DMA_PDATAALIGN_HALFWORD
2026-08-15 09:52:57,864 [INFO] Argument:335 - Argument : PeriphDataAlignmentvalue: DMA_PDATAALIGN_HALFWORD
2026-08-15 09:52:57,864 [INFO] Argument:325 - Argument : MemDataAlignmentvalue: DMA_MDATAALIGN_HALFWORD
2026-08-15 09:52:57,864 [INFO] Argument:335 - Argument : MemDataAlignmentvalue: DMA_MDATAALIGN_HALFWORD
2026-08-15 09:52:57,864 [INFO] Argument:325 - Argument : Modevalue: DMA_CIRCULAR
2026-08-15 09:52:57,864 [INFO] Argument:335 - Argument : Modevalue: DMA_CIRCULAR
2026-08-15 09:52:57,864 [INFO] Argument:325 - Argument : Priorityvalue: DMA_PRIORITY_LOW
2026-08-15 09:52:57,864 [INFO] Argument:335 - Argument : Priorityvalue: DMA_PRIORITY_LOW
2026-08-15 09:52:57,864 [INFO] Argument:325 - Argument : Lockvalue: null
2026-08-15 09:52:57,864 [INFO] Argument:335 - Argument : Lockvalue: null
2026-08-15 09:52:57,864 [INFO] Argument:325 - Argument : Statevalue: null
2026-08-15 09:52:57,864 [INFO] Argument:335 - Argument : Statevalue: null
2026-08-15 09:52:57,864 [INFO] Argument:325 - Argument : Parentvalue: null
2026-08-15 09:52:57,864 [INFO] Argument:335 - Argument : Parentvalue: null
2026-08-15 09:52:57,864 [INFO] Argument:325 - Argument : XferCpltCallbackvalue: null
2026-08-15 09:52:57,864 [INFO] Argument:335 - Argument : XferCpltCallbackvalue: null
2026-08-15 09:52:57,864 [INFO] Argument:325 - Argument : XferHalfCpltCallbackvalue: null
2026-08-15 09:52:57,864 [INFO] Argument:335 - Argument : XferHalfCpltCallbackvalue: null
2026-08-15 09:52:57,864 [INFO] Argument:325 - Argument : XferErrorCallbackvalue: null
2026-08-15 09:52:57,864 [INFO] Argument:335 - Argument : XferErrorCallbackvalue: null
2026-08-15 09:52:57,864 [INFO] Argument:325 - Argument : ErrorCodevalue: null
2026-08-15 09:52:57,864 [INFO] Argument:335 - Argument : ErrorCodevalue: null
2026-08-15 09:52:57,865 [WARN] IP:2250 - I2C_Coeff_DF not found: check if there is a RefParameter without a condition.
2026-08-15 09:52:57,865 [WARN] IP:2250 - Analog_Filter not found: check if there is a RefParameter without a condition.
2026-08-15 09:52:57,933 [INFO] CodeEngine:263 - oldGeneratedFile, /home/thuy/embedded/project/Quadcopter-STM32F4/STM32-RC_Transmitter/MXTmpFiles/license.tmp_save
2026-08-15 09:52:58,041 [INFO] CodeEngine:287 - Generated code: /home/thuy/embedded/project/Quadcopter-STM32F4/STM32-RC_Transmitter/MXTmpFiles/license.tmp
2026-08-15 09:52:58,062 [INFO] CodeEngine:263 - oldGeneratedFile, /home/thuy/embedded/project/Quadcopter-STM32F4/STM32-RC_Transmitter/MXTmpFiles/gpio.tmp_save
2026-08-15 09:52:58,119 [INFO] CodeEngine:287 - Generated code: /home/thuy/embedded/project/Quadcopter-STM32F4/STM32-RC_Transmitter/MXTmpFiles/gpio.tmp
2026-08-15 09:52:58,216 [INFO] CodeEngine:263 - oldGeneratedFile, /home/thuy/embedded/project/Quadcopter-STM32F4/STM32-RC_Transmitter/MXTmpFiles/dma.tmp_save
2026-08-15 09:52:58,270 [INFO] CodeEngine:287 - Generated code: /home/thuy/embedded/project/Quadcopter-STM32F4/STM32-RC_Transmitter/MXTmpFiles/dma.tmp
2026-08-15 09:52:58,271 [INFO] CodeEngine:263 - oldGeneratedFile, /home/thuy/embedded/project/Quadcopter-STM32F4/STM32-RC_Transmitter/MXTmpFiles/dma_GV.tmp_save
2026-08-15 09:52:58,319 [INFO] CodeEngine:287 - Generated code: /home/thuy/embedded/project/Quadcopter-STM32F4/STM32-RC_Transmitter/MXTmpFiles/dma_GV.tmp
2026-08-15 09:52:58,322 [INFO] CodeEngine:263 - oldGeneratedFile, /home/thuy/embedded/project/Quadcopter-STM32F4/STM32-RC_Transmitter/Core/Src/stm32f1xx_it.c_save
2026-08-15 09:52:58,379 [INFO] CodeEngine:287 - Generated code: /home/thuy/embedded/project/Quadcopter-STM32F4/STM32-RC_Transmitter/Core/Src/stm32f1xx_it.c
2026-08-15 09:52:58,380 [INFO] CodeEngine:263 - oldGeneratedFile, /home/thuy/embedded/project/Quadcopter-STM32F4/STM32-RC_Transmitter/Core/Inc/stm32f1xx_it.h_save
2026-08-15 09:52:58,420 [INFO] CodeEngine:287 - Generated code: /home/thuy/embedded/project/Quadcopter-STM32F4/STM32-RC_Transmitter/Core/Inc/stm32f1xx_it.h
2026-08-15 09:52:58,422 [INFO] CodeEngine:263 - oldGeneratedFile, /home/thuy/embedded/project/Quadcopter-STM32F4/STM32-RC_Transmitter/Core/Src/stm32f1xx_hal_msp.c_save
2026-08-15 09:52:58,487 [INFO] CodeEngine:287 - Generated code: /home/thuy/embedded/project/Quadcopter-STM32F4/STM32-RC_Transmitter/Core/Src/stm32f1xx_hal_msp.c
2026-08-15 09:52:58,489 [INFO] CodeEngine:263 - oldGeneratedFile, /home/thuy/embedded/project/Quadcopter-STM32F4/STM32-RC_Transmitter/MXTmpFiles/system.tmp_save
2026-08-15 09:52:58,527 [INFO] CodeEngine:287 - Generated code: /home/thuy/embedded/project/Quadcopter-STM32F4/STM32-RC_Transmitter/MXTmpFiles/system.tmp
2026-08-15 09:52:58,529 [INFO] CodeEngine:319 - oldGeneratedFile, /home/thuy/embedded/project/Quadcopter-STM32F4/STM32-RC_Transmitter/Core/Inc/stm32f1xx_hal_conf.h_save
2026-08-15 09:52:58,572 [INFO] CodeEngine:343 - Generated code: /home/thuy/embedded/project/Quadcopter-STM32F4/STM32-RC_Transmitter/Core/Inc/stm32f1xx_hal_conf.h
2026-08-15 09:52:58,581 [INFO] ApiDbMcu:508 - Load IP Config File for ADC1
2026-08-15 09:52:58,583 [INFO] ApiDbMcu:508 - Load IP Config File for I2C1
2026-08-15 09:52:58,584 [INFO] ApiDbMcu:508 - Load IP Config File for SPI2
2026-08-15 09:52:58,585 [INFO] ApiDbMcu:508 - Load IP Config File for USART1
2026-08-15 09:52:58,587 [INFO] ApiDbMcu:508 - Load IP Config File for RCC
2026-08-15 09:52:58,589 [INFO] CodeEngine:263 - oldGeneratedFile, /home/thuy/embedded/project/Quadcopter-STM32F4/STM32-RC_Transmitter/Core/Inc/main.h_save
2026-08-15 09:52:58,633 [INFO] CodeEngine:287 - Generated code: /home/thuy/embedded/project/Quadcopter-STM32F4/STM32-RC_Transmitter/Core/Inc/main.h
2026-08-15 09:52:58,633 [INFO] CodeEngine:263 - oldGeneratedFile, /home/thuy/embedded/project/Quadcopter-STM32F4/STM32-RC_Transmitter/Core/Src/main.c_save
2026-08-15 09:52:58,706 [INFO] CodeEngine:287 - Generated code: /home/thuy/embedded/project/Quadcopter-STM32F4/STM32-RC_Transmitter/Core/Src/main.c
2026-08-15 09:52:58,926 [INFO] ProjectBuilder:3324 - Time for Copy HAL[1] : 9mS.
2026-08-15 09:52:58,927 [INFO] ProjectBuilder:4912 - Project Generator version: 4.6.0-B36
2026-08-15 09:52:58,976 [INFO] ConfigFileManager:1590 - The Die is : DIE410
2026-08-15 09:52:58,978 [INFO] ApiDbMcu:508 - Load IP Config File for FATFS
2026-08-15 09:52:58,980 [INFO] ApiDbMcu:508 - Load IP Config File for FREERTOS
2026-08-15 09:52:58,983 [INFO] ApiDbMcu:508 - Load IP Config File for USB_DEVICE
2026-08-15 09:52:59,309 [INFO] ProjectBuilder:5191 - Time for Generating toolchain IDE Files: 382mS.
2026-08-15 09:52:59,309 [INFO] ProjectBuilder:3181 - Time for Copy CMSIS : 0mS.
2026-08-15 09:52:59,310 [INFO] ProjectBuilder:3181 - Time for Copy CMSIS : 0mS.
2026-08-15 09:53:03,274 [ERROR] LogOutputStream:75 - [STDERR_REDIRECT] Aug 15, 2026 9:53:03 AM java.util.prefs.FileSystemPreferences checkLockFile0ErrorCode
2026-08-15 09:53:03,274 [ERROR] LogOutputStream:75 - [STDERR_REDIRECT] WARNING: Could not lock System prefs. Unix error code 2.
2026-08-15 09:53:03,274 [ERROR] LogOutputStream:75 - [STDERR_REDIRECT] 
2026-08-15 09:53:03,274 [ERROR] LogOutputStream:75 - [STDERR_REDIRECT] Aug 15, 2026 9:53:03 AM java.util.prefs.FileSystemPreferences syncWorld
2026-08-15 09:53:03,274 [ERROR] LogOutputStream:75 - [STDERR_REDIRECT] WARNING: Couldn't flush system prefs: java.util.prefs.BackingStoreException: Couldn't get file lock.
2026-08-15 09:53:03,274 [ERROR] LogOutputStream:75 - [STDERR_REDIRECT] 
2026-08-15 09:53:33,274 [ERROR] LogOutputStream:75 - [STDERR_REDIRECT] Aug 15, 2026 9:53:33 AM java.util.prefs.FileSystemPreferences checkLockFile0ErrorCode
2026-08-15 09:53:33,274 [ERROR] LogOutputStream:75 - [STDERR_REDIRECT] WARNING: Could not lock System prefs. Unix error code 2.
2026-08-15 09:53:33,274 [ERROR] LogOutputStream:75 - [STDERR_REDIRECT] 
2026-08-15 09:53:33,274 [ERROR] LogOutputStream:75 - [STDERR_REDIRECT] Aug 15, 2026 9:53:33 AM java.util.prefs.FileSystemPreferences syncWorld
2026-08-15 09:53:33,274 [ERROR] LogOutputStream:75 - [STDERR_REDIRECT] WARNING: Couldn't flush system prefs: java.util.prefs.BackingStoreException: Couldn't get file lock.
2026-08-15 09:53:33,274 [ERROR] LogOutputStream:75 - [STDERR_REDIRECT] 
2026-08-15 09:53:58,168 [INFO] NvicIntPanel:101 - NVIC parent = com.st.microxplorer.plugins.ip.nvic.MultiNvicIntPanel[,0,0,0x0,invalid,layout=javax.swing.BoxLayout,alignmentX=0.0,alignmentY=0.0,border=,flags=9,maximumSize=,minimumSize=,preferredSize=]
2026-08-15 09:53:58,184 [INFO] ADCParametersView:116 -                Rank 1 : true
2026-08-15 09:53:58,185 [INFO] ADCParametersView:116 -                Rank 2 : true
2026-08-15 09:53:58,185 [INFO] ADCParametersView:116 -                Rank 3 : true
2026-08-15 09:53:58,185 [INFO] ADCParametersView:116 -                Rank 4 : true
2026-08-15 09:53:58,185 [INFO] ADCParametersView:116 -                Rank 1 : true
2026-08-15 09:53:58,185 [INFO] ADCParametersView:116 -                Rank 2 : true
2026-08-15 09:53:58,185 [INFO] ADCParametersView:116 -                Rank 3 : true
2026-08-15 09:53:58,185 [INFO] ADCParametersView:116 -                Rank 4 : true
2026-08-15 09:53:58,185 [INFO] ADCParametersView:116 -                Rank 1 : true
2026-08-15 09:53:58,186 [INFO] ADCParametersView:116 -                Rank 2 : true
2026-08-15 09:53:58,186 [INFO] ADCParametersView:116 -                Rank 3 : true
2026-08-15 09:53:58,186 [INFO] ADCParametersView:116 -                Rank 4 : true
2026-08-15 09:53:58,186 [INFO] ADCParametersView:116 -                Rank 1 : true
2026-08-15 09:53:58,186 [INFO] ADCParametersView:116 -                Rank 2 : true
2026-08-15 09:53:58,186 [INFO] ADCParametersView:116 -                Rank 3 : true
2026-08-15 09:53:58,186 [INFO] ADCParametersView:116 -                Rank 4 : true
2026-08-15 09:53:58,186 [INFO] ADCParametersView:116 -                Rank 1 : true
2026-08-15 09:53:58,186 [INFO] ADCParametersView:116 -                Rank 2 : true
2026-08-15 09:53:58,186 [INFO] ADCParametersView:116 -                Rank 3 : true
2026-08-15 09:53:58,186 [INFO] ADCParametersView:116 -                Rank 4 : true
2026-08-15 09:53:58,186 [INFO] ADCParametersView:116 -                Rank 1 : true
2026-08-15 09:53:58,186 [INFO] ADCParametersView:116 -                Rank 2 : true
2026-08-15 09:53:58,186 [INFO] ADCParametersView:116 -                Rank 3 : true
2026-08-15 09:53:58,186 [INFO] ADCParametersView:116 -                Rank 4 : true
2026-08-15 09:53:58,186 [INFO] ADCParametersView:116 -                Rank 1 : true
2026-08-15 09:53:58,186 [INFO] ADCParametersView:116 -                Rank 2 : true
2026-08-15 09:53:58,186 [INFO] ADCParametersView:116 -                Rank 3 : true
2026-08-15 09:53:58,186 [INFO] ADCParametersView:116 -                Rank 4 : true
2026-08-15 09:53:58,186 [INFO] ADCParametersView:116 -                Rank 1 : true
2026-08-15 09:53:58,186 [INFO] ADCParametersView:116 -                Rank 2 : true
2026-08-15 09:53:58,186 [INFO] ADCParametersView:116 -                Rank 3 : true
2026-08-15 09:53:58,186 [INFO] ADCParametersView:116 -                Rank 4 : true
2026-08-15 09:53:58,186 [INFO] ADCParametersView:116 -                Rank 1 : true
2026-08-15 09:53:58,186 [INFO] ADCParametersView:116 -                Rank 2 : true
2026-08-15 09:53:58,186 [INFO] ADCParametersView:116 -                Rank 3 : true
2026-08-15 09:53:58,186 [INFO] ADCParametersView:116 -                Rank 4 : true
2026-08-15 09:53:58,186 [INFO] ADCParametersView:116 -                Rank 1 : true
2026-08-15 09:53:58,186 [INFO] ADCParametersView:116 -                Rank 2 : true
2026-08-15 09:53:58,186 [INFO] ADCParametersView:116 -                Rank 3 : true
2026-08-15 09:53:58,186 [INFO] ADCParametersView:116 -                Rank 4 : true
2026-08-15 09:53:58,186 [INFO] ADCParametersView:116 -                Rank 2 : true
2026-08-15 09:53:58,186 [INFO] ADCParametersView:116 -                Rank 3 : true
2026-08-15 09:53:58,186 [INFO] ADCParametersView:116 -                Rank 4 : true
2026-08-15 09:53:58,186 [INFO] ADCParametersView:116 -                Rank 3 : true
2026-08-15 09:53:58,186 [INFO] ADCParametersView:116 -                Rank 4 : true
2026-08-15 09:53:58,186 [INFO] ADCParametersView:116 -                Rank 4 : true
2026-08-15 09:53:58,189 [INFO] ADCParametersView:116 -                Rank 1 : true
2026-08-15 09:53:58,190 [INFO] ADCParametersView:116 -                Rank 1 : true
2026-08-15 09:53:58,190 [INFO] ADCParametersView:116 -                Rank 2 : true
2026-08-15 09:53:58,190 [INFO] ADCParametersView:116 -                Rank 1 : true
2026-08-15 09:53:58,190 [INFO] ADCParametersView:116 -                Rank 2 : true
2026-08-15 09:53:58,190 [INFO] ADCParametersView:116 -                Rank 3 : true
2026-08-15 09:53:58,190 [INFO] ADCParametersView:116 -                Rank 1 : true
2026-08-15 09:53:58,190 [INFO] ADCParametersView:116 -                Rank 2 : true
2026-08-15 09:53:58,190 [INFO] ADCParametersView:116 -                Rank 3 : true
2026-08-15 09:53:58,190 [INFO] ADCParametersView:116 -                Rank 4 : true
2026-08-15 09:54:00,521 [INFO] NvicIntPanel:101 - NVIC parent = com.st.microxplorer.plugins.ip.nvic.MultiNvicIntPanel[,0,0,0x0,invalid,layout=javax.swing.BoxLayout,alignmentX=0.0,alignmentY=0.0,border=,flags=9,maximumSize=,minimumSize=,preferredSize=]
2026-08-15 09:54:00,539 [INFO] ADCParametersView:116 -                Rank 1 : true
2026-08-15 09:54:00,539 [INFO] ADCParametersView:116 -                Rank 2 : true
2026-08-15 09:54:00,539 [INFO] ADCParametersView:116 -                Rank 3 : true
2026-08-15 09:54:00,539 [INFO] ADCParametersView:116 -                Rank 4 : true
2026-08-15 09:54:00,540 [INFO] ADCParametersView:116 -                Rank 1 : true
2026-08-15 09:54:00,540 [INFO] ADCParametersView:116 -                Rank 2 : true
2026-08-15 09:54:00,540 [INFO] ADCParametersView:116 -                Rank 3 : true
2026-08-15 09:54:00,540 [INFO] ADCParametersView:116 -                Rank 4 : true
2026-08-15 09:54:00,540 [INFO] ADCParametersView:116 -                Rank 1 : true
2026-08-15 09:54:00,540 [INFO] ADCParametersView:116 -                Rank 2 : true
2026-08-15 09:54:00,540 [INFO] ADCParametersView:116 -                Rank 3 : true
2026-08-15 09:54:00,540 [INFO] ADCParametersView:116 -                Rank 4 : true
2026-08-15 09:54:00,541 [INFO] ADCParametersView:116 -                Rank 1 : true
2026-08-15 09:54:00,541 [INFO] ADCParametersView:116 -                Rank 2 : true
2026-08-15 09:54:00,541 [INFO] ADCParametersView:116 -                Rank 3 : true
2026-08-15 09:54:00,541 [INFO] ADCParametersView:116 -                Rank 4 : true
2026-08-15 09:54:00,541 [INFO] ADCParametersView:116 -                Rank 1 : true
2026-08-15 09:54:00,541 [INFO] ADCParametersView:116 -                Rank 2 : true
2026-08-15 09:54:00,541 [INFO] ADCParametersView:116 -                Rank 3 : true
2026-08-15 09:54:00,541 [INFO] ADCParametersView:116 -                Rank 4 : true
2026-08-15 09:54:00,541 [INFO] ADCParametersView:116 -                Rank 1 : true
2026-08-15 09:54:00,541 [INFO] ADCParametersView:116 -                Rank 2 : true
2026-08-15 09:54:00,541 [INFO] ADCParametersView:116 -                Rank 3 : true
2026-08-15 09:54:00,541 [INFO] ADCParametersView:116 -                Rank 4 : true
2026-08-15 09:54:00,541 [INFO] ADCParametersView:116 -                Rank 1 : true
2026-08-15 09:54:00,541 [INFO] ADCParametersView:116 -                Rank 2 : true
2026-08-15 09:54:00,541 [INFO] ADCParametersView:116 -                Rank 3 : true
2026-08-15 09:54:00,541 [INFO] ADCParametersView:116 -                Rank 4 : true
2026-08-15 09:54:00,541 [INFO] ADCParametersView:116 -                Rank 1 : true
2026-08-15 09:54:00,541 [INFO] ADCParametersView:116 -                Rank 2 : true
2026-08-15 09:54:00,541 [INFO] ADCParametersView:116 -                Rank 3 : true
2026-08-15 09:54:00,541 [INFO] ADCParametersView:116 -                Rank 4 : true
2026-08-15 09:54:00,541 [INFO] ADCParametersView:116 -                Rank 1 : true
2026-08-15 09:54:00,541 [INFO] ADCParametersView:116 -                Rank 2 : true
2026-08-15 09:54:00,541 [INFO] ADCParametersView:116 -                Rank 3 : true
2026-08-15 09:54:00,541 [INFO] ADCParametersView:116 -                Rank 4 : true
2026-08-15 09:54:00,541 [INFO] ADCParametersView:116 -                Rank 1 : true
2026-08-15 09:54:00,541 [INFO] ADCParametersView:116 -                Rank 2 : true
2026-08-15 09:54:00,541 [INFO] ADCParametersView:116 -                Rank 3 : true
2026-08-15 09:54:00,541 [INFO] ADCParametersView:116 -                Rank 4 : true
2026-08-15 09:54:00,541 [INFO] ADCParametersView:116 -                Rank 2 : true
2026-08-15 09:54:00,541 [INFO] ADCParametersView:116 -                Rank 3 : true
2026-08-15 09:54:00,541 [INFO] ADCParametersView:116 -                Rank 4 : true
2026-08-15 09:54:00,541 [INFO] ADCParametersView:116 -                Rank 3 : true
2026-08-15 09:54:00,541 [INFO] ADCParametersView:116 -                Rank 4 : true
2026-08-15 09:54:00,541 [INFO] ADCParametersView:116 -                Rank 4 : true
2026-08-15 09:54:00,544 [INFO] ADCParametersView:116 -                Rank 1 : true
2026-08-15 09:54:00,544 [INFO] ADCParametersView:116 -                Rank 1 : true
2026-08-15 09:54:00,544 [INFO] ADCParametersView:116 -                Rank 2 : true
2026-08-15 09:54:00,544 [INFO] ADCParametersView:116 -                Rank 1 : true
2026-08-15 09:54:00,544 [INFO] ADCParametersView:116 -                Rank 2 : true
2026-08-15 09:54:00,544 [INFO] ADCParametersView:116 -                Rank 3 : true
2026-08-15 09:54:00,545 [INFO] ADCParametersView:116 -                Rank 1 : true
2026-08-15 09:54:00,545 [INFO] ADCParametersView:116 -                Rank 2 : true
2026-08-15 09:54:00,545 [INFO] ADCParametersView:116 -                Rank 3 : true
2026-08-15 09:54:00,545 [INFO] ADCParametersView:116 -                Rank 4 : true
2026-08-15 09:54:03,274 [ERROR] LogOutputStream:75 - [STDERR_REDIRECT] Aug 15, 2026 9:54:03 AM java.util.prefs.FileSystemPreferences checkLockFile0ErrorCode
2026-08-15 09:54:03,274 [ERROR] LogOutputStream:75 - [STDERR_REDIRECT] WARNING: Could not lock System prefs. Unix error code 2.
2026-08-15 09:54:03,274 [ERROR] LogOutputStream:75 - [STDERR_REDIRECT] 
2026-08-15 09:54:03,274 [ERROR] LogOutputStream:75 - [STDERR_REDIRECT] Aug 15, 2026 9:54:03 AM java.util.prefs.FileSystemPreferences syncWorld
2026-08-15 09:54:03,274 [ERROR] LogOutputStream:75 - [STDERR_REDIRECT] WARNING: Couldn't flush system prefs: java.util.prefs.BackingStoreException: Couldn't get file lock.
2026-08-15 09:54:03,279 [ERROR] LogOutputStream:75 - [STDERR_REDIRECT] 
2026-08-15 09:54:04,004 [INFO] NvicIntPanel:101 - NVIC parent = com.st.microxplorer.plugins.ip.nvic.MultiNvicIntPanel[,0,0,0x0,invalid,layout=javax.swing.BoxLayout,alignmentX=0.0,alignmentY=0.0,border=,flags=9,maximumSize=,minimumSize=,preferredSize=]
2026-08-15 09:54:04,019 [INFO] ADCParametersView:116 -                Rank 1 : true
2026-08-15 09:54:04,019 [INFO] ADCParametersView:116 -                Rank 2 : true
2026-08-15 09:54:04,019 [INFO] ADCParametersView:116 -                Rank 3 : true
2026-08-15 09:54:04,019 [INFO] ADCParametersView:116 -                Rank 4 : true
2026-08-15 09:54:04,020 [INFO] ADCParametersView:116 -                Rank 1 : true
2026-08-15 09:54:04,020 [INFO] ADCParametersView:116 -                Rank 2 : true
2026-08-15 09:54:04,020 [INFO] ADCParametersView:116 -                Rank 3 : true
2026-08-15 09:54:04,020 [INFO] ADCParametersView:116 -                Rank 4 : true
2026-08-15 09:54:04,020 [INFO] ADCParametersView:116 -                Rank 1 : true
2026-08-15 09:54:04,020 [INFO] ADCParametersView:116 -                Rank 2 : true
2026-08-15 09:54:04,020 [INFO] ADCParametersView:116 -                Rank 3 : true
2026-08-15 09:54:04,020 [INFO] ADCParametersView:116 -                Rank 4 : true
2026-08-15 09:54:04,021 [INFO] ADCParametersView:116 -                Rank 1 : true
2026-08-15 09:54:04,021 [INFO] ADCParametersView:116 -                Rank 2 : true
2026-08-15 09:54:04,021 [INFO] ADCParametersView:116 -                Rank 3 : true
2026-08-15 09:54:04,021 [INFO] ADCParametersView:116 -                Rank 4 : true
2026-08-15 09:54:04,021 [INFO] ADCParametersView:116 -                Rank 1 : true
2026-08-15 09:54:04,021 [INFO] ADCParametersView:116 -                Rank 2 : true
2026-08-15 09:54:04,021 [INFO] ADCParametersView:116 -                Rank 3 : true
2026-08-15 09:54:04,021 [INFO] ADCParametersView:116 -                Rank 4 : true
2026-08-15 09:54:04,021 [INFO] ADCParametersView:116 -                Rank 1 : true
2026-08-15 09:54:04,021 [INFO] ADCParametersView:116 -                Rank 2 : true
2026-08-15 09:54:04,021 [INFO] ADCParametersView:116 -                Rank 3 : true
2026-08-15 09:54:04,021 [INFO] ADCParametersView:116 -                Rank 4 : true
2026-08-15 09:54:04,021 [INFO] ADCParametersView:116 -                Rank 1 : true
2026-08-15 09:54:04,021 [INFO] ADCParametersView:116 -                Rank 2 : true
2026-08-15 09:54:04,021 [INFO] ADCParametersView:116 -                Rank 3 : true
2026-08-15 09:54:04,021 [INFO] ADCParametersView:116 -                Rank 4 : true
2026-08-15 09:54:04,021 [INFO] ADCParametersView:116 -                Rank 1 : true
2026-08-15 09:54:04,021 [INFO] ADCParametersView:116 -                Rank 2 : true
2026-08-15 09:54:04,021 [INFO] ADCParametersView:116 -                Rank 3 : true
2026-08-15 09:54:04,021 [INFO] ADCParametersView:116 -                Rank 4 : true
2026-08-15 09:54:04,021 [INFO] ADCParametersView:116 -                Rank 1 : true
2026-08-15 09:54:04,021 [INFO] ADCParametersView:116 -                Rank 2 : true
2026-08-15 09:54:04,021 [INFO] ADCParametersView:116 -                Rank 3 : true
2026-08-15 09:54:04,021 [INFO] ADCParametersView:116 -                Rank 4 : true
2026-08-15 09:54:04,021 [INFO] ADCParametersView:116 -                Rank 1 : true
2026-08-15 09:54:04,021 [INFO] ADCParametersView:116 -                Rank 2 : true
2026-08-15 09:54:04,021 [INFO] ADCParametersView:116 -                Rank 3 : true
2026-08-15 09:54:04,021 [INFO] ADCParametersView:116 -                Rank 4 : true
2026-08-15 09:54:04,021 [INFO] ADCParametersView:116 -                Rank 2 : true
2026-08-15 09:54:04,021 [INFO] ADCParametersView:116 -                Rank 3 : true
2026-08-15 09:54:04,021 [INFO] ADCParametersView:116 -                Rank 4 : true
2026-08-15 09:54:04,021 [INFO] ADCParametersView:116 -                Rank 3 : true
2026-08-15 09:54:04,021 [INFO] ADCParametersView:116 -                Rank 4 : true
2026-08-15 09:54:04,021 [INFO] ADCParametersView:116 -                Rank 4 : true
2026-08-15 09:54:04,024 [INFO] ADCParametersView:116 -                Rank 1 : true
2026-08-15 09:54:04,025 [INFO] ADCParametersView:116 -                Rank 1 : true
2026-08-15 09:54:04,025 [INFO] ADCParametersView:116 -                Rank 2 : true
2026-08-15 09:54:04,025 [INFO] ADCParametersView:116 -                Rank 1 : true
2026-08-15 09:54:04,025 [INFO] ADCParametersView:116 -                Rank 2 : true
2026-08-15 09:54:04,025 [INFO] ADCParametersView:116 -                Rank 3 : true
2026-08-15 09:54:04,025 [INFO] ADCParametersView:116 -                Rank 1 : true
2026-08-15 09:54:04,025 [INFO] ADCParametersView:116 -                Rank 2 : true
2026-08-15 09:54:04,025 [INFO] ADCParametersView:116 -                Rank 3 : true
2026-08-15 09:54:04,025 [INFO] ADCParametersView:116 -                Rank 4 : true
2026-08-15 09:54:05,882 [INFO] NvicIntPanel:101 - NVIC parent = com.st.microxplorer.plugins.ip.nvic.MultiNvicIntPanel[,0,0,0x0,invalid,layout=javax.swing.BoxLayout,alignmentX=0.0,alignmentY=0.0,border=,flags=9,maximumSize=,minimumSize=,preferredSize=]
2026-08-15 09:54:05,897 [INFO] ADCParametersView:116 -                Rank 1 : true
2026-08-15 09:54:05,897 [INFO] ADCParametersView:116 -                Rank 2 : true
2026-08-15 09:54:05,897 [INFO] ADCParametersView:116 -                Rank 3 : true
2026-08-15 09:54:05,897 [INFO] ADCParametersView:116 -                Rank 4 : true
2026-08-15 09:54:05,898 [INFO] ADCParametersView:116 -                Rank 1 : true
2026-08-15 09:54:05,898 [INFO] ADCParametersView:116 -                Rank 2 : true
2026-08-15 09:54:05,898 [INFO] ADCParametersView:116 -                Rank 3 : true
2026-08-15 09:54:05,898 [INFO] ADCParametersView:116 -                Rank 4 : true
2026-08-15 09:54:05,898 [INFO] ADCParametersView:116 -                Rank 1 : true
2026-08-15 09:54:05,898 [INFO] ADCParametersView:116 -                Rank 2 : true
2026-08-15 09:54:05,898 [INFO] ADCParametersView:116 -                Rank 3 : true
2026-08-15 09:54:05,898 [INFO] ADCParametersView:116 -                Rank 4 : true
2026-08-15 09:54:05,898 [INFO] ADCParametersView:116 -                Rank 1 : true
2026-08-15 09:54:05,898 [INFO] ADCParametersView:116 -                Rank 2 : true
2026-08-15 09:54:05,898 [INFO] ADCParametersView:116 -                Rank 3 : true
2026-08-15 09:54:05,898 [INFO] ADCParametersView:116 -                Rank 4 : true
2026-08-15 09:54:05,898 [INFO] ADCParametersView:116 -                Rank 1 : true
2026-08-15 09:54:05,898 [INFO] ADCParametersView:116 -                Rank 2 : true
2026-08-15 09:54:05,898 [INFO] ADCParametersView:116 -                Rank 3 : true
2026-08-15 09:54:05,898 [INFO] ADCParametersView:116 -                Rank 4 : true
2026-08-15 09:54:05,898 [INFO] ADCParametersView:116 -                Rank 1 : true
2026-08-15 09:54:05,898 [INFO] ADCParametersView:116 -                Rank 2 : true
2026-08-15 09:54:05,898 [INFO] ADCParametersView:116 -                Rank 3 : true
2026-08-15 09:54:05,898 [INFO] ADCParametersView:116 -                Rank 4 : true
2026-08-15 09:54:05,898 [INFO] ADCParametersView:116 -                Rank 1 : true
2026-08-15 09:54:05,898 [INFO] ADCParametersView:116 -                Rank 2 : true
2026-08-15 09:54:05,898 [INFO] ADCParametersView:116 -                Rank 3 : true
2026-08-15 09:54:05,898 [INFO] ADCParametersView:116 -                Rank 4 : true
2026-08-15 09:54:05,898 [INFO] ADCParametersView:116 -                Rank 1 : true
2026-08-15 09:54:05,898 [INFO] ADCParametersView:116 -                Rank 2 : true
2026-08-15 09:54:05,898 [INFO] ADCParametersView:116 -                Rank 3 : true
2026-08-15 09:54:05,898 [INFO] ADCParametersView:116 -                Rank 4 : true
2026-08-15 09:54:05,898 [INFO] ADCParametersView:116 -                Rank 1 : true
2026-08-15 09:54:05,898 [INFO] ADCParametersView:116 -                Rank 2 : true
2026-08-15 09:54:05,898 [INFO] ADCParametersView:116 -                Rank 3 : true
2026-08-15 09:54:05,898 [INFO] ADCParametersView:116 -                Rank 4 : true
2026-08-15 09:54:05,898 [INFO] ADCParametersView:116 -                Rank 1 : true
2026-08-15 09:54:05,898 [INFO] ADCParametersView:116 -                Rank 2 : true
2026-08-15 09:54:05,898 [INFO] ADCParametersView:116 -                Rank 3 : true
2026-08-15 09:54:05,898 [INFO] ADCParametersView:116 -                Rank 4 : true
2026-08-15 09:54:05,898 [INFO] ADCParametersView:116 -                Rank 2 : true
2026-08-15 09:54:05,898 [INFO] ADCParametersView:116 -                Rank 3 : true
2026-08-15 09:54:05,898 [INFO] ADCParametersView:116 -                Rank 4 : true
2026-08-15 09:54:05,898 [INFO] ADCParametersView:116 -                Rank 3 : true
2026-08-15 09:54:05,898 [INFO] ADCParametersView:116 -                Rank 4 : true
2026-08-15 09:54:05,898 [INFO] ADCParametersView:116 -                Rank 4 : true
2026-08-15 09:54:05,902 [INFO] ADCParametersView:116 -                Rank 1 : true
2026-08-15 09:54:05,902 [INFO] ADCParametersView:116 -                Rank 1 : true
2026-08-15 09:54:05,902 [INFO] ADCParametersView:116 -                Rank 2 : true
2026-08-15 09:54:05,902 [INFO] ADCParametersView:116 -                Rank 1 : true
2026-08-15 09:54:05,902 [INFO] ADCParametersView:116 -                Rank 2 : true
2026-08-15 09:54:05,902 [INFO] ADCParametersView:116 -                Rank 3 : true
2026-08-15 09:54:05,902 [INFO] ADCParametersView:116 -                Rank 1 : true
2026-08-15 09:54:05,902 [INFO] ADCParametersView:116 -                Rank 2 : true
2026-08-15 09:54:05,902 [INFO] ADCParametersView:116 -                Rank 3 : true
2026-08-15 09:54:05,902 [INFO] ADCParametersView:116 -                Rank 4 : true
2026-08-15 09:54:08,231 [INFO] UtilMem:75 - End SaveConfig() Used Memory: 630997200 Bytes (783286272)
2026-08-15 09:54:08,267 [INFO] UtilMem:75 - End SaveConfig() Used Memory: 642531536 Bytes (783286272)
2026-08-15 09:54:08,487 [INFO] UtilMem:75 - End SaveConfig() Used Memory: 674248928 Bytes (783286272)
2026-08-15 09:54:08,551 [INFO] BlockDiagram:2775 - set Specific Code input for plugin: SPI
2026-08-15 09:54:08,551 [INFO] BlockDiagram:2775 - set Specific Code input for plugin: NVIC
2026-08-15 09:54:08,551 [INFO] BlockDiagram:2775 - set Specific Code input for plugin: USART
2026-08-15 09:54:08,551 [INFO] BlockDiagram:2775 - set Specific Code input for plugin: DMA
2026-08-15 09:54:08,551 [INFO] BlockDiagram:2775 - set Specific Code input for plugin: SYS
2026-08-15 09:54:08,551 [INFO] BlockDiagram:2775 - set Specific Code input for plugin: GPIO
2026-08-15 09:54:08,551 [INFO] BlockDiagram:2775 - set Specific Code input for plugin: ADC
2026-08-15 09:54:08,551 [INFO] BlockDiagram:2775 - set Specific Code input for plugin: RCC
2026-08-15 09:54:08,551 [INFO] BlockDiagram:2775 - set Specific Code input for plugin: I2C
2026-08-15 09:54:08,551 [INFO] CodeGenerator:882 - code generatio: config db path: /opt/st/stm32cubeide_1.18.0/plugins/com.st.stm32cube.common.mx_6.14.0.202502271554//db/
2026-08-15 09:54:08,553 [INFO] Argument:325 - Argument : hdmavalue: null
2026-08-15 09:54:08,553 [INFO] Argument:327 - 	 sub Args: 
2026-08-15 09:54:08,553 [INFO] Argument:325 - Argument : Instancevalue: DMA1_Channel1
2026-08-15 09:54:08,553 [INFO] Argument:335 - Argument : Instancevalue: DMA1_Channel1
2026-08-15 09:54:08,553 [INFO] Argument:325 - Argument : Initvalue: null
2026-08-15 09:54:08,553 [INFO] Argument:327 - 	 sub Args: 
2026-08-15 09:54:08,553 [INFO] Argument:325 - Argument : Directionvalue: DMA_PERIPH_TO_MEMORY
2026-08-15 09:54:08,553 [INFO] Argument:335 - Argument : Directionvalue: DMA_PERIPH_TO_MEMORY
2026-08-15 09:54:08,553 [INFO] Argument:325 - Argument : PeriphIncvalue: DMA_PINC_DISABLE
2026-08-15 09:54:08,553 [INFO] Argument:335 - Argument : PeriphIncvalue: DMA_PINC_DISABLE
2026-08-15 09:54:08,553 [INFO] Argument:325 - Argument : MemIncvalue: DMA_MINC_ENABLE
2026-08-15 09:54:08,553 [INFO] Argument:335 - Argument : MemIncvalue: DMA_MINC_ENABLE
2026-08-15 09:54:08,553 [INFO] Argument:325 - Argument : PeriphDataAlignmentvalue: DMA_PDATAALIGN_HALFWORD
2026-08-15 09:54:08,553 [INFO] Argument:335 - Argument : PeriphDataAlignmentvalue: DMA_PDATAALIGN_HALFWORD
2026-08-15 09:54:08,553 [INFO] Argument:325 - Argument : MemDataAlignmentvalue: DMA_MDATAALIGN_HALFWORD
2026-08-15 09:54:08,553 [INFO] Argument:335 - Argument : MemDataAlignmentvalue: DMA_MDATAALIGN_HALFWORD
2026-08-15 09:54:08,553 [INFO] Argument:325 - Argument : Modevalue: DMA_CIRCULAR
2026-08-15 09:54:08,553 [INFO] Argument:335 - Argument : Modevalue: DMA_CIRCULAR
2026-08-15 09:54:08,553 [INFO] Argument:325 - Argument : Priorityvalue: DMA_PRIORITY_LOW
2026-08-15 09:54:08,553 [INFO] Argument:335 - Argument : Priorityvalue: DMA_PRIORITY_LOW
2026-08-15 09:54:08,553 [INFO] Argument:325 - Argument : Lockvalue: null
2026-08-15 09:54:08,553 [INFO] Argument:335 - Argument : Lockvalue: null
2026-08-15 09:54:08,553 [INFO] Argument:325 - Argument : Statevalue: null
2026-08-15 09:54:08,553 [INFO] Argument:335 - Argument : Statevalue: null
2026-08-15 09:54:08,553 [INFO] Argument:325 - Argument : Parentvalue: null
2026-08-15 09:54:08,553 [INFO] Argument:335 - Argument : Parentvalue: null
2026-08-15 09:54:08,553 [INFO] Argument:325 - Argument : XferCpltCallbackvalue: null
2026-08-15 09:54:08,553 [INFO] Argument:335 - Argument : XferCpltCallbackvalue: null
2026-08-15 09:54:08,553 [INFO] Argument:325 - Argument : XferHalfCpltCallbackvalue: null
2026-08-15 09:54:08,553 [INFO] Argument:335 - Argument : XferHalfCpltCallbackvalue: null
2026-08-15 09:54:08,553 [INFO] Argument:325 - Argument : XferErrorCallbackvalue: null
2026-08-15 09:54:08,553 [INFO] Argument:335 - Argument : XferErrorCallbackvalue: null
2026-08-15 09:54:08,553 [INFO] Argument:325 - Argument : ErrorCodevalue: null
2026-08-15 09:54:08,554 [INFO] Argument:335 - Argument : ErrorCodevalue: null
2026-08-15 09:54:08,554 [WARN] IP:2250 - I2C_Coeff_DF not found: check if there is a RefParameter without a condition.
2026-08-15 09:54:08,554 [WARN] IP:2250 - Analog_Filter not found: check if there is a RefParameter without a condition.
2026-08-15 09:54:08,595 [INFO] CodeEngine:263 - oldGeneratedFile, /home/thuy/embedded/project/Quadcopter-STM32F4/STM32-RC_Transmitter/MXTmpFiles/license.tmp_save
2026-08-15 09:54:08,633 [INFO] CodeEngine:287 - Generated code: /home/thuy/embedded/project/Quadcopter-STM32F4/STM32-RC_Transmitter/MXTmpFiles/license.tmp
2026-08-15 09:54:08,644 [INFO] CodeEngine:263 - oldGeneratedFile, /home/thuy/embedded/project/Quadcopter-STM32F4/STM32-RC_Transmitter/MXTmpFiles/gpio.tmp_save
2026-08-15 09:54:08,689 [INFO] CodeEngine:287 - Generated code: /home/thuy/embedded/project/Quadcopter-STM32F4/STM32-RC_Transmitter/MXTmpFiles/gpio.tmp
2026-08-15 09:54:08,774 [INFO] CodeEngine:263 - oldGeneratedFile, /home/thuy/embedded/project/Quadcopter-STM32F4/STM32-RC_Transmitter/MXTmpFiles/dma.tmp_save
2026-08-15 09:54:08,822 [INFO] CodeEngine:287 - Generated code: /home/thuy/embedded/project/Quadcopter-STM32F4/STM32-RC_Transmitter/MXTmpFiles/dma.tmp
2026-08-15 09:54:08,822 [INFO] CodeEngine:263 - oldGeneratedFile, /home/thuy/embedded/project/Quadcopter-STM32F4/STM32-RC_Transmitter/MXTmpFiles/dma_GV.tmp_save
2026-08-15 09:54:08,858 [INFO] CodeEngine:287 - Generated code: /home/thuy/embedded/project/Quadcopter-STM32F4/STM32-RC_Transmitter/MXTmpFiles/dma_GV.tmp
2026-08-15 09:54:08,861 [INFO] CodeEngine:263 - oldGeneratedFile, /home/thuy/embedded/project/Quadcopter-STM32F4/STM32-RC_Transmitter/Core/Src/stm32f1xx_it.c_save
2026-08-15 09:54:08,909 [INFO] CodeEngine:287 - Generated code: /home/thuy/embedded/project/Quadcopter-STM32F4/STM32-RC_Transmitter/Core/Src/stm32f1xx_it.c
2026-08-15 09:54:08,910 [INFO] CodeEngine:263 - oldGeneratedFile, /home/thuy/embedded/project/Quadcopter-STM32F4/STM32-RC_Transmitter/Core/Inc/stm32f1xx_it.h_save
2026-08-15 09:54:08,947 [INFO] CodeEngine:287 - Generated code: /home/thuy/embedded/project/Quadcopter-STM32F4/STM32-RC_Transmitter/Core/Inc/stm32f1xx_it.h
2026-08-15 09:54:08,949 [INFO] CodeEngine:263 - oldGeneratedFile, /home/thuy/embedded/project/Quadcopter-STM32F4/STM32-RC_Transmitter/Core/Src/stm32f1xx_hal_msp.c_save
2026-08-15 09:54:09,007 [INFO] CodeEngine:287 - Generated code: /home/thuy/embedded/project/Quadcopter-STM32F4/STM32-RC_Transmitter/Core/Src/stm32f1xx_hal_msp.c
2026-08-15 09:54:09,008 [INFO] CodeEngine:263 - oldGeneratedFile, /home/thuy/embedded/project/Quadcopter-STM32F4/STM32-RC_Transmitter/MXTmpFiles/system.tmp_save
2026-08-15 09:54:09,045 [INFO] CodeEngine:287 - Generated code: /home/thuy/embedded/project/Quadcopter-STM32F4/STM32-RC_Transmitter/MXTmpFiles/system.tmp
2026-08-15 09:54:09,046 [INFO] CodeEngine:319 - oldGeneratedFile, /home/thuy/embedded/project/Quadcopter-STM32F4/STM32-RC_Transmitter/Core/Inc/stm32f1xx_hal_conf.h_save
2026-08-15 09:54:09,088 [INFO] CodeEngine:343 - Generated code: /home/thuy/embedded/project/Quadcopter-STM32F4/STM32-RC_Transmitter/Core/Inc/stm32f1xx_hal_conf.h
2026-08-15 09:54:09,096 [INFO] CodeEngine:263 - oldGeneratedFile, /home/thuy/embedded/project/Quadcopter-STM32F4/STM32-RC_Transmitter/Core/Inc/main.h_save
2026-08-15 09:54:09,139 [INFO] CodeEngine:287 - Generated code: /home/thuy/embedded/project/Quadcopter-STM32F4/STM32-RC_Transmitter/Core/Inc/main.h
2026-08-15 09:54:09,140 [INFO] CodeEngine:263 - oldGeneratedFile, /home/thuy/embedded/project/Quadcopter-STM32F4/STM32-RC_Transmitter/Core/Src/main.c_save
2026-08-15 09:54:09,205 [INFO] CodeEngine:287 - Generated code: /home/thuy/embedded/project/Quadcopter-STM32F4/STM32-RC_Transmitter/Core/Src/main.c
2026-08-15 09:54:09,319 [INFO] ProjectBuilder:3324 - Time for Copy HAL[1] : 8mS.
2026-08-15 09:54:09,320 [INFO] ProjectBuilder:4912 - Project Generator version: 4.6.0-B36
2026-08-15 09:54:09,371 [INFO] ConfigFileManager:1590 - The Die is : DIE410
2026-08-15 09:54:09,678 [INFO] ProjectBuilder:5191 - Time for Generating toolchain IDE Files: 358mS.
2026-08-15 09:54:09,678 [INFO] ProjectBuilder:3181 - Time for Copy CMSIS : 0mS.
2026-08-15 09:54:09,679 [INFO] ProjectBuilder:3181 - Time for Copy CMSIS : 0mS.
2026-08-15 09:54:33,275 [ERROR] LogOutputStream:75 - [STDERR_REDIRECT] Aug 15, 2026 9:54:33 AM java.util.prefs.FileSystemPreferences checkLockFile0ErrorCode
2026-08-15 09:54:33,275 [ERROR] LogOutputStream:75 - [STDERR_REDIRECT] WARNING: Could not lock System prefs. Unix error code 2.
2026-08-15 09:54:33,275 [ERROR] LogOutputStream:75 - [STDERR_REDIRECT] 
2026-08-15 09:54:33,276 [ERROR] LogOutputStream:75 - [STDERR_REDIRECT] Aug 15, 2026 9:54:33 AM java.util.prefs.FileSystemPreferences syncWorld
2026-08-15 09:54:33,276 [ERROR] LogOutputStream:75 - [STDERR_REDIRECT] WARNING: Couldn't flush system prefs: java.util.prefs.BackingStoreException: Couldn't get file lock.
2026-08-15 09:54:33,276 [ERROR] LogOutputStream:75 - [STDERR_REDIRECT] 
2026-08-15 09:55:03,273 [ERROR] LogOutputStream:75 - [STDERR_REDIRECT] Aug 15, 2026 9:55:03 AM java.util.prefs.FileSystemPreferences checkLockFile0ErrorCode
2026-08-15 09:55:03,273 [ERROR] LogOutputStream:75 - [STDERR_REDIRECT] WARNING: Could not lock System prefs. Unix error code 2.
2026-08-15 09:55:03,273 [ERROR] LogOutputStream:75 - [STDERR_REDIRECT] 
2026-08-15 09:55:03,273 [ERROR] LogOutputStream:75 - [STDERR_REDIRECT] Aug 15, 2026 9:55:03 AM java.util.prefs.FileSystemPreferences syncWorld
2026-08-15 09:55:03,273 [ERROR] LogOutputStream:75 - [STDERR_REDIRECT] WARNING: Couldn't flush system prefs: java.util.prefs.BackingStoreException: Couldn't get file lock.
2026-08-15 09:55:03,273 [ERROR] LogOutputStream:75 - [STDERR_REDIRECT] 
2026-08-15 09:55:33,274 [ERROR] LogOutputStream:75 - [STDERR_REDIRECT] Aug 15, 2026 9:55:33 AM java.util.prefs.FileSystemPreferences checkLockFile0ErrorCode
2026-08-15 09:55:33,274 [ERROR] LogOutputStream:75 - [STDERR_REDIRECT] WARNING: Could not lock System prefs. Unix error code 2.
2026-08-15 09:55:33,274 [ERROR] LogOutputStream:75 - [STDERR_REDIRECT] 
2026-08-15 09:55:33,274 [ERROR] LogOutputStream:75 - [STDERR_REDIRECT] Aug 15, 2026 9:55:33 AM java.util.prefs.FileSystemPreferences syncWorld
2026-08-15 09:55:33,274 [ERROR] LogOutputStream:75 - [STDERR_REDIRECT] WARNING: Couldn't flush system prefs: java.util.prefs.BackingStoreException: Couldn't get file lock.
2026-08-15 09:55:33,274 [ERROR] LogOutputStream:75 - [STDERR_REDIRECT] 
2026-08-15 09:55:39,579 [INFO] NvicIntPanel:101 - NVIC parent = com.st.microxplorer.plugins.ip.nvic.MultiNvicIntPanel[,0,0,0x0,invalid,layout=javax.swing.BoxLayout,alignmentX=0.0,alignmentY=0.0,border=,flags=9,maximumSize=,minimumSize=,preferredSize=]
2026-08-15 09:55:39,596 [INFO] ADCParametersView:116 -                Rank 1 : true
2026-08-15 09:55:39,596 [INFO] ADCParametersView:116 -                Rank 2 : true
2026-08-15 09:55:39,596 [INFO] ADCParametersView:116 -                Rank 3 : true
2026-08-15 09:55:39,596 [INFO] ADCParametersView:116 -                Rank 4 : true
2026-08-15 09:55:39,597 [INFO] ADCParametersView:116 -                Rank 1 : true
2026-08-15 09:55:39,597 [INFO] ADCParametersView:116 -                Rank 2 : true
2026-08-15 09:55:39,597 [INFO] ADCParametersView:116 -                Rank 3 : true
2026-08-15 09:55:39,597 [INFO] ADCParametersView:116 -                Rank 4 : true
2026-08-15 09:55:39,597 [INFO] ADCParametersView:116 -                Rank 1 : true
2026-08-15 09:55:39,597 [INFO] ADCParametersView:116 -                Rank 2 : true
2026-08-15 09:55:39,597 [INFO] ADCParametersView:116 -                Rank 3 : true
2026-08-15 09:55:39,597 [INFO] ADCParametersView:116 -                Rank 4 : true
2026-08-15 09:55:39,597 [INFO] ADCParametersView:116 -                Rank 1 : true
2026-08-15 09:55:39,597 [INFO] ADCParametersView:116 -                Rank 2 : true
2026-08-15 09:55:39,597 [INFO] ADCParametersView:116 -                Rank 3 : true
2026-08-15 09:55:39,597 [INFO] ADCParametersView:116 -                Rank 4 : true
2026-08-15 09:55:39,597 [INFO] ADCParametersView:116 -                Rank 1 : true
2026-08-15 09:55:39,597 [INFO] ADCParametersView:116 -                Rank 2 : true
2026-08-15 09:55:39,597 [INFO] ADCParametersView:116 -                Rank 3 : true
2026-08-15 09:55:39,597 [INFO] ADCParametersView:116 -                Rank 4 : true
2026-08-15 09:55:39,597 [INFO] ADCParametersView:116 -                Rank 1 : true
2026-08-15 09:55:39,597 [INFO] ADCParametersView:116 -                Rank 2 : true
2026-08-15 09:55:39,597 [INFO] ADCParametersView:116 -                Rank 3 : true
2026-08-15 09:55:39,597 [INFO] ADCParametersView:116 -                Rank 4 : true
2026-08-15 09:55:39,597 [INFO] ADCParametersView:116 -                Rank 1 : true
2026-08-15 09:55:39,597 [INFO] ADCParametersView:116 -                Rank 2 : true
2026-08-15 09:55:39,597 [INFO] ADCParametersView:116 -                Rank 3 : true
2026-08-15 09:55:39,597 [INFO] ADCParametersView:116 -                Rank 4 : true
2026-08-15 09:55:39,598 [INFO] ADCParametersView:116 -                Rank 1 : true
2026-08-15 09:55:39,598 [INFO] ADCParametersView:116 -                Rank 2 : true
2026-08-15 09:55:39,598 [INFO] ADCParametersView:116 -                Rank 3 : true
2026-08-15 09:55:39,598 [INFO] ADCParametersView:116 -                Rank 4 : true
2026-08-15 09:55:39,598 [INFO] ADCParametersView:116 -                Rank 1 : true
2026-08-15 09:55:39,598 [INFO] ADCParametersView:116 -                Rank 2 : true
2026-08-15 09:55:39,598 [INFO] ADCParametersView:116 -                Rank 3 : true
2026-08-15 09:55:39,598 [INFO] ADCParametersView:116 -                Rank 4 : true
2026-08-15 09:55:39,598 [INFO] ADCParametersView:116 -                Rank 1 : true
2026-08-15 09:55:39,598 [INFO] ADCParametersView:116 -                Rank 2 : true
2026-08-15 09:55:39,598 [INFO] ADCParametersView:116 -                Rank 3 : true
2026-08-15 09:55:39,598 [INFO] ADCParametersView:116 -                Rank 4 : true
2026-08-15 09:55:39,598 [INFO] ADCParametersView:116 -                Rank 2 : true
2026-08-15 09:55:39,598 [INFO] ADCParametersView:116 -                Rank 3 : true
2026-08-15 09:55:39,598 [INFO] ADCParametersView:116 -                Rank 4 : true
2026-08-15 09:55:39,598 [INFO] ADCParametersView:116 -                Rank 3 : true
2026-08-15 09:55:39,598 [INFO] ADCParametersView:116 -                Rank 4 : true
2026-08-15 09:55:39,598 [INFO] ADCParametersView:116 -                Rank 4 : true
2026-08-15 09:55:39,602 [INFO] ADCParametersView:116 -                Rank 1 : true
2026-08-15 09:55:39,602 [INFO] ADCParametersView:116 -                Rank 1 : true
2026-08-15 09:55:39,602 [INFO] ADCParametersView:116 -                Rank 2 : true
2026-08-15 09:55:39,602 [INFO] ADCParametersView:116 -                Rank 1 : true
2026-08-15 09:55:39,602 [INFO] ADCParametersView:116 -                Rank 2 : true
2026-08-15 09:55:39,602 [INFO] ADCParametersView:116 -                Rank 3 : true
2026-08-15 09:55:39,602 [INFO] ADCParametersView:116 -                Rank 1 : true
2026-08-15 09:55:39,602 [INFO] ADCParametersView:116 -                Rank 2 : true
2026-08-15 09:55:39,602 [INFO] ADCParametersView:116 -                Rank 3 : true
2026-08-15 09:55:39,602 [INFO] ADCParametersView:116 -                Rank 4 : true
2026-08-15 09:55:41,381 [INFO] NvicIntPanel:101 - NVIC parent = com.st.microxplorer.plugins.ip.nvic.MultiNvicIntPanel[,0,0,0x0,invalid,layout=javax.swing.BoxLayout,alignmentX=0.0,alignmentY=0.0,border=,flags=9,maximumSize=,minimumSize=,preferredSize=]
2026-08-15 09:55:41,396 [INFO] ADCParametersView:116 -                Rank 1 : true
2026-08-15 09:55:41,396 [INFO] ADCParametersView:116 -                Rank 2 : true
2026-08-15 09:55:41,396 [INFO] ADCParametersView:116 -                Rank 3 : true
2026-08-15 09:55:41,396 [INFO] ADCParametersView:116 -                Rank 4 : true
2026-08-15 09:55:41,397 [INFO] ADCParametersView:116 -                Rank 1 : true
2026-08-15 09:55:41,397 [INFO] ADCParametersView:116 -                Rank 2 : true
2026-08-15 09:55:41,397 [INFO] ADCParametersView:116 -                Rank 3 : true
2026-08-15 09:55:41,397 [INFO] ADCParametersView:116 -                Rank 4 : true
2026-08-15 09:55:41,397 [INFO] ADCParametersView:116 -                Rank 1 : true
2026-08-15 09:55:41,397 [INFO] ADCParametersView:116 -                Rank 2 : true
2026-08-15 09:55:41,397 [INFO] ADCParametersView:116 -                Rank 3 : true
2026-08-15 09:55:41,397 [INFO] ADCParametersView:116 -                Rank 4 : true
2026-08-15 09:55:41,397 [INFO] ADCParametersView:116 -                Rank 1 : true
2026-08-15 09:55:41,397 [INFO] ADCParametersView:116 -                Rank 2 : true
2026-08-15 09:55:41,397 [INFO] ADCParametersView:116 -                Rank 3 : true
2026-08-15 09:55:41,397 [INFO] ADCParametersView:116 -                Rank 4 : true
2026-08-15 09:55:41,397 [INFO] ADCParametersView:116 -                Rank 1 : true
2026-08-15 09:55:41,397 [INFO] ADCParametersView:116 -                Rank 2 : true
2026-08-15 09:55:41,397 [INFO] ADCParametersView:116 -                Rank 3 : true
2026-08-15 09:55:41,397 [INFO] ADCParametersView:116 -                Rank 4 : true
2026-08-15 09:55:41,397 [INFO] ADCParametersView:116 -                Rank 1 : true
2026-08-15 09:55:41,397 [INFO] ADCParametersView:116 -                Rank 2 : true
2026-08-15 09:55:41,397 [INFO] ADCParametersView:116 -                Rank 3 : true
2026-08-15 09:55:41,397 [INFO] ADCParametersView:116 -                Rank 4 : true
2026-08-15 09:55:41,397 [INFO] ADCParametersView:116 -                Rank 1 : true
2026-08-15 09:55:41,397 [INFO] ADCParametersView:116 -                Rank 2 : true
2026-08-15 09:55:41,397 [INFO] ADCParametersView:116 -                Rank 3 : true
2026-08-15 09:55:41,397 [INFO] ADCParametersView:116 -                Rank 4 : true
2026-08-15 09:55:41,397 [INFO] ADCParametersView:116 -                Rank 1 : true
2026-08-15 09:55:41,397 [INFO] ADCParametersView:116 -                Rank 2 : true
2026-08-15 09:55:41,397 [INFO] ADCParametersView:116 -                Rank 3 : true
2026-08-15 09:55:41,397 [INFO] ADCParametersView:116 -                Rank 4 : true
2026-08-15 09:55:41,397 [INFO] ADCParametersView:116 -                Rank 1 : true
2026-08-15 09:55:41,397 [INFO] ADCParametersView:116 -                Rank 2 : true
2026-08-15 09:55:41,398 [INFO] ADCParametersView:116 -                Rank 3 : true
2026-08-15 09:55:41,398 [INFO] ADCParametersView:116 -                Rank 4 : true
2026-08-15 09:55:41,398 [INFO] ADCParametersView:116 -                Rank 1 : true
2026-08-15 09:55:41,398 [INFO] ADCParametersView:116 -                Rank 2 : true
2026-08-15 09:55:41,398 [INFO] ADCParametersView:116 -                Rank 3 : true
2026-08-15 09:55:41,398 [INFO] ADCParametersView:116 -                Rank 4 : true
2026-08-15 09:55:41,398 [INFO] ADCParametersView:116 -                Rank 2 : true
2026-08-15 09:55:41,398 [INFO] ADCParametersView:116 -                Rank 3 : true
2026-08-15 09:55:41,398 [INFO] ADCParametersView:116 -                Rank 4 : true
2026-08-15 09:55:41,398 [INFO] ADCParametersView:116 -                Rank 3 : true
2026-08-15 09:55:41,398 [INFO] ADCParametersView:116 -                Rank 4 : true
2026-08-15 09:55:41,398 [INFO] ADCParametersView:116 -                Rank 4 : true
2026-08-15 09:55:41,401 [INFO] ADCParametersView:116 -                Rank 1 : true
2026-08-15 09:55:41,401 [INFO] ADCParametersView:116 -                Rank 1 : true
2026-08-15 09:55:41,401 [INFO] ADCParametersView:116 -                Rank 2 : true
2026-08-15 09:55:41,401 [INFO] ADCParametersView:116 -                Rank 1 : true
2026-08-15 09:55:41,401 [INFO] ADCParametersView:116 -                Rank 2 : true
2026-08-15 09:55:41,401 [INFO] ADCParametersView:116 -                Rank 3 : true
2026-08-15 09:55:41,401 [INFO] ADCParametersView:116 -                Rank 1 : true
2026-08-15 09:55:41,401 [INFO] ADCParametersView:116 -                Rank 2 : true
2026-08-15 09:55:41,401 [INFO] ADCParametersView:116 -                Rank 3 : true
2026-08-15 09:55:41,401 [INFO] ADCParametersView:116 -                Rank 4 : true
2026-08-15 09:55:45,525 [INFO] NvicIntPanel:101 - NVIC parent = com.st.microxplorer.plugins.ip.nvic.MultiNvicIntPanel[,0,0,0x0,invalid,layout=javax.swing.BoxLayout,alignmentX=0.0,alignmentY=0.0,border=,flags=9,maximumSize=,minimumSize=,preferredSize=]
2026-08-15 09:55:45,541 [INFO] ADCParametersView:116 -                Rank 1 : true
2026-08-15 09:55:45,541 [INFO] ADCParametersView:116 -                Rank 2 : true
2026-08-15 09:55:45,541 [INFO] ADCParametersView:116 -                Rank 3 : true
2026-08-15 09:55:45,541 [INFO] ADCParametersView:116 -                Rank 4 : true
2026-08-15 09:55:45,542 [INFO] ADCParametersView:116 -                Rank 1 : true
2026-08-15 09:55:45,542 [INFO] ADCParametersView:116 -                Rank 2 : true
2026-08-15 09:55:45,542 [INFO] ADCParametersView:116 -                Rank 3 : true
2026-08-15 09:55:45,542 [INFO] ADCParametersView:116 -                Rank 4 : true
2026-08-15 09:55:45,542 [INFO] ADCParametersView:116 -                Rank 1 : true
2026-08-15 09:55:45,542 [INFO] ADCParametersView:116 -                Rank 2 : true
2026-08-15 09:55:45,542 [INFO] ADCParametersView:116 -                Rank 3 : true
2026-08-15 09:55:45,542 [INFO] ADCParametersView:116 -                Rank 4 : true
2026-08-15 09:55:45,542 [INFO] ADCParametersView:116 -                Rank 1 : true
2026-08-15 09:55:45,542 [INFO] ADCParametersView:116 -                Rank 2 : true
2026-08-15 09:55:45,542 [INFO] ADCParametersView:116 -                Rank 3 : true
2026-08-15 09:55:45,542 [INFO] ADCParametersView:116 -                Rank 4 : true
2026-08-15 09:55:45,542 [INFO] ADCParametersView:116 -                Rank 1 : true
2026-08-15 09:55:45,542 [INFO] ADCParametersView:116 -                Rank 2 : true
2026-08-15 09:55:45,542 [INFO] ADCParametersView:116 -                Rank 3 : true
2026-08-15 09:55:45,542 [INFO] ADCParametersView:116 -                Rank 4 : true
2026-08-15 09:55:45,542 [INFO] ADCParametersView:116 -                Rank 1 : true
2026-08-15 09:55:45,542 [INFO] ADCParametersView:116 -                Rank 2 : true
2026-08-15 09:55:45,542 [INFO] ADCParametersView:116 -                Rank 3 : true
2026-08-15 09:55:45,543 [INFO] ADCParametersView:116 -                Rank 4 : true
2026-08-15 09:55:45,543 [INFO] ADCParametersView:116 -                Rank 1 : true
2026-08-15 09:55:45,543 [INFO] ADCParametersView:116 -                Rank 2 : true
2026-08-15 09:55:45,543 [INFO] ADCParametersView:116 -                Rank 3 : true
2026-08-15 09:55:45,543 [INFO] ADCParametersView:116 -                Rank 4 : true
2026-08-15 09:55:45,543 [INFO] ADCParametersView:116 -                Rank 1 : true
2026-08-15 09:55:45,543 [INFO] ADCParametersView:116 -                Rank 2 : true
2026-08-15 09:55:45,543 [INFO] ADCParametersView:116 -                Rank 3 : true
2026-08-15 09:55:45,543 [INFO] ADCParametersView:116 -                Rank 4 : true
2026-08-15 09:55:45,543 [INFO] ADCParametersView:116 -                Rank 1 : true
2026-08-15 09:55:45,543 [INFO] ADCParametersView:116 -                Rank 2 : true
2026-08-15 09:55:45,543 [INFO] ADCParametersView:116 -                Rank 3 : true
2026-08-15 09:55:45,543 [INFO] ADCParametersView:116 -                Rank 4 : true
2026-08-15 09:55:45,543 [INFO] ADCParametersView:116 -                Rank 1 : true
2026-08-15 09:55:45,543 [INFO] ADCParametersView:116 -                Rank 2 : true
2026-08-15 09:55:45,543 [INFO] ADCParametersView:116 -                Rank 3 : true
2026-08-15 09:55:45,543 [INFO] ADCParametersView:116 -                Rank 4 : true
2026-08-15 09:55:45,543 [INFO] ADCParametersView:116 -                Rank 2 : true
2026-08-15 09:55:45,543 [INFO] ADCParametersView:116 -                Rank 3 : true
2026-08-15 09:55:45,543 [INFO] ADCParametersView:116 -                Rank 4 : true
2026-08-15 09:55:45,543 [INFO] ADCParametersView:116 -                Rank 3 : true
2026-08-15 09:55:45,543 [INFO] ADCParametersView:116 -                Rank 4 : true
2026-08-15 09:55:45,543 [INFO] ADCParametersView:116 -                Rank 4 : true
2026-08-15 09:55:45,547 [INFO] ADCParametersView:116 -                Rank 1 : true
2026-08-15 09:55:45,547 [INFO] ADCParametersView:116 -                Rank 1 : true
2026-08-15 09:55:45,547 [INFO] ADCParametersView:116 -                Rank 2 : true
2026-08-15 09:55:45,547 [INFO] ADCParametersView:116 -                Rank 1 : true
2026-08-15 09:55:45,547 [INFO] ADCParametersView:116 -                Rank 2 : true
2026-08-15 09:55:45,547 [INFO] ADCParametersView:116 -                Rank 3 : true
2026-08-15 09:55:45,547 [INFO] ADCParametersView:116 -                Rank 1 : true
2026-08-15 09:55:45,547 [INFO] ADCParametersView:116 -                Rank 2 : true
2026-08-15 09:55:45,547 [INFO] ADCParametersView:116 -                Rank 3 : true
2026-08-15 09:55:45,547 [INFO] ADCParametersView:116 -                Rank 4 : true
2026-08-15 09:55:47,258 [INFO] NvicIntPanel:101 - NVIC parent = com.st.microxplorer.plugins.ip.nvic.MultiNvicIntPanel[,0,0,0x0,invalid,layout=javax.swing.BoxLayout,alignmentX=0.0,alignmentY=0.0,border=,flags=9,maximumSize=,minimumSize=,preferredSize=]
2026-08-15 09:55:47,274 [INFO] ADCParametersView:116 -                Rank 1 : true
2026-08-15 09:55:47,274 [INFO] ADCParametersView:116 -                Rank 2 : true
2026-08-15 09:55:47,274 [INFO] ADCParametersView:116 -                Rank 3 : true
2026-08-15 09:55:47,274 [INFO] ADCParametersView:116 -                Rank 4 : true
2026-08-15 09:55:47,274 [INFO] ADCParametersView:116 -                Rank 1 : true
2026-08-15 09:55:47,274 [INFO] ADCParametersView:116 -                Rank 2 : true
2026-08-15 09:55:47,274 [INFO] ADCParametersView:116 -                Rank 3 : true
2026-08-15 09:55:47,274 [INFO] ADCParametersView:116 -                Rank 4 : true
2026-08-15 09:55:47,274 [INFO] ADCParametersView:116 -                Rank 1 : true
2026-08-15 09:55:47,275 [INFO] ADCParametersView:116 -                Rank 2 : true
2026-08-15 09:55:47,275 [INFO] ADCParametersView:116 -                Rank 3 : true
2026-08-15 09:55:47,275 [INFO] ADCParametersView:116 -                Rank 4 : true
2026-08-15 09:55:47,275 [INFO] ADCParametersView:116 -                Rank 1 : true
2026-08-15 09:55:47,275 [INFO] ADCParametersView:116 -                Rank 2 : true
2026-08-15 09:55:47,275 [INFO] ADCParametersView:116 -                Rank 3 : true
2026-08-15 09:55:47,275 [INFO] ADCParametersView:116 -                Rank 4 : true
2026-08-15 09:55:47,275 [INFO] ADCParametersView:116 -                Rank 1 : true
2026-08-15 09:55:47,275 [INFO] ADCParametersView:116 -                Rank 2 : true
2026-08-15 09:55:47,275 [INFO] ADCParametersView:116 -                Rank 3 : true
2026-08-15 09:55:47,275 [INFO] ADCParametersView:116 -                Rank 4 : true
2026-08-15 09:55:47,275 [INFO] ADCParametersView:116 -                Rank 1 : true
2026-08-15 09:55:47,275 [INFO] ADCParametersView:116 -                Rank 2 : true
2026-08-15 09:55:47,275 [INFO] ADCParametersView:116 -                Rank 3 : true
2026-08-15 09:55:47,275 [INFO] ADCParametersView:116 -                Rank 4 : true
2026-08-15 09:55:47,275 [INFO] ADCParametersView:116 -                Rank 1 : true
2026-08-15 09:55:47,275 [INFO] ADCParametersView:116 -                Rank 2 : true
2026-08-15 09:55:47,275 [INFO] ADCParametersView:116 -                Rank 3 : true
2026-08-15 09:55:47,275 [INFO] ADCParametersView:116 -                Rank 4 : true
2026-08-15 09:55:47,275 [INFO] ADCParametersView:116 -                Rank 1 : true
2026-08-15 09:55:47,275 [INFO] ADCParametersView:116 -                Rank 2 : true
2026-08-15 09:55:47,275 [INFO] ADCParametersView:116 -                Rank 3 : true
2026-08-15 09:55:47,275 [INFO] ADCParametersView:116 -                Rank 4 : true
2026-08-15 09:55:47,275 [INFO] ADCParametersView:116 -                Rank 1 : true
2026-08-15 09:55:47,275 [INFO] ADCParametersView:116 -                Rank 2 : true
2026-08-15 09:55:47,275 [INFO] ADCParametersView:116 -                Rank 3 : true
2026-08-15 09:55:47,275 [INFO] ADCParametersView:116 -                Rank 4 : true
2026-08-15 09:55:47,275 [INFO] ADCParametersView:116 -                Rank 1 : true
2026-08-15 09:55:47,275 [INFO] ADCParametersView:116 -                Rank 2 : true
2026-08-15 09:55:47,275 [INFO] ADCParametersView:116 -                Rank 3 : true
2026-08-15 09:55:47,275 [INFO] ADCParametersView:116 -                Rank 4 : true
2026-08-15 09:55:47,275 [INFO] ADCParametersView:116 -                Rank 2 : true
2026-08-15 09:55:47,275 [INFO] ADCParametersView:116 -                Rank 3 : true
2026-08-15 09:55:47,275 [INFO] ADCParametersView:116 -                Rank 4 : true
2026-08-15 09:55:47,275 [INFO] ADCParametersView:116 -                Rank 3 : true
2026-08-15 09:55:47,275 [INFO] ADCParametersView:116 -                Rank 4 : true
2026-08-15 09:55:47,275 [INFO] ADCParametersView:116 -                Rank 4 : true
2026-08-15 09:55:47,278 [INFO] ADCParametersView:116 -                Rank 1 : true
2026-08-15 09:55:47,278 [INFO] ADCParametersView:116 -                Rank 1 : true
2026-08-15 09:55:47,278 [INFO] ADCParametersView:116 -                Rank 2 : true
2026-08-15 09:55:47,278 [INFO] ADCParametersView:116 -                Rank 1 : true
2026-08-15 09:55:47,278 [INFO] ADCParametersView:116 -                Rank 2 : true
2026-08-15 09:55:47,278 [INFO] ADCParametersView:116 -                Rank 3 : true
2026-08-15 09:55:47,278 [INFO] ADCParametersView:116 -                Rank 1 : true
2026-08-15 09:55:47,278 [INFO] ADCParametersView:116 -                Rank 2 : true
2026-08-15 09:55:47,278 [INFO] ADCParametersView:116 -                Rank 3 : true
2026-08-15 09:55:47,278 [INFO] ADCParametersView:116 -                Rank 4 : true
2026-08-15 09:55:51,937 [INFO] UtilMem:75 - End SaveConfig() Used Memory: 382323600 Bytes (788529152)
2026-08-15 09:55:51,979 [INFO] UtilMem:75 - End SaveConfig() Used Memory: 394090544 Bytes (788529152)
2026-08-15 09:55:52,190 [INFO] UtilMem:75 - End SaveConfig() Used Memory: 422402096 Bytes (788529152)
2026-08-15 09:55:52,260 [INFO] BlockDiagram:2775 - set Specific Code input for plugin: SPI
2026-08-15 09:55:52,260 [INFO] BlockDiagram:2775 - set Specific Code input for plugin: NVIC
2026-08-15 09:55:52,260 [INFO] BlockDiagram:2775 - set Specific Code input for plugin: USART
2026-08-15 09:55:52,260 [INFO] BlockDiagram:2775 - set Specific Code input for plugin: DMA
2026-08-15 09:55:52,260 [INFO] BlockDiagram:2775 - set Specific Code input for plugin: SYS
2026-08-15 09:55:52,261 [INFO] BlockDiagram:2775 - set Specific Code input for plugin: GPIO
2026-08-15 09:55:52,261 [INFO] BlockDiagram:2775 - set Specific Code input for plugin: ADC
2026-08-15 09:55:52,261 [INFO] BlockDiagram:2775 - set Specific Code input for plugin: RCC
2026-08-15 09:55:52,261 [INFO] BlockDiagram:2775 - set Specific Code input for plugin: I2C
2026-08-15 09:55:52,261 [INFO] CodeGenerator:882 - code generatio: config db path: /opt/st/stm32cubeide_1.18.0/plugins/com.st.stm32cube.common.mx_6.14.0.202502271554//db/
2026-08-15 09:55:52,264 [INFO] Argument:325 - Argument : hdmavalue: null
2026-08-15 09:55:52,264 [INFO] Argument:327 - 	 sub Args: 
2026-08-15 09:55:52,264 [INFO] Argument:325 - Argument : Instancevalue: DMA1_Channel1
2026-08-15 09:55:52,264 [INFO] Argument:335 - Argument : Instancevalue: DMA1_Channel1
2026-08-15 09:55:52,264 [INFO] Argument:325 - Argument : Initvalue: null
2026-08-15 09:55:52,264 [INFO] Argument:327 - 	 sub Args: 
2026-08-15 09:55:52,264 [INFO] Argument:325 - Argument : Directionvalue: DMA_PERIPH_TO_MEMORY
2026-08-15 09:55:52,264 [INFO] Argument:335 - Argument : Directionvalue: DMA_PERIPH_TO_MEMORY
2026-08-15 09:55:52,264 [INFO] Argument:325 - Argument : PeriphIncvalue: DMA_PINC_DISABLE
2026-08-15 09:55:52,264 [INFO] Argument:335 - Argument : PeriphIncvalue: DMA_PINC_DISABLE
2026-08-15 09:55:52,264 [INFO] Argument:325 - Argument : MemIncvalue: DMA_MINC_ENABLE
2026-08-15 09:55:52,264 [INFO] Argument:335 - Argument : MemIncvalue: DMA_MINC_ENABLE
2026-08-15 09:55:52,264 [INFO] Argument:325 - Argument : PeriphDataAlignmentvalue: DMA_PDATAALIGN_HALFWORD
2026-08-15 09:55:52,264 [INFO] Argument:335 - Argument : PeriphDataAlignmentvalue: DMA_PDATAALIGN_HALFWORD
2026-08-15 09:55:52,264 [INFO] Argument:325 - Argument : MemDataAlignmentvalue: DMA_MDATAALIGN_HALFWORD
2026-08-15 09:55:52,264 [INFO] Argument:335 - Argument : MemDataAlignmentvalue: DMA_MDATAALIGN_HALFWORD
2026-08-15 09:55:52,264 [INFO] Argument:325 - Argument : Modevalue: DMA_CIRCULAR
2026-08-15 09:55:52,264 [INFO] Argument:335 - Argument : Modevalue: DMA_CIRCULAR
2026-08-15 09:55:52,264 [INFO] Argument:325 - Argument : Priorityvalue: DMA_PRIORITY_LOW
2026-08-15 09:55:52,264 [INFO] Argument:335 - Argument : Priorityvalue: DMA_PRIORITY_LOW
2026-08-15 09:55:52,264 [INFO] Argument:325 - Argument : Lockvalue: null
2026-08-15 09:55:52,264 [INFO] Argument:335 - Argument : Lockvalue: null
2026-08-15 09:55:52,264 [INFO] Argument:325 - Argument : Statevalue: null
2026-08-15 09:55:52,264 [INFO] Argument:335 - Argument : Statevalue: null
2026-08-15 09:55:52,264 [INFO] Argument:325 - Argument : Parentvalue: null
2026-08-15 09:55:52,264 [INFO] Argument:335 - Argument : Parentvalue: null
2026-08-15 09:55:52,264 [INFO] Argument:325 - Argument : XferCpltCallbackvalue: null
2026-08-15 09:55:52,264 [INFO] Argument:335 - Argument : XferCpltCallbackvalue: null
2026-08-15 09:55:52,264 [INFO] Argument:325 - Argument : XferHalfCpltCallbackvalue: null
2026-08-15 09:55:52,264 [INFO] Argument:335 - Argument : XferHalfCpltCallbackvalue: null
2026-08-15 09:55:52,264 [INFO] Argument:325 - Argument : XferErrorCallbackvalue: null
2026-08-15 09:55:52,264 [INFO] Argument:335 - Argument : XferErrorCallbackvalue: null
2026-08-15 09:55:52,264 [INFO] Argument:325 - Argument : ErrorCodevalue: null
2026-08-15 09:55:52,264 [INFO] Argument:335 - Argument : ErrorCodevalue: null
2026-08-15 09:55:52,265 [WARN] IP:2250 - I2C_Coeff_DF not found: check if there is a RefParameter without a condition.
2026-08-15 09:55:52,265 [WARN] IP:2250 - Analog_Filter not found: check if there is a RefParameter without a condition.
2026-08-15 09:55:52,324 [INFO] CodeEngine:263 - oldGeneratedFile, /home/thuy/embedded/project/Quadcopter-STM32F4/STM32-RC_Transmitter/MXTmpFiles/license.tmp_save
2026-08-15 09:55:52,374 [INFO] CodeEngine:287 - Generated code: /home/thuy/embedded/project/Quadcopter-STM32F4/STM32-RC_Transmitter/MXTmpFiles/license.tmp
2026-08-15 09:55:52,384 [INFO] CodeEngine:263 - oldGeneratedFile, /home/thuy/embedded/project/Quadcopter-STM32F4/STM32-RC_Transmitter/MXTmpFiles/gpio.tmp_save
2026-08-15 09:55:52,427 [INFO] CodeEngine:287 - Generated code: /home/thuy/embedded/project/Quadcopter-STM32F4/STM32-RC_Transmitter/MXTmpFiles/gpio.tmp
2026-08-15 09:55:52,498 [INFO] CodeEngine:263 - oldGeneratedFile, /home/thuy/embedded/project/Quadcopter-STM32F4/STM32-RC_Transmitter/MXTmpFiles/dma.tmp_save
2026-08-15 09:55:52,535 [INFO] CodeEngine:287 - Generated code: /home/thuy/embedded/project/Quadcopter-STM32F4/STM32-RC_Transmitter/MXTmpFiles/dma.tmp
2026-08-15 09:55:52,535 [INFO] CodeEngine:263 - oldGeneratedFile, /home/thuy/embedded/project/Quadcopter-STM32F4/STM32-RC_Transmitter/MXTmpFiles/dma_GV.tmp_save
2026-08-15 09:55:52,571 [INFO] CodeEngine:287 - Generated code: /home/thuy/embedded/project/Quadcopter-STM32F4/STM32-RC_Transmitter/MXTmpFiles/dma_GV.tmp
2026-08-15 09:55:52,573 [INFO] CodeEngine:263 - oldGeneratedFile, /home/thuy/embedded/project/Quadcopter-STM32F4/STM32-RC_Transmitter/Core/Src/stm32f1xx_it.c_save
2026-08-15 09:55:52,619 [INFO] CodeEngine:287 - Generated code: /home/thuy/embedded/project/Quadcopter-STM32F4/STM32-RC_Transmitter/Core/Src/stm32f1xx_it.c
2026-08-15 09:55:52,619 [INFO] CodeEngine:263 - oldGeneratedFile, /home/thuy/embedded/project/Quadcopter-STM32F4/STM32-RC_Transmitter/Core/Inc/stm32f1xx_it.h_save
2026-08-15 09:55:52,657 [INFO] CodeEngine:287 - Generated code: /home/thuy/embedded/project/Quadcopter-STM32F4/STM32-RC_Transmitter/Core/Inc/stm32f1xx_it.h
2026-08-15 09:55:52,659 [INFO] CodeEngine:263 - oldGeneratedFile, /home/thuy/embedded/project/Quadcopter-STM32F4/STM32-RC_Transmitter/Core/Src/stm32f1xx_hal_msp.c_save
2026-08-15 09:55:52,715 [INFO] CodeEngine:287 - Generated code: /home/thuy/embedded/project/Quadcopter-STM32F4/STM32-RC_Transmitter/Core/Src/stm32f1xx_hal_msp.c
2026-08-15 09:55:52,716 [INFO] CodeEngine:263 - oldGeneratedFile, /home/thuy/embedded/project/Quadcopter-STM32F4/STM32-RC_Transmitter/MXTmpFiles/system.tmp_save
2026-08-15 09:55:52,752 [INFO] CodeEngine:287 - Generated code: /home/thuy/embedded/project/Quadcopter-STM32F4/STM32-RC_Transmitter/MXTmpFiles/system.tmp
2026-08-15 09:55:52,753 [INFO] CodeEngine:319 - oldGeneratedFile, /home/thuy/embedded/project/Quadcopter-STM32F4/STM32-RC_Transmitter/Core/Inc/stm32f1xx_hal_conf.h_save
2026-08-15 09:55:52,794 [INFO] CodeEngine:343 - Generated code: /home/thuy/embedded/project/Quadcopter-STM32F4/STM32-RC_Transmitter/Core/Inc/stm32f1xx_hal_conf.h
2026-08-15 09:55:52,802 [INFO] CodeEngine:263 - oldGeneratedFile, /home/thuy/embedded/project/Quadcopter-STM32F4/STM32-RC_Transmitter/Core/Inc/main.h_save
2026-08-15 09:55:52,841 [INFO] CodeEngine:287 - Generated code: /home/thuy/embedded/project/Quadcopter-STM32F4/STM32-RC_Transmitter/Core/Inc/main.h
2026-08-15 09:55:52,841 [INFO] CodeEngine:263 - oldGeneratedFile, /home/thuy/embedded/project/Quadcopter-STM32F4/STM32-RC_Transmitter/Core/Src/main.c_save
2026-08-15 09:55:52,905 [INFO] CodeEngine:287 - Generated code: /home/thuy/embedded/project/Quadcopter-STM32F4/STM32-RC_Transmitter/Core/Src/main.c
2026-08-15 09:55:53,015 [INFO] ProjectBuilder:3324 - Time for Copy HAL[1] : 8mS.
2026-08-15 09:55:53,016 [INFO] ProjectBuilder:4912 - Project Generator version: 4.6.0-B36
2026-08-15 09:55:53,067 [INFO] ConfigFileManager:1590 - The Die is : DIE410
2026-08-15 09:55:53,361 [INFO] ProjectBuilder:5191 - Time for Generating toolchain IDE Files: 346mS.
2026-08-15 09:55:53,361 [INFO] ProjectBuilder:3181 - Time for Copy CMSIS : 0mS.
2026-08-15 09:55:53,362 [INFO] ProjectBuilder:3181 - Time for Copy CMSIS : 0mS.
2026-08-15 09:56:03,274 [ERROR] LogOutputStream:75 - [STDERR_REDIRECT] Aug 15, 2026 9:56:03 AM java.util.prefs.FileSystemPreferences checkLockFile0ErrorCode
2026-08-15 09:56:03,275 [ERROR] LogOutputStream:75 - [STDERR_REDIRECT] WARNING: Could not lock System prefs. Unix error code 2.
2026-08-15 09:56:03,275 [ERROR] LogOutputStream:75 - [STDERR_REDIRECT] 
2026-08-15 09:56:03,275 [ERROR] LogOutputStream:75 - [STDERR_REDIRECT] Aug 15, 2026 9:56:03 AM java.util.prefs.FileSystemPreferences syncWorld
2026-08-15 09:56:03,275 [ERROR] LogOutputStream:75 - [STDERR_REDIRECT] WARNING: Couldn't flush system prefs: java.util.prefs.BackingStoreException: Couldn't get file lock.
2026-08-15 09:56:03,275 [ERROR] LogOutputStream:75 - [STDERR_REDIRECT] 
2026-08-15 09:56:33,275 [ERROR] LogOutputStream:75 - [STDERR_REDIRECT] Aug 15, 2026 9:56:33 AM java.util.prefs.FileSystemPreferences checkLockFile0ErrorCode
2026-08-15 09:56:33,275 [ERROR] LogOutputStream:75 - [STDERR_REDIRECT] WARNING: Could not lock System prefs. Unix error code 2.
2026-08-15 09:56:33,275 [ERROR] LogOutputStream:75 - [STDERR_REDIRECT] 
2026-08-15 09:56:33,275 [ERROR] LogOutputStream:75 - [STDERR_REDIRECT] Aug 15, 2026 9:56:33 AM java.util.prefs.FileSystemPreferences syncWorld
2026-08-15 09:56:33,275 [ERROR] LogOutputStream:75 - [STDERR_REDIRECT] WARNING: Couldn't flush system prefs: java.util.prefs.BackingStoreException: Couldn't get file lock.
2026-08-15 09:56:33,275 [ERROR] LogOutputStream:75 - [STDERR_REDIRECT] 
2026-08-15 09:57:03,273 [ERROR] LogOutputStream:75 - [STDERR_REDIRECT] Aug 15, 2026 9:57:03 AM java.util.prefs.FileSystemPreferences checkLockFile0ErrorCode
2026-08-15 09:57:03,273 [ERROR] LogOutputStream:75 - [STDERR_REDIRECT] WARNING: Could not lock System prefs. Unix error code 2.
2026-08-15 09:57:03,273 [ERROR] LogOutputStream:75 - [STDERR_REDIRECT] 
2026-08-15 09:57:03,273 [ERROR] LogOutputStream:75 - [STDERR_REDIRECT] Aug 15, 2026 9:57:03 AM java.util.prefs.FileSystemPreferences syncWorld
2026-08-15 09:57:03,273 [ERROR] LogOutputStream:75 - [STDERR_REDIRECT] WARNING: Couldn't flush system prefs: java.util.prefs.BackingStoreException: Couldn't get file lock.
2026-08-15 09:57:03,273 [ERROR] LogOutputStream:75 - [STDERR_REDIRECT] 
2026-08-15 09:57:33,274 [ERROR] LogOutputStream:75 - [STDERR_REDIRECT] Aug 15, 2026 9:57:33 AM java.util.prefs.FileSystemPreferences checkLockFile0ErrorCode
2026-08-15 09:57:33,274 [ERROR] LogOutputStream:75 - [STDERR_REDIRECT] WARNING: Could not lock System prefs. Unix error code 2.
2026-08-15 09:57:33,274 [ERROR] LogOutputStream:75 - [STDERR_REDIRECT] 
2026-08-15 09:57:33,274 [ERROR] LogOutputStream:75 - [STDERR_REDIRECT] Aug 15, 2026 9:57:33 AM java.util.prefs.FileSystemPreferences syncWorld
2026-08-15 09:57:33,274 [ERROR] LogOutputStream:75 - [STDERR_REDIRECT] WARNING: Couldn't flush system prefs: java.util.prefs.BackingStoreException: Couldn't get file lock.
2026-08-15 09:57:33,274 [ERROR] LogOutputStream:75 - [STDERR_REDIRECT] 
2026-08-15 09:58:03,275 [ERROR] LogOutputStream:75 - [STDERR_REDIRECT] Aug 15, 2026 9:58:03 AM java.util.prefs.FileSystemPreferences checkLockFile0ErrorCode
2026-08-15 09:58:03,275 [ERROR] LogOutputStream:75 - [STDERR_REDIRECT] WARNING: Could not lock System prefs. Unix error code 2.
2026-08-15 09:58:03,275 [ERROR] LogOutputStream:75 - [STDERR_REDIRECT] 
2026-08-15 09:58:03,275 [ERROR] LogOutputStream:75 - [STDERR_REDIRECT] Aug 15, 2026 9:58:03 AM java.util.prefs.FileSystemPreferences syncWorld
2026-08-15 09:58:03,275 [ERROR] LogOutputStream:75 - [STDERR_REDIRECT] WARNING: Couldn't flush system prefs: java.util.prefs.BackingStoreException: Couldn't get file lock.
2026-08-15 09:58:03,275 [ERROR] LogOutputStream:75 - [STDERR_REDIRECT] 
2026-08-15 09:58:33,274 [ERROR] LogOutputStream:75 - [STDERR_REDIRECT] Aug 15, 2026 9:58:33 AM java.util.prefs.FileSystemPreferences checkLockFile0ErrorCode
2026-08-15 09:58:33,275 [ERROR] LogOutputStream:75 - [STDERR_REDIRECT] WARNING: Could not lock System prefs. Unix error code 2.
2026-08-15 09:58:33,275 [ERROR] LogOutputStream:75 - [STDERR_REDIRECT] 
2026-08-15 09:58:33,275 [ERROR] LogOutputStream:75 - [STDERR_REDIRECT] Aug 15, 2026 9:58:33 AM java.util.prefs.FileSystemPreferences syncWorld
2026-08-15 09:58:33,275 [ERROR] LogOutputStream:75 - [STDERR_REDIRECT] WARNING: Couldn't flush system prefs: java.util.prefs.BackingStoreException: Couldn't get file lock.
2026-08-15 09:58:33,275 [ERROR] LogOutputStream:75 - [STDERR_REDIRECT] 
2026-08-15 09:59:03,274 [ERROR] LogOutputStream:75 - [STDERR_REDIRECT] Aug 15, 2026 9:59:03 AM java.util.prefs.FileSystemPreferences checkLockFile0ErrorCode
2026-08-15 09:59:03,274 [ERROR] LogOutputStream:75 - [STDERR_REDIRECT] WARNING: Could not lock System prefs. Unix error code 2.
2026-08-15 09:59:03,274 [ERROR] LogOutputStream:75 - [STDERR_REDIRECT] 
2026-08-15 09:59:03,275 [ERROR] LogOutputStream:75 - [STDERR_REDIRECT] Aug 15, 2026 9:59:03 AM java.util.prefs.FileSystemPreferences syncWorld
2026-08-15 09:59:03,275 [ERROR] LogOutputStream:75 - [STDERR_REDIRECT] WARNING: Couldn't flush system prefs: java.util.prefs.BackingStoreException: Couldn't get file lock.
2026-08-15 09:59:03,275 [ERROR] LogOutputStream:75 - [STDERR_REDIRECT] 
2026-08-15 09:59:33,274 [ERROR] LogOutputStream:75 - [STDERR_REDIRECT] Aug 15, 2026 9:59:33 AM java.util.prefs.FileSystemPreferences checkLockFile0ErrorCode
2026-08-15 09:59:33,274 [ERROR] LogOutputStream:75 - [STDERR_REDIRECT] WARNING: Could not lock System prefs. Unix error code 2.
2026-08-15 09:59:33,274 [ERROR] LogOutputStream:75 - [STDERR_REDIRECT] 
2026-08-15 09:59:33,274 [ERROR] LogOutputStream:75 - [STDERR_REDIRECT] Aug 15, 2026 9:59:33 AM java.util.prefs.FileSystemPreferences syncWorld
2026-08-15 09:59:33,274 [ERROR] LogOutputStream:75 - [STDERR_REDIRECT] WARNING: Couldn't flush system prefs: java.util.prefs.BackingStoreException: Couldn't get file lock.
2026-08-15 09:59:33,275 [ERROR] LogOutputStream:75 - [STDERR_REDIRECT] 
2026-08-15 10:00:03,274 [ERROR] LogOutputStream:75 - [STDERR_REDIRECT] Aug 15, 2026 10:00:03 AM java.util.prefs.FileSystemPreferences checkLockFile0ErrorCode
2026-08-15 10:00:03,274 [ERROR] LogOutputStream:75 - [STDERR_REDIRECT] WARNING: Could not lock System prefs. Unix error code 2.
2026-08-15 10:00:03,274 [ERROR] LogOutputStream:75 - [STDERR_REDIRECT] 
2026-08-15 10:00:03,275 [ERROR] LogOutputStream:75 - [STDERR_REDIRECT] Aug 15, 2026 10:00:03 AM java.util.prefs.FileSystemPreferences syncWorld
2026-08-15 10:00:03,275 [ERROR] LogOutputStream:75 - [STDERR_REDIRECT] WARNING: Couldn't flush system prefs: java.util.prefs.BackingStoreException: Couldn't get file lock.
2026-08-15 10:00:03,275 [ERROR] LogOutputStream:75 - [STDERR_REDIRECT] 
2026-08-15 10:00:33,274 [ERROR] LogOutputStream:75 - [STDERR_REDIRECT] Aug 15, 2026 10:00:33 AM java.util.prefs.FileSystemPreferences checkLockFile0ErrorCode
2026-08-15 10:00:33,274 [ERROR] LogOutputStream:75 - [STDERR_REDIRECT] WARNING: Could not lock System prefs. Unix error code 2.
2026-08-15 10:00:33,274 [ERROR] LogOutputStream:75 - [STDERR_REDIRECT] 
2026-08-15 10:00:33,274 [ERROR] LogOutputStream:75 - [STDERR_REDIRECT] Aug 15, 2026 10:00:33 AM java.util.prefs.FileSystemPreferences syncWorld
2026-08-15 10:00:33,274 [ERROR] LogOutputStream:75 - [STDERR_REDIRECT] WARNING: Couldn't flush system prefs: java.util.prefs.BackingStoreException: Couldn't get file lock.
2026-08-15 10:00:33,274 [ERROR] LogOutputStream:75 - [STDERR_REDIRECT] 
2026-08-15 10:01:03,275 [ERROR] LogOutputStream:75 - [STDERR_REDIRECT] Aug 15, 2026 10:01:03 AM java.util.prefs.FileSystemPreferences checkLockFile0ErrorCode
2026-08-15 10:01:03,275 [ERROR] LogOutputStream:75 - [STDERR_REDIRECT] WARNING: Could not lock System prefs. Unix error code 2.
2026-08-15 10:01:03,275 [ERROR] LogOutputStream:75 - [STDERR_REDIRECT] 
2026-08-15 10:01:03,275 [ERROR] LogOutputStream:75 - [STDERR_REDIRECT] Aug 15, 2026 10:01:03 AM java.util.prefs.FileSystemPreferences syncWorld
2026-08-15 10:01:03,275 [ERROR] LogOutputStream:75 - [STDERR_REDIRECT] WARNING: Couldn't flush system prefs: java.util.prefs.BackingStoreException: Couldn't get file lock.
2026-08-15 10:01:03,275 [ERROR] LogOutputStream:75 - [STDERR_REDIRECT] 
2026-08-15 10:01:33,275 [ERROR] LogOutputStream:75 - [STDERR_REDIRECT] Aug 15, 2026 10:01:33 AM java.util.prefs.FileSystemPreferences checkLockFile0ErrorCode
2026-08-15 10:01:33,275 [ERROR] LogOutputStream:75 - [STDERR_REDIRECT] WARNING: Could not lock System prefs. Unix error code 2.
2026-08-15 10:01:33,275 [ERROR] LogOutputStream:75 - [STDERR_REDIRECT] 
2026-08-15 10:01:33,276 [ERROR] LogOutputStream:75 - [STDERR_REDIRECT] Aug 15, 2026 10:01:33 AM java.util.prefs.FileSystemPreferences syncWorld
2026-08-15 10:01:33,276 [ERROR] LogOutputStream:75 - [STDERR_REDIRECT] WARNING: Couldn't flush system prefs: java.util.prefs.BackingStoreException: Couldn't get file lock.
2026-08-15 10:01:33,276 [ERROR] LogOutputStream:75 - [STDERR_REDIRECT] 
2026-08-15 10:02:03,275 [ERROR] LogOutputStream:75 - [STDERR_REDIRECT] Aug 15, 2026 10:02:03 AM java.util.prefs.FileSystemPreferences checkLockFile0ErrorCode
2026-08-15 10:02:03,275 [ERROR] LogOutputStream:75 - [STDERR_REDIRECT] WARNING: Could not lock System prefs. Unix error code 2.
2026-08-15 10:02:03,276 [ERROR] LogOutputStream:75 - [STDERR_REDIRECT] 
2026-08-15 10:02:03,276 [ERROR] LogOutputStream:75 - [STDERR_REDIRECT] Aug 15, 2026 10:02:03 AM java.util.prefs.FileSystemPreferences syncWorld
2026-08-15 10:02:03,276 [ERROR] LogOutputStream:75 - [STDERR_REDIRECT] WARNING: Couldn't flush system prefs: java.util.prefs.BackingStoreException: Couldn't get file lock.
2026-08-15 10:02:03,276 [ERROR] LogOutputStream:75 - [STDERR_REDIRECT] 
2026-08-15 10:02:33,275 [ERROR] LogOutputStream:75 - [STDERR_REDIRECT] Aug 15, 2026 10:02:33 AM java.util.prefs.FileSystemPreferences checkLockFile0ErrorCode
2026-08-15 10:02:33,275 [ERROR] LogOutputStream:75 - [STDERR_REDIRECT] WARNING: Could not lock System prefs. Unix error code 2.
2026-08-15 10:02:33,275 [ERROR] LogOutputStream:75 - [STDERR_REDIRECT] 
2026-08-15 10:02:33,275 [ERROR] LogOutputStream:75 - [STDERR_REDIRECT] Aug 15, 2026 10:02:33 AM java.util.prefs.FileSystemPreferences syncWorld
2026-08-15 10:02:33,275 [ERROR] LogOutputStream:75 - [STDERR_REDIRECT] WARNING: Couldn't flush system prefs: java.util.prefs.BackingStoreException: Couldn't get file lock.
2026-08-15 10:02:33,275 [ERROR] LogOutputStream:75 - [STDERR_REDIRECT] 
2026-08-15 10:03:03,276 [ERROR] LogOutputStream:75 - [STDERR_REDIRECT] Aug 15, 2026 10:03:03 AM java.util.prefs.FileSystemPreferences checkLockFile0ErrorCode
2026-08-15 10:03:03,276 [ERROR] LogOutputStream:75 - [STDERR_REDIRECT] WARNING: Could not lock System prefs. Unix error code 2.
2026-08-15 10:03:03,276 [ERROR] LogOutputStream:75 - [STDERR_REDIRECT] 
2026-08-15 10:03:03,276 [ERROR] LogOutputStream:75 - [STDERR_REDIRECT] Aug 15, 2026 10:03:03 AM java.util.prefs.FileSystemPreferences syncWorld
2026-08-15 10:03:03,276 [ERROR] LogOutputStream:75 - [STDERR_REDIRECT] WARNING: Couldn't flush system prefs: java.util.prefs.BackingStoreException: Couldn't get file lock.
2026-08-15 10:03:03,276 [ERROR] LogOutputStream:75 - [STDERR_REDIRECT] 
2026-08-15 10:03:33,275 [ERROR] LogOutputStream:75 - [STDERR_REDIRECT] Aug 15, 2026 10:03:33 AM java.util.prefs.FileSystemPreferences checkLockFile0ErrorCode
2026-08-15 10:03:33,275 [ERROR] LogOutputStream:75 - [STDERR_REDIRECT] WARNING: Could not lock System prefs. Unix error code 2.
2026-08-15 10:03:33,275 [ERROR] LogOutputStream:75 - [STDERR_REDIRECT] 
2026-08-15 10:03:33,276 [ERROR] LogOutputStream:75 - [STDERR_REDIRECT] Aug 15, 2026 10:03:33 AM java.util.prefs.FileSystemPreferences syncWorld
2026-08-15 10:03:33,276 [ERROR] LogOutputStream:75 - [STDERR_REDIRECT] WARNING: Couldn't flush system prefs: java.util.prefs.BackingStoreException: Couldn't get file lock.
2026-08-15 10:03:33,276 [ERROR] LogOutputStream:75 - [STDERR_REDIRECT] 
2026-08-15 10:04:03,275 [ERROR] LogOutputStream:75 - [STDERR_REDIRECT] Aug 15, 2026 10:04:03 AM java.util.prefs.FileSystemPreferences checkLockFile0ErrorCode
2026-08-15 10:04:03,275 [ERROR] LogOutputStream:75 - [STDERR_REDIRECT] WARNING: Could not lock System prefs. Unix error code 2.
2026-08-15 10:04:03,275 [ERROR] LogOutputStream:75 - [STDERR_REDIRECT] 
2026-08-15 10:04:03,275 [ERROR] LogOutputStream:75 - [STDERR_REDIRECT] Aug 15, 2026 10:04:03 AM java.util.prefs.FileSystemPreferences syncWorld
2026-08-15 10:04:03,275 [ERROR] LogOutputStream:75 - [STDERR_REDIRECT] WARNING: Couldn't flush system prefs: java.util.prefs.BackingStoreException: Couldn't get file lock.
2026-08-15 10:04:03,275 [ERROR] LogOutputStream:75 - [STDERR_REDIRECT] 
2026-08-15 10:04:33,276 [ERROR] LogOutputStream:75 - [STDERR_REDIRECT] Aug 15, 2026 10:04:33 AM java.util.prefs.FileSystemPreferences checkLockFile0ErrorCode
2026-08-15 10:04:33,276 [ERROR] LogOutputStream:75 - [STDERR_REDIRECT] WARNING: Could not lock System prefs. Unix error code 2.
2026-08-15 10:04:33,276 [ERROR] LogOutputStream:75 - [STDERR_REDIRECT] 
2026-08-15 10:04:33,276 [ERROR] LogOutputStream:75 - [STDERR_REDIRECT] Aug 15, 2026 10:04:33 AM java.util.prefs.FileSystemPreferences syncWorld
2026-08-15 10:04:33,276 [ERROR] LogOutputStream:75 - [STDERR_REDIRECT] WARNING: Couldn't flush system prefs: java.util.prefs.BackingStoreException: Couldn't get file lock.
2026-08-15 10:04:33,276 [ERROR] LogOutputStream:75 - [STDERR_REDIRECT] 
2026-08-15 10:05:03,275 [ERROR] LogOutputStream:75 - [STDERR_REDIRECT] Aug 15, 2026 10:05:03 AM java.util.prefs.FileSystemPreferences checkLockFile0ErrorCode
2026-08-15 10:05:03,275 [ERROR] LogOutputStream:75 - [STDERR_REDIRECT] WARNING: Could not lock System prefs. Unix error code 2.
2026-08-15 10:05:03,275 [ERROR] LogOutputStream:75 - [STDERR_REDIRECT] 
2026-08-15 10:05:03,275 [ERROR] LogOutputStream:75 - [STDERR_REDIRECT] Aug 15, 2026 10:05:03 AM java.util.prefs.FileSystemPreferences syncWorld
2026-08-15 10:05:03,276 [ERROR] LogOutputStream:75 - [STDERR_REDIRECT] WARNING: Couldn't flush system prefs: java.util.prefs.BackingStoreException: Couldn't get file lock.
2026-08-15 10:05:03,276 [ERROR] LogOutputStream:75 - [STDERR_REDIRECT] 
2026-08-15 10:05:33,275 [ERROR] LogOutputStream:75 - [STDERR_REDIRECT] Aug 15, 2026 10:05:33 AM java.util.prefs.FileSystemPreferences checkLockFile0ErrorCode
2026-08-15 10:05:33,275 [ERROR] LogOutputStream:75 - [STDERR_REDIRECT] WARNING: Could not lock System prefs. Unix error code 2.
2026-08-15 10:05:33,275 [ERROR] LogOutputStream:75 - [STDERR_REDIRECT] 
2026-08-15 10:05:33,275 [ERROR] LogOutputStream:75 - [STDERR_REDIRECT] Aug 15, 2026 10:05:33 AM java.util.prefs.FileSystemPreferences syncWorld
2026-08-15 10:05:33,275 [ERROR] LogOutputStream:75 - [STDERR_REDIRECT] WARNING: Couldn't flush system prefs: java.util.prefs.BackingStoreException: Couldn't get file lock.
2026-08-15 10:05:33,275 [ERROR] LogOutputStream:75 - [STDERR_REDIRECT] 
2026-08-15 10:06:03,276 [ERROR] LogOutputStream:75 - [STDERR_REDIRECT] Aug 15, 2026 10:06:03 AM java.util.prefs.FileSystemPreferences checkLockFile0ErrorCode
2026-08-15 10:06:03,276 [ERROR] LogOutputStream:75 - [STDERR_REDIRECT] WARNING: Could not lock System prefs. Unix error code 2.
2026-08-15 10:06:03,276 [ERROR] LogOutputStream:75 - [STDERR_REDIRECT] 
2026-08-15 10:06:03,276 [ERROR] LogOutputStream:75 - [STDERR_REDIRECT] Aug 15, 2026 10:06:03 AM java.util.prefs.FileSystemPreferences syncWorld
2026-08-15 10:06:03,276 [ERROR] LogOutputStream:75 - [STDERR_REDIRECT] WARNING: Couldn't flush system prefs: java.util.prefs.BackingStoreException: Couldn't get file lock.
2026-08-15 10:06:03,276 [ERROR] LogOutputStream:75 - [STDERR_REDIRECT] 
2026-08-15 10:06:33,275 [ERROR] LogOutputStream:75 - [STDERR_REDIRECT] Aug 15, 2026 10:06:33 AM java.util.prefs.FileSystemPreferences checkLockFile0ErrorCode
2026-08-15 10:06:33,276 [ERROR] LogOutputStream:75 - [STDERR_REDIRECT] WARNING: Could not lock System prefs. Unix error code 2.
2026-08-15 10:06:33,276 [ERROR] LogOutputStream:75 - [STDERR_REDIRECT] 
2026-08-15 10:06:33,276 [ERROR] LogOutputStream:75 - [STDERR_REDIRECT] Aug 15, 2026 10:06:33 AM java.util.prefs.FileSystemPreferences syncWorld
2026-08-15 10:06:33,276 [ERROR] LogOutputStream:75 - [STDERR_REDIRECT] WARNING: Couldn't flush system prefs: java.util.prefs.BackingStoreException: Couldn't get file lock.
2026-08-15 10:06:33,276 [ERROR] LogOutputStream:75 - [STDERR_REDIRECT] 
2026-08-15 10:07:03,275 [ERROR] LogOutputStream:75 - [STDERR_REDIRECT] Aug 15, 2026 10:07:03 AM java.util.prefs.FileSystemPreferences checkLockFile0ErrorCode
2026-08-15 10:07:03,275 [ERROR] LogOutputStream:75 - [STDERR_REDIRECT] WARNING: Could not lock System prefs. Unix error code 2.
2026-08-15 10:07:03,275 [ERROR] LogOutputStream:75 - [STDERR_REDIRECT] 
2026-08-15 10:07:03,275 [ERROR] LogOutputStream:75 - [STDERR_REDIRECT] Aug 15, 2026 10:07:03 AM java.util.prefs.FileSystemPreferences syncWorld
2026-08-15 10:07:03,275 [ERROR] LogOutputStream:75 - [STDERR_REDIRECT] WARNING: Couldn't flush system prefs: java.util.prefs.BackingStoreException: Couldn't get file lock.
2026-08-15 10:07:03,275 [ERROR] LogOutputStream:75 - [STDERR_REDIRECT] 
2026-08-15 10:07:33,276 [ERROR] LogOutputStream:75 - [STDERR_REDIRECT] Aug 15, 2026 10:07:33 AM java.util.prefs.FileSystemPreferences checkLockFile0ErrorCode
2026-08-15 10:07:33,276 [ERROR] LogOutputStream:75 - [STDERR_REDIRECT] WARNING: Could not lock System prefs. Unix error code 2.
2026-08-15 10:07:33,276 [ERROR] LogOutputStream:75 - [STDERR_REDIRECT] 
2026-08-15 10:07:33,276 [ERROR] LogOutputStream:75 - [STDERR_REDIRECT] Aug 15, 2026 10:07:33 AM java.util.prefs.FileSystemPreferences syncWorld
2026-08-15 10:07:33,276 [ERROR] LogOutputStream:75 - [STDERR_REDIRECT] WARNING: Couldn't flush system prefs: java.util.prefs.BackingStoreException: Couldn't get file lock.
2026-08-15 10:07:33,276 [ERROR] LogOutputStream:75 - [STDERR_REDIRECT] 
2026-08-15 10:08:03,275 [ERROR] LogOutputStream:75 - [STDERR_REDIRECT] Aug 15, 2026 10:08:03 AM java.util.prefs.FileSystemPreferences checkLockFile0ErrorCode
2026-08-15 10:08:03,276 [ERROR] LogOutputStream:75 - [STDERR_REDIRECT] WARNING: Could not lock System prefs. Unix error code 2.
2026-08-15 10:08:03,276 [ERROR] LogOutputStream:75 - [STDERR_REDIRECT] 
2026-08-15 10:08:03,276 [ERROR] LogOutputStream:75 - [STDERR_REDIRECT] Aug 15, 2026 10:08:03 AM java.util.prefs.FileSystemPreferences syncWorld
2026-08-15 10:08:03,276 [ERROR] LogOutputStream:75 - [STDERR_REDIRECT] WARNING: Couldn't flush system prefs: java.util.prefs.BackingStoreException: Couldn't get file lock.
2026-08-15 10:08:03,276 [ERROR] LogOutputStream:75 - [STDERR_REDIRECT] 
2026-08-15 10:08:33,275 [ERROR] LogOutputStream:75 - [STDERR_REDIRECT] Aug 15, 2026 10:08:33 AM java.util.prefs.FileSystemPreferences checkLockFile0ErrorCode
2026-08-15 10:08:33,275 [ERROR] LogOutputStream:75 - [STDERR_REDIRECT] WARNING: Could not lock System prefs. Unix error code 2.
2026-08-15 10:08:33,275 [ERROR] LogOutputStream:75 - [STDERR_REDIRECT] 
2026-08-15 10:08:33,276 [ERROR] LogOutputStream:75 - [STDERR_REDIRECT] Aug 15, 2026 10:08:33 AM java.util.prefs.FileSystemPreferences syncWorld
2026-08-15 10:08:33,276 [ERROR] LogOutputStream:75 - [STDERR_REDIRECT] WARNING: Couldn't flush system prefs: java.util.prefs.BackingStoreException: Couldn't get file lock.
2026-08-15 10:08:33,276 [ERROR] LogOutputStream:75 - [STDERR_REDIRECT] 
2026-08-15 10:09:03,275 [ERROR] LogOutputStream:75 - [STDERR_REDIRECT] Aug 15, 2026 10:09:03 AM java.util.prefs.FileSystemPreferences checkLockFile0ErrorCode
2026-08-15 10:09:03,275 [ERROR] LogOutputStream:75 - [STDERR_REDIRECT] WARNING: Could not lock System prefs. Unix error code 2.
2026-08-15 10:09:03,275 [ERROR] LogOutputStream:75 - [STDERR_REDIRECT] 
2026-08-15 10:09:03,275 [ERROR] LogOutputStream:75 - [STDERR_REDIRECT] Aug 15, 2026 10:09:03 AM java.util.prefs.FileSystemPreferences syncWorld
2026-08-15 10:09:03,275 [ERROR] LogOutputStream:75 - [STDERR_REDIRECT] WARNING: Couldn't flush system prefs: java.util.prefs.BackingStoreException: Couldn't get file lock.
2026-08-15 10:09:03,275 [ERROR] LogOutputStream:75 - [STDERR_REDIRECT] 
2026-08-15 10:09:06,689 [INFO] MainUpdater:2872 - connection check result : 10
2026-08-15 10:09:06,689 [INFO] MainUpdater:2872 - connection check result : 10
2026-08-15 10:09:06,702 [INFO] MicroXplorer:468 - Change Database Path : 
2026-08-15 10:09:06,702 [INFO] MicroXplorer:498 - Change Database Version : DB.6.0.140
2026-08-15 10:09:06,708 [ERROR] ProjectManagerView:394 - 
java.lang.NullPointerException: Cannot invoke "javax.swing.JTextField.getText()" because the return value of "java.util.List.get(int)" is null
	at com.st.microxplorer.plugins.projectmanager.gui.ProjectChoiceTab$9.caretUpdate(ProjectChoiceTab.java:2678) ~[filemanager.jar:?]
	at javax.swing.text.JTextComponent.fireCaretUpdate(JTextComponent.java:408) ~[?:?]
	at javax.swing.text.JTextComponent$MutableCaretEvent.fire(JTextComponent.java:4484) ~[?:?]
	at javax.swing.text.JTextComponent$MutableCaretEvent.stateChanged(JTextComponent.java:4506) ~[?:?]
	at javax.swing.text.DefaultCaret.fireStateChanged(DefaultCaret.java:857) ~[?:?]
	at javax.swing.text.DefaultCaret.changeCaretPosition(DefaultCaret.java:1343) ~[?:?]
	at javax.swing.text.DefaultCaret.handleSetDot(DefaultCaret.java:1242) ~[?:?]
	at javax.swing.text.DefaultCaret.setDot(DefaultCaret.java:1223) ~[?:?]
	at javax.swing.text.DefaultCaret$Handler.insertUpdate(DefaultCaret.java:1819) ~[?:?]
	at javax.swing.text.AbstractDocument.fireInsertUpdate(AbstractDocument.java:227) ~[?:?]
	at javax.swing.text.AbstractDocument.handleInsertString(AbstractDocument.java:781) ~[?:?]
	at javax.swing.text.AbstractDocument.insertString(AbstractDocument.java:740) ~[?:?]
	at javax.swing.text.PlainDocument.insertString(PlainDocument.java:131) ~[?:?]
	at javax.swing.text.AbstractDocument.replace(AbstractDocument.java:699) ~[?:?]
	at javax.swing.text.JTextComponent.setText(JTextComponent.java:1725) ~[?:?]
	at com.st.microxplorer.plugins.projectmanager.gui.ProjectChoiceTab.createHeapStackFields(ProjectChoiceTab.java:979) ~[filemanager.jar:?]
	at com.st.microxplorer.plugins.projectmanager.gui.ProjectChoiceTab.buildLinkSettingsPanel(ProjectChoiceTab.java:3766) ~[filemanager.jar:?]
	at com.st.microxplorer.plugins.projectmanager.gui.ProjectChoiceTab.defineWindowsFields(ProjectChoiceTab.java:1962) ~[filemanager.jar:?]
	at com.st.microxplorer.plugins.projectmanager.gui.ProjectChoiceTab.updateSettings(ProjectChoiceTab.java:555) ~[filemanager.jar:?]
	at com.st.microxplorer.plugins.projectmanager.gui.ProjectSettingsPanel.UpdateDialog(ProjectSettingsPanel.java:245) ~[filemanager.jar:?]
	at com.st.microxplorer.plugins.projectmanager.ProjectManagerView.propertyChange(ProjectManagerView.java:391) ~[filemanager.jar:?]
	at java.beans.PropertyChangeSupport.fire(PropertyChangeSupport.java:343) ~[?:?]
	at java.beans.PropertyChangeSupport.firePropertyChange(PropertyChangeSupport.java:335) ~[?:?]
	at java.beans.PropertyChangeSupport.firePropertyChange(PropertyChangeSupport.java:268) ~[?:?]
	at com.st.microxplorer.util.MXPropertyChangeSupport.firePropertyChange(MXPropertyChangeSupport.java:54) ~[STM32CubeMX.jar:?]
	at com.st.microxplorer.mxsystem.MxSystem.closeConfig(MxSystem.java:899) ~[STM32CubeMX.jar:?]
	at com.st.microxplorer.maingui.MainPanel.closeConfig(MainPanel.java:789) ~[STM32CubeMX.jar:?]
	at com.st.microxplorer.plugins.filemanager.engine.OpenFileManager.loadConfigurationFile(OpenFileManager.java:287) ~[filemanager.jar:?]
	at com.st.microxplorer.plugins.filemanager.engine.MainFileManager.userLoadConfig(MainFileManager.java:341) ~[filemanager.jar:?]
	at com.st.microxplorer.plugins.filemanager.engine.MainFileManager.userLoadConfig(MainFileManager.java:319) ~[filemanager.jar:?]
	at com.st.microxplorer.plugins.filemanager.FileManagerView.getSpecificTask(FileManagerView.java:246) ~[filemanager.jar:?]
	at com.st.stm32cube.common.mx.editor.CubeMxEditor.getMxTabbedPaneInstance(CubeMxEditor.java:1198) ~[com.st.stm32cube.common.mx_6.14.0.202502271554/:?]
	at com.st.stm32cube.common.mx.editor.CubeMxEditor$12$1.createSwingComponent(CubeMxEditor.java:1068) ~[com.st.stm32cube.common.mx_6.14.0.202502271554/:?]
	at com.st.stm32cube.common.mx.oss.core.awtswtbridge.EmbeddedSwingComposite.doComponentCreation(EmbeddedSwingComposite.java:492) ~[com.st.stm32cube.common.mx.oss_6.14.0.202502271554/:?]
	at com.st.stm32cube.common.mx.oss.core.awtswtbridge.EmbeddedSwingComposite$4.run(EmbeddedSwingComposite.java:291) ~[com.st.stm32cube.common.mx.oss_6.14.0.202502271554/:?]
	at com.st.stm32cube.common.mx.oss.core.awtswtbridge.AwtEnvironment$2.run(AwtEnvironment.java:166) ~[com.st.stm32cube.common.mx.oss_6.14.0.202502271554/:?]
	at java.awt.event.InvocationEvent.dispatch(InvocationEvent.java:318) ~[?:?]
	at java.awt.EventQueue.dispatchEventImpl(EventQueue.java:773) ~[?:?]
	at java.awt.EventQueue$4.run(EventQueue.java:720) ~[?:?]
	at java.awt.EventQueue$4.run(EventQueue.java:714) ~[?:?]
	at java.security.AccessController.doPrivileged(AccessController.java:400) ~[?:?]
	at java.security.ProtectionDomain$JavaSecurityAccessImpl.doIntersectionPrivilege(ProtectionDomain.java:87) ~[?:?]
	at java.awt.EventQueue.dispatchEvent(EventQueue.java:742) ~[?:?]
	at java.awt.EventDispatchThread.pumpOneEventForFilters(EventDispatchThread.java:203) ~[?:?]
	at java.awt.EventDispatchThread.pumpEventsForFilter(EventDispatchThread.java:124) ~[?:?]
	at java.awt.EventDispatchThread.pumpEventsForHierarchy(EventDispatchThread.java:113) ~[?:?]
	at java.awt.EventDispatchThread.pumpEvents(EventDispatchThread.java:109) ~[?:?]
	at java.awt.EventDispatchThread.pumpEvents(EventDispatchThread.java:101) ~[?:?]
	at java.awt.EventDispatchThread.run(EventDispatchThread.java:90) ~[?:?]
2026-08-15 10:09:06,710 [WARN] ThirdParty:871 - waiting for thirdparty lock release [close project]
2026-08-15 10:09:06,710 [INFO] ThirdParty:873 - entering critical section [close project]
2026-08-15 10:09:06,710 [INFO] ThirdParty:883 - exiting critical section [close project]
2026-08-15 10:09:06,711 [INFO] PinOutPanel:1589 - setPackage(No Configuration,No Configuration)
2026-08-15 10:09:06,713 [INFO] UtilMem:75 - Begin LoadConfig() Used Memory: 508395376 Bytes (788529152)
2026-08-15 10:09:06,713 [INFO] MicroXplorer:468 - Change Database Path : 
2026-08-15 10:09:06,713 [INFO] MicroXplorer:498 - Change Database Version : DB.6.0.140
2026-08-15 10:09:06,713 [INFO] OpenFileManager:354 - Change cursor
2026-08-15 10:09:06,720 [INFO] RulesReader:64 - Compatibility file has been processed (301 Rules)
2026-08-15 10:09:06,721 [INFO] Mcu:2011 - Initializing MCU STM32F103C(8-B)Tx STM32F103C8Tx STM32F103C8T6
2026-08-15 10:09:07,005 [INFO] Context:756 - Trying to add GPIOservice into a context  which must be forbidden
2026-08-15 10:09:07,167 [INFO] ImportTextPane:218 - (OptionalMessage_ERROR) Pin25 (VP_RIF_VS_RIF1) cannot be retrieved for this MCU
2026-08-15 10:09:07,195 [INFO] RtosManager:558 - Registered RTOS mode: class=CMSIS, group=RTOS, mode=CMSIS_V1, owner=FREERTOS
2026-08-15 10:09:07,195 [INFO] RtosManager:558 - Registered RTOS mode: class=CMSIS, group=RTOS2, mode=CMSIS_V2, owner=FREERTOS
2026-08-15 10:09:07,195 [INFO] RtosManager:558 - Registered RTOS mode: class=RTOS, group=Core, mode=CMSIS_V1, owner=FREERTOS
2026-08-15 10:09:07,195 [INFO] RtosManager:558 - Registered RTOS mode: class=RTOS, group=Core, mode=CMSIS_V2, owner=FREERTOS
2026-08-15 10:09:07,195 [WARN] ModelIntegratedComponent:184 - Missing modes for component STMicroelectronics:FreeRTOS:0.0.1:STMicroelectronics:RTOS:FreeRTOS:Core:::10.2.0:
2026-08-15 10:09:07,254 [WARN] ModelIntegratedComponent:63 - No mode defined for component null
2026-08-15 10:09:07,255 [WARN] ModelIntegratedComponent:63 - No mode defined for component null
2026-08-15 10:09:07,255 [WARN] ModelIntegratedComponent:63 - No mode defined for component null
2026-08-15 10:09:07,255 [WARN] ModelIntegratedComponent:63 - No mode defined for component null
2026-08-15 10:09:07,255 [WARN] ModelIntegratedComponent:63 - No mode defined for component null
2026-08-15 10:09:07,255 [WARN] ModelIntegratedComponent:63 - No mode defined for component null
2026-08-15 10:09:07,255 [WARN] ModelIntegratedComponent:63 - No mode defined for component null
2026-08-15 10:09:07,255 [WARN] ModelIntegratedComponent:63 - No mode defined for component null
2026-08-15 10:09:07,255 [WARN] ModelIntegratedComponent:63 - No mode defined for component null
2026-08-15 10:09:07,255 [WARN] ModelIntegratedComponent:63 - No mode defined for component null
2026-08-15 10:09:07,255 [WARN] ModelIntegratedComponent:63 - No mode defined for component null
2026-08-15 10:09:07,255 [WARN] ModelIntegratedComponent:63 - No mode defined for component null
2026-08-15 10:09:07,255 [WARN] ModelIntegratedComponent:63 - No mode defined for component null
2026-08-15 10:09:07,255 [WARN] ModelIntegratedComponent:63 - No mode defined for component null
2026-08-15 10:09:07,255 [WARN] ModelIntegratedComponent:63 - No mode defined for component null
2026-08-15 10:09:07,255 [WARN] ModelIntegratedComponent:63 - No mode defined for component null
2026-08-15 10:09:07,255 [WARN] ModelIntegratedComponent:63 - No mode defined for component null
2026-08-15 10:09:07,255 [WARN] ModelIntegratedComponent:63 - No mode defined for component null
2026-08-15 10:09:07,255 [WARN] ModelIntegratedComponent:63 - No mode defined for component null
2026-08-15 10:09:07,255 [WARN] ModelIntegratedComponent:63 - No mode defined for component null
2026-08-15 10:09:07,255 [WARN] ModelIntegratedComponent:63 - No mode defined for component null
2026-08-15 10:09:07,255 [WARN] ModelIntegratedComponent:63 - No mode defined for component null
2026-08-15 10:09:07,255 [WARN] ModelIntegratedComponent:63 - No mode defined for component null
2026-08-15 10:09:07,255 [WARN] ModelIntegratedComponent:63 - No mode defined for component null
2026-08-15 10:09:07,255 [WARN] ModelIntegratedComponent:63 - No mode defined for component null
2026-08-15 10:09:07,255 [WARN] ModelIntegratedComponent:63 - No mode defined for component null
2026-08-15 10:09:07,255 [WARN] ModelIntegratedComponent:63 - No mode defined for component null
2026-08-15 10:09:07,255 [WARN] ModelIntegratedComponent:63 - No mode defined for component null
2026-08-15 10:09:07,255 [WARN] ModelIntegratedComponent:63 - No mode defined for component null
2026-08-15 10:09:07,255 [WARN] ModelIntegratedComponent:63 - No mode defined for component null
2026-08-15 10:09:07,255 [WARN] ModelIntegratedComponent:63 - No mode defined for component null
2026-08-15 10:09:07,255 [WARN] ModelIntegratedComponent:63 - No mode defined for component null
2026-08-15 10:09:07,255 [WARN] ModelIntegratedComponent:63 - No mode defined for component null
2026-08-15 10:09:07,255 [WARN] ModelIntegratedComponent:63 - No mode defined for component null
2026-08-15 10:09:07,255 [WARN] ModelIntegratedComponent:63 - No mode defined for component null
2026-08-15 10:09:07,255 [WARN] ModelPack:524 - Component already loaded: STMicroelectronics:HAL Drivers:0.0.0:STMicroelectronics:Device:STMicro_Driver:XSPI:HAL::0.0.1:HAL_XSPI
2026-08-15 10:09:07,291 [INFO] ThirdPartyModel:298 - Start build external matchings
2026-08-15 10:09:07,520 [INFO] ThirdPartyModel:316 - End build external matchings
2026-08-15 10:09:07,533 [INFO] ImportTextPane:218 - (OptionalMessage_ERROR) IP (DMA) : Parameter (Instance) has Id (ADC1) currently not set
2026-08-15 10:09:07,533 [INFO] ImportTextPane:218 - (OptionalMessage_ERROR) IP (DMA) : Parameter (Direction) has Id (ADC1) currently not set
2026-08-15 10:09:07,533 [INFO] ImportTextPane:218 - (OptionalMessage_ERROR) IP (DMA) : Parameter (PeriphInc) has Id (ADC1) currently not set
2026-08-15 10:09:07,533 [INFO] ImportTextPane:218 - (OptionalMessage_ERROR) IP (DMA) : Parameter (MemInc) has Id (ADC1) currently not set
2026-08-15 10:09:07,533 [INFO] ImportTextPane:218 - (OptionalMessage_ERROR) IP (DMA) : Parameter (PeriphDataAlignment) has Id (ADC1) currently not set
2026-08-15 10:09:07,533 [INFO] ImportTextPane:218 - (OptionalMessage_ERROR) IP (DMA) : Parameter (MemDataAlignment) has Id (ADC1) currently not set
2026-08-15 10:09:07,533 [INFO] ImportTextPane:218 - (OptionalMessage_ERROR) IP (DMA) : Parameter (Mode) has Id (ADC1) currently not set
2026-08-15 10:09:07,533 [INFO] ImportTextPane:218 - (OptionalMessage_ERROR) IP (DMA) : Parameter (Priority) has Id (ADC1) currently not set
2026-08-15 10:09:07,533 [INFO] ImportTextPane:218 - (OptionalMessage_ERROR) IP (RCC) : Invalid parameter (FamilyName)
2026-08-15 10:09:07,534 [INFO] ImportTextPane:218 - (OptionalMessage_ERROR) IP (RCC) : Parameter (USBFreq_Value) has invalid value (32000000)
2026-08-15 10:09:07,616 [INFO] UtilMem:75 - End LoadConfig() Used Memory: 580896536 Bytes (788529152)
2026-08-15 10:09:07,621 [WARN] ThirdParty:833 - waiting for thirdparty lock release [change project]
2026-08-15 10:09:07,621 [INFO] ThirdParty:835 - entering critical section [change project]
2026-08-15 10:09:07,621 [INFO] ThirdParty:1030 - CMSIS Pack Vendor :STMicroelectronics X-CUBE-AZRTOS-H7 3.5.0
2026-08-15 10:09:07,621 [INFO] ThirdParty:1030 - CMSIS Pack Vendor :STMicroelectronics X-CUBE-PM33A1 1.0.0
2026-08-15 10:09:07,621 [INFO] ThirdParty:1030 - CMSIS Pack Vendor :STMicroelectronics USBPD 4.1
2026-08-15 10:09:07,621 [INFO] ThirdParty:1030 - CMSIS Pack Vendor :STMicroelectronics X-CUBE-NFC9 1.0.0
2026-08-15 10:09:07,621 [INFO] ThirdParty:1030 - CMSIS Pack Vendor :STMicroelectronics USB_HOST 2.0.0
2026-08-15 10:09:07,621 [INFO] ThirdParty:1030 - CMSIS Pack Vendor :STMicroelectronics FP-ATR-ASTRA1 2.0.3
2026-08-15 10:09:07,621 [INFO] ThirdParty:1030 - CMSIS Pack Vendor :STMicroelectronics X-CUBE-AZRTOS-F4 1.1.0
2026-08-15 10:09:07,621 [INFO] ThirdParty:1030 - CMSIS Pack Vendor :STMicroelectronics LIBJPEG 8.0.0
2026-08-15 10:09:07,621 [INFO] ThirdParty:1030 - CMSIS Pack Vendor :STMicroelectronics FP-ATR-ASTRA1 2.0.2
2026-08-15 10:09:07,621 [INFO] ThirdParty:1030 - CMSIS Pack Vendor :STMicroelectronics X-CUBE-BLE1 7.1.0
2026-08-15 10:09:07,621 [INFO] ThirdParty:1030 - CMSIS Pack Vendor :wolfSSL I-CUBE-wolfMQTT 1.19.2
2026-08-15 10:09:07,621 [INFO] ThirdParty:1030 - CMSIS Pack Vendor :STMicroelectronics USB_DEVICE 3.0.0
2026-08-15 10:09:07,621 [INFO] ThirdParty:1030 - CMSIS Pack Vendor :STMicroelectronics X-CUBE-ISPU 2.1.0
2026-08-15 10:09:07,621 [INFO] ThirdParty:1030 - CMSIS Pack Vendor :STMicroelectronics X-CUBE-EEPRMA1 5.2.0
2026-08-15 10:09:07,621 [INFO] ThirdParty:1030 - CMSIS Pack Vendor :STMicroelectronics eDS-WB_DPC_TT-BIDIR 2.1.1
2026-08-15 10:09:07,621 [INFO] ThirdParty:1030 - CMSIS Pack Vendor :STMicroelectronics X-CUBE-AZRTOS-WB 2.0.0
2026-08-15 10:09:07,621 [INFO] ThirdParty:1030 - CMSIS Pack Vendor :STMicroelectronics X-CUBE-NFC12 1.0.0
2026-08-15 10:09:07,621 [INFO] ThirdParty:1030 - CMSIS Pack Vendor :STMicroelectronics X-CUBE-AZRTOS-F7 1.1.0
2026-08-15 10:09:07,621 [INFO] ThirdParty:1030 - CMSIS Pack Vendor :STMicroelectronics X-CUBE-AZRTOS-L5 2.0.0
2026-08-15 10:09:07,621 [INFO] ThirdParty:1030 - CMSIS Pack Vendor :STMicroelectronics USB_DEVICE 2.0.0
2026-08-15 10:09:07,621 [INFO] ThirdParty:1030 - CMSIS Pack Vendor :quantropi X-CUBE-qispace-sdk-base 2.1.0
2026-08-15 10:09:07,621 [INFO] ThirdParty:1030 - CMSIS Pack Vendor :STMicroelectronics X-CUBE-STSE01 2.0.0
2026-08-15 10:09:07,621 [INFO] ThirdParty:1030 - CMSIS Pack Vendor :STMicroelectronics X-CUBE-ALGOBUILD 1.5.0
2026-08-15 10:09:07,621 [INFO] ThirdParty:1030 - CMSIS Pack Vendor :STMicroelectronics FreeRTOS 0.0.1
2026-08-15 10:09:07,621 [INFO] ThirdParty:1030 - CMSIS Pack Vendor :STMicroelectronics X-CUBE-AZRTOS-H7RS 1.3.0
2026-08-15 10:09:07,621 [INFO] ThirdParty:1030 - CMSIS Pack Vendor :STMicroelectronics X-CUBE-AZRTOS-G0 1.1.0
2026-08-15 10:09:07,621 [INFO] ThirdParty:1030 - CMSIS Pack Vendor :STMicroelectronics X-CUBE-NFC4 3.0.0
2026-08-15 10:09:07,621 [INFO] ThirdParty:1030 - CMSIS Pack Vendor :STMicroelectronics X-CUBE-SUBG2 5.0.0
2026-08-15 10:09:07,621 [INFO] ThirdParty:1030 - CMSIS Pack Vendor :STMicroelectronics STM32_WPAN 1.0.0
2026-08-15 10:09:07,621 [INFO] ThirdParty:1030 - CMSIS Pack Vendor :STMicroelectronics eDS-WB_DPC_VIENNA 1.2.0
2026-08-15 10:09:07,621 [INFO] ThirdParty:1030 - CMSIS Pack Vendor :EmbeddedOffice I-CUBE-FS-RTOS 1.0.1
2026-08-15 10:09:07,621 [INFO] ThirdParty:1030 - CMSIS Pack Vendor :STMicroelectronics lwIP 2.0.3
2026-08-15 10:09:07,621 [INFO] ThirdParty:1030 - CMSIS Pack Vendor :STMicroelectronics X-CUBE-MEMS1 13.0.0
2026-08-15 10:09:07,621 [INFO] ThirdParty:1030 - CMSIS Pack Vendor :STMicroelectronics eDS-WB_DPC_3PH2L-BIDIR 1.1.1
2026-08-15 10:09:07,621 [INFO] ThirdParty:1030 - CMSIS Pack Vendor :STMicroelectronics USB_HOST 1.0.0
2026-08-15 10:09:07,621 [INFO] ThirdParty:1030 - CMSIS Pack Vendor :STMicroelectronics X-CUBE-AZRTOS-G4 2.0.0
2026-08-15 10:09:07,621 [INFO] ThirdParty:1030 - CMSIS Pack Vendor :STMicroelectronics PDM2PCM 3.1.0
2026-08-15 10:09:07,621 [INFO] ThirdParty:1030 - CMSIS Pack Vendor :STMicroelectronics PDM2PCM 3.3.0
2026-08-15 10:09:07,621 [INFO] ThirdParty:1030 - CMSIS Pack Vendor :wolfSSL I-CUBE-wolfTPM 3.8.0
2026-08-15 10:09:07,621 [INFO] ThirdParty:1030 - CMSIS Pack Vendor :STMicroelectronics X-CUBE-DISPLAY 3.0.0
2026-08-15 10:09:07,621 [INFO] ThirdParty:1030 - CMSIS Pack Vendor :wolfSSL I-CUBE-wolfSSH 1.4.20
2026-08-15 10:09:07,621 [INFO] ThirdParty:1030 - CMSIS Pack Vendor :STMicroelectronics X-CUBE-NFC7 2.0.0
2026-08-15 10:09:07,621 [INFO] ThirdParty:1030 - CMSIS Pack Vendor :STMicroelectronics X-CUBE-GNSS1 7.1.1
2026-08-15 10:09:07,621 [INFO] ThirdParty:1030 - CMSIS Pack Vendor :STMicroelectronics X-CUBE-TCPP 4.2.0
2026-08-15 10:09:07,621 [INFO] ThirdParty:1030 - CMSIS Pack Vendor :RealThread X-CUBE-RT-Thread_Nano 4.1.1
2026-08-15 10:09:07,621 [INFO] ThirdParty:1030 - CMSIS Pack Vendor :wolfSSL I-CUBE-wolfSSL 5.9.1
2026-08-15 10:09:07,621 [INFO] ThirdParty:1030 - CMSIS Pack Vendor :STMicroelectronics FP-ATR-SIGFOX1 3.2.0
2026-08-15 10:09:07,621 [INFO] ThirdParty:1030 - CMSIS Pack Vendor :STMicroelectronics X-CUBE-NFC10 1.0.0
2026-08-15 10:09:07,621 [INFO] ThirdParty:1030 - CMSIS Pack Vendor :STMicroelectronics HAL Drivers 0.0.0
2026-08-15 10:09:07,621 [INFO] ThirdParty:1030 - CMSIS Pack Vendor :STMicroelectronics MBEDTLS 2.16.2
2026-08-15 10:09:07,622 [INFO] ThirdParty:1030 - CMSIS Pack Vendor :STMicroelectronics X-CUBE-ST60 1.1.0
2026-08-15 10:09:07,622 [INFO] ThirdParty:1030 - CMSIS Pack Vendor :STMicroelectronics X-CUBE-ALS 1.0.2
2026-08-15 10:09:07,622 [INFO] ThirdParty:1030 - CMSIS Pack Vendor :emotas I-CUBE-CANOPEN 1.3.0
2026-08-15 10:09:07,622 [INFO] ThirdParty:1030 - CMSIS Pack Vendor :STMicroelectronics MBEDTLS 2.14.1
2026-08-15 10:09:07,622 [INFO] ThirdParty:1030 - CMSIS Pack Vendor :ITTIA_DB I-CUBE-ITTIADB 8.9.0
2026-08-15 10:09:07,622 [INFO] ThirdParty:1030 - CMSIS Pack Vendor :Cesanta I-CUBE-Mongoose 7.21.7
2026-08-15 10:09:07,622 [INFO] ThirdParty:1030 - CMSIS Pack Vendor :STMicroelectronics X-CUBE-TOUCHGFX 4.26.1
2026-08-15 10:09:07,622 [INFO] ThirdParty:1030 - CMSIS Pack Vendor :STMicroelectronics X-CUBE-NFC6 3.2.0
2026-08-15 10:09:07,622 [INFO] ThirdParty:1030 - CMSIS Pack Vendor :STMicroelectronics X-CUBE-AI 10.2.1
2026-08-15 10:09:07,622 [INFO] ThirdParty:1030 - CMSIS Pack Vendor :STMicroelectronics ThreadX 1.0.0
2026-08-15 10:09:07,622 [INFO] ThirdParty:1030 - CMSIS Pack Vendor :STMicroelectronics FP-SNS-SMARTAG2 1.2.0
2026-08-15 10:09:07,622 [INFO] ThirdParty:1030 - CMSIS Pack Vendor :STMicroelectronics X-CUBE-MEMS1 12.1.0
2026-08-15 10:09:07,622 [INFO] ThirdParty:1030 - CMSIS Pack Vendor :STMicroelectronics FP-SNS-FLIGHT1 5.1.0
2026-08-15 10:09:07,622 [INFO] ThirdParty:1030 - CMSIS Pack Vendor :STMicroelectronics X-CUBE-AZRTOS-WL 2.0.0
2026-08-15 10:09:07,622 [INFO] ThirdParty:1030 - CMSIS Pack Vendor :SEGGER I-CUBE-embOS 1.3.1
2026-08-15 10:09:07,622 [INFO] ThirdParty:1030 - CMSIS Pack Vendor :STMicroelectronics X-CUBE-DPower 1.3.0
2026-08-15 10:09:07,622 [INFO] ThirdParty:1030 - CMSIS Pack Vendor :STMicroelectronics USB_DEVICE 1.0.0
2026-08-15 10:09:07,622 [INFO] ThirdParty:1030 - CMSIS Pack Vendor :STMicroelectronics X-CUBE-AZRTOS-L4 2.0.0
2026-08-15 10:09:07,622 [INFO] ThirdParty:1030 - CMSIS Pack Vendor :STMicroelectronics ThreadX 0.0.2
2026-08-15 10:09:07,622 [INFO] ThirdParty:1030 - CMSIS Pack Vendor :STMicroelectronics lwIP 2.1.2
2026-08-15 10:09:07,622 [INFO] ThirdParty:1030 - CMSIS Pack Vendor :STMicroelectronics X-CUBE-SFXS2LP1 4.0.0
2026-08-15 10:09:07,622 [INFO] ThirdParty:1030 - CMSIS Pack Vendor :STMicroelectronics X-CUBE-BLE2 3.3.0
2026-08-15 10:09:07,622 [INFO] ThirdParty:1030 - CMSIS Pack Vendor :Avnet-IOTCONNECT X-CUBE-iotc-st67-sdk 1.0.0
2026-08-15 10:09:07,622 [INFO] ThirdParty:1030 - CMSIS Pack Vendor :STMicroelectronics X-CUBE-TOF1 3.4.3
2026-08-15 10:09:07,622 [INFO] ThirdParty:1030 - CMSIS Pack Vendor :Infineon AIROC-Wi-Fi-Bluetooth-STM32 1.8.0
2026-08-15 10:09:07,622 [INFO] ThirdParty:1030 - CMSIS Pack Vendor :STMicroelectronics X-CUBE-NFC13 1.0.0
2026-08-15 10:09:07,622 [INFO] ThirdParty:1030 - CMSIS Pack Vendor :STMicroelectronics PDM2PCM 3.2.0
2026-08-15 10:09:07,622 [INFO] ThirdParty:1030 - CMSIS Pack Vendor :STMicroelectronics X-CUBE-WB05N 2.1.0
2026-08-15 10:09:07,622 [INFO] ThirdParty:841 - exiting critical section [change project]
2026-08-15 10:09:07,733 [INFO] PinOutPanel:1589 - setPackage(No Configuration,No Configuration)
2026-08-15 10:09:07,733 [INFO] PinOutPanel:1589 - setPackage(STM32F103C8Tx,LQFP48)
2026-08-15 10:09:07,935 [INFO] UtilMem:75 - Before build in PCC Used Memory: 685744120 Bytes (788529152)
2026-08-15 10:09:08,139 [INFO] UtilMem:75 - After build in PCC Used Memory: 294610768 Bytes (788529152)
2026-08-15 10:09:08,148 [INFO] IPUIPlugin:80 - create IPUIPlugin
2026-08-15 10:09:08,148 [INFO] IPUIPlugin:80 - create IPUIPlugin
2026-08-15 10:09:08,148 [INFO] IPUIPlugin:80 - create IPUIPlugin
2026-08-15 10:09:08,148 [INFO] IPUIPlugin:80 - create IPUIPlugin
2026-08-15 10:09:08,148 [INFO] IPUIPlugin:80 - create IPUIPlugin
2026-08-15 10:09:08,148 [INFO] IPUIPlugin:80 - create IPUIPlugin
2026-08-15 10:09:08,148 [INFO] IPUIPlugin:80 - create IPUIPlugin
2026-08-15 10:09:08,148 [INFO] IPUIPlugin:80 - create IPUIPlugin
2026-08-15 10:09:08,148 [INFO] IPUIPlugin:80 - create IPUIPlugin
2026-08-15 10:09:08,149 [INFO] IPUIPlugin:80 - create IPUIPlugin
2026-08-15 10:09:08,149 [INFO] IPUIPlugin:80 - create IPUIPlugin
2026-08-15 10:09:08,149 [INFO] IPUIPlugin:80 - create IPUIPlugin
2026-08-15 10:09:08,149 [INFO] IPUIPlugin:80 - create IPUIPlugin
2026-08-15 10:09:08,149 [INFO] IPUIPlugin:80 - create IPUIPlugin
2026-08-15 10:09:08,149 [INFO] IPUIPlugin:80 - create IPUIPlugin
2026-08-15 10:09:08,149 [INFO] IPUIPlugin:80 - create IPUIPlugin
2026-08-15 10:09:08,149 [INFO] IPUIPlugin:80 - create IPUIPlugin
2026-08-15 10:09:08,149 [INFO] IPUIPlugin:80 - create IPUIPlugin
2026-08-15 10:09:08,149 [INFO] IPUIPlugin:80 - create IPUIPlugin
2026-08-15 10:09:08,149 [INFO] IPUIPlugin:80 - create IPUIPlugin
2026-08-15 10:09:08,149 [INFO] IPUIPlugin:80 - create IPUIPlugin
2026-08-15 10:09:08,149 [INFO] IPUIPlugin:80 - create IPUIPlugin
2026-08-15 10:09:08,149 [INFO] IPUIPlugin:80 - create IPUIPlugin
2026-08-15 10:09:08,150 [INFO] IPUIPlugin:80 - create IPUIPlugin
2026-08-15 10:09:08,150 [INFO] IPUIPlugin:80 - create IPUIPlugin
2026-08-15 10:09:08,150 [INFO] IPUIPlugin:80 - create IPUIPlugin
2026-08-15 10:09:08,150 [INFO] IPUIPlugin:80 - create IPUIPlugin
2026-08-15 10:09:08,151 [WARN] IP:2250 - I2C_Coeff_DF not found: check if there is a RefParameter without a condition.
2026-08-15 10:09:08,151 [WARN] IP:2250 - Analog_Filter not found: check if there is a RefParameter without a condition.
2026-08-15 10:09:08,175 [INFO] CADModel:165 - CPN selected for project levelSTM32F103C8T6
2026-08-15 10:09:08,175 [INFO] CADModel:114 - Register for checkConnection events
2026-08-15 10:09:08,211 [INFO] OpenFileManager:385 - Restore cursor
2026-08-15 10:09:08,308 [WARN] IP:2250 - I2C_Coeff_DF not found: check if there is a RefParameter without a condition.
2026-08-15 10:09:08,308 [WARN] IP:2250 - Analog_Filter not found: check if there is a RefParameter without a condition.
2026-08-15 10:09:08,308 [WARN] IP:2250 - I2C_Coeff_DF not found: check if there is a RefParameter without a condition.
2026-08-15 10:09:08,308 [WARN] IP:2250 - Analog_Filter not found: check if there is a RefParameter without a condition.
2026-08-15 10:09:15,021 [INFO] MainUpdater:2872 - connection check result : 10
2026-08-15 10:09:15,021 [INFO] MainUpdater:2872 - connection check result : 10
2026-08-15 10:09:15,033 [INFO] MicroXplorer:468 - Change Database Path : 
2026-08-15 10:09:15,033 [INFO] MicroXplorer:498 - Change Database Version : DB.6.0.140
2026-08-15 10:09:15,036 [ERROR] ProjectManagerView:394 - 
java.lang.NullPointerException: Cannot invoke "javax.swing.JTextField.getText()" because the return value of "java.util.List.get(int)" is null
	at com.st.microxplorer.plugins.projectmanager.gui.ProjectChoiceTab$9.caretUpdate(ProjectChoiceTab.java:2678) ~[filemanager.jar:?]
	at javax.swing.text.JTextComponent.fireCaretUpdate(JTextComponent.java:408) ~[?:?]
	at javax.swing.text.JTextComponent$MutableCaretEvent.fire(JTextComponent.java:4484) ~[?:?]
	at javax.swing.text.JTextComponent$MutableCaretEvent.stateChanged(JTextComponent.java:4506) ~[?:?]
	at javax.swing.text.DefaultCaret.fireStateChanged(DefaultCaret.java:857) ~[?:?]
	at javax.swing.text.DefaultCaret.changeCaretPosition(DefaultCaret.java:1343) ~[?:?]
	at javax.swing.text.DefaultCaret.handleSetDot(DefaultCaret.java:1242) ~[?:?]
	at javax.swing.text.DefaultCaret.setDot(DefaultCaret.java:1223) ~[?:?]
	at javax.swing.text.DefaultCaret$Handler.insertUpdate(DefaultCaret.java:1819) ~[?:?]
	at javax.swing.text.AbstractDocument.fireInsertUpdate(AbstractDocument.java:227) ~[?:?]
	at javax.swing.text.AbstractDocument.handleInsertString(AbstractDocument.java:781) ~[?:?]
	at javax.swing.text.AbstractDocument.insertString(AbstractDocument.java:740) ~[?:?]
	at javax.swing.text.PlainDocument.insertString(PlainDocument.java:131) ~[?:?]
	at javax.swing.text.AbstractDocument.replace(AbstractDocument.java:699) ~[?:?]
	at javax.swing.text.JTextComponent.setText(JTextComponent.java:1725) ~[?:?]
	at com.st.microxplorer.plugins.projectmanager.gui.ProjectChoiceTab.createHeapStackFields(ProjectChoiceTab.java:979) ~[filemanager.jar:?]
	at com.st.microxplorer.plugins.projectmanager.gui.ProjectChoiceTab.buildLinkSettingsPanel(ProjectChoiceTab.java:3766) ~[filemanager.jar:?]
	at com.st.microxplorer.plugins.projectmanager.gui.ProjectChoiceTab.defineWindowsFields(ProjectChoiceTab.java:1962) ~[filemanager.jar:?]
	at com.st.microxplorer.plugins.projectmanager.gui.ProjectChoiceTab.updateSettings(ProjectChoiceTab.java:555) ~[filemanager.jar:?]
	at com.st.microxplorer.plugins.projectmanager.gui.ProjectSettingsPanel.UpdateDialog(ProjectSettingsPanel.java:245) ~[filemanager.jar:?]
	at com.st.microxplorer.plugins.projectmanager.ProjectManagerView.propertyChange(ProjectManagerView.java:391) ~[filemanager.jar:?]
	at java.beans.PropertyChangeSupport.fire(PropertyChangeSupport.java:343) ~[?:?]
	at java.beans.PropertyChangeSupport.firePropertyChange(PropertyChangeSupport.java:335) ~[?:?]
	at java.beans.PropertyChangeSupport.firePropertyChange(PropertyChangeSupport.java:268) ~[?:?]
	at com.st.microxplorer.util.MXPropertyChangeSupport.firePropertyChange(MXPropertyChangeSupport.java:54) ~[STM32CubeMX.jar:?]
	at com.st.microxplorer.mxsystem.MxSystem.closeConfig(MxSystem.java:899) ~[STM32CubeMX.jar:?]
	at com.st.microxplorer.maingui.MainPanel.closeConfig(MainPanel.java:789) ~[STM32CubeMX.jar:?]
	at com.st.microxplorer.plugins.filemanager.engine.OpenFileManager.loadConfigurationFile(OpenFileManager.java:287) ~[filemanager.jar:?]
	at com.st.microxplorer.plugins.filemanager.engine.MainFileManager.userLoadConfig(MainFileManager.java:341) ~[filemanager.jar:?]
	at com.st.microxplorer.plugins.filemanager.engine.MainFileManager.userLoadConfig(MainFileManager.java:319) ~[filemanager.jar:?]
	at com.st.microxplorer.plugins.filemanager.FileManagerView.getSpecificTask(FileManagerView.java:246) ~[filemanager.jar:?]
	at com.st.stm32cube.common.mx.editor.CubeMxEditor.getMxTabbedPaneInstance(CubeMxEditor.java:1198) ~[com.st.stm32cube.common.mx_6.14.0.202502271554/:?]
	at com.st.stm32cube.common.mx.editor.CubeMxEditor$12$1.createSwingComponent(CubeMxEditor.java:1068) ~[com.st.stm32cube.common.mx_6.14.0.202502271554/:?]
	at com.st.stm32cube.common.mx.oss.core.awtswtbridge.EmbeddedSwingComposite.doComponentCreation(EmbeddedSwingComposite.java:492) ~[com.st.stm32cube.common.mx.oss_6.14.0.202502271554/:?]
	at com.st.stm32cube.common.mx.oss.core.awtswtbridge.EmbeddedSwingComposite$4.run(EmbeddedSwingComposite.java:291) ~[com.st.stm32cube.common.mx.oss_6.14.0.202502271554/:?]
	at com.st.stm32cube.common.mx.oss.core.awtswtbridge.AwtEnvironment$2.run(AwtEnvironment.java:166) ~[com.st.stm32cube.common.mx.oss_6.14.0.202502271554/:?]
	at java.awt.event.InvocationEvent.dispatch(InvocationEvent.java:318) ~[?:?]
	at java.awt.EventQueue.dispatchEventImpl(EventQueue.java:773) ~[?:?]
	at java.awt.EventQueue$4.run(EventQueue.java:720) ~[?:?]
	at java.awt.EventQueue$4.run(EventQueue.java:714) ~[?:?]
	at java.security.AccessController.doPrivileged(AccessController.java:400) ~[?:?]
	at java.security.ProtectionDomain$JavaSecurityAccessImpl.doIntersectionPrivilege(ProtectionDomain.java:87) ~[?:?]
	at java.awt.EventQueue.dispatchEvent(EventQueue.java:742) ~[?:?]
	at java.awt.EventDispatchThread.pumpOneEventForFilters(EventDispatchThread.java:203) ~[?:?]
	at java.awt.EventDispatchThread.pumpEventsForFilter(EventDispatchThread.java:124) ~[?:?]
	at java.awt.EventDispatchThread.pumpEventsForHierarchy(EventDispatchThread.java:113) ~[?:?]
	at java.awt.EventDispatchThread.pumpEvents(EventDispatchThread.java:109) ~[?:?]
	at java.awt.EventDispatchThread.pumpEvents(EventDispatchThread.java:101) ~[?:?]
	at java.awt.EventDispatchThread.run(EventDispatchThread.java:90) ~[?:?]
2026-08-15 10:09:15,037 [WARN] ThirdParty:871 - waiting for thirdparty lock release [close project]
2026-08-15 10:09:15,037 [INFO] ThirdParty:873 - entering critical section [close project]
2026-08-15 10:09:15,037 [INFO] ThirdParty:883 - exiting critical section [close project]
2026-08-15 10:09:15,038 [INFO] PinOutPanel:1589 - setPackage(No Configuration,No Configuration)
2026-08-15 10:09:15,039 [INFO] UtilMem:75 - Begin LoadConfig() Used Memory: 509568848 Bytes (788529152)
2026-08-15 10:09:15,039 [INFO] MicroXplorer:468 - Change Database Path : 
2026-08-15 10:09:15,039 [INFO] MicroXplorer:498 - Change Database Version : DB.6.0.140
2026-08-15 10:09:15,039 [INFO] OpenFileManager:354 - Change cursor
2026-08-15 10:09:15,042 [INFO] Mcu:2011 - Initializing MCU STM32F103C(8-B)Tx STM32F103C8Tx STM32F103C8T6
2026-08-15 10:09:15,217 [INFO] Context:756 - Trying to add GPIOservice into a context  which must be forbidden
2026-08-15 10:09:15,329 [INFO] ImportTextPane:218 - (OptionalMessage_ERROR) Pin25 (VP_RIF_VS_RIF1) cannot be retrieved for this MCU
2026-08-15 10:09:15,338 [INFO] RtosManager:558 - Registered RTOS mode: class=CMSIS, group=RTOS, mode=CMSIS_V1, owner=FREERTOS
2026-08-15 10:09:15,338 [INFO] RtosManager:558 - Registered RTOS mode: class=CMSIS, group=RTOS2, mode=CMSIS_V2, owner=FREERTOS
2026-08-15 10:09:15,338 [INFO] RtosManager:558 - Registered RTOS mode: class=RTOS, group=Core, mode=CMSIS_V1, owner=FREERTOS
2026-08-15 10:09:15,338 [INFO] RtosManager:558 - Registered RTOS mode: class=RTOS, group=Core, mode=CMSIS_V2, owner=FREERTOS
2026-08-15 10:09:15,338 [WARN] ModelIntegratedComponent:184 - Missing modes for component STMicroelectronics:FreeRTOS:0.0.1:STMicroelectronics:RTOS:FreeRTOS:Core:::10.2.0:
2026-08-15 10:09:15,365 [WARN] ModelIntegratedComponent:63 - No mode defined for component null
2026-08-15 10:09:15,365 [WARN] ModelIntegratedComponent:63 - No mode defined for component null
2026-08-15 10:09:15,365 [WARN] ModelIntegratedComponent:63 - No mode defined for component null
2026-08-15 10:09:15,365 [WARN] ModelIntegratedComponent:63 - No mode defined for component null
2026-08-15 10:09:15,365 [WARN] ModelIntegratedComponent:63 - No mode defined for component null
2026-08-15 10:09:15,365 [WARN] ModelIntegratedComponent:63 - No mode defined for component null
2026-08-15 10:09:15,365 [WARN] ModelIntegratedComponent:63 - No mode defined for component null
2026-08-15 10:09:15,365 [WARN] ModelIntegratedComponent:63 - No mode defined for component null
2026-08-15 10:09:15,365 [WARN] ModelIntegratedComponent:63 - No mode defined for component null
2026-08-15 10:09:15,365 [WARN] ModelIntegratedComponent:63 - No mode defined for component null
2026-08-15 10:09:15,365 [WARN] ModelIntegratedComponent:63 - No mode defined for component null
2026-08-15 10:09:15,365 [WARN] ModelIntegratedComponent:63 - No mode defined for component null
2026-08-15 10:09:15,365 [WARN] ModelIntegratedComponent:63 - No mode defined for component null
2026-08-15 10:09:15,365 [WARN] ModelIntegratedComponent:63 - No mode defined for component null
2026-08-15 10:09:15,365 [WARN] ModelIntegratedComponent:63 - No mode defined for component null
2026-08-15 10:09:15,365 [WARN] ModelIntegratedComponent:63 - No mode defined for component null
2026-08-15 10:09:15,366 [WARN] ModelIntegratedComponent:63 - No mode defined for component null
2026-08-15 10:09:15,366 [WARN] ModelIntegratedComponent:63 - No mode defined for component null
2026-08-15 10:09:15,366 [WARN] ModelIntegratedComponent:63 - No mode defined for component null
2026-08-15 10:09:15,366 [WARN] ModelIntegratedComponent:63 - No mode defined for component null
2026-08-15 10:09:15,366 [WARN] ModelIntegratedComponent:63 - No mode defined for component null
2026-08-15 10:09:15,366 [WARN] ModelIntegratedComponent:63 - No mode defined for component null
2026-08-15 10:09:15,366 [WARN] ModelIntegratedComponent:63 - No mode defined for component null
2026-08-15 10:09:15,366 [WARN] ModelIntegratedComponent:63 - No mode defined for component null
2026-08-15 10:09:15,366 [WARN] ModelIntegratedComponent:63 - No mode defined for component null
2026-08-15 10:09:15,366 [WARN] ModelIntegratedComponent:63 - No mode defined for component null
2026-08-15 10:09:15,366 [WARN] ModelIntegratedComponent:63 - No mode defined for component null
2026-08-15 10:09:15,366 [WARN] ModelIntegratedComponent:63 - No mode defined for component null
2026-08-15 10:09:15,366 [WARN] ModelIntegratedComponent:63 - No mode defined for component null
2026-08-15 10:09:15,366 [WARN] ModelIntegratedComponent:63 - No mode defined for component null
2026-08-15 10:09:15,366 [WARN] ModelIntegratedComponent:63 - No mode defined for component null
2026-08-15 10:09:15,366 [WARN] ModelIntegratedComponent:63 - No mode defined for component null
2026-08-15 10:09:15,366 [WARN] ModelIntegratedComponent:63 - No mode defined for component null
2026-08-15 10:09:15,366 [WARN] ModelIntegratedComponent:63 - No mode defined for component null
2026-08-15 10:09:15,366 [WARN] ModelIntegratedComponent:63 - No mode defined for component null
2026-08-15 10:09:15,366 [WARN] ModelPack:524 - Component already loaded: STMicroelectronics:HAL Drivers:0.0.0:STMicroelectronics:Device:STMicro_Driver:XSPI:HAL::0.0.1:HAL_XSPI
2026-08-15 10:09:15,398 [INFO] ThirdPartyModel:298 - Start build external matchings
2026-08-15 10:09:15,595 [INFO] ThirdPartyModel:316 - End build external matchings
2026-08-15 10:09:15,600 [INFO] ImportTextPane:218 - (OptionalMessage_ERROR) IP (DMA) : Parameter (Instance) has Id (ADC1) currently not set
2026-08-15 10:09:15,600 [INFO] ImportTextPane:218 - (OptionalMessage_ERROR) IP (DMA) : Parameter (Direction) has Id (ADC1) currently not set
2026-08-15 10:09:15,600 [INFO] ImportTextPane:218 - (OptionalMessage_ERROR) IP (DMA) : Parameter (PeriphInc) has Id (ADC1) currently not set
2026-08-15 10:09:15,600 [INFO] ImportTextPane:218 - (OptionalMessage_ERROR) IP (DMA) : Parameter (MemInc) has Id (ADC1) currently not set
2026-08-15 10:09:15,601 [INFO] ImportTextPane:218 - (OptionalMessage_ERROR) IP (DMA) : Parameter (PeriphDataAlignment) has Id (ADC1) currently not set
2026-08-15 10:09:15,601 [INFO] ImportTextPane:218 - (OptionalMessage_ERROR) IP (DMA) : Parameter (MemDataAlignment) has Id (ADC1) currently not set
2026-08-15 10:09:15,601 [INFO] ImportTextPane:218 - (OptionalMessage_ERROR) IP (DMA) : Parameter (Mode) has Id (ADC1) currently not set
2026-08-15 10:09:15,601 [INFO] ImportTextPane:218 - (OptionalMessage_ERROR) IP (DMA) : Parameter (Priority) has Id (ADC1) currently not set
2026-08-15 10:09:15,601 [INFO] ImportTextPane:218 - (OptionalMessage_ERROR) IP (RCC) : Invalid parameter (FamilyName)
2026-08-15 10:09:15,601 [INFO] ImportTextPane:218 - (OptionalMessage_ERROR) IP (RCC) : Parameter (USBFreq_Value) has invalid value (32000000)
2026-08-15 10:09:15,664 [INFO] UtilMem:75 - End LoadConfig() Used Memory: 554172616 Bytes (788529152)
2026-08-15 10:09:15,668 [WARN] ThirdParty:833 - waiting for thirdparty lock release [change project]
2026-08-15 10:09:15,668 [INFO] ThirdParty:835 - entering critical section [change project]
2026-08-15 10:09:15,668 [INFO] ThirdParty:1030 - CMSIS Pack Vendor :STMicroelectronics X-CUBE-AZRTOS-H7 3.5.0
2026-08-15 10:09:15,668 [INFO] ThirdParty:1030 - CMSIS Pack Vendor :STMicroelectronics X-CUBE-PM33A1 1.0.0
2026-08-15 10:09:15,668 [INFO] ThirdParty:1030 - CMSIS Pack Vendor :STMicroelectronics USBPD 4.1
2026-08-15 10:09:15,668 [INFO] ThirdParty:1030 - CMSIS Pack Vendor :STMicroelectronics X-CUBE-NFC9 1.0.0
2026-08-15 10:09:15,668 [INFO] ThirdParty:1030 - CMSIS Pack Vendor :STMicroelectronics USB_HOST 2.0.0
2026-08-15 10:09:15,668 [INFO] ThirdParty:1030 - CMSIS Pack Vendor :STMicroelectronics FP-ATR-ASTRA1 2.0.3
2026-08-15 10:09:15,668 [INFO] ThirdParty:1030 - CMSIS Pack Vendor :STMicroelectronics X-CUBE-AZRTOS-F4 1.1.0
2026-08-15 10:09:15,668 [INFO] ThirdParty:1030 - CMSIS Pack Vendor :STMicroelectronics LIBJPEG 8.0.0
2026-08-15 10:09:15,668 [INFO] ThirdParty:1030 - CMSIS Pack Vendor :STMicroelectronics FP-ATR-ASTRA1 2.0.2
2026-08-15 10:09:15,668 [INFO] ThirdParty:1030 - CMSIS Pack Vendor :STMicroelectronics X-CUBE-BLE1 7.1.0
2026-08-15 10:09:15,668 [INFO] ThirdParty:1030 - CMSIS Pack Vendor :wolfSSL I-CUBE-wolfMQTT 1.19.2
2026-08-15 10:09:15,668 [INFO] ThirdParty:1030 - CMSIS Pack Vendor :STMicroelectronics USB_DEVICE 3.0.0
2026-08-15 10:09:15,669 [INFO] ThirdParty:1030 - CMSIS Pack Vendor :STMicroelectronics X-CUBE-ISPU 2.1.0
2026-08-15 10:09:15,669 [INFO] ThirdParty:1030 - CMSIS Pack Vendor :STMicroelectronics X-CUBE-EEPRMA1 5.2.0
2026-08-15 10:09:15,669 [INFO] ThirdParty:1030 - CMSIS Pack Vendor :STMicroelectronics eDS-WB_DPC_TT-BIDIR 2.1.1
2026-08-15 10:09:15,669 [INFO] ThirdParty:1030 - CMSIS Pack Vendor :STMicroelectronics X-CUBE-AZRTOS-WB 2.0.0
2026-08-15 10:09:15,669 [INFO] ThirdParty:1030 - CMSIS Pack Vendor :STMicroelectronics X-CUBE-NFC12 1.0.0
2026-08-15 10:09:15,669 [INFO] ThirdParty:1030 - CMSIS Pack Vendor :STMicroelectronics X-CUBE-AZRTOS-F7 1.1.0
2026-08-15 10:09:15,669 [INFO] ThirdParty:1030 - CMSIS Pack Vendor :STMicroelectronics X-CUBE-AZRTOS-L5 2.0.0
2026-08-15 10:09:15,669 [INFO] ThirdParty:1030 - CMSIS Pack Vendor :STMicroelectronics USB_DEVICE 2.0.0
2026-08-15 10:09:15,669 [INFO] ThirdParty:1030 - CMSIS Pack Vendor :quantropi X-CUBE-qispace-sdk-base 2.1.0
2026-08-15 10:09:15,669 [INFO] ThirdParty:1030 - CMSIS Pack Vendor :STMicroelectronics X-CUBE-STSE01 2.0.0
2026-08-15 10:09:15,669 [INFO] ThirdParty:1030 - CMSIS Pack Vendor :STMicroelectronics X-CUBE-ALGOBUILD 1.5.0
2026-08-15 10:09:15,669 [INFO] ThirdParty:1030 - CMSIS Pack Vendor :STMicroelectronics FreeRTOS 0.0.1
2026-08-15 10:09:15,669 [INFO] ThirdParty:1030 - CMSIS Pack Vendor :STMicroelectronics X-CUBE-AZRTOS-H7RS 1.3.0
2026-08-15 10:09:15,669 [INFO] ThirdParty:1030 - CMSIS Pack Vendor :STMicroelectronics X-CUBE-AZRTOS-G0 1.1.0
2026-08-15 10:09:15,669 [INFO] ThirdParty:1030 - CMSIS Pack Vendor :STMicroelectronics X-CUBE-NFC4 3.0.0
2026-08-15 10:09:15,669 [INFO] ThirdParty:1030 - CMSIS Pack Vendor :STMicroelectronics X-CUBE-SUBG2 5.0.0
2026-08-15 10:09:15,669 [INFO] ThirdParty:1030 - CMSIS Pack Vendor :STMicroelectronics STM32_WPAN 1.0.0
2026-08-15 10:09:15,669 [INFO] ThirdParty:1030 - CMSIS Pack Vendor :STMicroelectronics eDS-WB_DPC_VIENNA 1.2.0
2026-08-15 10:09:15,669 [INFO] ThirdParty:1030 - CMSIS Pack Vendor :EmbeddedOffice I-CUBE-FS-RTOS 1.0.1
2026-08-15 10:09:15,669 [INFO] ThirdParty:1030 - CMSIS Pack Vendor :STMicroelectronics lwIP 2.0.3
2026-08-15 10:09:15,669 [INFO] ThirdParty:1030 - CMSIS Pack Vendor :STMicroelectronics X-CUBE-MEMS1 13.0.0
2026-08-15 10:09:15,669 [INFO] ThirdParty:1030 - CMSIS Pack Vendor :STMicroelectronics eDS-WB_DPC_3PH2L-BIDIR 1.1.1
2026-08-15 10:09:15,669 [INFO] ThirdParty:1030 - CMSIS Pack Vendor :STMicroelectronics USB_HOST 1.0.0
2026-08-15 10:09:15,669 [INFO] ThirdParty:1030 - CMSIS Pack Vendor :STMicroelectronics X-CUBE-AZRTOS-G4 2.0.0
2026-08-15 10:09:15,669 [INFO] ThirdParty:1030 - CMSIS Pack Vendor :STMicroelectronics PDM2PCM 3.1.0
2026-08-15 10:09:15,669 [INFO] ThirdParty:1030 - CMSIS Pack Vendor :STMicroelectronics PDM2PCM 3.3.0
2026-08-15 10:09:15,669 [INFO] ThirdParty:1030 - CMSIS Pack Vendor :wolfSSL I-CUBE-wolfTPM 3.8.0
2026-08-15 10:09:15,669 [INFO] ThirdParty:1030 - CMSIS Pack Vendor :STMicroelectronics X-CUBE-DISPLAY 3.0.0
2026-08-15 10:09:15,669 [INFO] ThirdParty:1030 - CMSIS Pack Vendor :wolfSSL I-CUBE-wolfSSH 1.4.20
2026-08-15 10:09:15,669 [INFO] ThirdParty:1030 - CMSIS Pack Vendor :STMicroelectronics X-CUBE-NFC7 2.0.0
2026-08-15 10:09:15,669 [INFO] ThirdParty:1030 - CMSIS Pack Vendor :STMicroelectronics X-CUBE-GNSS1 7.1.1
2026-08-15 10:09:15,669 [INFO] ThirdParty:1030 - CMSIS Pack Vendor :STMicroelectronics X-CUBE-TCPP 4.2.0
2026-08-15 10:09:15,669 [INFO] ThirdParty:1030 - CMSIS Pack Vendor :RealThread X-CUBE-RT-Thread_Nano 4.1.1
2026-08-15 10:09:15,669 [INFO] ThirdParty:1030 - CMSIS Pack Vendor :wolfSSL I-CUBE-wolfSSL 5.9.1
2026-08-15 10:09:15,669 [INFO] ThirdParty:1030 - CMSIS Pack Vendor :STMicroelectronics FP-ATR-SIGFOX1 3.2.0
2026-08-15 10:09:15,669 [INFO] ThirdParty:1030 - CMSIS Pack Vendor :STMicroelectronics X-CUBE-NFC10 1.0.0
2026-08-15 10:09:15,669 [INFO] ThirdParty:1030 - CMSIS Pack Vendor :STMicroelectronics HAL Drivers 0.0.0
2026-08-15 10:09:15,669 [INFO] ThirdParty:1030 - CMSIS Pack Vendor :STMicroelectronics MBEDTLS 2.16.2
2026-08-15 10:09:15,669 [INFO] ThirdParty:1030 - CMSIS Pack Vendor :STMicroelectronics X-CUBE-ST60 1.1.0
2026-08-15 10:09:15,669 [INFO] ThirdParty:1030 - CMSIS Pack Vendor :STMicroelectronics X-CUBE-ALS 1.0.2
2026-08-15 10:09:15,669 [INFO] ThirdParty:1030 - CMSIS Pack Vendor :emotas I-CUBE-CANOPEN 1.3.0
2026-08-15 10:09:15,669 [INFO] ThirdParty:1030 - CMSIS Pack Vendor :STMicroelectronics MBEDTLS 2.14.1
2026-08-15 10:09:15,669 [INFO] ThirdParty:1030 - CMSIS Pack Vendor :ITTIA_DB I-CUBE-ITTIADB 8.9.0
2026-08-15 10:09:15,669 [INFO] ThirdParty:1030 - CMSIS Pack Vendor :Cesanta I-CUBE-Mongoose 7.21.7
2026-08-15 10:09:15,669 [INFO] ThirdParty:1030 - CMSIS Pack Vendor :STMicroelectronics X-CUBE-TOUCHGFX 4.26.1
2026-08-15 10:09:15,669 [INFO] ThirdParty:1030 - CMSIS Pack Vendor :STMicroelectronics X-CUBE-NFC6 3.2.0
2026-08-15 10:09:15,669 [INFO] ThirdParty:1030 - CMSIS Pack Vendor :STMicroelectronics X-CUBE-AI 10.2.1
2026-08-15 10:09:15,669 [INFO] ThirdParty:1030 - CMSIS Pack Vendor :STMicroelectronics ThreadX 1.0.0
2026-08-15 10:09:15,669 [INFO] ThirdParty:1030 - CMSIS Pack Vendor :STMicroelectronics FP-SNS-SMARTAG2 1.2.0
2026-08-15 10:09:15,669 [INFO] ThirdParty:1030 - CMSIS Pack Vendor :STMicroelectronics X-CUBE-MEMS1 12.1.0
2026-08-15 10:09:15,669 [INFO] ThirdParty:1030 - CMSIS Pack Vendor :STMicroelectronics FP-SNS-FLIGHT1 5.1.0
2026-08-15 10:09:15,669 [INFO] ThirdParty:1030 - CMSIS Pack Vendor :STMicroelectronics X-CUBE-AZRTOS-WL 2.0.0
2026-08-15 10:09:15,669 [INFO] ThirdParty:1030 - CMSIS Pack Vendor :SEGGER I-CUBE-embOS 1.3.1
2026-08-15 10:09:15,669 [INFO] ThirdParty:1030 - CMSIS Pack Vendor :STMicroelectronics X-CUBE-DPower 1.3.0
2026-08-15 10:09:15,669 [INFO] ThirdParty:1030 - CMSIS Pack Vendor :STMicroelectronics USB_DEVICE 1.0.0
2026-08-15 10:09:15,669 [INFO] ThirdParty:1030 - CMSIS Pack Vendor :STMicroelectronics X-CUBE-AZRTOS-L4 2.0.0
2026-08-15 10:09:15,669 [INFO] ThirdParty:1030 - CMSIS Pack Vendor :STMicroelectronics ThreadX 0.0.2
2026-08-15 10:09:15,669 [INFO] ThirdParty:1030 - CMSIS Pack Vendor :STMicroelectronics lwIP 2.1.2
2026-08-15 10:09:15,669 [INFO] ThirdParty:1030 - CMSIS Pack Vendor :STMicroelectronics X-CUBE-SFXS2LP1 4.0.0
2026-08-15 10:09:15,669 [INFO] ThirdParty:1030 - CMSIS Pack Vendor :STMicroelectronics X-CUBE-BLE2 3.3.0
2026-08-15 10:09:15,669 [INFO] ThirdParty:1030 - CMSIS Pack Vendor :Avnet-IOTCONNECT X-CUBE-iotc-st67-sdk 1.0.0
2026-08-15 10:09:15,669 [INFO] ThirdParty:1030 - CMSIS Pack Vendor :STMicroelectronics X-CUBE-TOF1 3.4.3
2026-08-15 10:09:15,669 [INFO] ThirdParty:1030 - CMSIS Pack Vendor :Infineon AIROC-Wi-Fi-Bluetooth-STM32 1.8.0
2026-08-15 10:09:15,669 [INFO] ThirdParty:1030 - CMSIS Pack Vendor :STMicroelectronics X-CUBE-NFC13 1.0.0
2026-08-15 10:09:15,669 [INFO] ThirdParty:1030 - CMSIS Pack Vendor :STMicroelectronics PDM2PCM 3.2.0
2026-08-15 10:09:15,669 [INFO] ThirdParty:1030 - CMSIS Pack Vendor :STMicroelectronics X-CUBE-WB05N 2.1.0
2026-08-15 10:09:15,669 [INFO] ThirdParty:841 - exiting critical section [change project]
2026-08-15 10:09:15,762 [INFO] PinOutPanel:1589 - setPackage(No Configuration,No Configuration)
2026-08-15 10:09:15,763 [INFO] PinOutPanel:1589 - setPackage(STM32F103C8Tx,LQFP48)
2026-08-15 10:09:15,877 [INFO] UtilMem:75 - Before build in PCC Used Memory: 316409984 Bytes (788529152)
2026-08-15 10:09:16,006 [INFO] UtilMem:75 - After build in PCC Used Memory: 356778112 Bytes (788529152)
2026-08-15 10:09:16,020 [INFO] IPUIPlugin:80 - create IPUIPlugin
2026-08-15 10:09:16,020 [INFO] IPUIPlugin:80 - create IPUIPlugin
2026-08-15 10:09:16,020 [INFO] IPUIPlugin:80 - create IPUIPlugin
2026-08-15 10:09:16,020 [INFO] IPUIPlugin:80 - create IPUIPlugin
2026-08-15 10:09:16,020 [INFO] IPUIPlugin:80 - create IPUIPlugin
2026-08-15 10:09:16,020 [INFO] IPUIPlugin:80 - create IPUIPlugin
2026-08-15 10:09:16,020 [INFO] IPUIPlugin:80 - create IPUIPlugin
2026-08-15 10:09:16,020 [INFO] IPUIPlugin:80 - create IPUIPlugin
2026-08-15 10:09:16,020 [INFO] IPUIPlugin:80 - create IPUIPlugin
2026-08-15 10:09:16,020 [INFO] IPUIPlugin:80 - create IPUIPlugin
2026-08-15 10:09:16,021 [INFO] IPUIPlugin:80 - create IPUIPlugin
2026-08-15 10:09:16,021 [INFO] IPUIPlugin:80 - create IPUIPlugin
2026-08-15 10:09:16,021 [INFO] IPUIPlugin:80 - create IPUIPlugin
2026-08-15 10:09:16,021 [INFO] IPUIPlugin:80 - create IPUIPlugin
2026-08-15 10:09:16,021 [INFO] IPUIPlugin:80 - create IPUIPlugin
2026-08-15 10:09:16,021 [INFO] IPUIPlugin:80 - create IPUIPlugin
2026-08-15 10:09:16,021 [INFO] IPUIPlugin:80 - create IPUIPlugin
2026-08-15 10:09:16,021 [INFO] IPUIPlugin:80 - create IPUIPlugin
2026-08-15 10:09:16,021 [INFO] IPUIPlugin:80 - create IPUIPlugin
2026-08-15 10:09:16,021 [INFO] IPUIPlugin:80 - create IPUIPlugin
2026-08-15 10:09:16,022 [INFO] IPUIPlugin:80 - create IPUIPlugin
2026-08-15 10:09:16,022 [INFO] IPUIPlugin:80 - create IPUIPlugin
2026-08-15 10:09:16,022 [INFO] IPUIPlugin:80 - create IPUIPlugin
2026-08-15 10:09:16,022 [INFO] IPUIPlugin:80 - create IPUIPlugin
2026-08-15 10:09:16,022 [INFO] IPUIPlugin:80 - create IPUIPlugin
2026-08-15 10:09:16,022 [INFO] IPUIPlugin:80 - create IPUIPlugin
2026-08-15 10:09:16,023 [INFO] IPUIPlugin:80 - create IPUIPlugin
2026-08-15 10:09:16,024 [WARN] IP:2250 - I2C_Coeff_DF not found: check if there is a RefParameter without a condition.
2026-08-15 10:09:16,024 [WARN] IP:2250 - Analog_Filter not found: check if there is a RefParameter without a condition.
2026-08-15 10:09:16,052 [INFO] CADModel:165 - CPN selected for project levelSTM32F103C8T6
2026-08-15 10:09:16,052 [INFO] CADModel:114 - Register for checkConnection events
2026-08-15 10:09:16,088 [INFO] OpenFileManager:385 - Restore cursor
2026-08-15 10:09:16,174 [WARN] IP:2250 - I2C_Coeff_DF not found: check if there is a RefParameter without a condition.
2026-08-15 10:09:16,174 [WARN] IP:2250 - Analog_Filter not found: check if there is a RefParameter without a condition.
2026-08-15 10:09:16,175 [WARN] IP:2250 - I2C_Coeff_DF not found: check if there is a RefParameter without a condition.
2026-08-15 10:09:16,175 [WARN] IP:2250 - Analog_Filter not found: check if there is a RefParameter without a condition.
2026-08-15 10:09:33,280 [ERROR] LogOutputStream:75 - [STDERR_REDIRECT] Aug 15, 2026 10:09:33 AM java.util.prefs.FileSystemPreferences checkLockFile0ErrorCode
2026-08-15 10:09:33,280 [ERROR] LogOutputStream:75 - [STDERR_REDIRECT] WARNING: Could not lock System prefs. Unix error code 2.
2026-08-15 10:09:33,280 [ERROR] LogOutputStream:75 - [STDERR_REDIRECT] 
2026-08-15 10:09:33,280 [ERROR] LogOutputStream:75 - [STDERR_REDIRECT] Aug 15, 2026 10:09:33 AM java.util.prefs.FileSystemPreferences syncWorld
2026-08-15 10:09:33,280 [ERROR] LogOutputStream:75 - [STDERR_REDIRECT] WARNING: Couldn't flush system prefs: java.util.prefs.BackingStoreException: Couldn't get file lock.
2026-08-15 10:09:33,280 [ERROR] LogOutputStream:75 - [STDERR_REDIRECT] 
2026-08-15 10:10:03,275 [ERROR] LogOutputStream:75 - [STDERR_REDIRECT] Aug 15, 2026 10:10:03 AM java.util.prefs.FileSystemPreferences checkLockFile0ErrorCode
2026-08-15 10:10:03,275 [ERROR] LogOutputStream:75 - [STDERR_REDIRECT] WARNING: Could not lock System prefs. Unix error code 2.
2026-08-15 10:10:03,275 [ERROR] LogOutputStream:75 - [STDERR_REDIRECT] 
2026-08-15 10:10:03,276 [ERROR] LogOutputStream:75 - [STDERR_REDIRECT] Aug 15, 2026 10:10:03 AM java.util.prefs.FileSystemPreferences syncWorld
2026-08-15 10:10:03,276 [ERROR] LogOutputStream:75 - [STDERR_REDIRECT] WARNING: Couldn't flush system prefs: java.util.prefs.BackingStoreException: Couldn't get file lock.
2026-08-15 10:10:03,276 [ERROR] LogOutputStream:75 - [STDERR_REDIRECT] 
2026-08-15 10:10:33,275 [ERROR] LogOutputStream:75 - [STDERR_REDIRECT] Aug 15, 2026 10:10:33 AM java.util.prefs.FileSystemPreferences checkLockFile0ErrorCode
2026-08-15 10:10:33,275 [ERROR] LogOutputStream:75 - [STDERR_REDIRECT] WARNING: Could not lock System prefs. Unix error code 2.
2026-08-15 10:10:33,275 [ERROR] LogOutputStream:75 - [STDERR_REDIRECT] 
2026-08-15 10:10:33,275 [ERROR] LogOutputStream:75 - [STDERR_REDIRECT] Aug 15, 2026 10:10:33 AM java.util.prefs.FileSystemPreferences syncWorld
2026-08-15 10:10:33,275 [ERROR] LogOutputStream:75 - [STDERR_REDIRECT] WARNING: Couldn't flush system prefs: java.util.prefs.BackingStoreException: Couldn't get file lock.
2026-08-15 10:10:33,275 [ERROR] LogOutputStream:75 - [STDERR_REDIRECT] 
2026-08-15 10:11:03,275 [ERROR] LogOutputStream:75 - [STDERR_REDIRECT] Aug 15, 2026 10:11:03 AM java.util.prefs.FileSystemPreferences checkLockFile0ErrorCode
2026-08-15 10:11:03,276 [ERROR] LogOutputStream:75 - [STDERR_REDIRECT] WARNING: Could not lock System prefs. Unix error code 2.
2026-08-15 10:11:03,276 [ERROR] LogOutputStream:75 - [STDERR_REDIRECT] 
2026-08-15 10:11:03,276 [ERROR] LogOutputStream:75 - [STDERR_REDIRECT] Aug 15, 2026 10:11:03 AM java.util.prefs.FileSystemPreferences syncWorld
2026-08-15 10:11:03,276 [ERROR] LogOutputStream:75 - [STDERR_REDIRECT] WARNING: Couldn't flush system prefs: java.util.prefs.BackingStoreException: Couldn't get file lock.
2026-08-15 10:11:03,276 [ERROR] LogOutputStream:75 - [STDERR_REDIRECT] 
2026-08-15 10:11:09,683 [WARN] IP:2250 - I2C_Coeff_DF not found: check if there is a RefParameter without a condition.
2026-08-15 10:11:09,683 [WARN] IP:2250 - Analog_Filter not found: check if there is a RefParameter without a condition.
2026-08-15 10:11:09,689 [WARN] IP:2250 - I2C_Coeff_DF not found: check if there is a RefParameter without a condition.
2026-08-15 10:11:09,689 [WARN] IP:2250 - Analog_Filter not found: check if there is a RefParameter without a condition.
2026-08-15 10:11:09,716 [WARN] IP:2250 - I2C_Coeff_DF not found: check if there is a RefParameter without a condition.
2026-08-15 10:11:09,716 [WARN] IP:2250 - Analog_Filter not found: check if there is a RefParameter without a condition.
2026-08-15 10:11:09,728 [WARN] IP:2250 - I2C_Coeff_DF not found: check if there is a RefParameter without a condition.
2026-08-15 10:11:09,728 [WARN] IP:2250 - Analog_Filter not found: check if there is a RefParameter without a condition.
2026-08-15 10:11:21,244 [INFO] UtilMem:75 - End SaveConfig() Used Memory: 590217088 Bytes (788529152)
2026-08-15 10:11:21,284 [INFO] UtilMem:75 - End SaveConfig() Used Memory: 602368048 Bytes (788529152)
2026-08-15 10:11:21,683 [INFO] UtilMem:75 - End SaveConfig() Used Memory: 667124336 Bytes (788529152)
2026-08-15 10:11:21,858 [INFO] BlockDiagram:2775 - set Specific Code input for plugin: SPI
2026-08-15 10:11:21,858 [INFO] BlockDiagram:2775 - set Specific Code input for plugin: NVIC
2026-08-15 10:11:21,858 [INFO] BlockDiagram:2775 - set Specific Code input for plugin: USART
2026-08-15 10:11:21,858 [INFO] BlockDiagram:2775 - set Specific Code input for plugin: DMA
2026-08-15 10:11:21,858 [INFO] BlockDiagram:2775 - set Specific Code input for plugin: SYS
2026-08-15 10:11:21,859 [INFO] BlockDiagram:2775 - set Specific Code input for plugin: GPIO
2026-08-15 10:11:21,859 [INFO] BlockDiagram:2775 - set Specific Code input for plugin: ADC
2026-08-15 10:11:21,859 [INFO] BlockDiagram:2775 - set Specific Code input for plugin: RCC
2026-08-15 10:11:21,859 [INFO] BlockDiagram:2775 - set Specific Code input for plugin: I2C
2026-08-15 10:11:21,859 [INFO] CodeGenerator:882 - code generatio: config db path: /opt/st/stm32cubeide_1.18.0/plugins/com.st.stm32cube.common.mx_6.14.0.202502271554//db/
2026-08-15 10:11:21,862 [INFO] Argument:325 - Argument : hdmavalue: null
2026-08-15 10:11:21,863 [INFO] Argument:327 - 	 sub Args: 
2026-08-15 10:11:21,863 [INFO] Argument:325 - Argument : Instancevalue: DMA1_Channel1
2026-08-15 10:11:21,863 [INFO] Argument:335 - Argument : Instancevalue: DMA1_Channel1
2026-08-15 10:11:21,863 [INFO] Argument:325 - Argument : Initvalue: null
2026-08-15 10:11:21,863 [INFO] Argument:327 - 	 sub Args: 
2026-08-15 10:11:21,863 [INFO] Argument:325 - Argument : Directionvalue: DMA_PERIPH_TO_MEMORY
2026-08-15 10:11:21,863 [INFO] Argument:335 - Argument : Directionvalue: DMA_PERIPH_TO_MEMORY
2026-08-15 10:11:21,863 [INFO] Argument:325 - Argument : PeriphIncvalue: DMA_PINC_DISABLE
2026-08-15 10:11:21,863 [INFO] Argument:335 - Argument : PeriphIncvalue: DMA_PINC_DISABLE
2026-08-15 10:11:21,863 [INFO] Argument:325 - Argument : MemIncvalue: DMA_MINC_ENABLE
2026-08-15 10:11:21,863 [INFO] Argument:335 - Argument : MemIncvalue: DMA_MINC_ENABLE
2026-08-15 10:11:21,863 [INFO] Argument:325 - Argument : PeriphDataAlignmentvalue: DMA_PDATAALIGN_HALFWORD
2026-08-15 10:11:21,863 [INFO] Argument:335 - Argument : PeriphDataAlignmentvalue: DMA_PDATAALIGN_HALFWORD
2026-08-15 10:11:21,863 [INFO] Argument:325 - Argument : MemDataAlignmentvalue: DMA_MDATAALIGN_HALFWORD
2026-08-15 10:11:21,863 [INFO] Argument:335 - Argument : MemDataAlignmentvalue: DMA_MDATAALIGN_HALFWORD
2026-08-15 10:11:21,863 [INFO] Argument:325 - Argument : Modevalue: DMA_CIRCULAR
2026-08-15 10:11:21,863 [INFO] Argument:335 - Argument : Modevalue: DMA_CIRCULAR
2026-08-15 10:11:21,863 [INFO] Argument:325 - Argument : Priorityvalue: DMA_PRIORITY_LOW
2026-08-15 10:11:21,863 [INFO] Argument:335 - Argument : Priorityvalue: DMA_PRIORITY_LOW
2026-08-15 10:11:21,863 [INFO] Argument:325 - Argument : Lockvalue: null
2026-08-15 10:11:21,863 [INFO] Argument:335 - Argument : Lockvalue: null
2026-08-15 10:11:21,863 [INFO] Argument:325 - Argument : Statevalue: null
2026-08-15 10:11:21,863 [INFO] Argument:335 - Argument : Statevalue: null
2026-08-15 10:11:21,863 [INFO] Argument:325 - Argument : Parentvalue: null
2026-08-15 10:11:21,863 [INFO] Argument:335 - Argument : Parentvalue: null
2026-08-15 10:11:21,863 [INFO] Argument:325 - Argument : XferCpltCallbackvalue: null
2026-08-15 10:11:21,863 [INFO] Argument:335 - Argument : XferCpltCallbackvalue: null
2026-08-15 10:11:21,863 [INFO] Argument:325 - Argument : XferHalfCpltCallbackvalue: null
2026-08-15 10:11:21,863 [INFO] Argument:335 - Argument : XferHalfCpltCallbackvalue: null
2026-08-15 10:11:21,863 [INFO] Argument:325 - Argument : XferErrorCallbackvalue: null
2026-08-15 10:11:21,863 [INFO] Argument:335 - Argument : XferErrorCallbackvalue: null
2026-08-15 10:11:21,863 [INFO] Argument:325 - Argument : ErrorCodevalue: null
2026-08-15 10:11:21,863 [INFO] Argument:335 - Argument : ErrorCodevalue: null
2026-08-15 10:11:21,864 [WARN] IP:2250 - I2C_Coeff_DF not found: check if there is a RefParameter without a condition.
2026-08-15 10:11:21,864 [WARN] IP:2250 - Analog_Filter not found: check if there is a RefParameter without a condition.
2026-08-15 10:11:22,004 [INFO] CodeEngine:263 - oldGeneratedFile, /home/thuy/embedded/project/Quadcopter-STM32F4/STM32-RC_Transmitter/MXTmpFiles/license.tmp_save
2026-08-15 10:11:22,193 [INFO] CodeEngine:287 - Generated code: /home/thuy/embedded/project/Quadcopter-STM32F4/STM32-RC_Transmitter/MXTmpFiles/license.tmp
2026-08-15 10:11:22,232 [INFO] CodeEngine:263 - oldGeneratedFile, /home/thuy/embedded/project/Quadcopter-STM32F4/STM32-RC_Transmitter/MXTmpFiles/gpio.tmp_save
2026-08-15 10:11:22,318 [INFO] CodeEngine:287 - Generated code: /home/thuy/embedded/project/Quadcopter-STM32F4/STM32-RC_Transmitter/MXTmpFiles/gpio.tmp
2026-08-15 10:11:22,435 [INFO] CodeEngine:263 - oldGeneratedFile, /home/thuy/embedded/project/Quadcopter-STM32F4/STM32-RC_Transmitter/MXTmpFiles/dma.tmp_save
2026-08-15 10:11:22,487 [INFO] CodeEngine:287 - Generated code: /home/thuy/embedded/project/Quadcopter-STM32F4/STM32-RC_Transmitter/MXTmpFiles/dma.tmp
2026-08-15 10:11:22,488 [INFO] CodeEngine:263 - oldGeneratedFile, /home/thuy/embedded/project/Quadcopter-STM32F4/STM32-RC_Transmitter/MXTmpFiles/dma_GV.tmp_save
2026-08-15 10:11:22,538 [INFO] CodeEngine:287 - Generated code: /home/thuy/embedded/project/Quadcopter-STM32F4/STM32-RC_Transmitter/MXTmpFiles/dma_GV.tmp
2026-08-15 10:11:22,541 [INFO] CodeEngine:263 - oldGeneratedFile, /home/thuy/embedded/project/Quadcopter-STM32F4/STM32-RC_Transmitter/Core/Src/stm32f1xx_it.c_save
2026-08-15 10:11:22,698 [INFO] CodeEngine:287 - Generated code: /home/thuy/embedded/project/Quadcopter-STM32F4/STM32-RC_Transmitter/Core/Src/stm32f1xx_it.c
2026-08-15 10:11:22,699 [INFO] CodeEngine:263 - oldGeneratedFile, /home/thuy/embedded/project/Quadcopter-STM32F4/STM32-RC_Transmitter/Core/Inc/stm32f1xx_it.h_save
2026-08-15 10:11:22,743 [INFO] CodeEngine:287 - Generated code: /home/thuy/embedded/project/Quadcopter-STM32F4/STM32-RC_Transmitter/Core/Inc/stm32f1xx_it.h
2026-08-15 10:11:22,745 [INFO] CodeEngine:263 - oldGeneratedFile, /home/thuy/embedded/project/Quadcopter-STM32F4/STM32-RC_Transmitter/Core/Src/stm32f1xx_hal_msp.c_save
2026-08-15 10:11:22,832 [INFO] CodeEngine:287 - Generated code: /home/thuy/embedded/project/Quadcopter-STM32F4/STM32-RC_Transmitter/Core/Src/stm32f1xx_hal_msp.c
2026-08-15 10:11:22,833 [INFO] CodeEngine:263 - oldGeneratedFile, /home/thuy/embedded/project/Quadcopter-STM32F4/STM32-RC_Transmitter/MXTmpFiles/system.tmp_save
2026-08-15 10:11:22,875 [INFO] CodeEngine:287 - Generated code: /home/thuy/embedded/project/Quadcopter-STM32F4/STM32-RC_Transmitter/MXTmpFiles/system.tmp
2026-08-15 10:11:22,877 [INFO] CodeEngine:319 - oldGeneratedFile, /home/thuy/embedded/project/Quadcopter-STM32F4/STM32-RC_Transmitter/Core/Inc/stm32f1xx_hal_conf.h_save
2026-08-15 10:11:22,925 [INFO] CodeEngine:343 - Generated code: /home/thuy/embedded/project/Quadcopter-STM32F4/STM32-RC_Transmitter/Core/Inc/stm32f1xx_hal_conf.h
2026-08-15 10:11:22,938 [INFO] ApiDbMcu:508 - Load IP Config File for ADC1
2026-08-15 10:11:22,940 [INFO] ApiDbMcu:508 - Load IP Config File for I2C1
2026-08-15 10:11:22,941 [INFO] ApiDbMcu:508 - Load IP Config File for SPI2
2026-08-15 10:11:22,943 [INFO] ApiDbMcu:508 - Load IP Config File for USART1
2026-08-15 10:11:22,945 [INFO] ApiDbMcu:508 - Load IP Config File for RCC
2026-08-15 10:11:22,947 [INFO] CodeEngine:263 - oldGeneratedFile, /home/thuy/embedded/project/Quadcopter-STM32F4/STM32-RC_Transmitter/Core/Inc/main.h_save
2026-08-15 10:11:23,038 [INFO] CodeEngine:287 - Generated code: /home/thuy/embedded/project/Quadcopter-STM32F4/STM32-RC_Transmitter/Core/Inc/main.h
2026-08-15 10:11:23,039 [INFO] CodeEngine:263 - oldGeneratedFile, /home/thuy/embedded/project/Quadcopter-STM32F4/STM32-RC_Transmitter/Core/Src/main.c_save
2026-08-15 10:11:23,121 [INFO] CodeEngine:287 - Generated code: /home/thuy/embedded/project/Quadcopter-STM32F4/STM32-RC_Transmitter/Core/Src/main.c
2026-08-15 10:11:23,257 [INFO] ProjectBuilder:3324 - Time for Copy HAL[1] : 15mS.
2026-08-15 10:11:23,258 [INFO] ProjectBuilder:4912 - Project Generator version: 4.6.0-B36
2026-08-15 10:11:23,317 [INFO] ConfigFileManager:1590 - The Die is : DIE410
2026-08-15 10:11:23,319 [INFO] ApiDbMcu:508 - Load IP Config File for FATFS
2026-08-15 10:11:23,323 [INFO] ApiDbMcu:508 - Load IP Config File for FREERTOS
2026-08-15 10:11:23,326 [INFO] ApiDbMcu:508 - Load IP Config File for USB_DEVICE
2026-08-15 10:11:23,900 [INFO] ProjectBuilder:5191 - Time for Generating toolchain IDE Files: 642mS.
2026-08-15 10:11:23,900 [INFO] ProjectBuilder:3181 - Time for Copy CMSIS : 0mS.
2026-08-15 10:11:23,900 [INFO] ProjectBuilder:3181 - Time for Copy CMSIS : 0mS.
2026-08-15 10:11:33,277 [ERROR] LogOutputStream:75 - [STDERR_REDIRECT] Aug 15, 2026 10:11:33 AM java.util.prefs.FileSystemPreferences checkLockFile0ErrorCode
2026-08-15 10:11:33,277 [ERROR] LogOutputStream:75 - [STDERR_REDIRECT] WARNING: Could not lock System prefs. Unix error code 2.
2026-08-15 10:11:33,277 [ERROR] LogOutputStream:75 - [STDERR_REDIRECT] 
2026-08-15 10:11:33,277 [ERROR] LogOutputStream:75 - [STDERR_REDIRECT] Aug 15, 2026 10:11:33 AM java.util.prefs.FileSystemPreferences syncWorld
2026-08-15 10:11:33,277 [ERROR] LogOutputStream:75 - [STDERR_REDIRECT] WARNING: Couldn't flush system prefs: java.util.prefs.BackingStoreException: Couldn't get file lock.
2026-08-15 10:11:33,277 [ERROR] LogOutputStream:75 - [STDERR_REDIRECT] 
2026-08-15 10:12:03,276 [ERROR] LogOutputStream:75 - [STDERR_REDIRECT] Aug 15, 2026 10:12:03 AM java.util.prefs.FileSystemPreferences checkLockFile0ErrorCode
2026-08-15 10:12:03,276 [ERROR] LogOutputStream:75 - [STDERR_REDIRECT] WARNING: Could not lock System prefs. Unix error code 2.
2026-08-15 10:12:03,276 [ERROR] LogOutputStream:75 - [STDERR_REDIRECT] 
2026-08-15 10:12:03,276 [ERROR] LogOutputStream:75 - [STDERR_REDIRECT] Aug 15, 2026 10:12:03 AM java.util.prefs.FileSystemPreferences syncWorld
2026-08-15 10:12:03,276 [ERROR] LogOutputStream:75 - [STDERR_REDIRECT] WARNING: Couldn't flush system prefs: java.util.prefs.BackingStoreException: Couldn't get file lock.
2026-08-15 10:12:03,276 [ERROR] LogOutputStream:75 - [STDERR_REDIRECT] 
2026-08-15 10:12:33,275 [ERROR] LogOutputStream:75 - [STDERR_REDIRECT] Aug 15, 2026 10:12:33 AM java.util.prefs.FileSystemPreferences checkLockFile0ErrorCode
2026-08-15 10:12:33,276 [ERROR] LogOutputStream:75 - [STDERR_REDIRECT] WARNING: Could not lock System prefs. Unix error code 2.
2026-08-15 10:12:33,276 [ERROR] LogOutputStream:75 - [STDERR_REDIRECT] 
2026-08-15 10:12:33,276 [ERROR] LogOutputStream:75 - [STDERR_REDIRECT] Aug 15, 2026 10:12:33 AM java.util.prefs.FileSystemPreferences syncWorld
2026-08-15 10:12:33,276 [ERROR] LogOutputStream:75 - [STDERR_REDIRECT] WARNING: Couldn't flush system prefs: java.util.prefs.BackingStoreException: Couldn't get file lock.
2026-08-15 10:12:33,276 [ERROR] LogOutputStream:75 - [STDERR_REDIRECT] 
2026-08-15 10:13:03,276 [ERROR] LogOutputStream:75 - [STDERR_REDIRECT] Aug 15, 2026 10:13:03 AM java.util.prefs.FileSystemPreferences checkLockFile0ErrorCode
2026-08-15 10:13:03,277 [ERROR] LogOutputStream:75 - [STDERR_REDIRECT] WARNING: Could not lock System prefs. Unix error code 2.
2026-08-15 10:13:03,277 [ERROR] LogOutputStream:75 - [STDERR_REDIRECT] 
2026-08-15 10:13:03,277 [ERROR] LogOutputStream:75 - [STDERR_REDIRECT] Aug 15, 2026 10:13:03 AM java.util.prefs.FileSystemPreferences syncWorld
2026-08-15 10:13:03,278 [ERROR] LogOutputStream:75 - [STDERR_REDIRECT] WARNING: Couldn't flush system prefs: java.util.prefs.BackingStoreException: Couldn't get file lock.
2026-08-15 10:13:03,278 [ERROR] LogOutputStream:75 - [STDERR_REDIRECT] 
2026-08-15 10:13:33,276 [ERROR] LogOutputStream:75 - [STDERR_REDIRECT] Aug 15, 2026 10:13:33 AM java.util.prefs.FileSystemPreferences checkLockFile0ErrorCode
2026-08-15 10:13:33,276 [ERROR] LogOutputStream:75 - [STDERR_REDIRECT] WARNING: Could not lock System prefs. Unix error code 2.
2026-08-15 10:13:33,277 [ERROR] LogOutputStream:75 - [STDERR_REDIRECT] 
2026-08-15 10:13:33,277 [ERROR] LogOutputStream:75 - [STDERR_REDIRECT] Aug 15, 2026 10:13:33 AM java.util.prefs.FileSystemPreferences syncWorld
2026-08-15 10:13:33,277 [ERROR] LogOutputStream:75 - [STDERR_REDIRECT] WARNING: Couldn't flush system prefs: java.util.prefs.BackingStoreException: Couldn't get file lock.
2026-08-15 10:13:33,277 [ERROR] LogOutputStream:75 - [STDERR_REDIRECT] 
2026-08-15 10:14:03,278 [ERROR] LogOutputStream:75 - [STDERR_REDIRECT] Aug 15, 2026 10:14:03 AM java.util.prefs.FileSystemPreferences checkLockFile0ErrorCode
2026-08-15 10:14:03,278 [ERROR] LogOutputStream:75 - [STDERR_REDIRECT] WARNING: Could not lock System prefs. Unix error code 2.
2026-08-15 10:14:03,278 [ERROR] LogOutputStream:75 - [STDERR_REDIRECT] 
2026-08-15 10:14:03,279 [ERROR] LogOutputStream:75 - [STDERR_REDIRECT] Aug 15, 2026 10:14:03 AM java.util.prefs.FileSystemPreferences syncWorld
2026-08-15 10:14:03,279 [ERROR] LogOutputStream:75 - [STDERR_REDIRECT] WARNING: Couldn't flush system prefs: java.util.prefs.BackingStoreException: Couldn't get file lock.
2026-08-15 10:14:03,279 [ERROR] LogOutputStream:75 - [STDERR_REDIRECT] 
2026-08-15 10:14:33,276 [ERROR] LogOutputStream:75 - [STDERR_REDIRECT] Aug 15, 2026 10:14:33 AM java.util.prefs.FileSystemPreferences checkLockFile0ErrorCode
2026-08-15 10:14:33,276 [ERROR] LogOutputStream:75 - [STDERR_REDIRECT] WARNING: Could not lock System prefs. Unix error code 2.
2026-08-15 10:14:33,276 [ERROR] LogOutputStream:75 - [STDERR_REDIRECT] 
2026-08-15 10:14:33,277 [ERROR] LogOutputStream:75 - [STDERR_REDIRECT] Aug 15, 2026 10:14:33 AM java.util.prefs.FileSystemPreferences syncWorld
2026-08-15 10:14:33,277 [ERROR] LogOutputStream:75 - [STDERR_REDIRECT] WARNING: Couldn't flush system prefs: java.util.prefs.BackingStoreException: Couldn't get file lock.
2026-08-15 10:14:33,277 [ERROR] LogOutputStream:75 - [STDERR_REDIRECT] 
2026-08-15 10:15:03,275 [ERROR] LogOutputStream:75 - [STDERR_REDIRECT] Aug 15, 2026 10:15:03 AM java.util.prefs.FileSystemPreferences checkLockFile0ErrorCode
2026-08-15 10:15:03,275 [ERROR] LogOutputStream:75 - [STDERR_REDIRECT] WARNING: Could not lock System prefs. Unix error code 2.
2026-08-15 10:15:03,275 [ERROR] LogOutputStream:75 - [STDERR_REDIRECT] 
2026-08-15 10:15:03,275 [ERROR] LogOutputStream:75 - [STDERR_REDIRECT] Aug 15, 2026 10:15:03 AM java.util.prefs.FileSystemPreferences syncWorld
2026-08-15 10:15:03,276 [ERROR] LogOutputStream:75 - [STDERR_REDIRECT] WARNING: Couldn't flush system prefs: java.util.prefs.BackingStoreException: Couldn't get file lock.
2026-08-15 10:15:03,276 [ERROR] LogOutputStream:75 - [STDERR_REDIRECT] 
2026-08-15 10:15:33,275 [ERROR] LogOutputStream:75 - [STDERR_REDIRECT] Aug 15, 2026 10:15:33 AM java.util.prefs.FileSystemPreferences checkLockFile0ErrorCode
2026-08-15 10:15:33,276 [ERROR] LogOutputStream:75 - [STDERR_REDIRECT] WARNING: Could not lock System prefs. Unix error code 2.
2026-08-15 10:15:33,276 [ERROR] LogOutputStream:75 - [STDERR_REDIRECT] 
2026-08-15 10:15:33,276 [ERROR] LogOutputStream:75 - [STDERR_REDIRECT] Aug 15, 2026 10:15:33 AM java.util.prefs.FileSystemPreferences syncWorld
2026-08-15 10:15:33,276 [ERROR] LogOutputStream:75 - [STDERR_REDIRECT] WARNING: Couldn't flush system prefs: java.util.prefs.BackingStoreException: Couldn't get file lock.
2026-08-15 10:15:33,277 [ERROR] LogOutputStream:75 - [STDERR_REDIRECT] 
2026-08-15 10:16:03,276 [ERROR] LogOutputStream:75 - [STDERR_REDIRECT] Aug 15, 2026 10:16:03 AM java.util.prefs.FileSystemPreferences checkLockFile0ErrorCode
2026-08-15 10:16:03,277 [ERROR] LogOutputStream:75 - [STDERR_REDIRECT] WARNING: Could not lock System prefs. Unix error code 2.
2026-08-15 10:16:03,277 [ERROR] LogOutputStream:75 - [STDERR_REDIRECT] 
2026-08-15 10:16:03,277 [ERROR] LogOutputStream:75 - [STDERR_REDIRECT] Aug 15, 2026 10:16:03 AM java.util.prefs.FileSystemPreferences syncWorld
2026-08-15 10:16:03,277 [ERROR] LogOutputStream:75 - [STDERR_REDIRECT] WARNING: Couldn't flush system prefs: java.util.prefs.BackingStoreException: Couldn't get file lock.
2026-08-15 10:16:03,277 [ERROR] LogOutputStream:75 - [STDERR_REDIRECT] 
2026-08-15 10:16:33,276 [ERROR] LogOutputStream:75 - [STDERR_REDIRECT] Aug 15, 2026 10:16:33 AM java.util.prefs.FileSystemPreferences checkLockFile0ErrorCode
2026-08-15 10:16:33,276 [ERROR] LogOutputStream:75 - [STDERR_REDIRECT] WARNING: Could not lock System prefs. Unix error code 2.
2026-08-15 10:16:33,276 [ERROR] LogOutputStream:75 - [STDERR_REDIRECT] 
2026-08-15 10:16:33,276 [ERROR] LogOutputStream:75 - [STDERR_REDIRECT] Aug 15, 2026 10:16:33 AM java.util.prefs.FileSystemPreferences syncWorld
2026-08-15 10:16:33,276 [ERROR] LogOutputStream:75 - [STDERR_REDIRECT] WARNING: Couldn't flush system prefs: java.util.prefs.BackingStoreException: Couldn't get file lock.
2026-08-15 10:16:33,276 [ERROR] LogOutputStream:75 - [STDERR_REDIRECT] 
2026-08-15 10:17:03,276 [ERROR] LogOutputStream:75 - [STDERR_REDIRECT] Aug 15, 2026 10:17:03 AM java.util.prefs.FileSystemPreferences checkLockFile0ErrorCode
2026-08-15 10:17:03,276 [ERROR] LogOutputStream:75 - [STDERR_REDIRECT] WARNING: Could not lock System prefs. Unix error code 2.
2026-08-15 10:17:03,276 [ERROR] LogOutputStream:75 - [STDERR_REDIRECT] 
2026-08-15 10:17:03,276 [ERROR] LogOutputStream:75 - [STDERR_REDIRECT] Aug 15, 2026 10:17:03 AM java.util.prefs.FileSystemPreferences syncWorld
2026-08-15 10:17:03,276 [ERROR] LogOutputStream:75 - [STDERR_REDIRECT] WARNING: Couldn't flush system prefs: java.util.prefs.BackingStoreException: Couldn't get file lock.
2026-08-15 10:17:03,276 [ERROR] LogOutputStream:75 - [STDERR_REDIRECT] 
2026-08-15 10:17:33,276 [ERROR] LogOutputStream:75 - [STDERR_REDIRECT] Aug 15, 2026 10:17:33 AM java.util.prefs.FileSystemPreferences checkLockFile0ErrorCode
2026-08-15 10:17:33,276 [ERROR] LogOutputStream:75 - [STDERR_REDIRECT] WARNING: Could not lock System prefs. Unix error code 2.
2026-08-15 10:17:33,276 [ERROR] LogOutputStream:75 - [STDERR_REDIRECT] 
2026-08-15 10:17:33,276 [ERROR] LogOutputStream:75 - [STDERR_REDIRECT] Aug 15, 2026 10:17:33 AM java.util.prefs.FileSystemPreferences syncWorld
2026-08-15 10:17:33,276 [ERROR] LogOutputStream:75 - [STDERR_REDIRECT] WARNING: Couldn't flush system prefs: java.util.prefs.BackingStoreException: Couldn't get file lock.
2026-08-15 10:17:33,276 [ERROR] LogOutputStream:75 - [STDERR_REDIRECT] 
2026-08-15 10:18:03,275 [ERROR] LogOutputStream:75 - [STDERR_REDIRECT] Aug 15, 2026 10:18:03 AM java.util.prefs.FileSystemPreferences checkLockFile0ErrorCode
2026-08-15 10:18:03,276 [ERROR] LogOutputStream:75 - [STDERR_REDIRECT] WARNING: Could not lock System prefs. Unix error code 2.
2026-08-15 10:18:03,276 [ERROR] LogOutputStream:75 - [STDERR_REDIRECT] 
2026-08-15 10:18:03,276 [ERROR] LogOutputStream:75 - [STDERR_REDIRECT] Aug 15, 2026 10:18:03 AM java.util.prefs.FileSystemPreferences syncWorld
2026-08-15 10:18:03,276 [ERROR] LogOutputStream:75 - [STDERR_REDIRECT] WARNING: Couldn't flush system prefs: java.util.prefs.BackingStoreException: Couldn't get file lock.
2026-08-15 10:18:03,276 [ERROR] LogOutputStream:75 - [STDERR_REDIRECT] 
2026-08-15 10:18:33,276 [ERROR] LogOutputStream:75 - [STDERR_REDIRECT] Aug 15, 2026 10:18:33 AM java.util.prefs.FileSystemPreferences checkLockFile0ErrorCode
2026-08-15 10:18:33,276 [ERROR] LogOutputStream:75 - [STDERR_REDIRECT] WARNING: Could not lock System prefs. Unix error code 2.
2026-08-15 10:18:33,276 [ERROR] LogOutputStream:75 - [STDERR_REDIRECT] 
2026-08-15 10:18:33,276 [ERROR] LogOutputStream:75 - [STDERR_REDIRECT] Aug 15, 2026 10:18:33 AM java.util.prefs.FileSystemPreferences syncWorld
2026-08-15 10:18:33,276 [ERROR] LogOutputStream:75 - [STDERR_REDIRECT] WARNING: Couldn't flush system prefs: java.util.prefs.BackingStoreException: Couldn't get file lock.
2026-08-15 10:18:33,276 [ERROR] LogOutputStream:75 - [STDERR_REDIRECT] 
2026-08-15 10:19:03,276 [ERROR] LogOutputStream:75 - [STDERR_REDIRECT] Aug 15, 2026 10:19:03 AM java.util.prefs.FileSystemPreferences checkLockFile0ErrorCode
2026-08-15 10:19:03,277 [ERROR] LogOutputStream:75 - [STDERR_REDIRECT] WARNING: Could not lock System prefs. Unix error code 2.
2026-08-15 10:19:03,277 [ERROR] LogOutputStream:75 - [STDERR_REDIRECT] 
2026-08-15 10:19:03,277 [ERROR] LogOutputStream:75 - [STDERR_REDIRECT] Aug 15, 2026 10:19:03 AM java.util.prefs.FileSystemPreferences syncWorld
2026-08-15 10:19:03,277 [ERROR] LogOutputStream:75 - [STDERR_REDIRECT] WARNING: Couldn't flush system prefs: java.util.prefs.BackingStoreException: Couldn't get file lock.
2026-08-15 10:19:03,277 [ERROR] LogOutputStream:75 - [STDERR_REDIRECT] 
2026-08-15 10:19:33,276 [ERROR] LogOutputStream:75 - [STDERR_REDIRECT] Aug 15, 2026 10:19:33 AM java.util.prefs.FileSystemPreferences checkLockFile0ErrorCode
2026-08-15 10:19:33,276 [ERROR] LogOutputStream:75 - [STDERR_REDIRECT] WARNING: Could not lock System prefs. Unix error code 2.
2026-08-15 10:19:33,276 [ERROR] LogOutputStream:75 - [STDERR_REDIRECT] 
2026-08-15 10:19:33,276 [ERROR] LogOutputStream:75 - [STDERR_REDIRECT] Aug 15, 2026 10:19:33 AM java.util.prefs.FileSystemPreferences syncWorld
2026-08-15 10:19:33,276 [ERROR] LogOutputStream:75 - [STDERR_REDIRECT] WARNING: Couldn't flush system prefs: java.util.prefs.BackingStoreException: Couldn't get file lock.
2026-08-15 10:19:33,276 [ERROR] LogOutputStream:75 - [STDERR_REDIRECT] 
2026-08-15 10:20:03,277 [ERROR] LogOutputStream:75 - [STDERR_REDIRECT] Aug 15, 2026 10:20:03 AM java.util.prefs.FileSystemPreferences checkLockFile0ErrorCode
2026-08-15 10:20:03,277 [ERROR] LogOutputStream:75 - [STDERR_REDIRECT] WARNING: Could not lock System prefs. Unix error code 2.
2026-08-15 10:20:03,277 [ERROR] LogOutputStream:75 - [STDERR_REDIRECT] 
2026-08-15 10:20:03,277 [ERROR] LogOutputStream:75 - [STDERR_REDIRECT] Aug 15, 2026 10:20:03 AM java.util.prefs.FileSystemPreferences syncWorld
2026-08-15 10:20:03,277 [ERROR] LogOutputStream:75 - [STDERR_REDIRECT] WARNING: Couldn't flush system prefs: java.util.prefs.BackingStoreException: Couldn't get file lock.
2026-08-15 10:20:03,277 [ERROR] LogOutputStream:75 - [STDERR_REDIRECT] 
2026-08-15 10:20:20,734 [INFO] MainUpdater:2872 - connection check result : 10
2026-08-15 10:20:20,734 [INFO] MainUpdater:2872 - connection check result : 10
2026-08-15 10:20:20,763 [INFO] MicroXplorer:468 - Change Database Path : 
2026-08-15 10:20:20,763 [INFO] MicroXplorer:498 - Change Database Version : DB.6.0.140
2026-08-15 10:20:20,781 [ERROR] ProjectManagerView:394 - 
java.lang.NullPointerException: Cannot invoke "javax.swing.JTextField.getText()" because the return value of "java.util.List.get(int)" is null
	at com.st.microxplorer.plugins.projectmanager.gui.ProjectChoiceTab$9.caretUpdate(ProjectChoiceTab.java:2678) ~[filemanager.jar:?]
	at javax.swing.text.JTextComponent.fireCaretUpdate(JTextComponent.java:408) ~[?:?]
	at javax.swing.text.JTextComponent$MutableCaretEvent.fire(JTextComponent.java:4484) ~[?:?]
	at javax.swing.text.JTextComponent$MutableCaretEvent.stateChanged(JTextComponent.java:4506) ~[?:?]
	at javax.swing.text.DefaultCaret.fireStateChanged(DefaultCaret.java:857) ~[?:?]
	at javax.swing.text.DefaultCaret.changeCaretPosition(DefaultCaret.java:1343) ~[?:?]
	at javax.swing.text.DefaultCaret.handleSetDot(DefaultCaret.java:1242) ~[?:?]
	at javax.swing.text.DefaultCaret.setDot(DefaultCaret.java:1223) ~[?:?]
	at javax.swing.text.DefaultCaret$Handler.insertUpdate(DefaultCaret.java:1819) ~[?:?]
	at javax.swing.text.AbstractDocument.fireInsertUpdate(AbstractDocument.java:227) ~[?:?]
	at javax.swing.text.AbstractDocument.handleInsertString(AbstractDocument.java:781) ~[?:?]
	at javax.swing.text.AbstractDocument.insertString(AbstractDocument.java:740) ~[?:?]
	at javax.swing.text.PlainDocument.insertString(PlainDocument.java:131) ~[?:?]
	at javax.swing.text.AbstractDocument.replace(AbstractDocument.java:699) ~[?:?]
	at javax.swing.text.JTextComponent.setText(JTextComponent.java:1725) ~[?:?]
	at com.st.microxplorer.plugins.projectmanager.gui.ProjectChoiceTab.createHeapStackFields(ProjectChoiceTab.java:979) ~[filemanager.jar:?]
	at com.st.microxplorer.plugins.projectmanager.gui.ProjectChoiceTab.buildLinkSettingsPanel(ProjectChoiceTab.java:3766) ~[filemanager.jar:?]
	at com.st.microxplorer.plugins.projectmanager.gui.ProjectChoiceTab.defineWindowsFields(ProjectChoiceTab.java:1962) ~[filemanager.jar:?]
	at com.st.microxplorer.plugins.projectmanager.gui.ProjectChoiceTab.updateSettings(ProjectChoiceTab.java:555) ~[filemanager.jar:?]
	at com.st.microxplorer.plugins.projectmanager.gui.ProjectSettingsPanel.UpdateDialog(ProjectSettingsPanel.java:245) ~[filemanager.jar:?]
	at com.st.microxplorer.plugins.projectmanager.ProjectManagerView.propertyChange(ProjectManagerView.java:391) ~[filemanager.jar:?]
	at java.beans.PropertyChangeSupport.fire(PropertyChangeSupport.java:343) ~[?:?]
	at java.beans.PropertyChangeSupport.firePropertyChange(PropertyChangeSupport.java:335) ~[?:?]
	at java.beans.PropertyChangeSupport.firePropertyChange(PropertyChangeSupport.java:268) ~[?:?]
	at com.st.microxplorer.util.MXPropertyChangeSupport.firePropertyChange(MXPropertyChangeSupport.java:54) ~[STM32CubeMX.jar:?]
	at com.st.microxplorer.mxsystem.MxSystem.closeConfig(MxSystem.java:899) ~[STM32CubeMX.jar:?]
	at com.st.microxplorer.maingui.MainPanel.closeConfig(MainPanel.java:789) ~[STM32CubeMX.jar:?]
	at com.st.microxplorer.plugins.filemanager.engine.OpenFileManager.loadConfigurationFile(OpenFileManager.java:287) ~[filemanager.jar:?]
	at com.st.microxplorer.plugins.filemanager.engine.MainFileManager.userLoadConfig(MainFileManager.java:341) ~[filemanager.jar:?]
	at com.st.microxplorer.plugins.filemanager.engine.MainFileManager.userLoadConfig(MainFileManager.java:319) ~[filemanager.jar:?]
	at com.st.microxplorer.plugins.filemanager.FileManagerView.getSpecificTask(FileManagerView.java:246) ~[filemanager.jar:?]
	at com.st.stm32cube.common.mx.editor.CubeMxEditor.getMxTabbedPaneInstance(CubeMxEditor.java:1198) ~[com.st.stm32cube.common.mx_6.14.0.202502271554/:?]
	at com.st.stm32cube.common.mx.editor.CubeMxEditor$12$1.createSwingComponent(CubeMxEditor.java:1068) ~[com.st.stm32cube.common.mx_6.14.0.202502271554/:?]
	at com.st.stm32cube.common.mx.oss.core.awtswtbridge.EmbeddedSwingComposite.doComponentCreation(EmbeddedSwingComposite.java:492) ~[com.st.stm32cube.common.mx.oss_6.14.0.202502271554/:?]
	at com.st.stm32cube.common.mx.oss.core.awtswtbridge.EmbeddedSwingComposite$4.run(EmbeddedSwingComposite.java:291) ~[com.st.stm32cube.common.mx.oss_6.14.0.202502271554/:?]
	at com.st.stm32cube.common.mx.oss.core.awtswtbridge.AwtEnvironment$2.run(AwtEnvironment.java:166) ~[com.st.stm32cube.common.mx.oss_6.14.0.202502271554/:?]
	at java.awt.event.InvocationEvent.dispatch(InvocationEvent.java:318) ~[?:?]
	at java.awt.EventQueue.dispatchEventImpl(EventQueue.java:773) ~[?:?]
	at java.awt.EventQueue$4.run(EventQueue.java:720) ~[?:?]
	at java.awt.EventQueue$4.run(EventQueue.java:714) ~[?:?]
	at java.security.AccessController.doPrivileged(AccessController.java:400) ~[?:?]
	at java.security.ProtectionDomain$JavaSecurityAccessImpl.doIntersectionPrivilege(ProtectionDomain.java:87) ~[?:?]
	at java.awt.EventQueue.dispatchEvent(EventQueue.java:742) ~[?:?]
	at java.awt.EventDispatchThread.pumpOneEventForFilters(EventDispatchThread.java:203) ~[?:?]
	at java.awt.EventDispatchThread.pumpEventsForFilter(EventDispatchThread.java:124) ~[?:?]
	at java.awt.EventDispatchThread.pumpEventsForHierarchy(EventDispatchThread.java:113) ~[?:?]
	at java.awt.EventDispatchThread.pumpEvents(EventDispatchThread.java:109) ~[?:?]
	at java.awt.EventDispatchThread.pumpEvents(EventDispatchThread.java:101) ~[?:?]
	at java.awt.EventDispatchThread.run(EventDispatchThread.java:90) ~[?:?]
2026-08-15 10:20:20,782 [WARN] ThirdParty:871 - waiting for thirdparty lock release [close project]
2026-08-15 10:20:20,782 [INFO] ThirdParty:873 - entering critical section [close project]
2026-08-15 10:20:20,782 [INFO] ThirdParty:883 - exiting critical section [close project]
2026-08-15 10:20:20,783 [INFO] PinOutPanel:1589 - setPackage(No Configuration,No Configuration)
2026-08-15 10:20:20,785 [INFO] UtilMem:75 - Begin LoadConfig() Used Memory: 557114832 Bytes (788529152)
2026-08-15 10:20:20,786 [INFO] MicroXplorer:468 - Change Database Path : 
2026-08-15 10:20:20,786 [INFO] MicroXplorer:498 - Change Database Version : DB.6.0.140
2026-08-15 10:20:20,786 [INFO] OpenFileManager:354 - Change cursor
2026-08-15 10:20:20,807 [INFO] RulesReader:64 - Compatibility file has been processed (301 Rules)
2026-08-15 10:20:20,811 [INFO] Mcu:2011 - Initializing MCU STM32F103C(8-B)Tx STM32F103C8Tx STM32F103C8T6
2026-08-15 10:20:21,210 [INFO] Context:756 - Trying to add GPIOservice into a context  which must be forbidden
2026-08-15 10:20:21,396 [INFO] ImportTextPane:218 - (OptionalMessage_ERROR) Pin24 (VP_RIF_VS_RIF1) cannot be retrieved for this MCU
2026-08-15 10:20:21,439 [INFO] RtosManager:558 - Registered RTOS mode: class=CMSIS, group=RTOS, mode=CMSIS_V1, owner=FREERTOS
2026-08-15 10:20:21,439 [INFO] RtosManager:558 - Registered RTOS mode: class=CMSIS, group=RTOS2, mode=CMSIS_V2, owner=FREERTOS
2026-08-15 10:20:21,439 [INFO] RtosManager:558 - Registered RTOS mode: class=RTOS, group=Core, mode=CMSIS_V1, owner=FREERTOS
2026-08-15 10:20:21,439 [INFO] RtosManager:558 - Registered RTOS mode: class=RTOS, group=Core, mode=CMSIS_V2, owner=FREERTOS
2026-08-15 10:20:21,439 [WARN] ModelIntegratedComponent:184 - Missing modes for component STMicroelectronics:FreeRTOS:0.0.1:STMicroelectronics:RTOS:FreeRTOS:Core:::10.2.0:
2026-08-15 10:20:21,592 [WARN] ModelIntegratedComponent:63 - No mode defined for component null
2026-08-15 10:20:21,592 [WARN] ModelIntegratedComponent:63 - No mode defined for component null
2026-08-15 10:20:21,592 [WARN] ModelIntegratedComponent:63 - No mode defined for component null
2026-08-15 10:20:21,592 [WARN] ModelIntegratedComponent:63 - No mode defined for component null
2026-08-15 10:20:21,592 [WARN] ModelIntegratedComponent:63 - No mode defined for component null
2026-08-15 10:20:21,593 [WARN] ModelIntegratedComponent:63 - No mode defined for component null
2026-08-15 10:20:21,593 [WARN] ModelIntegratedComponent:63 - No mode defined for component null
2026-08-15 10:20:21,593 [WARN] ModelIntegratedComponent:63 - No mode defined for component null
2026-08-15 10:20:21,593 [WARN] ModelIntegratedComponent:63 - No mode defined for component null
2026-08-15 10:20:21,593 [WARN] ModelIntegratedComponent:63 - No mode defined for component null
2026-08-15 10:20:21,593 [WARN] ModelIntegratedComponent:63 - No mode defined for component null
2026-08-15 10:20:21,593 [WARN] ModelIntegratedComponent:63 - No mode defined for component null
2026-08-15 10:20:21,593 [WARN] ModelIntegratedComponent:63 - No mode defined for component null
2026-08-15 10:20:21,593 [WARN] ModelIntegratedComponent:63 - No mode defined for component null
2026-08-15 10:20:21,593 [WARN] ModelIntegratedComponent:63 - No mode defined for component null
2026-08-15 10:20:21,593 [WARN] ModelIntegratedComponent:63 - No mode defined for component null
2026-08-15 10:20:21,593 [WARN] ModelIntegratedComponent:63 - No mode defined for component null
2026-08-15 10:20:21,593 [WARN] ModelIntegratedComponent:63 - No mode defined for component null
2026-08-15 10:20:21,593 [WARN] ModelIntegratedComponent:63 - No mode defined for component null
2026-08-15 10:20:21,593 [WARN] ModelIntegratedComponent:63 - No mode defined for component null
2026-08-15 10:20:21,593 [WARN] ModelIntegratedComponent:63 - No mode defined for component null
2026-08-15 10:20:21,593 [WARN] ModelIntegratedComponent:63 - No mode defined for component null
2026-08-15 10:20:21,593 [WARN] ModelIntegratedComponent:63 - No mode defined for component null
2026-08-15 10:20:21,593 [WARN] ModelIntegratedComponent:63 - No mode defined for component null
2026-08-15 10:20:21,593 [WARN] ModelIntegratedComponent:63 - No mode defined for component null
2026-08-15 10:20:21,593 [WARN] ModelIntegratedComponent:63 - No mode defined for component null
2026-08-15 10:20:21,593 [WARN] ModelIntegratedComponent:63 - No mode defined for component null
2026-08-15 10:20:21,593 [WARN] ModelIntegratedComponent:63 - No mode defined for component null
2026-08-15 10:20:21,593 [WARN] ModelIntegratedComponent:63 - No mode defined for component null
2026-08-15 10:20:21,593 [WARN] ModelIntegratedComponent:63 - No mode defined for component null
2026-08-15 10:20:21,593 [WARN] ModelIntegratedComponent:63 - No mode defined for component null
2026-08-15 10:20:21,593 [WARN] ModelIntegratedComponent:63 - No mode defined for component null
2026-08-15 10:20:21,593 [WARN] ModelIntegratedComponent:63 - No mode defined for component null
2026-08-15 10:20:21,593 [WARN] ModelIntegratedComponent:63 - No mode defined for component null
2026-08-15 10:20:21,593 [WARN] ModelIntegratedComponent:63 - No mode defined for component null
2026-08-15 10:20:21,594 [WARN] ModelPack:524 - Component already loaded: STMicroelectronics:HAL Drivers:0.0.0:STMicroelectronics:Device:STMicro_Driver:XSPI:HAL::0.0.1:HAL_XSPI
2026-08-15 10:20:21,689 [INFO] ThirdPartyModel:298 - Start build external matchings
2026-08-15 10:20:21,889 [INFO] ThirdPartyModel:316 - End build external matchings
2026-08-15 10:20:21,898 [INFO] ImportTextPane:218 - (OptionalMessage_ERROR) IP (DMA) : Parameter (Instance) has Id (ADC1) currently not set
2026-08-15 10:20:21,898 [INFO] ImportTextPane:218 - (OptionalMessage_ERROR) IP (DMA) : Parameter (Direction) has Id (ADC1) currently not set
2026-08-15 10:20:21,898 [INFO] ImportTextPane:218 - (OptionalMessage_ERROR) IP (DMA) : Parameter (PeriphInc) has Id (ADC1) currently not set
2026-08-15 10:20:21,898 [INFO] ImportTextPane:218 - (OptionalMessage_ERROR) IP (DMA) : Parameter (MemInc) has Id (ADC1) currently not set
2026-08-15 10:20:21,898 [INFO] ImportTextPane:218 - (OptionalMessage_ERROR) IP (DMA) : Parameter (PeriphDataAlignment) has Id (ADC1) currently not set
2026-08-15 10:20:21,898 [INFO] ImportTextPane:218 - (OptionalMessage_ERROR) IP (DMA) : Parameter (MemDataAlignment) has Id (ADC1) currently not set
2026-08-15 10:20:21,898 [INFO] ImportTextPane:218 - (OptionalMessage_ERROR) IP (DMA) : Parameter (Mode) has Id (ADC1) currently not set
2026-08-15 10:20:21,899 [INFO] ImportTextPane:218 - (OptionalMessage_ERROR) IP (DMA) : Parameter (Priority) has Id (ADC1) currently not set
2026-08-15 10:20:21,899 [INFO] ImportTextPane:218 - (OptionalMessage_ERROR) IP (RCC) : Invalid parameter (FamilyName)
2026-08-15 10:20:21,899 [INFO] ImportTextPane:218 - (OptionalMessage_ERROR) IP (RCC) : Parameter (USBFreq_Value) has invalid value (32000000)
2026-08-15 10:20:21,984 [INFO] UtilMem:75 - End LoadConfig() Used Memory: 607754232 Bytes (788529152)
2026-08-15 10:20:21,990 [WARN] ThirdParty:833 - waiting for thirdparty lock release [change project]
2026-08-15 10:20:21,990 [INFO] ThirdParty:835 - entering critical section [change project]
2026-08-15 10:20:21,990 [INFO] ThirdParty:1030 - CMSIS Pack Vendor :STMicroelectronics X-CUBE-AZRTOS-H7 3.5.0
2026-08-15 10:20:21,990 [INFO] ThirdParty:1030 - CMSIS Pack Vendor :STMicroelectronics X-CUBE-PM33A1 1.0.0
2026-08-15 10:20:21,990 [INFO] ThirdParty:1030 - CMSIS Pack Vendor :STMicroelectronics USBPD 4.1
2026-08-15 10:20:21,990 [INFO] ThirdParty:1030 - CMSIS Pack Vendor :STMicroelectronics X-CUBE-NFC9 1.0.0
2026-08-15 10:20:21,990 [INFO] ThirdParty:1030 - CMSIS Pack Vendor :STMicroelectronics USB_HOST 2.0.0
2026-08-15 10:20:21,990 [INFO] ThirdParty:1030 - CMSIS Pack Vendor :STMicroelectronics FP-ATR-ASTRA1 2.0.3
2026-08-15 10:20:21,990 [INFO] ThirdParty:1030 - CMSIS Pack Vendor :STMicroelectronics X-CUBE-AZRTOS-F4 1.1.0
2026-08-15 10:20:21,990 [INFO] ThirdParty:1030 - CMSIS Pack Vendor :STMicroelectronics LIBJPEG 8.0.0
2026-08-15 10:20:21,990 [INFO] ThirdParty:1030 - CMSIS Pack Vendor :STMicroelectronics FP-ATR-ASTRA1 2.0.2
2026-08-15 10:20:21,990 [INFO] ThirdParty:1030 - CMSIS Pack Vendor :STMicroelectronics X-CUBE-BLE1 7.1.0
2026-08-15 10:20:21,990 [INFO] ThirdParty:1030 - CMSIS Pack Vendor :wolfSSL I-CUBE-wolfMQTT 1.19.2
2026-08-15 10:20:21,990 [INFO] ThirdParty:1030 - CMSIS Pack Vendor :STMicroelectronics USB_DEVICE 3.0.0
2026-08-15 10:20:21,990 [INFO] ThirdParty:1030 - CMSIS Pack Vendor :STMicroelectronics X-CUBE-ISPU 2.1.0
2026-08-15 10:20:21,990 [INFO] ThirdParty:1030 - CMSIS Pack Vendor :STMicroelectronics X-CUBE-EEPRMA1 5.2.0
2026-08-15 10:20:21,990 [INFO] ThirdParty:1030 - CMSIS Pack Vendor :STMicroelectronics eDS-WB_DPC_TT-BIDIR 2.1.1
2026-08-15 10:20:21,990 [INFO] ThirdParty:1030 - CMSIS Pack Vendor :STMicroelectronics X-CUBE-AZRTOS-WB 2.0.0
2026-08-15 10:20:21,990 [INFO] ThirdParty:1030 - CMSIS Pack Vendor :STMicroelectronics X-CUBE-NFC12 1.0.0
2026-08-15 10:20:21,990 [INFO] ThirdParty:1030 - CMSIS Pack Vendor :STMicroelectronics X-CUBE-AZRTOS-F7 1.1.0
2026-08-15 10:20:21,990 [INFO] ThirdParty:1030 - CMSIS Pack Vendor :STMicroelectronics X-CUBE-AZRTOS-L5 2.0.0
2026-08-15 10:20:21,990 [INFO] ThirdParty:1030 - CMSIS Pack Vendor :STMicroelectronics USB_DEVICE 2.0.0
2026-08-15 10:20:21,990 [INFO] ThirdParty:1030 - CMSIS Pack Vendor :quantropi X-CUBE-qispace-sdk-base 2.1.0
2026-08-15 10:20:21,990 [INFO] ThirdParty:1030 - CMSIS Pack Vendor :STMicroelectronics X-CUBE-STSE01 2.0.0
2026-08-15 10:20:21,991 [INFO] ThirdParty:1030 - CMSIS Pack Vendor :STMicroelectronics X-CUBE-ALGOBUILD 1.5.0
2026-08-15 10:20:21,991 [INFO] ThirdParty:1030 - CMSIS Pack Vendor :STMicroelectronics FreeRTOS 0.0.1
2026-08-15 10:20:21,991 [INFO] ThirdParty:1030 - CMSIS Pack Vendor :STMicroelectronics X-CUBE-AZRTOS-H7RS 1.3.0
2026-08-15 10:20:21,991 [INFO] ThirdParty:1030 - CMSIS Pack Vendor :STMicroelectronics X-CUBE-AZRTOS-G0 1.1.0
2026-08-15 10:20:21,991 [INFO] ThirdParty:1030 - CMSIS Pack Vendor :STMicroelectronics X-CUBE-NFC4 3.0.0
2026-08-15 10:20:21,991 [INFO] ThirdParty:1030 - CMSIS Pack Vendor :STMicroelectronics X-CUBE-SUBG2 5.0.0
2026-08-15 10:20:21,991 [INFO] ThirdParty:1030 - CMSIS Pack Vendor :STMicroelectronics STM32_WPAN 1.0.0
2026-08-15 10:20:21,991 [INFO] ThirdParty:1030 - CMSIS Pack Vendor :STMicroelectronics eDS-WB_DPC_VIENNA 1.2.0
2026-08-15 10:20:21,991 [INFO] ThirdParty:1030 - CMSIS Pack Vendor :EmbeddedOffice I-CUBE-FS-RTOS 1.0.1
2026-08-15 10:20:21,991 [INFO] ThirdParty:1030 - CMSIS Pack Vendor :STMicroelectronics lwIP 2.0.3
2026-08-15 10:20:21,991 [INFO] ThirdParty:1030 - CMSIS Pack Vendor :STMicroelectronics X-CUBE-MEMS1 13.0.0
2026-08-15 10:20:21,991 [INFO] ThirdParty:1030 - CMSIS Pack Vendor :STMicroelectronics eDS-WB_DPC_3PH2L-BIDIR 1.1.1
2026-08-15 10:20:21,991 [INFO] ThirdParty:1030 - CMSIS Pack Vendor :STMicroelectronics USB_HOST 1.0.0
2026-08-15 10:20:21,991 [INFO] ThirdParty:1030 - CMSIS Pack Vendor :STMicroelectronics X-CUBE-AZRTOS-G4 2.0.0
2026-08-15 10:20:21,991 [INFO] ThirdParty:1030 - CMSIS Pack Vendor :STMicroelectronics PDM2PCM 3.1.0
2026-08-15 10:20:21,991 [INFO] ThirdParty:1030 - CMSIS Pack Vendor :STMicroelectronics PDM2PCM 3.3.0
2026-08-15 10:20:21,991 [INFO] ThirdParty:1030 - CMSIS Pack Vendor :wolfSSL I-CUBE-wolfTPM 3.8.0
2026-08-15 10:20:21,991 [INFO] ThirdParty:1030 - CMSIS Pack Vendor :STMicroelectronics X-CUBE-DISPLAY 3.0.0
2026-08-15 10:20:21,991 [INFO] ThirdParty:1030 - CMSIS Pack Vendor :wolfSSL I-CUBE-wolfSSH 1.4.20
2026-08-15 10:20:21,991 [INFO] ThirdParty:1030 - CMSIS Pack Vendor :STMicroelectronics X-CUBE-NFC7 2.0.0
2026-08-15 10:20:21,991 [INFO] ThirdParty:1030 - CMSIS Pack Vendor :STMicroelectronics X-CUBE-GNSS1 7.1.1
2026-08-15 10:20:21,991 [INFO] ThirdParty:1030 - CMSIS Pack Vendor :STMicroelectronics X-CUBE-TCPP 4.2.0
2026-08-15 10:20:21,991 [INFO] ThirdParty:1030 - CMSIS Pack Vendor :RealThread X-CUBE-RT-Thread_Nano 4.1.1
2026-08-15 10:20:21,992 [INFO] ThirdParty:1030 - CMSIS Pack Vendor :wolfSSL I-CUBE-wolfSSL 5.9.1
2026-08-15 10:20:21,992 [INFO] ThirdParty:1030 - CMSIS Pack Vendor :STMicroelectronics FP-ATR-SIGFOX1 3.2.0
2026-08-15 10:20:21,992 [INFO] ThirdParty:1030 - CMSIS Pack Vendor :STMicroelectronics X-CUBE-NFC10 1.0.0
2026-08-15 10:20:21,992 [INFO] ThirdParty:1030 - CMSIS Pack Vendor :STMicroelectronics HAL Drivers 0.0.0
2026-08-15 10:20:21,992 [INFO] ThirdParty:1030 - CMSIS Pack Vendor :STMicroelectronics MBEDTLS 2.16.2
2026-08-15 10:20:21,992 [INFO] ThirdParty:1030 - CMSIS Pack Vendor :STMicroelectronics X-CUBE-ST60 1.1.0
2026-08-15 10:20:21,992 [INFO] ThirdParty:1030 - CMSIS Pack Vendor :STMicroelectronics X-CUBE-ALS 1.0.2
2026-08-15 10:20:21,992 [INFO] ThirdParty:1030 - CMSIS Pack Vendor :emotas I-CUBE-CANOPEN 1.3.0
2026-08-15 10:20:21,992 [INFO] ThirdParty:1030 - CMSIS Pack Vendor :STMicroelectronics MBEDTLS 2.14.1
2026-08-15 10:20:21,992 [INFO] ThirdParty:1030 - CMSIS Pack Vendor :ITTIA_DB I-CUBE-ITTIADB 8.9.0
2026-08-15 10:20:21,992 [INFO] ThirdParty:1030 - CMSIS Pack Vendor :Cesanta I-CUBE-Mongoose 7.21.7
2026-08-15 10:20:21,992 [INFO] ThirdParty:1030 - CMSIS Pack Vendor :STMicroelectronics X-CUBE-TOUCHGFX 4.26.1
2026-08-15 10:20:21,992 [INFO] ThirdParty:1030 - CMSIS Pack Vendor :STMicroelectronics X-CUBE-NFC6 3.2.0
2026-08-15 10:20:21,992 [INFO] ThirdParty:1030 - CMSIS Pack Vendor :STMicroelectronics X-CUBE-AI 10.2.1
2026-08-15 10:20:21,992 [INFO] ThirdParty:1030 - CMSIS Pack Vendor :STMicroelectronics ThreadX 1.0.0
2026-08-15 10:20:21,992 [INFO] ThirdParty:1030 - CMSIS Pack Vendor :STMicroelectronics FP-SNS-SMARTAG2 1.2.0
2026-08-15 10:20:21,992 [INFO] ThirdParty:1030 - CMSIS Pack Vendor :STMicroelectronics X-CUBE-MEMS1 12.1.0
2026-08-15 10:20:21,992 [INFO] ThirdParty:1030 - CMSIS Pack Vendor :STMicroelectronics FP-SNS-FLIGHT1 5.1.0
2026-08-15 10:20:21,992 [INFO] ThirdParty:1030 - CMSIS Pack Vendor :STMicroelectronics X-CUBE-AZRTOS-WL 2.0.0
2026-08-15 10:20:21,992 [INFO] ThirdParty:1030 - CMSIS Pack Vendor :SEGGER I-CUBE-embOS 1.3.1
2026-08-15 10:20:21,992 [INFO] ThirdParty:1030 - CMSIS Pack Vendor :STMicroelectronics X-CUBE-DPower 1.3.0
2026-08-15 10:20:21,992 [INFO] ThirdParty:1030 - CMSIS Pack Vendor :STMicroelectronics USB_DEVICE 1.0.0
2026-08-15 10:20:21,992 [INFO] ThirdParty:1030 - CMSIS Pack Vendor :STMicroelectronics X-CUBE-AZRTOS-L4 2.0.0
2026-08-15 10:20:21,992 [INFO] ThirdParty:1030 - CMSIS Pack Vendor :STMicroelectronics ThreadX 0.0.2
2026-08-15 10:20:21,992 [INFO] ThirdParty:1030 - CMSIS Pack Vendor :STMicroelectronics lwIP 2.1.2
2026-08-15 10:20:21,993 [INFO] ThirdParty:1030 - CMSIS Pack Vendor :STMicroelectronics X-CUBE-SFXS2LP1 4.0.0
2026-08-15 10:20:21,993 [INFO] ThirdParty:1030 - CMSIS Pack Vendor :STMicroelectronics X-CUBE-BLE2 3.3.0
2026-08-15 10:20:21,993 [INFO] ThirdParty:1030 - CMSIS Pack Vendor :Avnet-IOTCONNECT X-CUBE-iotc-st67-sdk 1.0.0
2026-08-15 10:20:21,993 [INFO] ThirdParty:1030 - CMSIS Pack Vendor :STMicroelectronics X-CUBE-TOF1 3.4.3
2026-08-15 10:20:21,993 [INFO] ThirdParty:1030 - CMSIS Pack Vendor :Infineon AIROC-Wi-Fi-Bluetooth-STM32 1.8.0
2026-08-15 10:20:21,993 [INFO] ThirdParty:1030 - CMSIS Pack Vendor :STMicroelectronics X-CUBE-NFC13 1.0.0
2026-08-15 10:20:21,993 [INFO] ThirdParty:1030 - CMSIS Pack Vendor :STMicroelectronics PDM2PCM 3.2.0
2026-08-15 10:20:21,993 [INFO] ThirdParty:1030 - CMSIS Pack Vendor :STMicroelectronics X-CUBE-WB05N 2.1.0
2026-08-15 10:20:21,993 [INFO] ThirdParty:841 - exiting critical section [change project]
2026-08-15 10:20:22,136 [INFO] PinOutPanel:1589 - setPackage(No Configuration,No Configuration)
2026-08-15 10:20:22,137 [INFO] PinOutPanel:1589 - setPackage(STM32F103C8Tx,LQFP48)
2026-08-15 10:20:22,385 [INFO] UtilMem:75 - Before build in PCC Used Memory: 715744304 Bytes (788529152)
2026-08-15 10:20:22,556 [INFO] UtilMem:75 - After build in PCC Used Memory: 321587584 Bytes (788529152)
2026-08-15 10:20:22,566 [INFO] IPUIPlugin:80 - create IPUIPlugin
2026-08-15 10:20:22,566 [INFO] IPUIPlugin:80 - create IPUIPlugin
2026-08-15 10:20:22,566 [INFO] IPUIPlugin:80 - create IPUIPlugin
2026-08-15 10:20:22,566 [INFO] IPUIPlugin:80 - create IPUIPlugin
2026-08-15 10:20:22,566 [INFO] IPUIPlugin:80 - create IPUIPlugin
2026-08-15 10:20:22,567 [INFO] IPUIPlugin:80 - create IPUIPlugin
2026-08-15 10:20:22,567 [INFO] IPUIPlugin:80 - create IPUIPlugin
2026-08-15 10:20:22,567 [INFO] IPUIPlugin:80 - create IPUIPlugin
2026-08-15 10:20:22,567 [INFO] IPUIPlugin:80 - create IPUIPlugin
2026-08-15 10:20:22,567 [INFO] IPUIPlugin:80 - create IPUIPlugin
2026-08-15 10:20:22,567 [INFO] IPUIPlugin:80 - create IPUIPlugin
2026-08-15 10:20:22,567 [INFO] IPUIPlugin:80 - create IPUIPlugin
2026-08-15 10:20:22,567 [INFO] IPUIPlugin:80 - create IPUIPlugin
2026-08-15 10:20:22,567 [INFO] IPUIPlugin:80 - create IPUIPlugin
2026-08-15 10:20:22,567 [INFO] IPUIPlugin:80 - create IPUIPlugin
2026-08-15 10:20:22,567 [INFO] IPUIPlugin:80 - create IPUIPlugin
2026-08-15 10:20:22,567 [INFO] IPUIPlugin:80 - create IPUIPlugin
2026-08-15 10:20:22,567 [INFO] IPUIPlugin:80 - create IPUIPlugin
2026-08-15 10:20:22,567 [INFO] IPUIPlugin:80 - create IPUIPlugin
2026-08-15 10:20:22,568 [INFO] IPUIPlugin:80 - create IPUIPlugin
2026-08-15 10:20:22,568 [INFO] IPUIPlugin:80 - create IPUIPlugin
2026-08-15 10:20:22,568 [INFO] IPUIPlugin:80 - create IPUIPlugin
2026-08-15 10:20:22,568 [INFO] IPUIPlugin:80 - create IPUIPlugin
2026-08-15 10:20:22,568 [INFO] IPUIPlugin:80 - create IPUIPlugin
2026-08-15 10:20:22,568 [INFO] IPUIPlugin:80 - create IPUIPlugin
2026-08-15 10:20:22,568 [INFO] IPUIPlugin:80 - create IPUIPlugin
2026-08-15 10:20:22,568 [INFO] IPUIPlugin:80 - create IPUIPlugin
2026-08-15 10:20:22,569 [WARN] IP:2250 - I2C_Coeff_DF not found: check if there is a RefParameter without a condition.
2026-08-15 10:20:22,569 [WARN] IP:2250 - Analog_Filter not found: check if there is a RefParameter without a condition.
2026-08-15 10:20:22,596 [INFO] CADModel:165 - CPN selected for project levelSTM32F103C8T6
2026-08-15 10:20:22,596 [INFO] CADModel:114 - Register for checkConnection events
2026-08-15 10:20:22,632 [INFO] OpenFileManager:385 - Restore cursor
2026-08-15 10:20:22,756 [WARN] IP:2250 - I2C_Coeff_DF not found: check if there is a RefParameter without a condition.
2026-08-15 10:20:22,756 [WARN] IP:2250 - Analog_Filter not found: check if there is a RefParameter without a condition.
2026-08-15 10:20:22,756 [WARN] IP:2250 - I2C_Coeff_DF not found: check if there is a RefParameter without a condition.
2026-08-15 10:20:22,756 [WARN] IP:2250 - Analog_Filter not found: check if there is a RefParameter without a condition.
2026-08-15 10:20:33,281 [ERROR] LogOutputStream:75 - [STDERR_REDIRECT] Aug 15, 2026 10:20:33 AM java.util.prefs.FileSystemPreferences checkLockFile0ErrorCode
2026-08-15 10:20:33,281 [ERROR] LogOutputStream:75 - [STDERR_REDIRECT] WARNING: Could not lock System prefs. Unix error code 2.
2026-08-15 10:20:33,281 [ERROR] LogOutputStream:75 - [STDERR_REDIRECT] 
2026-08-15 10:20:33,281 [ERROR] LogOutputStream:75 - [STDERR_REDIRECT] Aug 15, 2026 10:20:33 AM java.util.prefs.FileSystemPreferences syncWorld
2026-08-15 10:20:33,281 [ERROR] LogOutputStream:75 - [STDERR_REDIRECT] WARNING: Couldn't flush system prefs: java.util.prefs.BackingStoreException: Couldn't get file lock.
2026-08-15 10:20:33,282 [ERROR] LogOutputStream:75 - [STDERR_REDIRECT] 
2026-08-15 10:21:03,275 [ERROR] LogOutputStream:75 - [STDERR_REDIRECT] Aug 15, 2026 10:21:03 AM java.util.prefs.FileSystemPreferences checkLockFile0ErrorCode
2026-08-15 10:21:03,276 [ERROR] LogOutputStream:75 - [STDERR_REDIRECT] WARNING: Could not lock System prefs. Unix error code 2.
2026-08-15 10:21:03,276 [ERROR] LogOutputStream:75 - [STDERR_REDIRECT] 
2026-08-15 10:21:03,276 [ERROR] LogOutputStream:75 - [STDERR_REDIRECT] Aug 15, 2026 10:21:03 AM java.util.prefs.FileSystemPreferences syncWorld
2026-08-15 10:21:03,276 [ERROR] LogOutputStream:75 - [STDERR_REDIRECT] WARNING: Couldn't flush system prefs: java.util.prefs.BackingStoreException: Couldn't get file lock.
2026-08-15 10:21:03,276 [ERROR] LogOutputStream:75 - [STDERR_REDIRECT] 
2026-08-15 10:21:28,615 [INFO] UtilMem:75 - End SaveConfig() Used Memory: 503402240 Bytes (788529152)
2026-08-15 10:21:28,805 [INFO] BlockDiagram:2775 - set Specific Code input for plugin: SPI
2026-08-15 10:21:28,805 [INFO] BlockDiagram:2775 - set Specific Code input for plugin: NVIC
2026-08-15 10:21:28,805 [INFO] BlockDiagram:2775 - set Specific Code input for plugin: USART
2026-08-15 10:21:28,805 [INFO] BlockDiagram:2775 - set Specific Code input for plugin: DMA
2026-08-15 10:21:28,805 [INFO] BlockDiagram:2775 - set Specific Code input for plugin: SYS
2026-08-15 10:21:28,806 [INFO] BlockDiagram:2775 - set Specific Code input for plugin: GPIO
2026-08-15 10:21:28,806 [INFO] BlockDiagram:2775 - set Specific Code input for plugin: ADC
2026-08-15 10:21:28,806 [INFO] BlockDiagram:2775 - set Specific Code input for plugin: RCC
2026-08-15 10:21:28,806 [INFO] BlockDiagram:2775 - set Specific Code input for plugin: I2C
2026-08-15 10:21:28,806 [INFO] CodeGenerator:882 - code generatio: config db path: /opt/st/stm32cubeide_1.18.0/plugins/com.st.stm32cube.common.mx_6.14.0.202502271554//db/
2026-08-15 10:21:28,811 [INFO] Argument:325 - Argument : hdmavalue: null
2026-08-15 10:21:28,811 [INFO] Argument:327 - 	 sub Args: 
2026-08-15 10:21:28,811 [INFO] Argument:325 - Argument : Instancevalue: DMA1_Channel1
2026-08-15 10:21:28,811 [INFO] Argument:335 - Argument : Instancevalue: DMA1_Channel1
2026-08-15 10:21:28,812 [INFO] Argument:325 - Argument : Initvalue: null
2026-08-15 10:21:28,812 [INFO] Argument:327 - 	 sub Args: 
2026-08-15 10:21:28,812 [INFO] Argument:325 - Argument : Directionvalue: DMA_PERIPH_TO_MEMORY
2026-08-15 10:21:28,812 [INFO] Argument:335 - Argument : Directionvalue: DMA_PERIPH_TO_MEMORY
2026-08-15 10:21:28,812 [INFO] Argument:325 - Argument : PeriphIncvalue: DMA_PINC_DISABLE
2026-08-15 10:21:28,812 [INFO] Argument:335 - Argument : PeriphIncvalue: DMA_PINC_DISABLE
2026-08-15 10:21:28,812 [INFO] Argument:325 - Argument : MemIncvalue: DMA_MINC_ENABLE
2026-08-15 10:21:28,812 [INFO] Argument:335 - Argument : MemIncvalue: DMA_MINC_ENABLE
2026-08-15 10:21:28,812 [INFO] Argument:325 - Argument : PeriphDataAlignmentvalue: DMA_PDATAALIGN_HALFWORD
2026-08-15 10:21:28,812 [INFO] Argument:335 - Argument : PeriphDataAlignmentvalue: DMA_PDATAALIGN_HALFWORD
2026-08-15 10:21:28,812 [INFO] Argument:325 - Argument : MemDataAlignmentvalue: DMA_MDATAALIGN_HALFWORD
2026-08-15 10:21:28,812 [INFO] Argument:335 - Argument : MemDataAlignmentvalue: DMA_MDATAALIGN_HALFWORD
2026-08-15 10:21:28,812 [INFO] Argument:325 - Argument : Modevalue: DMA_CIRCULAR
2026-08-15 10:21:28,812 [INFO] Argument:335 - Argument : Modevalue: DMA_CIRCULAR
2026-08-15 10:21:28,812 [INFO] Argument:325 - Argument : Priorityvalue: DMA_PRIORITY_LOW
2026-08-15 10:21:28,812 [INFO] Argument:335 - Argument : Priorityvalue: DMA_PRIORITY_LOW
2026-08-15 10:21:28,812 [INFO] Argument:325 - Argument : Lockvalue: null
2026-08-15 10:21:28,812 [INFO] Argument:335 - Argument : Lockvalue: null
2026-08-15 10:21:28,812 [INFO] Argument:325 - Argument : Statevalue: null
2026-08-15 10:21:28,812 [INFO] Argument:335 - Argument : Statevalue: null
2026-08-15 10:21:28,812 [INFO] Argument:325 - Argument : Parentvalue: null
2026-08-15 10:21:28,812 [INFO] Argument:335 - Argument : Parentvalue: null
2026-08-15 10:21:28,812 [INFO] Argument:325 - Argument : XferCpltCallbackvalue: null
2026-08-15 10:21:28,812 [INFO] Argument:335 - Argument : XferCpltCallbackvalue: null
2026-08-15 10:21:28,812 [INFO] Argument:325 - Argument : XferHalfCpltCallbackvalue: null
2026-08-15 10:21:28,812 [INFO] Argument:335 - Argument : XferHalfCpltCallbackvalue: null
2026-08-15 10:21:28,812 [INFO] Argument:325 - Argument : XferErrorCallbackvalue: null
2026-08-15 10:21:28,812 [INFO] Argument:335 - Argument : XferErrorCallbackvalue: null
2026-08-15 10:21:28,813 [INFO] Argument:325 - Argument : ErrorCodevalue: null
2026-08-15 10:21:28,813 [INFO] Argument:335 - Argument : ErrorCodevalue: null
2026-08-15 10:21:28,814 [WARN] IP:2250 - I2C_Coeff_DF not found: check if there is a RefParameter without a condition.
2026-08-15 10:21:28,814 [WARN] IP:2250 - Analog_Filter not found: check if there is a RefParameter without a condition.
2026-08-15 10:21:28,928 [INFO] CodeEngine:263 - oldGeneratedFile, /home/thuy/embedded/project/Quadcopter-STM32F4/STM32-RC_Transmitter/MXTmpFiles/license.tmp_save
2026-08-15 10:21:29,094 [INFO] CodeEngine:287 - Generated code: /home/thuy/embedded/project/Quadcopter-STM32F4/STM32-RC_Transmitter/MXTmpFiles/license.tmp
2026-08-15 10:21:29,122 [INFO] CodeEngine:263 - oldGeneratedFile, /home/thuy/embedded/project/Quadcopter-STM32F4/STM32-RC_Transmitter/MXTmpFiles/gpio.tmp_save
2026-08-15 10:21:29,207 [INFO] CodeEngine:287 - Generated code: /home/thuy/embedded/project/Quadcopter-STM32F4/STM32-RC_Transmitter/MXTmpFiles/gpio.tmp
2026-08-15 10:21:29,310 [INFO] CodeEngine:263 - oldGeneratedFile, /home/thuy/embedded/project/Quadcopter-STM32F4/STM32-RC_Transmitter/MXTmpFiles/dma.tmp_save
2026-08-15 10:21:29,382 [INFO] CodeEngine:287 - Generated code: /home/thuy/embedded/project/Quadcopter-STM32F4/STM32-RC_Transmitter/MXTmpFiles/dma.tmp
2026-08-15 10:21:29,383 [INFO] CodeEngine:263 - oldGeneratedFile, /home/thuy/embedded/project/Quadcopter-STM32F4/STM32-RC_Transmitter/MXTmpFiles/dma_GV.tmp_save
2026-08-15 10:21:29,451 [INFO] CodeEngine:287 - Generated code: /home/thuy/embedded/project/Quadcopter-STM32F4/STM32-RC_Transmitter/MXTmpFiles/dma_GV.tmp
2026-08-15 10:21:29,454 [INFO] CodeEngine:263 - oldGeneratedFile, /home/thuy/embedded/project/Quadcopter-STM32F4/STM32-RC_Transmitter/Core/Src/stm32f1xx_it.c_save
2026-08-15 10:21:29,535 [INFO] CodeEngine:287 - Generated code: /home/thuy/embedded/project/Quadcopter-STM32F4/STM32-RC_Transmitter/Core/Src/stm32f1xx_it.c
2026-08-15 10:21:29,536 [INFO] CodeEngine:263 - oldGeneratedFile, /home/thuy/embedded/project/Quadcopter-STM32F4/STM32-RC_Transmitter/Core/Inc/stm32f1xx_it.h_save
2026-08-15 10:21:29,602 [INFO] CodeEngine:287 - Generated code: /home/thuy/embedded/project/Quadcopter-STM32F4/STM32-RC_Transmitter/Core/Inc/stm32f1xx_it.h
2026-08-15 10:21:29,605 [INFO] CodeEngine:263 - oldGeneratedFile, /home/thuy/embedded/project/Quadcopter-STM32F4/STM32-RC_Transmitter/Core/Src/stm32f1xx_hal_msp.c_save
2026-08-15 10:21:29,691 [INFO] CodeEngine:287 - Generated code: /home/thuy/embedded/project/Quadcopter-STM32F4/STM32-RC_Transmitter/Core/Src/stm32f1xx_hal_msp.c
2026-08-15 10:21:29,692 [INFO] CodeEngine:263 - oldGeneratedFile, /home/thuy/embedded/project/Quadcopter-STM32F4/STM32-RC_Transmitter/MXTmpFiles/system.tmp_save
2026-08-15 10:21:29,737 [INFO] CodeEngine:287 - Generated code: /home/thuy/embedded/project/Quadcopter-STM32F4/STM32-RC_Transmitter/MXTmpFiles/system.tmp
2026-08-15 10:21:29,739 [INFO] CodeEngine:319 - oldGeneratedFile, /home/thuy/embedded/project/Quadcopter-STM32F4/STM32-RC_Transmitter/Core/Inc/stm32f1xx_hal_conf.h_save
2026-08-15 10:21:29,784 [INFO] CodeEngine:343 - Generated code: /home/thuy/embedded/project/Quadcopter-STM32F4/STM32-RC_Transmitter/Core/Inc/stm32f1xx_hal_conf.h
2026-08-15 10:21:29,793 [INFO] ApiDbMcu:508 - Load IP Config File for ADC1
2026-08-15 10:21:29,795 [INFO] ApiDbMcu:508 - Load IP Config File for I2C1
2026-08-15 10:21:29,796 [INFO] ApiDbMcu:508 - Load IP Config File for SPI2
2026-08-15 10:21:29,798 [INFO] ApiDbMcu:508 - Load IP Config File for USART1
2026-08-15 10:21:29,799 [INFO] ApiDbMcu:508 - Load IP Config File for RCC
2026-08-15 10:21:29,801 [INFO] CodeEngine:263 - oldGeneratedFile, /home/thuy/embedded/project/Quadcopter-STM32F4/STM32-RC_Transmitter/Core/Inc/main.h_save
2026-08-15 10:21:29,860 [INFO] CodeEngine:287 - Generated code: /home/thuy/embedded/project/Quadcopter-STM32F4/STM32-RC_Transmitter/Core/Inc/main.h
2026-08-15 10:21:29,861 [INFO] CodeEngine:263 - oldGeneratedFile, /home/thuy/embedded/project/Quadcopter-STM32F4/STM32-RC_Transmitter/Core/Src/main.c_save
2026-08-15 10:21:29,950 [INFO] CodeEngine:287 - Generated code: /home/thuy/embedded/project/Quadcopter-STM32F4/STM32-RC_Transmitter/Core/Src/main.c
2026-08-15 10:21:30,091 [INFO] ProjectBuilder:3324 - Time for Copy HAL[1] : 10mS.
2026-08-15 10:21:30,092 [INFO] ProjectBuilder:4912 - Project Generator version: 4.6.0-B36
2026-08-15 10:21:30,153 [INFO] ConfigFileManager:1590 - The Die is : DIE410
2026-08-15 10:21:30,155 [INFO] ApiDbMcu:508 - Load IP Config File for FATFS
2026-08-15 10:21:30,157 [INFO] ApiDbMcu:508 - Load IP Config File for FREERTOS
2026-08-15 10:21:30,160 [INFO] ApiDbMcu:508 - Load IP Config File for USB_DEVICE
2026-08-15 10:21:30,574 [INFO] ProjectBuilder:5191 - Time for Generating toolchain IDE Files: 482mS.
2026-08-15 10:21:30,575 [INFO] ProjectBuilder:3181 - Time for Copy CMSIS : 0mS.
2026-08-15 10:21:30,575 [INFO] ProjectBuilder:3181 - Time for Copy CMSIS : 0mS.
2026-08-15 10:21:33,276 [ERROR] LogOutputStream:75 - [STDERR_REDIRECT] Aug 15, 2026 10:21:33 AM java.util.prefs.FileSystemPreferences checkLockFile0ErrorCode
2026-08-15 10:21:33,277 [ERROR] LogOutputStream:75 - [STDERR_REDIRECT] WARNING: Could not lock System prefs. Unix error code 2.
2026-08-15 10:21:33,277 [ERROR] LogOutputStream:75 - [STDERR_REDIRECT] 
2026-08-15 10:21:33,277 [ERROR] LogOutputStream:75 - [STDERR_REDIRECT] Aug 15, 2026 10:21:33 AM java.util.prefs.FileSystemPreferences syncWorld
2026-08-15 10:21:33,277 [ERROR] LogOutputStream:75 - [STDERR_REDIRECT] WARNING: Couldn't flush system prefs: java.util.prefs.BackingStoreException: Couldn't get file lock.
2026-08-15 10:21:33,277 [ERROR] LogOutputStream:75 - [STDERR_REDIRECT] 
2026-08-15 10:22:03,275 [ERROR] LogOutputStream:75 - [STDERR_REDIRECT] Aug 15, 2026 10:22:03 AM java.util.prefs.FileSystemPreferences checkLockFile0ErrorCode
2026-08-15 10:22:03,275 [ERROR] LogOutputStream:75 - [STDERR_REDIRECT] WARNING: Could not lock System prefs. Unix error code 2.
2026-08-15 10:22:03,275 [ERROR] LogOutputStream:75 - [STDERR_REDIRECT] 
2026-08-15 10:22:03,275 [ERROR] LogOutputStream:75 - [STDERR_REDIRECT] Aug 15, 2026 10:22:03 AM java.util.prefs.FileSystemPreferences syncWorld
2026-08-15 10:22:03,275 [ERROR] LogOutputStream:75 - [STDERR_REDIRECT] WARNING: Couldn't flush system prefs: java.util.prefs.BackingStoreException: Couldn't get file lock.
2026-08-15 10:22:03,276 [ERROR] LogOutputStream:75 - [STDERR_REDIRECT] 
2026-08-15 10:22:33,276 [ERROR] LogOutputStream:75 - [STDERR_REDIRECT] Aug 15, 2026 10:22:33 AM java.util.prefs.FileSystemPreferences checkLockFile0ErrorCode
2026-08-15 10:22:33,276 [ERROR] LogOutputStream:75 - [STDERR_REDIRECT] WARNING: Could not lock System prefs. Unix error code 2.
2026-08-15 10:22:33,276 [ERROR] LogOutputStream:75 - [STDERR_REDIRECT] 
2026-08-15 10:22:33,277 [ERROR] LogOutputStream:75 - [STDERR_REDIRECT] Aug 15, 2026 10:22:33 AM java.util.prefs.FileSystemPreferences syncWorld
2026-08-15 10:22:33,277 [ERROR] LogOutputStream:75 - [STDERR_REDIRECT] WARNING: Couldn't flush system prefs: java.util.prefs.BackingStoreException: Couldn't get file lock.
2026-08-15 10:22:33,277 [ERROR] LogOutputStream:75 - [STDERR_REDIRECT] 
2026-08-15 10:23:03,275 [ERROR] LogOutputStream:75 - [STDERR_REDIRECT] Aug 15, 2026 10:23:03 AM java.util.prefs.FileSystemPreferences checkLockFile0ErrorCode
2026-08-15 10:23:03,275 [ERROR] LogOutputStream:75 - [STDERR_REDIRECT] WARNING: Could not lock System prefs. Unix error code 2.
2026-08-15 10:23:03,275 [ERROR] LogOutputStream:75 - [STDERR_REDIRECT] 
2026-08-15 10:23:03,276 [ERROR] LogOutputStream:75 - [STDERR_REDIRECT] Aug 15, 2026 10:23:03 AM java.util.prefs.FileSystemPreferences syncWorld
2026-08-15 10:23:03,276 [ERROR] LogOutputStream:75 - [STDERR_REDIRECT] WARNING: Couldn't flush system prefs: java.util.prefs.BackingStoreException: Couldn't get file lock.
2026-08-15 10:23:03,276 [ERROR] LogOutputStream:75 - [STDERR_REDIRECT] 
2026-08-15 10:23:33,276 [ERROR] LogOutputStream:75 - [STDERR_REDIRECT] Aug 15, 2026 10:23:33 AM java.util.prefs.FileSystemPreferences checkLockFile0ErrorCode
2026-08-15 10:23:33,276 [ERROR] LogOutputStream:75 - [STDERR_REDIRECT] WARNING: Could not lock System prefs. Unix error code 2.
2026-08-15 10:23:33,276 [ERROR] LogOutputStream:75 - [STDERR_REDIRECT] 
2026-08-15 10:23:33,277 [ERROR] LogOutputStream:75 - [STDERR_REDIRECT] Aug 15, 2026 10:23:33 AM java.util.prefs.FileSystemPreferences syncWorld
2026-08-15 10:23:33,277 [ERROR] LogOutputStream:75 - [STDERR_REDIRECT] WARNING: Couldn't flush system prefs: java.util.prefs.BackingStoreException: Couldn't get file lock.
2026-08-15 10:23:33,277 [ERROR] LogOutputStream:75 - [STDERR_REDIRECT] 
2026-08-15 10:24:03,276 [ERROR] LogOutputStream:75 - [STDERR_REDIRECT] Aug 15, 2026 10:24:03 AM java.util.prefs.FileSystemPreferences checkLockFile0ErrorCode
2026-08-15 10:24:03,276 [ERROR] LogOutputStream:75 - [STDERR_REDIRECT] WARNING: Could not lock System prefs. Unix error code 2.
2026-08-15 10:24:03,276 [ERROR] LogOutputStream:75 - [STDERR_REDIRECT] 
2026-08-15 10:24:03,277 [ERROR] LogOutputStream:75 - [STDERR_REDIRECT] Aug 15, 2026 10:24:03 AM java.util.prefs.FileSystemPreferences syncWorld
2026-08-15 10:24:03,277 [ERROR] LogOutputStream:75 - [STDERR_REDIRECT] WARNING: Couldn't flush system prefs: java.util.prefs.BackingStoreException: Couldn't get file lock.
2026-08-15 10:24:03,277 [ERROR] LogOutputStream:75 - [STDERR_REDIRECT] 
2026-08-15 10:24:33,275 [ERROR] LogOutputStream:75 - [STDERR_REDIRECT] Aug 15, 2026 10:24:33 AM java.util.prefs.FileSystemPreferences checkLockFile0ErrorCode
2026-08-15 10:24:33,275 [ERROR] LogOutputStream:75 - [STDERR_REDIRECT] WARNING: Could not lock System prefs. Unix error code 2.
2026-08-15 10:24:33,275 [ERROR] LogOutputStream:75 - [STDERR_REDIRECT] 
2026-08-15 10:24:33,276 [ERROR] LogOutputStream:75 - [STDERR_REDIRECT] Aug 15, 2026 10:24:33 AM java.util.prefs.FileSystemPreferences syncWorld
2026-08-15 10:24:33,276 [ERROR] LogOutputStream:75 - [STDERR_REDIRECT] WARNING: Couldn't flush system prefs: java.util.prefs.BackingStoreException: Couldn't get file lock.
2026-08-15 10:24:33,276 [ERROR] LogOutputStream:75 - [STDERR_REDIRECT] 
2026-08-15 10:25:03,275 [ERROR] LogOutputStream:75 - [STDERR_REDIRECT] Aug 15, 2026 10:25:03 AM java.util.prefs.FileSystemPreferences checkLockFile0ErrorCode
2026-08-15 10:25:03,276 [ERROR] LogOutputStream:75 - [STDERR_REDIRECT] WARNING: Could not lock System prefs. Unix error code 2.
2026-08-15 10:25:03,276 [ERROR] LogOutputStream:75 - [STDERR_REDIRECT] 
2026-08-15 10:25:03,276 [ERROR] LogOutputStream:75 - [STDERR_REDIRECT] Aug 15, 2026 10:25:03 AM java.util.prefs.FileSystemPreferences syncWorld
2026-08-15 10:25:03,276 [ERROR] LogOutputStream:75 - [STDERR_REDIRECT] WARNING: Couldn't flush system prefs: java.util.prefs.BackingStoreException: Couldn't get file lock.
2026-08-15 10:25:03,276 [ERROR] LogOutputStream:75 - [STDERR_REDIRECT] 
2026-08-15 10:25:33,275 [ERROR] LogOutputStream:75 - [STDERR_REDIRECT] Aug 15, 2026 10:25:33 AM java.util.prefs.FileSystemPreferences checkLockFile0ErrorCode
2026-08-15 10:25:33,275 [ERROR] LogOutputStream:75 - [STDERR_REDIRECT] WARNING: Could not lock System prefs. Unix error code 2.
2026-08-15 10:25:33,275 [ERROR] LogOutputStream:75 - [STDERR_REDIRECT] 
2026-08-15 10:25:33,276 [ERROR] LogOutputStream:75 - [STDERR_REDIRECT] Aug 15, 2026 10:25:33 AM java.util.prefs.FileSystemPreferences syncWorld
2026-08-15 10:25:33,276 [ERROR] LogOutputStream:75 - [STDERR_REDIRECT] WARNING: Couldn't flush system prefs: java.util.prefs.BackingStoreException: Couldn't get file lock.
2026-08-15 10:25:33,276 [ERROR] LogOutputStream:75 - [STDERR_REDIRECT] 
2026-08-15 10:26:03,275 [ERROR] LogOutputStream:75 - [STDERR_REDIRECT] Aug 15, 2026 10:26:03 AM java.util.prefs.FileSystemPreferences checkLockFile0ErrorCode
2026-08-15 10:26:03,275 [ERROR] LogOutputStream:75 - [STDERR_REDIRECT] WARNING: Could not lock System prefs. Unix error code 2.
2026-08-15 10:26:03,275 [ERROR] LogOutputStream:75 - [STDERR_REDIRECT] 
2026-08-15 10:26:03,275 [ERROR] LogOutputStream:75 - [STDERR_REDIRECT] Aug 15, 2026 10:26:03 AM java.util.prefs.FileSystemPreferences syncWorld
2026-08-15 10:26:03,275 [ERROR] LogOutputStream:75 - [STDERR_REDIRECT] WARNING: Couldn't flush system prefs: java.util.prefs.BackingStoreException: Couldn't get file lock.
2026-08-15 10:26:03,275 [ERROR] LogOutputStream:75 - [STDERR_REDIRECT] 
2026-08-15 10:26:33,276 [ERROR] LogOutputStream:75 - [STDERR_REDIRECT] Aug 15, 2026 10:26:33 AM java.util.prefs.FileSystemPreferences checkLockFile0ErrorCode
2026-08-15 10:26:33,276 [ERROR] LogOutputStream:75 - [STDERR_REDIRECT] WARNING: Could not lock System prefs. Unix error code 2.
2026-08-15 10:26:33,276 [ERROR] LogOutputStream:75 - [STDERR_REDIRECT] 
2026-08-15 10:26:33,276 [ERROR] LogOutputStream:75 - [STDERR_REDIRECT] Aug 15, 2026 10:26:33 AM java.util.prefs.FileSystemPreferences syncWorld
2026-08-15 10:26:33,276 [ERROR] LogOutputStream:75 - [STDERR_REDIRECT] WARNING: Couldn't flush system prefs: java.util.prefs.BackingStoreException: Couldn't get file lock.
2026-08-15 10:26:33,276 [ERROR] LogOutputStream:75 - [STDERR_REDIRECT] 
2026-08-15 10:27:03,276 [ERROR] LogOutputStream:75 - [STDERR_REDIRECT] Aug 15, 2026 10:27:03 AM java.util.prefs.FileSystemPreferences checkLockFile0ErrorCode
2026-08-15 10:27:03,276 [ERROR] LogOutputStream:75 - [STDERR_REDIRECT] WARNING: Could not lock System prefs. Unix error code 2.
2026-08-15 10:27:03,276 [ERROR] LogOutputStream:75 - [STDERR_REDIRECT] 
2026-08-15 10:27:03,276 [ERROR] LogOutputStream:75 - [STDERR_REDIRECT] Aug 15, 2026 10:27:03 AM java.util.prefs.FileSystemPreferences syncWorld
2026-08-15 10:27:03,276 [ERROR] LogOutputStream:75 - [STDERR_REDIRECT] WARNING: Couldn't flush system prefs: java.util.prefs.BackingStoreException: Couldn't get file lock.
2026-08-15 10:27:03,276 [ERROR] LogOutputStream:75 - [STDERR_REDIRECT] 
2026-08-15 10:27:33,281 [ERROR] LogOutputStream:75 - [STDERR_REDIRECT] Aug 15, 2026 10:27:33 AM java.util.prefs.FileSystemPreferences checkLockFile0ErrorCode
2026-08-15 10:27:33,281 [ERROR] LogOutputStream:75 - [STDERR_REDIRECT] WARNING: Could not lock System prefs. Unix error code 2.
2026-08-15 10:27:33,281 [ERROR] LogOutputStream:75 - [STDERR_REDIRECT] 
2026-08-15 10:27:33,281 [ERROR] LogOutputStream:75 - [STDERR_REDIRECT] Aug 15, 2026 10:27:33 AM java.util.prefs.FileSystemPreferences syncWorld
2026-08-15 10:27:33,281 [ERROR] LogOutputStream:75 - [STDERR_REDIRECT] WARNING: Couldn't flush system prefs: java.util.prefs.BackingStoreException: Couldn't get file lock.
2026-08-15 10:27:33,281 [ERROR] LogOutputStream:75 - [STDERR_REDIRECT] 
2026-08-15 10:28:03,276 [ERROR] LogOutputStream:75 - [STDERR_REDIRECT] Aug 15, 2026 10:28:03 AM java.util.prefs.FileSystemPreferences checkLockFile0ErrorCode
2026-08-15 10:28:03,276 [ERROR] LogOutputStream:75 - [STDERR_REDIRECT] WARNING: Could not lock System prefs. Unix error code 2.
2026-08-15 10:28:03,276 [ERROR] LogOutputStream:75 - [STDERR_REDIRECT] 
2026-08-15 10:28:03,276 [ERROR] LogOutputStream:75 - [STDERR_REDIRECT] Aug 15, 2026 10:28:03 AM java.util.prefs.FileSystemPreferences syncWorld
2026-08-15 10:28:03,276 [ERROR] LogOutputStream:75 - [STDERR_REDIRECT] WARNING: Couldn't flush system prefs: java.util.prefs.BackingStoreException: Couldn't get file lock.
2026-08-15 10:28:03,276 [ERROR] LogOutputStream:75 - [STDERR_REDIRECT] 
2026-08-15 10:28:33,276 [ERROR] LogOutputStream:75 - [STDERR_REDIRECT] Aug 15, 2026 10:28:33 AM java.util.prefs.FileSystemPreferences checkLockFile0ErrorCode
2026-08-15 10:28:33,276 [ERROR] LogOutputStream:75 - [STDERR_REDIRECT] WARNING: Could not lock System prefs. Unix error code 2.
2026-08-15 10:28:33,276 [ERROR] LogOutputStream:75 - [STDERR_REDIRECT] 
2026-08-15 10:28:33,276 [ERROR] LogOutputStream:75 - [STDERR_REDIRECT] Aug 15, 2026 10:28:33 AM java.util.prefs.FileSystemPreferences syncWorld
2026-08-15 10:28:33,276 [ERROR] LogOutputStream:75 - [STDERR_REDIRECT] WARNING: Couldn't flush system prefs: java.util.prefs.BackingStoreException: Couldn't get file lock.
2026-08-15 10:28:33,276 [ERROR] LogOutputStream:75 - [STDERR_REDIRECT] 
2026-08-15 10:29:03,277 [ERROR] LogOutputStream:75 - [STDERR_REDIRECT] Aug 15, 2026 10:29:03 AM java.util.prefs.FileSystemPreferences checkLockFile0ErrorCode
2026-08-15 10:29:03,277 [ERROR] LogOutputStream:75 - [STDERR_REDIRECT] WARNING: Could not lock System prefs. Unix error code 2.
2026-08-15 10:29:03,277 [ERROR] LogOutputStream:75 - [STDERR_REDIRECT] 
2026-08-15 10:29:03,277 [ERROR] LogOutputStream:75 - [STDERR_REDIRECT] Aug 15, 2026 10:29:03 AM java.util.prefs.FileSystemPreferences syncWorld
2026-08-15 10:29:03,277 [ERROR] LogOutputStream:75 - [STDERR_REDIRECT] WARNING: Couldn't flush system prefs: java.util.prefs.BackingStoreException: Couldn't get file lock.
2026-08-15 10:29:03,277 [ERROR] LogOutputStream:75 - [STDERR_REDIRECT] 
2026-08-15 10:29:33,277 [ERROR] LogOutputStream:75 - [STDERR_REDIRECT] Aug 15, 2026 10:29:33 AM java.util.prefs.FileSystemPreferences checkLockFile0ErrorCode
2026-08-15 10:29:33,278 [ERROR] LogOutputStream:75 - [STDERR_REDIRECT] WARNING: Could not lock System prefs. Unix error code 2.
2026-08-15 10:29:33,278 [ERROR] LogOutputStream:75 - [STDERR_REDIRECT] 
2026-08-15 10:29:33,278 [ERROR] LogOutputStream:75 - [STDERR_REDIRECT] Aug 15, 2026 10:29:33 AM java.util.prefs.FileSystemPreferences syncWorld
2026-08-15 10:29:33,278 [ERROR] LogOutputStream:75 - [STDERR_REDIRECT] WARNING: Couldn't flush system prefs: java.util.prefs.BackingStoreException: Couldn't get file lock.
2026-08-15 10:29:33,278 [ERROR] LogOutputStream:75 - [STDERR_REDIRECT] 
2026-08-15 10:30:03,278 [ERROR] LogOutputStream:75 - [STDERR_REDIRECT] Aug 15, 2026 10:30:03 AM java.util.prefs.FileSystemPreferences checkLockFile0ErrorCode
2026-08-15 10:30:03,278 [ERROR] LogOutputStream:75 - [STDERR_REDIRECT] WARNING: Could not lock System prefs. Unix error code 2.
2026-08-15 10:30:03,283 [ERROR] LogOutputStream:75 - [STDERR_REDIRECT] 
2026-08-15 10:30:03,284 [ERROR] LogOutputStream:75 - [STDERR_REDIRECT] Aug 15, 2026 10:30:03 AM java.util.prefs.FileSystemPreferences syncWorld
2026-08-15 10:30:03,284 [ERROR] LogOutputStream:75 - [STDERR_REDIRECT] WARNING: Couldn't flush system prefs: java.util.prefs.BackingStoreException: Couldn't get file lock.
2026-08-15 10:30:03,284 [ERROR] LogOutputStream:75 - [STDERR_REDIRECT] 
2026-08-15 10:30:33,278 [ERROR] LogOutputStream:75 - [STDERR_REDIRECT] Aug 15, 2026 10:30:33 AM java.util.prefs.FileSystemPreferences checkLockFile0ErrorCode
2026-08-15 10:30:33,278 [ERROR] LogOutputStream:75 - [STDERR_REDIRECT] WARNING: Could not lock System prefs. Unix error code 2.
2026-08-15 10:30:33,278 [ERROR] LogOutputStream:75 - [STDERR_REDIRECT] 
2026-08-15 10:30:33,278 [ERROR] LogOutputStream:75 - [STDERR_REDIRECT] Aug 15, 2026 10:30:33 AM java.util.prefs.FileSystemPreferences syncWorld
2026-08-15 10:30:33,278 [ERROR] LogOutputStream:75 - [STDERR_REDIRECT] WARNING: Couldn't flush system prefs: java.util.prefs.BackingStoreException: Couldn't get file lock.
2026-08-15 10:30:33,278 [ERROR] LogOutputStream:75 - [STDERR_REDIRECT] 
2026-08-15 10:31:03,277 [ERROR] LogOutputStream:75 - [STDERR_REDIRECT] Aug 15, 2026 10:31:03 AM java.util.prefs.FileSystemPreferences checkLockFile0ErrorCode
2026-08-15 10:31:03,278 [ERROR] LogOutputStream:75 - [STDERR_REDIRECT] WARNING: Could not lock System prefs. Unix error code 2.
2026-08-15 10:31:03,278 [ERROR] LogOutputStream:75 - [STDERR_REDIRECT] 
2026-08-15 10:31:03,278 [ERROR] LogOutputStream:75 - [STDERR_REDIRECT] Aug 15, 2026 10:31:03 AM java.util.prefs.FileSystemPreferences syncWorld
2026-08-15 10:31:03,278 [ERROR] LogOutputStream:75 - [STDERR_REDIRECT] WARNING: Couldn't flush system prefs: java.util.prefs.BackingStoreException: Couldn't get file lock.
2026-08-15 10:31:03,278 [ERROR] LogOutputStream:75 - [STDERR_REDIRECT] 
2026-08-15 10:31:33,277 [ERROR] LogOutputStream:75 - [STDERR_REDIRECT] Aug 15, 2026 10:31:33 AM java.util.prefs.FileSystemPreferences checkLockFile0ErrorCode
2026-08-15 10:31:33,277 [ERROR] LogOutputStream:75 - [STDERR_REDIRECT] WARNING: Could not lock System prefs. Unix error code 2.
2026-08-15 10:31:33,277 [ERROR] LogOutputStream:75 - [STDERR_REDIRECT] 
2026-08-15 10:31:33,277 [ERROR] LogOutputStream:75 - [STDERR_REDIRECT] Aug 15, 2026 10:31:33 AM java.util.prefs.FileSystemPreferences syncWorld
2026-08-15 10:31:33,278 [ERROR] LogOutputStream:75 - [STDERR_REDIRECT] WARNING: Couldn't flush system prefs: java.util.prefs.BackingStoreException: Couldn't get file lock.
2026-08-15 10:31:33,278 [ERROR] LogOutputStream:75 - [STDERR_REDIRECT] 
2026-08-15 10:32:03,277 [ERROR] LogOutputStream:75 - [STDERR_REDIRECT] Aug 15, 2026 10:32:03 AM java.util.prefs.FileSystemPreferences checkLockFile0ErrorCode
2026-08-15 10:32:03,277 [ERROR] LogOutputStream:75 - [STDERR_REDIRECT] WARNING: Could not lock System prefs. Unix error code 2.
2026-08-15 10:32:03,277 [ERROR] LogOutputStream:75 - [STDERR_REDIRECT] 
2026-08-15 10:32:03,277 [ERROR] LogOutputStream:75 - [STDERR_REDIRECT] Aug 15, 2026 10:32:03 AM java.util.prefs.FileSystemPreferences syncWorld
2026-08-15 10:32:03,277 [ERROR] LogOutputStream:75 - [STDERR_REDIRECT] WARNING: Couldn't flush system prefs: java.util.prefs.BackingStoreException: Couldn't get file lock.
2026-08-15 10:32:03,277 [ERROR] LogOutputStream:75 - [STDERR_REDIRECT] 
2026-08-15 10:32:12,453 [ERROR] LogOutputStream:75 - [STDERR_REDIRECT] 
2026-08-15 10:32:12,453 [ERROR] LogOutputStream:75 - [STDERR_REDIRECT] 
2026-08-15 10:32:23,956 [INFO] Activator:176 - 


2026-08-15 10:32:23,958 [INFO] Activator:177 - !SESSION log4j initialized
2026-08-15 10:32:27,019 [INFO] LogOutputStream:77 - [STDOUT_REDIRECT] 
2026-08-15 10:32:27,468 [INFO] ApplicationProperties:184 - Using Application install path: /opt/st/stm32cubeide_1.18.0/plugins/com.st.stm32cube.common.mx_6.14.0.202502271554
2026-08-15 10:32:27,481 [INFO] DbMcusXml:78 - Set database path to: /opt/st/stm32cubeide_1.18.0/plugins/com.st.stm32cube.common.mx_6.14.0.202502271554//db//mcu/
2026-08-15 10:32:27,481 [INFO] ApiDb:274 - Set plugin database path to: /opt/st/stm32cubeide_1.18.0/plugins/com.st.stm32cube.common.mx_6.14.0.202502271554//db//plugins/boardmanager/
2026-08-15 10:32:27,481 [WARN] ApiDb:259 - Overriding images path with different value:  => /opt/st/stm32cubeide_1.18.0/plugins/com.st.stm32cube.common.mx_6.14.0.202502271554//db//plugins/mcufinder/images/
2026-08-15 10:32:27,484 [INFO] ApiDb:250 - Set database path to: /home/thuy/.stmcufinder/plugins/mcufinder//mcu/
2026-08-15 10:32:27,485 [INFO] DbMcusAds:125 - Set database path to: /home/thuy/.stmcufinder/plugins/mcufinder//mcu/
2026-08-15 10:32:27,487 [INFO] CrossReferenceDbSqlite:203 - Set database path to: /home/thuy/.stmcufinder/plugins/mcufinder//mcu/cs/
2026-08-15 10:32:27,562 [INFO] RulesReader:64 - Compatibility file has been processed (301 Rules)
2026-08-15 10:32:27,603 [INFO] DbMcusXml:78 - Set database path to: /opt/st/stm32cubeide_1.18.0/plugins/com.st.stm32cube.common.mx_6.14.0.202502271554//db//mcu/
2026-08-15 10:32:27,603 [INFO] ApiDb:274 - Set plugin database path to: /opt/st/stm32cubeide_1.18.0/plugins/com.st.stm32cube.common.mx_6.14.0.202502271554//db//plugins/boardmanager/
2026-08-15 10:32:27,603 [INFO] ApiDb:261 - Set plugin images path to: /opt/st/stm32cubeide_1.18.0/plugins/com.st.stm32cube.common.mx_6.14.0.202502271554//db//plugins/mcufinder/images/
2026-08-15 10:32:27,604 [WARN] DbFile:41 - Overriding database path with different value: /home/thuy/.stmcufinder/plugins/mcufinder/ => /home/thuy/.stmcufinder/plugins/mcufinder
2026-08-15 10:32:27,604 [INFO] ApiDb:250 - Set database path to: /home/thuy/.stmcufinder/plugins/mcufinder//mcu/
2026-08-15 10:32:27,604 [WARN] DbFile:41 - Overriding database path with different value: /home/thuy/.stmcufinder/plugins/mcufinder/ => /home/thuy/.stmcufinder/plugins/mcufinder
2026-08-15 10:32:27,604 [INFO] DbMcusAds:125 - Set database path to: /home/thuy/.stmcufinder/plugins/mcufinder//mcu/
2026-08-15 10:32:27,604 [WARN] DbFile:41 - Overriding database path with different value: /home/thuy/.stmcufinder/plugins/mcufinder/ => /home/thuy/.stmcufinder/plugins/mcufinder
2026-08-15 10:32:27,604 [WARN] DbFile:41 - Overriding database path with different value: /home/thuy/.stmcufinder/plugins/mcufinder/ => /home/thuy/.stmcufinder/plugins/mcufinder
2026-08-15 10:32:27,604 [INFO] CrossReferenceDbSqlite:203 - Set database path to: /home/thuy/.stmcufinder/plugins/mcufinder//mcu/cs/
2026-08-15 10:32:27,648 [INFO] MainPanel:272 - HeapMemory: 268435456
2026-08-15 10:32:27,740 [INFO] DbMcusXml:78 - Set database path to: /opt/st/stm32cubeide_1.18.0/plugins/com.st.stm32cube.common.mx_6.14.0.202502271554//db//mcu/
2026-08-15 10:32:27,740 [INFO] ApiDb:274 - Set plugin database path to: /opt/st/stm32cubeide_1.18.0/plugins/com.st.stm32cube.common.mx_6.14.0.202502271554//db//plugins/boardmanager/
2026-08-15 10:32:27,740 [INFO] ApiDb:261 - Set plugin images path to: /opt/st/stm32cubeide_1.18.0/plugins/com.st.stm32cube.common.mx_6.14.0.202502271554//db//plugins/mcufinder/images/
2026-08-15 10:32:27,741 [WARN] DbFile:41 - Overriding database path with different value: /home/thuy/.stmcufinder/plugins/mcufinder/ => /home/thuy/.stmcufinder/plugins/mcufinder
2026-08-15 10:32:27,741 [INFO] ApiDb:250 - Set database path to: /home/thuy/.stmcufinder/plugins/mcufinder//mcu/
2026-08-15 10:32:27,741 [WARN] DbFile:41 - Overriding database path with different value: /home/thuy/.stmcufinder/plugins/mcufinder/ => /home/thuy/.stmcufinder/plugins/mcufinder
2026-08-15 10:32:27,741 [INFO] DbMcusAds:125 - Set database path to: /home/thuy/.stmcufinder/plugins/mcufinder//mcu/
2026-08-15 10:32:27,741 [WARN] DbFile:41 - Overriding database path with different value: /home/thuy/.stmcufinder/plugins/mcufinder/ => /home/thuy/.stmcufinder/plugins/mcufinder
2026-08-15 10:32:27,741 [WARN] DbFile:41 - Overriding database path with different value: /home/thuy/.stmcufinder/plugins/mcufinder/ => /home/thuy/.stmcufinder/plugins/mcufinder
2026-08-15 10:32:27,741 [INFO] CrossReferenceDbSqlite:203 - Set database path to: /home/thuy/.stmcufinder/plugins/mcufinder//mcu/cs/
2026-08-15 10:32:27,752 [INFO] ApplicationProperties:184 - Using Application install path: /opt/st/stm32cubeide_1.18.0/plugins/com.st.stm32cube.common.mx_6.14.0.202502271554
2026-08-15 10:32:27,754 [INFO] PluginManage:196 - Search for loadable plugins [exclusion list=, ]
2026-08-15 10:32:27,754 [INFO] PluginManage:310 - Check plugin analytics
2026-08-15 10:32:27,858 [INFO] AnalyticsPlugin:253 - Accepted Software Licenses: STM32CubeMX.6.17.0
2026-08-15 10:32:27,858 [INFO] AnalyticsPlugin:255 - Accepted CMSIS Pack Licenses: 
2026-08-15 10:32:27,859 [INFO] AnalyticsPlugin:257 - Accepted Firmware Licenses: FW.F1.1.8.7,FW.F4.1.28.0,FW.F4.1.28.3
2026-08-15 10:32:27,860 [INFO] PluginManage:359 - Loaded plugin analytics (category:tool,tabindex:-1)
2026-08-15 10:32:27,860 [INFO] PluginManage:310 - Check plugin cadmodel
2026-08-15 10:32:27,864 [INFO] CADModel:105 - Init CAD model plugin
2026-08-15 10:32:27,864 [INFO] PluginManage:359 - Loaded plugin cadmodel (category:power,tabindex:5)
2026-08-15 10:32:27,864 [INFO] PluginManage:310 - Check plugin clock
2026-08-15 10:32:27,871 [INFO] PluginManage:359 - Loaded plugin clock (category:base,tabindex:2)
2026-08-15 10:32:27,871 [INFO] PluginManage:310 - Check plugin ddr
2026-08-15 10:32:27,873 [INFO] PluginManage:359 - Loaded plugin ddr (category:tool,tabindex:6)
2026-08-15 10:32:27,873 [INFO] PluginManage:310 - Check plugin filemanager
2026-08-15 10:32:27,980 [INFO] PluginManage:359 - Loaded plugin filemanager (category:base,tabindex:10)
2026-08-15 10:32:27,981 [INFO] PluginManage:310 - Check plugin ipmanager
2026-08-15 10:32:27,985 [INFO] PluginManage:359 - Loaded plugin ipmanager (category:base,tabindex:5)
2026-08-15 10:32:27,985 [INFO] PluginManage:310 - Check plugin lpbam
2026-08-15 10:32:27,993 [INFO] PluginManage:359 - Loaded plugin lpbam (category:base,tabindex:0)
2026-08-15 10:32:27,993 [INFO] PluginManage:310 - Check plugin memorymap
2026-08-15 10:32:28,001 [INFO] PluginManage:359 - Loaded plugin memorymap (category:base,tabindex:4)
2026-08-15 10:32:28,001 [INFO] PluginManage:310 - Check plugin pinoutandconfiguration
2026-08-15 10:32:28,006 [INFO] PluginManage:359 - Loaded plugin pinoutandconfiguration (category:base,tabindex:1)
2026-08-15 10:32:28,006 [INFO] PluginManage:310 - Check plugin pinoutconfig
2026-08-15 10:32:28,067 [WARN] SupportedApi:132 - Cannot load RTOS API schema: s4s-elt-must-match.1: The content of 'definitions' must match (annotation?, (simpleType | complexType)?, (unique | key | keyref)*)). A problem was found starting at: attribute.
2026-08-15 10:32:28,177 [INFO] PluginManage:359 - Loaded plugin pinoutconfig (category:base,tabindex:0)
2026-08-15 10:32:28,178 [INFO] PluginManage:310 - Check plugin power
2026-08-15 10:32:28,185 [INFO] PluginManage:359 - Loaded plugin power (category:power,tabindex:4)
2026-08-15 10:32:28,185 [INFO] PluginManage:310 - Check plugin projectmanager
2026-08-15 10:32:28,196 [INFO] PluginManage:359 - Loaded plugin projectmanager (category:projectmanager,tabindex:4)
2026-08-15 10:32:28,196 [INFO] PluginManage:310 - Check plugin rif
2026-08-15 10:32:28,202 [INFO] PluginManage:359 - Loaded plugin rif (category:base,tabindex:3)
2026-08-15 10:32:28,203 [INFO] PluginManage:310 - Check plugin thirdparty
2026-08-15 10:32:28,284 [INFO] PluginManage:359 - Loaded plugin thirdparty (category:base,tabindex:-1)
2026-08-15 10:32:28,284 [WARN] IntegrityCheckThread:84 - waiting for thirdparty lock release [integrity check]
2026-08-15 10:32:28,285 [INFO] IntegrityCheckThread:86 - entering critical section [integrity check]
2026-08-15 10:32:28,285 [INFO] PluginManage:310 - Check plugin tools
2026-08-15 10:32:28,285 [INFO] ThirdPartyUpdaterWithRetryManager:70 - Updater plugin not ready yet. [1/15]
2026-08-15 10:32:28,286 [INFO] PluginManage:359 - Loaded plugin tools (category:base,tabindex:7)
2026-08-15 10:32:28,286 [INFO] PluginManage:310 - Check plugin tutovideos
2026-08-15 10:32:28,408 [INFO] PluginManage:359 - Loaded plugin tutovideos (category:base,tabindex:-1)
2026-08-15 10:32:28,408 [INFO] PluginManage:310 - Check plugin updater
2026-08-15 10:32:28,427 [INFO] PluginManage:359 - Loaded plugin updater (category:base,tabindex:12)
2026-08-15 10:32:28,427 [INFO] PluginManage:310 - Check plugin userauth
2026-08-15 10:32:28,431 [INFO] UserAuth:118 - Init User Auth plugin
2026-08-15 10:32:28,432 [INFO] PluginManage:359 - Loaded plugin userauth (category:base,tabindex:14)
2026-08-15 10:32:28,432 [INFO] PluginManage:283 - PluginManage : Loaded plugins [18]
2026-08-15 10:32:28,578 [INFO] PinOutPanel:1589 - setPackage(No Configuration,No Configuration)
2026-08-15 10:32:28,625 [INFO] CADModel:165 - CPN selected for project level
2026-08-15 10:32:28,625 [INFO] CADModel:114 - Register for checkConnection events
2026-08-15 10:32:28,637 [INFO] IPUIPlugin:80 - create IPUIPlugin
2026-08-15 10:32:28,637 [INFO] PluginManager:220 - loadIPPluginJar : add freertos
2026-08-15 10:32:28,638 [INFO] IPUIPlugin:80 - create IPUIPlugin
2026-08-15 10:32:28,639 [INFO] PluginManager:220 - loadIPPluginJar : add quadspi
2026-08-15 10:32:28,642 [INFO] IPUIPlugin:80 - create IPUIPlugin
2026-08-15 10:32:28,642 [INFO] PluginManager:220 - loadIPPluginJar : add i2s
2026-08-15 10:32:28,645 [INFO] IPUIPlugin:80 - create IPUIPlugin
2026-08-15 10:32:28,645 [INFO] PluginManager:220 - loadIPPluginJar : add touchsensing
2026-08-15 10:32:28,647 [INFO] IPUIPlugin:80 - create IPUIPlugin
2026-08-15 10:32:28,647 [INFO] PluginManager:220 - loadIPPluginJar : add ipddr
2026-08-15 10:32:28,649 [INFO] IPUIPlugin:80 - create IPUIPlugin
2026-08-15 10:32:28,649 [INFO] PluginManager:220 - loadIPPluginJar : add pdm2pcm
2026-08-15 10:32:28,650 [INFO] IPUIPlugin:80 - create IPUIPlugin
2026-08-15 10:32:28,650 [INFO] PluginManager:220 - loadIPPluginJar : add dfsdm
2026-08-15 10:32:28,655 [INFO] IPUIPlugin:80 - create IPUIPlugin
2026-08-15 10:32:28,655 [INFO] PluginManager:220 - loadIPPluginJar : add stm32_wpan
2026-08-15 10:32:28,657 [INFO] IPUIPlugin:80 - create IPUIPlugin
2026-08-15 10:32:28,658 [INFO] PluginManager:220 - loadIPPluginJar : add nvic
2026-08-15 10:32:28,661 [INFO] IPUIPlugin:80 - create IPUIPlugin
2026-08-15 10:32:28,661 [INFO] PluginManager:220 - loadIPPluginJar : add gpio
2026-08-15 10:32:28,663 [INFO] IPUIPlugin:80 - create IPUIPlugin
2026-08-15 10:32:28,663 [INFO] PluginManager:220 - loadIPPluginJar : add usbx
2026-08-15 10:32:28,666 [INFO] IPUIPlugin:80 - create IPUIPlugin
2026-08-15 10:32:28,666 [INFO] PluginManager:220 - loadIPPluginJar : add sai
2026-08-15 10:32:28,667 [INFO] IPUIPlugin:80 - create IPUIPlugin
2026-08-15 10:32:28,667 [INFO] PluginManager:220 - loadIPPluginJar : add fatfs
2026-08-15 10:32:28,668 [INFO] IPUIPlugin:80 - create IPUIPlugin
2026-08-15 10:32:28,668 [INFO] PluginManager:220 - loadIPPluginJar : add opamp
2026-08-15 10:32:28,669 [INFO] IPUIPlugin:80 - create IPUIPlugin
2026-08-15 10:32:28,669 [INFO] PluginManager:220 - loadIPPluginJar : add spi
2026-08-15 10:32:28,670 [INFO] IPUIPlugin:80 - create IPUIPlugin
2026-08-15 10:32:28,671 [INFO] PluginManager:220 - loadIPPluginJar : add tsc
2026-08-15 10:32:28,673 [INFO] IPUIPlugin:80 - create IPUIPlugin
2026-08-15 10:32:28,673 [INFO] PluginManager:220 - loadIPPluginJar : add resmgrutility
2026-08-15 10:32:28,674 [INFO] IPUIPlugin:80 - create IPUIPlugin
2026-08-15 10:32:28,674 [INFO] PluginManager:220 - loadIPPluginJar : add can
2026-08-15 10:32:28,675 [INFO] IPUIPlugin:80 - create IPUIPlugin
2026-08-15 10:32:28,675 [INFO] PluginManager:220 - loadIPPluginJar : add ts
2026-08-15 10:32:28,679 [INFO] IPUIPlugin:80 - create IPUIPlugin
2026-08-15 10:32:28,681 [INFO] PluginManager:220 - loadIPPluginJar : add plateformsettings
2026-08-15 10:32:28,682 [INFO] IPUIPlugin:80 - create IPUIPlugin
2026-08-15 10:32:28,682 [INFO] PluginManager:220 - loadIPPluginJar : add tracer_emb
2026-08-15 10:32:28,684 [INFO] IPUIPlugin:80 - create IPUIPlugin
2026-08-15 10:32:28,684 [INFO] PluginManager:220 - loadIPPluginJar : add hash
2026-08-15 10:32:28,686 [INFO] IPUIPlugin:80 - create IPUIPlugin
2026-08-15 10:32:28,686 [INFO] PluginManager:220 - loadIPPluginJar : add i2c
2026-08-15 10:32:28,687 [INFO] IPUIPlugin:80 - create IPUIPlugin
2026-08-15 10:32:28,688 [INFO] PluginManager:220 - loadIPPluginJar : add i3c
2026-08-15 10:32:28,692 [INFO] IPUIPlugin:80 - create IPUIPlugin
2026-08-15 10:32:28,692 [INFO] PluginManager:220 - loadIPPluginJar : add adc
2026-08-15 10:32:28,693 [INFO] IPUIPlugin:80 - create IPUIPlugin
2026-08-15 10:32:28,693 [INFO] PluginManager:220 - loadIPPluginJar : add ltdc
2026-08-15 10:32:28,697 [INFO] IPUIPlugin:80 - create IPUIPlugin
2026-08-15 10:32:28,697 [INFO] PluginManager:220 - loadIPPluginJar : add mdma
2026-08-15 10:32:28,699 [INFO] IPUIPlugin:80 - create IPUIPlugin
2026-08-15 10:32:28,699 [INFO] PluginManager:220 - loadIPPluginJar : add aes
2026-08-15 10:32:28,702 [INFO] IPUIPlugin:80 - create IPUIPlugin
2026-08-15 10:32:28,702 [INFO] PluginManager:220 - loadIPPluginJar : add fmc
2026-08-15 10:32:28,703 [INFO] IPUIPlugin:80 - create IPUIPlugin
2026-08-15 10:32:28,703 [INFO] PluginManager:220 - loadIPPluginJar : add radio
2026-08-15 10:32:28,705 [INFO] IPUIPlugin:80 - create IPUIPlugin
2026-08-15 10:32:28,705 [INFO] PluginManager:220 - loadIPPluginJar : add cryp
2026-08-15 10:32:28,706 [INFO] IPUIPlugin:80 - create IPUIPlugin
2026-08-15 10:32:28,707 [INFO] PluginManager:220 - loadIPPluginJar : add openamp
2026-08-15 10:32:28,707 [INFO] IPUIPlugin:80 - create IPUIPlugin
2026-08-15 10:32:28,708 [INFO] PluginManager:220 - loadIPPluginJar : add comp
2026-08-15 10:32:28,709 [INFO] IPUIPlugin:80 - create IPUIPlugin
2026-08-15 10:32:28,709 [INFO] PluginManager:220 - loadIPPluginJar : add gfxmmu
2026-08-15 10:32:28,711 [INFO] IPUIPlugin:80 - create IPUIPlugin
2026-08-15 10:32:28,711 [INFO] PluginManager:220 - loadIPPluginJar : add gtzc
2026-08-15 10:32:28,715 [INFO] IPUIPlugin:80 - create IPUIPlugin
2026-08-15 10:32:28,715 [INFO] PluginManager:220 - loadIPPluginJar : add gic
2026-08-15 10:32:28,716 [INFO] IPUIPlugin:80 - create IPUIPlugin
2026-08-15 10:32:28,716 [INFO] PluginManager:220 - loadIPPluginJar : add lorawan
2026-08-15 10:32:28,718 [INFO] IPUIPlugin:80 - create IPUIPlugin
2026-08-15 10:32:28,718 [INFO] PluginManager:220 - loadIPPluginJar : add usart
2026-08-15 10:32:28,719 [INFO] IPUIPlugin:80 - create IPUIPlugin
2026-08-15 10:32:28,719 [INFO] PluginManager:220 - loadIPPluginJar : add tim
2026-08-15 10:32:28,721 [INFO] IPUIPlugin:80 - create IPUIPlugin
2026-08-15 10:32:28,721 [INFO] PluginManager:220 - loadIPPluginJar : add ddr_ctrl_phy
2026-08-15 10:32:28,723 [INFO] IPUIPlugin:80 - create IPUIPlugin
2026-08-15 10:32:28,723 [INFO] PluginManager:220 - loadIPPluginJar : add extmemmanager
2026-08-15 10:32:28,724 [INFO] IPUIPlugin:80 - create IPUIPlugin
2026-08-15 10:32:28,724 [INFO] PluginManager:220 - loadIPPluginJar : add dma3
2026-08-15 10:32:28,725 [INFO] IPUIPlugin:80 - create IPUIPlugin
2026-08-15 10:32:28,725 [INFO] PluginManager:220 - loadIPPluginJar : add ucpd
2026-08-15 10:32:28,728 [INFO] IPUIPlugin:80 - create IPUIPlugin
2026-08-15 10:32:28,728 [INFO] PluginManager:220 - loadIPPluginJar : add dma
2026-08-15 10:32:28,729 [INFO] IPUIPlugin:80 - create IPUIPlugin
2026-08-15 10:32:28,729 [INFO] PluginManager:220 - loadIPPluginJar : add genericplugin
2026-08-15 10:32:28,734 [INFO] IPUIPlugin:80 - create IPUIPlugin
2026-08-15 10:32:28,734 [INFO] PluginManager:220 - loadIPPluginJar : add linkedlist
2026-08-15 10:32:28,823 [FATAL] Updater:351 - Updater called before beeing initialized
2026-08-15 10:32:28,839 [INFO] RulesReader:64 - Compatibility file has been processed (301 Rules)
2026-08-15 10:32:28,846 [INFO] RulesReader:64 - Compatibility file has been processed (301 Rules)
2026-08-15 10:32:28,850 [INFO] CADModel:165 - CPN selected for project level
2026-08-15 10:32:28,850 [INFO] CADModel:114 - Register for checkConnection events
2026-08-15 10:32:28,850 [FATAL] Updater:351 - Updater called before beeing initialized
2026-08-15 10:32:28,850 [ERROR] CADModel:125 - Updater not yet initialized, retry later 
2026-08-15 10:32:28,925 [FATAL] Updater:351 - Updater called before beeing initialized
2026-08-15 10:32:28,926 [INFO] CADModel:165 - CPN selected for project level
2026-08-15 10:32:28,926 [INFO] CADModel:114 - Register for checkConnection events
2026-08-15 10:32:28,927 [FATAL] Updater:351 - Updater called before beeing initialized
2026-08-15 10:32:28,927 [ERROR] CADModel:125 - Updater not yet initialized, retry later 
2026-08-15 10:32:28,929 [FATAL] Updater:351 - Updater called before beeing initialized
2026-08-15 10:32:28,980 [FATAL] Updater:351 - Updater called before beeing initialized
2026-08-15 10:32:28,983 [INFO] DbMcusAds:53 - JSON generation date=Wed Jul 15 16:44:54 ICT 2026 (1784108694001)
2026-08-15 10:32:28,984 [FATAL] Updater:351 - Updater called before beeing initialized
2026-08-15 10:32:29,006 [WARN] DetailPanel:346 - Failed to get advertising image, set to default
2026-08-15 10:32:29,176 [FATAL] Updater:351 - Updater called before beeing initialized
2026-08-15 10:32:29,178 [FATAL] Updater:351 - Updater called before beeing initialized
2026-08-15 10:32:29,178 [FATAL] Updater:351 - Updater called before beeing initialized
2026-08-15 10:32:29,178 [WARN] DetailPanel:346 - Failed to get advertising image, set to default
2026-08-15 10:32:29,178 [FATAL] Updater:351 - Updater called before beeing initialized
2026-08-15 10:32:29,201 [ERROR] Updater:1198 - MainUpdater not yet initialized. External WinMGr cannot be set.
2026-08-15 10:32:29,203 [INFO] Updater:1134 - Updater Version found : 6.14.0
2026-08-15 10:32:29,218 [INFO] ApplicationProperties:184 - Using Application install path: /opt/st/stm32cubeide_1.18.0/plugins/com.st.stm32cube.common.mx_6.14.0.202502271554
2026-08-15 10:32:29,228 [ERROR] LogOutputStream:75 - [STDERR_REDIRECT] Aug 15, 2026 10:32:29 AM java.util.prefs.FileSystemPreferences$2 run
2026-08-15 10:32:29,228 [ERROR] LogOutputStream:75 - [STDERR_REDIRECT] WARNING: Could not create system preferences directory. System preferences are unusable.
2026-08-15 10:32:29,228 [ERROR] LogOutputStream:75 - [STDERR_REDIRECT] 
2026-08-15 10:32:29,470 [INFO] MainUpdater:2872 - connection check result : 10
2026-08-15 10:32:29,471 [INFO] MainUpdater:289 - Updater Check For Update Now.
2026-08-15 10:32:29,471 [INFO] MicroXplorer:498 - Change Database Version : DB.6.0.140
2026-08-15 10:32:29,475 [INFO] McuFinderGlobals:63 - Set McuFinder mode to 2 (CubeIDE integrated)
2026-08-15 10:32:29,475 [INFO] UserAuth:171 - activating auth plugin
2026-08-15 10:32:29,478 [INFO] UserAuth:486 - Internet connection configuration mode: 1
2026-08-15 10:32:29,490 [INFO] JxBrowserEngine:152 - Initiate JxBrowser Engine with user profile folder
2026-08-15 10:32:29,626 [INFO] CheckServerUpdateThread:120 - End of CheckServer Thread
2026-08-15 10:32:30,029 [INFO] WebApp:169 - Instantiating new browser for Auth
2026-08-15 10:32:30,481 [INFO] WebApp:463 - Apply proxy settings
2026-08-15 10:32:30,481 [INFO] WebApp:548 - Chromium requires no authentication
2026-08-15 10:32:30,487 [INFO] WebApp:491 - Direct internet connection detected
2026-08-15 10:32:30,499 [INFO] WebApp:894 - Register for checkConnection events
2026-08-15 10:32:30,499 [INFO] WebApp:463 - Apply proxy settings
2026-08-15 10:32:30,499 [INFO] WebApp:548 - Chromium requires no authentication
2026-08-15 10:32:30,500 [INFO] WebApp:491 - Direct internet connection detected
2026-08-15 10:32:30,590 [INFO] WebApp:225 - Starting web application
2026-08-15 10:32:30,590 [INFO] WebApp:593 - Web application path used /opt/st/stm32cubeide_1.18.0/plugins/com.st.stm32cube.common.mx_6.14.0.202502271554/db/plugins/mcufinder/reactClient1/index.html
2026-08-15 10:32:30,726 [INFO] WebApp:191 - Connection restablished
2026-08-15 10:32:31,389 [WARN] PackLoader:240 - Cannot read IP mode file for STMicroelectronics.X-CUBE-AZRTOS-H7.3.5.0
2026-08-15 10:32:31,402 [WARN] PackLoader:240 - Cannot read IP mode file for STMicroelectronics.FP-ATR-ASTRA1.2.0.3
2026-08-15 10:32:31,406 [WARN] PackLoader:240 - Cannot read IP mode file for STMicroelectronics.FP-ATR-ASTRA1.2.0.2
2026-08-15 10:32:31,410 [ERROR] Engine:466 - /home/thuy/.stm32cubemx/thirdparties/pdsc/STMicroelectronics.X-CUBE-SMBUS.2.1.1.pdsc: PDSC version is not supported
2026-08-15 10:32:31,423 [WARN] PackLoader:240 - Cannot read IP mode file for STMicroelectronics.X-CUBE-AZRTOS-F7.1.1.0
2026-08-15 10:32:31,442 [ERROR] Engine:466 - /home/thuy/.stm32cubemx/thirdparties/pdsc/STMicroelectronics.X-CUBE-FREERTOS.1.6.0.pdsc: PDSC version is not supported
2026-08-15 10:32:31,444 [ERROR] Engine:466 - /home/thuy/.stm32cubemx/thirdparties/pdsc/STMicroelectronics.FP-SNS-MOTENV1.5.1.0.pdsc: PDSC version is not supported
2026-08-15 10:32:31,458 [WARN] PackLoader:240 - Cannot read IP mode file for STMicroelectronics.X-CUBE-AZRTOS-H7RS.1.3.0
2026-08-15 10:32:31,463 [ERROR] Engine:466 - /home/thuy/.stm32cubemx/thirdparties/pdsc/WES.I-CUBE-Cesium.1.4.0.pdsc: PDSC version is not supported
2026-08-15 10:32:31,468 [WARN] PackLoader:240 - Cannot read IP mode file for STMicroelectronics.X-CUBE-DISPLAY.3.0.0
2026-08-15 10:32:31,477 [WARN] PackLoader:240 - Cannot read IP mode file for STMicroelectronics.X-CUBE-GNSS1.7.1.1
2026-08-15 10:32:31,480 [ERROR] Engine:466 - /home/thuy/.stm32cubemx/thirdparties/pdsc/STMicroelectronics.FP-SNS-MOTENVWB1.1.5.0.pdsc: PDSC version is not supported
2026-08-15 10:32:31,482 [WARN] PackLoader:240 - Cannot read IP mode file for wolfSSL.I-CUBE-wolfSSL.5.9.1
2026-08-15 10:32:31,486 [WARN] PackLoader:240 - Cannot read IP mode file for STMicroelectronics.X-CUBE-NFC10.1.0.0
2026-08-15 10:32:31,490 [WARN] PackLoader:240 - Cannot read IP mode file for STMicroelectronics.X-CUBE-ST60.1.1.0
2026-08-15 10:32:31,493 [WARN] PackLoader:240 - Cannot read IP mode file for emotas.I-CUBE-CANOPEN.1.3.0
2026-08-15 10:32:31,495 [ERROR] Engine:466 - /home/thuy/.stm32cubemx/thirdparties/pdsc/STMicroelectronics.X-CUBE-WBA.1.1.0.pdsc: PDSC version is not supported
2026-08-15 10:32:31,498 [ERROR] Engine:466 - /home/thuy/.stm32cubemx/thirdparties/pdsc/STMicroelectronics.FP-SNS-STBOX1.2.1.0.pdsc: PDSC version is not supported
2026-08-15 10:32:31,500 [WARN] PackLoader:240 - Cannot read IP mode file for STMicroelectronics.FP-SNS-SMARTAG2.1.2.0
2026-08-15 10:32:31,502 [WARN] PackLoader:240 - Cannot read IP mode file for STMicroelectronics.FP-SNS-FLIGHT1.5.1.0
2026-08-15 10:32:31,510 [INFO] LogOutputStream:77 - [STDOUT_REDIRECT] 1 : Invalid condition id : UX_CORESTACK_Condition cause : null
2026-08-15 10:32:31,511 [INFO] LogOutputStream:77 - [STDOUT_REDIRECT] 1 : Invalid condition id : UX_CORESTACK_Condition cause : null
2026-08-15 10:32:31,511 [INFO] LogOutputStream:77 - [STDOUT_REDIRECT] 1 : Invalid condition id : UX_CORESTACK_Condition cause : null
2026-08-15 10:32:31,511 [INFO] LogOutputStream:77 - [STDOUT_REDIRECT] 1 : Invalid condition id : UX_CORESTACK_Condition cause : null
2026-08-15 10:32:31,511 [INFO] LogOutputStream:77 - [STDOUT_REDIRECT] 1 : Invalid condition id : UX_CORESTACK_Condition cause : null
2026-08-15 10:32:31,514 [WARN] PackLoader:240 - Cannot read IP mode file for STMicroelectronics.X-CUBE-AZRTOS-WL.2.0.0
2026-08-15 10:32:31,519 [WARN] PackLoader:240 - Cannot read IP mode file for STMicroelectronics.X-CUBE-BLE2.3.3.0
2026-08-15 10:32:31,550 [WARN] PackLoader:240 - Cannot read IP mode file for Infineon.AIROC-Wi-Fi-Bluetooth-STM32.1.8.0
2026-08-15 10:32:31,560 [WARN] PackLoader:240 - Cannot read IP mode file for STMicroelectronics.X-CUBE-NFC9.1.0.0
2026-08-15 10:32:31,564 [WARN] PackLoader:240 - Cannot read IP mode file for STMicroelectronics.X-CUBE-BLE1.7.1.0
2026-08-15 10:32:31,567 [WARN] PackLoader:240 - Cannot read IP mode file for wolfSSL.I-CUBE-wolfMQTT.1.19.2
2026-08-15 10:32:31,572 [WARN] PackLoader:240 - Cannot read IP mode file for STMicroelectronics.X-CUBE-EEPRMA1.5.2.0
2026-08-15 10:32:31,576 [ERROR] Engine:466 - /home/thuy/.stm32cubemx/thirdparties/pdsc/STMicroelectronics.FP-SNS-STAIOTCFT.1.1.0.pdsc: PDSC version is not supported
2026-08-15 10:32:31,588 [WARN] PackLoader:240 - Cannot read IP mode file for STMicroelectronics.X-CUBE-AZRTOS-G0.1.1.0
2026-08-15 10:32:31,593 [WARN] PackLoader:240 - Cannot read IP mode file for STMicroelectronics.X-CUBE-NFC4.3.0.0
2026-08-15 10:32:31,599 [WARN] PackLoader:240 - Cannot read IP mode file for EmbeddedOffice.I-CUBE-FS-RTOS.1.0.1
2026-08-15 10:32:31,602 [WARN] PackLoader:240 - Cannot read IP mode file for wolfSSL.I-CUBE-wolfTPM.3.8.0
2026-08-15 10:32:31,605 [WARN] PackLoader:240 - Cannot read IP mode file for STMicroelectronics.X-CUBE-TCPP.4.2.0
2026-08-15 10:32:31,608 [WARN] PackLoader:240 - Cannot read IP mode file for RealThread.X-CUBE-RT-Thread_Nano.4.1.1
2026-08-15 10:32:31,610 [WARN] PackLoader:240 - Cannot read IP mode file for STMicroelectronics.FP-ATR-SIGFOX1.3.2.0
2026-08-15 10:32:31,613 [WARN] PackLoader:240 - Cannot read IP mode file for ITTIA_DB.I-CUBE-ITTIADB.8.9.0
2026-08-15 10:32:31,615 [WARN] PackLoader:240 - Cannot read IP mode file for Cesanta.I-CUBE-Mongoose.7.21.7
2026-08-15 10:32:31,618 [WARN] PackLoader:240 - Cannot read IP mode file for STMicroelectronics.X-CUBE-NFC6.3.2.0
2026-08-15 10:32:31,621 [WARN] PackLoader:240 - Cannot read IP mode file for STMicroelectronics.X-CUBE-AI.10.2.1
2026-08-15 10:32:31,650 [WARN] PackLoader:240 - Cannot read IP mode file for STMicroelectronics.X-CUBE-MEMS1.12.1.0
2026-08-15 10:32:31,719 [WARN] PackLoader:240 - Cannot read IP mode file for SEGGER.I-CUBE-embOS.1.3.1
2026-08-15 10:32:31,750 [WARN] PackLoader:240 - Cannot read IP mode file for STMicroelectronics.X-CUBE-NFC13.1.0.0
2026-08-15 10:32:31,753 [WARN] PackLoader:240 - Cannot read IP mode file for STMicroelectronics.X-CUBE-PM33A1.1.0.0
2026-08-15 10:32:31,762 [WARN] PackLoader:240 - Cannot read IP mode file for STMicroelectronics.X-CUBE-AZRTOS-F4.1.1.0
2026-08-15 10:32:31,766 [WARN] PackLoader:240 - Cannot read IP mode file for STMicroelectronics.X-CUBE-ISPU.2.1.0
2026-08-15 10:32:31,770 [ERROR] Engine:466 - /home/thuy/.stm32cubemx/thirdparties/pdsc/STMicroelectronics.X-CUBE-IPS.3.2.0.pdsc: PDSC version is not supported
2026-08-15 10:32:31,771 [WARN] PackLoader:240 - Cannot read IP mode file for STMicroelectronics.eDS-WB_DPC_TT-BIDIR.2.1.1
2026-08-15 10:32:31,774 [WARN] PackLoader:240 - Cannot read IP mode file for STMicroelectronics.X-CUBE-NFC12.1.0.0
2026-08-15 10:32:31,783 [WARN] PackLoader:240 - Cannot read IP mode file for STMicroelectronics.X-CUBE-AZRTOS-L5.2.0.0
2026-08-15 10:32:31,788 [WARN] PackLoader:240 - Cannot read IP mode file for STMicroelectronics.X-CUBE-ALGOBUILD.1.5.0
2026-08-15 10:32:31,790 [WARN] PackLoader:240 - Cannot read IP mode file for STMicroelectronics.eDS-WB_DPC_VIENNA.1.2.0
2026-08-15 10:32:31,812 [WARN] PackLoader:240 - Cannot read IP mode file for STMicroelectronics.X-CUBE-MEMS1.13.0.0
2026-08-15 10:32:31,865 [WARN] PackLoader:240 - Cannot read IP mode file for STMicroelectronics.eDS-WB_DPC_3PH2L-BIDIR.1.1.1
2026-08-15 10:32:31,868 [ERROR] Engine:466 - /home/thuy/.stm32cubemx/thirdparties/pdsc/STMicroelectronics.X-CUBE-ST67W61.1.3.0.pdsc: PDSC version is not supported
2026-08-15 10:32:31,870 [WARN] PackLoader:240 - Cannot read IP mode file for STMicroelectronics.X-CUBE-TOUCHGFX.4.26.1
2026-08-15 10:32:31,873 [WARN] PackLoader:240 - Cannot read IP mode file for STMicroelectronics.X-CUBE-DPower.1.3.0
2026-08-15 10:32:31,884 [WARN] ConditionMgr:438 - getConditionDescription Invalid condition id : LAN8742 Phy interface Condition cause : null
2026-08-15 10:32:31,884 [WARN] PackLoader:240 - Cannot read IP mode file for STMicroelectronics.X-CUBE-AZRTOS-L4.2.0.0
2026-08-15 10:32:31,885 [WARN] ConditionMgr:1044 - genDependencies : Invalid condition id : LAN8742 Phy interface Condition cause : null
2026-08-15 10:32:31,886 [WARN] ConditionMgr:1044 - genDependencies : Invalid condition id : LAN8742 Phy interface Condition cause : null
2026-08-15 10:32:31,886 [WARN] ConditionMgr:1044 - genDependencies : Invalid condition id : LAN8742 Phy interface Condition cause : null
2026-08-15 10:32:31,892 [WARN] PackLoader:240 - Cannot read IP mode file for STMicroelectronics.X-CUBE-SFXS2LP1.4.0.0
2026-08-15 10:32:31,897 [WARN] PackLoader:240 - Cannot read IP mode file for STMicroelectronics.X-CUBE-WB05N.2.1.0
2026-08-15 10:32:31,922 [WARN] ConditionMgr:438 - getConditionDescription Invalid condition id : UX DEVICE CLASS RTOS Condition cause : null
2026-08-15 10:32:31,922 [WARN] ConditionMgr:438 - getConditionDescription Invalid condition id : UX DEVICE CLASS RTOS Condition cause : null
2026-08-15 10:32:31,924 [WARN] PackLoader:240 - Cannot read IP mode file for STMicroelectronics.X-CUBE-AZRTOS-WB.2.0.0
2026-08-15 10:32:31,924 [WARN] ConditionMgr:1044 - genDependencies : Invalid condition id : UX DEVICE CLASS RTOS Condition cause : null
2026-08-15 10:32:31,924 [WARN] ConditionMgr:1044 - genDependencies : Invalid condition id : UX DEVICE CLASS RTOS Condition cause : null
2026-08-15 10:32:31,924 [WARN] ConditionMgr:1044 - genDependencies : Invalid condition id : UX DEVICE CLASS RTOS Condition cause : null
2026-08-15 10:32:31,925 [WARN] ConditionMgr:1044 - genDependencies : Invalid condition id : UX DEVICE CLASS RTOS Condition cause : null
2026-08-15 10:32:31,925 [WARN] ConditionMgr:1044 - genDependencies : Invalid condition id : UX DEVICE CLASS RTOS Condition cause : null
2026-08-15 10:32:31,928 [WARN] ConditionMgr:438 - getConditionDescription Invalid condition id : Cortex-A Device cause : null
2026-08-15 10:32:31,932 [WARN] ConditionMgr:1044 - genDependencies : Invalid condition id : Cortex-A Device cause : null
2026-08-15 10:32:31,932 [WARN] ConditionMgr:1044 - genDependencies : Invalid condition id : Cortex-A Device cause : null
2026-08-15 10:32:31,932 [WARN] ConditionMgr:1044 - genDependencies : Invalid condition id : Cortex-A Device cause : null
2026-08-15 10:32:31,937 [WARN] PackLoader:240 - Cannot read IP mode file for STMicroelectronics.X-CUBE-STSE01.2.0.0
2026-08-15 10:32:31,944 [WARN] PackLoader:240 - Cannot read IP mode file for STMicroelectronics.X-CUBE-SUBG2.5.0.0
2026-08-15 10:32:31,957 [WARN] PackLoader:240 - Cannot read IP mode file for STMicroelectronics.X-CUBE-AZRTOS-G4.2.0.0
2026-08-15 10:32:31,960 [WARN] PackLoader:240 - Cannot read IP mode file for wolfSSL.I-CUBE-wolfSSH.1.4.20
2026-08-15 10:32:31,962 [WARN] PackLoader:240 - Cannot read IP mode file for STMicroelectronics.X-CUBE-NFC7.2.0.0
2026-08-15 10:32:31,966 [ERROR] Engine:466 - /home/thuy/.stm32cubemx/thirdparties/pdsc/STMicroelectronics.X-CUBE-BLEMGR.4.2.0.pdsc: PDSC version is not supported
2026-08-15 10:32:31,968 [WARN] PackLoader:240 - Cannot read IP mode file for STMicroelectronics.X-CUBE-ALS.1.0.2
2026-08-15 10:32:31,975 [WARN] PackLoader:240 - Cannot read IP mode file for STMicroelectronics.X-CUBE-TOF1.3.4.3
2026-08-15 10:32:31,981 [INFO] ThirdParty:978 - Integrity check success = true
2026-08-15 10:32:31,981 [INFO] IntegrityCheckThread:100 - exiting critical section [integrity check]
2026-08-15 10:32:31,982 [INFO] IntegrityCheckThread:103 - End integrity checks thread
2026-08-15 10:32:57,270 [ERROR] LogOutputStream:75 - [STDERR_REDIRECT] Aug 15, 2026 10:32:57 AM java.util.prefs.FileSystemPreferences checkLockFile0ErrorCode
2026-08-15 10:32:57,270 [ERROR] LogOutputStream:75 - [STDERR_REDIRECT] WARNING: Could not lock System prefs. Unix error code 2.
2026-08-15 10:32:57,270 [ERROR] LogOutputStream:75 - [STDERR_REDIRECT] 
2026-08-15 10:32:57,270 [ERROR] LogOutputStream:75 - [STDERR_REDIRECT] Aug 15, 2026 10:32:57 AM java.util.prefs.FileSystemPreferences syncWorld
2026-08-15 10:32:57,271 [ERROR] LogOutputStream:75 - [STDERR_REDIRECT] WARNING: Couldn't flush system prefs: java.util.prefs.BackingStoreException: Couldn't get file lock.
2026-08-15 10:32:57,271 [ERROR] LogOutputStream:75 - [STDERR_REDIRECT] 
2026-08-15 10:33:27,260 [ERROR] LogOutputStream:75 - [STDERR_REDIRECT] Aug 15, 2026 10:33:27 AM java.util.prefs.FileSystemPreferences checkLockFile0ErrorCode
2026-08-15 10:33:27,261 [ERROR] LogOutputStream:75 - [STDERR_REDIRECT] WARNING: Could not lock System prefs. Unix error code 2.
2026-08-15 10:33:27,261 [ERROR] LogOutputStream:75 - [STDERR_REDIRECT] 
2026-08-15 10:33:27,261 [ERROR] LogOutputStream:75 - [STDERR_REDIRECT] Aug 15, 2026 10:33:27 AM java.util.prefs.FileSystemPreferences syncWorld
2026-08-15 10:33:27,261 [ERROR] LogOutputStream:75 - [STDERR_REDIRECT] WARNING: Couldn't flush system prefs: java.util.prefs.BackingStoreException: Couldn't get file lock.
2026-08-15 10:33:27,261 [ERROR] LogOutputStream:75 - [STDERR_REDIRECT] 
2026-08-15 10:33:57,263 [ERROR] LogOutputStream:75 - [STDERR_REDIRECT] Aug 15, 2026 10:33:57 AM java.util.prefs.FileSystemPreferences checkLockFile0ErrorCode
2026-08-15 10:33:57,263 [ERROR] LogOutputStream:75 - [STDERR_REDIRECT] WARNING: Could not lock System prefs. Unix error code 2.
2026-08-15 10:33:57,263 [ERROR] LogOutputStream:75 - [STDERR_REDIRECT] 
2026-08-15 10:33:57,263 [ERROR] LogOutputStream:75 - [STDERR_REDIRECT] Aug 15, 2026 10:33:57 AM java.util.prefs.FileSystemPreferences syncWorld
2026-08-15 10:33:57,264 [ERROR] LogOutputStream:75 - [STDERR_REDIRECT] WARNING: Couldn't flush system prefs: java.util.prefs.BackingStoreException: Couldn't get file lock.
2026-08-15 10:33:57,264 [ERROR] LogOutputStream:75 - [STDERR_REDIRECT] 
2026-08-15 10:34:27,260 [ERROR] LogOutputStream:75 - [STDERR_REDIRECT] Aug 15, 2026 10:34:27 AM java.util.prefs.FileSystemPreferences checkLockFile0ErrorCode
2026-08-15 10:34:27,261 [ERROR] LogOutputStream:75 - [STDERR_REDIRECT] WARNING: Could not lock System prefs. Unix error code 2.
2026-08-15 10:34:27,261 [ERROR] LogOutputStream:75 - [STDERR_REDIRECT] 
2026-08-15 10:34:27,261 [ERROR] LogOutputStream:75 - [STDERR_REDIRECT] Aug 15, 2026 10:34:27 AM java.util.prefs.FileSystemPreferences syncWorld
2026-08-15 10:34:27,261 [ERROR] LogOutputStream:75 - [STDERR_REDIRECT] WARNING: Couldn't flush system prefs: java.util.prefs.BackingStoreException: Couldn't get file lock.
2026-08-15 10:34:27,261 [ERROR] LogOutputStream:75 - [STDERR_REDIRECT] 
2026-08-15 10:34:57,260 [ERROR] LogOutputStream:75 - [STDERR_REDIRECT] Aug 15, 2026 10:34:57 AM java.util.prefs.FileSystemPreferences checkLockFile0ErrorCode
2026-08-15 10:34:57,261 [ERROR] LogOutputStream:75 - [STDERR_REDIRECT] WARNING: Could not lock System prefs. Unix error code 2.
2026-08-15 10:34:57,261 [ERROR] LogOutputStream:75 - [STDERR_REDIRECT] 
2026-08-15 10:34:57,261 [ERROR] LogOutputStream:75 - [STDERR_REDIRECT] Aug 15, 2026 10:34:57 AM java.util.prefs.FileSystemPreferences syncWorld
2026-08-15 10:34:57,261 [ERROR] LogOutputStream:75 - [STDERR_REDIRECT] WARNING: Couldn't flush system prefs: java.util.prefs.BackingStoreException: Couldn't get file lock.
2026-08-15 10:34:57,261 [ERROR] LogOutputStream:75 - [STDERR_REDIRECT] 
2026-08-15 10:35:27,261 [ERROR] LogOutputStream:75 - [STDERR_REDIRECT] Aug 15, 2026 10:35:27 AM java.util.prefs.FileSystemPreferences checkLockFile0ErrorCode
2026-08-15 10:35:27,262 [ERROR] LogOutputStream:75 - [STDERR_REDIRECT] WARNING: Could not lock System prefs. Unix error code 2.
2026-08-15 10:35:27,262 [ERROR] LogOutputStream:75 - [STDERR_REDIRECT] 
2026-08-15 10:35:27,262 [ERROR] LogOutputStream:75 - [STDERR_REDIRECT] Aug 15, 2026 10:35:27 AM java.util.prefs.FileSystemPreferences syncWorld
2026-08-15 10:35:27,262 [ERROR] LogOutputStream:75 - [STDERR_REDIRECT] WARNING: Couldn't flush system prefs: java.util.prefs.BackingStoreException: Couldn't get file lock.
2026-08-15 10:35:27,262 [ERROR] LogOutputStream:75 - [STDERR_REDIRECT] 
2026-08-15 10:35:57,262 [ERROR] LogOutputStream:75 - [STDERR_REDIRECT] Aug 15, 2026 10:35:57 AM java.util.prefs.FileSystemPreferences checkLockFile0ErrorCode
2026-08-15 10:35:57,262 [ERROR] LogOutputStream:75 - [STDERR_REDIRECT] WARNING: Could not lock System prefs. Unix error code 2.
2026-08-15 10:35:57,263 [ERROR] LogOutputStream:75 - [STDERR_REDIRECT] 
2026-08-15 10:35:57,263 [ERROR] LogOutputStream:75 - [STDERR_REDIRECT] Aug 15, 2026 10:35:57 AM java.util.prefs.FileSystemPreferences syncWorld
2026-08-15 10:35:57,263 [ERROR] LogOutputStream:75 - [STDERR_REDIRECT] WARNING: Couldn't flush system prefs: java.util.prefs.BackingStoreException: Couldn't get file lock.
2026-08-15 10:35:57,264 [ERROR] LogOutputStream:75 - [STDERR_REDIRECT] 
2026-08-15 10:36:27,260 [ERROR] LogOutputStream:75 - [STDERR_REDIRECT] Aug 15, 2026 10:36:27 AM java.util.prefs.FileSystemPreferences checkLockFile0ErrorCode
2026-08-15 10:36:27,261 [ERROR] LogOutputStream:75 - [STDERR_REDIRECT] WARNING: Could not lock System prefs. Unix error code 2.
2026-08-15 10:36:27,261 [ERROR] LogOutputStream:75 - [STDERR_REDIRECT] 
2026-08-15 10:36:27,262 [ERROR] LogOutputStream:75 - [STDERR_REDIRECT] Aug 15, 2026 10:36:27 AM java.util.prefs.FileSystemPreferences syncWorld
2026-08-15 10:36:27,262 [ERROR] LogOutputStream:75 - [STDERR_REDIRECT] WARNING: Couldn't flush system prefs: java.util.prefs.BackingStoreException: Couldn't get file lock.
2026-08-15 10:36:27,262 [ERROR] LogOutputStream:75 - [STDERR_REDIRECT] 
2026-08-15 10:36:57,260 [ERROR] LogOutputStream:75 - [STDERR_REDIRECT] Aug 15, 2026 10:36:57 AM java.util.prefs.FileSystemPreferences checkLockFile0ErrorCode
2026-08-15 10:36:57,261 [ERROR] LogOutputStream:75 - [STDERR_REDIRECT] WARNING: Could not lock System prefs. Unix error code 2.
2026-08-15 10:36:57,261 [ERROR] LogOutputStream:75 - [STDERR_REDIRECT] 
2026-08-15 10:36:57,261 [ERROR] LogOutputStream:75 - [STDERR_REDIRECT] Aug 15, 2026 10:36:57 AM java.util.prefs.FileSystemPreferences syncWorld
2026-08-15 10:36:57,261 [ERROR] LogOutputStream:75 - [STDERR_REDIRECT] WARNING: Couldn't flush system prefs: java.util.prefs.BackingStoreException: Couldn't get file lock.
2026-08-15 10:36:57,261 [ERROR] LogOutputStream:75 - [STDERR_REDIRECT] 
2026-08-15 10:37:27,261 [ERROR] LogOutputStream:75 - [STDERR_REDIRECT] Aug 15, 2026 10:37:27 AM java.util.prefs.FileSystemPreferences checkLockFile0ErrorCode
2026-08-15 10:37:27,261 [ERROR] LogOutputStream:75 - [STDERR_REDIRECT] WARNING: Could not lock System prefs. Unix error code 2.
2026-08-15 10:37:27,261 [ERROR] LogOutputStream:75 - [STDERR_REDIRECT] 
2026-08-15 10:37:27,261 [ERROR] LogOutputStream:75 - [STDERR_REDIRECT] Aug 15, 2026 10:37:27 AM java.util.prefs.FileSystemPreferences syncWorld
2026-08-15 10:37:27,261 [ERROR] LogOutputStream:75 - [STDERR_REDIRECT] WARNING: Couldn't flush system prefs: java.util.prefs.BackingStoreException: Couldn't get file lock.
2026-08-15 10:37:27,261 [ERROR] LogOutputStream:75 - [STDERR_REDIRECT] 
2026-08-15 10:37:57,261 [ERROR] LogOutputStream:75 - [STDERR_REDIRECT] Aug 15, 2026 10:37:57 AM java.util.prefs.FileSystemPreferences checkLockFile0ErrorCode
2026-08-15 10:37:57,261 [ERROR] LogOutputStream:75 - [STDERR_REDIRECT] WARNING: Could not lock System prefs. Unix error code 2.
2026-08-15 10:37:57,261 [ERROR] LogOutputStream:75 - [STDERR_REDIRECT] 
2026-08-15 10:37:57,261 [ERROR] LogOutputStream:75 - [STDERR_REDIRECT] Aug 15, 2026 10:37:57 AM java.util.prefs.FileSystemPreferences syncWorld
2026-08-15 10:37:57,261 [ERROR] LogOutputStream:75 - [STDERR_REDIRECT] WARNING: Couldn't flush system prefs: java.util.prefs.BackingStoreException: Couldn't get file lock.
2026-08-15 10:37:57,261 [ERROR] LogOutputStream:75 - [STDERR_REDIRECT] 
2026-08-15 10:38:27,262 [ERROR] LogOutputStream:75 - [STDERR_REDIRECT] Aug 15, 2026 10:38:27 AM java.util.prefs.FileSystemPreferences checkLockFile0ErrorCode
2026-08-15 10:38:27,262 [ERROR] LogOutputStream:75 - [STDERR_REDIRECT] WARNING: Could not lock System prefs. Unix error code 2.
2026-08-15 10:38:27,262 [ERROR] LogOutputStream:75 - [STDERR_REDIRECT] 
2026-08-15 10:38:27,262 [ERROR] LogOutputStream:75 - [STDERR_REDIRECT] Aug 15, 2026 10:38:27 AM java.util.prefs.FileSystemPreferences syncWorld
2026-08-15 10:38:27,262 [ERROR] LogOutputStream:75 - [STDERR_REDIRECT] WARNING: Couldn't flush system prefs: java.util.prefs.BackingStoreException: Couldn't get file lock.
2026-08-15 10:38:27,262 [ERROR] LogOutputStream:75 - [STDERR_REDIRECT] 
2026-08-15 10:38:57,261 [ERROR] LogOutputStream:75 - [STDERR_REDIRECT] Aug 15, 2026 10:38:57 AM java.util.prefs.FileSystemPreferences checkLockFile0ErrorCode
2026-08-15 10:38:57,262 [ERROR] LogOutputStream:75 - [STDERR_REDIRECT] WARNING: Could not lock System prefs. Unix error code 2.
2026-08-15 10:38:57,262 [ERROR] LogOutputStream:75 - [STDERR_REDIRECT] 
2026-08-15 10:38:57,262 [ERROR] LogOutputStream:75 - [STDERR_REDIRECT] Aug 15, 2026 10:38:57 AM java.util.prefs.FileSystemPreferences syncWorld
2026-08-15 10:38:57,262 [ERROR] LogOutputStream:75 - [STDERR_REDIRECT] WARNING: Couldn't flush system prefs: java.util.prefs.BackingStoreException: Couldn't get file lock.
2026-08-15 10:38:57,262 [ERROR] LogOutputStream:75 - [STDERR_REDIRECT] 
2026-08-15 10:39:27,262 [ERROR] LogOutputStream:75 - [STDERR_REDIRECT] Aug 15, 2026 10:39:27 AM java.util.prefs.FileSystemPreferences checkLockFile0ErrorCode
2026-08-15 10:39:27,263 [ERROR] LogOutputStream:75 - [STDERR_REDIRECT] WARNING: Could not lock System prefs. Unix error code 2.
2026-08-15 10:39:27,263 [ERROR] LogOutputStream:75 - [STDERR_REDIRECT] 
2026-08-15 10:39:27,264 [ERROR] LogOutputStream:75 - [STDERR_REDIRECT] Aug 15, 2026 10:39:27 AM java.util.prefs.FileSystemPreferences syncWorld
2026-08-15 10:39:27,264 [ERROR] LogOutputStream:75 - [STDERR_REDIRECT] WARNING: Couldn't flush system prefs: java.util.prefs.BackingStoreException: Couldn't get file lock.
2026-08-15 10:39:27,265 [ERROR] LogOutputStream:75 - [STDERR_REDIRECT] 
2026-08-15 10:39:57,261 [ERROR] LogOutputStream:75 - [STDERR_REDIRECT] Aug 15, 2026 10:39:57 AM java.util.prefs.FileSystemPreferences checkLockFile0ErrorCode
2026-08-15 10:39:57,261 [ERROR] LogOutputStream:75 - [STDERR_REDIRECT] WARNING: Could not lock System prefs. Unix error code 2.
2026-08-15 10:39:57,261 [ERROR] LogOutputStream:75 - [STDERR_REDIRECT] 
2026-08-15 10:39:57,262 [ERROR] LogOutputStream:75 - [STDERR_REDIRECT] Aug 15, 2026 10:39:57 AM java.util.prefs.FileSystemPreferences syncWorld
2026-08-15 10:39:57,262 [ERROR] LogOutputStream:75 - [STDERR_REDIRECT] WARNING: Couldn't flush system prefs: java.util.prefs.BackingStoreException: Couldn't get file lock.
2026-08-15 10:39:57,262 [ERROR] LogOutputStream:75 - [STDERR_REDIRECT] 
2026-08-15 10:40:27,261 [ERROR] LogOutputStream:75 - [STDERR_REDIRECT] Aug 15, 2026 10:40:27 AM java.util.prefs.FileSystemPreferences checkLockFile0ErrorCode
2026-08-15 10:40:27,261 [ERROR] LogOutputStream:75 - [STDERR_REDIRECT] WARNING: Could not lock System prefs. Unix error code 2.
2026-08-15 10:40:27,261 [ERROR] LogOutputStream:75 - [STDERR_REDIRECT] 
2026-08-15 10:40:27,262 [ERROR] LogOutputStream:75 - [STDERR_REDIRECT] Aug 15, 2026 10:40:27 AM java.util.prefs.FileSystemPreferences syncWorld
2026-08-15 10:40:27,262 [ERROR] LogOutputStream:75 - [STDERR_REDIRECT] WARNING: Couldn't flush system prefs: java.util.prefs.BackingStoreException: Couldn't get file lock.
2026-08-15 10:40:27,262 [ERROR] LogOutputStream:75 - [STDERR_REDIRECT] 
2026-08-15 10:40:57,261 [ERROR] LogOutputStream:75 - [STDERR_REDIRECT] Aug 15, 2026 10:40:57 AM java.util.prefs.FileSystemPreferences checkLockFile0ErrorCode
2026-08-15 10:40:57,262 [ERROR] LogOutputStream:75 - [STDERR_REDIRECT] WARNING: Could not lock System prefs. Unix error code 2.
2026-08-15 10:40:57,262 [ERROR] LogOutputStream:75 - [STDERR_REDIRECT] 
2026-08-15 10:40:57,262 [ERROR] LogOutputStream:75 - [STDERR_REDIRECT] Aug 15, 2026 10:40:57 AM java.util.prefs.FileSystemPreferences syncWorld
2026-08-15 10:40:57,262 [ERROR] LogOutputStream:75 - [STDERR_REDIRECT] WARNING: Couldn't flush system prefs: java.util.prefs.BackingStoreException: Couldn't get file lock.
2026-08-15 10:40:57,262 [ERROR] LogOutputStream:75 - [STDERR_REDIRECT] 
2026-08-15 10:41:27,261 [ERROR] LogOutputStream:75 - [STDERR_REDIRECT] Aug 15, 2026 10:41:27 AM java.util.prefs.FileSystemPreferences checkLockFile0ErrorCode
2026-08-15 10:41:27,262 [ERROR] LogOutputStream:75 - [STDERR_REDIRECT] WARNING: Could not lock System prefs. Unix error code 2.
2026-08-15 10:41:27,262 [ERROR] LogOutputStream:75 - [STDERR_REDIRECT] 
2026-08-15 10:41:27,262 [ERROR] LogOutputStream:75 - [STDERR_REDIRECT] Aug 15, 2026 10:41:27 AM java.util.prefs.FileSystemPreferences syncWorld
2026-08-15 10:41:27,262 [ERROR] LogOutputStream:75 - [STDERR_REDIRECT] WARNING: Couldn't flush system prefs: java.util.prefs.BackingStoreException: Couldn't get file lock.
2026-08-15 10:41:27,262 [ERROR] LogOutputStream:75 - [STDERR_REDIRECT] 
2026-08-15 10:41:38,575 [ERROR] LogOutputStream:75 - [STDERR_REDIRECT] 
2026-08-15 10:41:38,576 [ERROR] LogOutputStream:75 - [STDERR_REDIRECT] 
2026-08-15 12:59:27,432 [INFO] Activator:176 - 


2026-08-15 12:59:27,434 [INFO] Activator:177 - !SESSION log4j initialized
2026-08-15 12:59:30,442 [INFO] LogOutputStream:77 - [STDOUT_REDIRECT] 
2026-08-15 12:59:30,957 [INFO] ApplicationProperties:184 - Using Application install path: /opt/st/stm32cubeide_1.18.0/plugins/com.st.stm32cube.common.mx_6.14.0.202502271554
2026-08-15 12:59:30,971 [INFO] DbMcusXml:78 - Set database path to: /opt/st/stm32cubeide_1.18.0/plugins/com.st.stm32cube.common.mx_6.14.0.202502271554//db//mcu/
2026-08-15 12:59:30,971 [INFO] ApiDb:274 - Set plugin database path to: /opt/st/stm32cubeide_1.18.0/plugins/com.st.stm32cube.common.mx_6.14.0.202502271554//db//plugins/boardmanager/
2026-08-15 12:59:30,971 [WARN] ApiDb:259 - Overriding images path with different value:  => /opt/st/stm32cubeide_1.18.0/plugins/com.st.stm32cube.common.mx_6.14.0.202502271554//db//plugins/mcufinder/images/
2026-08-15 12:59:30,977 [INFO] ApiDb:250 - Set database path to: /home/thuy/.stmcufinder/plugins/mcufinder//mcu/
2026-08-15 12:59:30,978 [INFO] DbMcusAds:125 - Set database path to: /home/thuy/.stmcufinder/plugins/mcufinder//mcu/
2026-08-15 12:59:30,980 [INFO] CrossReferenceDbSqlite:203 - Set database path to: /home/thuy/.stmcufinder/plugins/mcufinder//mcu/cs/
2026-08-15 12:59:31,063 [INFO] RulesReader:64 - Compatibility file has been processed (301 Rules)
2026-08-15 12:59:31,106 [INFO] DbMcusXml:78 - Set database path to: /opt/st/stm32cubeide_1.18.0/plugins/com.st.stm32cube.common.mx_6.14.0.202502271554//db//mcu/
2026-08-15 12:59:31,106 [INFO] ApiDb:274 - Set plugin database path to: /opt/st/stm32cubeide_1.18.0/plugins/com.st.stm32cube.common.mx_6.14.0.202502271554//db//plugins/boardmanager/
2026-08-15 12:59:31,106 [INFO] ApiDb:261 - Set plugin images path to: /opt/st/stm32cubeide_1.18.0/plugins/com.st.stm32cube.common.mx_6.14.0.202502271554//db//plugins/mcufinder/images/
2026-08-15 12:59:31,107 [WARN] DbFile:41 - Overriding database path with different value: /home/thuy/.stmcufinder/plugins/mcufinder/ => /home/thuy/.stmcufinder/plugins/mcufinder
2026-08-15 12:59:31,107 [INFO] ApiDb:250 - Set database path to: /home/thuy/.stmcufinder/plugins/mcufinder//mcu/
2026-08-15 12:59:31,107 [WARN] DbFile:41 - Overriding database path with different value: /home/thuy/.stmcufinder/plugins/mcufinder/ => /home/thuy/.stmcufinder/plugins/mcufinder
2026-08-15 12:59:31,107 [INFO] DbMcusAds:125 - Set database path to: /home/thuy/.stmcufinder/plugins/mcufinder//mcu/
2026-08-15 12:59:31,107 [WARN] DbFile:41 - Overriding database path with different value: /home/thuy/.stmcufinder/plugins/mcufinder/ => /home/thuy/.stmcufinder/plugins/mcufinder
2026-08-15 12:59:31,107 [WARN] DbFile:41 - Overriding database path with different value: /home/thuy/.stmcufinder/plugins/mcufinder/ => /home/thuy/.stmcufinder/plugins/mcufinder
2026-08-15 12:59:31,107 [INFO] CrossReferenceDbSqlite:203 - Set database path to: /home/thuy/.stmcufinder/plugins/mcufinder//mcu/cs/
2026-08-15 12:59:31,156 [INFO] MainPanel:272 - HeapMemory: 268435456
2026-08-15 12:59:31,263 [INFO] DbMcusXml:78 - Set database path to: /opt/st/stm32cubeide_1.18.0/plugins/com.st.stm32cube.common.mx_6.14.0.202502271554//db//mcu/
2026-08-15 12:59:31,263 [INFO] ApiDb:274 - Set plugin database path to: /opt/st/stm32cubeide_1.18.0/plugins/com.st.stm32cube.common.mx_6.14.0.202502271554//db//plugins/boardmanager/
2026-08-15 12:59:31,264 [INFO] ApiDb:261 - Set plugin images path to: /opt/st/stm32cubeide_1.18.0/plugins/com.st.stm32cube.common.mx_6.14.0.202502271554//db//plugins/mcufinder/images/
2026-08-15 12:59:31,264 [WARN] DbFile:41 - Overriding database path with different value: /home/thuy/.stmcufinder/plugins/mcufinder/ => /home/thuy/.stmcufinder/plugins/mcufinder
2026-08-15 12:59:31,264 [INFO] ApiDb:250 - Set database path to: /home/thuy/.stmcufinder/plugins/mcufinder//mcu/
2026-08-15 12:59:31,264 [WARN] DbFile:41 - Overriding database path with different value: /home/thuy/.stmcufinder/plugins/mcufinder/ => /home/thuy/.stmcufinder/plugins/mcufinder
2026-08-15 12:59:31,264 [INFO] DbMcusAds:125 - Set database path to: /home/thuy/.stmcufinder/plugins/mcufinder//mcu/
2026-08-15 12:59:31,264 [WARN] DbFile:41 - Overriding database path with different value: /home/thuy/.stmcufinder/plugins/mcufinder/ => /home/thuy/.stmcufinder/plugins/mcufinder
2026-08-15 12:59:31,264 [WARN] DbFile:41 - Overriding database path with different value: /home/thuy/.stmcufinder/plugins/mcufinder/ => /home/thuy/.stmcufinder/plugins/mcufinder
2026-08-15 12:59:31,264 [INFO] CrossReferenceDbSqlite:203 - Set database path to: /home/thuy/.stmcufinder/plugins/mcufinder//mcu/cs/
2026-08-15 12:59:31,277 [INFO] ApplicationProperties:184 - Using Application install path: /opt/st/stm32cubeide_1.18.0/plugins/com.st.stm32cube.common.mx_6.14.0.202502271554
2026-08-15 12:59:31,278 [INFO] PluginManage:196 - Search for loadable plugins [exclusion list=, ]
2026-08-15 12:59:31,279 [INFO] PluginManage:310 - Check plugin analytics
2026-08-15 12:59:31,413 [INFO] AnalyticsPlugin:253 - Accepted Software Licenses: STM32CubeMX.6.17.0
2026-08-15 12:59:31,413 [INFO] AnalyticsPlugin:255 - Accepted CMSIS Pack Licenses: 
2026-08-15 12:59:31,413 [INFO] AnalyticsPlugin:257 - Accepted Firmware Licenses: FW.F1.1.8.7,FW.F4.1.28.0,FW.F4.1.28.3
2026-08-15 12:59:31,415 [INFO] PluginManage:359 - Loaded plugin analytics (category:tool,tabindex:-1)
2026-08-15 12:59:31,415 [INFO] PluginManage:310 - Check plugin cadmodel
2026-08-15 12:59:31,419 [INFO] CADModel:105 - Init CAD model plugin
2026-08-15 12:59:31,420 [INFO] PluginManage:359 - Loaded plugin cadmodel (category:power,tabindex:5)
2026-08-15 12:59:31,420 [INFO] PluginManage:310 - Check plugin clock
2026-08-15 12:59:31,427 [INFO] PluginManage:359 - Loaded plugin clock (category:base,tabindex:2)
2026-08-15 12:59:31,427 [INFO] PluginManage:310 - Check plugin ddr
2026-08-15 12:59:31,429 [INFO] PluginManage:359 - Loaded plugin ddr (category:tool,tabindex:6)
2026-08-15 12:59:31,429 [INFO] PluginManage:310 - Check plugin filemanager
2026-08-15 12:59:31,541 [INFO] PluginManage:359 - Loaded plugin filemanager (category:base,tabindex:10)
2026-08-15 12:59:31,541 [INFO] PluginManage:310 - Check plugin ipmanager
2026-08-15 12:59:31,545 [INFO] PluginManage:359 - Loaded plugin ipmanager (category:base,tabindex:5)
2026-08-15 12:59:31,545 [INFO] PluginManage:310 - Check plugin lpbam
2026-08-15 12:59:31,554 [INFO] PluginManage:359 - Loaded plugin lpbam (category:base,tabindex:0)
2026-08-15 12:59:31,554 [INFO] PluginManage:310 - Check plugin memorymap
2026-08-15 12:59:31,564 [INFO] PluginManage:359 - Loaded plugin memorymap (category:base,tabindex:4)
2026-08-15 12:59:31,564 [INFO] PluginManage:310 - Check plugin pinoutandconfiguration
2026-08-15 12:59:31,571 [INFO] PluginManage:359 - Loaded plugin pinoutandconfiguration (category:base,tabindex:1)
2026-08-15 12:59:31,571 [INFO] PluginManage:310 - Check plugin pinoutconfig
2026-08-15 12:59:31,635 [WARN] SupportedApi:132 - Cannot load RTOS API schema: s4s-elt-must-match.1: The content of 'definitions' must match (annotation?, (simpleType | complexType)?, (unique | key | keyref)*)). A problem was found starting at: attribute.
2026-08-15 12:59:31,732 [INFO] PluginManage:359 - Loaded plugin pinoutconfig (category:base,tabindex:0)
2026-08-15 12:59:31,733 [INFO] PluginManage:310 - Check plugin power
2026-08-15 12:59:31,740 [INFO] PluginManage:359 - Loaded plugin power (category:power,tabindex:4)
2026-08-15 12:59:31,741 [INFO] PluginManage:310 - Check plugin projectmanager
2026-08-15 12:59:31,751 [INFO] PluginManage:359 - Loaded plugin projectmanager (category:projectmanager,tabindex:4)
2026-08-15 12:59:31,751 [INFO] PluginManage:310 - Check plugin rif
2026-08-15 12:59:31,758 [INFO] PluginManage:359 - Loaded plugin rif (category:base,tabindex:3)
2026-08-15 12:59:31,758 [INFO] PluginManage:310 - Check plugin thirdparty
2026-08-15 12:59:31,874 [INFO] PluginManage:359 - Loaded plugin thirdparty (category:base,tabindex:-1)
2026-08-15 12:59:31,874 [WARN] IntegrityCheckThread:84 - waiting for thirdparty lock release [integrity check]
2026-08-15 12:59:31,874 [INFO] PluginManage:310 - Check plugin tools
2026-08-15 12:59:31,874 [INFO] IntegrityCheckThread:86 - entering critical section [integrity check]
2026-08-15 12:59:31,874 [INFO] ThirdPartyUpdaterWithRetryManager:70 - Updater plugin not ready yet. [1/15]
2026-08-15 12:59:31,876 [INFO] PluginManage:359 - Loaded plugin tools (category:base,tabindex:7)
2026-08-15 12:59:31,876 [INFO] PluginManage:310 - Check plugin tutovideos
2026-08-15 12:59:32,005 [INFO] PluginManage:359 - Loaded plugin tutovideos (category:base,tabindex:-1)
2026-08-15 12:59:32,005 [INFO] PluginManage:310 - Check plugin updater
2026-08-15 12:59:32,021 [INFO] PluginManage:359 - Loaded plugin updater (category:base,tabindex:12)
2026-08-15 12:59:32,021 [INFO] PluginManage:310 - Check plugin userauth
2026-08-15 12:59:32,025 [INFO] UserAuth:118 - Init User Auth plugin
2026-08-15 12:59:32,026 [INFO] PluginManage:359 - Loaded plugin userauth (category:base,tabindex:14)
2026-08-15 12:59:32,026 [INFO] PluginManage:283 - PluginManage : Loaded plugins [18]
2026-08-15 12:59:32,163 [INFO] PinOutPanel:1589 - setPackage(No Configuration,No Configuration)
2026-08-15 12:59:32,210 [INFO] CADModel:165 - CPN selected for project level
2026-08-15 12:59:32,210 [INFO] CADModel:114 - Register for checkConnection events
2026-08-15 12:59:32,220 [INFO] IPUIPlugin:80 - create IPUIPlugin
2026-08-15 12:59:32,221 [INFO] PluginManager:220 - loadIPPluginJar : add freertos
2026-08-15 12:59:32,221 [INFO] IPUIPlugin:80 - create IPUIPlugin
2026-08-15 12:59:32,221 [INFO] PluginManager:220 - loadIPPluginJar : add quadspi
2026-08-15 12:59:32,225 [INFO] IPUIPlugin:80 - create IPUIPlugin
2026-08-15 12:59:32,225 [INFO] PluginManager:220 - loadIPPluginJar : add i2s
2026-08-15 12:59:32,228 [INFO] IPUIPlugin:80 - create IPUIPlugin
2026-08-15 12:59:32,228 [INFO] PluginManager:220 - loadIPPluginJar : add touchsensing
2026-08-15 12:59:32,231 [INFO] IPUIPlugin:80 - create IPUIPlugin
2026-08-15 12:59:32,231 [INFO] PluginManager:220 - loadIPPluginJar : add ipddr
2026-08-15 12:59:32,233 [INFO] IPUIPlugin:80 - create IPUIPlugin
2026-08-15 12:59:32,233 [INFO] PluginManager:220 - loadIPPluginJar : add pdm2pcm
2026-08-15 12:59:32,235 [INFO] IPUIPlugin:80 - create IPUIPlugin
2026-08-15 12:59:32,235 [INFO] PluginManager:220 - loadIPPluginJar : add dfsdm
2026-08-15 12:59:32,241 [INFO] IPUIPlugin:80 - create IPUIPlugin
2026-08-15 12:59:32,241 [INFO] PluginManager:220 - loadIPPluginJar : add stm32_wpan
2026-08-15 12:59:32,244 [INFO] IPUIPlugin:80 - create IPUIPlugin
2026-08-15 12:59:32,244 [INFO] PluginManager:220 - loadIPPluginJar : add nvic
2026-08-15 12:59:32,248 [INFO] IPUIPlugin:80 - create IPUIPlugin
2026-08-15 12:59:32,248 [INFO] PluginManager:220 - loadIPPluginJar : add gpio
2026-08-15 12:59:32,250 [INFO] IPUIPlugin:80 - create IPUIPlugin
2026-08-15 12:59:32,251 [INFO] PluginManager:220 - loadIPPluginJar : add usbx
2026-08-15 12:59:32,253 [INFO] IPUIPlugin:80 - create IPUIPlugin
2026-08-15 12:59:32,253 [INFO] PluginManager:220 - loadIPPluginJar : add sai
2026-08-15 12:59:32,254 [INFO] IPUIPlugin:80 - create IPUIPlugin
2026-08-15 12:59:32,254 [INFO] PluginManager:220 - loadIPPluginJar : add fatfs
2026-08-15 12:59:32,256 [INFO] IPUIPlugin:80 - create IPUIPlugin
2026-08-15 12:59:32,256 [INFO] PluginManager:220 - loadIPPluginJar : add opamp
2026-08-15 12:59:32,258 [INFO] IPUIPlugin:80 - create IPUIPlugin
2026-08-15 12:59:32,258 [INFO] PluginManager:220 - loadIPPluginJar : add spi
2026-08-15 12:59:32,259 [INFO] IPUIPlugin:80 - create IPUIPlugin
2026-08-15 12:59:32,259 [INFO] PluginManager:220 - loadIPPluginJar : add tsc
2026-08-15 12:59:32,262 [INFO] IPUIPlugin:80 - create IPUIPlugin
2026-08-15 12:59:32,262 [INFO] PluginManager:220 - loadIPPluginJar : add resmgrutility
2026-08-15 12:59:32,264 [INFO] IPUIPlugin:80 - create IPUIPlugin
2026-08-15 12:59:32,264 [INFO] PluginManager:220 - loadIPPluginJar : add can
2026-08-15 12:59:32,265 [INFO] IPUIPlugin:80 - create IPUIPlugin
2026-08-15 12:59:32,266 [INFO] PluginManager:220 - loadIPPluginJar : add ts
2026-08-15 12:59:32,271 [INFO] IPUIPlugin:80 - create IPUIPlugin
2026-08-15 12:59:32,273 [INFO] PluginManager:220 - loadIPPluginJar : add plateformsettings
2026-08-15 12:59:32,275 [INFO] IPUIPlugin:80 - create IPUIPlugin
2026-08-15 12:59:32,275 [INFO] PluginManager:220 - loadIPPluginJar : add tracer_emb
2026-08-15 12:59:32,277 [INFO] IPUIPlugin:80 - create IPUIPlugin
2026-08-15 12:59:32,277 [INFO] PluginManager:220 - loadIPPluginJar : add hash
2026-08-15 12:59:32,280 [INFO] IPUIPlugin:80 - create IPUIPlugin
2026-08-15 12:59:32,280 [INFO] PluginManager:220 - loadIPPluginJar : add i2c
2026-08-15 12:59:32,282 [INFO] IPUIPlugin:80 - create IPUIPlugin
2026-08-15 12:59:32,282 [INFO] PluginManager:220 - loadIPPluginJar : add i3c
2026-08-15 12:59:32,286 [INFO] IPUIPlugin:80 - create IPUIPlugin
2026-08-15 12:59:32,286 [INFO] PluginManager:220 - loadIPPluginJar : add adc
2026-08-15 12:59:32,287 [INFO] IPUIPlugin:80 - create IPUIPlugin
2026-08-15 12:59:32,287 [INFO] PluginManager:220 - loadIPPluginJar : add ltdc
2026-08-15 12:59:32,291 [INFO] IPUIPlugin:80 - create IPUIPlugin
2026-08-15 12:59:32,292 [INFO] PluginManager:220 - loadIPPluginJar : add mdma
2026-08-15 12:59:32,293 [INFO] IPUIPlugin:80 - create IPUIPlugin
2026-08-15 12:59:32,294 [INFO] PluginManager:220 - loadIPPluginJar : add aes
2026-08-15 12:59:32,297 [INFO] IPUIPlugin:80 - create IPUIPlugin
2026-08-15 12:59:32,297 [INFO] PluginManager:220 - loadIPPluginJar : add fmc
2026-08-15 12:59:32,299 [INFO] IPUIPlugin:80 - create IPUIPlugin
2026-08-15 12:59:32,299 [INFO] PluginManager:220 - loadIPPluginJar : add radio
2026-08-15 12:59:32,301 [INFO] IPUIPlugin:80 - create IPUIPlugin
2026-08-15 12:59:32,301 [INFO] PluginManager:220 - loadIPPluginJar : add cryp
2026-08-15 12:59:32,303 [INFO] IPUIPlugin:80 - create IPUIPlugin
2026-08-15 12:59:32,303 [INFO] PluginManager:220 - loadIPPluginJar : add openamp
2026-08-15 12:59:32,304 [INFO] IPUIPlugin:80 - create IPUIPlugin
2026-08-15 12:59:32,304 [INFO] PluginManager:220 - loadIPPluginJar : add comp
2026-08-15 12:59:32,305 [INFO] IPUIPlugin:80 - create IPUIPlugin
2026-08-15 12:59:32,305 [INFO] PluginManager:220 - loadIPPluginJar : add gfxmmu
2026-08-15 12:59:32,307 [INFO] IPUIPlugin:80 - create IPUIPlugin
2026-08-15 12:59:32,307 [INFO] PluginManager:220 - loadIPPluginJar : add gtzc
2026-08-15 12:59:32,312 [INFO] IPUIPlugin:80 - create IPUIPlugin
2026-08-15 12:59:32,313 [INFO] PluginManager:220 - loadIPPluginJar : add gic
2026-08-15 12:59:32,315 [INFO] IPUIPlugin:80 - create IPUIPlugin
2026-08-15 12:59:32,315 [INFO] PluginManager:220 - loadIPPluginJar : add lorawan
2026-08-15 12:59:32,317 [INFO] IPUIPlugin:80 - create IPUIPlugin
2026-08-15 12:59:32,317 [INFO] PluginManager:220 - loadIPPluginJar : add usart
2026-08-15 12:59:32,319 [INFO] IPUIPlugin:80 - create IPUIPlugin
2026-08-15 12:59:32,319 [INFO] PluginManager:220 - loadIPPluginJar : add tim
2026-08-15 12:59:32,321 [INFO] IPUIPlugin:80 - create IPUIPlugin
2026-08-15 12:59:32,321 [INFO] PluginManager:220 - loadIPPluginJar : add ddr_ctrl_phy
2026-08-15 12:59:32,323 [INFO] IPUIPlugin:80 - create IPUIPlugin
2026-08-15 12:59:32,324 [INFO] PluginManager:220 - loadIPPluginJar : add extmemmanager
2026-08-15 12:59:32,325 [INFO] IPUIPlugin:80 - create IPUIPlugin
2026-08-15 12:59:32,325 [INFO] PluginManager:220 - loadIPPluginJar : add dma3
2026-08-15 12:59:32,327 [INFO] IPUIPlugin:80 - create IPUIPlugin
2026-08-15 12:59:32,327 [INFO] PluginManager:220 - loadIPPluginJar : add ucpd
2026-08-15 12:59:32,332 [INFO] IPUIPlugin:80 - create IPUIPlugin
2026-08-15 12:59:32,332 [INFO] PluginManager:220 - loadIPPluginJar : add dma
2026-08-15 12:59:32,333 [INFO] IPUIPlugin:80 - create IPUIPlugin
2026-08-15 12:59:32,333 [INFO] PluginManager:220 - loadIPPluginJar : add genericplugin
2026-08-15 12:59:32,339 [INFO] IPUIPlugin:80 - create IPUIPlugin
2026-08-15 12:59:32,339 [INFO] PluginManager:220 - loadIPPluginJar : add linkedlist
2026-08-15 12:59:32,436 [FATAL] Updater:351 - Updater called before beeing initialized
2026-08-15 12:59:32,459 [INFO] RulesReader:64 - Compatibility file has been processed (301 Rules)
2026-08-15 12:59:32,469 [INFO] RulesReader:64 - Compatibility file has been processed (301 Rules)
2026-08-15 12:59:32,474 [INFO] CADModel:165 - CPN selected for project level
2026-08-15 12:59:32,475 [INFO] CADModel:114 - Register for checkConnection events
2026-08-15 12:59:32,475 [FATAL] Updater:351 - Updater called before beeing initialized
2026-08-15 12:59:32,475 [ERROR] CADModel:125 - Updater not yet initialized, retry later 
2026-08-15 12:59:32,561 [FATAL] Updater:351 - Updater called before beeing initialized
2026-08-15 12:59:32,563 [INFO] CADModel:165 - CPN selected for project level
2026-08-15 12:59:32,563 [INFO] CADModel:114 - Register for checkConnection events
2026-08-15 12:59:32,563 [FATAL] Updater:351 - Updater called before beeing initialized
2026-08-15 12:59:32,563 [ERROR] CADModel:125 - Updater not yet initialized, retry later 
2026-08-15 12:59:32,565 [FATAL] Updater:351 - Updater called before beeing initialized
2026-08-15 12:59:32,619 [FATAL] Updater:351 - Updater called before beeing initialized
2026-08-15 12:59:32,621 [INFO] DbMcusAds:53 - JSON generation date=Wed Jul 15 16:44:54 ICT 2026 (1784108694001)
2026-08-15 12:59:32,622 [FATAL] Updater:351 - Updater called before beeing initialized
2026-08-15 12:59:32,645 [WARN] DetailPanel:346 - Failed to get advertising image, set to default
2026-08-15 12:59:32,814 [FATAL] Updater:351 - Updater called before beeing initialized
2026-08-15 12:59:32,816 [FATAL] Updater:351 - Updater called before beeing initialized
2026-08-15 12:59:32,816 [FATAL] Updater:351 - Updater called before beeing initialized
2026-08-15 12:59:32,816 [WARN] DetailPanel:346 - Failed to get advertising image, set to default
2026-08-15 12:59:32,817 [FATAL] Updater:351 - Updater called before beeing initialized
2026-08-15 12:59:32,839 [ERROR] Updater:1198 - MainUpdater not yet initialized. External WinMGr cannot be set.
2026-08-15 12:59:32,840 [INFO] Updater:1134 - Updater Version found : 6.14.0
2026-08-15 12:59:32,855 [INFO] ApplicationProperties:184 - Using Application install path: /opt/st/stm32cubeide_1.18.0/plugins/com.st.stm32cube.common.mx_6.14.0.202502271554
2026-08-15 12:59:32,865 [ERROR] LogOutputStream:75 - [STDERR_REDIRECT] Aug 15, 2026 12:59:32 PM java.util.prefs.FileSystemPreferences$2 run
2026-08-15 12:59:32,865 [ERROR] LogOutputStream:75 - [STDERR_REDIRECT] WARNING: Could not create system preferences directory. System preferences are unusable.
2026-08-15 12:59:32,866 [ERROR] LogOutputStream:75 - [STDERR_REDIRECT] 
2026-08-15 12:59:33,148 [INFO] MainUpdater:2872 - connection check result : 10
2026-08-15 12:59:33,149 [INFO] MainUpdater:289 - Updater Check For Update Now.
2026-08-15 12:59:33,149 [INFO] MicroXplorer:498 - Change Database Version : DB.6.0.140
2026-08-15 12:59:33,152 [INFO] McuFinderGlobals:63 - Set McuFinder mode to 2 (CubeIDE integrated)
2026-08-15 12:59:33,152 [INFO] UserAuth:171 - activating auth plugin
2026-08-15 12:59:33,154 [INFO] UserAuth:486 - Internet connection configuration mode: 1
2026-08-15 12:59:33,167 [INFO] JxBrowserEngine:152 - Initiate JxBrowser Engine with user profile folder
2026-08-15 12:59:33,322 [INFO] CheckServerUpdateThread:120 - End of CheckServer Thread
2026-08-15 12:59:33,953 [INFO] WebApp:169 - Instantiating new browser for Auth
2026-08-15 12:59:34,493 [INFO] WebApp:463 - Apply proxy settings
2026-08-15 12:59:34,494 [INFO] WebApp:548 - Chromium requires no authentication
2026-08-15 12:59:34,499 [INFO] WebApp:491 - Direct internet connection detected
2026-08-15 12:59:34,510 [INFO] WebApp:894 - Register for checkConnection events
2026-08-15 12:59:34,510 [INFO] WebApp:463 - Apply proxy settings
2026-08-15 12:59:34,510 [INFO] WebApp:548 - Chromium requires no authentication
2026-08-15 12:59:34,511 [INFO] WebApp:491 - Direct internet connection detected
2026-08-15 12:59:34,589 [INFO] WebApp:225 - Starting web application
2026-08-15 12:59:34,590 [INFO] WebApp:593 - Web application path used /opt/st/stm32cubeide_1.18.0/plugins/com.st.stm32cube.common.mx_6.14.0.202502271554/db/plugins/mcufinder/reactClient1/index.html
2026-08-15 12:59:34,818 [INFO] WebApp:191 - Connection restablished
2026-08-15 12:59:34,983 [WARN] PackLoader:240 - Cannot read IP mode file for STMicroelectronics.X-CUBE-AZRTOS-H7.3.5.0
2026-08-15 12:59:34,992 [WARN] PackLoader:240 - Cannot read IP mode file for STMicroelectronics.FP-ATR-ASTRA1.2.0.3
2026-08-15 12:59:34,995 [WARN] PackLoader:240 - Cannot read IP mode file for STMicroelectronics.FP-ATR-ASTRA1.2.0.2
2026-08-15 12:59:34,999 [ERROR] Engine:466 - /home/thuy/.stm32cubemx/thirdparties/pdsc/STMicroelectronics.X-CUBE-SMBUS.2.1.1.pdsc: PDSC version is not supported
2026-08-15 12:59:35,010 [WARN] PackLoader:240 - Cannot read IP mode file for STMicroelectronics.X-CUBE-AZRTOS-F7.1.1.0
2026-08-15 12:59:35,014 [ERROR] Engine:466 - /home/thuy/.stm32cubemx/thirdparties/pdsc/STMicroelectronics.X-CUBE-FREERTOS.1.6.0.pdsc: PDSC version is not supported
2026-08-15 12:59:35,015 [ERROR] Engine:466 - /home/thuy/.stm32cubemx/thirdparties/pdsc/STMicroelectronics.FP-SNS-MOTENV1.5.1.0.pdsc: PDSC version is not supported
2026-08-15 12:59:35,038 [WARN] PackLoader:240 - Cannot read IP mode file for STMicroelectronics.X-CUBE-AZRTOS-H7RS.1.3.0
2026-08-15 12:59:35,047 [ERROR] Engine:466 - /home/thuy/.stm32cubemx/thirdparties/pdsc/WES.I-CUBE-Cesium.1.4.0.pdsc: PDSC version is not supported
2026-08-15 12:59:35,052 [WARN] PackLoader:240 - Cannot read IP mode file for STMicroelectronics.X-CUBE-DISPLAY.3.0.0
2026-08-15 12:59:35,061 [WARN] PackLoader:240 - Cannot read IP mode file for STMicroelectronics.X-CUBE-GNSS1.7.1.1
2026-08-15 12:59:35,063 [ERROR] Engine:466 - /home/thuy/.stm32cubemx/thirdparties/pdsc/STMicroelectronics.FP-SNS-MOTENVWB1.1.5.0.pdsc: PDSC version is not supported
2026-08-15 12:59:35,065 [WARN] PackLoader:240 - Cannot read IP mode file for wolfSSL.I-CUBE-wolfSSL.5.9.1
2026-08-15 12:59:35,069 [WARN] PackLoader:240 - Cannot read IP mode file for STMicroelectronics.X-CUBE-NFC10.1.0.0
2026-08-15 12:59:35,073 [WARN] PackLoader:240 - Cannot read IP mode file for STMicroelectronics.X-CUBE-ST60.1.1.0
2026-08-15 12:59:35,076 [WARN] PackLoader:240 - Cannot read IP mode file for emotas.I-CUBE-CANOPEN.1.3.0
2026-08-15 12:59:35,078 [ERROR] Engine:466 - /home/thuy/.stm32cubemx/thirdparties/pdsc/STMicroelectronics.X-CUBE-WBA.1.1.0.pdsc: PDSC version is not supported
2026-08-15 12:59:35,094 [ERROR] Engine:466 - /home/thuy/.stm32cubemx/thirdparties/pdsc/STMicroelectronics.FP-SNS-STBOX1.2.1.0.pdsc: PDSC version is not supported
2026-08-15 12:59:35,098 [WARN] PackLoader:240 - Cannot read IP mode file for STMicroelectronics.FP-SNS-SMARTAG2.1.2.0
2026-08-15 12:59:35,101 [WARN] PackLoader:240 - Cannot read IP mode file for STMicroelectronics.FP-SNS-FLIGHT1.5.1.0
2026-08-15 12:59:35,106 [INFO] LogOutputStream:77 - [STDOUT_REDIRECT] 1 : Invalid condition id : UX_CORESTACK_Condition cause : null
2026-08-15 12:59:35,107 [INFO] LogOutputStream:77 - [STDOUT_REDIRECT] 1 : Invalid condition id : UX_CORESTACK_Condition cause : null
2026-08-15 12:59:35,107 [INFO] LogOutputStream:77 - [STDOUT_REDIRECT] 1 : Invalid condition id : UX_CORESTACK_Condition cause : null
2026-08-15 12:59:35,107 [INFO] LogOutputStream:77 - [STDOUT_REDIRECT] 1 : Invalid condition id : UX_CORESTACK_Condition cause : null
2026-08-15 12:59:35,107 [INFO] LogOutputStream:77 - [STDOUT_REDIRECT] 1 : Invalid condition id : UX_CORESTACK_Condition cause : null
2026-08-15 12:59:35,110 [WARN] PackLoader:240 - Cannot read IP mode file for STMicroelectronics.X-CUBE-AZRTOS-WL.2.0.0
2026-08-15 12:59:35,113 [WARN] PackLoader:240 - Cannot read IP mode file for STMicroelectronics.X-CUBE-BLE2.3.3.0
2026-08-15 12:59:35,138 [WARN] PackLoader:240 - Cannot read IP mode file for Infineon.AIROC-Wi-Fi-Bluetooth-STM32.1.8.0
2026-08-15 12:59:35,145 [WARN] PackLoader:240 - Cannot read IP mode file for STMicroelectronics.X-CUBE-NFC9.1.0.0
2026-08-15 12:59:35,149 [WARN] PackLoader:240 - Cannot read IP mode file for STMicroelectronics.X-CUBE-BLE1.7.1.0
2026-08-15 12:59:35,152 [WARN] PackLoader:240 - Cannot read IP mode file for wolfSSL.I-CUBE-wolfMQTT.1.19.2
2026-08-15 12:59:35,155 [WARN] PackLoader:240 - Cannot read IP mode file for STMicroelectronics.X-CUBE-EEPRMA1.5.2.0
2026-08-15 12:59:35,159 [ERROR] Engine:466 - /home/thuy/.stm32cubemx/thirdparties/pdsc/STMicroelectronics.FP-SNS-STAIOTCFT.1.1.0.pdsc: PDSC version is not supported
2026-08-15 12:59:35,167 [WARN] PackLoader:240 - Cannot read IP mode file for STMicroelectronics.X-CUBE-AZRTOS-G0.1.1.0
2026-08-15 12:59:35,172 [WARN] PackLoader:240 - Cannot read IP mode file for STMicroelectronics.X-CUBE-NFC4.3.0.0
2026-08-15 12:59:35,178 [WARN] PackLoader:240 - Cannot read IP mode file for EmbeddedOffice.I-CUBE-FS-RTOS.1.0.1
2026-08-15 12:59:35,181 [WARN] PackLoader:240 - Cannot read IP mode file for wolfSSL.I-CUBE-wolfTPM.3.8.0
2026-08-15 12:59:35,185 [WARN] PackLoader:240 - Cannot read IP mode file for STMicroelectronics.X-CUBE-TCPP.4.2.0
2026-08-15 12:59:35,189 [WARN] PackLoader:240 - Cannot read IP mode file for RealThread.X-CUBE-RT-Thread_Nano.4.1.1
2026-08-15 12:59:35,192 [WARN] PackLoader:240 - Cannot read IP mode file for STMicroelectronics.FP-ATR-SIGFOX1.3.2.0
2026-08-15 12:59:35,195 [WARN] PackLoader:240 - Cannot read IP mode file for ITTIA_DB.I-CUBE-ITTIADB.8.9.0
2026-08-15 12:59:35,197 [WARN] PackLoader:240 - Cannot read IP mode file for Cesanta.I-CUBE-Mongoose.7.21.7
2026-08-15 12:59:35,201 [WARN] PackLoader:240 - Cannot read IP mode file for STMicroelectronics.X-CUBE-NFC6.3.2.0
2026-08-15 12:59:35,204 [WARN] PackLoader:240 - Cannot read IP mode file for STMicroelectronics.X-CUBE-AI.10.2.1
2026-08-15 12:59:35,234 [WARN] PackLoader:240 - Cannot read IP mode file for STMicroelectronics.X-CUBE-MEMS1.12.1.0
2026-08-15 12:59:35,292 [WARN] PackLoader:240 - Cannot read IP mode file for SEGGER.I-CUBE-embOS.1.3.1
2026-08-15 12:59:35,314 [WARN] PackLoader:240 - Cannot read IP mode file for STMicroelectronics.X-CUBE-NFC13.1.0.0
2026-08-15 12:59:35,317 [WARN] PackLoader:240 - Cannot read IP mode file for STMicroelectronics.X-CUBE-PM33A1.1.0.0
2026-08-15 12:59:35,326 [WARN] PackLoader:240 - Cannot read IP mode file for STMicroelectronics.X-CUBE-AZRTOS-F4.1.1.0
2026-08-15 12:59:35,334 [WARN] PackLoader:240 - Cannot read IP mode file for STMicroelectronics.X-CUBE-ISPU.2.1.0
2026-08-15 12:59:35,338 [ERROR] Engine:466 - /home/thuy/.stm32cubemx/thirdparties/pdsc/STMicroelectronics.X-CUBE-IPS.3.2.0.pdsc: PDSC version is not supported
2026-08-15 12:59:35,339 [WARN] PackLoader:240 - Cannot read IP mode file for STMicroelectronics.eDS-WB_DPC_TT-BIDIR.2.1.1
2026-08-15 12:59:35,343 [WARN] PackLoader:240 - Cannot read IP mode file for STMicroelectronics.X-CUBE-NFC12.1.0.0
2026-08-15 12:59:35,354 [WARN] PackLoader:240 - Cannot read IP mode file for STMicroelectronics.X-CUBE-AZRTOS-L5.2.0.0
2026-08-15 12:59:35,359 [WARN] PackLoader:240 - Cannot read IP mode file for STMicroelectronics.X-CUBE-ALGOBUILD.1.5.0
2026-08-15 12:59:35,360 [WARN] PackLoader:240 - Cannot read IP mode file for STMicroelectronics.eDS-WB_DPC_VIENNA.1.2.0
2026-08-15 12:59:35,382 [WARN] PackLoader:240 - Cannot read IP mode file for STMicroelectronics.X-CUBE-MEMS1.13.0.0
2026-08-15 12:59:35,414 [WARN] PackLoader:240 - Cannot read IP mode file for STMicroelectronics.eDS-WB_DPC_3PH2L-BIDIR.1.1.1
2026-08-15 12:59:35,416 [ERROR] Engine:466 - /home/thuy/.stm32cubemx/thirdparties/pdsc/STMicroelectronics.X-CUBE-ST67W61.1.3.0.pdsc: PDSC version is not supported
2026-08-15 12:59:35,418 [WARN] PackLoader:240 - Cannot read IP mode file for STMicroelectronics.X-CUBE-TOUCHGFX.4.26.1
2026-08-15 12:59:35,420 [WARN] PackLoader:240 - Cannot read IP mode file for STMicroelectronics.X-CUBE-DPower.1.3.0
2026-08-15 12:59:35,428 [WARN] ConditionMgr:438 - getConditionDescription Invalid condition id : LAN8742 Phy interface Condition cause : null
2026-08-15 12:59:35,429 [WARN] PackLoader:240 - Cannot read IP mode file for STMicroelectronics.X-CUBE-AZRTOS-L4.2.0.0
2026-08-15 12:59:35,429 [WARN] ConditionMgr:1044 - genDependencies : Invalid condition id : LAN8742 Phy interface Condition cause : null
2026-08-15 12:59:35,429 [WARN] ConditionMgr:1044 - genDependencies : Invalid condition id : LAN8742 Phy interface Condition cause : null
2026-08-15 12:59:35,429 [WARN] ConditionMgr:1044 - genDependencies : Invalid condition id : LAN8742 Phy interface Condition cause : null
2026-08-15 12:59:35,435 [WARN] PackLoader:240 - Cannot read IP mode file for STMicroelectronics.X-CUBE-SFXS2LP1.4.0.0
2026-08-15 12:59:35,438 [WARN] PackLoader:240 - Cannot read IP mode file for STMicroelectronics.X-CUBE-WB05N.2.1.0
2026-08-15 12:59:35,447 [WARN] ConditionMgr:438 - getConditionDescription Invalid condition id : UX DEVICE CLASS RTOS Condition cause : null
2026-08-15 12:59:35,448 [WARN] ConditionMgr:438 - getConditionDescription Invalid condition id : UX DEVICE CLASS RTOS Condition cause : null
2026-08-15 12:59:35,450 [WARN] PackLoader:240 - Cannot read IP mode file for STMicroelectronics.X-CUBE-AZRTOS-WB.2.0.0
2026-08-15 12:59:35,451 [WARN] ConditionMgr:1044 - genDependencies : Invalid condition id : UX DEVICE CLASS RTOS Condition cause : null
2026-08-15 12:59:35,451 [WARN] ConditionMgr:1044 - genDependencies : Invalid condition id : UX DEVICE CLASS RTOS Condition cause : null
2026-08-15 12:59:35,451 [WARN] ConditionMgr:1044 - genDependencies : Invalid condition id : UX DEVICE CLASS RTOS Condition cause : null
2026-08-15 12:59:35,451 [WARN] ConditionMgr:1044 - genDependencies : Invalid condition id : UX DEVICE CLASS RTOS Condition cause : null
2026-08-15 12:59:35,451 [WARN] ConditionMgr:1044 - genDependencies : Invalid condition id : UX DEVICE CLASS RTOS Condition cause : null
2026-08-15 12:59:35,455 [WARN] ConditionMgr:438 - getConditionDescription Invalid condition id : Cortex-A Device cause : null
2026-08-15 12:59:35,461 [WARN] ConditionMgr:1044 - genDependencies : Invalid condition id : Cortex-A Device cause : null
2026-08-15 12:59:35,461 [WARN] ConditionMgr:1044 - genDependencies : Invalid condition id : Cortex-A Device cause : null
2026-08-15 12:59:35,461 [WARN] ConditionMgr:1044 - genDependencies : Invalid condition id : Cortex-A Device cause : null
2026-08-15 12:59:35,466 [WARN] PackLoader:240 - Cannot read IP mode file for STMicroelectronics.X-CUBE-STSE01.2.0.0
2026-08-15 12:59:35,476 [WARN] PackLoader:240 - Cannot read IP mode file for STMicroelectronics.X-CUBE-SUBG2.5.0.0
2026-08-15 12:59:35,504 [WARN] PackLoader:240 - Cannot read IP mode file for STMicroelectronics.X-CUBE-AZRTOS-G4.2.0.0
2026-08-15 12:59:35,508 [WARN] PackLoader:240 - Cannot read IP mode file for wolfSSL.I-CUBE-wolfSSH.1.4.20
2026-08-15 12:59:35,512 [WARN] PackLoader:240 - Cannot read IP mode file for STMicroelectronics.X-CUBE-NFC7.2.0.0
2026-08-15 12:59:35,515 [ERROR] Engine:466 - /home/thuy/.stm32cubemx/thirdparties/pdsc/STMicroelectronics.X-CUBE-BLEMGR.4.2.0.pdsc: PDSC version is not supported
2026-08-15 12:59:35,518 [WARN] PackLoader:240 - Cannot read IP mode file for STMicroelectronics.X-CUBE-ALS.1.0.2
2026-08-15 12:59:35,527 [WARN] PackLoader:240 - Cannot read IP mode file for STMicroelectronics.X-CUBE-TOF1.3.4.3
2026-08-15 12:59:35,536 [INFO] ThirdParty:978 - Integrity check success = true
2026-08-15 12:59:35,536 [INFO] IntegrityCheckThread:100 - exiting critical section [integrity check]
2026-08-15 12:59:35,536 [INFO] IntegrityCheckThread:103 - End integrity checks thread
2026-08-15 13:00:01,435 [ERROR] LogOutputStream:75 - [STDERR_REDIRECT] Aug 15, 2026 1:00:01 PM java.util.prefs.FileSystemPreferences checkLockFile0ErrorCode
2026-08-15 13:00:01,435 [ERROR] LogOutputStream:75 - [STDERR_REDIRECT] WARNING: Could not lock System prefs. Unix error code 2.
2026-08-15 13:00:01,436 [ERROR] LogOutputStream:75 - [STDERR_REDIRECT] 
2026-08-15 13:00:01,436 [ERROR] LogOutputStream:75 - [STDERR_REDIRECT] Aug 15, 2026 1:00:01 PM java.util.prefs.FileSystemPreferences syncWorld
2026-08-15 13:00:01,436 [ERROR] LogOutputStream:75 - [STDERR_REDIRECT] WARNING: Couldn't flush system prefs: java.util.prefs.BackingStoreException: Couldn't get file lock.
2026-08-15 13:00:01,436 [ERROR] LogOutputStream:75 - [STDERR_REDIRECT] 
2026-08-15 13:00:31,431 [ERROR] LogOutputStream:75 - [STDERR_REDIRECT] Aug 15, 2026 1:00:31 PM java.util.prefs.FileSystemPreferences checkLockFile0ErrorCode
2026-08-15 13:00:31,431 [ERROR] LogOutputStream:75 - [STDERR_REDIRECT] WARNING: Could not lock System prefs. Unix error code 2.
2026-08-15 13:00:31,432 [ERROR] LogOutputStream:75 - [STDERR_REDIRECT] 
2026-08-15 13:00:31,432 [ERROR] LogOutputStream:75 - [STDERR_REDIRECT] Aug 15, 2026 1:00:31 PM java.util.prefs.FileSystemPreferences syncWorld
2026-08-15 13:00:31,432 [ERROR] LogOutputStream:75 - [STDERR_REDIRECT] WARNING: Couldn't flush system prefs: java.util.prefs.BackingStoreException: Couldn't get file lock.
2026-08-15 13:00:31,432 [ERROR] LogOutputStream:75 - [STDERR_REDIRECT] 
2026-08-15 13:01:01,432 [ERROR] LogOutputStream:75 - [STDERR_REDIRECT] Aug 15, 2026 1:01:01 PM java.util.prefs.FileSystemPreferences checkLockFile0ErrorCode
2026-08-15 13:01:01,432 [ERROR] LogOutputStream:75 - [STDERR_REDIRECT] WARNING: Could not lock System prefs. Unix error code 2.
2026-08-15 13:01:01,432 [ERROR] LogOutputStream:75 - [STDERR_REDIRECT] 
2026-08-15 13:01:01,432 [ERROR] LogOutputStream:75 - [STDERR_REDIRECT] Aug 15, 2026 1:01:01 PM java.util.prefs.FileSystemPreferences syncWorld
2026-08-15 13:01:01,432 [ERROR] LogOutputStream:75 - [STDERR_REDIRECT] WARNING: Couldn't flush system prefs: java.util.prefs.BackingStoreException: Couldn't get file lock.
2026-08-15 13:01:01,432 [ERROR] LogOutputStream:75 - [STDERR_REDIRECT] 
2026-08-15 13:01:31,432 [ERROR] LogOutputStream:75 - [STDERR_REDIRECT] Aug 15, 2026 1:01:31 PM java.util.prefs.FileSystemPreferences checkLockFile0ErrorCode
2026-08-15 13:01:31,432 [ERROR] LogOutputStream:75 - [STDERR_REDIRECT] WARNING: Could not lock System prefs. Unix error code 2.
2026-08-15 13:01:31,432 [ERROR] LogOutputStream:75 - [STDERR_REDIRECT] 
2026-08-15 13:01:31,432 [ERROR] LogOutputStream:75 - [STDERR_REDIRECT] Aug 15, 2026 1:01:31 PM java.util.prefs.FileSystemPreferences syncWorld
2026-08-15 13:01:31,432 [ERROR] LogOutputStream:75 - [STDERR_REDIRECT] WARNING: Couldn't flush system prefs: java.util.prefs.BackingStoreException: Couldn't get file lock.
2026-08-15 13:01:31,433 [ERROR] LogOutputStream:75 - [STDERR_REDIRECT] 
2026-08-15 13:02:01,432 [ERROR] LogOutputStream:75 - [STDERR_REDIRECT] Aug 15, 2026 1:02:01 PM java.util.prefs.FileSystemPreferences checkLockFile0ErrorCode
2026-08-15 13:02:01,433 [ERROR] LogOutputStream:75 - [STDERR_REDIRECT] WARNING: Could not lock System prefs. Unix error code 2.
2026-08-15 13:02:01,433 [ERROR] LogOutputStream:75 - [STDERR_REDIRECT] 
2026-08-15 13:02:01,433 [ERROR] LogOutputStream:75 - [STDERR_REDIRECT] Aug 15, 2026 1:02:01 PM java.util.prefs.FileSystemPreferences syncWorld
2026-08-15 13:02:01,433 [ERROR] LogOutputStream:75 - [STDERR_REDIRECT] WARNING: Couldn't flush system prefs: java.util.prefs.BackingStoreException: Couldn't get file lock.
2026-08-15 13:02:01,434 [ERROR] LogOutputStream:75 - [STDERR_REDIRECT] 
2026-08-15 13:02:31,432 [ERROR] LogOutputStream:75 - [STDERR_REDIRECT] Aug 15, 2026 1:02:31 PM java.util.prefs.FileSystemPreferences checkLockFile0ErrorCode
2026-08-15 13:02:31,432 [ERROR] LogOutputStream:75 - [STDERR_REDIRECT] WARNING: Could not lock System prefs. Unix error code 2.
2026-08-15 13:02:31,432 [ERROR] LogOutputStream:75 - [STDERR_REDIRECT] 
2026-08-15 13:02:31,433 [ERROR] LogOutputStream:75 - [STDERR_REDIRECT] Aug 15, 2026 1:02:31 PM java.util.prefs.FileSystemPreferences syncWorld
2026-08-15 13:02:31,433 [ERROR] LogOutputStream:75 - [STDERR_REDIRECT] WARNING: Couldn't flush system prefs: java.util.prefs.BackingStoreException: Couldn't get file lock.
2026-08-15 13:02:31,433 [ERROR] LogOutputStream:75 - [STDERR_REDIRECT] 
2026-08-15 13:03:01,432 [ERROR] LogOutputStream:75 - [STDERR_REDIRECT] Aug 15, 2026 1:03:01 PM java.util.prefs.FileSystemPreferences checkLockFile0ErrorCode
2026-08-15 13:03:01,433 [ERROR] LogOutputStream:75 - [STDERR_REDIRECT] WARNING: Could not lock System prefs. Unix error code 2.
2026-08-15 13:03:01,433 [ERROR] LogOutputStream:75 - [STDERR_REDIRECT] 
2026-08-15 13:03:01,433 [ERROR] LogOutputStream:75 - [STDERR_REDIRECT] Aug 15, 2026 1:03:01 PM java.util.prefs.FileSystemPreferences syncWorld
2026-08-15 13:03:01,433 [ERROR] LogOutputStream:75 - [STDERR_REDIRECT] WARNING: Couldn't flush system prefs: java.util.prefs.BackingStoreException: Couldn't get file lock.
2026-08-15 13:03:01,433 [ERROR] LogOutputStream:75 - [STDERR_REDIRECT] 
2026-08-15 13:03:31,433 [ERROR] LogOutputStream:75 - [STDERR_REDIRECT] Aug 15, 2026 1:03:31 PM java.util.prefs.FileSystemPreferences checkLockFile0ErrorCode
2026-08-15 13:03:31,433 [ERROR] LogOutputStream:75 - [STDERR_REDIRECT] WARNING: Could not lock System prefs. Unix error code 2.
2026-08-15 13:03:31,433 [ERROR] LogOutputStream:75 - [STDERR_REDIRECT] 
2026-08-15 13:03:31,433 [ERROR] LogOutputStream:75 - [STDERR_REDIRECT] Aug 15, 2026 1:03:31 PM java.util.prefs.FileSystemPreferences syncWorld
2026-08-15 13:03:31,433 [ERROR] LogOutputStream:75 - [STDERR_REDIRECT] WARNING: Couldn't flush system prefs: java.util.prefs.BackingStoreException: Couldn't get file lock.
2026-08-15 13:03:31,433 [ERROR] LogOutputStream:75 - [STDERR_REDIRECT] 
2026-08-15 13:04:01,433 [ERROR] LogOutputStream:75 - [STDERR_REDIRECT] Aug 15, 2026 1:04:01 PM java.util.prefs.FileSystemPreferences checkLockFile0ErrorCode
2026-08-15 13:04:01,433 [ERROR] LogOutputStream:75 - [STDERR_REDIRECT] WARNING: Could not lock System prefs. Unix error code 2.
2026-08-15 13:04:01,433 [ERROR] LogOutputStream:75 - [STDERR_REDIRECT] 
2026-08-15 13:04:01,433 [ERROR] LogOutputStream:75 - [STDERR_REDIRECT] Aug 15, 2026 1:04:01 PM java.util.prefs.FileSystemPreferences syncWorld
2026-08-15 13:04:01,433 [ERROR] LogOutputStream:75 - [STDERR_REDIRECT] WARNING: Couldn't flush system prefs: java.util.prefs.BackingStoreException: Couldn't get file lock.
2026-08-15 13:04:01,433 [ERROR] LogOutputStream:75 - [STDERR_REDIRECT] 
2026-08-15 13:04:31,434 [ERROR] LogOutputStream:75 - [STDERR_REDIRECT] Aug 15, 2026 1:04:31 PM java.util.prefs.FileSystemPreferences checkLockFile0ErrorCode
2026-08-15 13:04:31,434 [ERROR] LogOutputStream:75 - [STDERR_REDIRECT] WARNING: Could not lock System prefs. Unix error code 2.
2026-08-15 13:04:31,434 [ERROR] LogOutputStream:75 - [STDERR_REDIRECT] 
2026-08-15 13:04:31,435 [ERROR] LogOutputStream:75 - [STDERR_REDIRECT] Aug 15, 2026 1:04:31 PM java.util.prefs.FileSystemPreferences syncWorld
2026-08-15 13:04:31,435 [ERROR] LogOutputStream:75 - [STDERR_REDIRECT] WARNING: Couldn't flush system prefs: java.util.prefs.BackingStoreException: Couldn't get file lock.
2026-08-15 13:04:31,435 [ERROR] LogOutputStream:75 - [STDERR_REDIRECT] 
2026-08-15 13:05:01,434 [ERROR] LogOutputStream:75 - [STDERR_REDIRECT] Aug 15, 2026 1:05:01 PM java.util.prefs.FileSystemPreferences checkLockFile0ErrorCode
2026-08-15 13:05:01,434 [ERROR] LogOutputStream:75 - [STDERR_REDIRECT] WARNING: Could not lock System prefs. Unix error code 2.
2026-08-15 13:05:01,434 [ERROR] LogOutputStream:75 - [STDERR_REDIRECT] 
2026-08-15 13:05:01,434 [ERROR] LogOutputStream:75 - [STDERR_REDIRECT] Aug 15, 2026 1:05:01 PM java.util.prefs.FileSystemPreferences syncWorld
2026-08-15 13:05:01,434 [ERROR] LogOutputStream:75 - [STDERR_REDIRECT] WARNING: Couldn't flush system prefs: java.util.prefs.BackingStoreException: Couldn't get file lock.
2026-08-15 13:05:01,434 [ERROR] LogOutputStream:75 - [STDERR_REDIRECT] 
2026-08-15 13:05:31,434 [ERROR] LogOutputStream:75 - [STDERR_REDIRECT] Aug 15, 2026 1:05:31 PM java.util.prefs.FileSystemPreferences checkLockFile0ErrorCode
2026-08-15 13:05:31,434 [ERROR] LogOutputStream:75 - [STDERR_REDIRECT] WARNING: Could not lock System prefs. Unix error code 2.
2026-08-15 13:05:31,434 [ERROR] LogOutputStream:75 - [STDERR_REDIRECT] 
2026-08-15 13:05:31,435 [ERROR] LogOutputStream:75 - [STDERR_REDIRECT] Aug 15, 2026 1:05:31 PM java.util.prefs.FileSystemPreferences syncWorld
2026-08-15 13:05:31,435 [ERROR] LogOutputStream:75 - [STDERR_REDIRECT] WARNING: Couldn't flush system prefs: java.util.prefs.BackingStoreException: Couldn't get file lock.
2026-08-15 13:05:31,435 [ERROR] LogOutputStream:75 - [STDERR_REDIRECT] 
2026-08-15 13:06:01,432 [ERROR] LogOutputStream:75 - [STDERR_REDIRECT] Aug 15, 2026 1:06:01 PM java.util.prefs.FileSystemPreferences checkLockFile0ErrorCode
2026-08-15 13:06:01,432 [ERROR] LogOutputStream:75 - [STDERR_REDIRECT] WARNING: Could not lock System prefs. Unix error code 2.
2026-08-15 13:06:01,432 [ERROR] LogOutputStream:75 - [STDERR_REDIRECT] 
2026-08-15 13:06:01,432 [ERROR] LogOutputStream:75 - [STDERR_REDIRECT] Aug 15, 2026 1:06:01 PM java.util.prefs.FileSystemPreferences syncWorld
2026-08-15 13:06:01,433 [ERROR] LogOutputStream:75 - [STDERR_REDIRECT] WARNING: Couldn't flush system prefs: java.util.prefs.BackingStoreException: Couldn't get file lock.
2026-08-15 13:06:01,433 [ERROR] LogOutputStream:75 - [STDERR_REDIRECT] 
2026-08-15 13:06:31,432 [ERROR] LogOutputStream:75 - [STDERR_REDIRECT] Aug 15, 2026 1:06:31 PM java.util.prefs.FileSystemPreferences checkLockFile0ErrorCode
2026-08-15 13:06:31,432 [ERROR] LogOutputStream:75 - [STDERR_REDIRECT] WARNING: Could not lock System prefs. Unix error code 2.
2026-08-15 13:06:31,432 [ERROR] LogOutputStream:75 - [STDERR_REDIRECT] 
2026-08-15 13:06:31,432 [ERROR] LogOutputStream:75 - [STDERR_REDIRECT] Aug 15, 2026 1:06:31 PM java.util.prefs.FileSystemPreferences syncWorld
2026-08-15 13:06:31,433 [ERROR] LogOutputStream:75 - [STDERR_REDIRECT] WARNING: Couldn't flush system prefs: java.util.prefs.BackingStoreException: Couldn't get file lock.
2026-08-15 13:06:31,433 [ERROR] LogOutputStream:75 - [STDERR_REDIRECT] 
2026-08-15 13:07:01,432 [ERROR] LogOutputStream:75 - [STDERR_REDIRECT] Aug 15, 2026 1:07:01 PM java.util.prefs.FileSystemPreferences checkLockFile0ErrorCode
2026-08-15 13:07:01,432 [ERROR] LogOutputStream:75 - [STDERR_REDIRECT] WARNING: Could not lock System prefs. Unix error code 2.
2026-08-15 13:07:01,432 [ERROR] LogOutputStream:75 - [STDERR_REDIRECT] 
2026-08-15 13:07:01,433 [ERROR] LogOutputStream:75 - [STDERR_REDIRECT] Aug 15, 2026 1:07:01 PM java.util.prefs.FileSystemPreferences syncWorld
2026-08-15 13:07:01,433 [ERROR] LogOutputStream:75 - [STDERR_REDIRECT] WARNING: Couldn't flush system prefs: java.util.prefs.BackingStoreException: Couldn't get file lock.
2026-08-15 13:07:01,433 [ERROR] LogOutputStream:75 - [STDERR_REDIRECT] 
2026-08-15 13:07:31,432 [ERROR] LogOutputStream:75 - [STDERR_REDIRECT] Aug 15, 2026 1:07:31 PM java.util.prefs.FileSystemPreferences checkLockFile0ErrorCode
2026-08-15 13:07:31,432 [ERROR] LogOutputStream:75 - [STDERR_REDIRECT] WARNING: Could not lock System prefs. Unix error code 2.
2026-08-15 13:07:31,432 [ERROR] LogOutputStream:75 - [STDERR_REDIRECT] 
2026-08-15 13:07:31,433 [ERROR] LogOutputStream:75 - [STDERR_REDIRECT] Aug 15, 2026 1:07:31 PM java.util.prefs.FileSystemPreferences syncWorld
2026-08-15 13:07:31,433 [ERROR] LogOutputStream:75 - [STDERR_REDIRECT] WARNING: Couldn't flush system prefs: java.util.prefs.BackingStoreException: Couldn't get file lock.
2026-08-15 13:07:31,433 [ERROR] LogOutputStream:75 - [STDERR_REDIRECT] 
2026-08-15 13:08:01,432 [ERROR] LogOutputStream:75 - [STDERR_REDIRECT] Aug 15, 2026 1:08:01 PM java.util.prefs.FileSystemPreferences checkLockFile0ErrorCode
2026-08-15 13:08:01,433 [ERROR] LogOutputStream:75 - [STDERR_REDIRECT] WARNING: Could not lock System prefs. Unix error code 2.
2026-08-15 13:08:01,433 [ERROR] LogOutputStream:75 - [STDERR_REDIRECT] 
2026-08-15 13:08:01,433 [ERROR] LogOutputStream:75 - [STDERR_REDIRECT] Aug 15, 2026 1:08:01 PM java.util.prefs.FileSystemPreferences syncWorld
2026-08-15 13:08:01,433 [ERROR] LogOutputStream:75 - [STDERR_REDIRECT] WARNING: Couldn't flush system prefs: java.util.prefs.BackingStoreException: Couldn't get file lock.
2026-08-15 13:08:01,433 [ERROR] LogOutputStream:75 - [STDERR_REDIRECT] 
2026-08-15 13:08:31,433 [ERROR] LogOutputStream:75 - [STDERR_REDIRECT] Aug 15, 2026 1:08:31 PM java.util.prefs.FileSystemPreferences checkLockFile0ErrorCode
2026-08-15 13:08:31,433 [ERROR] LogOutputStream:75 - [STDERR_REDIRECT] WARNING: Could not lock System prefs. Unix error code 2.
2026-08-15 13:08:31,433 [ERROR] LogOutputStream:75 - [STDERR_REDIRECT] 
2026-08-15 13:08:31,433 [ERROR] LogOutputStream:75 - [STDERR_REDIRECT] Aug 15, 2026 1:08:31 PM java.util.prefs.FileSystemPreferences syncWorld
2026-08-15 13:08:31,433 [ERROR] LogOutputStream:75 - [STDERR_REDIRECT] WARNING: Couldn't flush system prefs: java.util.prefs.BackingStoreException: Couldn't get file lock.
2026-08-15 13:08:31,433 [ERROR] LogOutputStream:75 - [STDERR_REDIRECT] 
2026-08-15 13:09:01,440 [ERROR] LogOutputStream:75 - [STDERR_REDIRECT] Aug 15, 2026 1:09:01 PM java.util.prefs.FileSystemPreferences checkLockFile0ErrorCode
2026-08-15 13:09:01,440 [ERROR] LogOutputStream:75 - [STDERR_REDIRECT] WARNING: Could not lock System prefs. Unix error code 2.
2026-08-15 13:09:01,440 [ERROR] LogOutputStream:75 - [STDERR_REDIRECT] 
2026-08-15 13:09:01,440 [ERROR] LogOutputStream:75 - [STDERR_REDIRECT] Aug 15, 2026 1:09:01 PM java.util.prefs.FileSystemPreferences syncWorld
2026-08-15 13:09:01,440 [ERROR] LogOutputStream:75 - [STDERR_REDIRECT] WARNING: Couldn't flush system prefs: java.util.prefs.BackingStoreException: Couldn't get file lock.
2026-08-15 13:09:01,440 [ERROR] LogOutputStream:75 - [STDERR_REDIRECT] 
2026-08-15 13:09:31,434 [ERROR] LogOutputStream:75 - [STDERR_REDIRECT] Aug 15, 2026 1:09:31 PM java.util.prefs.FileSystemPreferences checkLockFile0ErrorCode
2026-08-15 13:09:31,434 [ERROR] LogOutputStream:75 - [STDERR_REDIRECT] WARNING: Could not lock System prefs. Unix error code 2.
2026-08-15 13:09:31,434 [ERROR] LogOutputStream:75 - [STDERR_REDIRECT] 
2026-08-15 13:09:31,435 [ERROR] LogOutputStream:75 - [STDERR_REDIRECT] Aug 15, 2026 1:09:31 PM java.util.prefs.FileSystemPreferences syncWorld
2026-08-15 13:09:31,435 [ERROR] LogOutputStream:75 - [STDERR_REDIRECT] WARNING: Couldn't flush system prefs: java.util.prefs.BackingStoreException: Couldn't get file lock.
2026-08-15 13:09:31,435 [ERROR] LogOutputStream:75 - [STDERR_REDIRECT] 
2026-08-15 13:10:01,433 [ERROR] LogOutputStream:75 - [STDERR_REDIRECT] Aug 15, 2026 1:10:01 PM java.util.prefs.FileSystemPreferences checkLockFile0ErrorCode
2026-08-15 13:10:01,433 [ERROR] LogOutputStream:75 - [STDERR_REDIRECT] WARNING: Could not lock System prefs. Unix error code 2.
2026-08-15 13:10:01,434 [ERROR] LogOutputStream:75 - [STDERR_REDIRECT] 
2026-08-15 13:10:01,434 [ERROR] LogOutputStream:75 - [STDERR_REDIRECT] Aug 15, 2026 1:10:01 PM java.util.prefs.FileSystemPreferences syncWorld
2026-08-15 13:10:01,434 [ERROR] LogOutputStream:75 - [STDERR_REDIRECT] WARNING: Couldn't flush system prefs: java.util.prefs.BackingStoreException: Couldn't get file lock.
2026-08-15 13:10:01,434 [ERROR] LogOutputStream:75 - [STDERR_REDIRECT] 
2026-08-15 13:10:31,433 [ERROR] LogOutputStream:75 - [STDERR_REDIRECT] Aug 15, 2026 1:10:31 PM java.util.prefs.FileSystemPreferences checkLockFile0ErrorCode
2026-08-15 13:10:31,434 [ERROR] LogOutputStream:75 - [STDERR_REDIRECT] WARNING: Could not lock System prefs. Unix error code 2.
2026-08-15 13:10:31,434 [ERROR] LogOutputStream:75 - [STDERR_REDIRECT] 
2026-08-15 13:10:31,434 [ERROR] LogOutputStream:75 - [STDERR_REDIRECT] Aug 15, 2026 1:10:31 PM java.util.prefs.FileSystemPreferences syncWorld
2026-08-15 13:10:31,434 [ERROR] LogOutputStream:75 - [STDERR_REDIRECT] WARNING: Couldn't flush system prefs: java.util.prefs.BackingStoreException: Couldn't get file lock.
2026-08-15 13:10:31,434 [ERROR] LogOutputStream:75 - [STDERR_REDIRECT] 
2026-08-15 13:11:01,433 [ERROR] LogOutputStream:75 - [STDERR_REDIRECT] Aug 15, 2026 1:11:01 PM java.util.prefs.FileSystemPreferences checkLockFile0ErrorCode
2026-08-15 13:11:01,434 [ERROR] LogOutputStream:75 - [STDERR_REDIRECT] WARNING: Could not lock System prefs. Unix error code 2.
2026-08-15 13:11:01,434 [ERROR] LogOutputStream:75 - [STDERR_REDIRECT] 
2026-08-15 13:11:01,434 [ERROR] LogOutputStream:75 - [STDERR_REDIRECT] Aug 15, 2026 1:11:01 PM java.util.prefs.FileSystemPreferences syncWorld
2026-08-15 13:11:01,434 [ERROR] LogOutputStream:75 - [STDERR_REDIRECT] WARNING: Couldn't flush system prefs: java.util.prefs.BackingStoreException: Couldn't get file lock.
2026-08-15 13:11:01,434 [ERROR] LogOutputStream:75 - [STDERR_REDIRECT] 
2026-08-15 13:11:31,433 [ERROR] LogOutputStream:75 - [STDERR_REDIRECT] Aug 15, 2026 1:11:31 PM java.util.prefs.FileSystemPreferences checkLockFile0ErrorCode
2026-08-15 13:11:31,434 [ERROR] LogOutputStream:75 - [STDERR_REDIRECT] WARNING: Could not lock System prefs. Unix error code 2.
2026-08-15 13:11:31,434 [ERROR] LogOutputStream:75 - [STDERR_REDIRECT] 
2026-08-15 13:11:31,434 [ERROR] LogOutputStream:75 - [STDERR_REDIRECT] Aug 15, 2026 1:11:31 PM java.util.prefs.FileSystemPreferences syncWorld
2026-08-15 13:11:31,434 [ERROR] LogOutputStream:75 - [STDERR_REDIRECT] WARNING: Couldn't flush system prefs: java.util.prefs.BackingStoreException: Couldn't get file lock.
2026-08-15 13:11:31,434 [ERROR] LogOutputStream:75 - [STDERR_REDIRECT] 
2026-08-15 13:12:01,434 [ERROR] LogOutputStream:75 - [STDERR_REDIRECT] Aug 15, 2026 1:12:01 PM java.util.prefs.FileSystemPreferences checkLockFile0ErrorCode
2026-08-15 13:12:01,434 [ERROR] LogOutputStream:75 - [STDERR_REDIRECT] WARNING: Could not lock System prefs. Unix error code 2.
2026-08-15 13:12:01,434 [ERROR] LogOutputStream:75 - [STDERR_REDIRECT] 
2026-08-15 13:12:01,434 [ERROR] LogOutputStream:75 - [STDERR_REDIRECT] Aug 15, 2026 1:12:01 PM java.util.prefs.FileSystemPreferences syncWorld
2026-08-15 13:12:01,434 [ERROR] LogOutputStream:75 - [STDERR_REDIRECT] WARNING: Couldn't flush system prefs: java.util.prefs.BackingStoreException: Couldn't get file lock.
2026-08-15 13:12:01,435 [ERROR] LogOutputStream:75 - [STDERR_REDIRECT] 
2026-08-15 13:12:31,433 [ERROR] LogOutputStream:75 - [STDERR_REDIRECT] Aug 15, 2026 1:12:31 PM java.util.prefs.FileSystemPreferences checkLockFile0ErrorCode
2026-08-15 13:12:31,433 [ERROR] LogOutputStream:75 - [STDERR_REDIRECT] WARNING: Could not lock System prefs. Unix error code 2.
2026-08-15 13:12:31,433 [ERROR] LogOutputStream:75 - [STDERR_REDIRECT] 
2026-08-15 13:12:31,434 [ERROR] LogOutputStream:75 - [STDERR_REDIRECT] Aug 15, 2026 1:12:31 PM java.util.prefs.FileSystemPreferences syncWorld
2026-08-15 13:12:31,434 [ERROR] LogOutputStream:75 - [STDERR_REDIRECT] WARNING: Couldn't flush system prefs: java.util.prefs.BackingStoreException: Couldn't get file lock.
2026-08-15 13:12:31,434 [ERROR] LogOutputStream:75 - [STDERR_REDIRECT] 
2026-08-15 13:13:01,434 [ERROR] LogOutputStream:75 - [STDERR_REDIRECT] Aug 15, 2026 1:13:01 PM java.util.prefs.FileSystemPreferences checkLockFile0ErrorCode
2026-08-15 13:13:01,435 [ERROR] LogOutputStream:75 - [STDERR_REDIRECT] WARNING: Could not lock System prefs. Unix error code 2.
2026-08-15 13:13:01,435 [ERROR] LogOutputStream:75 - [STDERR_REDIRECT] 
2026-08-15 13:13:01,435 [ERROR] LogOutputStream:75 - [STDERR_REDIRECT] Aug 15, 2026 1:13:01 PM java.util.prefs.FileSystemPreferences syncWorld
2026-08-15 13:13:01,435 [ERROR] LogOutputStream:75 - [STDERR_REDIRECT] WARNING: Couldn't flush system prefs: java.util.prefs.BackingStoreException: Couldn't get file lock.
2026-08-15 13:13:01,435 [ERROR] LogOutputStream:75 - [STDERR_REDIRECT] 
2026-08-15 13:13:31,435 [ERROR] LogOutputStream:75 - [STDERR_REDIRECT] Aug 15, 2026 1:13:31 PM java.util.prefs.FileSystemPreferences checkLockFile0ErrorCode
2026-08-15 13:13:31,435 [ERROR] LogOutputStream:75 - [STDERR_REDIRECT] WARNING: Could not lock System prefs. Unix error code 2.
2026-08-15 13:13:31,435 [ERROR] LogOutputStream:75 - [STDERR_REDIRECT] 
2026-08-15 13:13:31,436 [ERROR] LogOutputStream:75 - [STDERR_REDIRECT] Aug 15, 2026 1:13:31 PM java.util.prefs.FileSystemPreferences syncWorld
2026-08-15 13:13:31,436 [ERROR] LogOutputStream:75 - [STDERR_REDIRECT] WARNING: Couldn't flush system prefs: java.util.prefs.BackingStoreException: Couldn't get file lock.
2026-08-15 13:13:31,436 [ERROR] LogOutputStream:75 - [STDERR_REDIRECT] 
2026-08-15 13:14:01,433 [ERROR] LogOutputStream:75 - [STDERR_REDIRECT] Aug 15, 2026 1:14:01 PM java.util.prefs.FileSystemPreferences checkLockFile0ErrorCode
2026-08-15 13:14:01,434 [ERROR] LogOutputStream:75 - [STDERR_REDIRECT] WARNING: Could not lock System prefs. Unix error code 2.
2026-08-15 13:14:01,434 [ERROR] LogOutputStream:75 - [STDERR_REDIRECT] 
2026-08-15 13:14:01,434 [ERROR] LogOutputStream:75 - [STDERR_REDIRECT] Aug 15, 2026 1:14:01 PM java.util.prefs.FileSystemPreferences syncWorld
2026-08-15 13:14:01,434 [ERROR] LogOutputStream:75 - [STDERR_REDIRECT] WARNING: Couldn't flush system prefs: java.util.prefs.BackingStoreException: Couldn't get file lock.
2026-08-15 13:14:01,434 [ERROR] LogOutputStream:75 - [STDERR_REDIRECT] 
2026-08-15 13:14:31,435 [ERROR] LogOutputStream:75 - [STDERR_REDIRECT] Aug 15, 2026 1:14:31 PM java.util.prefs.FileSystemPreferences checkLockFile0ErrorCode
2026-08-15 13:14:31,435 [ERROR] LogOutputStream:75 - [STDERR_REDIRECT] WARNING: Could not lock System prefs. Unix error code 2.
2026-08-15 13:14:31,435 [ERROR] LogOutputStream:75 - [STDERR_REDIRECT] 
2026-08-15 13:14:31,436 [ERROR] LogOutputStream:75 - [STDERR_REDIRECT] Aug 15, 2026 1:14:31 PM java.util.prefs.FileSystemPreferences syncWorld
2026-08-15 13:14:31,436 [ERROR] LogOutputStream:75 - [STDERR_REDIRECT] WARNING: Couldn't flush system prefs: java.util.prefs.BackingStoreException: Couldn't get file lock.
2026-08-15 13:14:31,436 [ERROR] LogOutputStream:75 - [STDERR_REDIRECT] 
2026-08-15 13:15:01,433 [ERROR] LogOutputStream:75 - [STDERR_REDIRECT] Aug 15, 2026 1:15:01 PM java.util.prefs.FileSystemPreferences checkLockFile0ErrorCode
2026-08-15 13:15:01,433 [ERROR] LogOutputStream:75 - [STDERR_REDIRECT] WARNING: Could not lock System prefs. Unix error code 2.
2026-08-15 13:15:01,433 [ERROR] LogOutputStream:75 - [STDERR_REDIRECT] 
2026-08-15 13:15:01,433 [ERROR] LogOutputStream:75 - [STDERR_REDIRECT] Aug 15, 2026 1:15:01 PM java.util.prefs.FileSystemPreferences syncWorld
2026-08-15 13:15:01,434 [ERROR] LogOutputStream:75 - [STDERR_REDIRECT] WARNING: Couldn't flush system prefs: java.util.prefs.BackingStoreException: Couldn't get file lock.
2026-08-15 13:15:01,434 [ERROR] LogOutputStream:75 - [STDERR_REDIRECT] 
2026-08-15 13:15:31,447 [ERROR] LogOutputStream:75 - [STDERR_REDIRECT] Aug 15, 2026 1:15:31 PM java.util.prefs.FileSystemPreferences checkLockFile0ErrorCode
2026-08-15 13:15:31,447 [ERROR] LogOutputStream:75 - [STDERR_REDIRECT] WARNING: Could not lock System prefs. Unix error code 2.
2026-08-15 13:15:31,447 [ERROR] LogOutputStream:75 - [STDERR_REDIRECT] 
2026-08-15 13:15:31,447 [ERROR] LogOutputStream:75 - [STDERR_REDIRECT] Aug 15, 2026 1:15:31 PM java.util.prefs.FileSystemPreferences syncWorld
2026-08-15 13:15:31,447 [ERROR] LogOutputStream:75 - [STDERR_REDIRECT] WARNING: Couldn't flush system prefs: java.util.prefs.BackingStoreException: Couldn't get file lock.
2026-08-15 13:15:31,447 [ERROR] LogOutputStream:75 - [STDERR_REDIRECT] 
2026-08-15 13:16:01,436 [ERROR] LogOutputStream:75 - [STDERR_REDIRECT] Aug 15, 2026 1:16:01 PM java.util.prefs.FileSystemPreferences checkLockFile0ErrorCode
2026-08-15 13:16:01,436 [ERROR] LogOutputStream:75 - [STDERR_REDIRECT] WARNING: Could not lock System prefs. Unix error code 2.
2026-08-15 13:16:01,436 [ERROR] LogOutputStream:75 - [STDERR_REDIRECT] 
2026-08-15 13:16:01,436 [ERROR] LogOutputStream:75 - [STDERR_REDIRECT] Aug 15, 2026 1:16:01 PM java.util.prefs.FileSystemPreferences syncWorld
2026-08-15 13:16:01,436 [ERROR] LogOutputStream:75 - [STDERR_REDIRECT] WARNING: Couldn't flush system prefs: java.util.prefs.BackingStoreException: Couldn't get file lock.
2026-08-15 13:16:01,436 [ERROR] LogOutputStream:75 - [STDERR_REDIRECT] 
2026-08-15 13:16:31,435 [ERROR] LogOutputStream:75 - [STDERR_REDIRECT] Aug 15, 2026 1:16:31 PM java.util.prefs.FileSystemPreferences checkLockFile0ErrorCode
2026-08-15 13:16:31,435 [ERROR] LogOutputStream:75 - [STDERR_REDIRECT] WARNING: Could not lock System prefs. Unix error code 2.
2026-08-15 13:16:31,436 [ERROR] LogOutputStream:75 - [STDERR_REDIRECT] 
2026-08-15 13:16:31,436 [ERROR] LogOutputStream:75 - [STDERR_REDIRECT] Aug 15, 2026 1:16:31 PM java.util.prefs.FileSystemPreferences syncWorld
2026-08-15 13:16:31,436 [ERROR] LogOutputStream:75 - [STDERR_REDIRECT] WARNING: Couldn't flush system prefs: java.util.prefs.BackingStoreException: Couldn't get file lock.
2026-08-15 13:16:31,436 [ERROR] LogOutputStream:75 - [STDERR_REDIRECT] 
2026-08-15 13:17:01,436 [ERROR] LogOutputStream:75 - [STDERR_REDIRECT] Aug 15, 2026 1:17:01 PM java.util.prefs.FileSystemPreferences checkLockFile0ErrorCode
2026-08-15 13:17:01,436 [ERROR] LogOutputStream:75 - [STDERR_REDIRECT] WARNING: Could not lock System prefs. Unix error code 2.
2026-08-15 13:17:01,436 [ERROR] LogOutputStream:75 - [STDERR_REDIRECT] 
2026-08-15 13:17:01,437 [ERROR] LogOutputStream:75 - [STDERR_REDIRECT] Aug 15, 2026 1:17:01 PM java.util.prefs.FileSystemPreferences syncWorld
2026-08-15 13:17:01,437 [ERROR] LogOutputStream:75 - [STDERR_REDIRECT] WARNING: Couldn't flush system prefs: java.util.prefs.BackingStoreException: Couldn't get file lock.
2026-08-15 13:17:01,437 [ERROR] LogOutputStream:75 - [STDERR_REDIRECT] 
2026-08-15 13:17:31,436 [ERROR] LogOutputStream:75 - [STDERR_REDIRECT] Aug 15, 2026 1:17:31 PM java.util.prefs.FileSystemPreferences checkLockFile0ErrorCode
2026-08-15 13:17:31,436 [ERROR] LogOutputStream:75 - [STDERR_REDIRECT] WARNING: Could not lock System prefs. Unix error code 2.
2026-08-15 13:17:31,436 [ERROR] LogOutputStream:75 - [STDERR_REDIRECT] 
2026-08-15 13:17:31,436 [ERROR] LogOutputStream:75 - [STDERR_REDIRECT] Aug 15, 2026 1:17:31 PM java.util.prefs.FileSystemPreferences syncWorld
2026-08-15 13:17:31,436 [ERROR] LogOutputStream:75 - [STDERR_REDIRECT] WARNING: Couldn't flush system prefs: java.util.prefs.BackingStoreException: Couldn't get file lock.
2026-08-15 13:17:31,437 [ERROR] LogOutputStream:75 - [STDERR_REDIRECT] 
2026-08-15 13:18:01,435 [ERROR] LogOutputStream:75 - [STDERR_REDIRECT] Aug 15, 2026 1:18:01 PM java.util.prefs.FileSystemPreferences checkLockFile0ErrorCode
2026-08-15 13:18:01,435 [ERROR] LogOutputStream:75 - [STDERR_REDIRECT] WARNING: Could not lock System prefs. Unix error code 2.
2026-08-15 13:18:01,435 [ERROR] LogOutputStream:75 - [STDERR_REDIRECT] 
2026-08-15 13:18:01,435 [ERROR] LogOutputStream:75 - [STDERR_REDIRECT] Aug 15, 2026 1:18:01 PM java.util.prefs.FileSystemPreferences syncWorld
2026-08-15 13:18:01,435 [ERROR] LogOutputStream:75 - [STDERR_REDIRECT] WARNING: Couldn't flush system prefs: java.util.prefs.BackingStoreException: Couldn't get file lock.
2026-08-15 13:18:01,435 [ERROR] LogOutputStream:75 - [STDERR_REDIRECT] 
2026-08-15 13:18:31,436 [ERROR] LogOutputStream:75 - [STDERR_REDIRECT] Aug 15, 2026 1:18:31 PM java.util.prefs.FileSystemPreferences checkLockFile0ErrorCode
2026-08-15 13:18:31,436 [ERROR] LogOutputStream:75 - [STDERR_REDIRECT] WARNING: Could not lock System prefs. Unix error code 2.
2026-08-15 13:18:31,436 [ERROR] LogOutputStream:75 - [STDERR_REDIRECT] 
2026-08-15 13:18:31,436 [ERROR] LogOutputStream:75 - [STDERR_REDIRECT] Aug 15, 2026 1:18:31 PM java.util.prefs.FileSystemPreferences syncWorld
2026-08-15 13:18:31,436 [ERROR] LogOutputStream:75 - [STDERR_REDIRECT] WARNING: Couldn't flush system prefs: java.util.prefs.BackingStoreException: Couldn't get file lock.
2026-08-15 13:18:31,436 [ERROR] LogOutputStream:75 - [STDERR_REDIRECT] 
2026-08-15 13:19:01,435 [ERROR] LogOutputStream:75 - [STDERR_REDIRECT] Aug 15, 2026 1:19:01 PM java.util.prefs.FileSystemPreferences checkLockFile0ErrorCode
2026-08-15 13:19:01,435 [ERROR] LogOutputStream:75 - [STDERR_REDIRECT] WARNING: Could not lock System prefs. Unix error code 2.
2026-08-15 13:19:01,435 [ERROR] LogOutputStream:75 - [STDERR_REDIRECT] 
2026-08-15 13:19:01,436 [ERROR] LogOutputStream:75 - [STDERR_REDIRECT] Aug 15, 2026 1:19:01 PM java.util.prefs.FileSystemPreferences syncWorld
2026-08-15 13:19:01,436 [ERROR] LogOutputStream:75 - [STDERR_REDIRECT] WARNING: Couldn't flush system prefs: java.util.prefs.BackingStoreException: Couldn't get file lock.
2026-08-15 13:19:01,436 [ERROR] LogOutputStream:75 - [STDERR_REDIRECT] 
2026-08-15 13:19:31,435 [ERROR] LogOutputStream:75 - [STDERR_REDIRECT] Aug 15, 2026 1:19:31 PM java.util.prefs.FileSystemPreferences checkLockFile0ErrorCode
2026-08-15 13:19:31,435 [ERROR] LogOutputStream:75 - [STDERR_REDIRECT] WARNING: Could not lock System prefs. Unix error code 2.
2026-08-15 13:19:31,435 [ERROR] LogOutputStream:75 - [STDERR_REDIRECT] 
2026-08-15 13:19:31,436 [ERROR] LogOutputStream:75 - [STDERR_REDIRECT] Aug 15, 2026 1:19:31 PM java.util.prefs.FileSystemPreferences syncWorld
2026-08-15 13:19:31,436 [ERROR] LogOutputStream:75 - [STDERR_REDIRECT] WARNING: Couldn't flush system prefs: java.util.prefs.BackingStoreException: Couldn't get file lock.
2026-08-15 13:19:31,436 [ERROR] LogOutputStream:75 - [STDERR_REDIRECT] 
2026-08-15 13:20:01,435 [ERROR] LogOutputStream:75 - [STDERR_REDIRECT] Aug 15, 2026 1:20:01 PM java.util.prefs.FileSystemPreferences checkLockFile0ErrorCode
2026-08-15 13:20:01,435 [ERROR] LogOutputStream:75 - [STDERR_REDIRECT] WARNING: Could not lock System prefs. Unix error code 2.
2026-08-15 13:20:01,436 [ERROR] LogOutputStream:75 - [STDERR_REDIRECT] 
2026-08-15 13:20:01,436 [ERROR] LogOutputStream:75 - [STDERR_REDIRECT] Aug 15, 2026 1:20:01 PM java.util.prefs.FileSystemPreferences syncWorld
2026-08-15 13:20:01,436 [ERROR] LogOutputStream:75 - [STDERR_REDIRECT] WARNING: Couldn't flush system prefs: java.util.prefs.BackingStoreException: Couldn't get file lock.
2026-08-15 13:20:01,436 [ERROR] LogOutputStream:75 - [STDERR_REDIRECT] 
2026-08-15 13:20:31,435 [ERROR] LogOutputStream:75 - [STDERR_REDIRECT] Aug 15, 2026 1:20:31 PM java.util.prefs.FileSystemPreferences checkLockFile0ErrorCode
2026-08-15 13:20:31,435 [ERROR] LogOutputStream:75 - [STDERR_REDIRECT] WARNING: Could not lock System prefs. Unix error code 2.
2026-08-15 13:20:31,436 [ERROR] LogOutputStream:75 - [STDERR_REDIRECT] 
2026-08-15 13:20:31,436 [ERROR] LogOutputStream:75 - [STDERR_REDIRECT] Aug 15, 2026 1:20:31 PM java.util.prefs.FileSystemPreferences syncWorld
2026-08-15 13:20:31,436 [ERROR] LogOutputStream:75 - [STDERR_REDIRECT] WARNING: Couldn't flush system prefs: java.util.prefs.BackingStoreException: Couldn't get file lock.
2026-08-15 13:20:31,436 [ERROR] LogOutputStream:75 - [STDERR_REDIRECT] 
2026-08-15 13:21:01,435 [ERROR] LogOutputStream:75 - [STDERR_REDIRECT] Aug 15, 2026 1:21:01 PM java.util.prefs.FileSystemPreferences checkLockFile0ErrorCode
2026-08-15 13:21:01,436 [ERROR] LogOutputStream:75 - [STDERR_REDIRECT] WARNING: Could not lock System prefs. Unix error code 2.
2026-08-15 13:21:01,436 [ERROR] LogOutputStream:75 - [STDERR_REDIRECT] 
2026-08-15 13:21:01,436 [ERROR] LogOutputStream:75 - [STDERR_REDIRECT] Aug 15, 2026 1:21:01 PM java.util.prefs.FileSystemPreferences syncWorld
2026-08-15 13:21:01,436 [ERROR] LogOutputStream:75 - [STDERR_REDIRECT] WARNING: Couldn't flush system prefs: java.util.prefs.BackingStoreException: Couldn't get file lock.
2026-08-15 13:21:01,436 [ERROR] LogOutputStream:75 - [STDERR_REDIRECT] 
2026-08-15 13:21:31,435 [ERROR] LogOutputStream:75 - [STDERR_REDIRECT] Aug 15, 2026 1:21:31 PM java.util.prefs.FileSystemPreferences checkLockFile0ErrorCode
2026-08-15 13:21:31,435 [ERROR] LogOutputStream:75 - [STDERR_REDIRECT] WARNING: Could not lock System prefs. Unix error code 2.
2026-08-15 13:21:31,435 [ERROR] LogOutputStream:75 - [STDERR_REDIRECT] 
2026-08-15 13:21:31,436 [ERROR] LogOutputStream:75 - [STDERR_REDIRECT] Aug 15, 2026 1:21:31 PM java.util.prefs.FileSystemPreferences syncWorld
2026-08-15 13:21:31,436 [ERROR] LogOutputStream:75 - [STDERR_REDIRECT] WARNING: Couldn't flush system prefs: java.util.prefs.BackingStoreException: Couldn't get file lock.
2026-08-15 13:21:31,436 [ERROR] LogOutputStream:75 - [STDERR_REDIRECT] 
2026-08-15 13:22:01,435 [ERROR] LogOutputStream:75 - [STDERR_REDIRECT] Aug 15, 2026 1:22:01 PM java.util.prefs.FileSystemPreferences checkLockFile0ErrorCode
2026-08-15 13:22:01,435 [ERROR] LogOutputStream:75 - [STDERR_REDIRECT] WARNING: Could not lock System prefs. Unix error code 2.
2026-08-15 13:22:01,435 [ERROR] LogOutputStream:75 - [STDERR_REDIRECT] 
2026-08-15 13:22:01,435 [ERROR] LogOutputStream:75 - [STDERR_REDIRECT] Aug 15, 2026 1:22:01 PM java.util.prefs.FileSystemPreferences syncWorld
2026-08-15 13:22:01,436 [ERROR] LogOutputStream:75 - [STDERR_REDIRECT] WARNING: Couldn't flush system prefs: java.util.prefs.BackingStoreException: Couldn't get file lock.
2026-08-15 13:22:01,436 [ERROR] LogOutputStream:75 - [STDERR_REDIRECT] 
2026-08-15 13:22:31,435 [ERROR] LogOutputStream:75 - [STDERR_REDIRECT] Aug 15, 2026 1:22:31 PM java.util.prefs.FileSystemPreferences checkLockFile0ErrorCode
2026-08-15 13:22:31,435 [ERROR] LogOutputStream:75 - [STDERR_REDIRECT] WARNING: Could not lock System prefs. Unix error code 2.
2026-08-15 13:22:31,435 [ERROR] LogOutputStream:75 - [STDERR_REDIRECT] 
2026-08-15 13:22:31,435 [ERROR] LogOutputStream:75 - [STDERR_REDIRECT] Aug 15, 2026 1:22:31 PM java.util.prefs.FileSystemPreferences syncWorld
2026-08-15 13:22:31,435 [ERROR] LogOutputStream:75 - [STDERR_REDIRECT] WARNING: Couldn't flush system prefs: java.util.prefs.BackingStoreException: Couldn't get file lock.
2026-08-15 13:22:31,436 [ERROR] LogOutputStream:75 - [STDERR_REDIRECT] 
2026-08-15 13:23:01,435 [ERROR] LogOutputStream:75 - [STDERR_REDIRECT] Aug 15, 2026 1:23:01 PM java.util.prefs.FileSystemPreferences checkLockFile0ErrorCode
2026-08-15 13:23:01,435 [ERROR] LogOutputStream:75 - [STDERR_REDIRECT] WARNING: Could not lock System prefs. Unix error code 2.
2026-08-15 13:23:01,435 [ERROR] LogOutputStream:75 - [STDERR_REDIRECT] 
2026-08-15 13:23:01,435 [ERROR] LogOutputStream:75 - [STDERR_REDIRECT] Aug 15, 2026 1:23:01 PM java.util.prefs.FileSystemPreferences syncWorld
2026-08-15 13:23:01,435 [ERROR] LogOutputStream:75 - [STDERR_REDIRECT] WARNING: Couldn't flush system prefs: java.util.prefs.BackingStoreException: Couldn't get file lock.
2026-08-15 13:23:01,435 [ERROR] LogOutputStream:75 - [STDERR_REDIRECT] 
2026-08-15 13:23:31,436 [ERROR] LogOutputStream:75 - [STDERR_REDIRECT] Aug 15, 2026 1:23:31 PM java.util.prefs.FileSystemPreferences checkLockFile0ErrorCode
2026-08-15 13:23:31,436 [ERROR] LogOutputStream:75 - [STDERR_REDIRECT] WARNING: Could not lock System prefs. Unix error code 2.
2026-08-15 13:23:31,436 [ERROR] LogOutputStream:75 - [STDERR_REDIRECT] 
2026-08-15 13:23:31,436 [ERROR] LogOutputStream:75 - [STDERR_REDIRECT] Aug 15, 2026 1:23:31 PM java.util.prefs.FileSystemPreferences syncWorld
2026-08-15 13:23:31,436 [ERROR] LogOutputStream:75 - [STDERR_REDIRECT] WARNING: Couldn't flush system prefs: java.util.prefs.BackingStoreException: Couldn't get file lock.
2026-08-15 13:23:31,436 [ERROR] LogOutputStream:75 - [STDERR_REDIRECT] 
2026-08-15 13:24:01,437 [ERROR] LogOutputStream:75 - [STDERR_REDIRECT] Aug 15, 2026 1:24:01 PM java.util.prefs.FileSystemPreferences checkLockFile0ErrorCode
2026-08-15 13:24:01,437 [ERROR] LogOutputStream:75 - [STDERR_REDIRECT] WARNING: Could not lock System prefs. Unix error code 2.
2026-08-15 13:24:01,437 [ERROR] LogOutputStream:75 - [STDERR_REDIRECT] 
2026-08-15 13:24:01,437 [ERROR] LogOutputStream:75 - [STDERR_REDIRECT] Aug 15, 2026 1:24:01 PM java.util.prefs.FileSystemPreferences syncWorld
2026-08-15 13:24:01,437 [ERROR] LogOutputStream:75 - [STDERR_REDIRECT] WARNING: Couldn't flush system prefs: java.util.prefs.BackingStoreException: Couldn't get file lock.
2026-08-15 13:24:01,437 [ERROR] LogOutputStream:75 - [STDERR_REDIRECT] 
2026-08-15 13:24:22,330 [INFO] McuFinderGlobals:63 - Set McuFinder mode to 2 (CubeIDE integrated)
2026-08-15 13:24:22,332 [INFO] MainUpdater:2872 - connection check result : 10
2026-08-15 13:24:22,333 [INFO] MainUpdater:2872 - connection check result : 10
2026-08-15 13:24:22,353 [INFO] MicroXplorer:468 - Change Database Path : 
2026-08-15 13:24:22,353 [INFO] MicroXplorer:498 - Change Database Version : DB.6.0.140
2026-08-15 13:24:22,359 [WARN] ThirdParty:871 - waiting for thirdparty lock release [close project]
2026-08-15 13:24:22,359 [INFO] ThirdParty:873 - entering critical section [close project]
2026-08-15 13:24:22,361 [INFO] ThirdParty:883 - exiting critical section [close project]
2026-08-15 13:24:22,363 [INFO] PinOutPanel:1589 - setPackage(No Configuration,No Configuration)
2026-08-15 13:24:22,367 [INFO] UtilMem:75 - Begin LoadConfig() Used Memory: 497335784 Bytes (681574400)
2026-08-15 13:24:22,368 [INFO] MicroXplorer:468 - Change Database Path : 
2026-08-15 13:24:22,368 [INFO] MicroXplorer:498 - Change Database Version : DB.6.0.140
2026-08-15 13:24:22,368 [INFO] OpenFileManager:354 - Change cursor
2026-08-15 13:24:22,396 [INFO] Mcu:2011 - Initializing MCU STM32F411C(C-E)Ux STM32F411CEUx STM32F411CEU6
2026-08-15 13:24:23,085 [INFO] Context:756 - Trying to add GPIOservice into a context  which must be forbidden
2026-08-15 13:24:23,353 [INFO] ImportTextPane:218 - (OptionalMessage_ERROR) Pin22 (VP_RIF_VS_RIF1) cannot be retrieved for this MCU
2026-08-15 13:24:23,415 [INFO] RtosManager:558 - Registered RTOS mode: class=CMSIS, group=RTOS, mode=CMSIS_V1, owner=FREERTOS
2026-08-15 13:24:23,416 [INFO] RtosManager:558 - Registered RTOS mode: class=CMSIS, group=RTOS2, mode=CMSIS_V2, owner=FREERTOS
2026-08-15 13:24:23,416 [INFO] RtosManager:558 - Registered RTOS mode: class=RTOS, group=Core, mode=CMSIS_V1, owner=FREERTOS
2026-08-15 13:24:23,416 [INFO] RtosManager:558 - Registered RTOS mode: class=RTOS, group=Core, mode=CMSIS_V2, owner=FREERTOS
2026-08-15 13:24:23,416 [WARN] ModelIntegratedComponent:184 - Missing modes for component STMicroelectronics:FreeRTOS:0.0.1:STMicroelectronics:RTOS:FreeRTOS:Core:::10.2.0:
2026-08-15 13:24:23,456 [WARN] ModelIntegratedComponent:182 - Modes not found for component STMicroelectronics:USB_HOST:1.0.0:STMicroelectronics:USB::USB Host:Audio HS::1.0:USB_HOST_1_0_RESTRICTED_HS
2026-08-15 13:24:23,456 [WARN] ModelIntegratedComponent:188 - Modes not found for component STMicroelectronics:USB_HOST:1.0.0:STMicroelectronics:USB::USB Host:Audio HS::1.0:USB_HOST_1_0_RESTRICTED_HS
2026-08-15 13:24:23,456 [WARN] ModelIntegratedComponent:182 - Modes not found for component STMicroelectronics:USB_HOST:1.0.0:STMicroelectronics:USB::USB Host:CDC HS::1.0:USB_HOST_1_0_RESTRICTED_HS
2026-08-15 13:24:23,456 [WARN] ModelIntegratedComponent:188 - Modes not found for component STMicroelectronics:USB_HOST:1.0.0:STMicroelectronics:USB::USB Host:CDC HS::1.0:USB_HOST_1_0_RESTRICTED_HS
2026-08-15 13:24:23,456 [WARN] ModelIntegratedComponent:182 - Modes not found for component STMicroelectronics:USB_HOST:1.0.0:STMicroelectronics:USB::USB Host:MSC HS::1.0:USB_HOST_1_0_RESTRICTED_HS
2026-08-15 13:24:23,456 [WARN] ModelIntegratedComponent:188 - Modes not found for component STMicroelectronics:USB_HOST:1.0.0:STMicroelectronics:USB::USB Host:MSC HS::1.0:USB_HOST_1_0_RESTRICTED_HS
2026-08-15 13:24:23,456 [WARN] ModelIntegratedComponent:182 - Modes not found for component STMicroelectronics:USB_HOST:1.0.0:STMicroelectronics:USB::USB Host:HID HS::1.0:USB_HOST_1_0_RESTRICTED_HS
2026-08-15 13:24:23,456 [WARN] ModelIntegratedComponent:188 - Modes not found for component STMicroelectronics:USB_HOST:1.0.0:STMicroelectronics:USB::USB Host:HID HS::1.0:USB_HOST_1_0_RESTRICTED_HS
2026-08-15 13:24:23,456 [WARN] ModelIntegratedComponent:182 - Modes not found for component STMicroelectronics:USB_HOST:1.0.0:STMicroelectronics:USB::USB Host:MTP HS::1.0:USB_HOST_1_0_RESTRICTED_HS
2026-08-15 13:24:23,456 [WARN] ModelIntegratedComponent:188 - Modes not found for component STMicroelectronics:USB_HOST:1.0.0:STMicroelectronics:USB::USB Host:MTP HS::1.0:USB_HOST_1_0_RESTRICTED_HS
2026-08-15 13:24:23,459 [WARN] ModelIntegratedComponent:63 - No mode defined for component null
2026-08-15 13:24:23,459 [WARN] ModelIntegratedComponent:63 - No mode defined for component null
2026-08-15 13:24:23,459 [WARN] ModelIntegratedComponent:63 - No mode defined for component null
2026-08-15 13:24:23,459 [WARN] ModelIntegratedComponent:63 - No mode defined for component null
2026-08-15 13:24:23,459 [WARN] ModelIntegratedComponent:63 - No mode defined for component null
2026-08-15 13:24:23,459 [WARN] ModelIntegratedComponent:63 - No mode defined for component null
2026-08-15 13:24:23,460 [WARN] ModelIntegratedComponent:63 - No mode defined for component null
2026-08-15 13:24:23,460 [WARN] ModelIntegratedComponent:63 - No mode defined for component null
2026-08-15 13:24:23,460 [WARN] ModelIntegratedComponent:63 - No mode defined for component null
2026-08-15 13:24:23,460 [WARN] ModelIntegratedComponent:63 - No mode defined for component null
2026-08-15 13:24:23,460 [WARN] ModelIntegratedComponent:63 - No mode defined for component null
2026-08-15 13:24:23,460 [WARN] ModelIntegratedComponent:63 - No mode defined for component null
2026-08-15 13:24:23,460 [WARN] ModelIntegratedComponent:63 - No mode defined for component null
2026-08-15 13:24:23,460 [WARN] ModelIntegratedComponent:63 - No mode defined for component null
2026-08-15 13:24:23,460 [WARN] ModelIntegratedComponent:63 - No mode defined for component null
2026-08-15 13:24:23,460 [WARN] ModelIntegratedComponent:63 - No mode defined for component null
2026-08-15 13:24:23,460 [WARN] ModelIntegratedComponent:63 - No mode defined for component null
2026-08-15 13:24:23,460 [WARN] ModelIntegratedComponent:63 - No mode defined for component null
2026-08-15 13:24:23,460 [WARN] ModelIntegratedComponent:63 - No mode defined for component null
2026-08-15 13:24:23,460 [WARN] ModelIntegratedComponent:63 - No mode defined for component null
2026-08-15 13:24:23,460 [WARN] ModelIntegratedComponent:63 - No mode defined for component null
2026-08-15 13:24:23,460 [WARN] ModelIntegratedComponent:63 - No mode defined for component null
2026-08-15 13:24:23,460 [WARN] ModelIntegratedComponent:63 - No mode defined for component null
2026-08-15 13:24:23,460 [WARN] ModelIntegratedComponent:63 - No mode defined for component null
2026-08-15 13:24:23,460 [WARN] ModelIntegratedComponent:63 - No mode defined for component null
2026-08-15 13:24:23,460 [WARN] ModelIntegratedComponent:63 - No mode defined for component null
2026-08-15 13:24:23,460 [WARN] ModelIntegratedComponent:63 - No mode defined for component null
2026-08-15 13:24:23,460 [WARN] ModelIntegratedComponent:63 - No mode defined for component null
2026-08-15 13:24:23,460 [WARN] ModelIntegratedComponent:63 - No mode defined for component null
2026-08-15 13:24:23,460 [WARN] ModelIntegratedComponent:63 - No mode defined for component null
2026-08-15 13:24:23,460 [WARN] ModelIntegratedComponent:63 - No mode defined for component null
2026-08-15 13:24:23,460 [WARN] ModelIntegratedComponent:63 - No mode defined for component null
2026-08-15 13:24:23,460 [WARN] ModelIntegratedComponent:63 - No mode defined for component null
2026-08-15 13:24:23,460 [WARN] ModelIntegratedComponent:63 - No mode defined for component null
2026-08-15 13:24:23,460 [WARN] ModelIntegratedComponent:63 - No mode defined for component null
2026-08-15 13:24:23,461 [WARN] ModelPack:524 - Component already loaded: STMicroelectronics:HAL Drivers:0.0.0:STMicroelectronics:Device:STMicro_Driver:XSPI:HAL::0.0.1:HAL_XSPI
2026-08-15 13:24:23,500 [WARN] ModelIntegratedComponent:182 - Modes not found for component STMicroelectronics:USB_DEVICE:1.0.0:STMicroelectronics:USB::USB Device:Audio HS::1.0:USB_DEVICE_1_0_RESTRICTED_HS
2026-08-15 13:24:23,501 [WARN] ModelIntegratedComponent:188 - Modes not found for component STMicroelectronics:USB_DEVICE:1.0.0:STMicroelectronics:USB::USB Device:Audio HS::1.0:USB_DEVICE_1_0_RESTRICTED_HS
2026-08-15 13:24:23,501 [WARN] ModelIntegratedComponent:182 - Modes not found for component STMicroelectronics:USB_DEVICE:1.0.0:STMicroelectronics:USB::USB Device:CDC HS::1.0:USB_DEVICE_1_0_RESTRICTED_HS
2026-08-15 13:24:23,501 [WARN] ModelIntegratedComponent:188 - Modes not found for component STMicroelectronics:USB_DEVICE:1.0.0:STMicroelectronics:USB::USB Device:CDC HS::1.0:USB_DEVICE_1_0_RESTRICTED_HS
2026-08-15 13:24:23,501 [WARN] ModelIntegratedComponent:182 - Modes not found for component STMicroelectronics:USB_DEVICE:1.0.0:STMicroelectronics:USB::USB Device:DFU HS::1.0:USB_DEVICE_1_0_RESTRICTED_HS
2026-08-15 13:24:23,501 [WARN] ModelIntegratedComponent:188 - Modes not found for component STMicroelectronics:USB_DEVICE:1.0.0:STMicroelectronics:USB::USB Device:DFU HS::1.0:USB_DEVICE_1_0_RESTRICTED_HS
2026-08-15 13:24:23,501 [WARN] ModelIntegratedComponent:182 - Modes not found for component STMicroelectronics:USB_DEVICE:1.0.0:STMicroelectronics:USB::USB Device:HID HS::1.0:USB_DEVICE_1_0_RESTRICTED_HS
2026-08-15 13:24:23,501 [WARN] ModelIntegratedComponent:188 - Modes not found for component STMicroelectronics:USB_DEVICE:1.0.0:STMicroelectronics:USB::USB Device:HID HS::1.0:USB_DEVICE_1_0_RESTRICTED_HS
2026-08-15 13:24:23,501 [WARN] ModelIntegratedComponent:182 - Modes not found for component STMicroelectronics:USB_DEVICE:1.0.0:STMicroelectronics:USB::USB Device:Custom HID HS::1.0:USB_DEVICE_1_0_RESTRICTED_HS
2026-08-15 13:24:23,501 [WARN] ModelIntegratedComponent:188 - Modes not found for component STMicroelectronics:USB_DEVICE:1.0.0:STMicroelectronics:USB::USB Device:Custom HID HS::1.0:USB_DEVICE_1_0_RESTRICTED_HS
2026-08-15 13:24:23,501 [WARN] ModelIntegratedComponent:182 - Modes not found for component STMicroelectronics:USB_DEVICE:1.0.0:STMicroelectronics:USB::USB Device:MSC HS::1.0:USB_DEVICE_1_0_RESTRICTED_HS
2026-08-15 13:24:23,501 [WARN] ModelIntegratedComponent:188 - Modes not found for component STMicroelectronics:USB_DEVICE:1.0.0:STMicroelectronics:USB::USB Device:MSC HS::1.0:USB_DEVICE_1_0_RESTRICTED_HS
2026-08-15 13:24:23,517 [INFO] ThirdPartyModel:298 - Start build external matchings
2026-08-15 13:24:23,755 [INFO] ThirdPartyModel:316 - End build external matchings
2026-08-15 13:24:23,772 [INFO] ImportTextPane:218 - (OptionalMessage_ERROR) IP (DMA) : Parameter (Instance) has Id (SPI1_RX) currently not set
2026-08-15 13:24:23,772 [INFO] ImportTextPane:218 - (OptionalMessage_ERROR) IP (DMA) : Parameter (Channel) has Id (SPI1_RX) currently not set
2026-08-15 13:24:23,772 [INFO] ImportTextPane:218 - (OptionalMessage_ERROR) IP (DMA) : Parameter (Direction) has Id (SPI1_RX) currently not set
2026-08-15 13:24:23,772 [INFO] ImportTextPane:218 - (OptionalMessage_ERROR) IP (DMA) : Parameter (PeriphInc) has Id (SPI1_RX) currently not set
2026-08-15 13:24:23,772 [INFO] ImportTextPane:218 - (OptionalMessage_ERROR) IP (DMA) : Parameter (MemInc) has Id (SPI1_RX) currently not set
2026-08-15 13:24:23,773 [INFO] ImportTextPane:218 - (OptionalMessage_ERROR) IP (DMA) : Parameter (PeriphDataAlignment) has Id (SPI1_RX) currently not set
2026-08-15 13:24:23,773 [INFO] ImportTextPane:218 - (OptionalMessage_ERROR) IP (DMA) : Parameter (MemDataAlignment) has Id (SPI1_RX) currently not set
2026-08-15 13:24:23,773 [INFO] ImportTextPane:218 - (OptionalMessage_ERROR) IP (DMA) : Parameter (Mode) has Id (SPI1_RX) currently not set
2026-08-15 13:24:23,773 [INFO] ImportTextPane:218 - (OptionalMessage_ERROR) IP (DMA) : Parameter (Priority) has Id (SPI1_RX) currently not set
2026-08-15 13:24:23,773 [INFO] ImportTextPane:218 - (OptionalMessage_ERROR) IP (DMA) : Parameter (FIFOMode) has Id (SPI1_RX) currently not set
2026-08-15 13:24:23,775 [INFO] ImportTextPane:218 - (OptionalMessage_ERROR) IP (RCC) : Parameter (RTCHSEDivFreq_Value) has invalid value (12500000)
2026-08-15 13:24:23,945 [INFO] ApiDb:581 - Connected to CubeFinder SQLite database (/home/thuy/.stmcufinder/plugins/mcufinder/mcu/cube-finder-db.db)
2026-08-15 13:24:23,986 [INFO] ApiDb:668 - CubeFinder database Data Model version=2.1
2026-08-15 13:24:23,987 [INFO] ApiDb:669 - CubeFinder database Configuration version=3.0.42
2026-08-15 13:24:23,987 [INFO] ApiDb:670 - CubeFinder database generation date=2026-06-23 (1782213372)
2026-08-15 13:24:23,987 [INFO] ApiDb:671 - CubeFinder database FW Pack versions=[FP-ATR-ASTRA1_V2.0.0, FP-SNS-FLIGHT1_V5.1.0, FP-SNS-MOTENV1_V5.1.0, FP-SNS-MOTENVWB1_V1.5.0, FP-SNS-SMARTAG2_V1.2.0, FP-SNS-STBOX1_V2.1.0, STM32Cube_FW_C0_V1.4.0, STM32Cube_FW_F4_V1.28.3, STM32Cube_FW_F7_V1.17.4, STM32Cube_FW_G0_V1.6.3, STM32Cube_FW_G4_V1.6.2, STM32Cube_FW_H5_V1.7.0, STM32Cube_FW_H7RS_V1.3.0, STM32Cube_FW_H7_V1.13.0, STM32Cube_FW_L0_V1.12.2, STM32Cube_FW_L4_V1.18.2, STM32Cube_FW_L5_V1.6.0, STM32Cube_FW_N6_V1.4.0, STM32Cube_FW_U0_V1.3.0, STM32Cube_FW_U3_V1.4.0, STM32Cube_FW_U5_V1.9.0, STM32Cube_FW_WB0_V1.5.0, STM32Cube_FW_WBA_V1.10.0, STM32Cube_FW_WB_V1.24.0, STM32Cube_FW_WL3_V1.5.0, STM32Cube_FW_WL_V1.6.0, X-CUBE-ALGOBUILD_V1.5.0, X-CUBE-ALS_V1.0.2, X-CUBE-AZRTOS-F4_V1.1.0, X-CUBE-AZRTOS-F7_V1.1.0, X-CUBE-AZRTOS-G0_V1.1.0, X-CUBE-AZRTOS-G4_V2.0.0, X-CUBE-AZRTOS-H7RS_V1.1.0, X-CUBE-AZRTOS-H7_V3.5.0, X-CUBE-AZRTOS-L4_V2.0.0, X-CUBE-AZRTOS-L5_V2.0.0, X-CUBE-AZRTOS-WB_V2.0.0, X-CUBE-AZRTOS-WL_V2.0.0, X-CUBE-BLE1_V7.1.0, X-CUBE-BLE2_V3.3.0, X-CUBE-BLEMGR_V4.1.0, X-CUBE-EEPRMA1_V5.2.0, X-CUBE-FREERTOS_V1.5.0, X-CUBE-GNSS1_V7.1.1, X-CUBE-MEMS1_V12.1.0, X-CUBE-NFC4_V3.0.0, X-CUBE-NFC7_V2.0.0, X-CUBE-SFXS2LP1_V4.0.0, X-CUBE-ST67W61_V1.3.0, X-CUBE-SUBG2_V5.0.0, X-CUBE-TOF1_V3.4.3]
2026-08-15 13:24:24,063 [INFO] DbBoardsSqlite:226 - include board P-NUCLEO-WB55-NUCLEO as a kit item of type 'Nucleo-64'
2026-08-15 13:24:24,063 [INFO] DbBoardsSqlite:226 - include board P-NUCLEO-WB55-USBDONGLE as a kit item of type 'Nucleo USB Dongle'
2026-08-15 13:24:24,064 [INFO] DbBoardsSqlite:226 - include board STEVAL-IDP005V1 as a kit item of type 'Evaluation Board'
2026-08-15 13:24:24,064 [INFO] DbBoardsSqlite:226 - include board STEVAL-IDP005V2 as a kit item of type 'Evaluation Board'
2026-08-15 13:24:24,173 [INFO] ApiDb:240 - Found 895 in-development CPN: [B-G473E-ZEST1S, B-WB1M-WPAN1, B-WBA5M-WPAN, B-WL5M-SUBG1, NUCLEO-C031C6, NUCLEO-C051C8, NUCLEO-C071RB, NUCLEO-C092RC, NUCLEO-H503RB, NUCLEO-H533RE, NUCLEO-H563ZI, NUCLEO-H7S3L8, NUCLEO-N657X0-Q, NUCLEO-U031R8, NUCLEO-U083RC, NUCLEO-U385RG-Q, NUCLEO-U545RE-Q, NUCLEO-U5A5ZJ-Q, NUCLEO-WB05KZ, NUCLEO-WB07CC, NUCLEO-WB09KE, NUCLEO-WBA52CG, NUCLEO-WBA55CG, NUCLEO-WBA65RI, NUCLEO-WL33CC1, NUCLEO-WL33CC2, STEVAL-PROTEUS1, STEVAL-SMARTAG2, STEVAL-STWINBX1, STM320518-EVAL, STM32C0116-DK, STM32C011D6Y3TR, STM32C011D6Y6TR, STM32C011F4P3, STM32C011F4P6, STM32C011F4U3, STM32C011F4U6TR, STM32C011F6P3, STM32C011F6P6, STM32C011F6U3, STM32C011F6U6TR, STM32C011J4M3, STM32C011J4M6, STM32C011J6M3, STM32C011J6M6, STM32C0316-DK, STM32C031C4T3, STM32C031C4T6, STM32C031C4U3, STM32C031C4U6, STM32C031C6T3, STM32C031C6T6, STM32C031C6U3, STM32C031C6U6, STM32C031F4P3, STM32C031F4P6, STM32C031F6P3, STM32C031F6P6, STM32C031G4U3, STM32C031G4U6, STM32C031G6U3, STM32C031G6U6, STM32C031K4T3, STM32C031K4T6, STM32C031K4U3, STM32C031K4U6, STM32C031K6T3, STM32C031K6T6, STM32C031K6U3, STM32C031K6U6, STM32C051C6T6, STM32C051C6U6, STM32C051C8T6, STM32C051C8U6, STM32C051D8Y6TR, STM32C051F6P6, STM32C051F8P6, STM32C051G6U6, STM32C051G8U6, STM32C051K6T6, STM32C051K6U6, STM32C051K8T6, STM32C071C8T6, STM32C071C8T6N, STM32C071C8U6, STM32C071C8U6N, STM32C071CBT6, STM32C071CBT6N, STM32C071CBU6, STM32C071CBU6N, STM32C071F8P6, STM32C071F8P6N, STM32C071FBP6, STM32C071FBP6N, STM32C071FBY6TR, STM32C071G8U6, STM32C071G8U6N, STM32C071GBU6, STM32C071GBU6N, STM32C071K8T6, STM32C071K8T6N, STM32C071K8U6, STM32C071K8U6N, STM32C071KBT6, STM32C071KBT6N, STM32C071KBU6, STM32C071KBU6N, STM32C071R8T6, STM32C071R8T6N, STM32C071RBI6N, STM32C071RBT6, STM32C071RBT6N, STM32C091CBT6, STM32C091CBU6, STM32C091CCT6, STM32C091CCU6, STM32C091ECY6TR, STM32C091FBP6, STM32C091FCP6, STM32C091GBU6, STM32C091GCU6, STM32C091KBT6, STM32C091KBU6, STM32C091KCT6, STM32C091KCU6, STM32C091RBT6, STM32C091RCI6, STM32C091RCT6, STM32C092CBT6, STM32C092CBU6, STM32C092CCT6, STM32C092CCU6, STM32C092ECY6TR, STM32C092FBP6, STM32C092FCP6, STM32C092GBU6, STM32C092GCU6, STM32C092KBT6, STM32C092KBU6, STM32C092KCT6, STM32C092KCU6, STM32C092RBT6, STM32C092RCI6, STM32C092RCT6, STM32G071K8TXN, STM32G071K8UXN, STM32G081GBU6N, STM32G081KBT6N, STM32G081KBUXN, STM32G0B1CCT6N, STM32G0B1KCT6, STM32G0B1NEY6TR, STM32G0B1RCT6N, STM32G0C1CCT6, STM32G0C1CCT6N, STM32G0C1CCU6N, STM32G0C1CET6N, STM32G0C1CEU6N, STM32G0C1KCT6, STM32G0C1NEY6TR, STM32G0C1RCI6N, STM32G0C1RCT6N, STM32G0C1REI6N, STM32G0C1RET6N, STM32G0C1VCI6, STM32G0C1VEI6, STM32G411C6T3, STM32G411C6T6, STM32G411C6U3, STM32G411C6U6, STM32G411C8T3, STM32G411C8T6, STM32G411C8U3, STM32G411C8U6, STM32G411CBT3, STM32G411CBT6, STM32G411CBU3, STM32G411CBU6, STM32G411CCT3, STM32G411CCT6, STM32G411CCU3, STM32G411CCU6, STM32G411K6T3, STM32G411K6T6, STM32G411K6U3, STM32G411K6U6, STM32G411K8T3, STM32G411K8T6, STM32G411K8U3, STM32G411K8U6, STM32G411KBT3, STM32G411KBT6, STM32G411KBU3, STM32G411KBU6, STM32G411M6T3, STM32G411M6T6, STM32G411M8T3, STM32G411M8T6, STM32G411MBT3, STM32G411MBT6, STM32G411MCT3, STM32G411MCT6, STM32G411R6T3, STM32G411R6T6, STM32G411R8T3, STM32G411R8T6, STM32G411RBT3, STM32G411RBT6, STM32G411RCT3, STM32G411RCT6, STM32G414CBT3, STM32G414CBT6, STM32G414CBU3, STM32G414CBU6, STM32G414CCT3, STM32G414CCT6, STM32G414CCU3, STM32G414CCU6, STM32G414MBT3, STM32G414MBT6, STM32G414MCT3, STM32G414MCT6, STM32G414RBT3, STM32G414RBT6, STM32G414RCT3, STM32G414RCT6, STM32G414VBT3, STM32G414VBT6, STM32G414VCT3, STM32G414VCT6, STM32G431CBT3Z, STM32G431RBT3Z, STM32G471CCT6, STM32G471CCU6, STM32G471CET3, STM32G471CET6, STM32G471CEU3, STM32G471CEU6, STM32G471MCT6, STM32G471MET3, STM32G471MET6, STM32G471MEY6TR, STM32G471QCT6, STM32G471QET3, STM32G471RCT6, STM32G471RET3, STM32G471RET6, STM32G471VCH6, STM32G471VCI6, STM32G471VCT6, STM32G471VEH3, STM32G471VEH6, STM32G471VEI3, STM32G471VEI6, STM32G471VET3, STM32G471VET6, STM32G473QET3Z, STM32G473RET3Z, STM32G474CCT6, STM32G491RET3Z, STM32H503CBT6, STM32H503CBU6, STM32H503EBY6TR, STM32H503KBU6, STM32H503RBT6, STM32H523CCT6, STM32H523CCU6, STM32H523CET6, STM32H523CEU6, STM32H523HEY6TR, STM32H523RCT6, STM32H523RET6, STM32H523VCI6, STM32H523VCT6, STM32H523VEI6, STM32H523VET6, STM32H523ZCJ6, STM32H523ZCT6, STM32H523ZEJ6, STM32H523ZET6, STM32H533CET6, STM32H533CEU6, STM32H533HEY6TR, STM32H533RET6, STM32H533VEI6, STM32H533VET6, STM32H533ZEJ6, STM32H533ZET6, STM32H562AGI6, STM32H562AII6, STM32H562IGK6, STM32H562IGT6, STM32H562IIK6, STM32H562IIT6, STM32H562RGT6, STM32H562RGV6, STM32H562RIT6, STM32H562RIV6, STM32H562VGT6, STM32H562VIT6, STM32H562ZGT6, STM32H562ZIT6, STM32H563AGI6, STM32H563AII3Q, STM32H563AII6, STM32H563IGK6, STM32H563IGT6, STM32H563IIK3Q, STM32H563IIK6, STM32H563IIT3Q, STM32H563IIT6, STM32H563MIY3QTR, STM32H563RGT6, STM32H563RGV6, STM32H563RIT6, STM32H563RIV6, STM32H563VGT6, STM32H563VIT3Q, STM32H563VIT6, STM32H563ZGT6, STM32H563ZIT3Q, STM32H563ZIT6, STM32H573AII3Q, STM32H573AII6, STM32H573I-DK, STM32H573IIK3Q, STM32H573IIK6, STM32H573IIT3Q, STM32H573IIT6, STM32H573MIY3QTR, STM32H573RIT6, STM32H573RIV6, STM32H573VIT3Q, STM32H573VIT6, STM32H573ZIT3Q, STM32H573ZIT6, STM32H7R3A8I6, STM32H7R3I8K6, STM32H7R3I8T6, STM32H7R3L8H6, STM32H7R3L8H6H, STM32H7R3R8V6, STM32H7R3V8H6, STM32H7R3V8T6, STM32H7R3V8Y6TR, STM32H7R3Z8J6, STM32H7R3Z8T6, STM32H7R7A8I6, STM32H7R7I8K6, STM32H7R7I8T6, STM32H7R7L8H6, STM32H7R7L8H6H, STM32H7R7Z8J6, STM32H7S3A8I6, STM32H7S3I8K6, STM32H7S3I8T6, STM32H7S3L8H6, STM32H7S3L8H6H, STM32H7S3R8V6, STM32H7S3V8H6, STM32H7S3V8T6, STM32H7S3V8Y6TR, STM32H7S3Z8J6, STM32H7S3Z8T6, STM32H7S78-DK, STM32H7S7A8I6, STM32H7S7I8K6, STM32H7S7I8T6, STM32H7S7L8H6, STM32H7S7L8H6H, STM32H7S7Z8J6, STM32L4R5QGI6STR, STM32MP131AAE3, STM32MP131AAF3, STM32MP131AAG3, STM32MP131CAE3, STM32MP131CAF3, STM32MP131CAG3, STM32MP131DAE7, STM32MP131DAF7, STM32MP131DAG7, STM32MP131FAE7, STM32MP131FAF7, STM32MP131FAG7, STM32MP133AAE3, STM32MP133AAF3, STM32MP133AAG3, STM32MP133CAE3, STM32MP133CAF3, STM32MP133CAG3, STM32MP133DAE7, STM32MP133DAF7, STM32MP133DAG7, STM32MP133FAE7, STM32MP133FAF7, STM32MP133FAG7, STM32MP135AAE3, STM32MP135AAF3, STM32MP135AAG3, STM32MP135CAE3, STM32MP135CAF3, STM32MP135CAG3, STM32MP135DAE7, STM32MP135DAF7, STM32MP135DAG7, STM32MP135F-DK, STM32MP135FAE7, STM32MP135FAF7, STM32MP135FAF7T, STM32MP135FAF7U, STM32MP135FAG7, STM32MP231AAJ3, STM32MP231AAK3, STM32MP231AAL3, STM32MP231CAJ3, STM32MP231CAK3, STM32MP231CAL3, STM32MP231DAJ3, STM32MP231DAK3, STM32MP231DAL3, STM32MP231FAJ3, STM32MP231FAK3, STM32MP231FAL3, STM32MP233AAJ3, STM32MP233AAK3, STM32MP233AAL3, STM32MP233CAJ3, STM32MP233CAK3, STM32MP233CAL3, STM32MP233DAJ3, STM32MP233DAK3, STM32MP233DAL3, STM32MP233FAJ3, STM32MP233FAK3, STM32MP233FAL3, STM32MP235AAJ3, STM32MP235AAK3, STM32MP235AAL3, STM32MP235CAJ3, STM32MP235CAK3, STM32MP235CAL3, STM32MP235DAJ3, STM32MP235DAK3, STM32MP235DAL3, STM32MP235FAJ3, STM32MP235FAK3, STM32MP235FAL3, STM32MP251AAI3, STM32MP251AAJ3, STM32MP251AAK3, STM32MP251AAL3, STM32MP251CAI3, STM32MP251CAJ3, STM32MP251CAK3, STM32MP251CAL3, STM32MP251DAI3, STM32MP251DAJ3, STM32MP251DAK3, STM32MP251DAL3, STM32MP251FAI3, STM32MP251FAJ3, STM32MP251FAK3, STM32MP251FAL3, STM32MP253AAI3, STM32MP253AAJ3, STM32MP253AAK3, STM32MP253AAL3, STM32MP253CAI3, STM32MP253CAJ3, STM32MP253CAK3, STM32MP253CAL3, STM32MP253DAI3, STM32MP253DAJ3, STM32MP253DAK3, STM32MP253DAL3, STM32MP253FAI3, STM32MP253FAJ3, STM32MP253FAK3, STM32MP253FAL3, STM32MP255AAI3, STM32MP255AAJ3, STM32MP255AAK3, STM32MP255AAL3, STM32MP255CAI3, STM32MP255CAJ3, STM32MP255CAK3, STM32MP255CAL3, STM32MP255DAI3, STM32MP255DAJ3, STM32MP255DAK3, STM32MP255DAL3, STM32MP255FAI3, STM32MP255FAJ3, STM32MP255FAK3, STM32MP255FAL3, STM32MP257AAI3, STM32MP257AAJ3, STM32MP257AAK3, STM32MP257AAL3, STM32MP257CAI3, STM32MP257CAJ3, STM32MP257CAK3, STM32MP257CAL3, STM32MP257DAI3, STM32MP257DAJ3, STM32MP257DAK3, STM32MP257DAL3, STM32MP257F-DK, STM32MP257F-EV1, STM32MP257FAI3, STM32MP257FAJ3, STM32MP257FAK3, STM32MP257FAL3, STM32N645A0H3Q, STM32N645B0H3Q, STM32N645I0H3Q, STM32N645L0H3Q, STM32N645X0H3Q, STM32N645Z0H3Q, STM32N647A0H3Q, STM32N647B0H3Q, STM32N647I0H3Q, STM32N647L0H3Q, STM32N647X0H3Q, STM32N647Z0H3Q, STM32N655A0H3Q, STM32N655B0H3Q, STM32N655I0H3Q, STM32N655L0H3Q, STM32N655X0H3Q, STM32N655Z0H3Q, STM32N6570-DK, STM32N657A0H3Q, STM32N657B0H3Q, STM32N657I0H3Q, STM32N657L0H3Q, STM32N657X0H3Q, STM32N657Z0H3Q, STM32U031C6T6, STM32U031C6U6, STM32U031C8T6, STM32U031C8U6, STM32U031F4P6, STM32U031F6P6, STM32U031F8P6, STM32U031G6Y6TR, STM32U031G8Y6TR, STM32U031K4U6, STM32U031K6U6, STM32U031K8U6, STM32U031R6I6, STM32U031R6T6, STM32U031R8I6, STM32U031R8T6, STM32U073C8T6, STM32U073C8U6, STM32U073CBT6, STM32U073CBU6, STM32U073CCT6, STM32U073CCU6, STM32U073H8Y6TR, STM32U073HBY6TR, STM32U073HCY6TR, STM32U073K8U6, STM32U073KBU6, STM32U073KCU6, STM32U073M8I6, STM32U073M8T6, STM32U073MBI6, STM32U073MBT6, STM32U073MCI6, STM32U073MCT6, STM32U073R8I6, STM32U073R8T6, STM32U073RBI6, STM32U073RBT6, STM32U073RCI6, STM32U073RCT6, STM32U083C-DK, STM32U083CCT6, STM32U083CCU6, STM32U083HCY6TR, STM32U083KCU6, STM32U083MCI6, STM32U083MCT6, STM32U083RCI6, STM32U083RCT6, STM32U375CET6, STM32U375CET6Q, STM32U375CEU6, STM32U375CEU6Q, STM32U375CEY6QTR, STM32U375CGT6, STM32U375CGT6Q, STM32U375CGU6, STM32U375CGU6Q, STM32U375CGY6QTR, STM32U375KEU6, STM32U375KGU6, STM32U375REI6, STM32U375REI6Q, STM32U375RET6, STM32U375RET6Q, STM32U375REY6GTR, STM32U375REY6QTR, STM32U375RGI6, STM32U375RGI6Q, STM32U375RGT6, STM32U375RGT6Q, STM32U375RGY6GTR, STM32U375RGY6QTR, STM32U375VEI6, STM32U375VEI6Q, STM32U375VET6, STM32U375VET6Q, STM32U375VGI6, STM32U375VGI6Q, STM32U375VGT6, STM32U375VGT6Q, STM32U385CGT6, STM32U385CGT6Q, STM32U385CGU6, STM32U385CGU6Q, STM32U385CGY6QTR, STM32U385KGU6, STM32U385RGI6, STM32U385RGI6Q, STM32U385RGT6, STM32U385RGT6Q, STM32U385RGY6GTR, STM32U385RGY6QTR, STM32U385VGI6, STM32U385VGI6Q, STM32U385VGT6, STM32U385VGT6Q, STM32U535CBT6, STM32U535CBT6Q, STM32U535CBU6, STM32U535CBU6Q, STM32U535CCT6, STM32U535CCT6Q, STM32U535CCU6, STM32U535CCU6Q, STM32U535CET6, STM32U535CET6Q, STM32U535CEU6, STM32U535CEU6Q, STM32U535JEY6QTR, STM32U535NCY6QTR, STM32U535NEY6QTR, STM32U535RBI6, STM32U535RBI6Q, STM32U535RBT6, STM32U535RBT6Q, STM32U535RCI6, STM32U535RCI6Q, STM32U535RCT6, STM32U535RCT6Q, STM32U535REI6, STM32U535REI6Q, STM32U535RET6, STM32U535RET6Q, STM32U535VCI6, STM32U535VCI6Q, STM32U535VCT6, STM32U535VCT6Q, STM32U535VEI6, STM32U535VEI6Q, STM32U535VET6, STM32U535VET6Q, STM32U545CET6, STM32U545CET6Q, STM32U545CEU6, STM32U545CEU6Q, STM32U545JEY6QTR, STM32U545NEY6QTR, STM32U545REI6, STM32U545REI6Q, STM32U545RET6, STM32U545RET6Q, STM32U545VEI6, STM32U545VEI6Q, STM32U545VET6, STM32U545VET6Q, STM32U595AIH6, STM32U595AIH6Q, STM32U595AJH6, STM32U595AJH6Q, STM32U595QII6, STM32U595QII6Q, STM32U595QJI6, STM32U595QJI6Q, STM32U595RIT6, STM32U595RIT6Q, STM32U595RJT6, STM32U595RJT6Q, STM32U595VIT6, STM32U595VIT6Q, STM32U595VJT6, STM32U595VJT6Q, STM32U595ZIT6, STM32U595ZIT6Q, STM32U595ZIY6QTR, STM32U595ZJT6, STM32U595ZJT6Q, STM32U595ZJY6QTR, STM32U599BJY6QTR, STM32U599NIH6Q, STM32U599NJH6Q, STM32U599VIT6Q, STM32U599VJT6, STM32U599VJT6Q, STM32U599ZIT6Q, STM32U599ZIY6QTR, STM32U599ZJT6Q, STM32U599ZJY6QTR, STM32U5A5AJH6, STM32U5A5AJH6Q, STM32U5A5QII3Q , STM32U5A5QJI6, STM32U5A5QJI6Q, STM32U5A5RJT6, STM32U5A5RJT6Q, STM32U5A5VJT6, STM32U5A5VJT6Q, STM32U5A5ZJT6, STM32U5A5ZJT6Q, STM32U5A5ZJY6QTR, STM32U5A9BJY6QTR, STM32U5A9J-DK, STM32U5A9NJH6Q, STM32U5A9VJT6Q, STM32U5A9ZJT6Q, STM32U5A9ZJY6QTR, STM32U5F7VIT6, STM32U5F7VIT6Q, STM32U5F7VJT6, STM32U5F7VJT6Q, STM32U5F9BJY6QTR, STM32U5F9NJH6Q, STM32U5F9VIT6Q, STM32U5F9VJT6Q, STM32U5F9ZIJ6QTR, STM32U5F9ZIT6Q, STM32U5F9ZJJ6QTR, STM32U5F9ZJT6Q, STM32U5G7VJT6, STM32U5G7VJT6Q, STM32U5G9BJY6QTR, STM32U5G9J-DK1, STM32U5G9J-DK2, STM32U5G9NJH6Q, STM32U5G9VJT6Q, STM32U5G9ZJJ6QTR, STM32U5G9ZJT6Q, STM32WB05KZV6TR, STM32WB05KZV7TR, STM32WB05TZF6TR, STM32WB05TZF7TR, STM32WB06CCF6TR, STM32WB06CCF7TR, STM32WB06CCV6TR, STM32WB06CCV7TR, STM32WB06KCV6TR, STM32WB06KCV7TR, STM32WB07CCF6TR, STM32WB07CCF7TR, STM32WB07CCV6TR, STM32WB07CCV7TR, STM32WB07KCV6TR, STM32WB07KCV7TR, STM32WB09KEV6TR, STM32WB09KEV7TR, STM32WB09TEF6TR, STM32WB09TEF7TR, STM32WB1MMCH6, STM32WBA50KGU6, STM32WBA50KGU6TR, STM32WBA52CEU6, STM32WBA52CEU6TR, STM32WBA52CEU7, STM32WBA52CEU7TR, STM32WBA52CGU6, STM32WBA52CGU6TR, STM32WBA52CGU6U, STM32WBA52CGU7, STM32WBA52CGU7TR, STM32WBA52KEU6, STM32WBA52KEU6TR, STM32WBA52KGU6, STM32WBA52KGU6TR, STM32WBA54CEU6, STM32WBA54CEU6TR, STM32WBA54CEU7, STM32WBA54CEU7TR, STM32WBA54CGU6, STM32WBA54CGU6TR, STM32WBA54CGU7, STM32WBA54CGU7TR, STM32WBA54KEU6, STM32WBA54KEU6TR, STM32WBA54KEU7, STM32WBA54KEU7TR, STM32WBA54KGU6, STM32WBA54KGU6TR, STM32WBA54KGU7, STM32WBA54KGU7TR, STM32WBA55CEU6, STM32WBA55CEU6TR, STM32WBA55CEU7, STM32WBA55CEU7TR, STM32WBA55CGU6, STM32WBA55CGU6TR, STM32WBA55CGU6U, STM32WBA55CGU7, STM32WBA55CGU7TR, STM32WBA55G-DK1, STM32WBA55HEF6, STM32WBA55HEF7, STM32WBA55HGF6, STM32WBA55HGF7, STM32WBA55UEI6, STM32WBA55UEI6TR, STM32WBA55UEI7, STM32WBA55UEI7TR, STM32WBA55UGI6, STM32WBA55UGI6TR, STM32WBA55UGI7, STM32WBA55UGI7TR, STM32WBA5MJGH6TR, STM32WBA62CGU6, STM32WBA62CIU6, STM32WBA62MGF6, STM32WBA62MIF6, STM32WBA62PGI6, STM32WBA62PII6, STM32WBA63CGU6, STM32WBA63CGU7, STM32WBA63CIU6, STM32WBA63CIU7, STM32WBA64CGU6, STM32WBA64CGU7, STM32WBA64CIU6, STM32WBA64CIU7, STM32WBA65CGU6, STM32WBA65CGU7, STM32WBA65CIU6, STM32WBA65CIU7, STM32WBA65I-DK1, STM32WBA65MGF6, STM32WBA65MGF7, STM32WBA65MIF6, STM32WBA65MIF7, STM32WBA65PGI6, STM32WBA65PGI7, STM32WBA65PII6, STM32WBA65PII7, STM32WBA65RGV6, STM32WBA65RGV7, STM32WBA65RIV6, STM32WBA65RIV7, STM32WL30K8V6, STM32WL30KBV6, STM32WL31C8V6, STM32WL31CBV6, STM32WL31K8V6, STM32WL31KBV6, STM32WL33C8V6, STM32WL33C8V6TR, STM32WL33C8V7, STM32WL33C8V7TR, STM32WL33CBV6, STM32WL33CBV6TR, STM32WL33CBV7, STM32WL33CBV7TR, STM32WL33CCV6, STM32WL33CCV6TR, STM32WL33CCV7, STM32WL33CCV7A, STM32WL33CCV7ATR, STM32WL33CCV7TR, STM32WL33K8V6, STM32WL33K8V6TR, STM32WL33K8V7, STM32WL33K8V7TR, STM32WL33KBV6, STM32WL33KBV6TR, STM32WL33KBV7, STM32WL33KBV7TR, STM32WL33KCV6, STM32WL33KCV6TR, STM32WL33KCV7, STM32WL33KCV7TR, STM32WL5MOCH6, STM32WL5MOCH6TR]
2026-08-15 13:24:24,176 [INFO] ApiDb:668 - CubeFinder database Data Model version=2.1
2026-08-15 13:24:24,176 [INFO] ApiDb:669 - CubeFinder database Configuration version=3.0.42
2026-08-15 13:24:24,176 [INFO] ApiDb:670 - CubeFinder database generation date=2026-06-23 (1782213372)
2026-08-15 13:24:24,176 [INFO] ApiDb:671 - CubeFinder database FW Pack versions=[FP-ATR-ASTRA1_V2.0.0, FP-SNS-FLIGHT1_V5.1.0, FP-SNS-MOTENV1_V5.1.0, FP-SNS-MOTENVWB1_V1.5.0, FP-SNS-SMARTAG2_V1.2.0, FP-SNS-STBOX1_V2.1.0, STM32Cube_FW_C0_V1.4.0, STM32Cube_FW_F4_V1.28.3, STM32Cube_FW_F7_V1.17.4, STM32Cube_FW_G0_V1.6.3, STM32Cube_FW_G4_V1.6.2, STM32Cube_FW_H5_V1.7.0, STM32Cube_FW_H7RS_V1.3.0, STM32Cube_FW_H7_V1.13.0, STM32Cube_FW_L0_V1.12.2, STM32Cube_FW_L4_V1.18.2, STM32Cube_FW_L5_V1.6.0, STM32Cube_FW_N6_V1.4.0, STM32Cube_FW_U0_V1.3.0, STM32Cube_FW_U3_V1.4.0, STM32Cube_FW_U5_V1.9.0, STM32Cube_FW_WB0_V1.5.0, STM32Cube_FW_WBA_V1.10.0, STM32Cube_FW_WB_V1.24.0, STM32Cube_FW_WL3_V1.5.0, STM32Cube_FW_WL_V1.6.0, X-CUBE-ALGOBUILD_V1.5.0, X-CUBE-ALS_V1.0.2, X-CUBE-AZRTOS-F4_V1.1.0, X-CUBE-AZRTOS-F7_V1.1.0, X-CUBE-AZRTOS-G0_V1.1.0, X-CUBE-AZRTOS-G4_V2.0.0, X-CUBE-AZRTOS-H7RS_V1.1.0, X-CUBE-AZRTOS-H7_V3.5.0, X-CUBE-AZRTOS-L4_V2.0.0, X-CUBE-AZRTOS-L5_V2.0.0, X-CUBE-AZRTOS-WB_V2.0.0, X-CUBE-AZRTOS-WL_V2.0.0, X-CUBE-BLE1_V7.1.0, X-CUBE-BLE2_V3.3.0, X-CUBE-BLEMGR_V4.1.0, X-CUBE-EEPRMA1_V5.2.0, X-CUBE-FREERTOS_V1.5.0, X-CUBE-GNSS1_V7.1.1, X-CUBE-MEMS1_V12.1.0, X-CUBE-NFC4_V3.0.0, X-CUBE-NFC7_V2.0.0, X-CUBE-SFXS2LP1_V4.0.0, X-CUBE-ST67W61_V1.3.0, X-CUBE-SUBG2_V5.0.0, X-CUBE-TOF1_V3.4.3]
2026-08-15 13:24:26,405 [INFO] ApiDb:240 - Found 895 in-development CPN: [B-G473E-ZEST1S, B-WB1M-WPAN1, B-WBA5M-WPAN, B-WL5M-SUBG1, NUCLEO-C031C6, NUCLEO-C051C8, NUCLEO-C071RB, NUCLEO-C092RC, NUCLEO-H503RB, NUCLEO-H533RE, NUCLEO-H563ZI, NUCLEO-H7S3L8, NUCLEO-N657X0-Q, NUCLEO-U031R8, NUCLEO-U083RC, NUCLEO-U385RG-Q, NUCLEO-U545RE-Q, NUCLEO-U5A5ZJ-Q, NUCLEO-WB05KZ, NUCLEO-WB07CC, NUCLEO-WB09KE, NUCLEO-WBA52CG, NUCLEO-WBA55CG, NUCLEO-WBA65RI, NUCLEO-WL33CC1, NUCLEO-WL33CC2, STEVAL-PROTEUS1, STEVAL-SMARTAG2, STEVAL-STWINBX1, STM320518-EVAL, STM32C0116-DK, STM32C011D6Y3TR, STM32C011D6Y6TR, STM32C011F4P3, STM32C011F4P6, STM32C011F4U3, STM32C011F4U6TR, STM32C011F6P3, STM32C011F6P6, STM32C011F6U3, STM32C011F6U6TR, STM32C011J4M3, STM32C011J4M6, STM32C011J6M3, STM32C011J6M6, STM32C0316-DK, STM32C031C4T3, STM32C031C4T6, STM32C031C4U3, STM32C031C4U6, STM32C031C6T3, STM32C031C6T6, STM32C031C6U3, STM32C031C6U6, STM32C031F4P3, STM32C031F4P6, STM32C031F6P3, STM32C031F6P6, STM32C031G4U3, STM32C031G4U6, STM32C031G6U3, STM32C031G6U6, STM32C031K4T3, STM32C031K4T6, STM32C031K4U3, STM32C031K4U6, STM32C031K6T3, STM32C031K6T6, STM32C031K6U3, STM32C031K6U6, STM32C051C6T6, STM32C051C6U6, STM32C051C8T6, STM32C051C8U6, STM32C051D8Y6TR, STM32C051F6P6, STM32C051F8P6, STM32C051G6U6, STM32C051G8U6, STM32C051K6T6, STM32C051K6U6, STM32C051K8T6, STM32C071C8T6, STM32C071C8T6N, STM32C071C8U6, STM32C071C8U6N, STM32C071CBT6, STM32C071CBT6N, STM32C071CBU6, STM32C071CBU6N, STM32C071F8P6, STM32C071F8P6N, STM32C071FBP6, STM32C071FBP6N, STM32C071FBY6TR, STM32C071G8U6, STM32C071G8U6N, STM32C071GBU6, STM32C071GBU6N, STM32C071K8T6, STM32C071K8T6N, STM32C071K8U6, STM32C071K8U6N, STM32C071KBT6, STM32C071KBT6N, STM32C071KBU6, STM32C071KBU6N, STM32C071R8T6, STM32C071R8T6N, STM32C071RBI6N, STM32C071RBT6, STM32C071RBT6N, STM32C091CBT6, STM32C091CBU6, STM32C091CCT6, STM32C091CCU6, STM32C091ECY6TR, STM32C091FBP6, STM32C091FCP6, STM32C091GBU6, STM32C091GCU6, STM32C091KBT6, STM32C091KBU6, STM32C091KCT6, STM32C091KCU6, STM32C091RBT6, STM32C091RCI6, STM32C091RCT6, STM32C092CBT6, STM32C092CBU6, STM32C092CCT6, STM32C092CCU6, STM32C092ECY6TR, STM32C092FBP6, STM32C092FCP6, STM32C092GBU6, STM32C092GCU6, STM32C092KBT6, STM32C092KBU6, STM32C092KCT6, STM32C092KCU6, STM32C092RBT6, STM32C092RCI6, STM32C092RCT6, STM32G071K8TXN, STM32G071K8UXN, STM32G081GBU6N, STM32G081KBT6N, STM32G081KBUXN, STM32G0B1CCT6N, STM32G0B1KCT6, STM32G0B1NEY6TR, STM32G0B1RCT6N, STM32G0C1CCT6, STM32G0C1CCT6N, STM32G0C1CCU6N, STM32G0C1CET6N, STM32G0C1CEU6N, STM32G0C1KCT6, STM32G0C1NEY6TR, STM32G0C1RCI6N, STM32G0C1RCT6N, STM32G0C1REI6N, STM32G0C1RET6N, STM32G0C1VCI6, STM32G0C1VEI6, STM32G411C6T3, STM32G411C6T6, STM32G411C6U3, STM32G411C6U6, STM32G411C8T3, STM32G411C8T6, STM32G411C8U3, STM32G411C8U6, STM32G411CBT3, STM32G411CBT6, STM32G411CBU3, STM32G411CBU6, STM32G411CCT3, STM32G411CCT6, STM32G411CCU3, STM32G411CCU6, STM32G411K6T3, STM32G411K6T6, STM32G411K6U3, STM32G411K6U6, STM32G411K8T3, STM32G411K8T6, STM32G411K8U3, STM32G411K8U6, STM32G411KBT3, STM32G411KBT6, STM32G411KBU3, STM32G411KBU6, STM32G411M6T3, STM32G411M6T6, STM32G411M8T3, STM32G411M8T6, STM32G411MBT3, STM32G411MBT6, STM32G411MCT3, STM32G411MCT6, STM32G411R6T3, STM32G411R6T6, STM32G411R8T3, STM32G411R8T6, STM32G411RBT3, STM32G411RBT6, STM32G411RCT3, STM32G411RCT6, STM32G414CBT3, STM32G414CBT6, STM32G414CBU3, STM32G414CBU6, STM32G414CCT3, STM32G414CCT6, STM32G414CCU3, STM32G414CCU6, STM32G414MBT3, STM32G414MBT6, STM32G414MCT3, STM32G414MCT6, STM32G414RBT3, STM32G414RBT6, STM32G414RCT3, STM32G414RCT6, STM32G414VBT3, STM32G414VBT6, STM32G414VCT3, STM32G414VCT6, STM32G431CBT3Z, STM32G431RBT3Z, STM32G471CCT6, STM32G471CCU6, STM32G471CET3, STM32G471CET6, STM32G471CEU3, STM32G471CEU6, STM32G471MCT6, STM32G471MET3, STM32G471MET6, STM32G471MEY6TR, STM32G471QCT6, STM32G471QET3, STM32G471RCT6, STM32G471RET3, STM32G471RET6, STM32G471VCH6, STM32G471VCI6, STM32G471VCT6, STM32G471VEH3, STM32G471VEH6, STM32G471VEI3, STM32G471VEI6, STM32G471VET3, STM32G471VET6, STM32G473QET3Z, STM32G473RET3Z, STM32G474CCT6, STM32G491RET3Z, STM32H503CBT6, STM32H503CBU6, STM32H503EBY6TR, STM32H503KBU6, STM32H503RBT6, STM32H523CCT6, STM32H523CCU6, STM32H523CET6, STM32H523CEU6, STM32H523HEY6TR, STM32H523RCT6, STM32H523RET6, STM32H523VCI6, STM32H523VCT6, STM32H523VEI6, STM32H523VET6, STM32H523ZCJ6, STM32H523ZCT6, STM32H523ZEJ6, STM32H523ZET6, STM32H533CET6, STM32H533CEU6, STM32H533HEY6TR, STM32H533RET6, STM32H533VEI6, STM32H533VET6, STM32H533ZEJ6, STM32H533ZET6, STM32H562AGI6, STM32H562AII6, STM32H562IGK6, STM32H562IGT6, STM32H562IIK6, STM32H562IIT6, STM32H562RGT6, STM32H562RGV6, STM32H562RIT6, STM32H562RIV6, STM32H562VGT6, STM32H562VIT6, STM32H562ZGT6, STM32H562ZIT6, STM32H563AGI6, STM32H563AII3Q, STM32H563AII6, STM32H563IGK6, STM32H563IGT6, STM32H563IIK3Q, STM32H563IIK6, STM32H563IIT3Q, STM32H563IIT6, STM32H563MIY3QTR, STM32H563RGT6, STM32H563RGV6, STM32H563RIT6, STM32H563RIV6, STM32H563VGT6, STM32H563VIT3Q, STM32H563VIT6, STM32H563ZGT6, STM32H563ZIT3Q, STM32H563ZIT6, STM32H573AII3Q, STM32H573AII6, STM32H573I-DK, STM32H573IIK3Q, STM32H573IIK6, STM32H573IIT3Q, STM32H573IIT6, STM32H573MIY3QTR, STM32H573RIT6, STM32H573RIV6, STM32H573VIT3Q, STM32H573VIT6, STM32H573ZIT3Q, STM32H573ZIT6, STM32H7R3A8I6, STM32H7R3I8K6, STM32H7R3I8T6, STM32H7R3L8H6, STM32H7R3L8H6H, STM32H7R3R8V6, STM32H7R3V8H6, STM32H7R3V8T6, STM32H7R3V8Y6TR, STM32H7R3Z8J6, STM32H7R3Z8T6, STM32H7R7A8I6, STM32H7R7I8K6, STM32H7R7I8T6, STM32H7R7L8H6, STM32H7R7L8H6H, STM32H7R7Z8J6, STM32H7S3A8I6, STM32H7S3I8K6, STM32H7S3I8T6, STM32H7S3L8H6, STM32H7S3L8H6H, STM32H7S3R8V6, STM32H7S3V8H6, STM32H7S3V8T6, STM32H7S3V8Y6TR, STM32H7S3Z8J6, STM32H7S3Z8T6, STM32H7S78-DK, STM32H7S7A8I6, STM32H7S7I8K6, STM32H7S7I8T6, STM32H7S7L8H6, STM32H7S7L8H6H, STM32H7S7Z8J6, STM32L4R5QGI6STR, STM32MP131AAE3, STM32MP131AAF3, STM32MP131AAG3, STM32MP131CAE3, STM32MP131CAF3, STM32MP131CAG3, STM32MP131DAE7, STM32MP131DAF7, STM32MP131DAG7, STM32MP131FAE7, STM32MP131FAF7, STM32MP131FAG7, STM32MP133AAE3, STM32MP133AAF3, STM32MP133AAG3, STM32MP133CAE3, STM32MP133CAF3, STM32MP133CAG3, STM32MP133DAE7, STM32MP133DAF7, STM32MP133DAG7, STM32MP133FAE7, STM32MP133FAF7, STM32MP133FAG7, STM32MP135AAE3, STM32MP135AAF3, STM32MP135AAG3, STM32MP135CAE3, STM32MP135CAF3, STM32MP135CAG3, STM32MP135DAE7, STM32MP135DAF7, STM32MP135DAG7, STM32MP135F-DK, STM32MP135FAE7, STM32MP135FAF7, STM32MP135FAF7T, STM32MP135FAF7U, STM32MP135FAG7, STM32MP231AAJ3, STM32MP231AAK3, STM32MP231AAL3, STM32MP231CAJ3, STM32MP231CAK3, STM32MP231CAL3, STM32MP231DAJ3, STM32MP231DAK3, STM32MP231DAL3, STM32MP231FAJ3, STM32MP231FAK3, STM32MP231FAL3, STM32MP233AAJ3, STM32MP233AAK3, STM32MP233AAL3, STM32MP233CAJ3, STM32MP233CAK3, STM32MP233CAL3, STM32MP233DAJ3, STM32MP233DAK3, STM32MP233DAL3, STM32MP233FAJ3, STM32MP233FAK3, STM32MP233FAL3, STM32MP235AAJ3, STM32MP235AAK3, STM32MP235AAL3, STM32MP235CAJ3, STM32MP235CAK3, STM32MP235CAL3, STM32MP235DAJ3, STM32MP235DAK3, STM32MP235DAL3, STM32MP235FAJ3, STM32MP235FAK3, STM32MP235FAL3, STM32MP251AAI3, STM32MP251AAJ3, STM32MP251AAK3, STM32MP251AAL3, STM32MP251CAI3, STM32MP251CAJ3, STM32MP251CAK3, STM32MP251CAL3, STM32MP251DAI3, STM32MP251DAJ3, STM32MP251DAK3, STM32MP251DAL3, STM32MP251FAI3, STM32MP251FAJ3, STM32MP251FAK3, STM32MP251FAL3, STM32MP253AAI3, STM32MP253AAJ3, STM32MP253AAK3, STM32MP253AAL3, STM32MP253CAI3, STM32MP253CAJ3, STM32MP253CAK3, STM32MP253CAL3, STM32MP253DAI3, STM32MP253DAJ3, STM32MP253DAK3, STM32MP253DAL3, STM32MP253FAI3, STM32MP253FAJ3, STM32MP253FAK3, STM32MP253FAL3, STM32MP255AAI3, STM32MP255AAJ3, STM32MP255AAK3, STM32MP255AAL3, STM32MP255CAI3, STM32MP255CAJ3, STM32MP255CAK3, STM32MP255CAL3, STM32MP255DAI3, STM32MP255DAJ3, STM32MP255DAK3, STM32MP255DAL3, STM32MP255FAI3, STM32MP255FAJ3, STM32MP255FAK3, STM32MP255FAL3, STM32MP257AAI3, STM32MP257AAJ3, STM32MP257AAK3, STM32MP257AAL3, STM32MP257CAI3, STM32MP257CAJ3, STM32MP257CAK3, STM32MP257CAL3, STM32MP257DAI3, STM32MP257DAJ3, STM32MP257DAK3, STM32MP257DAL3, STM32MP257F-DK, STM32MP257F-EV1, STM32MP257FAI3, STM32MP257FAJ3, STM32MP257FAK3, STM32MP257FAL3, STM32N645A0H3Q, STM32N645B0H3Q, STM32N645I0H3Q, STM32N645L0H3Q, STM32N645X0H3Q, STM32N645Z0H3Q, STM32N647A0H3Q, STM32N647B0H3Q, STM32N647I0H3Q, STM32N647L0H3Q, STM32N647X0H3Q, STM32N647Z0H3Q, STM32N655A0H3Q, STM32N655B0H3Q, STM32N655I0H3Q, STM32N655L0H3Q, STM32N655X0H3Q, STM32N655Z0H3Q, STM32N6570-DK, STM32N657A0H3Q, STM32N657B0H3Q, STM32N657I0H3Q, STM32N657L0H3Q, STM32N657X0H3Q, STM32N657Z0H3Q, STM32U031C6T6, STM32U031C6U6, STM32U031C8T6, STM32U031C8U6, STM32U031F4P6, STM32U031F6P6, STM32U031F8P6, STM32U031G6Y6TR, STM32U031G8Y6TR, STM32U031K4U6, STM32U031K6U6, STM32U031K8U6, STM32U031R6I6, STM32U031R6T6, STM32U031R8I6, STM32U031R8T6, STM32U073C8T6, STM32U073C8U6, STM32U073CBT6, STM32U073CBU6, STM32U073CCT6, STM32U073CCU6, STM32U073H8Y6TR, STM32U073HBY6TR, STM32U073HCY6TR, STM32U073K8U6, STM32U073KBU6, STM32U073KCU6, STM32U073M8I6, STM32U073M8T6, STM32U073MBI6, STM32U073MBT6, STM32U073MCI6, STM32U073MCT6, STM32U073R8I6, STM32U073R8T6, STM32U073RBI6, STM32U073RBT6, STM32U073RCI6, STM32U073RCT6, STM32U083C-DK, STM32U083CCT6, STM32U083CCU6, STM32U083HCY6TR, STM32U083KCU6, STM32U083MCI6, STM32U083MCT6, STM32U083RCI6, STM32U083RCT6, STM32U375CET6, STM32U375CET6Q, STM32U375CEU6, STM32U375CEU6Q, STM32U375CEY6QTR, STM32U375CGT6, STM32U375CGT6Q, STM32U375CGU6, STM32U375CGU6Q, STM32U375CGY6QTR, STM32U375KEU6, STM32U375KGU6, STM32U375REI6, STM32U375REI6Q, STM32U375RET6, STM32U375RET6Q, STM32U375REY6GTR, STM32U375REY6QTR, STM32U375RGI6, STM32U375RGI6Q, STM32U375RGT6, STM32U375RGT6Q, STM32U375RGY6GTR, STM32U375RGY6QTR, STM32U375VEI6, STM32U375VEI6Q, STM32U375VET6, STM32U375VET6Q, STM32U375VGI6, STM32U375VGI6Q, STM32U375VGT6, STM32U375VGT6Q, STM32U385CGT6, STM32U385CGT6Q, STM32U385CGU6, STM32U385CGU6Q, STM32U385CGY6QTR, STM32U385KGU6, STM32U385RGI6, STM32U385RGI6Q, STM32U385RGT6, STM32U385RGT6Q, STM32U385RGY6GTR, STM32U385RGY6QTR, STM32U385VGI6, STM32U385VGI6Q, STM32U385VGT6, STM32U385VGT6Q, STM32U535CBT6, STM32U535CBT6Q, STM32U535CBU6, STM32U535CBU6Q, STM32U535CCT6, STM32U535CCT6Q, STM32U535CCU6, STM32U535CCU6Q, STM32U535CET6, STM32U535CET6Q, STM32U535CEU6, STM32U535CEU6Q, STM32U535JEY6QTR, STM32U535NCY6QTR, STM32U535NEY6QTR, STM32U535RBI6, STM32U535RBI6Q, STM32U535RBT6, STM32U535RBT6Q, STM32U535RCI6, STM32U535RCI6Q, STM32U535RCT6, STM32U535RCT6Q, STM32U535REI6, STM32U535REI6Q, STM32U535RET6, STM32U535RET6Q, STM32U535VCI6, STM32U535VCI6Q, STM32U535VCT6, STM32U535VCT6Q, STM32U535VEI6, STM32U535VEI6Q, STM32U535VET6, STM32U535VET6Q, STM32U545CET6, STM32U545CET6Q, STM32U545CEU6, STM32U545CEU6Q, STM32U545JEY6QTR, STM32U545NEY6QTR, STM32U545REI6, STM32U545REI6Q, STM32U545RET6, STM32U545RET6Q, STM32U545VEI6, STM32U545VEI6Q, STM32U545VET6, STM32U545VET6Q, STM32U595AIH6, STM32U595AIH6Q, STM32U595AJH6, STM32U595AJH6Q, STM32U595QII6, STM32U595QII6Q, STM32U595QJI6, STM32U595QJI6Q, STM32U595RIT6, STM32U595RIT6Q, STM32U595RJT6, STM32U595RJT6Q, STM32U595VIT6, STM32U595VIT6Q, STM32U595VJT6, STM32U595VJT6Q, STM32U595ZIT6, STM32U595ZIT6Q, STM32U595ZIY6QTR, STM32U595ZJT6, STM32U595ZJT6Q, STM32U595ZJY6QTR, STM32U599BJY6QTR, STM32U599NIH6Q, STM32U599NJH6Q, STM32U599VIT6Q, STM32U599VJT6, STM32U599VJT6Q, STM32U599ZIT6Q, STM32U599ZIY6QTR, STM32U599ZJT6Q, STM32U599ZJY6QTR, STM32U5A5AJH6, STM32U5A5AJH6Q, STM32U5A5QII3Q , STM32U5A5QJI6, STM32U5A5QJI6Q, STM32U5A5RJT6, STM32U5A5RJT6Q, STM32U5A5VJT6, STM32U5A5VJT6Q, STM32U5A5ZJT6, STM32U5A5ZJT6Q, STM32U5A5ZJY6QTR, STM32U5A9BJY6QTR, STM32U5A9J-DK, STM32U5A9NJH6Q, STM32U5A9VJT6Q, STM32U5A9ZJT6Q, STM32U5A9ZJY6QTR, STM32U5F7VIT6, STM32U5F7VIT6Q, STM32U5F7VJT6, STM32U5F7VJT6Q, STM32U5F9BJY6QTR, STM32U5F9NJH6Q, STM32U5F9VIT6Q, STM32U5F9VJT6Q, STM32U5F9ZIJ6QTR, STM32U5F9ZIT6Q, STM32U5F9ZJJ6QTR, STM32U5F9ZJT6Q, STM32U5G7VJT6, STM32U5G7VJT6Q, STM32U5G9BJY6QTR, STM32U5G9J-DK1, STM32U5G9J-DK2, STM32U5G9NJH6Q, STM32U5G9VJT6Q, STM32U5G9ZJJ6QTR, STM32U5G9ZJT6Q, STM32WB05KZV6TR, STM32WB05KZV7TR, STM32WB05TZF6TR, STM32WB05TZF7TR, STM32WB06CCF6TR, STM32WB06CCF7TR, STM32WB06CCV6TR, STM32WB06CCV7TR, STM32WB06KCV6TR, STM32WB06KCV7TR, STM32WB07CCF6TR, STM32WB07CCF7TR, STM32WB07CCV6TR, STM32WB07CCV7TR, STM32WB07KCV6TR, STM32WB07KCV7TR, STM32WB09KEV6TR, STM32WB09KEV7TR, STM32WB09TEF6TR, STM32WB09TEF7TR, STM32WB1MMCH6, STM32WBA50KGU6, STM32WBA50KGU6TR, STM32WBA52CEU6, STM32WBA52CEU6TR, STM32WBA52CEU7, STM32WBA52CEU7TR, STM32WBA52CGU6, STM32WBA52CGU6TR, STM32WBA52CGU6U, STM32WBA52CGU7, STM32WBA52CGU7TR, STM32WBA52KEU6, STM32WBA52KEU6TR, STM32WBA52KGU6, STM32WBA52KGU6TR, STM32WBA54CEU6, STM32WBA54CEU6TR, STM32WBA54CEU7, STM32WBA54CEU7TR, STM32WBA54CGU6, STM32WBA54CGU6TR, STM32WBA54CGU7, STM32WBA54CGU7TR, STM32WBA54KEU6, STM32WBA54KEU6TR, STM32WBA54KEU7, STM32WBA54KEU7TR, STM32WBA54KGU6, STM32WBA54KGU6TR, STM32WBA54KGU7, STM32WBA54KGU7TR, STM32WBA55CEU6, STM32WBA55CEU6TR, STM32WBA55CEU7, STM32WBA55CEU7TR, STM32WBA55CGU6, STM32WBA55CGU6TR, STM32WBA55CGU6U, STM32WBA55CGU7, STM32WBA55CGU7TR, STM32WBA55G-DK1, STM32WBA55HEF6, STM32WBA55HEF7, STM32WBA55HGF6, STM32WBA55HGF7, STM32WBA55UEI6, STM32WBA55UEI6TR, STM32WBA55UEI7, STM32WBA55UEI7TR, STM32WBA55UGI6, STM32WBA55UGI6TR, STM32WBA55UGI7, STM32WBA55UGI7TR, STM32WBA5MJGH6TR, STM32WBA62CGU6, STM32WBA62CIU6, STM32WBA62MGF6, STM32WBA62MIF6, STM32WBA62PGI6, STM32WBA62PII6, STM32WBA63CGU6, STM32WBA63CGU7, STM32WBA63CIU6, STM32WBA63CIU7, STM32WBA64CGU6, STM32WBA64CGU7, STM32WBA64CIU6, STM32WBA64CIU7, STM32WBA65CGU6, STM32WBA65CGU7, STM32WBA65CIU6, STM32WBA65CIU7, STM32WBA65I-DK1, STM32WBA65MGF6, STM32WBA65MGF7, STM32WBA65MIF6, STM32WBA65MIF7, STM32WBA65PGI6, STM32WBA65PGI7, STM32WBA65PII6, STM32WBA65PII7, STM32WBA65RGV6, STM32WBA65RGV7, STM32WBA65RIV6, STM32WBA65RIV7, STM32WL30K8V6, STM32WL30KBV6, STM32WL31C8V6, STM32WL31CBV6, STM32WL31K8V6, STM32WL31KBV6, STM32WL33C8V6, STM32WL33C8V6TR, STM32WL33C8V7, STM32WL33C8V7TR, STM32WL33CBV6, STM32WL33CBV6TR, STM32WL33CBV7, STM32WL33CBV7TR, STM32WL33CCV6, STM32WL33CCV6TR, STM32WL33CCV7, STM32WL33CCV7A, STM32WL33CCV7ATR, STM32WL33CCV7TR, STM32WL33K8V6, STM32WL33K8V6TR, STM32WL33K8V7, STM32WL33K8V7TR, STM32WL33KBV6, STM32WL33KBV6TR, STM32WL33KBV7, STM32WL33KBV7TR, STM32WL33KCV6, STM32WL33KCV6TR, STM32WL33KCV7, STM32WL33KCV7TR, STM32WL5MOCH6, STM32WL5MOCH6TR]
2026-08-15 13:24:26,409 [INFO] DbMcus:218 - Found 5246 MCUs, 5093 are supported
2026-08-15 13:24:26,409 [INFO] ApiDb:423 - Load user favorites file /home/thuy/.stm32cubeide/favorites.mcus.txt: 0 item(s)
2026-08-15 13:24:26,409 [INFO] ApiDb:427 - User favorites MCUs=[]
2026-08-15 13:24:26,409 [INFO] DbMcus:224 - Set 0 / 0 favorites MCUs
2026-08-15 13:24:26,768 [INFO] BoardInfo:889 - No configuration file found for board NUCLEO-H5E5ZJ
2026-08-15 13:24:26,768 [INFO] DbBoards:161 - Board is not supported: NUCLEO-H5E5ZJ
2026-08-15 13:24:26,788 [INFO] BoardInfo:889 - No configuration file found for board NUCLEO-U3C5ZI-Q
2026-08-15 13:24:26,788 [INFO] DbBoards:161 - Board is not supported: NUCLEO-U3C5ZI-Q
2026-08-15 13:24:26,793 [INFO] BoardInfo:889 - No configuration file found for board NUCLEO-WBA25CE1
2026-08-15 13:24:26,794 [INFO] DbBoards:161 - Board is not supported: NUCLEO-WBA25CE1
2026-08-15 13:24:26,797 [INFO] BoardInfo:889 - No configuration file found for board NUCLEO-WL3RKB1
2026-08-15 13:24:26,797 [INFO] DbBoards:161 - Board is not supported: NUCLEO-WL3RKB1
2026-08-15 13:24:26,798 [INFO] BoardInfo:889 - No configuration file found for board NUCLEO-WL3RKB2
2026-08-15 13:24:26,798 [INFO] DbBoards:161 - Board is not supported: NUCLEO-WL3RKB2
2026-08-15 13:24:26,801 [INFO] BoardInfo:889 - No configuration file found for board P-NUCLEO-WB55
2026-08-15 13:24:26,801 [INFO] DbBoards:161 - Kit is not supported: P-NUCLEO-WB55
2026-08-15 13:24:26,803 [INFO] BoardInfo:889 - No configuration file found for board STEVAL-BFA001V1B
2026-08-15 13:24:26,804 [INFO] DbBoards:161 - Kit is not supported: STEVAL-BFA001V1B
2026-08-15 13:24:26,804 [INFO] BoardInfo:889 - No configuration file found for board STEVAL-BFA001V2B
2026-08-15 13:24:26,804 [INFO] DbBoards:161 - Kit is not supported: STEVAL-BFA001V2B
2026-08-15 13:24:26,842 [INFO] BoardInfo:889 - No configuration file found for board STM32H5F5J-DK
2026-08-15 13:24:26,842 [INFO] DbBoards:161 - Board is not supported: STM32H5F5J-DK
2026-08-15 13:24:26,864 [INFO] BoardInfo:889 - No configuration file found for board STM32MP215F-DK
2026-08-15 13:24:26,864 [INFO] DbBoards:161 - Board is not supported: STM32MP215F-DK
2026-08-15 13:24:26,887 [INFO] DbBoards:168 - Found 218 boards, 208 are supported
2026-08-15 13:24:26,887 [INFO] DbBoards:169 - Found 218 boards, 43 of them is supported for  Bsp
2026-08-15 13:24:26,891 [INFO] ApiDb:423 - Load user favorites file /home/thuy/.stm32cubeide/favorites.boards.txt: 0 item(s)
2026-08-15 13:24:26,891 [INFO] ApiDb:427 - User favorites Boards=[]
2026-08-15 13:24:26,891 [INFO] DbBoards:198 - Set 0 / 0 favorites Boards
2026-08-15 13:24:26,955 [INFO] UtilMem:75 - End LoadConfig() Used Memory: 209324344 Bytes (667942912)
2026-08-15 13:24:27,066 [WARN] ThirdParty:833 - waiting for thirdparty lock release [change project]
2026-08-15 13:24:27,066 [INFO] ThirdParty:835 - entering critical section [change project]
2026-08-15 13:24:27,067 [INFO] ThirdParty:1030 - CMSIS Pack Vendor :STMicroelectronics X-CUBE-AZRTOS-H7 3.5.0
2026-08-15 13:24:27,067 [INFO] ThirdParty:1030 - CMSIS Pack Vendor :STMicroelectronics X-CUBE-PM33A1 1.0.0
2026-08-15 13:24:27,067 [INFO] ThirdParty:1030 - CMSIS Pack Vendor :STMicroelectronics USBPD 4.1
2026-08-15 13:24:27,067 [INFO] ThirdParty:1030 - CMSIS Pack Vendor :STMicroelectronics X-CUBE-NFC9 1.0.0
2026-08-15 13:24:27,067 [INFO] ThirdParty:1030 - CMSIS Pack Vendor :STMicroelectronics USB_HOST 2.0.0
2026-08-15 13:24:27,067 [INFO] ThirdParty:1030 - CMSIS Pack Vendor :STMicroelectronics FP-ATR-ASTRA1 2.0.3
2026-08-15 13:24:27,067 [INFO] ThirdParty:1030 - CMSIS Pack Vendor :STMicroelectronics X-CUBE-AZRTOS-F4 1.1.0
2026-08-15 13:24:27,067 [INFO] ThirdParty:1030 - CMSIS Pack Vendor :STMicroelectronics LIBJPEG 8.0.0
2026-08-15 13:24:27,067 [INFO] ThirdParty:1030 - CMSIS Pack Vendor :STMicroelectronics FP-ATR-ASTRA1 2.0.2
2026-08-15 13:24:27,067 [INFO] ThirdParty:1030 - CMSIS Pack Vendor :STMicroelectronics X-CUBE-BLE1 7.1.0
2026-08-15 13:24:27,067 [INFO] ThirdParty:1030 - CMSIS Pack Vendor :wolfSSL I-CUBE-wolfMQTT 1.19.2
2026-08-15 13:24:27,067 [INFO] ThirdParty:1030 - CMSIS Pack Vendor :STMicroelectronics USB_DEVICE 3.0.0
2026-08-15 13:24:27,067 [INFO] ThirdParty:1030 - CMSIS Pack Vendor :STMicroelectronics X-CUBE-ISPU 2.1.0
2026-08-15 13:24:27,067 [INFO] ThirdParty:1030 - CMSIS Pack Vendor :STMicroelectronics X-CUBE-EEPRMA1 5.2.0
2026-08-15 13:24:27,067 [INFO] ThirdParty:1030 - CMSIS Pack Vendor :STMicroelectronics eDS-WB_DPC_TT-BIDIR 2.1.1
2026-08-15 13:24:27,067 [INFO] ThirdParty:1030 - CMSIS Pack Vendor :STMicroelectronics X-CUBE-AZRTOS-WB 2.0.0
2026-08-15 13:24:27,067 [INFO] ThirdParty:1030 - CMSIS Pack Vendor :STMicroelectronics X-CUBE-NFC12 1.0.0
2026-08-15 13:24:27,067 [INFO] ThirdParty:1030 - CMSIS Pack Vendor :STMicroelectronics X-CUBE-AZRTOS-F7 1.1.0
2026-08-15 13:24:27,067 [INFO] ThirdParty:1030 - CMSIS Pack Vendor :STMicroelectronics X-CUBE-AZRTOS-L5 2.0.0
2026-08-15 13:24:27,067 [INFO] ThirdParty:1030 - CMSIS Pack Vendor :STMicroelectronics USB_DEVICE 2.0.0
2026-08-15 13:24:27,067 [INFO] ThirdParty:1030 - CMSIS Pack Vendor :quantropi X-CUBE-qispace-sdk-base 2.1.0
2026-08-15 13:24:27,067 [INFO] ThirdParty:1030 - CMSIS Pack Vendor :STMicroelectronics X-CUBE-STSE01 2.0.0
2026-08-15 13:24:27,067 [INFO] ThirdParty:1030 - CMSIS Pack Vendor :STMicroelectronics X-CUBE-ALGOBUILD 1.5.0
2026-08-15 13:24:27,068 [INFO] ThirdParty:1030 - CMSIS Pack Vendor :STMicroelectronics FreeRTOS 0.0.1
2026-08-15 13:24:27,068 [INFO] ThirdParty:1030 - CMSIS Pack Vendor :STMicroelectronics X-CUBE-AZRTOS-H7RS 1.3.0
2026-08-15 13:24:27,068 [INFO] ThirdParty:1030 - CMSIS Pack Vendor :STMicroelectronics X-CUBE-AZRTOS-G0 1.1.0
2026-08-15 13:24:27,068 [INFO] ThirdParty:1030 - CMSIS Pack Vendor :STMicroelectronics X-CUBE-NFC4 3.0.0
2026-08-15 13:24:27,068 [INFO] ThirdParty:1030 - CMSIS Pack Vendor :STMicroelectronics X-CUBE-SUBG2 5.0.0
2026-08-15 13:24:27,068 [INFO] ThirdParty:1030 - CMSIS Pack Vendor :STMicroelectronics STM32_WPAN 1.0.0
2026-08-15 13:24:27,068 [INFO] ThirdParty:1030 - CMSIS Pack Vendor :STMicroelectronics eDS-WB_DPC_VIENNA 1.2.0
2026-08-15 13:24:27,068 [INFO] ThirdParty:1030 - CMSIS Pack Vendor :EmbeddedOffice I-CUBE-FS-RTOS 1.0.1
2026-08-15 13:24:27,068 [INFO] ThirdParty:1030 - CMSIS Pack Vendor :STMicroelectronics lwIP 2.0.3
2026-08-15 13:24:27,068 [INFO] ThirdParty:1030 - CMSIS Pack Vendor :STMicroelectronics X-CUBE-MEMS1 13.0.0
2026-08-15 13:24:27,068 [INFO] ThirdParty:1030 - CMSIS Pack Vendor :STMicroelectronics eDS-WB_DPC_3PH2L-BIDIR 1.1.1
2026-08-15 13:24:27,068 [INFO] ThirdParty:1030 - CMSIS Pack Vendor :STMicroelectronics USB_HOST 1.0.0
2026-08-15 13:24:27,068 [INFO] ThirdParty:1030 - CMSIS Pack Vendor :STMicroelectronics X-CUBE-AZRTOS-G4 2.0.0
2026-08-15 13:24:27,068 [INFO] ThirdParty:1030 - CMSIS Pack Vendor :STMicroelectronics PDM2PCM 3.1.0
2026-08-15 13:24:27,068 [INFO] ThirdParty:1030 - CMSIS Pack Vendor :STMicroelectronics PDM2PCM 3.3.0
2026-08-15 13:24:27,068 [INFO] ThirdParty:1030 - CMSIS Pack Vendor :wolfSSL I-CUBE-wolfTPM 3.8.0
2026-08-15 13:24:27,068 [INFO] ThirdParty:1030 - CMSIS Pack Vendor :STMicroelectronics X-CUBE-DISPLAY 3.0.0
2026-08-15 13:24:27,068 [INFO] ThirdParty:1030 - CMSIS Pack Vendor :wolfSSL I-CUBE-wolfSSH 1.4.20
2026-08-15 13:24:27,068 [INFO] ThirdParty:1030 - CMSIS Pack Vendor :STMicroelectronics X-CUBE-NFC7 2.0.0
2026-08-15 13:24:27,068 [INFO] ThirdParty:1030 - CMSIS Pack Vendor :STMicroelectronics X-CUBE-GNSS1 7.1.1
2026-08-15 13:24:27,068 [INFO] ThirdParty:1030 - CMSIS Pack Vendor :STMicroelectronics X-CUBE-TCPP 4.2.0
2026-08-15 13:24:27,068 [INFO] ThirdParty:1030 - CMSIS Pack Vendor :RealThread X-CUBE-RT-Thread_Nano 4.1.1
2026-08-15 13:24:27,068 [INFO] ThirdParty:1030 - CMSIS Pack Vendor :wolfSSL I-CUBE-wolfSSL 5.9.1
2026-08-15 13:24:27,068 [INFO] ThirdParty:1030 - CMSIS Pack Vendor :STMicroelectronics FP-ATR-SIGFOX1 3.2.0
2026-08-15 13:24:27,068 [INFO] ThirdParty:1030 - CMSIS Pack Vendor :STMicroelectronics X-CUBE-NFC10 1.0.0
2026-08-15 13:24:27,068 [INFO] ThirdParty:1030 - CMSIS Pack Vendor :STMicroelectronics HAL Drivers 0.0.0
2026-08-15 13:24:27,068 [INFO] ThirdParty:1030 - CMSIS Pack Vendor :STMicroelectronics MBEDTLS 2.16.2
2026-08-15 13:24:27,068 [INFO] ThirdParty:1030 - CMSIS Pack Vendor :STMicroelectronics X-CUBE-ST60 1.1.0
2026-08-15 13:24:27,068 [INFO] ThirdParty:1030 - CMSIS Pack Vendor :STMicroelectronics X-CUBE-ALS 1.0.2
2026-08-15 13:24:27,069 [INFO] ThirdParty:1030 - CMSIS Pack Vendor :emotas I-CUBE-CANOPEN 1.3.0
2026-08-15 13:24:27,069 [INFO] ThirdParty:1030 - CMSIS Pack Vendor :STMicroelectronics MBEDTLS 2.14.1
2026-08-15 13:24:27,069 [INFO] ThirdParty:1030 - CMSIS Pack Vendor :ITTIA_DB I-CUBE-ITTIADB 8.9.0
2026-08-15 13:24:27,069 [INFO] ThirdParty:1030 - CMSIS Pack Vendor :Cesanta I-CUBE-Mongoose 7.21.7
2026-08-15 13:24:27,069 [INFO] ThirdParty:1030 - CMSIS Pack Vendor :STMicroelectronics X-CUBE-TOUCHGFX 4.26.1
2026-08-15 13:24:27,069 [INFO] ThirdParty:1030 - CMSIS Pack Vendor :STMicroelectronics X-CUBE-NFC6 3.2.0
2026-08-15 13:24:27,069 [INFO] ThirdParty:1030 - CMSIS Pack Vendor :STMicroelectronics X-CUBE-AI 10.2.1
2026-08-15 13:24:27,069 [INFO] ThirdParty:1030 - CMSIS Pack Vendor :STMicroelectronics ThreadX 1.0.0
2026-08-15 13:24:27,069 [INFO] ThirdParty:1030 - CMSIS Pack Vendor :STMicroelectronics FP-SNS-SMARTAG2 1.2.0
2026-08-15 13:24:27,069 [INFO] ThirdParty:1030 - CMSIS Pack Vendor :STMicroelectronics X-CUBE-MEMS1 12.1.0
2026-08-15 13:24:27,069 [INFO] ThirdParty:1030 - CMSIS Pack Vendor :STMicroelectronics FP-SNS-FLIGHT1 5.1.0
2026-08-15 13:24:27,069 [INFO] ThirdParty:1030 - CMSIS Pack Vendor :STMicroelectronics X-CUBE-AZRTOS-WL 2.0.0
2026-08-15 13:24:27,069 [INFO] ThirdParty:1030 - CMSIS Pack Vendor :SEGGER I-CUBE-embOS 1.3.1
2026-08-15 13:24:27,069 [INFO] ThirdParty:1030 - CMSIS Pack Vendor :STMicroelectronics X-CUBE-DPower 1.3.0
2026-08-15 13:24:27,069 [INFO] ThirdParty:1030 - CMSIS Pack Vendor :STMicroelectronics USB_DEVICE 1.0.0
2026-08-15 13:24:27,069 [INFO] ThirdParty:1030 - CMSIS Pack Vendor :STMicroelectronics X-CUBE-AZRTOS-L4 2.0.0
2026-08-15 13:24:27,069 [INFO] ThirdParty:1030 - CMSIS Pack Vendor :STMicroelectronics ThreadX 0.0.2
2026-08-15 13:24:27,069 [INFO] ThirdParty:1030 - CMSIS Pack Vendor :STMicroelectronics lwIP 2.1.2
2026-08-15 13:24:27,069 [INFO] ThirdParty:1030 - CMSIS Pack Vendor :STMicroelectronics X-CUBE-SFXS2LP1 4.0.0
2026-08-15 13:24:27,070 [INFO] ThirdParty:1030 - CMSIS Pack Vendor :STMicroelectronics X-CUBE-BLE2 3.3.0
2026-08-15 13:24:27,070 [INFO] ThirdParty:1030 - CMSIS Pack Vendor :Avnet-IOTCONNECT X-CUBE-iotc-st67-sdk 1.0.0
2026-08-15 13:24:27,070 [INFO] ThirdParty:1030 - CMSIS Pack Vendor :STMicroelectronics X-CUBE-TOF1 3.4.3
2026-08-15 13:24:27,070 [INFO] ThirdParty:1030 - CMSIS Pack Vendor :Infineon AIROC-Wi-Fi-Bluetooth-STM32 1.8.0
2026-08-15 13:24:27,070 [INFO] ThirdParty:1030 - CMSIS Pack Vendor :STMicroelectronics X-CUBE-NFC13 1.0.0
2026-08-15 13:24:27,070 [INFO] ThirdParty:1030 - CMSIS Pack Vendor :STMicroelectronics PDM2PCM 3.2.0
2026-08-15 13:24:27,070 [INFO] ThirdParty:1030 - CMSIS Pack Vendor :STMicroelectronics X-CUBE-WB05N 2.1.0
2026-08-15 13:24:27,070 [INFO] ThirdParty:841 - exiting critical section [change project]
2026-08-15 13:24:27,356 [INFO] PinOutPanel:1589 - setPackage(No Configuration,No Configuration)
2026-08-15 13:24:27,357 [INFO] PinOutPanel:1589 - setPackage(STM32F411CEUx,UFQFPN48)
2026-08-15 13:24:27,571 [INFO] UtilMem:75 - Before build in PCC Used Memory: 377115256 Bytes (667942912)
2026-08-15 13:24:27,992 [INFO] UtilMem:75 - After build in PCC Used Memory: 518597840 Bytes (667942912)
2026-08-15 13:24:28,016 [INFO] IPUIPlugin:80 - create IPUIPlugin
2026-08-15 13:24:28,016 [INFO] IPUIPlugin:80 - create IPUIPlugin
2026-08-15 13:24:28,016 [INFO] IPUIPlugin:80 - create IPUIPlugin
2026-08-15 13:24:28,016 [INFO] IPUIPlugin:80 - create IPUIPlugin
2026-08-15 13:24:28,016 [INFO] IPUIPlugin:80 - create IPUIPlugin
2026-08-15 13:24:28,016 [INFO] IPUIPlugin:80 - create IPUIPlugin
2026-08-15 13:24:28,017 [INFO] IPUIPlugin:80 - create IPUIPlugin
2026-08-15 13:24:28,017 [INFO] IPUIPlugin:80 - create IPUIPlugin
2026-08-15 13:24:28,017 [INFO] IPUIPlugin:80 - create IPUIPlugin
2026-08-15 13:24:28,017 [INFO] IPUIPlugin:80 - create IPUIPlugin
2026-08-15 13:24:28,017 [INFO] IPUIPlugin:80 - create IPUIPlugin
2026-08-15 13:24:28,017 [INFO] IPUIPlugin:80 - create IPUIPlugin
2026-08-15 13:24:28,017 [INFO] IPUIPlugin:80 - create IPUIPlugin
2026-08-15 13:24:28,017 [INFO] IPUIPlugin:80 - create IPUIPlugin
2026-08-15 13:24:28,017 [INFO] IPUIPlugin:80 - create IPUIPlugin
2026-08-15 13:24:28,018 [INFO] IPUIPlugin:80 - create IPUIPlugin
2026-08-15 13:24:28,018 [INFO] IPUIPlugin:80 - create IPUIPlugin
2026-08-15 13:24:28,018 [INFO] IPUIPlugin:80 - create IPUIPlugin
2026-08-15 13:24:28,018 [INFO] IPUIPlugin:80 - create IPUIPlugin
2026-08-15 13:24:28,018 [INFO] IPUIPlugin:80 - create IPUIPlugin
2026-08-15 13:24:28,018 [INFO] IPUIPlugin:80 - create IPUIPlugin
2026-08-15 13:24:28,018 [INFO] IPUIPlugin:80 - create IPUIPlugin
2026-08-15 13:24:28,018 [INFO] IPUIPlugin:80 - create IPUIPlugin
2026-08-15 13:24:28,018 [INFO] IPUIPlugin:80 - create IPUIPlugin
2026-08-15 13:24:28,018 [INFO] IPUIPlugin:80 - create IPUIPlugin
2026-08-15 13:24:28,018 [INFO] IPUIPlugin:80 - create IPUIPlugin
2026-08-15 13:24:28,018 [INFO] IPUIPlugin:80 - create IPUIPlugin
2026-08-15 13:24:28,019 [INFO] IPUIPlugin:80 - create IPUIPlugin
2026-08-15 13:24:28,019 [INFO] IPUIPlugin:80 - create IPUIPlugin
2026-08-15 13:24:28,019 [INFO] IPUIPlugin:80 - create IPUIPlugin
2026-08-15 13:24:28,019 [INFO] IPUIPlugin:80 - create IPUIPlugin
2026-08-15 13:24:28,019 [INFO] IPUIPlugin:80 - create IPUIPlugin
2026-08-15 13:24:28,019 [INFO] IPUIPlugin:80 - create IPUIPlugin
2026-08-15 13:24:28,019 [INFO] IPUIPlugin:80 - create IPUIPlugin
2026-08-15 13:24:28,019 [INFO] IPUIPlugin:80 - create IPUIPlugin
2026-08-15 13:24:28,020 [INFO] IPUIPlugin:80 - create IPUIPlugin
2026-08-15 13:24:28,020 [INFO] IPUIPlugin:80 - create IPUIPlugin
2026-08-15 13:24:28,020 [INFO] IPUIPlugin:80 - create IPUIPlugin
2026-08-15 13:24:28,020 [INFO] IPUIPlugin:80 - create IPUIPlugin
2026-08-15 13:24:28,020 [INFO] IPUIPlugin:80 - create IPUIPlugin
2026-08-15 13:24:28,020 [INFO] IPUIPlugin:80 - create IPUIPlugin
2026-08-15 13:24:28,020 [INFO] IPUIPlugin:80 - create IPUIPlugin
2026-08-15 13:24:28,021 [INFO] IPUIPlugin:80 - create IPUIPlugin
2026-08-15 13:24:28,045 [INFO] ApiDbMcu:508 - Load IP Config File for PDM2PCM
2026-08-15 13:24:28,050 [WARN] IP:2250 - I2C_Coeff_DF not found: check if there is a RefParameter without a condition.
2026-08-15 13:24:28,051 [WARN] IP:2250 - Analog_Filter not found: check if there is a RefParameter without a condition.
2026-08-15 13:24:28,185 [INFO] CADModel:165 - CPN selected for project levelSTM32F411CEU6
2026-08-15 13:24:28,185 [INFO] CADModel:114 - Register for checkConnection events
2026-08-15 13:24:28,223 [INFO] OpenFileManager:385 - Restore cursor
2026-08-15 13:24:28,372 [WARN] IP:2250 - I2C_Coeff_DF not found: check if there is a RefParameter without a condition.
2026-08-15 13:24:28,372 [WARN] IP:2250 - Analog_Filter not found: check if there is a RefParameter without a condition.
2026-08-15 13:24:28,372 [WARN] IP:2250 - I2C_Coeff_DF not found: check if there is a RefParameter without a condition.
2026-08-15 13:24:28,372 [WARN] IP:2250 - Analog_Filter not found: check if there is a RefParameter without a condition.
2026-08-15 13:24:31,439 [ERROR] LogOutputStream:75 - [STDERR_REDIRECT] Aug 15, 2026 1:24:31 PM java.util.prefs.FileSystemPreferences checkLockFile0ErrorCode
2026-08-15 13:24:31,439 [ERROR] LogOutputStream:75 - [STDERR_REDIRECT] WARNING: Could not lock System prefs. Unix error code 2.
2026-08-15 13:24:31,439 [ERROR] LogOutputStream:75 - [STDERR_REDIRECT] 
2026-08-15 13:24:31,439 [ERROR] LogOutputStream:75 - [STDERR_REDIRECT] Aug 15, 2026 1:24:31 PM java.util.prefs.FileSystemPreferences syncWorld
2026-08-15 13:24:31,439 [ERROR] LogOutputStream:75 - [STDERR_REDIRECT] WARNING: Couldn't flush system prefs: java.util.prefs.BackingStoreException: Couldn't get file lock.
2026-08-15 13:24:31,439 [ERROR] LogOutputStream:75 - [STDERR_REDIRECT] 
2026-08-15 13:24:49,309 [INFO] MainUpdater:2872 - connection check result : 10
2026-08-15 13:24:49,309 [INFO] MainUpdater:2872 - connection check result : 10
2026-08-15 13:24:49,378 [INFO] MicroXplorer:468 - Change Database Path : 
2026-08-15 13:24:49,378 [INFO] MicroXplorer:498 - Change Database Version : DB.6.0.140
2026-08-15 13:24:49,385 [ERROR] ProjectManagerView:394 - 
java.lang.NullPointerException: Cannot invoke "javax.swing.JTextField.getText()" because the return value of "java.util.List.get(int)" is null
	at com.st.microxplorer.plugins.projectmanager.gui.ProjectChoiceTab$9.caretUpdate(ProjectChoiceTab.java:2678) ~[filemanager.jar:?]
	at javax.swing.text.JTextComponent.fireCaretUpdate(JTextComponent.java:408) ~[?:?]
	at javax.swing.text.JTextComponent$MutableCaretEvent.fire(JTextComponent.java:4484) ~[?:?]
	at javax.swing.text.JTextComponent$MutableCaretEvent.stateChanged(JTextComponent.java:4506) ~[?:?]
	at javax.swing.text.DefaultCaret.fireStateChanged(DefaultCaret.java:857) ~[?:?]
	at javax.swing.text.DefaultCaret.changeCaretPosition(DefaultCaret.java:1343) ~[?:?]
	at javax.swing.text.DefaultCaret.handleSetDot(DefaultCaret.java:1242) ~[?:?]
	at javax.swing.text.DefaultCaret.setDot(DefaultCaret.java:1223) ~[?:?]
	at javax.swing.text.DefaultCaret$Handler.insertUpdate(DefaultCaret.java:1819) ~[?:?]
	at javax.swing.text.AbstractDocument.fireInsertUpdate(AbstractDocument.java:227) ~[?:?]
	at javax.swing.text.AbstractDocument.handleInsertString(AbstractDocument.java:781) ~[?:?]
	at javax.swing.text.AbstractDocument.insertString(AbstractDocument.java:740) ~[?:?]
	at javax.swing.text.PlainDocument.insertString(PlainDocument.java:131) ~[?:?]
	at javax.swing.text.AbstractDocument.replace(AbstractDocument.java:699) ~[?:?]
	at javax.swing.text.JTextComponent.setText(JTextComponent.java:1725) ~[?:?]
	at com.st.microxplorer.plugins.projectmanager.gui.ProjectChoiceTab.createHeapStackFields(ProjectChoiceTab.java:979) ~[filemanager.jar:?]
	at com.st.microxplorer.plugins.projectmanager.gui.ProjectChoiceTab.buildLinkSettingsPanel(ProjectChoiceTab.java:3766) ~[filemanager.jar:?]
	at com.st.microxplorer.plugins.projectmanager.gui.ProjectChoiceTab.defineWindowsFields(ProjectChoiceTab.java:1962) ~[filemanager.jar:?]
	at com.st.microxplorer.plugins.projectmanager.gui.ProjectChoiceTab.updateSettings(ProjectChoiceTab.java:555) ~[filemanager.jar:?]
	at com.st.microxplorer.plugins.projectmanager.gui.ProjectSettingsPanel.UpdateDialog(ProjectSettingsPanel.java:245) ~[filemanager.jar:?]
	at com.st.microxplorer.plugins.projectmanager.ProjectManagerView.propertyChange(ProjectManagerView.java:391) ~[filemanager.jar:?]
	at java.beans.PropertyChangeSupport.fire(PropertyChangeSupport.java:343) ~[?:?]
	at java.beans.PropertyChangeSupport.firePropertyChange(PropertyChangeSupport.java:335) ~[?:?]
	at java.beans.PropertyChangeSupport.firePropertyChange(PropertyChangeSupport.java:268) ~[?:?]
	at com.st.microxplorer.util.MXPropertyChangeSupport.firePropertyChange(MXPropertyChangeSupport.java:54) ~[STM32CubeMX.jar:?]
	at com.st.microxplorer.mxsystem.MxSystem.closeConfig(MxSystem.java:899) ~[STM32CubeMX.jar:?]
	at com.st.microxplorer.maingui.MainPanel.closeConfig(MainPanel.java:789) ~[STM32CubeMX.jar:?]
	at com.st.microxplorer.plugins.filemanager.engine.OpenFileManager.loadConfigurationFile(OpenFileManager.java:287) ~[filemanager.jar:?]
	at com.st.microxplorer.plugins.filemanager.engine.MainFileManager.userLoadConfig(MainFileManager.java:341) ~[filemanager.jar:?]
	at com.st.microxplorer.plugins.filemanager.engine.MainFileManager.userLoadConfig(MainFileManager.java:319) ~[filemanager.jar:?]
	at com.st.microxplorer.plugins.filemanager.FileManagerView.getSpecificTask(FileManagerView.java:246) ~[filemanager.jar:?]
	at com.st.stm32cube.common.mx.editor.CubeMxEditor.getMxTabbedPaneInstance(CubeMxEditor.java:1198) ~[com.st.stm32cube.common.mx_6.14.0.202502271554/:?]
	at com.st.stm32cube.common.mx.editor.CubeMxEditor$12$1.createSwingComponent(CubeMxEditor.java:1068) ~[com.st.stm32cube.common.mx_6.14.0.202502271554/:?]
	at com.st.stm32cube.common.mx.oss.core.awtswtbridge.EmbeddedSwingComposite.doComponentCreation(EmbeddedSwingComposite.java:492) ~[com.st.stm32cube.common.mx.oss_6.14.0.202502271554/:?]
	at com.st.stm32cube.common.mx.oss.core.awtswtbridge.EmbeddedSwingComposite$4.run(EmbeddedSwingComposite.java:291) ~[com.st.stm32cube.common.mx.oss_6.14.0.202502271554/:?]
	at com.st.stm32cube.common.mx.oss.core.awtswtbridge.AwtEnvironment$2.run(AwtEnvironment.java:166) ~[com.st.stm32cube.common.mx.oss_6.14.0.202502271554/:?]
	at java.awt.event.InvocationEvent.dispatch(InvocationEvent.java:318) ~[?:?]
	at java.awt.EventQueue.dispatchEventImpl(EventQueue.java:773) ~[?:?]
	at java.awt.EventQueue$4.run(EventQueue.java:720) ~[?:?]
	at java.awt.EventQueue$4.run(EventQueue.java:714) ~[?:?]
	at java.security.AccessController.doPrivileged(AccessController.java:400) ~[?:?]
	at java.security.ProtectionDomain$JavaSecurityAccessImpl.doIntersectionPrivilege(ProtectionDomain.java:87) ~[?:?]
	at java.awt.EventQueue.dispatchEvent(EventQueue.java:742) ~[?:?]
	at java.awt.EventDispatchThread.pumpOneEventForFilters(EventDispatchThread.java:203) ~[?:?]
	at java.awt.EventDispatchThread.pumpEventsForFilter(EventDispatchThread.java:124) ~[?:?]
	at java.awt.EventDispatchThread.pumpEventsForHierarchy(EventDispatchThread.java:113) ~[?:?]
	at java.awt.EventDispatchThread.pumpEvents(EventDispatchThread.java:109) ~[?:?]
	at java.awt.EventDispatchThread.pumpEvents(EventDispatchThread.java:101) ~[?:?]
	at java.awt.EventDispatchThread.run(EventDispatchThread.java:90) ~[?:?]
2026-08-15 13:24:49,389 [WARN] ThirdParty:871 - waiting for thirdparty lock release [close project]
2026-08-15 13:24:49,389 [INFO] ThirdParty:873 - entering critical section [close project]
2026-08-15 13:24:49,389 [INFO] ThirdParty:883 - exiting critical section [close project]
2026-08-15 13:24:49,390 [INFO] PinOutPanel:1589 - setPackage(No Configuration,No Configuration)
2026-08-15 13:24:49,401 [WARN] IpParametersView:155 - Warning: This peripheral hasn't parameters
2026-08-15 13:24:49,408 [WARN] MainPanel:289 - <html><b><center>Warning: This peripheral has no parameters to be configured<br></b></html>
2026-08-15 13:24:49,416 [INFO] UtilMem:75 - Begin LoadConfig() Used Memory: 263071544 Bytes (667942912)
2026-08-15 13:24:49,416 [INFO] MicroXplorer:468 - Change Database Path : 
2026-08-15 13:24:49,416 [INFO] MicroXplorer:498 - Change Database Version : DB.6.0.140
2026-08-15 13:24:49,416 [INFO] OpenFileManager:354 - Change cursor
2026-08-15 13:24:49,420 [INFO] Mcu:2011 - Initializing MCU STM32F411C(C-E)Ux STM32F411CEUx STM32F411CEU6
2026-08-15 13:24:49,798 [INFO] Context:756 - Trying to add GPIOservice into a context  which must be forbidden
2026-08-15 13:24:50,063 [INFO] ImportTextPane:218 - (OptionalMessage_ERROR) Pin22 (VP_RIF_VS_RIF1) cannot be retrieved for this MCU
2026-08-15 13:24:50,080 [INFO] RtosManager:558 - Registered RTOS mode: class=CMSIS, group=RTOS, mode=CMSIS_V1, owner=FREERTOS
2026-08-15 13:24:50,080 [INFO] RtosManager:558 - Registered RTOS mode: class=CMSIS, group=RTOS2, mode=CMSIS_V2, owner=FREERTOS
2026-08-15 13:24:50,080 [INFO] RtosManager:558 - Registered RTOS mode: class=RTOS, group=Core, mode=CMSIS_V1, owner=FREERTOS
2026-08-15 13:24:50,080 [INFO] RtosManager:558 - Registered RTOS mode: class=RTOS, group=Core, mode=CMSIS_V2, owner=FREERTOS
2026-08-15 13:24:50,080 [WARN] ModelIntegratedComponent:184 - Missing modes for component STMicroelectronics:FreeRTOS:0.0.1:STMicroelectronics:RTOS:FreeRTOS:Core:::10.2.0:
2026-08-15 13:24:50,107 [WARN] ModelIntegratedComponent:182 - Modes not found for component STMicroelectronics:USB_HOST:1.0.0:STMicroelectronics:USB::USB Host:Audio HS::1.0:USB_HOST_1_0_RESTRICTED_HS
2026-08-15 13:24:50,107 [WARN] ModelIntegratedComponent:188 - Modes not found for component STMicroelectronics:USB_HOST:1.0.0:STMicroelectronics:USB::USB Host:Audio HS::1.0:USB_HOST_1_0_RESTRICTED_HS
2026-08-15 13:24:50,107 [WARN] ModelIntegratedComponent:182 - Modes not found for component STMicroelectronics:USB_HOST:1.0.0:STMicroelectronics:USB::USB Host:CDC HS::1.0:USB_HOST_1_0_RESTRICTED_HS
2026-08-15 13:24:50,107 [WARN] ModelIntegratedComponent:188 - Modes not found for component STMicroelectronics:USB_HOST:1.0.0:STMicroelectronics:USB::USB Host:CDC HS::1.0:USB_HOST_1_0_RESTRICTED_HS
2026-08-15 13:24:50,108 [WARN] ModelIntegratedComponent:182 - Modes not found for component STMicroelectronics:USB_HOST:1.0.0:STMicroelectronics:USB::USB Host:MSC HS::1.0:USB_HOST_1_0_RESTRICTED_HS
2026-08-15 13:24:50,108 [WARN] ModelIntegratedComponent:188 - Modes not found for component STMicroelectronics:USB_HOST:1.0.0:STMicroelectronics:USB::USB Host:MSC HS::1.0:USB_HOST_1_0_RESTRICTED_HS
2026-08-15 13:24:50,108 [WARN] ModelIntegratedComponent:182 - Modes not found for component STMicroelectronics:USB_HOST:1.0.0:STMicroelectronics:USB::USB Host:HID HS::1.0:USB_HOST_1_0_RESTRICTED_HS
2026-08-15 13:24:50,108 [WARN] ModelIntegratedComponent:188 - Modes not found for component STMicroelectronics:USB_HOST:1.0.0:STMicroelectronics:USB::USB Host:HID HS::1.0:USB_HOST_1_0_RESTRICTED_HS
2026-08-15 13:24:50,108 [WARN] ModelIntegratedComponent:182 - Modes not found for component STMicroelectronics:USB_HOST:1.0.0:STMicroelectronics:USB::USB Host:MTP HS::1.0:USB_HOST_1_0_RESTRICTED_HS
2026-08-15 13:24:50,108 [WARN] ModelIntegratedComponent:188 - Modes not found for component STMicroelectronics:USB_HOST:1.0.0:STMicroelectronics:USB::USB Host:MTP HS::1.0:USB_HOST_1_0_RESTRICTED_HS
2026-08-15 13:24:50,110 [WARN] ModelIntegratedComponent:63 - No mode defined for component null
2026-08-15 13:24:50,110 [WARN] ModelIntegratedComponent:63 - No mode defined for component null
2026-08-15 13:24:50,110 [WARN] ModelIntegratedComponent:63 - No mode defined for component null
2026-08-15 13:24:50,110 [WARN] ModelIntegratedComponent:63 - No mode defined for component null
2026-08-15 13:24:50,110 [WARN] ModelIntegratedComponent:63 - No mode defined for component null
2026-08-15 13:24:50,110 [WARN] ModelIntegratedComponent:63 - No mode defined for component null
2026-08-15 13:24:50,110 [WARN] ModelIntegratedComponent:63 - No mode defined for component null
2026-08-15 13:24:50,110 [WARN] ModelIntegratedComponent:63 - No mode defined for component null
2026-08-15 13:24:50,110 [WARN] ModelIntegratedComponent:63 - No mode defined for component null
2026-08-15 13:24:50,110 [WARN] ModelIntegratedComponent:63 - No mode defined for component null
2026-08-15 13:24:50,110 [WARN] ModelIntegratedComponent:63 - No mode defined for component null
2026-08-15 13:24:50,110 [WARN] ModelIntegratedComponent:63 - No mode defined for component null
2026-08-15 13:24:50,110 [WARN] ModelIntegratedComponent:63 - No mode defined for component null
2026-08-15 13:24:50,110 [WARN] ModelIntegratedComponent:63 - No mode defined for component null
2026-08-15 13:24:50,110 [WARN] ModelIntegratedComponent:63 - No mode defined for component null
2026-08-15 13:24:50,110 [WARN] ModelIntegratedComponent:63 - No mode defined for component null
2026-08-15 13:24:50,110 [WARN] ModelIntegratedComponent:63 - No mode defined for component null
2026-08-15 13:24:50,110 [WARN] ModelIntegratedComponent:63 - No mode defined for component null
2026-08-15 13:24:50,110 [WARN] ModelIntegratedComponent:63 - No mode defined for component null
2026-08-15 13:24:50,110 [WARN] ModelIntegratedComponent:63 - No mode defined for component null
2026-08-15 13:24:50,110 [WARN] ModelIntegratedComponent:63 - No mode defined for component null
2026-08-15 13:24:50,110 [WARN] ModelIntegratedComponent:63 - No mode defined for component null
2026-08-15 13:24:50,110 [WARN] ModelIntegratedComponent:63 - No mode defined for component null
2026-08-15 13:24:50,110 [WARN] ModelIntegratedComponent:63 - No mode defined for component null
2026-08-15 13:24:50,111 [WARN] ModelIntegratedComponent:63 - No mode defined for component null
2026-08-15 13:24:50,111 [WARN] ModelIntegratedComponent:63 - No mode defined for component null
2026-08-15 13:24:50,111 [WARN] ModelIntegratedComponent:63 - No mode defined for component null
2026-08-15 13:24:50,111 [WARN] ModelIntegratedComponent:63 - No mode defined for component null
2026-08-15 13:24:50,111 [WARN] ModelIntegratedComponent:63 - No mode defined for component null
2026-08-15 13:24:50,111 [WARN] ModelIntegratedComponent:63 - No mode defined for component null
2026-08-15 13:24:50,111 [WARN] ModelIntegratedComponent:63 - No mode defined for component null
2026-08-15 13:24:50,111 [WARN] ModelIntegratedComponent:63 - No mode defined for component null
2026-08-15 13:24:50,111 [WARN] ModelIntegratedComponent:63 - No mode defined for component null
2026-08-15 13:24:50,111 [WARN] ModelIntegratedComponent:63 - No mode defined for component null
2026-08-15 13:24:50,111 [WARN] ModelIntegratedComponent:63 - No mode defined for component null
2026-08-15 13:24:50,111 [WARN] ModelPack:524 - Component already loaded: STMicroelectronics:HAL Drivers:0.0.0:STMicroelectronics:Device:STMicro_Driver:XSPI:HAL::0.0.1:HAL_XSPI
2026-08-15 13:24:50,153 [WARN] ModelIntegratedComponent:182 - Modes not found for component STMicroelectronics:USB_DEVICE:1.0.0:STMicroelectronics:USB::USB Device:Audio HS::1.0:USB_DEVICE_1_0_RESTRICTED_HS
2026-08-15 13:24:50,153 [WARN] ModelIntegratedComponent:188 - Modes not found for component STMicroelectronics:USB_DEVICE:1.0.0:STMicroelectronics:USB::USB Device:Audio HS::1.0:USB_DEVICE_1_0_RESTRICTED_HS
2026-08-15 13:24:50,153 [WARN] ModelIntegratedComponent:182 - Modes not found for component STMicroelectronics:USB_DEVICE:1.0.0:STMicroelectronics:USB::USB Device:CDC HS::1.0:USB_DEVICE_1_0_RESTRICTED_HS
2026-08-15 13:24:50,154 [WARN] ModelIntegratedComponent:188 - Modes not found for component STMicroelectronics:USB_DEVICE:1.0.0:STMicroelectronics:USB::USB Device:CDC HS::1.0:USB_DEVICE_1_0_RESTRICTED_HS
2026-08-15 13:24:50,154 [WARN] ModelIntegratedComponent:182 - Modes not found for component STMicroelectronics:USB_DEVICE:1.0.0:STMicroelectronics:USB::USB Device:DFU HS::1.0:USB_DEVICE_1_0_RESTRICTED_HS
2026-08-15 13:24:50,154 [WARN] ModelIntegratedComponent:188 - Modes not found for component STMicroelectronics:USB_DEVICE:1.0.0:STMicroelectronics:USB::USB Device:DFU HS::1.0:USB_DEVICE_1_0_RESTRICTED_HS
2026-08-15 13:24:50,154 [WARN] ModelIntegratedComponent:182 - Modes not found for component STMicroelectronics:USB_DEVICE:1.0.0:STMicroelectronics:USB::USB Device:HID HS::1.0:USB_DEVICE_1_0_RESTRICTED_HS
2026-08-15 13:24:50,154 [WARN] ModelIntegratedComponent:188 - Modes not found for component STMicroelectronics:USB_DEVICE:1.0.0:STMicroelectronics:USB::USB Device:HID HS::1.0:USB_DEVICE_1_0_RESTRICTED_HS
2026-08-15 13:24:50,154 [WARN] ModelIntegratedComponent:182 - Modes not found for component STMicroelectronics:USB_DEVICE:1.0.0:STMicroelectronics:USB::USB Device:Custom HID HS::1.0:USB_DEVICE_1_0_RESTRICTED_HS
2026-08-15 13:24:50,154 [WARN] ModelIntegratedComponent:188 - Modes not found for component STMicroelectronics:USB_DEVICE:1.0.0:STMicroelectronics:USB::USB Device:Custom HID HS::1.0:USB_DEVICE_1_0_RESTRICTED_HS
2026-08-15 13:24:50,154 [WARN] ModelIntegratedComponent:182 - Modes not found for component STMicroelectronics:USB_DEVICE:1.0.0:STMicroelectronics:USB::USB Device:MSC HS::1.0:USB_DEVICE_1_0_RESTRICTED_HS
2026-08-15 13:24:50,154 [WARN] ModelIntegratedComponent:188 - Modes not found for component STMicroelectronics:USB_DEVICE:1.0.0:STMicroelectronics:USB::USB Device:MSC HS::1.0:USB_DEVICE_1_0_RESTRICTED_HS
2026-08-15 13:24:50,168 [INFO] ThirdPartyModel:298 - Start build external matchings
2026-08-15 13:24:50,461 [INFO] ThirdPartyModel:316 - End build external matchings
2026-08-15 13:24:50,468 [INFO] ImportTextPane:218 - (OptionalMessage_ERROR) IP (DMA) : Parameter (Instance) has Id (SPI1_RX) currently not set
2026-08-15 13:24:50,468 [INFO] ImportTextPane:218 - (OptionalMessage_ERROR) IP (DMA) : Parameter (Channel) has Id (SPI1_RX) currently not set
2026-08-15 13:24:50,468 [INFO] ImportTextPane:218 - (OptionalMessage_ERROR) IP (DMA) : Parameter (Direction) has Id (SPI1_RX) currently not set
2026-08-15 13:24:50,468 [INFO] ImportTextPane:218 - (OptionalMessage_ERROR) IP (DMA) : Parameter (PeriphInc) has Id (SPI1_RX) currently not set
2026-08-15 13:24:50,468 [INFO] ImportTextPane:218 - (OptionalMessage_ERROR) IP (DMA) : Parameter (MemInc) has Id (SPI1_RX) currently not set
2026-08-15 13:24:50,469 [INFO] ImportTextPane:218 - (OptionalMessage_ERROR) IP (DMA) : Parameter (PeriphDataAlignment) has Id (SPI1_RX) currently not set
2026-08-15 13:24:50,469 [INFO] ImportTextPane:218 - (OptionalMessage_ERROR) IP (DMA) : Parameter (MemDataAlignment) has Id (SPI1_RX) currently not set
2026-08-15 13:24:50,469 [INFO] ImportTextPane:218 - (OptionalMessage_ERROR) IP (DMA) : Parameter (Mode) has Id (SPI1_RX) currently not set
2026-08-15 13:24:50,469 [INFO] ImportTextPane:218 - (OptionalMessage_ERROR) IP (DMA) : Parameter (Priority) has Id (SPI1_RX) currently not set
2026-08-15 13:24:50,469 [INFO] ImportTextPane:218 - (OptionalMessage_ERROR) IP (DMA) : Parameter (FIFOMode) has Id (SPI1_RX) currently not set
2026-08-15 13:24:50,470 [INFO] ImportTextPane:218 - (OptionalMessage_ERROR) IP (RCC) : Parameter (RTCHSEDivFreq_Value) has invalid value (12500000)
2026-08-15 13:24:50,580 [INFO] UtilMem:75 - End LoadConfig() Used Memory: 469533136 Bytes (667942912)
2026-08-15 13:24:50,585 [WARN] ThirdParty:833 - waiting for thirdparty lock release [change project]
2026-08-15 13:24:50,586 [INFO] ThirdParty:835 - entering critical section [change project]
2026-08-15 13:24:50,586 [INFO] ThirdParty:1030 - CMSIS Pack Vendor :STMicroelectronics X-CUBE-AZRTOS-H7 3.5.0
2026-08-15 13:24:50,586 [INFO] ThirdParty:1030 - CMSIS Pack Vendor :STMicroelectronics X-CUBE-PM33A1 1.0.0
2026-08-15 13:24:50,586 [INFO] ThirdParty:1030 - CMSIS Pack Vendor :STMicroelectronics USBPD 4.1
2026-08-15 13:24:50,586 [INFO] ThirdParty:1030 - CMSIS Pack Vendor :STMicroelectronics X-CUBE-NFC9 1.0.0
2026-08-15 13:24:50,586 [INFO] ThirdParty:1030 - CMSIS Pack Vendor :STMicroelectronics USB_HOST 2.0.0
2026-08-15 13:24:50,586 [INFO] ThirdParty:1030 - CMSIS Pack Vendor :STMicroelectronics FP-ATR-ASTRA1 2.0.3
2026-08-15 13:24:50,586 [INFO] ThirdParty:1030 - CMSIS Pack Vendor :STMicroelectronics X-CUBE-AZRTOS-F4 1.1.0
2026-08-15 13:24:50,586 [INFO] ThirdParty:1030 - CMSIS Pack Vendor :STMicroelectronics LIBJPEG 8.0.0
2026-08-15 13:24:50,586 [INFO] ThirdParty:1030 - CMSIS Pack Vendor :STMicroelectronics FP-ATR-ASTRA1 2.0.2
2026-08-15 13:24:50,586 [INFO] ThirdParty:1030 - CMSIS Pack Vendor :STMicroelectronics X-CUBE-BLE1 7.1.0
2026-08-15 13:24:50,586 [INFO] ThirdParty:1030 - CMSIS Pack Vendor :wolfSSL I-CUBE-wolfMQTT 1.19.2
2026-08-15 13:24:50,586 [INFO] ThirdParty:1030 - CMSIS Pack Vendor :STMicroelectronics USB_DEVICE 3.0.0
2026-08-15 13:24:50,586 [INFO] ThirdParty:1030 - CMSIS Pack Vendor :STMicroelectronics X-CUBE-ISPU 2.1.0
2026-08-15 13:24:50,586 [INFO] ThirdParty:1030 - CMSIS Pack Vendor :STMicroelectronics X-CUBE-EEPRMA1 5.2.0
2026-08-15 13:24:50,586 [INFO] ThirdParty:1030 - CMSIS Pack Vendor :STMicroelectronics eDS-WB_DPC_TT-BIDIR 2.1.1
2026-08-15 13:24:50,586 [INFO] ThirdParty:1030 - CMSIS Pack Vendor :STMicroelectronics X-CUBE-AZRTOS-WB 2.0.0
2026-08-15 13:24:50,586 [INFO] ThirdParty:1030 - CMSIS Pack Vendor :STMicroelectronics X-CUBE-NFC12 1.0.0
2026-08-15 13:24:50,586 [INFO] ThirdParty:1030 - CMSIS Pack Vendor :STMicroelectronics X-CUBE-AZRTOS-F7 1.1.0
2026-08-15 13:24:50,586 [INFO] ThirdParty:1030 - CMSIS Pack Vendor :STMicroelectronics X-CUBE-AZRTOS-L5 2.0.0
2026-08-15 13:24:50,586 [INFO] ThirdParty:1030 - CMSIS Pack Vendor :STMicroelectronics USB_DEVICE 2.0.0
2026-08-15 13:24:50,586 [INFO] ThirdParty:1030 - CMSIS Pack Vendor :quantropi X-CUBE-qispace-sdk-base 2.1.0
2026-08-15 13:24:50,586 [INFO] ThirdParty:1030 - CMSIS Pack Vendor :STMicroelectronics X-CUBE-STSE01 2.0.0
2026-08-15 13:24:50,586 [INFO] ThirdParty:1030 - CMSIS Pack Vendor :STMicroelectronics X-CUBE-ALGOBUILD 1.5.0
2026-08-15 13:24:50,586 [INFO] ThirdParty:1030 - CMSIS Pack Vendor :STMicroelectronics FreeRTOS 0.0.1
2026-08-15 13:24:50,586 [INFO] ThirdParty:1030 - CMSIS Pack Vendor :STMicroelectronics X-CUBE-AZRTOS-H7RS 1.3.0
2026-08-15 13:24:50,586 [INFO] ThirdParty:1030 - CMSIS Pack Vendor :STMicroelectronics X-CUBE-AZRTOS-G0 1.1.0
2026-08-15 13:24:50,586 [INFO] ThirdParty:1030 - CMSIS Pack Vendor :STMicroelectronics X-CUBE-NFC4 3.0.0
2026-08-15 13:24:50,586 [INFO] ThirdParty:1030 - CMSIS Pack Vendor :STMicroelectronics X-CUBE-SUBG2 5.0.0
2026-08-15 13:24:50,586 [INFO] ThirdParty:1030 - CMSIS Pack Vendor :STMicroelectronics STM32_WPAN 1.0.0
2026-08-15 13:24:50,587 [INFO] ThirdParty:1030 - CMSIS Pack Vendor :STMicroelectronics eDS-WB_DPC_VIENNA 1.2.0
2026-08-15 13:24:50,587 [INFO] ThirdParty:1030 - CMSIS Pack Vendor :EmbeddedOffice I-CUBE-FS-RTOS 1.0.1
2026-08-15 13:24:50,587 [INFO] ThirdParty:1030 - CMSIS Pack Vendor :STMicroelectronics lwIP 2.0.3
2026-08-15 13:24:50,587 [INFO] ThirdParty:1030 - CMSIS Pack Vendor :STMicroelectronics X-CUBE-MEMS1 13.0.0
2026-08-15 13:24:50,587 [INFO] ThirdParty:1030 - CMSIS Pack Vendor :STMicroelectronics eDS-WB_DPC_3PH2L-BIDIR 1.1.1
2026-08-15 13:24:50,587 [INFO] ThirdParty:1030 - CMSIS Pack Vendor :STMicroelectronics USB_HOST 1.0.0
2026-08-15 13:24:50,587 [INFO] ThirdParty:1030 - CMSIS Pack Vendor :STMicroelectronics X-CUBE-AZRTOS-G4 2.0.0
2026-08-15 13:24:50,587 [INFO] ThirdParty:1030 - CMSIS Pack Vendor :STMicroelectronics PDM2PCM 3.1.0
2026-08-15 13:24:50,587 [INFO] ThirdParty:1030 - CMSIS Pack Vendor :STMicroelectronics PDM2PCM 3.3.0
2026-08-15 13:24:50,587 [INFO] ThirdParty:1030 - CMSIS Pack Vendor :wolfSSL I-CUBE-wolfTPM 3.8.0
2026-08-15 13:24:50,587 [INFO] ThirdParty:1030 - CMSIS Pack Vendor :STMicroelectronics X-CUBE-DISPLAY 3.0.0
2026-08-15 13:24:50,587 [INFO] ThirdParty:1030 - CMSIS Pack Vendor :wolfSSL I-CUBE-wolfSSH 1.4.20
2026-08-15 13:24:50,587 [INFO] ThirdParty:1030 - CMSIS Pack Vendor :STMicroelectronics X-CUBE-NFC7 2.0.0
2026-08-15 13:24:50,587 [INFO] ThirdParty:1030 - CMSIS Pack Vendor :STMicroelectronics X-CUBE-GNSS1 7.1.1
2026-08-15 13:24:50,587 [INFO] ThirdParty:1030 - CMSIS Pack Vendor :STMicroelectronics X-CUBE-TCPP 4.2.0
2026-08-15 13:24:50,587 [INFO] ThirdParty:1030 - CMSIS Pack Vendor :RealThread X-CUBE-RT-Thread_Nano 4.1.1
2026-08-15 13:24:50,587 [INFO] ThirdParty:1030 - CMSIS Pack Vendor :wolfSSL I-CUBE-wolfSSL 5.9.1
2026-08-15 13:24:50,587 [INFO] ThirdParty:1030 - CMSIS Pack Vendor :STMicroelectronics FP-ATR-SIGFOX1 3.2.0
2026-08-15 13:24:50,587 [INFO] ThirdParty:1030 - CMSIS Pack Vendor :STMicroelectronics X-CUBE-NFC10 1.0.0
2026-08-15 13:24:50,587 [INFO] ThirdParty:1030 - CMSIS Pack Vendor :STMicroelectronics HAL Drivers 0.0.0
2026-08-15 13:24:50,587 [INFO] ThirdParty:1030 - CMSIS Pack Vendor :STMicroelectronics MBEDTLS 2.16.2
2026-08-15 13:24:50,587 [INFO] ThirdParty:1030 - CMSIS Pack Vendor :STMicroelectronics X-CUBE-ST60 1.1.0
2026-08-15 13:24:50,587 [INFO] ThirdParty:1030 - CMSIS Pack Vendor :STMicroelectronics X-CUBE-ALS 1.0.2
2026-08-15 13:24:50,587 [INFO] ThirdParty:1030 - CMSIS Pack Vendor :emotas I-CUBE-CANOPEN 1.3.0
2026-08-15 13:24:50,587 [INFO] ThirdParty:1030 - CMSIS Pack Vendor :STMicroelectronics MBEDTLS 2.14.1
2026-08-15 13:24:50,587 [INFO] ThirdParty:1030 - CMSIS Pack Vendor :ITTIA_DB I-CUBE-ITTIADB 8.9.0
2026-08-15 13:24:50,587 [INFO] ThirdParty:1030 - CMSIS Pack Vendor :Cesanta I-CUBE-Mongoose 7.21.7
2026-08-15 13:24:50,587 [INFO] ThirdParty:1030 - CMSIS Pack Vendor :STMicroelectronics X-CUBE-TOUCHGFX 4.26.1
2026-08-15 13:24:50,587 [INFO] ThirdParty:1030 - CMSIS Pack Vendor :STMicroelectronics X-CUBE-NFC6 3.2.0
2026-08-15 13:24:50,587 [INFO] ThirdParty:1030 - CMSIS Pack Vendor :STMicroelectronics X-CUBE-AI 10.2.1
2026-08-15 13:24:50,587 [INFO] ThirdParty:1030 - CMSIS Pack Vendor :STMicroelectronics ThreadX 1.0.0
2026-08-15 13:24:50,587 [INFO] ThirdParty:1030 - CMSIS Pack Vendor :STMicroelectronics FP-SNS-SMARTAG2 1.2.0
2026-08-15 13:24:50,587 [INFO] ThirdParty:1030 - CMSIS Pack Vendor :STMicroelectronics X-CUBE-MEMS1 12.1.0
2026-08-15 13:24:50,587 [INFO] ThirdParty:1030 - CMSIS Pack Vendor :STMicroelectronics FP-SNS-FLIGHT1 5.1.0
2026-08-15 13:24:50,587 [INFO] ThirdParty:1030 - CMSIS Pack Vendor :STMicroelectronics X-CUBE-AZRTOS-WL 2.0.0
2026-08-15 13:24:50,588 [INFO] ThirdParty:1030 - CMSIS Pack Vendor :SEGGER I-CUBE-embOS 1.3.1
2026-08-15 13:24:50,588 [INFO] ThirdParty:1030 - CMSIS Pack Vendor :STMicroelectronics X-CUBE-DPower 1.3.0
2026-08-15 13:24:50,588 [INFO] ThirdParty:1030 - CMSIS Pack Vendor :STMicroelectronics USB_DEVICE 1.0.0
2026-08-15 13:24:50,588 [INFO] ThirdParty:1030 - CMSIS Pack Vendor :STMicroelectronics X-CUBE-AZRTOS-L4 2.0.0
2026-08-15 13:24:50,588 [INFO] ThirdParty:1030 - CMSIS Pack Vendor :STMicroelectronics ThreadX 0.0.2
2026-08-15 13:24:50,588 [INFO] ThirdParty:1030 - CMSIS Pack Vendor :STMicroelectronics lwIP 2.1.2
2026-08-15 13:24:50,588 [INFO] ThirdParty:1030 - CMSIS Pack Vendor :STMicroelectronics X-CUBE-SFXS2LP1 4.0.0
2026-08-15 13:24:50,588 [INFO] ThirdParty:1030 - CMSIS Pack Vendor :STMicroelectronics X-CUBE-BLE2 3.3.0
2026-08-15 13:24:50,588 [INFO] ThirdParty:1030 - CMSIS Pack Vendor :Avnet-IOTCONNECT X-CUBE-iotc-st67-sdk 1.0.0
2026-08-15 13:24:50,588 [INFO] ThirdParty:1030 - CMSIS Pack Vendor :STMicroelectronics X-CUBE-TOF1 3.4.3
2026-08-15 13:24:50,588 [INFO] ThirdParty:1030 - CMSIS Pack Vendor :Infineon AIROC-Wi-Fi-Bluetooth-STM32 1.8.0
2026-08-15 13:24:50,588 [INFO] ThirdParty:1030 - CMSIS Pack Vendor :STMicroelectronics X-CUBE-NFC13 1.0.0
2026-08-15 13:24:50,588 [INFO] ThirdParty:1030 - CMSIS Pack Vendor :STMicroelectronics PDM2PCM 3.2.0
2026-08-15 13:24:50,588 [INFO] ThirdParty:1030 - CMSIS Pack Vendor :STMicroelectronics X-CUBE-WB05N 2.1.0
2026-08-15 13:24:50,588 [INFO] ThirdParty:841 - exiting critical section [change project]
2026-08-15 13:24:50,766 [INFO] PinOutPanel:1589 - setPackage(No Configuration,No Configuration)
2026-08-15 13:24:50,767 [INFO] PinOutPanel:1589 - setPackage(STM32F411CEUx,UFQFPN48)
2026-08-15 13:24:50,862 [INFO] UtilMem:75 - Before build in PCC Used Memory: 596641792 Bytes (667942912)
2026-08-15 13:24:51,009 [INFO] UtilMem:75 - After build in PCC Used Memory: 286930392 Bytes (667942912)
2026-08-15 13:24:51,022 [INFO] IPUIPlugin:80 - create IPUIPlugin
2026-08-15 13:24:51,022 [INFO] IPUIPlugin:80 - create IPUIPlugin
2026-08-15 13:24:51,022 [INFO] IPUIPlugin:80 - create IPUIPlugin
2026-08-15 13:24:51,022 [INFO] IPUIPlugin:80 - create IPUIPlugin
2026-08-15 13:24:51,022 [INFO] IPUIPlugin:80 - create IPUIPlugin
2026-08-15 13:24:51,023 [INFO] IPUIPlugin:80 - create IPUIPlugin
2026-08-15 13:24:51,023 [INFO] IPUIPlugin:80 - create IPUIPlugin
2026-08-15 13:24:51,023 [INFO] IPUIPlugin:80 - create IPUIPlugin
2026-08-15 13:24:51,023 [INFO] IPUIPlugin:80 - create IPUIPlugin
2026-08-15 13:24:51,023 [INFO] IPUIPlugin:80 - create IPUIPlugin
2026-08-15 13:24:51,023 [INFO] IPUIPlugin:80 - create IPUIPlugin
2026-08-15 13:24:51,023 [INFO] IPUIPlugin:80 - create IPUIPlugin
2026-08-15 13:24:51,023 [INFO] IPUIPlugin:80 - create IPUIPlugin
2026-08-15 13:24:51,023 [INFO] IPUIPlugin:80 - create IPUIPlugin
2026-08-15 13:24:51,023 [INFO] IPUIPlugin:80 - create IPUIPlugin
2026-08-15 13:24:51,023 [INFO] IPUIPlugin:80 - create IPUIPlugin
2026-08-15 13:24:51,024 [INFO] IPUIPlugin:80 - create IPUIPlugin
2026-08-15 13:24:51,024 [INFO] IPUIPlugin:80 - create IPUIPlugin
2026-08-15 13:24:51,024 [INFO] IPUIPlugin:80 - create IPUIPlugin
2026-08-15 13:24:51,024 [INFO] IPUIPlugin:80 - create IPUIPlugin
2026-08-15 13:24:51,024 [INFO] IPUIPlugin:80 - create IPUIPlugin
2026-08-15 13:24:51,024 [INFO] IPUIPlugin:80 - create IPUIPlugin
2026-08-15 13:24:51,024 [INFO] IPUIPlugin:80 - create IPUIPlugin
2026-08-15 13:24:51,024 [INFO] IPUIPlugin:80 - create IPUIPlugin
2026-08-15 13:24:51,024 [INFO] IPUIPlugin:80 - create IPUIPlugin
2026-08-15 13:24:51,024 [INFO] IPUIPlugin:80 - create IPUIPlugin
2026-08-15 13:24:51,024 [INFO] IPUIPlugin:80 - create IPUIPlugin
2026-08-15 13:24:51,025 [INFO] IPUIPlugin:80 - create IPUIPlugin
2026-08-15 13:24:51,025 [INFO] IPUIPlugin:80 - create IPUIPlugin
2026-08-15 13:24:51,025 [INFO] IPUIPlugin:80 - create IPUIPlugin
2026-08-15 13:24:51,025 [INFO] IPUIPlugin:80 - create IPUIPlugin
2026-08-15 13:24:51,025 [INFO] IPUIPlugin:80 - create IPUIPlugin
2026-08-15 13:24:51,025 [INFO] IPUIPlugin:80 - create IPUIPlugin
2026-08-15 13:24:51,025 [INFO] IPUIPlugin:80 - create IPUIPlugin
2026-08-15 13:24:51,025 [INFO] IPUIPlugin:80 - create IPUIPlugin
2026-08-15 13:24:51,025 [INFO] IPUIPlugin:80 - create IPUIPlugin
2026-08-15 13:24:51,026 [INFO] IPUIPlugin:80 - create IPUIPlugin
2026-08-15 13:24:51,026 [INFO] IPUIPlugin:80 - create IPUIPlugin
2026-08-15 13:24:51,026 [INFO] IPUIPlugin:80 - create IPUIPlugin
2026-08-15 13:24:51,026 [INFO] IPUIPlugin:80 - create IPUIPlugin
2026-08-15 13:24:51,026 [INFO] IPUIPlugin:80 - create IPUIPlugin
2026-08-15 13:24:51,026 [INFO] IPUIPlugin:80 - create IPUIPlugin
2026-08-15 13:24:51,027 [INFO] IPUIPlugin:80 - create IPUIPlugin
2026-08-15 13:24:51,028 [INFO] ApiDbMcu:508 - Load IP Config File for PDM2PCM
2026-08-15 13:24:51,029 [WARN] IP:2250 - I2C_Coeff_DF not found: check if there is a RefParameter without a condition.
2026-08-15 13:24:51,029 [WARN] IP:2250 - Analog_Filter not found: check if there is a RefParameter without a condition.
2026-08-15 13:24:51,065 [INFO] CADModel:165 - CPN selected for project levelSTM32F411CEU6
2026-08-15 13:24:51,065 [INFO] CADModel:114 - Register for checkConnection events
2026-08-15 13:24:51,102 [INFO] OpenFileManager:385 - Restore cursor
2026-08-15 13:24:51,221 [WARN] IP:2250 - I2C_Coeff_DF not found: check if there is a RefParameter without a condition.
2026-08-15 13:24:51,221 [WARN] IP:2250 - Analog_Filter not found: check if there is a RefParameter without a condition.
2026-08-15 13:24:51,221 [WARN] IP:2250 - I2C_Coeff_DF not found: check if there is a RefParameter without a condition.
2026-08-15 13:24:51,221 [WARN] IP:2250 - Analog_Filter not found: check if there is a RefParameter without a condition.
2026-08-15 13:25:01,439 [ERROR] LogOutputStream:75 - [STDERR_REDIRECT] Aug 15, 2026 1:25:01 PM java.util.prefs.FileSystemPreferences checkLockFile0ErrorCode
2026-08-15 13:25:01,439 [ERROR] LogOutputStream:75 - [STDERR_REDIRECT] WARNING: Could not lock System prefs. Unix error code 2.
2026-08-15 13:25:01,439 [ERROR] LogOutputStream:75 - [STDERR_REDIRECT] 
2026-08-15 13:25:01,439 [ERROR] LogOutputStream:75 - [STDERR_REDIRECT] Aug 15, 2026 1:25:01 PM java.util.prefs.FileSystemPreferences syncWorld
2026-08-15 13:25:01,440 [ERROR] LogOutputStream:75 - [STDERR_REDIRECT] WARNING: Couldn't flush system prefs: java.util.prefs.BackingStoreException: Couldn't get file lock.
2026-08-15 13:25:01,440 [ERROR] LogOutputStream:75 - [STDERR_REDIRECT] 
2026-08-15 13:25:25,252 [WARN] IP:2250 - I2C_Coeff_DF not found: check if there is a RefParameter without a condition.
2026-08-15 13:25:25,253 [WARN] IP:2250 - Analog_Filter not found: check if there is a RefParameter without a condition.
2026-08-15 13:25:25,253 [WARN] IP:2250 - I2C_Coeff_DF not found: check if there is a RefParameter without a condition.
2026-08-15 13:25:25,253 [WARN] IP:2250 - Analog_Filter not found: check if there is a RefParameter without a condition.
2026-08-15 13:25:31,438 [ERROR] LogOutputStream:75 - [STDERR_REDIRECT] Aug 15, 2026 1:25:31 PM java.util.prefs.FileSystemPreferences checkLockFile0ErrorCode
2026-08-15 13:25:31,438 [ERROR] LogOutputStream:75 - [STDERR_REDIRECT] WARNING: Could not lock System prefs. Unix error code 2.
2026-08-15 13:25:31,438 [ERROR] LogOutputStream:75 - [STDERR_REDIRECT] 
2026-08-15 13:25:31,439 [ERROR] LogOutputStream:75 - [STDERR_REDIRECT] Aug 15, 2026 1:25:31 PM java.util.prefs.FileSystemPreferences syncWorld
2026-08-15 13:25:31,439 [ERROR] LogOutputStream:75 - [STDERR_REDIRECT] WARNING: Couldn't flush system prefs: java.util.prefs.BackingStoreException: Couldn't get file lock.
2026-08-15 13:25:31,439 [ERROR] LogOutputStream:75 - [STDERR_REDIRECT] 
2026-08-15 13:26:01,439 [ERROR] LogOutputStream:75 - [STDERR_REDIRECT] Aug 15, 2026 1:26:01 PM java.util.prefs.FileSystemPreferences checkLockFile0ErrorCode
2026-08-15 13:26:01,439 [ERROR] LogOutputStream:75 - [STDERR_REDIRECT] WARNING: Could not lock System prefs. Unix error code 2.
2026-08-15 13:26:01,439 [ERROR] LogOutputStream:75 - [STDERR_REDIRECT] 
2026-08-15 13:26:01,440 [ERROR] LogOutputStream:75 - [STDERR_REDIRECT] Aug 15, 2026 1:26:01 PM java.util.prefs.FileSystemPreferences syncWorld
2026-08-15 13:26:01,440 [ERROR] LogOutputStream:75 - [STDERR_REDIRECT] WARNING: Couldn't flush system prefs: java.util.prefs.BackingStoreException: Couldn't get file lock.
2026-08-15 13:26:01,440 [ERROR] LogOutputStream:75 - [STDERR_REDIRECT] 
2026-08-15 13:26:31,437 [ERROR] LogOutputStream:75 - [STDERR_REDIRECT] Aug 15, 2026 1:26:31 PM java.util.prefs.FileSystemPreferences checkLockFile0ErrorCode
2026-08-15 13:26:31,437 [ERROR] LogOutputStream:75 - [STDERR_REDIRECT] WARNING: Could not lock System prefs. Unix error code 2.
2026-08-15 13:26:31,437 [ERROR] LogOutputStream:75 - [STDERR_REDIRECT] 
2026-08-15 13:26:31,446 [ERROR] LogOutputStream:75 - [STDERR_REDIRECT] Aug 15, 2026 1:26:31 PM java.util.prefs.FileSystemPreferences syncWorld
2026-08-15 13:26:31,446 [ERROR] LogOutputStream:75 - [STDERR_REDIRECT] WARNING: Couldn't flush system prefs: java.util.prefs.BackingStoreException: Couldn't get file lock.
2026-08-15 13:26:31,446 [ERROR] LogOutputStream:75 - [STDERR_REDIRECT] 
2026-08-15 13:27:01,437 [ERROR] LogOutputStream:75 - [STDERR_REDIRECT] Aug 15, 2026 1:27:01 PM java.util.prefs.FileSystemPreferences checkLockFile0ErrorCode
2026-08-15 13:27:01,437 [ERROR] LogOutputStream:75 - [STDERR_REDIRECT] WARNING: Could not lock System prefs. Unix error code 2.
2026-08-15 13:27:01,437 [ERROR] LogOutputStream:75 - [STDERR_REDIRECT] 
2026-08-15 13:27:01,437 [ERROR] LogOutputStream:75 - [STDERR_REDIRECT] Aug 15, 2026 1:27:01 PM java.util.prefs.FileSystemPreferences syncWorld
2026-08-15 13:27:01,437 [ERROR] LogOutputStream:75 - [STDERR_REDIRECT] WARNING: Couldn't flush system prefs: java.util.prefs.BackingStoreException: Couldn't get file lock.
2026-08-15 13:27:01,437 [ERROR] LogOutputStream:75 - [STDERR_REDIRECT] 
2026-08-15 13:27:04,118 [WARN] IP:2250 - I2C_Coeff_DF not found: check if there is a RefParameter without a condition.
2026-08-15 13:27:04,118 [WARN] IP:2250 - Analog_Filter not found: check if there is a RefParameter without a condition.
2026-08-15 13:27:04,118 [WARN] IP:2250 - I2C_Coeff_DF not found: check if there is a RefParameter without a condition.
2026-08-15 13:27:04,118 [WARN] IP:2250 - Analog_Filter not found: check if there is a RefParameter without a condition.
2026-08-15 13:27:04,224 [WARN] IP:2250 - I2C_Coeff_DF not found: check if there is a RefParameter without a condition.
2026-08-15 13:27:04,225 [WARN] IP:2250 - Analog_Filter not found: check if there is a RefParameter without a condition.
2026-08-15 13:27:04,225 [WARN] IP:2250 - I2C_Coeff_DF not found: check if there is a RefParameter without a condition.
2026-08-15 13:27:04,225 [WARN] IP:2250 - Analog_Filter not found: check if there is a RefParameter without a condition.
2026-08-15 13:27:06,237 [INFO] UtilMem:75 - End SaveConfig() Used Memory: 314736736 Bytes (667942912)
2026-08-15 13:27:06,274 [INFO] UtilMem:75 - End SaveConfig() Used Memory: 329939040 Bytes (667942912)
2026-08-15 13:27:06,540 [INFO] UtilMem:75 - End SaveConfig() Used Memory: 360347744 Bytes (667942912)
2026-08-15 13:27:06,882 [INFO] BlockDiagram:2775 - set Specific Code input for plugin: SPI
2026-08-15 13:27:06,882 [INFO] BlockDiagram:2775 - set Specific Code input for plugin: NVIC
2026-08-15 13:27:06,882 [INFO] BlockDiagram:2775 - set Specific Code input for plugin: USART
2026-08-15 13:27:06,883 [INFO] BlockDiagram:2775 - set Specific Code input for plugin: DMA
2026-08-15 13:27:06,883 [INFO] BlockDiagram:2775 - set Specific Code input for plugin: TIM1_8
2026-08-15 13:27:06,883 [INFO] BlockDiagram:2775 - set Specific Code input for plugin: SYS
2026-08-15 13:27:06,883 [INFO] BlockDiagram:2775 - set Specific Code input for plugin: GPIO
2026-08-15 13:27:06,883 [INFO] BlockDiagram:2775 - set Specific Code input for plugin: ADC
2026-08-15 13:27:06,883 [INFO] BlockDiagram:2775 - set Specific Code input for plugin: RCC
2026-08-15 13:27:06,883 [INFO] BlockDiagram:2775 - set Specific Code input for plugin: I2C
2026-08-15 13:27:06,883 [INFO] CodeGenerator:882 - code generatio: config db path: /opt/st/stm32cubeide_1.18.0/plugins/com.st.stm32cube.common.mx_6.14.0.202502271554//db/
2026-08-15 13:27:06,892 [WARN] IP:2250 - I2C_Coeff_DF not found: check if there is a RefParameter without a condition.
2026-08-15 13:27:06,892 [WARN] IP:2250 - Analog_Filter not found: check if there is a RefParameter without a condition.
2026-08-15 13:27:07,074 [INFO] CodeEngine:263 - oldGeneratedFile, /home/thuy/embedded/project/Quadcopter-STM32F4/STM32-Fly_Controller/MXTmpFiles/license.tmp_save
2026-08-15 13:27:07,301 [INFO] CodeEngine:287 - Generated code: /home/thuy/embedded/project/Quadcopter-STM32F4/STM32-Fly_Controller/MXTmpFiles/license.tmp
2026-08-15 13:27:07,330 [INFO] CodeEngine:263 - oldGeneratedFile, /home/thuy/embedded/project/Quadcopter-STM32F4/STM32-Fly_Controller/MXTmpFiles/gpio.tmp_save
2026-08-15 13:27:07,409 [INFO] CodeEngine:287 - Generated code: /home/thuy/embedded/project/Quadcopter-STM32F4/STM32-Fly_Controller/MXTmpFiles/gpio.tmp
2026-08-15 13:27:07,602 [INFO] CodeEngine:263 - oldGeneratedFile, /home/thuy/embedded/project/Quadcopter-STM32F4/STM32-Fly_Controller/MXTmpFiles/dma.tmp_save
2026-08-15 13:27:07,651 [INFO] CodeEngine:287 - Generated code: /home/thuy/embedded/project/Quadcopter-STM32F4/STM32-Fly_Controller/MXTmpFiles/dma.tmp
2026-08-15 13:27:07,652 [INFO] CodeEngine:263 - oldGeneratedFile, /home/thuy/embedded/project/Quadcopter-STM32F4/STM32-Fly_Controller/MXTmpFiles/dma_GV.tmp_save
2026-08-15 13:27:07,693 [INFO] CodeEngine:287 - Generated code: /home/thuy/embedded/project/Quadcopter-STM32F4/STM32-Fly_Controller/MXTmpFiles/dma_GV.tmp
2026-08-15 13:27:07,697 [INFO] CodeEngine:263 - oldGeneratedFile, /home/thuy/embedded/project/Quadcopter-STM32F4/STM32-Fly_Controller/Core/Src/stm32f4xx_it.c_save
2026-08-15 13:27:07,757 [INFO] CodeEngine:287 - Generated code: /home/thuy/embedded/project/Quadcopter-STM32F4/STM32-Fly_Controller/Core/Src/stm32f4xx_it.c
2026-08-15 13:27:07,758 [INFO] CodeEngine:263 - oldGeneratedFile, /home/thuy/embedded/project/Quadcopter-STM32F4/STM32-Fly_Controller/Core/Inc/stm32f4xx_it.h_save
2026-08-15 13:27:07,800 [INFO] CodeEngine:287 - Generated code: /home/thuy/embedded/project/Quadcopter-STM32F4/STM32-Fly_Controller/Core/Inc/stm32f4xx_it.h
2026-08-15 13:27:07,804 [INFO] CodeEngine:263 - oldGeneratedFile, /home/thuy/embedded/project/Quadcopter-STM32F4/STM32-Fly_Controller/Core/Src/stm32f4xx_hal_msp.c_save
2026-08-15 13:27:07,922 [INFO] CodeEngine:287 - Generated code: /home/thuy/embedded/project/Quadcopter-STM32F4/STM32-Fly_Controller/Core/Src/stm32f4xx_hal_msp.c
2026-08-15 13:27:07,923 [INFO] CodeEngine:263 - oldGeneratedFile, /home/thuy/embedded/project/Quadcopter-STM32F4/STM32-Fly_Controller/MXTmpFiles/system.tmp_save
2026-08-15 13:27:07,963 [INFO] CodeEngine:287 - Generated code: /home/thuy/embedded/project/Quadcopter-STM32F4/STM32-Fly_Controller/MXTmpFiles/system.tmp
2026-08-15 13:27:07,966 [INFO] CodeEngine:319 - oldGeneratedFile, /home/thuy/embedded/project/Quadcopter-STM32F4/STM32-Fly_Controller/Core/Inc/stm32f4xx_hal_conf.h_save
2026-08-15 13:27:08,012 [INFO] CodeEngine:343 - Generated code: /home/thuy/embedded/project/Quadcopter-STM32F4/STM32-Fly_Controller/Core/Inc/stm32f4xx_hal_conf.h
2026-08-15 13:27:08,036 [INFO] ApiDbMcu:508 - Load IP Config File for ADC1
2026-08-15 13:27:08,040 [INFO] ApiDbMcu:508 - Load IP Config File for I2C1
2026-08-15 13:27:08,043 [INFO] ApiDbMcu:508 - Load IP Config File for SPI1
2026-08-15 13:27:08,075 [INFO] ApiDbMcu:508 - Load IP Config File for TIM2
2026-08-15 13:27:08,079 [INFO] ApiDbMcu:508 - Load IP Config File for USART1
2026-08-15 13:27:08,083 [INFO] ApiDbMcu:508 - Load IP Config File for RCC
2026-08-15 13:27:08,084 [WARN] IPConfigManager:3747 - IP not found : TIM
2026-08-15 13:27:08,084 [WARN] CodeGenerator:4198 - IP not found : null
2026-08-15 13:27:08,086 [INFO] CodeEngine:263 - oldGeneratedFile, /home/thuy/embedded/project/Quadcopter-STM32F4/STM32-Fly_Controller/Core/Inc/main.h_save
2026-08-15 13:27:08,138 [INFO] CodeEngine:287 - Generated code: /home/thuy/embedded/project/Quadcopter-STM32F4/STM32-Fly_Controller/Core/Inc/main.h
2026-08-15 13:27:08,139 [INFO] CodeEngine:263 - oldGeneratedFile, /home/thuy/embedded/project/Quadcopter-STM32F4/STM32-Fly_Controller/Core/Src/main.c_save
2026-08-15 13:27:08,233 [INFO] CodeEngine:287 - Generated code: /home/thuy/embedded/project/Quadcopter-STM32F4/STM32-Fly_Controller/Core/Src/main.c
2026-08-15 13:27:08,405 [INFO] ProjectBuilder:3324 - Time for Copy HAL[1] : 38mS.
2026-08-15 13:27:08,407 [INFO] ProjectBuilder:4912 - Project Generator version: 4.6.0-B36
2026-08-15 13:27:08,460 [INFO] ConfigFileManager:1590 - The Die is : DIE431
2026-08-15 13:27:08,467 [INFO] ApiDbMcu:508 - Load IP Config File for FATFS
2026-08-15 13:27:08,480 [INFO] ApiDbMcu:508 - Load IP Config File for FREERTOS
2026-08-15 13:27:08,483 [INFO] ApiDbMcu:508 - Load IP Config File for LIBJPEG
2026-08-15 13:27:08,502 [INFO] ApiDbMcu:508 - Load IP Config File for MBEDTLS
2026-08-15 13:27:08,520 [INFO] ApiDbMcu:508 - Load IP Config File for USB_DEVICE
2026-08-15 13:27:08,526 [INFO] ApiDbMcu:508 - Load IP Config File for USB_HOST
2026-08-15 13:27:08,743 [INFO] LogOutputStream:77 - [STDOUT_REDIRECT] 
2026-08-15 13:27:09,268 [INFO] ProjectBuilder:5191 - Time for Generating toolchain IDE Files: 861mS.
2026-08-15 13:27:09,269 [INFO] ProjectBuilder:3181 - Time for Copy CMSIS : 0mS.
2026-08-15 13:27:09,269 [INFO] ProjectBuilder:3181 - Time for Copy CMSIS : 0mS.
2026-08-15 13:27:31,439 [ERROR] LogOutputStream:75 - [STDERR_REDIRECT] Aug 15, 2026 1:27:31 PM java.util.prefs.FileSystemPreferences checkLockFile0ErrorCode
2026-08-15 13:27:31,439 [ERROR] LogOutputStream:75 - [STDERR_REDIRECT] WARNING: Could not lock System prefs. Unix error code 2.
2026-08-15 13:27:31,439 [ERROR] LogOutputStream:75 - [STDERR_REDIRECT] 
2026-08-15 13:27:31,439 [ERROR] LogOutputStream:75 - [STDERR_REDIRECT] Aug 15, 2026 1:27:31 PM java.util.prefs.FileSystemPreferences syncWorld
2026-08-15 13:27:31,439 [ERROR] LogOutputStream:75 - [STDERR_REDIRECT] WARNING: Couldn't flush system prefs: java.util.prefs.BackingStoreException: Couldn't get file lock.
2026-08-15 13:27:31,439 [ERROR] LogOutputStream:75 - [STDERR_REDIRECT] 
2026-08-15 13:28:01,438 [ERROR] LogOutputStream:75 - [STDERR_REDIRECT] Aug 15, 2026 1:28:01 PM java.util.prefs.FileSystemPreferences checkLockFile0ErrorCode
2026-08-15 13:28:01,439 [ERROR] LogOutputStream:75 - [STDERR_REDIRECT] WARNING: Could not lock System prefs. Unix error code 2.
2026-08-15 13:28:01,439 [ERROR] LogOutputStream:75 - [STDERR_REDIRECT] 
2026-08-15 13:28:01,439 [ERROR] LogOutputStream:75 - [STDERR_REDIRECT] Aug 15, 2026 1:28:01 PM java.util.prefs.FileSystemPreferences syncWorld
2026-08-15 13:28:01,439 [ERROR] LogOutputStream:75 - [STDERR_REDIRECT] WARNING: Couldn't flush system prefs: java.util.prefs.BackingStoreException: Couldn't get file lock.
2026-08-15 13:28:01,439 [ERROR] LogOutputStream:75 - [STDERR_REDIRECT] 
2026-08-15 13:28:31,438 [ERROR] LogOutputStream:75 - [STDERR_REDIRECT] Aug 15, 2026 1:28:31 PM java.util.prefs.FileSystemPreferences checkLockFile0ErrorCode
2026-08-15 13:28:31,438 [ERROR] LogOutputStream:75 - [STDERR_REDIRECT] WARNING: Could not lock System prefs. Unix error code 2.
2026-08-15 13:28:31,438 [ERROR] LogOutputStream:75 - [STDERR_REDIRECT] 
2026-08-15 13:28:31,439 [ERROR] LogOutputStream:75 - [STDERR_REDIRECT] Aug 15, 2026 1:28:31 PM java.util.prefs.FileSystemPreferences syncWorld
2026-08-15 13:28:31,439 [ERROR] LogOutputStream:75 - [STDERR_REDIRECT] WARNING: Couldn't flush system prefs: java.util.prefs.BackingStoreException: Couldn't get file lock.
2026-08-15 13:28:31,439 [ERROR] LogOutputStream:75 - [STDERR_REDIRECT] 
2026-08-15 13:29:01,438 [ERROR] LogOutputStream:75 - [STDERR_REDIRECT] Aug 15, 2026 1:29:01 PM java.util.prefs.FileSystemPreferences checkLockFile0ErrorCode
2026-08-15 13:29:01,438 [ERROR] LogOutputStream:75 - [STDERR_REDIRECT] WARNING: Could not lock System prefs. Unix error code 2.
2026-08-15 13:29:01,438 [ERROR] LogOutputStream:75 - [STDERR_REDIRECT] 
2026-08-15 13:29:01,438 [ERROR] LogOutputStream:75 - [STDERR_REDIRECT] Aug 15, 2026 1:29:01 PM java.util.prefs.FileSystemPreferences syncWorld
2026-08-15 13:29:01,439 [ERROR] LogOutputStream:75 - [STDERR_REDIRECT] WARNING: Couldn't flush system prefs: java.util.prefs.BackingStoreException: Couldn't get file lock.
2026-08-15 13:29:01,439 [ERROR] LogOutputStream:75 - [STDERR_REDIRECT] 
2026-08-15 13:29:31,438 [ERROR] LogOutputStream:75 - [STDERR_REDIRECT] Aug 15, 2026 1:29:31 PM java.util.prefs.FileSystemPreferences checkLockFile0ErrorCode
2026-08-15 13:29:31,438 [ERROR] LogOutputStream:75 - [STDERR_REDIRECT] WARNING: Could not lock System prefs. Unix error code 2.
2026-08-15 13:29:31,438 [ERROR] LogOutputStream:75 - [STDERR_REDIRECT] 
2026-08-15 13:29:31,438 [ERROR] LogOutputStream:75 - [STDERR_REDIRECT] Aug 15, 2026 1:29:31 PM java.util.prefs.FileSystemPreferences syncWorld
2026-08-15 13:29:31,438 [ERROR] LogOutputStream:75 - [STDERR_REDIRECT] WARNING: Couldn't flush system prefs: java.util.prefs.BackingStoreException: Couldn't get file lock.
2026-08-15 13:29:31,438 [ERROR] LogOutputStream:75 - [STDERR_REDIRECT] 
2026-08-15 13:29:37,701 [WARN] IP:2250 - I2C_Coeff_DF not found: check if there is a RefParameter without a condition.
2026-08-15 13:29:37,701 [WARN] IP:2250 - Analog_Filter not found: check if there is a RefParameter without a condition.
2026-08-15 13:29:37,701 [WARN] IP:2250 - I2C_Coeff_DF not found: check if there is a RefParameter without a condition.
2026-08-15 13:29:37,701 [WARN] IP:2250 - Analog_Filter not found: check if there is a RefParameter without a condition.
2026-08-15 13:30:01,438 [ERROR] LogOutputStream:75 - [STDERR_REDIRECT] Aug 15, 2026 1:30:01 PM java.util.prefs.FileSystemPreferences checkLockFile0ErrorCode
2026-08-15 13:30:01,438 [ERROR] LogOutputStream:75 - [STDERR_REDIRECT] WARNING: Could not lock System prefs. Unix error code 2.
2026-08-15 13:30:01,438 [ERROR] LogOutputStream:75 - [STDERR_REDIRECT] 
2026-08-15 13:30:01,439 [ERROR] LogOutputStream:75 - [STDERR_REDIRECT] Aug 15, 2026 1:30:01 PM java.util.prefs.FileSystemPreferences syncWorld
2026-08-15 13:30:01,439 [ERROR] LogOutputStream:75 - [STDERR_REDIRECT] WARNING: Couldn't flush system prefs: java.util.prefs.BackingStoreException: Couldn't get file lock.
2026-08-15 13:30:01,439 [ERROR] LogOutputStream:75 - [STDERR_REDIRECT] 
2026-08-15 13:30:31,438 [ERROR] LogOutputStream:75 - [STDERR_REDIRECT] Aug 15, 2026 1:30:31 PM java.util.prefs.FileSystemPreferences checkLockFile0ErrorCode
2026-08-15 13:30:31,439 [ERROR] LogOutputStream:75 - [STDERR_REDIRECT] WARNING: Could not lock System prefs. Unix error code 2.
2026-08-15 13:30:31,439 [ERROR] LogOutputStream:75 - [STDERR_REDIRECT] 
2026-08-15 13:30:31,439 [ERROR] LogOutputStream:75 - [STDERR_REDIRECT] Aug 15, 2026 1:30:31 PM java.util.prefs.FileSystemPreferences syncWorld
2026-08-15 13:30:31,439 [ERROR] LogOutputStream:75 - [STDERR_REDIRECT] WARNING: Couldn't flush system prefs: java.util.prefs.BackingStoreException: Couldn't get file lock.
2026-08-15 13:30:31,439 [ERROR] LogOutputStream:75 - [STDERR_REDIRECT] 
2026-08-15 13:30:35,412 [WARN] IP:2250 - I2C_Coeff_DF not found: check if there is a RefParameter without a condition.
2026-08-15 13:30:35,412 [WARN] IP:2250 - Analog_Filter not found: check if there is a RefParameter without a condition.
2026-08-15 13:30:35,412 [WARN] IP:2250 - I2C_Coeff_DF not found: check if there is a RefParameter without a condition.
2026-08-15 13:30:35,412 [WARN] IP:2250 - Analog_Filter not found: check if there is a RefParameter without a condition.
2026-08-15 13:31:01,440 [ERROR] LogOutputStream:75 - [STDERR_REDIRECT] Aug 15, 2026 1:31:01 PM java.util.prefs.FileSystemPreferences checkLockFile0ErrorCode
2026-08-15 13:31:01,441 [ERROR] LogOutputStream:75 - [STDERR_REDIRECT] WARNING: Could not lock System prefs. Unix error code 2.
2026-08-15 13:31:01,441 [ERROR] LogOutputStream:75 - [STDERR_REDIRECT] 
2026-08-15 13:31:01,442 [ERROR] LogOutputStream:75 - [STDERR_REDIRECT] Aug 15, 2026 1:31:01 PM java.util.prefs.FileSystemPreferences syncWorld
2026-08-15 13:31:01,442 [ERROR] LogOutputStream:75 - [STDERR_REDIRECT] WARNING: Couldn't flush system prefs: java.util.prefs.BackingStoreException: Couldn't get file lock.
2026-08-15 13:31:01,442 [ERROR] LogOutputStream:75 - [STDERR_REDIRECT] 
2026-08-15 13:31:31,439 [ERROR] LogOutputStream:75 - [STDERR_REDIRECT] Aug 15, 2026 1:31:31 PM java.util.prefs.FileSystemPreferences checkLockFile0ErrorCode
2026-08-15 13:31:31,439 [ERROR] LogOutputStream:75 - [STDERR_REDIRECT] WARNING: Could not lock System prefs. Unix error code 2.
2026-08-15 13:31:31,439 [ERROR] LogOutputStream:75 - [STDERR_REDIRECT] 
2026-08-15 13:31:31,440 [ERROR] LogOutputStream:75 - [STDERR_REDIRECT] Aug 15, 2026 1:31:31 PM java.util.prefs.FileSystemPreferences syncWorld
2026-08-15 13:31:31,440 [ERROR] LogOutputStream:75 - [STDERR_REDIRECT] WARNING: Couldn't flush system prefs: java.util.prefs.BackingStoreException: Couldn't get file lock.
2026-08-15 13:31:31,440 [ERROR] LogOutputStream:75 - [STDERR_REDIRECT] 
2026-08-15 13:32:01,440 [ERROR] LogOutputStream:75 - [STDERR_REDIRECT] Aug 15, 2026 1:32:01 PM java.util.prefs.FileSystemPreferences checkLockFile0ErrorCode
2026-08-15 13:32:01,440 [ERROR] LogOutputStream:75 - [STDERR_REDIRECT] WARNING: Could not lock System prefs. Unix error code 2.
2026-08-15 13:32:01,440 [ERROR] LogOutputStream:75 - [STDERR_REDIRECT] 
2026-08-15 13:32:01,441 [ERROR] LogOutputStream:75 - [STDERR_REDIRECT] Aug 15, 2026 1:32:01 PM java.util.prefs.FileSystemPreferences syncWorld
2026-08-15 13:32:01,441 [ERROR] LogOutputStream:75 - [STDERR_REDIRECT] WARNING: Couldn't flush system prefs: java.util.prefs.BackingStoreException: Couldn't get file lock.
2026-08-15 13:32:01,441 [ERROR] LogOutputStream:75 - [STDERR_REDIRECT] 
2026-08-15 13:32:31,439 [ERROR] LogOutputStream:75 - [STDERR_REDIRECT] Aug 15, 2026 1:32:31 PM java.util.prefs.FileSystemPreferences checkLockFile0ErrorCode
2026-08-15 13:32:31,440 [ERROR] LogOutputStream:75 - [STDERR_REDIRECT] WARNING: Could not lock System prefs. Unix error code 2.
2026-08-15 13:32:31,440 [ERROR] LogOutputStream:75 - [STDERR_REDIRECT] 
2026-08-15 13:32:31,440 [ERROR] LogOutputStream:75 - [STDERR_REDIRECT] Aug 15, 2026 1:32:31 PM java.util.prefs.FileSystemPreferences syncWorld
2026-08-15 13:32:31,440 [ERROR] LogOutputStream:75 - [STDERR_REDIRECT] WARNING: Couldn't flush system prefs: java.util.prefs.BackingStoreException: Couldn't get file lock.
2026-08-15 13:32:31,440 [ERROR] LogOutputStream:75 - [STDERR_REDIRECT] 
2026-08-15 13:33:01,439 [ERROR] LogOutputStream:75 - [STDERR_REDIRECT] Aug 15, 2026 1:33:01 PM java.util.prefs.FileSystemPreferences checkLockFile0ErrorCode
2026-08-15 13:33:01,439 [ERROR] LogOutputStream:75 - [STDERR_REDIRECT] WARNING: Could not lock System prefs. Unix error code 2.
2026-08-15 13:33:01,440 [ERROR] LogOutputStream:75 - [STDERR_REDIRECT] 
2026-08-15 13:33:01,440 [ERROR] LogOutputStream:75 - [STDERR_REDIRECT] Aug 15, 2026 1:33:01 PM java.util.prefs.FileSystemPreferences syncWorld
2026-08-15 13:33:01,440 [ERROR] LogOutputStream:75 - [STDERR_REDIRECT] WARNING: Couldn't flush system prefs: java.util.prefs.BackingStoreException: Couldn't get file lock.
2026-08-15 13:33:01,440 [ERROR] LogOutputStream:75 - [STDERR_REDIRECT] 
2026-08-15 13:33:31,439 [ERROR] LogOutputStream:75 - [STDERR_REDIRECT] Aug 15, 2026 1:33:31 PM java.util.prefs.FileSystemPreferences checkLockFile0ErrorCode
2026-08-15 13:33:31,439 [ERROR] LogOutputStream:75 - [STDERR_REDIRECT] WARNING: Could not lock System prefs. Unix error code 2.
2026-08-15 13:33:31,439 [ERROR] LogOutputStream:75 - [STDERR_REDIRECT] 
2026-08-15 13:33:31,439 [ERROR] LogOutputStream:75 - [STDERR_REDIRECT] Aug 15, 2026 1:33:31 PM java.util.prefs.FileSystemPreferences syncWorld
2026-08-15 13:33:31,439 [ERROR] LogOutputStream:75 - [STDERR_REDIRECT] WARNING: Couldn't flush system prefs: java.util.prefs.BackingStoreException: Couldn't get file lock.
2026-08-15 13:33:31,439 [ERROR] LogOutputStream:75 - [STDERR_REDIRECT] 
2026-08-15 13:34:01,440 [ERROR] LogOutputStream:75 - [STDERR_REDIRECT] Aug 15, 2026 1:34:01 PM java.util.prefs.FileSystemPreferences checkLockFile0ErrorCode
2026-08-15 13:34:01,440 [ERROR] LogOutputStream:75 - [STDERR_REDIRECT] WARNING: Could not lock System prefs. Unix error code 2.
2026-08-15 13:34:01,440 [ERROR] LogOutputStream:75 - [STDERR_REDIRECT] 
2026-08-15 13:34:01,440 [ERROR] LogOutputStream:75 - [STDERR_REDIRECT] Aug 15, 2026 1:34:01 PM java.util.prefs.FileSystemPreferences syncWorld
2026-08-15 13:34:01,440 [ERROR] LogOutputStream:75 - [STDERR_REDIRECT] WARNING: Couldn't flush system prefs: java.util.prefs.BackingStoreException: Couldn't get file lock.
2026-08-15 13:34:01,440 [ERROR] LogOutputStream:75 - [STDERR_REDIRECT] 
2026-08-15 13:34:31,441 [ERROR] LogOutputStream:75 - [STDERR_REDIRECT] Aug 15, 2026 1:34:31 PM java.util.prefs.FileSystemPreferences checkLockFile0ErrorCode
2026-08-15 13:34:31,441 [ERROR] LogOutputStream:75 - [STDERR_REDIRECT] WARNING: Could not lock System prefs. Unix error code 2.
2026-08-15 13:34:31,441 [ERROR] LogOutputStream:75 - [STDERR_REDIRECT] 
2026-08-15 13:34:31,441 [ERROR] LogOutputStream:75 - [STDERR_REDIRECT] Aug 15, 2026 1:34:31 PM java.util.prefs.FileSystemPreferences syncWorld
2026-08-15 13:34:31,441 [ERROR] LogOutputStream:75 - [STDERR_REDIRECT] WARNING: Couldn't flush system prefs: java.util.prefs.BackingStoreException: Couldn't get file lock.
2026-08-15 13:34:31,441 [ERROR] LogOutputStream:75 - [STDERR_REDIRECT] 
2026-08-15 13:34:56,058 [WARN] IP:2250 - I2C_Coeff_DF not found: check if there is a RefParameter without a condition.
2026-08-15 13:34:56,058 [WARN] IP:2250 - Analog_Filter not found: check if there is a RefParameter without a condition.
2026-08-15 13:34:56,059 [WARN] IP:2250 - I2C_Coeff_DF not found: check if there is a RefParameter without a condition.
2026-08-15 13:34:56,059 [WARN] IP:2250 - Analog_Filter not found: check if there is a RefParameter without a condition.
2026-08-15 13:35:01,440 [ERROR] LogOutputStream:75 - [STDERR_REDIRECT] Aug 15, 2026 1:35:01 PM java.util.prefs.FileSystemPreferences checkLockFile0ErrorCode
2026-08-15 13:35:01,440 [ERROR] LogOutputStream:75 - [STDERR_REDIRECT] WARNING: Could not lock System prefs. Unix error code 2.
2026-08-15 13:35:01,446 [ERROR] LogOutputStream:75 - [STDERR_REDIRECT] 
2026-08-15 13:35:01,446 [ERROR] LogOutputStream:75 - [STDERR_REDIRECT] Aug 15, 2026 1:35:01 PM java.util.prefs.FileSystemPreferences syncWorld
2026-08-15 13:35:01,446 [ERROR] LogOutputStream:75 - [STDERR_REDIRECT] WARNING: Couldn't flush system prefs: java.util.prefs.BackingStoreException: Couldn't get file lock.
2026-08-15 13:35:01,446 [ERROR] LogOutputStream:75 - [STDERR_REDIRECT] 
2026-08-15 13:35:31,440 [ERROR] LogOutputStream:75 - [STDERR_REDIRECT] Aug 15, 2026 1:35:31 PM java.util.prefs.FileSystemPreferences checkLockFile0ErrorCode
2026-08-15 13:35:31,441 [ERROR] LogOutputStream:75 - [STDERR_REDIRECT] WARNING: Could not lock System prefs. Unix error code 2.
2026-08-15 13:35:31,441 [ERROR] LogOutputStream:75 - [STDERR_REDIRECT] 
2026-08-15 13:35:31,441 [ERROR] LogOutputStream:75 - [STDERR_REDIRECT] Aug 15, 2026 1:35:31 PM java.util.prefs.FileSystemPreferences syncWorld
2026-08-15 13:35:31,441 [ERROR] LogOutputStream:75 - [STDERR_REDIRECT] WARNING: Couldn't flush system prefs: java.util.prefs.BackingStoreException: Couldn't get file lock.
2026-08-15 13:35:31,441 [ERROR] LogOutputStream:75 - [STDERR_REDIRECT] 
2026-08-15 13:36:01,440 [ERROR] LogOutputStream:75 - [STDERR_REDIRECT] Aug 15, 2026 1:36:01 PM java.util.prefs.FileSystemPreferences checkLockFile0ErrorCode
2026-08-15 13:36:01,440 [ERROR] LogOutputStream:75 - [STDERR_REDIRECT] WARNING: Could not lock System prefs. Unix error code 2.
2026-08-15 13:36:01,440 [ERROR] LogOutputStream:75 - [STDERR_REDIRECT] 
2026-08-15 13:36:01,440 [ERROR] LogOutputStream:75 - [STDERR_REDIRECT] Aug 15, 2026 1:36:01 PM java.util.prefs.FileSystemPreferences syncWorld
2026-08-15 13:36:01,441 [ERROR] LogOutputStream:75 - [STDERR_REDIRECT] WARNING: Couldn't flush system prefs: java.util.prefs.BackingStoreException: Couldn't get file lock.
2026-08-15 13:36:01,441 [ERROR] LogOutputStream:75 - [STDERR_REDIRECT] 
2026-08-15 13:36:30,025 [INFO] NvicIntPanel:101 - NVIC parent = com.st.microxplorer.plugins.ip.nvic.MultiNvicIntPanel[,0,0,0x0,invalid,layout=javax.swing.BoxLayout,alignmentX=0.0,alignmentY=0.0,border=,flags=9,maximumSize=,minimumSize=,preferredSize=]
2026-08-15 13:36:31,440 [ERROR] LogOutputStream:75 - [STDERR_REDIRECT] Aug 15, 2026 1:36:31 PM java.util.prefs.FileSystemPreferences checkLockFile0ErrorCode
2026-08-15 13:36:31,440 [ERROR] LogOutputStream:75 - [STDERR_REDIRECT] WARNING: Could not lock System prefs. Unix error code 2.
2026-08-15 13:36:31,440 [ERROR] LogOutputStream:75 - [STDERR_REDIRECT] 
2026-08-15 13:36:31,440 [ERROR] LogOutputStream:75 - [STDERR_REDIRECT] Aug 15, 2026 1:36:31 PM java.util.prefs.FileSystemPreferences syncWorld
2026-08-15 13:36:31,440 [ERROR] LogOutputStream:75 - [STDERR_REDIRECT] WARNING: Couldn't flush system prefs: java.util.prefs.BackingStoreException: Couldn't get file lock.
2026-08-15 13:36:31,440 [ERROR] LogOutputStream:75 - [STDERR_REDIRECT] 
2026-08-15 13:37:01,441 [ERROR] LogOutputStream:75 - [STDERR_REDIRECT] Aug 15, 2026 1:37:01 PM java.util.prefs.FileSystemPreferences checkLockFile0ErrorCode
2026-08-15 13:37:01,442 [ERROR] LogOutputStream:75 - [STDERR_REDIRECT] WARNING: Could not lock System prefs. Unix error code 2.
2026-08-15 13:37:01,442 [ERROR] LogOutputStream:75 - [STDERR_REDIRECT] 
2026-08-15 13:37:01,442 [ERROR] LogOutputStream:75 - [STDERR_REDIRECT] Aug 15, 2026 1:37:01 PM java.util.prefs.FileSystemPreferences syncWorld
2026-08-15 13:37:01,442 [ERROR] LogOutputStream:75 - [STDERR_REDIRECT] WARNING: Couldn't flush system prefs: java.util.prefs.BackingStoreException: Couldn't get file lock.
2026-08-15 13:37:01,442 [ERROR] LogOutputStream:75 - [STDERR_REDIRECT] 
2026-08-15 13:37:31,440 [ERROR] LogOutputStream:75 - [STDERR_REDIRECT] Aug 15, 2026 1:37:31 PM java.util.prefs.FileSystemPreferences checkLockFile0ErrorCode
2026-08-15 13:37:31,441 [ERROR] LogOutputStream:75 - [STDERR_REDIRECT] WARNING: Could not lock System prefs. Unix error code 2.
2026-08-15 13:37:31,441 [ERROR] LogOutputStream:75 - [STDERR_REDIRECT] 
2026-08-15 13:37:31,441 [ERROR] LogOutputStream:75 - [STDERR_REDIRECT] Aug 15, 2026 1:37:31 PM java.util.prefs.FileSystemPreferences syncWorld
2026-08-15 13:37:31,441 [ERROR] LogOutputStream:75 - [STDERR_REDIRECT] WARNING: Couldn't flush system prefs: java.util.prefs.BackingStoreException: Couldn't get file lock.
2026-08-15 13:37:31,441 [ERROR] LogOutputStream:75 - [STDERR_REDIRECT] 
2026-08-15 13:38:01,440 [ERROR] LogOutputStream:75 - [STDERR_REDIRECT] Aug 15, 2026 1:38:01 PM java.util.prefs.FileSystemPreferences checkLockFile0ErrorCode
2026-08-15 13:38:01,440 [ERROR] LogOutputStream:75 - [STDERR_REDIRECT] WARNING: Could not lock System prefs. Unix error code 2.
2026-08-15 13:38:01,440 [ERROR] LogOutputStream:75 - [STDERR_REDIRECT] 
2026-08-15 13:38:01,440 [ERROR] LogOutputStream:75 - [STDERR_REDIRECT] Aug 15, 2026 1:38:01 PM java.util.prefs.FileSystemPreferences syncWorld
2026-08-15 13:38:01,440 [ERROR] LogOutputStream:75 - [STDERR_REDIRECT] WARNING: Couldn't flush system prefs: java.util.prefs.BackingStoreException: Couldn't get file lock.
2026-08-15 13:38:01,440 [ERROR] LogOutputStream:75 - [STDERR_REDIRECT] 
2026-08-15 13:38:31,441 [ERROR] LogOutputStream:75 - [STDERR_REDIRECT] Aug 15, 2026 1:38:31 PM java.util.prefs.FileSystemPreferences checkLockFile0ErrorCode
2026-08-15 13:38:31,441 [ERROR] LogOutputStream:75 - [STDERR_REDIRECT] WARNING: Could not lock System prefs. Unix error code 2.
2026-08-15 13:38:31,441 [ERROR] LogOutputStream:75 - [STDERR_REDIRECT] 
2026-08-15 13:38:31,441 [ERROR] LogOutputStream:75 - [STDERR_REDIRECT] Aug 15, 2026 1:38:31 PM java.util.prefs.FileSystemPreferences syncWorld
2026-08-15 13:38:31,441 [ERROR] LogOutputStream:75 - [STDERR_REDIRECT] WARNING: Couldn't flush system prefs: java.util.prefs.BackingStoreException: Couldn't get file lock.
2026-08-15 13:38:31,441 [ERROR] LogOutputStream:75 - [STDERR_REDIRECT] 
2026-08-15 13:39:01,440 [ERROR] LogOutputStream:75 - [STDERR_REDIRECT] Aug 15, 2026 1:39:01 PM java.util.prefs.FileSystemPreferences checkLockFile0ErrorCode
2026-08-15 13:39:01,440 [ERROR] LogOutputStream:75 - [STDERR_REDIRECT] WARNING: Could not lock System prefs. Unix error code 2.
2026-08-15 13:39:01,440 [ERROR] LogOutputStream:75 - [STDERR_REDIRECT] 
2026-08-15 13:39:01,440 [ERROR] LogOutputStream:75 - [STDERR_REDIRECT] Aug 15, 2026 1:39:01 PM java.util.prefs.FileSystemPreferences syncWorld
2026-08-15 13:39:01,440 [ERROR] LogOutputStream:75 - [STDERR_REDIRECT] WARNING: Couldn't flush system prefs: java.util.prefs.BackingStoreException: Couldn't get file lock.
2026-08-15 13:39:01,440 [ERROR] LogOutputStream:75 - [STDERR_REDIRECT] 
2026-08-15 13:39:31,441 [ERROR] LogOutputStream:75 - [STDERR_REDIRECT] Aug 15, 2026 1:39:31 PM java.util.prefs.FileSystemPreferences checkLockFile0ErrorCode
2026-08-15 13:39:31,441 [ERROR] LogOutputStream:75 - [STDERR_REDIRECT] WARNING: Could not lock System prefs. Unix error code 2.
2026-08-15 13:39:31,441 [ERROR] LogOutputStream:75 - [STDERR_REDIRECT] 
2026-08-15 13:39:31,441 [ERROR] LogOutputStream:75 - [STDERR_REDIRECT] Aug 15, 2026 1:39:31 PM java.util.prefs.FileSystemPreferences syncWorld
2026-08-15 13:39:31,441 [ERROR] LogOutputStream:75 - [STDERR_REDIRECT] WARNING: Couldn't flush system prefs: java.util.prefs.BackingStoreException: Couldn't get file lock.
2026-08-15 13:39:31,441 [ERROR] LogOutputStream:75 - [STDERR_REDIRECT] 
2026-08-15 13:40:01,441 [ERROR] LogOutputStream:75 - [STDERR_REDIRECT] Aug 15, 2026 1:40:01 PM java.util.prefs.FileSystemPreferences checkLockFile0ErrorCode
2026-08-15 13:40:01,441 [ERROR] LogOutputStream:75 - [STDERR_REDIRECT] WARNING: Could not lock System prefs. Unix error code 2.
2026-08-15 13:40:01,441 [ERROR] LogOutputStream:75 - [STDERR_REDIRECT] 
2026-08-15 13:40:01,441 [ERROR] LogOutputStream:75 - [STDERR_REDIRECT] Aug 15, 2026 1:40:01 PM java.util.prefs.FileSystemPreferences syncWorld
2026-08-15 13:40:01,441 [ERROR] LogOutputStream:75 - [STDERR_REDIRECT] WARNING: Couldn't flush system prefs: java.util.prefs.BackingStoreException: Couldn't get file lock.
2026-08-15 13:40:01,441 [ERROR] LogOutputStream:75 - [STDERR_REDIRECT] 
2026-08-15 13:40:31,441 [ERROR] LogOutputStream:75 - [STDERR_REDIRECT] Aug 15, 2026 1:40:31 PM java.util.prefs.FileSystemPreferences checkLockFile0ErrorCode
2026-08-15 13:40:31,441 [ERROR] LogOutputStream:75 - [STDERR_REDIRECT] WARNING: Could not lock System prefs. Unix error code 2.
2026-08-15 13:40:31,441 [ERROR] LogOutputStream:75 - [STDERR_REDIRECT] 
2026-08-15 13:40:31,441 [ERROR] LogOutputStream:75 - [STDERR_REDIRECT] Aug 15, 2026 1:40:31 PM java.util.prefs.FileSystemPreferences syncWorld
2026-08-15 13:40:31,441 [ERROR] LogOutputStream:75 - [STDERR_REDIRECT] WARNING: Couldn't flush system prefs: java.util.prefs.BackingStoreException: Couldn't get file lock.
2026-08-15 13:40:31,441 [ERROR] LogOutputStream:75 - [STDERR_REDIRECT] 
2026-08-15 13:41:01,441 [ERROR] LogOutputStream:75 - [STDERR_REDIRECT] Aug 15, 2026 1:41:01 PM java.util.prefs.FileSystemPreferences checkLockFile0ErrorCode
2026-08-15 13:41:01,441 [ERROR] LogOutputStream:75 - [STDERR_REDIRECT] WARNING: Could not lock System prefs. Unix error code 2.
2026-08-15 13:41:01,441 [ERROR] LogOutputStream:75 - [STDERR_REDIRECT] 
2026-08-15 13:41:01,442 [ERROR] LogOutputStream:75 - [STDERR_REDIRECT] Aug 15, 2026 1:41:01 PM java.util.prefs.FileSystemPreferences syncWorld
2026-08-15 13:41:01,442 [ERROR] LogOutputStream:75 - [STDERR_REDIRECT] WARNING: Couldn't flush system prefs: java.util.prefs.BackingStoreException: Couldn't get file lock.
2026-08-15 13:41:01,442 [ERROR] LogOutputStream:75 - [STDERR_REDIRECT] 
2026-08-15 13:41:31,441 [ERROR] LogOutputStream:75 - [STDERR_REDIRECT] Aug 15, 2026 1:41:31 PM java.util.prefs.FileSystemPreferences checkLockFile0ErrorCode
2026-08-15 13:41:31,441 [ERROR] LogOutputStream:75 - [STDERR_REDIRECT] WARNING: Could not lock System prefs. Unix error code 2.
2026-08-15 13:41:31,441 [ERROR] LogOutputStream:75 - [STDERR_REDIRECT] 
2026-08-15 13:41:31,441 [ERROR] LogOutputStream:75 - [STDERR_REDIRECT] Aug 15, 2026 1:41:31 PM java.util.prefs.FileSystemPreferences syncWorld
2026-08-15 13:41:31,442 [ERROR] LogOutputStream:75 - [STDERR_REDIRECT] WARNING: Couldn't flush system prefs: java.util.prefs.BackingStoreException: Couldn't get file lock.
2026-08-15 13:41:31,442 [ERROR] LogOutputStream:75 - [STDERR_REDIRECT] 
2026-08-15 13:42:01,441 [ERROR] LogOutputStream:75 - [STDERR_REDIRECT] Aug 15, 2026 1:42:01 PM java.util.prefs.FileSystemPreferences checkLockFile0ErrorCode
2026-08-15 13:42:01,441 [ERROR] LogOutputStream:75 - [STDERR_REDIRECT] WARNING: Could not lock System prefs. Unix error code 2.
2026-08-15 13:42:01,441 [ERROR] LogOutputStream:75 - [STDERR_REDIRECT] 
2026-08-15 13:42:01,441 [ERROR] LogOutputStream:75 - [STDERR_REDIRECT] Aug 15, 2026 1:42:01 PM java.util.prefs.FileSystemPreferences syncWorld
2026-08-15 13:42:01,442 [ERROR] LogOutputStream:75 - [STDERR_REDIRECT] WARNING: Couldn't flush system prefs: java.util.prefs.BackingStoreException: Couldn't get file lock.
2026-08-15 13:42:01,442 [ERROR] LogOutputStream:75 - [STDERR_REDIRECT] 
2026-08-15 13:42:28,462 [WARN] IP:2250 - I2C_Coeff_DF not found: check if there is a RefParameter without a condition.
2026-08-15 13:42:28,462 [WARN] IP:2250 - Analog_Filter not found: check if there is a RefParameter without a condition.
2026-08-15 13:42:28,462 [WARN] IP:2250 - I2C_Coeff_DF not found: check if there is a RefParameter without a condition.
2026-08-15 13:42:28,462 [WARN] IP:2250 - Analog_Filter not found: check if there is a RefParameter without a condition.
2026-08-15 13:42:31,441 [ERROR] LogOutputStream:75 - [STDERR_REDIRECT] Aug 15, 2026 1:42:31 PM java.util.prefs.FileSystemPreferences checkLockFile0ErrorCode
2026-08-15 13:42:31,441 [ERROR] LogOutputStream:75 - [STDERR_REDIRECT] WARNING: Could not lock System prefs. Unix error code 2.
2026-08-15 13:42:31,441 [ERROR] LogOutputStream:75 - [STDERR_REDIRECT] 
2026-08-15 13:42:31,441 [ERROR] LogOutputStream:75 - [STDERR_REDIRECT] Aug 15, 2026 1:42:31 PM java.util.prefs.FileSystemPreferences syncWorld
2026-08-15 13:42:31,441 [ERROR] LogOutputStream:75 - [STDERR_REDIRECT] WARNING: Couldn't flush system prefs: java.util.prefs.BackingStoreException: Couldn't get file lock.
2026-08-15 13:42:31,441 [ERROR] LogOutputStream:75 - [STDERR_REDIRECT] 
2026-08-15 13:42:42,023 [INFO] NvicIntPanel:101 - NVIC parent = com.st.microxplorer.plugins.ip.nvic.MultiNvicIntPanel[,0,0,0x0,invalid,layout=javax.swing.BoxLayout,alignmentX=0.0,alignmentY=0.0,border=,flags=9,maximumSize=,minimumSize=,preferredSize=]
2026-08-15 13:42:44,944 [INFO] NvicIntPanel:101 - NVIC parent = com.st.microxplorer.plugins.ip.nvic.MultiNvicIntPanel[,0,0,0x0,invalid,layout=javax.swing.BoxLayout,alignmentX=0.0,alignmentY=0.0,border=,flags=9,maximumSize=,minimumSize=,preferredSize=]
2026-08-15 13:42:52,060 [INFO] NvicIntPanel:101 - NVIC parent = com.st.microxplorer.plugins.ip.nvic.MultiNvicIntPanel[,0,0,0x0,invalid,layout=javax.swing.BoxLayout,alignmentX=0.0,alignmentY=0.0,border=,flags=9,maximumSize=,minimumSize=,preferredSize=]
2026-08-15 13:43:01,443 [ERROR] LogOutputStream:75 - [STDERR_REDIRECT] Aug 15, 2026 1:43:01 PM java.util.prefs.FileSystemPreferences checkLockFile0ErrorCode
2026-08-15 13:43:01,443 [ERROR] LogOutputStream:75 - [STDERR_REDIRECT] WARNING: Could not lock System prefs. Unix error code 2.
2026-08-15 13:43:01,443 [ERROR] LogOutputStream:75 - [STDERR_REDIRECT] 
2026-08-15 13:43:01,443 [ERROR] LogOutputStream:75 - [STDERR_REDIRECT] Aug 15, 2026 1:43:01 PM java.util.prefs.FileSystemPreferences syncWorld
2026-08-15 13:43:01,443 [ERROR] LogOutputStream:75 - [STDERR_REDIRECT] WARNING: Couldn't flush system prefs: java.util.prefs.BackingStoreException: Couldn't get file lock.
2026-08-15 13:43:01,444 [ERROR] LogOutputStream:75 - [STDERR_REDIRECT] 
2026-08-15 13:43:04,882 [INFO] UtilMem:75 - End SaveConfig() Used Memory: 345594512 Bytes (675282944)
2026-08-15 13:43:04,917 [INFO] UtilMem:75 - End SaveConfig() Used Memory: 360796816 Bytes (675282944)
2026-08-15 13:43:05,192 [INFO] UtilMem:75 - End SaveConfig() Used Memory: 440488592 Bytes (675282944)
2026-08-15 13:43:05,266 [INFO] BlockDiagram:2775 - set Specific Code input for plugin: SPI
2026-08-15 13:43:05,267 [INFO] BlockDiagram:2775 - set Specific Code input for plugin: NVIC
2026-08-15 13:43:05,267 [INFO] BlockDiagram:2775 - set Specific Code input for plugin: USART
2026-08-15 13:43:05,267 [INFO] BlockDiagram:2775 - set Specific Code input for plugin: DMA
2026-08-15 13:43:05,267 [INFO] BlockDiagram:2775 - set Specific Code input for plugin: TIM1_8
2026-08-15 13:43:05,267 [INFO] BlockDiagram:2775 - set Specific Code input for plugin: SYS
2026-08-15 13:43:05,267 [INFO] BlockDiagram:2775 - set Specific Code input for plugin: GPIO
2026-08-15 13:43:05,267 [INFO] BlockDiagram:2775 - set Specific Code input for plugin: ADC
2026-08-15 13:43:05,267 [INFO] BlockDiagram:2775 - set Specific Code input for plugin: RCC
2026-08-15 13:43:05,267 [INFO] BlockDiagram:2775 - set Specific Code input for plugin: I2C
2026-08-15 13:43:05,267 [INFO] CodeGenerator:882 - code generatio: config db path: /opt/st/stm32cubeide_1.18.0/plugins/com.st.stm32cube.common.mx_6.14.0.202502271554//db/
2026-08-15 13:43:05,274 [WARN] IP:2250 - I2C_Coeff_DF not found: check if there is a RefParameter without a condition.
2026-08-15 13:43:05,274 [WARN] IP:2250 - Analog_Filter not found: check if there is a RefParameter without a condition.
2026-08-15 13:43:05,283 [INFO] Argument:325 - Argument : hdmavalue: null
2026-08-15 13:43:05,283 [INFO] Argument:327 - 	 sub Args: 
2026-08-15 13:43:05,283 [INFO] Argument:325 - Argument : Instancevalue: DMA2_Stream0
2026-08-15 13:43:05,284 [INFO] Argument:335 - Argument : Instancevalue: DMA2_Stream0
2026-08-15 13:43:05,284 [INFO] Argument:325 - Argument : Initvalue: null
2026-08-15 13:43:05,284 [INFO] Argument:327 - 	 sub Args: 
2026-08-15 13:43:05,284 [INFO] Argument:325 - Argument : Channelvalue: DMA_CHANNEL_3
2026-08-15 13:43:05,284 [INFO] Argument:335 - Argument : Channelvalue: DMA_CHANNEL_3
2026-08-15 13:43:05,284 [INFO] Argument:325 - Argument : Directionvalue: DMA_PERIPH_TO_MEMORY
2026-08-15 13:43:05,284 [INFO] Argument:335 - Argument : Directionvalue: DMA_PERIPH_TO_MEMORY
2026-08-15 13:43:05,284 [INFO] Argument:325 - Argument : PeriphIncvalue: DMA_PINC_DISABLE
2026-08-15 13:43:05,284 [INFO] Argument:335 - Argument : PeriphIncvalue: DMA_PINC_DISABLE
2026-08-15 13:43:05,284 [INFO] Argument:325 - Argument : MemIncvalue: DMA_MINC_ENABLE
2026-08-15 13:43:05,284 [INFO] Argument:335 - Argument : MemIncvalue: DMA_MINC_ENABLE
2026-08-15 13:43:05,284 [INFO] Argument:325 - Argument : PeriphDataAlignmentvalue: DMA_PDATAALIGN_BYTE
2026-08-15 13:43:05,284 [INFO] Argument:335 - Argument : PeriphDataAlignmentvalue: DMA_PDATAALIGN_BYTE
2026-08-15 13:43:05,284 [INFO] Argument:325 - Argument : MemDataAlignmentvalue: DMA_MDATAALIGN_BYTE
2026-08-15 13:43:05,284 [INFO] Argument:335 - Argument : MemDataAlignmentvalue: DMA_MDATAALIGN_BYTE
2026-08-15 13:43:05,284 [INFO] Argument:325 - Argument : Modevalue: DMA_CIRCULAR
2026-08-15 13:43:05,284 [INFO] Argument:335 - Argument : Modevalue: DMA_CIRCULAR
2026-08-15 13:43:05,284 [INFO] Argument:325 - Argument : Priorityvalue: DMA_PRIORITY_LOW
2026-08-15 13:43:05,284 [INFO] Argument:335 - Argument : Priorityvalue: DMA_PRIORITY_LOW
2026-08-15 13:43:05,284 [INFO] Argument:325 - Argument : FIFOModevalue: DMA_FIFOMODE_DISABLE
2026-08-15 13:43:05,284 [INFO] Argument:335 - Argument : FIFOModevalue: DMA_FIFOMODE_DISABLE
2026-08-15 13:43:05,284 [INFO] Argument:325 - Argument : FIFOThresholdvalue: null
2026-08-15 13:43:05,284 [INFO] Argument:335 - Argument : FIFOThresholdvalue: null
2026-08-15 13:43:05,284 [INFO] Argument:325 - Argument : MemBurstvalue: null
2026-08-15 13:43:05,284 [INFO] Argument:335 - Argument : MemBurstvalue: null
2026-08-15 13:43:05,284 [INFO] Argument:325 - Argument : PeriphBurstvalue: null
2026-08-15 13:43:05,284 [INFO] Argument:335 - Argument : PeriphBurstvalue: null
2026-08-15 13:43:05,284 [INFO] Argument:325 - Argument : Lockvalue: null
2026-08-15 13:43:05,284 [INFO] Argument:335 - Argument : Lockvalue: null
2026-08-15 13:43:05,284 [INFO] Argument:325 - Argument : Statevalue: null
2026-08-15 13:43:05,284 [INFO] Argument:335 - Argument : Statevalue: null
2026-08-15 13:43:05,284 [INFO] Argument:325 - Argument : Parentvalue: null
2026-08-15 13:43:05,284 [INFO] Argument:335 - Argument : Parentvalue: null
2026-08-15 13:43:05,284 [INFO] Argument:325 - Argument : XferCpltCallbackvalue: null
2026-08-15 13:43:05,284 [INFO] Argument:335 - Argument : XferCpltCallbackvalue: null
2026-08-15 13:43:05,284 [INFO] Argument:325 - Argument : XferHalfCpltCallbackvalue: null
2026-08-15 13:43:05,284 [INFO] Argument:335 - Argument : XferHalfCpltCallbackvalue: null
2026-08-15 13:43:05,284 [INFO] Argument:325 - Argument : XferM1CpltCallbackvalue: null
2026-08-15 13:43:05,284 [INFO] Argument:335 - Argument : XferM1CpltCallbackvalue: null
2026-08-15 13:43:05,284 [INFO] Argument:325 - Argument : XferErrorCallbackvalue: null
2026-08-15 13:43:05,284 [INFO] Argument:335 - Argument : XferErrorCallbackvalue: null
2026-08-15 13:43:05,284 [INFO] Argument:325 - Argument : ErrorCodevalue: null
2026-08-15 13:43:05,285 [INFO] Argument:335 - Argument : ErrorCodevalue: null
2026-08-15 13:43:05,395 [INFO] CodeEngine:263 - oldGeneratedFile, /home/thuy/embedded/project/Quadcopter-STM32F4/STM32-Fly_Controller/MXTmpFiles/license.tmp_save
2026-08-15 13:43:05,567 [INFO] CodeEngine:287 - Generated code: /home/thuy/embedded/project/Quadcopter-STM32F4/STM32-Fly_Controller/MXTmpFiles/license.tmp
2026-08-15 13:43:05,587 [INFO] CodeEngine:263 - oldGeneratedFile, /home/thuy/embedded/project/Quadcopter-STM32F4/STM32-Fly_Controller/MXTmpFiles/gpio.tmp_save
2026-08-15 13:43:05,658 [INFO] CodeEngine:287 - Generated code: /home/thuy/embedded/project/Quadcopter-STM32F4/STM32-Fly_Controller/MXTmpFiles/gpio.tmp
2026-08-15 13:43:05,869 [INFO] CodeEngine:263 - oldGeneratedFile, /home/thuy/embedded/project/Quadcopter-STM32F4/STM32-Fly_Controller/MXTmpFiles/dma.tmp_save
2026-08-15 13:43:05,921 [INFO] CodeEngine:287 - Generated code: /home/thuy/embedded/project/Quadcopter-STM32F4/STM32-Fly_Controller/MXTmpFiles/dma.tmp
2026-08-15 13:43:05,922 [INFO] CodeEngine:263 - oldGeneratedFile, /home/thuy/embedded/project/Quadcopter-STM32F4/STM32-Fly_Controller/MXTmpFiles/dma_GV.tmp_save
2026-08-15 13:43:05,967 [INFO] CodeEngine:287 - Generated code: /home/thuy/embedded/project/Quadcopter-STM32F4/STM32-Fly_Controller/MXTmpFiles/dma_GV.tmp
2026-08-15 13:43:05,971 [INFO] CodeEngine:263 - oldGeneratedFile, /home/thuy/embedded/project/Quadcopter-STM32F4/STM32-Fly_Controller/Core/Src/stm32f4xx_it.c_save
2026-08-15 13:43:06,027 [INFO] CodeEngine:287 - Generated code: /home/thuy/embedded/project/Quadcopter-STM32F4/STM32-Fly_Controller/Core/Src/stm32f4xx_it.c
2026-08-15 13:43:06,028 [INFO] CodeEngine:263 - oldGeneratedFile, /home/thuy/embedded/project/Quadcopter-STM32F4/STM32-Fly_Controller/Core/Inc/stm32f4xx_it.h_save
2026-08-15 13:43:06,068 [INFO] CodeEngine:287 - Generated code: /home/thuy/embedded/project/Quadcopter-STM32F4/STM32-Fly_Controller/Core/Inc/stm32f4xx_it.h
2026-08-15 13:43:06,071 [INFO] CodeEngine:263 - oldGeneratedFile, /home/thuy/embedded/project/Quadcopter-STM32F4/STM32-Fly_Controller/Core/Src/stm32f4xx_hal_msp.c_save
2026-08-15 13:43:06,144 [INFO] CodeEngine:287 - Generated code: /home/thuy/embedded/project/Quadcopter-STM32F4/STM32-Fly_Controller/Core/Src/stm32f4xx_hal_msp.c
2026-08-15 13:43:06,145 [INFO] CodeEngine:263 - oldGeneratedFile, /home/thuy/embedded/project/Quadcopter-STM32F4/STM32-Fly_Controller/MXTmpFiles/system.tmp_save
2026-08-15 13:43:06,183 [INFO] CodeEngine:287 - Generated code: /home/thuy/embedded/project/Quadcopter-STM32F4/STM32-Fly_Controller/MXTmpFiles/system.tmp
2026-08-15 13:43:06,185 [INFO] CodeEngine:319 - oldGeneratedFile, /home/thuy/embedded/project/Quadcopter-STM32F4/STM32-Fly_Controller/Core/Inc/stm32f4xx_hal_conf.h_save
2026-08-15 13:43:06,230 [INFO] CodeEngine:343 - Generated code: /home/thuy/embedded/project/Quadcopter-STM32F4/STM32-Fly_Controller/Core/Inc/stm32f4xx_hal_conf.h
2026-08-15 13:43:06,244 [WARN] IPConfigManager:3747 - IP not found : TIM
2026-08-15 13:43:06,244 [WARN] CodeGenerator:4198 - IP not found : null
2026-08-15 13:43:06,245 [INFO] CodeEngine:263 - oldGeneratedFile, /home/thuy/embedded/project/Quadcopter-STM32F4/STM32-Fly_Controller/Core/Inc/main.h_save
2026-08-15 13:43:06,302 [INFO] CodeEngine:287 - Generated code: /home/thuy/embedded/project/Quadcopter-STM32F4/STM32-Fly_Controller/Core/Inc/main.h
2026-08-15 13:43:06,304 [INFO] CodeEngine:263 - oldGeneratedFile, /home/thuy/embedded/project/Quadcopter-STM32F4/STM32-Fly_Controller/Core/Src/main.c_save
2026-08-15 13:43:06,384 [INFO] CodeEngine:287 - Generated code: /home/thuy/embedded/project/Quadcopter-STM32F4/STM32-Fly_Controller/Core/Src/main.c
2026-08-15 13:43:06,510 [INFO] ProjectBuilder:3324 - Time for Copy HAL[1] : 12mS.
2026-08-15 13:43:06,511 [INFO] ProjectBuilder:4912 - Project Generator version: 4.6.0-B36
2026-08-15 13:43:06,564 [INFO] ConfigFileManager:1590 - The Die is : DIE431
2026-08-15 13:43:07,026 [INFO] ProjectBuilder:5191 - Time for Generating toolchain IDE Files: 514mS.
2026-08-15 13:43:07,026 [INFO] ProjectBuilder:3181 - Time for Copy CMSIS : 0mS.
2026-08-15 13:43:07,026 [INFO] ProjectBuilder:3181 - Time for Copy CMSIS : 0mS.
2026-08-15 13:43:31,442 [ERROR] LogOutputStream:75 - [STDERR_REDIRECT] Aug 15, 2026 1:43:31 PM java.util.prefs.FileSystemPreferences checkLockFile0ErrorCode
2026-08-15 13:43:31,442 [ERROR] LogOutputStream:75 - [STDERR_REDIRECT] WARNING: Could not lock System prefs. Unix error code 2.
2026-08-15 13:43:31,442 [ERROR] LogOutputStream:75 - [STDERR_REDIRECT] 
2026-08-15 13:43:31,442 [ERROR] LogOutputStream:75 - [STDERR_REDIRECT] Aug 15, 2026 1:43:31 PM java.util.prefs.FileSystemPreferences syncWorld
2026-08-15 13:43:31,443 [ERROR] LogOutputStream:75 - [STDERR_REDIRECT] WARNING: Couldn't flush system prefs: java.util.prefs.BackingStoreException: Couldn't get file lock.
2026-08-15 13:43:31,443 [ERROR] LogOutputStream:75 - [STDERR_REDIRECT] 
2026-08-15 13:44:01,441 [ERROR] LogOutputStream:75 - [STDERR_REDIRECT] Aug 15, 2026 1:44:01 PM java.util.prefs.FileSystemPreferences checkLockFile0ErrorCode
2026-08-15 13:44:01,441 [ERROR] LogOutputStream:75 - [STDERR_REDIRECT] WARNING: Could not lock System prefs. Unix error code 2.
2026-08-15 13:44:01,441 [ERROR] LogOutputStream:75 - [STDERR_REDIRECT] 
2026-08-15 13:44:01,441 [ERROR] LogOutputStream:75 - [STDERR_REDIRECT] Aug 15, 2026 1:44:01 PM java.util.prefs.FileSystemPreferences syncWorld
2026-08-15 13:44:01,441 [ERROR] LogOutputStream:75 - [STDERR_REDIRECT] WARNING: Couldn't flush system prefs: java.util.prefs.BackingStoreException: Couldn't get file lock.
2026-08-15 13:44:01,441 [ERROR] LogOutputStream:75 - [STDERR_REDIRECT] 
2026-08-15 13:44:31,442 [ERROR] LogOutputStream:75 - [STDERR_REDIRECT] Aug 15, 2026 1:44:31 PM java.util.prefs.FileSystemPreferences checkLockFile0ErrorCode
2026-08-15 13:44:31,442 [ERROR] LogOutputStream:75 - [STDERR_REDIRECT] WARNING: Could not lock System prefs. Unix error code 2.
2026-08-15 13:44:31,442 [ERROR] LogOutputStream:75 - [STDERR_REDIRECT] 
2026-08-15 13:44:31,442 [ERROR] LogOutputStream:75 - [STDERR_REDIRECT] Aug 15, 2026 1:44:31 PM java.util.prefs.FileSystemPreferences syncWorld
2026-08-15 13:44:31,442 [ERROR] LogOutputStream:75 - [STDERR_REDIRECT] WARNING: Couldn't flush system prefs: java.util.prefs.BackingStoreException: Couldn't get file lock.
2026-08-15 13:44:31,442 [ERROR] LogOutputStream:75 - [STDERR_REDIRECT] 
2026-08-15 13:45:01,442 [ERROR] LogOutputStream:75 - [STDERR_REDIRECT] Aug 15, 2026 1:45:01 PM java.util.prefs.FileSystemPreferences checkLockFile0ErrorCode
2026-08-15 13:45:01,442 [ERROR] LogOutputStream:75 - [STDERR_REDIRECT] WARNING: Could not lock System prefs. Unix error code 2.
2026-08-15 13:45:01,442 [ERROR] LogOutputStream:75 - [STDERR_REDIRECT] 
2026-08-15 13:45:01,442 [ERROR] LogOutputStream:75 - [STDERR_REDIRECT] Aug 15, 2026 1:45:01 PM java.util.prefs.FileSystemPreferences syncWorld
2026-08-15 13:45:01,442 [ERROR] LogOutputStream:75 - [STDERR_REDIRECT] WARNING: Couldn't flush system prefs: java.util.prefs.BackingStoreException: Couldn't get file lock.
2026-08-15 13:45:01,442 [ERROR] LogOutputStream:75 - [STDERR_REDIRECT] 
2026-08-15 13:45:31,441 [ERROR] LogOutputStream:75 - [STDERR_REDIRECT] Aug 15, 2026 1:45:31 PM java.util.prefs.FileSystemPreferences checkLockFile0ErrorCode
2026-08-15 13:45:31,441 [ERROR] LogOutputStream:75 - [STDERR_REDIRECT] WARNING: Could not lock System prefs. Unix error code 2.
2026-08-15 13:45:31,442 [ERROR] LogOutputStream:75 - [STDERR_REDIRECT] 
2026-08-15 13:45:31,442 [ERROR] LogOutputStream:75 - [STDERR_REDIRECT] Aug 15, 2026 1:45:31 PM java.util.prefs.FileSystemPreferences syncWorld
2026-08-15 13:45:31,442 [ERROR] LogOutputStream:75 - [STDERR_REDIRECT] WARNING: Couldn't flush system prefs: java.util.prefs.BackingStoreException: Couldn't get file lock.
2026-08-15 13:45:31,442 [ERROR] LogOutputStream:75 - [STDERR_REDIRECT] 
2026-08-15 13:46:01,441 [ERROR] LogOutputStream:75 - [STDERR_REDIRECT] Aug 15, 2026 1:46:01 PM java.util.prefs.FileSystemPreferences checkLockFile0ErrorCode
2026-08-15 13:46:01,441 [ERROR] LogOutputStream:75 - [STDERR_REDIRECT] WARNING: Could not lock System prefs. Unix error code 2.
2026-08-15 13:46:01,441 [ERROR] LogOutputStream:75 - [STDERR_REDIRECT] 
2026-08-15 13:46:01,442 [ERROR] LogOutputStream:75 - [STDERR_REDIRECT] Aug 15, 2026 1:46:01 PM java.util.prefs.FileSystemPreferences syncWorld
2026-08-15 13:46:01,442 [ERROR] LogOutputStream:75 - [STDERR_REDIRECT] WARNING: Couldn't flush system prefs: java.util.prefs.BackingStoreException: Couldn't get file lock.
2026-08-15 13:46:01,442 [ERROR] LogOutputStream:75 - [STDERR_REDIRECT] 
2026-08-15 13:46:31,442 [ERROR] LogOutputStream:75 - [STDERR_REDIRECT] Aug 15, 2026 1:46:31 PM java.util.prefs.FileSystemPreferences checkLockFile0ErrorCode
2026-08-15 13:46:31,442 [ERROR] LogOutputStream:75 - [STDERR_REDIRECT] WARNING: Could not lock System prefs. Unix error code 2.
2026-08-15 13:46:31,442 [ERROR] LogOutputStream:75 - [STDERR_REDIRECT] 
2026-08-15 13:46:31,442 [ERROR] LogOutputStream:75 - [STDERR_REDIRECT] Aug 15, 2026 1:46:31 PM java.util.prefs.FileSystemPreferences syncWorld
2026-08-15 13:46:31,442 [ERROR] LogOutputStream:75 - [STDERR_REDIRECT] WARNING: Couldn't flush system prefs: java.util.prefs.BackingStoreException: Couldn't get file lock.
2026-08-15 13:46:31,443 [ERROR] LogOutputStream:75 - [STDERR_REDIRECT] 
2026-08-15 13:47:01,441 [ERROR] LogOutputStream:75 - [STDERR_REDIRECT] Aug 15, 2026 1:47:01 PM java.util.prefs.FileSystemPreferences checkLockFile0ErrorCode
2026-08-15 13:47:01,441 [ERROR] LogOutputStream:75 - [STDERR_REDIRECT] WARNING: Could not lock System prefs. Unix error code 2.
2026-08-15 13:47:01,441 [ERROR] LogOutputStream:75 - [STDERR_REDIRECT] 
2026-08-15 13:47:01,441 [ERROR] LogOutputStream:75 - [STDERR_REDIRECT] Aug 15, 2026 1:47:01 PM java.util.prefs.FileSystemPreferences syncWorld
2026-08-15 13:47:01,441 [ERROR] LogOutputStream:75 - [STDERR_REDIRECT] WARNING: Couldn't flush system prefs: java.util.prefs.BackingStoreException: Couldn't get file lock.
2026-08-15 13:47:01,441 [ERROR] LogOutputStream:75 - [STDERR_REDIRECT] 
2026-08-15 13:47:31,441 [ERROR] LogOutputStream:75 - [STDERR_REDIRECT] Aug 15, 2026 1:47:31 PM java.util.prefs.FileSystemPreferences checkLockFile0ErrorCode
2026-08-15 13:47:31,441 [ERROR] LogOutputStream:75 - [STDERR_REDIRECT] WARNING: Could not lock System prefs. Unix error code 2.
2026-08-15 13:47:31,441 [ERROR] LogOutputStream:75 - [STDERR_REDIRECT] 
2026-08-15 13:47:31,442 [ERROR] LogOutputStream:75 - [STDERR_REDIRECT] Aug 15, 2026 1:47:31 PM java.util.prefs.FileSystemPreferences syncWorld
2026-08-15 13:47:31,442 [ERROR] LogOutputStream:75 - [STDERR_REDIRECT] WARNING: Couldn't flush system prefs: java.util.prefs.BackingStoreException: Couldn't get file lock.
2026-08-15 13:47:31,442 [ERROR] LogOutputStream:75 - [STDERR_REDIRECT] 
2026-08-15 13:48:01,441 [ERROR] LogOutputStream:75 - [STDERR_REDIRECT] Aug 15, 2026 1:48:01 PM java.util.prefs.FileSystemPreferences checkLockFile0ErrorCode
2026-08-15 13:48:01,441 [ERROR] LogOutputStream:75 - [STDERR_REDIRECT] WARNING: Could not lock System prefs. Unix error code 2.
2026-08-15 13:48:01,441 [ERROR] LogOutputStream:75 - [STDERR_REDIRECT] 
2026-08-15 13:48:01,441 [ERROR] LogOutputStream:75 - [STDERR_REDIRECT] Aug 15, 2026 1:48:01 PM java.util.prefs.FileSystemPreferences syncWorld
2026-08-15 13:48:01,441 [ERROR] LogOutputStream:75 - [STDERR_REDIRECT] WARNING: Couldn't flush system prefs: java.util.prefs.BackingStoreException: Couldn't get file lock.
2026-08-15 13:48:01,441 [ERROR] LogOutputStream:75 - [STDERR_REDIRECT] 
2026-08-15 13:48:31,442 [ERROR] LogOutputStream:75 - [STDERR_REDIRECT] Aug 15, 2026 1:48:31 PM java.util.prefs.FileSystemPreferences checkLockFile0ErrorCode
2026-08-15 13:48:31,442 [ERROR] LogOutputStream:75 - [STDERR_REDIRECT] WARNING: Could not lock System prefs. Unix error code 2.
2026-08-15 13:48:31,442 [ERROR] LogOutputStream:75 - [STDERR_REDIRECT] 
2026-08-15 13:48:31,442 [ERROR] LogOutputStream:75 - [STDERR_REDIRECT] Aug 15, 2026 1:48:31 PM java.util.prefs.FileSystemPreferences syncWorld
2026-08-15 13:48:31,442 [ERROR] LogOutputStream:75 - [STDERR_REDIRECT] WARNING: Couldn't flush system prefs: java.util.prefs.BackingStoreException: Couldn't get file lock.
2026-08-15 13:48:31,442 [ERROR] LogOutputStream:75 - [STDERR_REDIRECT] 
2026-08-15 13:49:01,447 [ERROR] LogOutputStream:75 - [STDERR_REDIRECT] Aug 15, 2026 1:49:01 PM java.util.prefs.FileSystemPreferences checkLockFile0ErrorCode
2026-08-15 13:49:01,448 [ERROR] LogOutputStream:75 - [STDERR_REDIRECT] WARNING: Could not lock System prefs. Unix error code 2.
2026-08-15 13:49:01,448 [ERROR] LogOutputStream:75 - [STDERR_REDIRECT] 
2026-08-15 13:49:01,448 [ERROR] LogOutputStream:75 - [STDERR_REDIRECT] Aug 15, 2026 1:49:01 PM java.util.prefs.FileSystemPreferences syncWorld
2026-08-15 13:49:01,448 [ERROR] LogOutputStream:75 - [STDERR_REDIRECT] WARNING: Couldn't flush system prefs: java.util.prefs.BackingStoreException: Couldn't get file lock.
2026-08-15 13:49:01,448 [ERROR] LogOutputStream:75 - [STDERR_REDIRECT] 
2026-08-15 13:49:31,442 [ERROR] LogOutputStream:75 - [STDERR_REDIRECT] Aug 15, 2026 1:49:31 PM java.util.prefs.FileSystemPreferences checkLockFile0ErrorCode
2026-08-15 13:49:31,442 [ERROR] LogOutputStream:75 - [STDERR_REDIRECT] WARNING: Could not lock System prefs. Unix error code 2.
2026-08-15 13:49:31,442 [ERROR] LogOutputStream:75 - [STDERR_REDIRECT] 
2026-08-15 13:49:31,442 [ERROR] LogOutputStream:75 - [STDERR_REDIRECT] Aug 15, 2026 1:49:31 PM java.util.prefs.FileSystemPreferences syncWorld
2026-08-15 13:49:31,442 [ERROR] LogOutputStream:75 - [STDERR_REDIRECT] WARNING: Couldn't flush system prefs: java.util.prefs.BackingStoreException: Couldn't get file lock.
2026-08-15 13:49:31,442 [ERROR] LogOutputStream:75 - [STDERR_REDIRECT] 
2026-08-15 13:50:01,441 [ERROR] LogOutputStream:75 - [STDERR_REDIRECT] Aug 15, 2026 1:50:01 PM java.util.prefs.FileSystemPreferences checkLockFile0ErrorCode
2026-08-15 13:50:01,441 [ERROR] LogOutputStream:75 - [STDERR_REDIRECT] WARNING: Could not lock System prefs. Unix error code 2.
2026-08-15 13:50:01,441 [ERROR] LogOutputStream:75 - [STDERR_REDIRECT] 
2026-08-15 13:50:01,441 [ERROR] LogOutputStream:75 - [STDERR_REDIRECT] Aug 15, 2026 1:50:01 PM java.util.prefs.FileSystemPreferences syncWorld
2026-08-15 13:50:01,441 [ERROR] LogOutputStream:75 - [STDERR_REDIRECT] WARNING: Couldn't flush system prefs: java.util.prefs.BackingStoreException: Couldn't get file lock.
2026-08-15 13:50:01,441 [ERROR] LogOutputStream:75 - [STDERR_REDIRECT] 
2026-08-15 13:50:18,582 [INFO] NvicIntPanel:101 - NVIC parent = com.st.microxplorer.plugins.ip.nvic.MultiNvicIntPanel[,0,0,0x0,invalid,layout=javax.swing.BoxLayout,alignmentX=0.0,alignmentY=0.0,border=,flags=9,maximumSize=,minimumSize=,preferredSize=]
2026-08-15 13:50:31,442 [ERROR] LogOutputStream:75 - [STDERR_REDIRECT] Aug 15, 2026 1:50:31 PM java.util.prefs.FileSystemPreferences checkLockFile0ErrorCode
2026-08-15 13:50:31,442 [ERROR] LogOutputStream:75 - [STDERR_REDIRECT] WARNING: Could not lock System prefs. Unix error code 2.
2026-08-15 13:50:31,442 [ERROR] LogOutputStream:75 - [STDERR_REDIRECT] 
2026-08-15 13:50:31,442 [ERROR] LogOutputStream:75 - [STDERR_REDIRECT] Aug 15, 2026 1:50:31 PM java.util.prefs.FileSystemPreferences syncWorld
2026-08-15 13:50:31,442 [ERROR] LogOutputStream:75 - [STDERR_REDIRECT] WARNING: Couldn't flush system prefs: java.util.prefs.BackingStoreException: Couldn't get file lock.
2026-08-15 13:50:31,442 [ERROR] LogOutputStream:75 - [STDERR_REDIRECT] 
2026-08-15 13:51:01,442 [ERROR] LogOutputStream:75 - [STDERR_REDIRECT] Aug 15, 2026 1:51:01 PM java.util.prefs.FileSystemPreferences checkLockFile0ErrorCode
2026-08-15 13:51:01,442 [ERROR] LogOutputStream:75 - [STDERR_REDIRECT] WARNING: Could not lock System prefs. Unix error code 2.
2026-08-15 13:51:01,442 [ERROR] LogOutputStream:75 - [STDERR_REDIRECT] 
2026-08-15 13:51:01,442 [ERROR] LogOutputStream:75 - [STDERR_REDIRECT] Aug 15, 2026 1:51:01 PM java.util.prefs.FileSystemPreferences syncWorld
2026-08-15 13:51:01,442 [ERROR] LogOutputStream:75 - [STDERR_REDIRECT] WARNING: Couldn't flush system prefs: java.util.prefs.BackingStoreException: Couldn't get file lock.
2026-08-15 13:51:01,442 [ERROR] LogOutputStream:75 - [STDERR_REDIRECT] 
2026-08-15 13:51:31,443 [ERROR] LogOutputStream:75 - [STDERR_REDIRECT] Aug 15, 2026 1:51:31 PM java.util.prefs.FileSystemPreferences checkLockFile0ErrorCode
2026-08-15 13:51:31,444 [ERROR] LogOutputStream:75 - [STDERR_REDIRECT] WARNING: Could not lock System prefs. Unix error code 2.
2026-08-15 13:51:31,444 [ERROR] LogOutputStream:75 - [STDERR_REDIRECT] 
2026-08-15 13:51:31,444 [ERROR] LogOutputStream:75 - [STDERR_REDIRECT] Aug 15, 2026 1:51:31 PM java.util.prefs.FileSystemPreferences syncWorld
2026-08-15 13:51:31,444 [ERROR] LogOutputStream:75 - [STDERR_REDIRECT] WARNING: Couldn't flush system prefs: java.util.prefs.BackingStoreException: Couldn't get file lock.
2026-08-15 13:51:31,444 [ERROR] LogOutputStream:75 - [STDERR_REDIRECT] 
2026-08-15 13:51:33,832 [INFO] MainUpdater:2872 - connection check result : 10
2026-08-15 13:51:33,833 [INFO] MainUpdater:2872 - connection check result : 10
2026-08-15 13:51:33,850 [INFO] MicroXplorer:468 - Change Database Path : 
2026-08-15 13:51:33,850 [INFO] MicroXplorer:498 - Change Database Version : DB.6.0.140
2026-08-15 13:51:33,864 [ERROR] ProjectManagerView:394 - 
java.lang.NullPointerException: Cannot invoke "javax.swing.JTextField.getText()" because the return value of "java.util.List.get(int)" is null
	at com.st.microxplorer.plugins.projectmanager.gui.ProjectChoiceTab$9.caretUpdate(ProjectChoiceTab.java:2678) ~[filemanager.jar:?]
	at javax.swing.text.JTextComponent.fireCaretUpdate(JTextComponent.java:408) ~[?:?]
	at javax.swing.text.JTextComponent$MutableCaretEvent.fire(JTextComponent.java:4484) ~[?:?]
	at javax.swing.text.JTextComponent$MutableCaretEvent.stateChanged(JTextComponent.java:4506) ~[?:?]
	at javax.swing.text.DefaultCaret.fireStateChanged(DefaultCaret.java:857) ~[?:?]
	at javax.swing.text.DefaultCaret.changeCaretPosition(DefaultCaret.java:1343) ~[?:?]
	at javax.swing.text.DefaultCaret.handleSetDot(DefaultCaret.java:1242) ~[?:?]
	at javax.swing.text.DefaultCaret.setDot(DefaultCaret.java:1223) ~[?:?]
	at javax.swing.text.DefaultCaret$Handler.insertUpdate(DefaultCaret.java:1819) ~[?:?]
	at javax.swing.text.AbstractDocument.fireInsertUpdate(AbstractDocument.java:227) ~[?:?]
	at javax.swing.text.AbstractDocument.handleInsertString(AbstractDocument.java:781) ~[?:?]
	at javax.swing.text.AbstractDocument.insertString(AbstractDocument.java:740) ~[?:?]
	at javax.swing.text.PlainDocument.insertString(PlainDocument.java:131) ~[?:?]
	at javax.swing.text.AbstractDocument.replace(AbstractDocument.java:699) ~[?:?]
	at javax.swing.text.JTextComponent.setText(JTextComponent.java:1725) ~[?:?]
	at com.st.microxplorer.plugins.projectmanager.gui.ProjectChoiceTab.createHeapStackFields(ProjectChoiceTab.java:979) ~[filemanager.jar:?]
	at com.st.microxplorer.plugins.projectmanager.gui.ProjectChoiceTab.buildLinkSettingsPanel(ProjectChoiceTab.java:3766) ~[filemanager.jar:?]
	at com.st.microxplorer.plugins.projectmanager.gui.ProjectChoiceTab.defineWindowsFields(ProjectChoiceTab.java:1962) ~[filemanager.jar:?]
	at com.st.microxplorer.plugins.projectmanager.gui.ProjectChoiceTab.updateSettings(ProjectChoiceTab.java:555) ~[filemanager.jar:?]
	at com.st.microxplorer.plugins.projectmanager.gui.ProjectSettingsPanel.UpdateDialog(ProjectSettingsPanel.java:245) ~[filemanager.jar:?]
	at com.st.microxplorer.plugins.projectmanager.ProjectManagerView.propertyChange(ProjectManagerView.java:391) ~[filemanager.jar:?]
	at java.beans.PropertyChangeSupport.fire(PropertyChangeSupport.java:343) ~[?:?]
	at java.beans.PropertyChangeSupport.firePropertyChange(PropertyChangeSupport.java:335) ~[?:?]
	at java.beans.PropertyChangeSupport.firePropertyChange(PropertyChangeSupport.java:268) ~[?:?]
	at com.st.microxplorer.util.MXPropertyChangeSupport.firePropertyChange(MXPropertyChangeSupport.java:54) ~[STM32CubeMX.jar:?]
	at com.st.microxplorer.mxsystem.MxSystem.closeConfig(MxSystem.java:899) ~[STM32CubeMX.jar:?]
	at com.st.microxplorer.maingui.MainPanel.closeConfig(MainPanel.java:789) ~[STM32CubeMX.jar:?]
	at com.st.microxplorer.plugins.filemanager.engine.OpenFileManager.loadConfigurationFile(OpenFileManager.java:287) ~[filemanager.jar:?]
	at com.st.microxplorer.plugins.filemanager.engine.MainFileManager.userLoadConfig(MainFileManager.java:341) ~[filemanager.jar:?]
	at com.st.microxplorer.plugins.filemanager.engine.MainFileManager.userLoadConfig(MainFileManager.java:319) ~[filemanager.jar:?]
	at com.st.microxplorer.plugins.filemanager.FileManagerView.getSpecificTask(FileManagerView.java:246) ~[filemanager.jar:?]
	at com.st.stm32cube.common.mx.editor.CubeMxEditor.getMxTabbedPaneInstance(CubeMxEditor.java:1198) ~[com.st.stm32cube.common.mx_6.14.0.202502271554/:?]
	at com.st.stm32cube.common.mx.editor.CubeMxEditor$12$1.createSwingComponent(CubeMxEditor.java:1068) ~[com.st.stm32cube.common.mx_6.14.0.202502271554/:?]
	at com.st.stm32cube.common.mx.oss.core.awtswtbridge.EmbeddedSwingComposite.doComponentCreation(EmbeddedSwingComposite.java:492) ~[com.st.stm32cube.common.mx.oss_6.14.0.202502271554/:?]
	at com.st.stm32cube.common.mx.oss.core.awtswtbridge.EmbeddedSwingComposite$4.run(EmbeddedSwingComposite.java:291) ~[com.st.stm32cube.common.mx.oss_6.14.0.202502271554/:?]
	at com.st.stm32cube.common.mx.oss.core.awtswtbridge.AwtEnvironment$2.run(AwtEnvironment.java:166) ~[com.st.stm32cube.common.mx.oss_6.14.0.202502271554/:?]
	at java.awt.event.InvocationEvent.dispatch(InvocationEvent.java:318) ~[?:?]
	at java.awt.EventQueue.dispatchEventImpl(EventQueue.java:773) ~[?:?]
	at java.awt.EventQueue$4.run(EventQueue.java:720) ~[?:?]
	at java.awt.EventQueue$4.run(EventQueue.java:714) ~[?:?]
	at java.security.AccessController.doPrivileged(AccessController.java:400) ~[?:?]
	at java.security.ProtectionDomain$JavaSecurityAccessImpl.doIntersectionPrivilege(ProtectionDomain.java:87) ~[?:?]
	at java.awt.EventQueue.dispatchEvent(EventQueue.java:742) ~[?:?]
	at java.awt.EventDispatchThread.pumpOneEventForFilters(EventDispatchThread.java:203) ~[?:?]
	at java.awt.EventDispatchThread.pumpEventsForFilter(EventDispatchThread.java:124) ~[?:?]
	at java.awt.EventDispatchThread.pumpEventsForHierarchy(EventDispatchThread.java:113) ~[?:?]
	at java.awt.EventDispatchThread.pumpEvents(EventDispatchThread.java:109) ~[?:?]
	at java.awt.EventDispatchThread.pumpEvents(EventDispatchThread.java:101) ~[?:?]
	at java.awt.EventDispatchThread.run(EventDispatchThread.java:90) ~[?:?]
2026-08-15 13:51:33,865 [WARN] ThirdParty:871 - waiting for thirdparty lock release [close project]
2026-08-15 13:51:33,865 [INFO] ThirdParty:873 - entering critical section [close project]
2026-08-15 13:51:33,866 [INFO] ThirdParty:883 - exiting critical section [close project]
2026-08-15 13:51:33,867 [INFO] PinOutPanel:1589 - setPackage(No Configuration,No Configuration)
2026-08-15 13:51:33,873 [WARN] IpParametersView:155 - Warning: This peripheral hasn't parameters
2026-08-15 13:51:33,877 [WARN] MainPanel:289 - <html><b><center>Warning: This peripheral has no parameters to be configured<br></b></html>
2026-08-15 13:51:33,880 [INFO] UtilMem:75 - Begin LoadConfig() Used Memory: 429890288 Bytes (680525824)
2026-08-15 13:51:33,880 [INFO] MicroXplorer:468 - Change Database Path : 
2026-08-15 13:51:33,880 [INFO] MicroXplorer:498 - Change Database Version : DB.6.0.140
2026-08-15 13:51:33,881 [INFO] OpenFileManager:354 - Change cursor
2026-08-15 13:51:33,899 [INFO] RulesReader:64 - Compatibility file has been processed (301 Rules)
2026-08-15 13:51:33,902 [INFO] Mcu:2011 - Initializing MCU STM32F411C(C-E)Ux STM32F411CEUx STM32F411CEU6
2026-08-15 13:51:34,377 [INFO] Context:756 - Trying to add GPIOservice into a context  which must be forbidden
2026-08-15 13:51:34,665 [INFO] ImportTextPane:218 - (OptionalMessage_ERROR) Pin23 (VP_RIF_VS_RIF1) cannot be retrieved for this MCU
2026-08-15 13:51:34,689 [INFO] RtosManager:558 - Registered RTOS mode: class=CMSIS, group=RTOS, mode=CMSIS_V1, owner=FREERTOS
2026-08-15 13:51:34,689 [INFO] RtosManager:558 - Registered RTOS mode: class=CMSIS, group=RTOS2, mode=CMSIS_V2, owner=FREERTOS
2026-08-15 13:51:34,689 [INFO] RtosManager:558 - Registered RTOS mode: class=RTOS, group=Core, mode=CMSIS_V1, owner=FREERTOS
2026-08-15 13:51:34,689 [INFO] RtosManager:558 - Registered RTOS mode: class=RTOS, group=Core, mode=CMSIS_V2, owner=FREERTOS
2026-08-15 13:51:34,689 [WARN] ModelIntegratedComponent:184 - Missing modes for component STMicroelectronics:FreeRTOS:0.0.1:STMicroelectronics:RTOS:FreeRTOS:Core:::10.2.0:
2026-08-15 13:51:34,748 [WARN] ModelIntegratedComponent:182 - Modes not found for component STMicroelectronics:USB_HOST:1.0.0:STMicroelectronics:USB::USB Host:Audio HS::1.0:USB_HOST_1_0_RESTRICTED_HS
2026-08-15 13:51:34,748 [WARN] ModelIntegratedComponent:188 - Modes not found for component STMicroelectronics:USB_HOST:1.0.0:STMicroelectronics:USB::USB Host:Audio HS::1.0:USB_HOST_1_0_RESTRICTED_HS
2026-08-15 13:51:34,748 [WARN] ModelIntegratedComponent:182 - Modes not found for component STMicroelectronics:USB_HOST:1.0.0:STMicroelectronics:USB::USB Host:CDC HS::1.0:USB_HOST_1_0_RESTRICTED_HS
2026-08-15 13:51:34,748 [WARN] ModelIntegratedComponent:188 - Modes not found for component STMicroelectronics:USB_HOST:1.0.0:STMicroelectronics:USB::USB Host:CDC HS::1.0:USB_HOST_1_0_RESTRICTED_HS
2026-08-15 13:51:34,748 [WARN] ModelIntegratedComponent:182 - Modes not found for component STMicroelectronics:USB_HOST:1.0.0:STMicroelectronics:USB::USB Host:MSC HS::1.0:USB_HOST_1_0_RESTRICTED_HS
2026-08-15 13:51:34,748 [WARN] ModelIntegratedComponent:188 - Modes not found for component STMicroelectronics:USB_HOST:1.0.0:STMicroelectronics:USB::USB Host:MSC HS::1.0:USB_HOST_1_0_RESTRICTED_HS
2026-08-15 13:51:34,748 [WARN] ModelIntegratedComponent:182 - Modes not found for component STMicroelectronics:USB_HOST:1.0.0:STMicroelectronics:USB::USB Host:HID HS::1.0:USB_HOST_1_0_RESTRICTED_HS
2026-08-15 13:51:34,749 [WARN] ModelIntegratedComponent:188 - Modes not found for component STMicroelectronics:USB_HOST:1.0.0:STMicroelectronics:USB::USB Host:HID HS::1.0:USB_HOST_1_0_RESTRICTED_HS
2026-08-15 13:51:34,749 [WARN] ModelIntegratedComponent:182 - Modes not found for component STMicroelectronics:USB_HOST:1.0.0:STMicroelectronics:USB::USB Host:MTP HS::1.0:USB_HOST_1_0_RESTRICTED_HS
2026-08-15 13:51:34,749 [WARN] ModelIntegratedComponent:188 - Modes not found for component STMicroelectronics:USB_HOST:1.0.0:STMicroelectronics:USB::USB Host:MTP HS::1.0:USB_HOST_1_0_RESTRICTED_HS
2026-08-15 13:51:34,751 [WARN] ModelIntegratedComponent:63 - No mode defined for component null
2026-08-15 13:51:34,751 [WARN] ModelIntegratedComponent:63 - No mode defined for component null
2026-08-15 13:51:34,751 [WARN] ModelIntegratedComponent:63 - No mode defined for component null
2026-08-15 13:51:34,751 [WARN] ModelIntegratedComponent:63 - No mode defined for component null
2026-08-15 13:51:34,751 [WARN] ModelIntegratedComponent:63 - No mode defined for component null
2026-08-15 13:51:34,751 [WARN] ModelIntegratedComponent:63 - No mode defined for component null
2026-08-15 13:51:34,751 [WARN] ModelIntegratedComponent:63 - No mode defined for component null
2026-08-15 13:51:34,751 [WARN] ModelIntegratedComponent:63 - No mode defined for component null
2026-08-15 13:51:34,751 [WARN] ModelIntegratedComponent:63 - No mode defined for component null
2026-08-15 13:51:34,751 [WARN] ModelIntegratedComponent:63 - No mode defined for component null
2026-08-15 13:51:34,751 [WARN] ModelIntegratedComponent:63 - No mode defined for component null
2026-08-15 13:51:34,751 [WARN] ModelIntegratedComponent:63 - No mode defined for component null
2026-08-15 13:51:34,751 [WARN] ModelIntegratedComponent:63 - No mode defined for component null
2026-08-15 13:51:34,751 [WARN] ModelIntegratedComponent:63 - No mode defined for component null
2026-08-15 13:51:34,751 [WARN] ModelIntegratedComponent:63 - No mode defined for component null
2026-08-15 13:51:34,751 [WARN] ModelIntegratedComponent:63 - No mode defined for component null
2026-08-15 13:51:34,751 [WARN] ModelIntegratedComponent:63 - No mode defined for component null
2026-08-15 13:51:34,751 [WARN] ModelIntegratedComponent:63 - No mode defined for component null
2026-08-15 13:51:34,751 [WARN] ModelIntegratedComponent:63 - No mode defined for component null
2026-08-15 13:51:34,751 [WARN] ModelIntegratedComponent:63 - No mode defined for component null
2026-08-15 13:51:34,752 [WARN] ModelIntegratedComponent:63 - No mode defined for component null
2026-08-15 13:51:34,752 [WARN] ModelIntegratedComponent:63 - No mode defined for component null
2026-08-15 13:51:34,752 [WARN] ModelIntegratedComponent:63 - No mode defined for component null
2026-08-15 13:51:34,752 [WARN] ModelIntegratedComponent:63 - No mode defined for component null
2026-08-15 13:51:34,752 [WARN] ModelIntegratedComponent:63 - No mode defined for component null
2026-08-15 13:51:34,752 [WARN] ModelIntegratedComponent:63 - No mode defined for component null
2026-08-15 13:51:34,752 [WARN] ModelIntegratedComponent:63 - No mode defined for component null
2026-08-15 13:51:34,752 [WARN] ModelIntegratedComponent:63 - No mode defined for component null
2026-08-15 13:51:34,752 [WARN] ModelIntegratedComponent:63 - No mode defined for component null
2026-08-15 13:51:34,752 [WARN] ModelIntegratedComponent:63 - No mode defined for component null
2026-08-15 13:51:34,752 [WARN] ModelIntegratedComponent:63 - No mode defined for component null
2026-08-15 13:51:34,752 [WARN] ModelIntegratedComponent:63 - No mode defined for component null
2026-08-15 13:51:34,752 [WARN] ModelIntegratedComponent:63 - No mode defined for component null
2026-08-15 13:51:34,752 [WARN] ModelIntegratedComponent:63 - No mode defined for component null
2026-08-15 13:51:34,752 [WARN] ModelIntegratedComponent:63 - No mode defined for component null
2026-08-15 13:51:34,752 [WARN] ModelPack:524 - Component already loaded: STMicroelectronics:HAL Drivers:0.0.0:STMicroelectronics:Device:STMicro_Driver:XSPI:HAL::0.0.1:HAL_XSPI
2026-08-15 13:51:34,780 [WARN] ModelIntegratedComponent:182 - Modes not found for component STMicroelectronics:USB_DEVICE:1.0.0:STMicroelectronics:USB::USB Device:Audio HS::1.0:USB_DEVICE_1_0_RESTRICTED_HS
2026-08-15 13:51:34,780 [WARN] ModelIntegratedComponent:188 - Modes not found for component STMicroelectronics:USB_DEVICE:1.0.0:STMicroelectronics:USB::USB Device:Audio HS::1.0:USB_DEVICE_1_0_RESTRICTED_HS
2026-08-15 13:51:34,780 [WARN] ModelIntegratedComponent:182 - Modes not found for component STMicroelectronics:USB_DEVICE:1.0.0:STMicroelectronics:USB::USB Device:CDC HS::1.0:USB_DEVICE_1_0_RESTRICTED_HS
2026-08-15 13:51:34,780 [WARN] ModelIntegratedComponent:188 - Modes not found for component STMicroelectronics:USB_DEVICE:1.0.0:STMicroelectronics:USB::USB Device:CDC HS::1.0:USB_DEVICE_1_0_RESTRICTED_HS
2026-08-15 13:51:34,780 [WARN] ModelIntegratedComponent:182 - Modes not found for component STMicroelectronics:USB_DEVICE:1.0.0:STMicroelectronics:USB::USB Device:DFU HS::1.0:USB_DEVICE_1_0_RESTRICTED_HS
2026-08-15 13:51:34,780 [WARN] ModelIntegratedComponent:188 - Modes not found for component STMicroelectronics:USB_DEVICE:1.0.0:STMicroelectronics:USB::USB Device:DFU HS::1.0:USB_DEVICE_1_0_RESTRICTED_HS
2026-08-15 13:51:34,780 [WARN] ModelIntegratedComponent:182 - Modes not found for component STMicroelectronics:USB_DEVICE:1.0.0:STMicroelectronics:USB::USB Device:HID HS::1.0:USB_DEVICE_1_0_RESTRICTED_HS
2026-08-15 13:51:34,780 [WARN] ModelIntegratedComponent:188 - Modes not found for component STMicroelectronics:USB_DEVICE:1.0.0:STMicroelectronics:USB::USB Device:HID HS::1.0:USB_DEVICE_1_0_RESTRICTED_HS
2026-08-15 13:51:34,780 [WARN] ModelIntegratedComponent:182 - Modes not found for component STMicroelectronics:USB_DEVICE:1.0.0:STMicroelectronics:USB::USB Device:Custom HID HS::1.0:USB_DEVICE_1_0_RESTRICTED_HS
2026-08-15 13:51:34,780 [WARN] ModelIntegratedComponent:188 - Modes not found for component STMicroelectronics:USB_DEVICE:1.0.0:STMicroelectronics:USB::USB Device:Custom HID HS::1.0:USB_DEVICE_1_0_RESTRICTED_HS
2026-08-15 13:51:34,780 [WARN] ModelIntegratedComponent:182 - Modes not found for component STMicroelectronics:USB_DEVICE:1.0.0:STMicroelectronics:USB::USB Device:MSC HS::1.0:USB_DEVICE_1_0_RESTRICTED_HS
2026-08-15 13:51:34,780 [WARN] ModelIntegratedComponent:188 - Modes not found for component STMicroelectronics:USB_DEVICE:1.0.0:STMicroelectronics:USB::USB Device:MSC HS::1.0:USB_DEVICE_1_0_RESTRICTED_HS
2026-08-15 13:51:34,790 [INFO] ThirdPartyModel:298 - Start build external matchings
2026-08-15 13:51:34,997 [INFO] ThirdPartyModel:316 - End build external matchings
2026-08-15 13:51:35,009 [INFO] ImportTextPane:218 - (OptionalMessage_ERROR) IP (DMA) : Parameter (Instance) has Id (SPI1_RX) currently not set
2026-08-15 13:51:35,009 [INFO] ImportTextPane:218 - (OptionalMessage_ERROR) IP (DMA) : Parameter (Channel) has Id (SPI1_RX) currently not set
2026-08-15 13:51:35,009 [INFO] ImportTextPane:218 - (OptionalMessage_ERROR) IP (DMA) : Parameter (Direction) has Id (SPI1_RX) currently not set
2026-08-15 13:51:35,009 [INFO] ImportTextPane:218 - (OptionalMessage_ERROR) IP (DMA) : Parameter (PeriphInc) has Id (SPI1_RX) currently not set
2026-08-15 13:51:35,009 [INFO] ImportTextPane:218 - (OptionalMessage_ERROR) IP (DMA) : Parameter (MemInc) has Id (SPI1_RX) currently not set
2026-08-15 13:51:35,009 [INFO] ImportTextPane:218 - (OptionalMessage_ERROR) IP (DMA) : Parameter (PeriphDataAlignment) has Id (SPI1_RX) currently not set
2026-08-15 13:51:35,009 [INFO] ImportTextPane:218 - (OptionalMessage_ERROR) IP (DMA) : Parameter (MemDataAlignment) has Id (SPI1_RX) currently not set
2026-08-15 13:51:35,009 [INFO] ImportTextPane:218 - (OptionalMessage_ERROR) IP (DMA) : Parameter (Mode) has Id (SPI1_RX) currently not set
2026-08-15 13:51:35,009 [INFO] ImportTextPane:218 - (OptionalMessage_ERROR) IP (DMA) : Parameter (Priority) has Id (SPI1_RX) currently not set
2026-08-15 13:51:35,009 [INFO] ImportTextPane:218 - (OptionalMessage_ERROR) IP (DMA) : Parameter (FIFOMode) has Id (SPI1_RX) currently not set
2026-08-15 13:51:35,009 [INFO] ImportTextPane:218 - (OptionalMessage_ERROR) IP (RCC) : Parameter (48MHZClocksFreq_Value) has invalid value (50000000)
2026-08-15 13:51:35,010 [INFO] ImportTextPane:218 - (OptionalMessage_ERROR) IP (RCC) : Parameter (RTCHSEDivFreq_Value) has invalid value (12500000)
2026-08-15 13:51:35,122 [INFO] UtilMem:75 - End LoadConfig() Used Memory: 503105304 Bytes (680525824)
2026-08-15 13:51:35,127 [WARN] ThirdParty:833 - waiting for thirdparty lock release [change project]
2026-08-15 13:51:35,128 [INFO] ThirdParty:835 - entering critical section [change project]
2026-08-15 13:51:35,128 [INFO] ThirdParty:1030 - CMSIS Pack Vendor :STMicroelectronics X-CUBE-AZRTOS-H7 3.5.0
2026-08-15 13:51:35,128 [INFO] ThirdParty:1030 - CMSIS Pack Vendor :STMicroelectronics X-CUBE-PM33A1 1.0.0
2026-08-15 13:51:35,128 [INFO] ThirdParty:1030 - CMSIS Pack Vendor :STMicroelectronics USBPD 4.1
2026-08-15 13:51:35,128 [INFO] ThirdParty:1030 - CMSIS Pack Vendor :STMicroelectronics X-CUBE-NFC9 1.0.0
2026-08-15 13:51:35,128 [INFO] ThirdParty:1030 - CMSIS Pack Vendor :STMicroelectronics USB_HOST 2.0.0
2026-08-15 13:51:35,128 [INFO] ThirdParty:1030 - CMSIS Pack Vendor :STMicroelectronics FP-ATR-ASTRA1 2.0.3
2026-08-15 13:51:35,128 [INFO] ThirdParty:1030 - CMSIS Pack Vendor :STMicroelectronics X-CUBE-AZRTOS-F4 1.1.0
2026-08-15 13:51:35,128 [INFO] ThirdParty:1030 - CMSIS Pack Vendor :STMicroelectronics LIBJPEG 8.0.0
2026-08-15 13:51:35,128 [INFO] ThirdParty:1030 - CMSIS Pack Vendor :STMicroelectronics FP-ATR-ASTRA1 2.0.2
2026-08-15 13:51:35,128 [INFO] ThirdParty:1030 - CMSIS Pack Vendor :STMicroelectronics X-CUBE-BLE1 7.1.0
2026-08-15 13:51:35,128 [INFO] ThirdParty:1030 - CMSIS Pack Vendor :wolfSSL I-CUBE-wolfMQTT 1.19.2
2026-08-15 13:51:35,128 [INFO] ThirdParty:1030 - CMSIS Pack Vendor :STMicroelectronics USB_DEVICE 3.0.0
2026-08-15 13:51:35,128 [INFO] ThirdParty:1030 - CMSIS Pack Vendor :STMicroelectronics X-CUBE-ISPU 2.1.0
2026-08-15 13:51:35,128 [INFO] ThirdParty:1030 - CMSIS Pack Vendor :STMicroelectronics X-CUBE-EEPRMA1 5.2.0
2026-08-15 13:51:35,128 [INFO] ThirdParty:1030 - CMSIS Pack Vendor :STMicroelectronics eDS-WB_DPC_TT-BIDIR 2.1.1
2026-08-15 13:51:35,128 [INFO] ThirdParty:1030 - CMSIS Pack Vendor :STMicroelectronics X-CUBE-AZRTOS-WB 2.0.0
2026-08-15 13:51:35,128 [INFO] ThirdParty:1030 - CMSIS Pack Vendor :STMicroelectronics X-CUBE-NFC12 1.0.0
2026-08-15 13:51:35,128 [INFO] ThirdParty:1030 - CMSIS Pack Vendor :STMicroelectronics X-CUBE-AZRTOS-F7 1.1.0
2026-08-15 13:51:35,128 [INFO] ThirdParty:1030 - CMSIS Pack Vendor :STMicroelectronics X-CUBE-AZRTOS-L5 2.0.0
2026-08-15 13:51:35,128 [INFO] ThirdParty:1030 - CMSIS Pack Vendor :STMicroelectronics USB_DEVICE 2.0.0
2026-08-15 13:51:35,128 [INFO] ThirdParty:1030 - CMSIS Pack Vendor :quantropi X-CUBE-qispace-sdk-base 2.1.0
2026-08-15 13:51:35,128 [INFO] ThirdParty:1030 - CMSIS Pack Vendor :STMicroelectronics X-CUBE-STSE01 2.0.0
2026-08-15 13:51:35,128 [INFO] ThirdParty:1030 - CMSIS Pack Vendor :STMicroelectronics X-CUBE-ALGOBUILD 1.5.0
2026-08-15 13:51:35,128 [INFO] ThirdParty:1030 - CMSIS Pack Vendor :STMicroelectronics FreeRTOS 0.0.1
2026-08-15 13:51:35,128 [INFO] ThirdParty:1030 - CMSIS Pack Vendor :STMicroelectronics X-CUBE-AZRTOS-H7RS 1.3.0
2026-08-15 13:51:35,128 [INFO] ThirdParty:1030 - CMSIS Pack Vendor :STMicroelectronics X-CUBE-AZRTOS-G0 1.1.0
2026-08-15 13:51:35,128 [INFO] ThirdParty:1030 - CMSIS Pack Vendor :STMicroelectronics X-CUBE-NFC4 3.0.0
2026-08-15 13:51:35,128 [INFO] ThirdParty:1030 - CMSIS Pack Vendor :STMicroelectronics X-CUBE-SUBG2 5.0.0
2026-08-15 13:51:35,128 [INFO] ThirdParty:1030 - CMSIS Pack Vendor :STMicroelectronics STM32_WPAN 1.0.0
2026-08-15 13:51:35,128 [INFO] ThirdParty:1030 - CMSIS Pack Vendor :STMicroelectronics eDS-WB_DPC_VIENNA 1.2.0
2026-08-15 13:51:35,128 [INFO] ThirdParty:1030 - CMSIS Pack Vendor :EmbeddedOffice I-CUBE-FS-RTOS 1.0.1
2026-08-15 13:51:35,128 [INFO] ThirdParty:1030 - CMSIS Pack Vendor :STMicroelectronics lwIP 2.0.3
2026-08-15 13:51:35,128 [INFO] ThirdParty:1030 - CMSIS Pack Vendor :STMicroelectronics X-CUBE-MEMS1 13.0.0
2026-08-15 13:51:35,128 [INFO] ThirdParty:1030 - CMSIS Pack Vendor :STMicroelectronics eDS-WB_DPC_3PH2L-BIDIR 1.1.1
2026-08-15 13:51:35,128 [INFO] ThirdParty:1030 - CMSIS Pack Vendor :STMicroelectronics USB_HOST 1.0.0
2026-08-15 13:51:35,128 [INFO] ThirdParty:1030 - CMSIS Pack Vendor :STMicroelectronics X-CUBE-AZRTOS-G4 2.0.0
2026-08-15 13:51:35,128 [INFO] ThirdParty:1030 - CMSIS Pack Vendor :STMicroelectronics PDM2PCM 3.1.0
2026-08-15 13:51:35,128 [INFO] ThirdParty:1030 - CMSIS Pack Vendor :STMicroelectronics PDM2PCM 3.3.0
2026-08-15 13:51:35,128 [INFO] ThirdParty:1030 - CMSIS Pack Vendor :wolfSSL I-CUBE-wolfTPM 3.8.0
2026-08-15 13:51:35,128 [INFO] ThirdParty:1030 - CMSIS Pack Vendor :STMicroelectronics X-CUBE-DISPLAY 3.0.0
2026-08-15 13:51:35,128 [INFO] ThirdParty:1030 - CMSIS Pack Vendor :wolfSSL I-CUBE-wolfSSH 1.4.20
2026-08-15 13:51:35,128 [INFO] ThirdParty:1030 - CMSIS Pack Vendor :STMicroelectronics X-CUBE-NFC7 2.0.0
2026-08-15 13:51:35,128 [INFO] ThirdParty:1030 - CMSIS Pack Vendor :STMicroelectronics X-CUBE-GNSS1 7.1.1
2026-08-15 13:51:35,128 [INFO] ThirdParty:1030 - CMSIS Pack Vendor :STMicroelectronics X-CUBE-TCPP 4.2.0
2026-08-15 13:51:35,128 [INFO] ThirdParty:1030 - CMSIS Pack Vendor :RealThread X-CUBE-RT-Thread_Nano 4.1.1
2026-08-15 13:51:35,128 [INFO] ThirdParty:1030 - CMSIS Pack Vendor :wolfSSL I-CUBE-wolfSSL 5.9.1
2026-08-15 13:51:35,128 [INFO] ThirdParty:1030 - CMSIS Pack Vendor :STMicroelectronics FP-ATR-SIGFOX1 3.2.0
2026-08-15 13:51:35,128 [INFO] ThirdParty:1030 - CMSIS Pack Vendor :STMicroelectronics X-CUBE-NFC10 1.0.0
2026-08-15 13:51:35,128 [INFO] ThirdParty:1030 - CMSIS Pack Vendor :STMicroelectronics HAL Drivers 0.0.0
2026-08-15 13:51:35,128 [INFO] ThirdParty:1030 - CMSIS Pack Vendor :STMicroelectronics MBEDTLS 2.16.2
2026-08-15 13:51:35,128 [INFO] ThirdParty:1030 - CMSIS Pack Vendor :STMicroelectronics X-CUBE-ST60 1.1.0
2026-08-15 13:51:35,128 [INFO] ThirdParty:1030 - CMSIS Pack Vendor :STMicroelectronics X-CUBE-ALS 1.0.2
2026-08-15 13:51:35,128 [INFO] ThirdParty:1030 - CMSIS Pack Vendor :emotas I-CUBE-CANOPEN 1.3.0
2026-08-15 13:51:35,129 [INFO] ThirdParty:1030 - CMSIS Pack Vendor :STMicroelectronics MBEDTLS 2.14.1
2026-08-15 13:51:35,129 [INFO] ThirdParty:1030 - CMSIS Pack Vendor :ITTIA_DB I-CUBE-ITTIADB 8.9.0
2026-08-15 13:51:35,129 [INFO] ThirdParty:1030 - CMSIS Pack Vendor :Cesanta I-CUBE-Mongoose 7.21.7
2026-08-15 13:51:35,129 [INFO] ThirdParty:1030 - CMSIS Pack Vendor :STMicroelectronics X-CUBE-TOUCHGFX 4.26.1
2026-08-15 13:51:35,129 [INFO] ThirdParty:1030 - CMSIS Pack Vendor :STMicroelectronics X-CUBE-NFC6 3.2.0
2026-08-15 13:51:35,129 [INFO] ThirdParty:1030 - CMSIS Pack Vendor :STMicroelectronics X-CUBE-AI 10.2.1
2026-08-15 13:51:35,129 [INFO] ThirdParty:1030 - CMSIS Pack Vendor :STMicroelectronics ThreadX 1.0.0
2026-08-15 13:51:35,129 [INFO] ThirdParty:1030 - CMSIS Pack Vendor :STMicroelectronics FP-SNS-SMARTAG2 1.2.0
2026-08-15 13:51:35,129 [INFO] ThirdParty:1030 - CMSIS Pack Vendor :STMicroelectronics X-CUBE-MEMS1 12.1.0
2026-08-15 13:51:35,129 [INFO] ThirdParty:1030 - CMSIS Pack Vendor :STMicroelectronics FP-SNS-FLIGHT1 5.1.0
2026-08-15 13:51:35,129 [INFO] ThirdParty:1030 - CMSIS Pack Vendor :STMicroelectronics X-CUBE-AZRTOS-WL 2.0.0
2026-08-15 13:51:35,129 [INFO] ThirdParty:1030 - CMSIS Pack Vendor :SEGGER I-CUBE-embOS 1.3.1
2026-08-15 13:51:35,129 [INFO] ThirdParty:1030 - CMSIS Pack Vendor :STMicroelectronics X-CUBE-DPower 1.3.0
2026-08-15 13:51:35,129 [INFO] ThirdParty:1030 - CMSIS Pack Vendor :STMicroelectronics USB_DEVICE 1.0.0
2026-08-15 13:51:35,129 [INFO] ThirdParty:1030 - CMSIS Pack Vendor :STMicroelectronics X-CUBE-AZRTOS-L4 2.0.0
2026-08-15 13:51:35,129 [INFO] ThirdParty:1030 - CMSIS Pack Vendor :STMicroelectronics ThreadX 0.0.2
2026-08-15 13:51:35,129 [INFO] ThirdParty:1030 - CMSIS Pack Vendor :STMicroelectronics lwIP 2.1.2
2026-08-15 13:51:35,129 [INFO] ThirdParty:1030 - CMSIS Pack Vendor :STMicroelectronics X-CUBE-SFXS2LP1 4.0.0
2026-08-15 13:51:35,129 [INFO] ThirdParty:1030 - CMSIS Pack Vendor :STMicroelectronics X-CUBE-BLE2 3.3.0
2026-08-15 13:51:35,129 [INFO] ThirdParty:1030 - CMSIS Pack Vendor :Avnet-IOTCONNECT X-CUBE-iotc-st67-sdk 1.0.0
2026-08-15 13:51:35,129 [INFO] ThirdParty:1030 - CMSIS Pack Vendor :STMicroelectronics X-CUBE-TOF1 3.4.3
2026-08-15 13:51:35,129 [INFO] ThirdParty:1030 - CMSIS Pack Vendor :Infineon AIROC-Wi-Fi-Bluetooth-STM32 1.8.0
2026-08-15 13:51:35,129 [INFO] ThirdParty:1030 - CMSIS Pack Vendor :STMicroelectronics X-CUBE-NFC13 1.0.0
2026-08-15 13:51:35,129 [INFO] ThirdParty:1030 - CMSIS Pack Vendor :STMicroelectronics PDM2PCM 3.2.0
2026-08-15 13:51:35,129 [INFO] ThirdParty:1030 - CMSIS Pack Vendor :STMicroelectronics X-CUBE-WB05N 2.1.0
2026-08-15 13:51:35,129 [INFO] ThirdParty:841 - exiting critical section [change project]
2026-08-15 13:51:35,271 [INFO] PinOutPanel:1589 - setPackage(No Configuration,No Configuration)
2026-08-15 13:51:35,272 [INFO] PinOutPanel:1589 - setPackage(STM32F411CEUx,UFQFPN48)
2026-08-15 13:51:35,431 [INFO] UtilMem:75 - Before build in PCC Used Memory: 315461888 Bytes (680525824)
2026-08-15 13:51:35,614 [INFO] UtilMem:75 - After build in PCC Used Memory: 358453504 Bytes (680525824)
2026-08-15 13:51:35,626 [INFO] IPUIPlugin:80 - create IPUIPlugin
2026-08-15 13:51:35,626 [INFO] IPUIPlugin:80 - create IPUIPlugin
2026-08-15 13:51:35,626 [INFO] IPUIPlugin:80 - create IPUIPlugin
2026-08-15 13:51:35,626 [INFO] IPUIPlugin:80 - create IPUIPlugin
2026-08-15 13:51:35,626 [INFO] IPUIPlugin:80 - create IPUIPlugin
2026-08-15 13:51:35,626 [INFO] IPUIPlugin:80 - create IPUIPlugin
2026-08-15 13:51:35,626 [INFO] IPUIPlugin:80 - create IPUIPlugin
2026-08-15 13:51:35,626 [INFO] IPUIPlugin:80 - create IPUIPlugin
2026-08-15 13:51:35,626 [INFO] IPUIPlugin:80 - create IPUIPlugin
2026-08-15 13:51:35,627 [INFO] IPUIPlugin:80 - create IPUIPlugin
2026-08-15 13:51:35,627 [INFO] IPUIPlugin:80 - create IPUIPlugin
2026-08-15 13:51:35,627 [INFO] IPUIPlugin:80 - create IPUIPlugin
2026-08-15 13:51:35,627 [INFO] IPUIPlugin:80 - create IPUIPlugin
2026-08-15 13:51:35,627 [INFO] IPUIPlugin:80 - create IPUIPlugin
2026-08-15 13:51:35,627 [INFO] IPUIPlugin:80 - create IPUIPlugin
2026-08-15 13:51:35,627 [INFO] IPUIPlugin:80 - create IPUIPlugin
2026-08-15 13:51:35,627 [INFO] IPUIPlugin:80 - create IPUIPlugin
2026-08-15 13:51:35,627 [INFO] IPUIPlugin:80 - create IPUIPlugin
2026-08-15 13:51:35,627 [INFO] IPUIPlugin:80 - create IPUIPlugin
2026-08-15 13:51:35,627 [INFO] IPUIPlugin:80 - create IPUIPlugin
2026-08-15 13:51:35,627 [INFO] IPUIPlugin:80 - create IPUIPlugin
2026-08-15 13:51:35,627 [INFO] IPUIPlugin:80 - create IPUIPlugin
2026-08-15 13:51:35,627 [INFO] IPUIPlugin:80 - create IPUIPlugin
2026-08-15 13:51:35,627 [INFO] IPUIPlugin:80 - create IPUIPlugin
2026-08-15 13:51:35,627 [INFO] IPUIPlugin:80 - create IPUIPlugin
2026-08-15 13:51:35,628 [INFO] IPUIPlugin:80 - create IPUIPlugin
2026-08-15 13:51:35,628 [INFO] IPUIPlugin:80 - create IPUIPlugin
2026-08-15 13:51:35,628 [INFO] IPUIPlugin:80 - create IPUIPlugin
2026-08-15 13:51:35,628 [INFO] IPUIPlugin:80 - create IPUIPlugin
2026-08-15 13:51:35,628 [INFO] IPUIPlugin:80 - create IPUIPlugin
2026-08-15 13:51:35,628 [INFO] IPUIPlugin:80 - create IPUIPlugin
2026-08-15 13:51:35,628 [INFO] IPUIPlugin:80 - create IPUIPlugin
2026-08-15 13:51:35,628 [INFO] IPUIPlugin:80 - create IPUIPlugin
2026-08-15 13:51:35,628 [INFO] IPUIPlugin:80 - create IPUIPlugin
2026-08-15 13:51:35,629 [INFO] IPUIPlugin:80 - create IPUIPlugin
2026-08-15 13:51:35,629 [INFO] IPUIPlugin:80 - create IPUIPlugin
2026-08-15 13:51:35,629 [INFO] IPUIPlugin:80 - create IPUIPlugin
2026-08-15 13:51:35,629 [INFO] IPUIPlugin:80 - create IPUIPlugin
2026-08-15 13:51:35,629 [INFO] IPUIPlugin:80 - create IPUIPlugin
2026-08-15 13:51:35,629 [INFO] IPUIPlugin:80 - create IPUIPlugin
2026-08-15 13:51:35,629 [INFO] IPUIPlugin:80 - create IPUIPlugin
2026-08-15 13:51:35,629 [INFO] IPUIPlugin:80 - create IPUIPlugin
2026-08-15 13:51:35,630 [INFO] IPUIPlugin:80 - create IPUIPlugin
2026-08-15 13:51:35,631 [INFO] ApiDbMcu:508 - Load IP Config File for PDM2PCM
2026-08-15 13:51:35,632 [WARN] IP:2250 - I2C_Coeff_DF not found: check if there is a RefParameter without a condition.
2026-08-15 13:51:35,632 [WARN] IP:2250 - Analog_Filter not found: check if there is a RefParameter without a condition.
2026-08-15 13:51:35,660 [INFO] CADModel:165 - CPN selected for project levelSTM32F411CEU6
2026-08-15 13:51:35,660 [INFO] CADModel:114 - Register for checkConnection events
2026-08-15 13:51:35,696 [INFO] OpenFileManager:385 - Restore cursor
2026-08-15 13:51:35,807 [WARN] IP:2250 - I2C_Coeff_DF not found: check if there is a RefParameter without a condition.
2026-08-15 13:51:35,807 [WARN] IP:2250 - Analog_Filter not found: check if there is a RefParameter without a condition.
2026-08-15 13:51:35,809 [WARN] IP:2250 - I2C_Coeff_DF not found: check if there is a RefParameter without a condition.
2026-08-15 13:51:35,809 [WARN] IP:2250 - Analog_Filter not found: check if there is a RefParameter without a condition.
2026-08-15 13:51:54,099 [INFO] NvicIntPanel:101 - NVIC parent = com.st.microxplorer.plugins.ip.nvic.MultiNvicIntPanel[,0,0,0x0,invalid,layout=javax.swing.BoxLayout,alignmentX=0.0,alignmentY=0.0,border=,flags=9,maximumSize=,minimumSize=,preferredSize=]
2026-08-15 13:51:55,311 [INFO] UtilMem:75 - End SaveConfig() Used Memory: 446439264 Bytes (680525824)
2026-08-15 13:51:55,354 [INFO] UtilMem:75 - End SaveConfig() Used Memory: 462167904 Bytes (680525824)
2026-08-15 13:51:55,551 [INFO] UtilMem:75 - End SaveConfig() Used Memory: 491853696 Bytes (680525824)
2026-08-15 13:51:55,719 [INFO] BlockDiagram:2775 - set Specific Code input for plugin: SPI
2026-08-15 13:51:55,719 [INFO] BlockDiagram:2775 - set Specific Code input for plugin: NVIC
2026-08-15 13:51:55,719 [INFO] BlockDiagram:2775 - set Specific Code input for plugin: USART
2026-08-15 13:51:55,719 [INFO] BlockDiagram:2775 - set Specific Code input for plugin: DMA
2026-08-15 13:51:55,719 [INFO] BlockDiagram:2775 - set Specific Code input for plugin: TIM1_8
2026-08-15 13:51:55,719 [INFO] BlockDiagram:2775 - set Specific Code input for plugin: SYS
2026-08-15 13:51:55,719 [INFO] BlockDiagram:2775 - set Specific Code input for plugin: GPIO
2026-08-15 13:51:55,719 [INFO] BlockDiagram:2775 - set Specific Code input for plugin: ADC
2026-08-15 13:51:55,719 [INFO] BlockDiagram:2775 - set Specific Code input for plugin: RCC
2026-08-15 13:51:55,719 [INFO] BlockDiagram:2775 - set Specific Code input for plugin: I2C
2026-08-15 13:51:55,720 [INFO] CodeGenerator:882 - code generatio: config db path: /opt/st/stm32cubeide_1.18.0/plugins/com.st.stm32cube.common.mx_6.14.0.202502271554//db/
2026-08-15 13:51:55,724 [WARN] IP:2250 - I2C_Coeff_DF not found: check if there is a RefParameter without a condition.
2026-08-15 13:51:55,724 [WARN] IP:2250 - Analog_Filter not found: check if there is a RefParameter without a condition.
2026-08-15 13:51:55,731 [INFO] Argument:325 - Argument : hdmavalue: null
2026-08-15 13:51:55,731 [INFO] Argument:327 - 	 sub Args: 
2026-08-15 13:51:55,731 [INFO] Argument:325 - Argument : Instancevalue: DMA2_Stream0
2026-08-15 13:51:55,731 [INFO] Argument:335 - Argument : Instancevalue: DMA2_Stream0
2026-08-15 13:51:55,731 [INFO] Argument:325 - Argument : Initvalue: null
2026-08-15 13:51:55,731 [INFO] Argument:327 - 	 sub Args: 
2026-08-15 13:51:55,731 [INFO] Argument:325 - Argument : Channelvalue: DMA_CHANNEL_3
2026-08-15 13:51:55,731 [INFO] Argument:335 - Argument : Channelvalue: DMA_CHANNEL_3
2026-08-15 13:51:55,731 [INFO] Argument:325 - Argument : Directionvalue: DMA_PERIPH_TO_MEMORY
2026-08-15 13:51:55,731 [INFO] Argument:335 - Argument : Directionvalue: DMA_PERIPH_TO_MEMORY
2026-08-15 13:51:55,731 [INFO] Argument:325 - Argument : PeriphIncvalue: DMA_PINC_DISABLE
2026-08-15 13:51:55,731 [INFO] Argument:335 - Argument : PeriphIncvalue: DMA_PINC_DISABLE
2026-08-15 13:51:55,731 [INFO] Argument:325 - Argument : MemIncvalue: DMA_MINC_ENABLE
2026-08-15 13:51:55,731 [INFO] Argument:335 - Argument : MemIncvalue: DMA_MINC_ENABLE
2026-08-15 13:51:55,731 [INFO] Argument:325 - Argument : PeriphDataAlignmentvalue: DMA_PDATAALIGN_BYTE
2026-08-15 13:51:55,731 [INFO] Argument:335 - Argument : PeriphDataAlignmentvalue: DMA_PDATAALIGN_BYTE
2026-08-15 13:51:55,731 [INFO] Argument:325 - Argument : MemDataAlignmentvalue: DMA_MDATAALIGN_BYTE
2026-08-15 13:51:55,731 [INFO] Argument:335 - Argument : MemDataAlignmentvalue: DMA_MDATAALIGN_BYTE
2026-08-15 13:51:55,731 [INFO] Argument:325 - Argument : Modevalue: DMA_CIRCULAR
2026-08-15 13:51:55,731 [INFO] Argument:335 - Argument : Modevalue: DMA_CIRCULAR
2026-08-15 13:51:55,731 [INFO] Argument:325 - Argument : Priorityvalue: DMA_PRIORITY_LOW
2026-08-15 13:51:55,731 [INFO] Argument:335 - Argument : Priorityvalue: DMA_PRIORITY_LOW
2026-08-15 13:51:55,731 [INFO] Argument:325 - Argument : FIFOModevalue: DMA_FIFOMODE_DISABLE
2026-08-15 13:51:55,731 [INFO] Argument:335 - Argument : FIFOModevalue: DMA_FIFOMODE_DISABLE
2026-08-15 13:51:55,731 [INFO] Argument:325 - Argument : FIFOThresholdvalue: null
2026-08-15 13:51:55,731 [INFO] Argument:335 - Argument : FIFOThresholdvalue: null
2026-08-15 13:51:55,731 [INFO] Argument:325 - Argument : MemBurstvalue: null
2026-08-15 13:51:55,731 [INFO] Argument:335 - Argument : MemBurstvalue: null
2026-08-15 13:51:55,731 [INFO] Argument:325 - Argument : PeriphBurstvalue: null
2026-08-15 13:51:55,731 [INFO] Argument:335 - Argument : PeriphBurstvalue: null
2026-08-15 13:51:55,731 [INFO] Argument:325 - Argument : Lockvalue: null
2026-08-15 13:51:55,731 [INFO] Argument:335 - Argument : Lockvalue: null
2026-08-15 13:51:55,731 [INFO] Argument:325 - Argument : Statevalue: null
2026-08-15 13:51:55,731 [INFO] Argument:335 - Argument : Statevalue: null
2026-08-15 13:51:55,731 [INFO] Argument:325 - Argument : Parentvalue: null
2026-08-15 13:51:55,731 [INFO] Argument:335 - Argument : Parentvalue: null
2026-08-15 13:51:55,731 [INFO] Argument:325 - Argument : XferCpltCallbackvalue: null
2026-08-15 13:51:55,731 [INFO] Argument:335 - Argument : XferCpltCallbackvalue: null
2026-08-15 13:51:55,731 [INFO] Argument:325 - Argument : XferHalfCpltCallbackvalue: null
2026-08-15 13:51:55,731 [INFO] Argument:335 - Argument : XferHalfCpltCallbackvalue: null
2026-08-15 13:51:55,731 [INFO] Argument:325 - Argument : XferM1CpltCallbackvalue: null
2026-08-15 13:51:55,731 [INFO] Argument:335 - Argument : XferM1CpltCallbackvalue: null
2026-08-15 13:51:55,731 [INFO] Argument:325 - Argument : XferErrorCallbackvalue: null
2026-08-15 13:51:55,731 [INFO] Argument:335 - Argument : XferErrorCallbackvalue: null
2026-08-15 13:51:55,731 [INFO] Argument:325 - Argument : ErrorCodevalue: null
2026-08-15 13:51:55,731 [INFO] Argument:335 - Argument : ErrorCodevalue: null
2026-08-15 13:51:55,795 [INFO] CodeEngine:263 - oldGeneratedFile, /home/thuy/embedded/project/Quadcopter-STM32F4/STM32-Fly_Controller/MXTmpFiles/license.tmp_save
2026-08-15 13:51:55,932 [INFO] CodeEngine:287 - Generated code: /home/thuy/embedded/project/Quadcopter-STM32F4/STM32-Fly_Controller/MXTmpFiles/license.tmp
2026-08-15 13:51:55,960 [INFO] CodeEngine:263 - oldGeneratedFile, /home/thuy/embedded/project/Quadcopter-STM32F4/STM32-Fly_Controller/MXTmpFiles/gpio.tmp_save
2026-08-15 13:51:56,052 [INFO] CodeEngine:287 - Generated code: /home/thuy/embedded/project/Quadcopter-STM32F4/STM32-Fly_Controller/MXTmpFiles/gpio.tmp
2026-08-15 13:51:56,170 [INFO] CodeEngine:263 - oldGeneratedFile, /home/thuy/embedded/project/Quadcopter-STM32F4/STM32-Fly_Controller/MXTmpFiles/dma.tmp_save
2026-08-15 13:51:56,233 [INFO] CodeEngine:287 - Generated code: /home/thuy/embedded/project/Quadcopter-STM32F4/STM32-Fly_Controller/MXTmpFiles/dma.tmp
2026-08-15 13:51:56,233 [INFO] CodeEngine:263 - oldGeneratedFile, /home/thuy/embedded/project/Quadcopter-STM32F4/STM32-Fly_Controller/MXTmpFiles/dma_GV.tmp_save
2026-08-15 13:51:56,276 [INFO] CodeEngine:287 - Generated code: /home/thuy/embedded/project/Quadcopter-STM32F4/STM32-Fly_Controller/MXTmpFiles/dma_GV.tmp
2026-08-15 13:51:56,279 [INFO] CodeEngine:263 - oldGeneratedFile, /home/thuy/embedded/project/Quadcopter-STM32F4/STM32-Fly_Controller/Core/Src/stm32f4xx_it.c_save
2026-08-15 13:51:56,407 [INFO] CodeEngine:287 - Generated code: /home/thuy/embedded/project/Quadcopter-STM32F4/STM32-Fly_Controller/Core/Src/stm32f4xx_it.c
2026-08-15 13:51:56,408 [INFO] CodeEngine:263 - oldGeneratedFile, /home/thuy/embedded/project/Quadcopter-STM32F4/STM32-Fly_Controller/Core/Inc/stm32f4xx_it.h_save
2026-08-15 13:51:56,447 [INFO] CodeEngine:287 - Generated code: /home/thuy/embedded/project/Quadcopter-STM32F4/STM32-Fly_Controller/Core/Inc/stm32f4xx_it.h
2026-08-15 13:51:56,450 [INFO] CodeEngine:263 - oldGeneratedFile, /home/thuy/embedded/project/Quadcopter-STM32F4/STM32-Fly_Controller/Core/Src/stm32f4xx_hal_msp.c_save
2026-08-15 13:51:56,523 [INFO] CodeEngine:287 - Generated code: /home/thuy/embedded/project/Quadcopter-STM32F4/STM32-Fly_Controller/Core/Src/stm32f4xx_hal_msp.c
2026-08-15 13:51:56,524 [INFO] CodeEngine:263 - oldGeneratedFile, /home/thuy/embedded/project/Quadcopter-STM32F4/STM32-Fly_Controller/MXTmpFiles/system.tmp_save
2026-08-15 13:51:56,560 [INFO] CodeEngine:287 - Generated code: /home/thuy/embedded/project/Quadcopter-STM32F4/STM32-Fly_Controller/MXTmpFiles/system.tmp
2026-08-15 13:51:56,562 [INFO] CodeEngine:319 - oldGeneratedFile, /home/thuy/embedded/project/Quadcopter-STM32F4/STM32-Fly_Controller/Core/Inc/stm32f4xx_hal_conf.h_save
2026-08-15 13:51:56,604 [INFO] CodeEngine:343 - Generated code: /home/thuy/embedded/project/Quadcopter-STM32F4/STM32-Fly_Controller/Core/Inc/stm32f4xx_hal_conf.h
2026-08-15 13:51:56,616 [INFO] ApiDbMcu:508 - Load IP Config File for ADC1
2026-08-15 13:51:56,617 [INFO] ApiDbMcu:508 - Load IP Config File for I2C1
2026-08-15 13:51:56,619 [INFO] ApiDbMcu:508 - Load IP Config File for SPI1
2026-08-15 13:51:56,625 [INFO] ApiDbMcu:508 - Load IP Config File for TIM2
2026-08-15 13:51:56,627 [INFO] ApiDbMcu:508 - Load IP Config File for USART1
2026-08-15 13:51:56,629 [INFO] ApiDbMcu:508 - Load IP Config File for RCC
2026-08-15 13:51:56,630 [WARN] IPConfigManager:3747 - IP not found : TIM
2026-08-15 13:51:56,630 [WARN] CodeGenerator:4198 - IP not found : null
2026-08-15 13:51:56,632 [INFO] CodeEngine:263 - oldGeneratedFile, /home/thuy/embedded/project/Quadcopter-STM32F4/STM32-Fly_Controller/Core/Inc/main.h_save
2026-08-15 13:51:56,725 [INFO] CodeEngine:287 - Generated code: /home/thuy/embedded/project/Quadcopter-STM32F4/STM32-Fly_Controller/Core/Inc/main.h
2026-08-15 13:51:56,726 [INFO] CodeEngine:263 - oldGeneratedFile, /home/thuy/embedded/project/Quadcopter-STM32F4/STM32-Fly_Controller/Core/Src/main.c_save
2026-08-15 13:51:56,839 [INFO] CodeEngine:287 - Generated code: /home/thuy/embedded/project/Quadcopter-STM32F4/STM32-Fly_Controller/Core/Src/main.c
2026-08-15 13:51:56,974 [INFO] ProjectBuilder:3324 - Time for Copy HAL[1] : 12mS.
2026-08-15 13:51:56,975 [INFO] ProjectBuilder:4912 - Project Generator version: 4.6.0-B36
2026-08-15 13:51:57,028 [INFO] ConfigFileManager:1590 - The Die is : DIE431
2026-08-15 13:51:57,030 [INFO] ApiDbMcu:508 - Load IP Config File for FATFS
2026-08-15 13:51:57,032 [INFO] ApiDbMcu:508 - Load IP Config File for FREERTOS
2026-08-15 13:51:57,033 [INFO] ApiDbMcu:508 - Load IP Config File for LIBJPEG
2026-08-15 13:51:57,035 [INFO] ApiDbMcu:508 - Load IP Config File for MBEDTLS
2026-08-15 13:51:57,038 [INFO] ApiDbMcu:508 - Load IP Config File for USB_DEVICE
2026-08-15 13:51:57,039 [INFO] ApiDbMcu:508 - Load IP Config File for USB_HOST
2026-08-15 13:51:57,397 [INFO] ProjectBuilder:5191 - Time for Generating toolchain IDE Files: 422mS.
2026-08-15 13:51:57,397 [INFO] ProjectBuilder:3181 - Time for Copy CMSIS : 0mS.
2026-08-15 13:51:57,398 [INFO] ProjectBuilder:3181 - Time for Copy CMSIS : 0mS.
2026-08-15 13:52:01,444 [ERROR] LogOutputStream:75 - [STDERR_REDIRECT] Aug 15, 2026 1:52:01 PM java.util.prefs.FileSystemPreferences checkLockFile0ErrorCode
2026-08-15 13:52:01,445 [ERROR] LogOutputStream:75 - [STDERR_REDIRECT] WARNING: Could not lock System prefs. Unix error code 2.
2026-08-15 13:52:01,445 [ERROR] LogOutputStream:75 - [STDERR_REDIRECT] 
2026-08-15 13:52:01,445 [ERROR] LogOutputStream:75 - [STDERR_REDIRECT] Aug 15, 2026 1:52:01 PM java.util.prefs.FileSystemPreferences syncWorld
2026-08-15 13:52:01,445 [ERROR] LogOutputStream:75 - [STDERR_REDIRECT] WARNING: Couldn't flush system prefs: java.util.prefs.BackingStoreException: Couldn't get file lock.
2026-08-15 13:52:01,446 [ERROR] LogOutputStream:75 - [STDERR_REDIRECT] 
2026-08-15 13:52:31,443 [ERROR] LogOutputStream:75 - [STDERR_REDIRECT] Aug 15, 2026 1:52:31 PM java.util.prefs.FileSystemPreferences checkLockFile0ErrorCode
2026-08-15 13:52:31,443 [ERROR] LogOutputStream:75 - [STDERR_REDIRECT] WARNING: Could not lock System prefs. Unix error code 2.
2026-08-15 13:52:31,443 [ERROR] LogOutputStream:75 - [STDERR_REDIRECT] 
2026-08-15 13:52:31,443 [ERROR] LogOutputStream:75 - [STDERR_REDIRECT] Aug 15, 2026 1:52:31 PM java.util.prefs.FileSystemPreferences syncWorld
2026-08-15 13:52:31,443 [ERROR] LogOutputStream:75 - [STDERR_REDIRECT] WARNING: Couldn't flush system prefs: java.util.prefs.BackingStoreException: Couldn't get file lock.
2026-08-15 13:52:31,443 [ERROR] LogOutputStream:75 - [STDERR_REDIRECT] 
2026-08-15 13:52:32,066 [INFO] NvicIntPanel:101 - NVIC parent = com.st.microxplorer.plugins.ip.nvic.MultiNvicIntPanel[,0,0,0x0,invalid,layout=javax.swing.BoxLayout,alignmentX=0.0,alignmentY=0.0,border=,flags=9,maximumSize=,minimumSize=,preferredSize=]
2026-08-15 13:52:33,062 [INFO] UtilMem:75 - End SaveConfig() Used Memory: 575296640 Bytes (680525824)
2026-08-15 13:52:33,103 [INFO] UtilMem:75 - End SaveConfig() Used Memory: 589976704 Bytes (680525824)
2026-08-15 13:52:33,307 [INFO] UtilMem:75 - End SaveConfig() Used Memory: 316634224 Bytes (680525824)
2026-08-15 13:52:33,368 [INFO] BlockDiagram:2775 - set Specific Code input for plugin: SPI
2026-08-15 13:52:33,368 [INFO] BlockDiagram:2775 - set Specific Code input for plugin: NVIC
2026-08-15 13:52:33,368 [INFO] BlockDiagram:2775 - set Specific Code input for plugin: USART
2026-08-15 13:52:33,368 [INFO] BlockDiagram:2775 - set Specific Code input for plugin: DMA
2026-08-15 13:52:33,368 [INFO] BlockDiagram:2775 - set Specific Code input for plugin: TIM1_8
2026-08-15 13:52:33,368 [INFO] BlockDiagram:2775 - set Specific Code input for plugin: SYS
2026-08-15 13:52:33,368 [INFO] BlockDiagram:2775 - set Specific Code input for plugin: GPIO
2026-08-15 13:52:33,368 [INFO] BlockDiagram:2775 - set Specific Code input for plugin: ADC
2026-08-15 13:52:33,368 [INFO] BlockDiagram:2775 - set Specific Code input for plugin: RCC
2026-08-15 13:52:33,368 [INFO] BlockDiagram:2775 - set Specific Code input for plugin: I2C
2026-08-15 13:52:33,369 [INFO] CodeGenerator:882 - code generatio: config db path: /opt/st/stm32cubeide_1.18.0/plugins/com.st.stm32cube.common.mx_6.14.0.202502271554//db/
2026-08-15 13:52:33,372 [WARN] IP:2250 - I2C_Coeff_DF not found: check if there is a RefParameter without a condition.
2026-08-15 13:52:33,373 [WARN] IP:2250 - Analog_Filter not found: check if there is a RefParameter without a condition.
2026-08-15 13:52:33,379 [INFO] Argument:325 - Argument : hdmavalue: null
2026-08-15 13:52:33,379 [INFO] Argument:327 - 	 sub Args: 
2026-08-15 13:52:33,379 [INFO] Argument:325 - Argument : Instancevalue: DMA2_Stream0
2026-08-15 13:52:33,379 [INFO] Argument:335 - Argument : Instancevalue: DMA2_Stream0
2026-08-15 13:52:33,379 [INFO] Argument:325 - Argument : Initvalue: null
2026-08-15 13:52:33,379 [INFO] Argument:327 - 	 sub Args: 
2026-08-15 13:52:33,379 [INFO] Argument:325 - Argument : Channelvalue: DMA_CHANNEL_3
2026-08-15 13:52:33,379 [INFO] Argument:335 - Argument : Channelvalue: DMA_CHANNEL_3
2026-08-15 13:52:33,379 [INFO] Argument:325 - Argument : Directionvalue: DMA_PERIPH_TO_MEMORY
2026-08-15 13:52:33,379 [INFO] Argument:335 - Argument : Directionvalue: DMA_PERIPH_TO_MEMORY
2026-08-15 13:52:33,379 [INFO] Argument:325 - Argument : PeriphIncvalue: DMA_PINC_DISABLE
2026-08-15 13:52:33,379 [INFO] Argument:335 - Argument : PeriphIncvalue: DMA_PINC_DISABLE
2026-08-15 13:52:33,380 [INFO] Argument:325 - Argument : MemIncvalue: DMA_MINC_ENABLE
2026-08-15 13:52:33,380 [INFO] Argument:335 - Argument : MemIncvalue: DMA_MINC_ENABLE
2026-08-15 13:52:33,380 [INFO] Argument:325 - Argument : PeriphDataAlignmentvalue: DMA_PDATAALIGN_BYTE
2026-08-15 13:52:33,380 [INFO] Argument:335 - Argument : PeriphDataAlignmentvalue: DMA_PDATAALIGN_BYTE
2026-08-15 13:52:33,380 [INFO] Argument:325 - Argument : MemDataAlignmentvalue: DMA_MDATAALIGN_BYTE
2026-08-15 13:52:33,380 [INFO] Argument:335 - Argument : MemDataAlignmentvalue: DMA_MDATAALIGN_BYTE
2026-08-15 13:52:33,380 [INFO] Argument:325 - Argument : Modevalue: DMA_CIRCULAR
2026-08-15 13:52:33,380 [INFO] Argument:335 - Argument : Modevalue: DMA_CIRCULAR
2026-08-15 13:52:33,380 [INFO] Argument:325 - Argument : Priorityvalue: DMA_PRIORITY_LOW
2026-08-15 13:52:33,380 [INFO] Argument:335 - Argument : Priorityvalue: DMA_PRIORITY_LOW
2026-08-15 13:52:33,380 [INFO] Argument:325 - Argument : FIFOModevalue: DMA_FIFOMODE_DISABLE
2026-08-15 13:52:33,380 [INFO] Argument:335 - Argument : FIFOModevalue: DMA_FIFOMODE_DISABLE
2026-08-15 13:52:33,380 [INFO] Argument:325 - Argument : FIFOThresholdvalue: null
2026-08-15 13:52:33,380 [INFO] Argument:335 - Argument : FIFOThresholdvalue: null
2026-08-15 13:52:33,380 [INFO] Argument:325 - Argument : MemBurstvalue: null
2026-08-15 13:52:33,380 [INFO] Argument:335 - Argument : MemBurstvalue: null
2026-08-15 13:52:33,380 [INFO] Argument:325 - Argument : PeriphBurstvalue: null
2026-08-15 13:52:33,380 [INFO] Argument:335 - Argument : PeriphBurstvalue: null
2026-08-15 13:52:33,380 [INFO] Argument:325 - Argument : Lockvalue: null
2026-08-15 13:52:33,380 [INFO] Argument:335 - Argument : Lockvalue: null
2026-08-15 13:52:33,380 [INFO] Argument:325 - Argument : Statevalue: null
2026-08-15 13:52:33,380 [INFO] Argument:335 - Argument : Statevalue: null
2026-08-15 13:52:33,380 [INFO] Argument:325 - Argument : Parentvalue: null
2026-08-15 13:52:33,380 [INFO] Argument:335 - Argument : Parentvalue: null
2026-08-15 13:52:33,380 [INFO] Argument:325 - Argument : XferCpltCallbackvalue: null
2026-08-15 13:52:33,380 [INFO] Argument:335 - Argument : XferCpltCallbackvalue: null
2026-08-15 13:52:33,380 [INFO] Argument:325 - Argument : XferHalfCpltCallbackvalue: null
2026-08-15 13:52:33,380 [INFO] Argument:335 - Argument : XferHalfCpltCallbackvalue: null
2026-08-15 13:52:33,380 [INFO] Argument:325 - Argument : XferM1CpltCallbackvalue: null
2026-08-15 13:52:33,380 [INFO] Argument:335 - Argument : XferM1CpltCallbackvalue: null
2026-08-15 13:52:33,380 [INFO] Argument:325 - Argument : XferErrorCallbackvalue: null
2026-08-15 13:52:33,380 [INFO] Argument:335 - Argument : XferErrorCallbackvalue: null
2026-08-15 13:52:33,380 [INFO] Argument:325 - Argument : ErrorCodevalue: null
2026-08-15 13:52:33,380 [INFO] Argument:335 - Argument : ErrorCodevalue: null
2026-08-15 13:52:33,431 [INFO] CodeEngine:263 - oldGeneratedFile, /home/thuy/embedded/project/Quadcopter-STM32F4/STM32-Fly_Controller/MXTmpFiles/license.tmp_save
2026-08-15 13:52:33,470 [INFO] CodeEngine:287 - Generated code: /home/thuy/embedded/project/Quadcopter-STM32F4/STM32-Fly_Controller/MXTmpFiles/license.tmp
2026-08-15 13:52:33,479 [INFO] CodeEngine:263 - oldGeneratedFile, /home/thuy/embedded/project/Quadcopter-STM32F4/STM32-Fly_Controller/MXTmpFiles/gpio.tmp_save
2026-08-15 13:52:33,519 [INFO] CodeEngine:287 - Generated code: /home/thuy/embedded/project/Quadcopter-STM32F4/STM32-Fly_Controller/MXTmpFiles/gpio.tmp
2026-08-15 13:52:33,620 [INFO] CodeEngine:263 - oldGeneratedFile, /home/thuy/embedded/project/Quadcopter-STM32F4/STM32-Fly_Controller/MXTmpFiles/dma.tmp_save
2026-08-15 13:52:33,658 [INFO] CodeEngine:287 - Generated code: /home/thuy/embedded/project/Quadcopter-STM32F4/STM32-Fly_Controller/MXTmpFiles/dma.tmp
2026-08-15 13:52:33,658 [INFO] CodeEngine:263 - oldGeneratedFile, /home/thuy/embedded/project/Quadcopter-STM32F4/STM32-Fly_Controller/MXTmpFiles/dma_GV.tmp_save
2026-08-15 13:52:33,693 [INFO] CodeEngine:287 - Generated code: /home/thuy/embedded/project/Quadcopter-STM32F4/STM32-Fly_Controller/MXTmpFiles/dma_GV.tmp
2026-08-15 13:52:33,697 [INFO] CodeEngine:263 - oldGeneratedFile, /home/thuy/embedded/project/Quadcopter-STM32F4/STM32-Fly_Controller/Core/Src/stm32f4xx_it.c_save
2026-08-15 13:52:33,744 [INFO] CodeEngine:287 - Generated code: /home/thuy/embedded/project/Quadcopter-STM32F4/STM32-Fly_Controller/Core/Src/stm32f4xx_it.c
2026-08-15 13:52:33,745 [INFO] CodeEngine:263 - oldGeneratedFile, /home/thuy/embedded/project/Quadcopter-STM32F4/STM32-Fly_Controller/Core/Inc/stm32f4xx_it.h_save
2026-08-15 13:52:33,783 [INFO] CodeEngine:287 - Generated code: /home/thuy/embedded/project/Quadcopter-STM32F4/STM32-Fly_Controller/Core/Inc/stm32f4xx_it.h
2026-08-15 13:52:33,786 [INFO] CodeEngine:263 - oldGeneratedFile, /home/thuy/embedded/project/Quadcopter-STM32F4/STM32-Fly_Controller/Core/Src/stm32f4xx_hal_msp.c_save
2026-08-15 13:52:33,845 [INFO] CodeEngine:287 - Generated code: /home/thuy/embedded/project/Quadcopter-STM32F4/STM32-Fly_Controller/Core/Src/stm32f4xx_hal_msp.c
2026-08-15 13:52:33,847 [INFO] CodeEngine:263 - oldGeneratedFile, /home/thuy/embedded/project/Quadcopter-STM32F4/STM32-Fly_Controller/MXTmpFiles/system.tmp_save
2026-08-15 13:52:33,883 [INFO] CodeEngine:287 - Generated code: /home/thuy/embedded/project/Quadcopter-STM32F4/STM32-Fly_Controller/MXTmpFiles/system.tmp
2026-08-15 13:52:33,884 [INFO] CodeEngine:319 - oldGeneratedFile, /home/thuy/embedded/project/Quadcopter-STM32F4/STM32-Fly_Controller/Core/Inc/stm32f4xx_hal_conf.h_save
2026-08-15 13:52:33,928 [INFO] CodeEngine:343 - Generated code: /home/thuy/embedded/project/Quadcopter-STM32F4/STM32-Fly_Controller/Core/Inc/stm32f4xx_hal_conf.h
2026-08-15 13:52:33,938 [WARN] IPConfigManager:3747 - IP not found : TIM
2026-08-15 13:52:33,938 [WARN] CodeGenerator:4198 - IP not found : null
2026-08-15 13:52:33,939 [INFO] CodeEngine:263 - oldGeneratedFile, /home/thuy/embedded/project/Quadcopter-STM32F4/STM32-Fly_Controller/Core/Inc/main.h_save
2026-08-15 13:52:33,981 [INFO] CodeEngine:287 - Generated code: /home/thuy/embedded/project/Quadcopter-STM32F4/STM32-Fly_Controller/Core/Inc/main.h
2026-08-15 13:52:33,981 [INFO] CodeEngine:263 - oldGeneratedFile, /home/thuy/embedded/project/Quadcopter-STM32F4/STM32-Fly_Controller/Core/Src/main.c_save
2026-08-15 13:52:34,062 [INFO] CodeEngine:287 - Generated code: /home/thuy/embedded/project/Quadcopter-STM32F4/STM32-Fly_Controller/Core/Src/main.c
2026-08-15 13:52:34,229 [INFO] ProjectBuilder:3324 - Time for Copy HAL[1] : 12mS.
2026-08-15 13:52:34,230 [INFO] ProjectBuilder:4912 - Project Generator version: 4.6.0-B36
2026-08-15 13:52:34,284 [INFO] ConfigFileManager:1590 - The Die is : DIE431
2026-08-15 13:52:34,585 [INFO] ProjectBuilder:5191 - Time for Generating toolchain IDE Files: 355mS.
2026-08-15 13:52:34,585 [INFO] ProjectBuilder:3181 - Time for Copy CMSIS : 0mS.
2026-08-15 13:52:34,586 [INFO] ProjectBuilder:3181 - Time for Copy CMSIS : 0mS.
2026-08-15 13:53:01,449 [ERROR] LogOutputStream:75 - [STDERR_REDIRECT] Aug 15, 2026 1:53:01 PM java.util.prefs.FileSystemPreferences checkLockFile0ErrorCode
2026-08-15 13:53:01,449 [ERROR] LogOutputStream:75 - [STDERR_REDIRECT] WARNING: Could not lock System prefs. Unix error code 2.
2026-08-15 13:53:01,449 [ERROR] LogOutputStream:75 - [STDERR_REDIRECT] 
2026-08-15 13:53:01,449 [ERROR] LogOutputStream:75 - [STDERR_REDIRECT] Aug 15, 2026 1:53:01 PM java.util.prefs.FileSystemPreferences syncWorld
2026-08-15 13:53:01,449 [ERROR] LogOutputStream:75 - [STDERR_REDIRECT] WARNING: Couldn't flush system prefs: java.util.prefs.BackingStoreException: Couldn't get file lock.
2026-08-15 13:53:01,450 [ERROR] LogOutputStream:75 - [STDERR_REDIRECT] 
2026-08-15 13:53:06,555 [INFO] NvicIntPanel:101 - NVIC parent = com.st.microxplorer.plugins.ip.nvic.MultiNvicIntPanel[,0,0,0x0,invalid,layout=javax.swing.BoxLayout,alignmentX=0.0,alignmentY=0.0,border=,flags=9,maximumSize=,minimumSize=,preferredSize=]
2026-08-15 13:53:08,470 [INFO] UtilMem:75 - End SaveConfig() Used Memory: 418166216 Bytes (680525824)
2026-08-15 13:53:08,511 [INFO] UtilMem:75 - End SaveConfig() Used Memory: 432846280 Bytes (680525824)
2026-08-15 13:53:08,717 [INFO] UtilMem:75 - End SaveConfig() Used Memory: 462732744 Bytes (680525824)
2026-08-15 13:53:08,799 [INFO] BlockDiagram:2775 - set Specific Code input for plugin: SPI
2026-08-15 13:53:08,799 [INFO] BlockDiagram:2775 - set Specific Code input for plugin: NVIC
2026-08-15 13:53:08,799 [INFO] BlockDiagram:2775 - set Specific Code input for plugin: USART
2026-08-15 13:53:08,799 [INFO] BlockDiagram:2775 - set Specific Code input for plugin: DMA
2026-08-15 13:53:08,799 [INFO] BlockDiagram:2775 - set Specific Code input for plugin: TIM1_8
2026-08-15 13:53:08,799 [INFO] BlockDiagram:2775 - set Specific Code input for plugin: SYS
2026-08-15 13:53:08,800 [INFO] BlockDiagram:2775 - set Specific Code input for plugin: GPIO
2026-08-15 13:53:08,800 [INFO] BlockDiagram:2775 - set Specific Code input for plugin: ADC
2026-08-15 13:53:08,800 [INFO] BlockDiagram:2775 - set Specific Code input for plugin: RCC
2026-08-15 13:53:08,800 [INFO] BlockDiagram:2775 - set Specific Code input for plugin: I2C
2026-08-15 13:53:08,800 [INFO] CodeGenerator:882 - code generatio: config db path: /opt/st/stm32cubeide_1.18.0/plugins/com.st.stm32cube.common.mx_6.14.0.202502271554//db/
2026-08-15 13:53:08,805 [WARN] IP:2250 - I2C_Coeff_DF not found: check if there is a RefParameter without a condition.
2026-08-15 13:53:08,805 [WARN] IP:2250 - Analog_Filter not found: check if there is a RefParameter without a condition.
2026-08-15 13:53:08,813 [INFO] Argument:325 - Argument : hdmavalue: null
2026-08-15 13:53:08,813 [INFO] Argument:327 - 	 sub Args: 
2026-08-15 13:53:08,813 [INFO] Argument:325 - Argument : Instancevalue: DMA2_Stream0
2026-08-15 13:53:08,813 [INFO] Argument:335 - Argument : Instancevalue: DMA2_Stream0
2026-08-15 13:53:08,813 [INFO] Argument:325 - Argument : Initvalue: null
2026-08-15 13:53:08,813 [INFO] Argument:327 - 	 sub Args: 
2026-08-15 13:53:08,813 [INFO] Argument:325 - Argument : Channelvalue: DMA_CHANNEL_3
2026-08-15 13:53:08,813 [INFO] Argument:335 - Argument : Channelvalue: DMA_CHANNEL_3
2026-08-15 13:53:08,813 [INFO] Argument:325 - Argument : Directionvalue: DMA_PERIPH_TO_MEMORY
2026-08-15 13:53:08,813 [INFO] Argument:335 - Argument : Directionvalue: DMA_PERIPH_TO_MEMORY
2026-08-15 13:53:08,813 [INFO] Argument:325 - Argument : PeriphIncvalue: DMA_PINC_DISABLE
2026-08-15 13:53:08,813 [INFO] Argument:335 - Argument : PeriphIncvalue: DMA_PINC_DISABLE
2026-08-15 13:53:08,813 [INFO] Argument:325 - Argument : MemIncvalue: DMA_MINC_ENABLE
2026-08-15 13:53:08,813 [INFO] Argument:335 - Argument : MemIncvalue: DMA_MINC_ENABLE
2026-08-15 13:53:08,813 [INFO] Argument:325 - Argument : PeriphDataAlignmentvalue: DMA_PDATAALIGN_BYTE
2026-08-15 13:53:08,813 [INFO] Argument:335 - Argument : PeriphDataAlignmentvalue: DMA_PDATAALIGN_BYTE
2026-08-15 13:53:08,813 [INFO] Argument:325 - Argument : MemDataAlignmentvalue: DMA_MDATAALIGN_BYTE
2026-08-15 13:53:08,813 [INFO] Argument:335 - Argument : MemDataAlignmentvalue: DMA_MDATAALIGN_BYTE
2026-08-15 13:53:08,813 [INFO] Argument:325 - Argument : Modevalue: DMA_CIRCULAR
2026-08-15 13:53:08,813 [INFO] Argument:335 - Argument : Modevalue: DMA_CIRCULAR
2026-08-15 13:53:08,813 [INFO] Argument:325 - Argument : Priorityvalue: DMA_PRIORITY_LOW
2026-08-15 13:53:08,813 [INFO] Argument:335 - Argument : Priorityvalue: DMA_PRIORITY_LOW
2026-08-15 13:53:08,813 [INFO] Argument:325 - Argument : FIFOModevalue: DMA_FIFOMODE_DISABLE
2026-08-15 13:53:08,813 [INFO] Argument:335 - Argument : FIFOModevalue: DMA_FIFOMODE_DISABLE
2026-08-15 13:53:08,813 [INFO] Argument:325 - Argument : FIFOThresholdvalue: null
2026-08-15 13:53:08,813 [INFO] Argument:335 - Argument : FIFOThresholdvalue: null
2026-08-15 13:53:08,813 [INFO] Argument:325 - Argument : MemBurstvalue: null
2026-08-15 13:53:08,813 [INFO] Argument:335 - Argument : MemBurstvalue: null
2026-08-15 13:53:08,813 [INFO] Argument:325 - Argument : PeriphBurstvalue: null
2026-08-15 13:53:08,813 [INFO] Argument:335 - Argument : PeriphBurstvalue: null
2026-08-15 13:53:08,813 [INFO] Argument:325 - Argument : Lockvalue: null
2026-08-15 13:53:08,813 [INFO] Argument:335 - Argument : Lockvalue: null
2026-08-15 13:53:08,813 [INFO] Argument:325 - Argument : Statevalue: null
2026-08-15 13:53:08,813 [INFO] Argument:335 - Argument : Statevalue: null
2026-08-15 13:53:08,813 [INFO] Argument:325 - Argument : Parentvalue: null
2026-08-15 13:53:08,813 [INFO] Argument:335 - Argument : Parentvalue: null
2026-08-15 13:53:08,813 [INFO] Argument:325 - Argument : XferCpltCallbackvalue: null
2026-08-15 13:53:08,813 [INFO] Argument:335 - Argument : XferCpltCallbackvalue: null
2026-08-15 13:53:08,813 [INFO] Argument:325 - Argument : XferHalfCpltCallbackvalue: null
2026-08-15 13:53:08,813 [INFO] Argument:335 - Argument : XferHalfCpltCallbackvalue: null
2026-08-15 13:53:08,813 [INFO] Argument:325 - Argument : XferM1CpltCallbackvalue: null
2026-08-15 13:53:08,813 [INFO] Argument:335 - Argument : XferM1CpltCallbackvalue: null
2026-08-15 13:53:08,813 [INFO] Argument:325 - Argument : XferErrorCallbackvalue: null
2026-08-15 13:53:08,813 [INFO] Argument:335 - Argument : XferErrorCallbackvalue: null
2026-08-15 13:53:08,813 [INFO] Argument:325 - Argument : ErrorCodevalue: null
2026-08-15 13:53:08,813 [INFO] Argument:335 - Argument : ErrorCodevalue: null
2026-08-15 13:53:08,862 [INFO] CodeEngine:263 - oldGeneratedFile, /home/thuy/embedded/project/Quadcopter-STM32F4/STM32-Fly_Controller/MXTmpFiles/license.tmp_save
2026-08-15 13:53:08,899 [INFO] CodeEngine:287 - Generated code: /home/thuy/embedded/project/Quadcopter-STM32F4/STM32-Fly_Controller/MXTmpFiles/license.tmp
2026-08-15 13:53:08,908 [INFO] CodeEngine:263 - oldGeneratedFile, /home/thuy/embedded/project/Quadcopter-STM32F4/STM32-Fly_Controller/MXTmpFiles/gpio.tmp_save
2026-08-15 13:53:08,947 [INFO] CodeEngine:287 - Generated code: /home/thuy/embedded/project/Quadcopter-STM32F4/STM32-Fly_Controller/MXTmpFiles/gpio.tmp
2026-08-15 13:53:09,037 [INFO] CodeEngine:263 - oldGeneratedFile, /home/thuy/embedded/project/Quadcopter-STM32F4/STM32-Fly_Controller/MXTmpFiles/dma.tmp_save
2026-08-15 13:53:09,074 [INFO] CodeEngine:287 - Generated code: /home/thuy/embedded/project/Quadcopter-STM32F4/STM32-Fly_Controller/MXTmpFiles/dma.tmp
2026-08-15 13:53:09,075 [INFO] CodeEngine:263 - oldGeneratedFile, /home/thuy/embedded/project/Quadcopter-STM32F4/STM32-Fly_Controller/MXTmpFiles/dma_GV.tmp_save
2026-08-15 13:53:09,108 [INFO] CodeEngine:287 - Generated code: /home/thuy/embedded/project/Quadcopter-STM32F4/STM32-Fly_Controller/MXTmpFiles/dma_GV.tmp
2026-08-15 13:53:09,112 [INFO] CodeEngine:263 - oldGeneratedFile, /home/thuy/embedded/project/Quadcopter-STM32F4/STM32-Fly_Controller/Core/Src/stm32f4xx_it.c_save
2026-08-15 13:53:09,156 [INFO] CodeEngine:287 - Generated code: /home/thuy/embedded/project/Quadcopter-STM32F4/STM32-Fly_Controller/Core/Src/stm32f4xx_it.c
2026-08-15 13:53:09,157 [INFO] CodeEngine:263 - oldGeneratedFile, /home/thuy/embedded/project/Quadcopter-STM32F4/STM32-Fly_Controller/Core/Inc/stm32f4xx_it.h_save
2026-08-15 13:53:09,192 [INFO] CodeEngine:287 - Generated code: /home/thuy/embedded/project/Quadcopter-STM32F4/STM32-Fly_Controller/Core/Inc/stm32f4xx_it.h
2026-08-15 13:53:09,195 [INFO] CodeEngine:263 - oldGeneratedFile, /home/thuy/embedded/project/Quadcopter-STM32F4/STM32-Fly_Controller/Core/Src/stm32f4xx_hal_msp.c_save
2026-08-15 13:53:09,251 [INFO] CodeEngine:287 - Generated code: /home/thuy/embedded/project/Quadcopter-STM32F4/STM32-Fly_Controller/Core/Src/stm32f4xx_hal_msp.c
2026-08-15 13:53:09,252 [INFO] CodeEngine:263 - oldGeneratedFile, /home/thuy/embedded/project/Quadcopter-STM32F4/STM32-Fly_Controller/MXTmpFiles/system.tmp_save
2026-08-15 13:53:09,287 [INFO] CodeEngine:287 - Generated code: /home/thuy/embedded/project/Quadcopter-STM32F4/STM32-Fly_Controller/MXTmpFiles/system.tmp
2026-08-15 13:53:09,288 [INFO] CodeEngine:319 - oldGeneratedFile, /home/thuy/embedded/project/Quadcopter-STM32F4/STM32-Fly_Controller/Core/Inc/stm32f4xx_hal_conf.h_save
2026-08-15 13:53:09,337 [INFO] CodeEngine:343 - Generated code: /home/thuy/embedded/project/Quadcopter-STM32F4/STM32-Fly_Controller/Core/Inc/stm32f4xx_hal_conf.h
2026-08-15 13:53:09,346 [WARN] IPConfigManager:3747 - IP not found : TIM
2026-08-15 13:53:09,346 [WARN] CodeGenerator:4198 - IP not found : null
2026-08-15 13:53:09,347 [INFO] CodeEngine:263 - oldGeneratedFile, /home/thuy/embedded/project/Quadcopter-STM32F4/STM32-Fly_Controller/Core/Inc/main.h_save
2026-08-15 13:53:09,393 [INFO] CodeEngine:287 - Generated code: /home/thuy/embedded/project/Quadcopter-STM32F4/STM32-Fly_Controller/Core/Inc/main.h
2026-08-15 13:53:09,394 [INFO] CodeEngine:263 - oldGeneratedFile, /home/thuy/embedded/project/Quadcopter-STM32F4/STM32-Fly_Controller/Core/Src/main.c_save
2026-08-15 13:53:09,464 [INFO] CodeEngine:287 - Generated code: /home/thuy/embedded/project/Quadcopter-STM32F4/STM32-Fly_Controller/Core/Src/main.c
2026-08-15 13:53:09,582 [INFO] ProjectBuilder:3324 - Time for Copy HAL[1] : 11mS.
2026-08-15 13:53:09,583 [INFO] ProjectBuilder:4912 - Project Generator version: 4.6.0-B36
2026-08-15 13:53:09,637 [INFO] ConfigFileManager:1590 - The Die is : DIE431
2026-08-15 13:53:09,959 [INFO] ProjectBuilder:5191 - Time for Generating toolchain IDE Files: 376mS.
2026-08-15 13:53:09,960 [INFO] ProjectBuilder:3181 - Time for Copy CMSIS : 1mS.
2026-08-15 13:53:09,960 [INFO] ProjectBuilder:3181 - Time for Copy CMSIS : 0mS.
2026-08-15 13:53:31,444 [ERROR] LogOutputStream:75 - [STDERR_REDIRECT] Aug 15, 2026 1:53:31 PM java.util.prefs.FileSystemPreferences checkLockFile0ErrorCode
2026-08-15 13:53:31,445 [ERROR] LogOutputStream:75 - [STDERR_REDIRECT] WARNING: Could not lock System prefs. Unix error code 2.
2026-08-15 13:53:31,445 [ERROR] LogOutputStream:75 - [STDERR_REDIRECT] 
2026-08-15 13:53:31,445 [ERROR] LogOutputStream:75 - [STDERR_REDIRECT] Aug 15, 2026 1:53:31 PM java.util.prefs.FileSystemPreferences syncWorld
2026-08-15 13:53:31,445 [ERROR] LogOutputStream:75 - [STDERR_REDIRECT] WARNING: Couldn't flush system prefs: java.util.prefs.BackingStoreException: Couldn't get file lock.
2026-08-15 13:53:31,445 [ERROR] LogOutputStream:75 - [STDERR_REDIRECT] 
2026-08-15 13:54:01,443 [ERROR] LogOutputStream:75 - [STDERR_REDIRECT] Aug 15, 2026 1:54:01 PM java.util.prefs.FileSystemPreferences checkLockFile0ErrorCode
2026-08-15 13:54:01,443 [ERROR] LogOutputStream:75 - [STDERR_REDIRECT] WARNING: Could not lock System prefs. Unix error code 2.
2026-08-15 13:54:01,443 [ERROR] LogOutputStream:75 - [STDERR_REDIRECT] 
2026-08-15 13:54:01,443 [ERROR] LogOutputStream:75 - [STDERR_REDIRECT] Aug 15, 2026 1:54:01 PM java.util.prefs.FileSystemPreferences syncWorld
2026-08-15 13:54:01,444 [ERROR] LogOutputStream:75 - [STDERR_REDIRECT] WARNING: Couldn't flush system prefs: java.util.prefs.BackingStoreException: Couldn't get file lock.
2026-08-15 13:54:01,444 [ERROR] LogOutputStream:75 - [STDERR_REDIRECT] 
2026-08-15 13:54:31,443 [ERROR] LogOutputStream:75 - [STDERR_REDIRECT] Aug 15, 2026 1:54:31 PM java.util.prefs.FileSystemPreferences checkLockFile0ErrorCode
2026-08-15 13:54:31,443 [ERROR] LogOutputStream:75 - [STDERR_REDIRECT] WARNING: Could not lock System prefs. Unix error code 2.
2026-08-15 13:54:31,443 [ERROR] LogOutputStream:75 - [STDERR_REDIRECT] 
2026-08-15 13:54:31,443 [ERROR] LogOutputStream:75 - [STDERR_REDIRECT] Aug 15, 2026 1:54:31 PM java.util.prefs.FileSystemPreferences syncWorld
2026-08-15 13:54:31,443 [ERROR] LogOutputStream:75 - [STDERR_REDIRECT] WARNING: Couldn't flush system prefs: java.util.prefs.BackingStoreException: Couldn't get file lock.
2026-08-15 13:54:31,443 [ERROR] LogOutputStream:75 - [STDERR_REDIRECT] 
2026-08-15 13:55:01,443 [ERROR] LogOutputStream:75 - [STDERR_REDIRECT] Aug 15, 2026 1:55:01 PM java.util.prefs.FileSystemPreferences checkLockFile0ErrorCode
2026-08-15 13:55:01,443 [ERROR] LogOutputStream:75 - [STDERR_REDIRECT] WARNING: Could not lock System prefs. Unix error code 2.
2026-08-15 13:55:01,443 [ERROR] LogOutputStream:75 - [STDERR_REDIRECT] 
2026-08-15 13:55:01,443 [ERROR] LogOutputStream:75 - [STDERR_REDIRECT] Aug 15, 2026 1:55:01 PM java.util.prefs.FileSystemPreferences syncWorld
2026-08-15 13:55:01,443 [ERROR] LogOutputStream:75 - [STDERR_REDIRECT] WARNING: Couldn't flush system prefs: java.util.prefs.BackingStoreException: Couldn't get file lock.
2026-08-15 13:55:01,444 [ERROR] LogOutputStream:75 - [STDERR_REDIRECT] 
2026-08-15 13:55:31,443 [ERROR] LogOutputStream:75 - [STDERR_REDIRECT] Aug 15, 2026 1:55:31 PM java.util.prefs.FileSystemPreferences checkLockFile0ErrorCode
2026-08-15 13:55:31,443 [ERROR] LogOutputStream:75 - [STDERR_REDIRECT] WARNING: Could not lock System prefs. Unix error code 2.
2026-08-15 13:55:31,443 [ERROR] LogOutputStream:75 - [STDERR_REDIRECT] 
2026-08-15 13:55:31,443 [ERROR] LogOutputStream:75 - [STDERR_REDIRECT] Aug 15, 2026 1:55:31 PM java.util.prefs.FileSystemPreferences syncWorld
2026-08-15 13:55:31,443 [ERROR] LogOutputStream:75 - [STDERR_REDIRECT] WARNING: Couldn't flush system prefs: java.util.prefs.BackingStoreException: Couldn't get file lock.
2026-08-15 13:55:31,443 [ERROR] LogOutputStream:75 - [STDERR_REDIRECT] 
2026-08-15 13:56:01,443 [ERROR] LogOutputStream:75 - [STDERR_REDIRECT] Aug 15, 2026 1:56:01 PM java.util.prefs.FileSystemPreferences checkLockFile0ErrorCode
2026-08-15 13:56:01,443 [ERROR] LogOutputStream:75 - [STDERR_REDIRECT] WARNING: Could not lock System prefs. Unix error code 2.
2026-08-15 13:56:01,443 [ERROR] LogOutputStream:75 - [STDERR_REDIRECT] 
2026-08-15 13:56:01,444 [ERROR] LogOutputStream:75 - [STDERR_REDIRECT] Aug 15, 2026 1:56:01 PM java.util.prefs.FileSystemPreferences syncWorld
2026-08-15 13:56:01,444 [ERROR] LogOutputStream:75 - [STDERR_REDIRECT] WARNING: Couldn't flush system prefs: java.util.prefs.BackingStoreException: Couldn't get file lock.
2026-08-15 13:56:01,444 [ERROR] LogOutputStream:75 - [STDERR_REDIRECT] 
2026-08-15 13:56:31,443 [ERROR] LogOutputStream:75 - [STDERR_REDIRECT] Aug 15, 2026 1:56:31 PM java.util.prefs.FileSystemPreferences checkLockFile0ErrorCode
2026-08-15 13:56:31,443 [ERROR] LogOutputStream:75 - [STDERR_REDIRECT] WARNING: Could not lock System prefs. Unix error code 2.
2026-08-15 13:56:31,443 [ERROR] LogOutputStream:75 - [STDERR_REDIRECT] 
2026-08-15 13:56:31,443 [ERROR] LogOutputStream:75 - [STDERR_REDIRECT] Aug 15, 2026 1:56:31 PM java.util.prefs.FileSystemPreferences syncWorld
2026-08-15 13:56:31,443 [ERROR] LogOutputStream:75 - [STDERR_REDIRECT] WARNING: Couldn't flush system prefs: java.util.prefs.BackingStoreException: Couldn't get file lock.
2026-08-15 13:56:31,443 [ERROR] LogOutputStream:75 - [STDERR_REDIRECT] 
2026-08-15 13:57:01,444 [ERROR] LogOutputStream:75 - [STDERR_REDIRECT] Aug 15, 2026 1:57:01 PM java.util.prefs.FileSystemPreferences checkLockFile0ErrorCode
2026-08-15 13:57:01,444 [ERROR] LogOutputStream:75 - [STDERR_REDIRECT] WARNING: Could not lock System prefs. Unix error code 2.
2026-08-15 13:57:01,444 [ERROR] LogOutputStream:75 - [STDERR_REDIRECT] 
2026-08-15 13:57:01,444 [ERROR] LogOutputStream:75 - [STDERR_REDIRECT] Aug 15, 2026 1:57:01 PM java.util.prefs.FileSystemPreferences syncWorld
2026-08-15 13:57:01,444 [ERROR] LogOutputStream:75 - [STDERR_REDIRECT] WARNING: Couldn't flush system prefs: java.util.prefs.BackingStoreException: Couldn't get file lock.
2026-08-15 13:57:01,444 [ERROR] LogOutputStream:75 - [STDERR_REDIRECT] 
2026-08-15 13:57:31,444 [ERROR] LogOutputStream:75 - [STDERR_REDIRECT] Aug 15, 2026 1:57:31 PM java.util.prefs.FileSystemPreferences checkLockFile0ErrorCode
2026-08-15 13:57:31,444 [ERROR] LogOutputStream:75 - [STDERR_REDIRECT] WARNING: Could not lock System prefs. Unix error code 2.
2026-08-15 13:57:31,444 [ERROR] LogOutputStream:75 - [STDERR_REDIRECT] 
2026-08-15 13:57:31,444 [ERROR] LogOutputStream:75 - [STDERR_REDIRECT] Aug 15, 2026 1:57:31 PM java.util.prefs.FileSystemPreferences syncWorld
2026-08-15 13:57:31,444 [ERROR] LogOutputStream:75 - [STDERR_REDIRECT] WARNING: Couldn't flush system prefs: java.util.prefs.BackingStoreException: Couldn't get file lock.
2026-08-15 13:57:31,444 [ERROR] LogOutputStream:75 - [STDERR_REDIRECT] 
2026-08-15 13:58:01,444 [ERROR] LogOutputStream:75 - [STDERR_REDIRECT] Aug 15, 2026 1:58:01 PM java.util.prefs.FileSystemPreferences checkLockFile0ErrorCode
2026-08-15 13:58:01,444 [ERROR] LogOutputStream:75 - [STDERR_REDIRECT] WARNING: Could not lock System prefs. Unix error code 2.
2026-08-15 13:58:01,444 [ERROR] LogOutputStream:75 - [STDERR_REDIRECT] 
2026-08-15 13:58:01,445 [ERROR] LogOutputStream:75 - [STDERR_REDIRECT] Aug 15, 2026 1:58:01 PM java.util.prefs.FileSystemPreferences syncWorld
2026-08-15 13:58:01,445 [ERROR] LogOutputStream:75 - [STDERR_REDIRECT] WARNING: Couldn't flush system prefs: java.util.prefs.BackingStoreException: Couldn't get file lock.
2026-08-15 13:58:01,445 [ERROR] LogOutputStream:75 - [STDERR_REDIRECT] 
2026-08-15 13:58:27,002 [INFO] NvicIntPanel:101 - NVIC parent = com.st.microxplorer.plugins.ip.nvic.MultiNvicIntPanel[,0,0,0x0,invalid,layout=javax.swing.BoxLayout,alignmentX=0.0,alignmentY=0.0,border=,flags=9,maximumSize=,minimumSize=,preferredSize=]
2026-08-15 13:58:31,445 [ERROR] LogOutputStream:75 - [STDERR_REDIRECT] Aug 15, 2026 1:58:31 PM java.util.prefs.FileSystemPreferences checkLockFile0ErrorCode
2026-08-15 13:58:31,445 [ERROR] LogOutputStream:75 - [STDERR_REDIRECT] WARNING: Could not lock System prefs. Unix error code 2.
2026-08-15 13:58:31,445 [ERROR] LogOutputStream:75 - [STDERR_REDIRECT] 
2026-08-15 13:58:31,445 [ERROR] LogOutputStream:75 - [STDERR_REDIRECT] Aug 15, 2026 1:58:31 PM java.util.prefs.FileSystemPreferences syncWorld
2026-08-15 13:58:31,445 [ERROR] LogOutputStream:75 - [STDERR_REDIRECT] WARNING: Couldn't flush system prefs: java.util.prefs.BackingStoreException: Couldn't get file lock.
2026-08-15 13:58:31,445 [ERROR] LogOutputStream:75 - [STDERR_REDIRECT] 
2026-08-15 13:58:44,852 [INFO] NvicIntPanel:101 - NVIC parent = com.st.microxplorer.plugins.ip.nvic.MultiNvicIntPanel[,0,0,0x0,invalid,layout=javax.swing.BoxLayout,alignmentX=0.0,alignmentY=0.0,border=,flags=9,maximumSize=,minimumSize=,preferredSize=]
2026-08-15 13:59:01,445 [ERROR] LogOutputStream:75 - [STDERR_REDIRECT] Aug 15, 2026 1:59:01 PM java.util.prefs.FileSystemPreferences checkLockFile0ErrorCode
2026-08-15 13:59:01,446 [ERROR] LogOutputStream:75 - [STDERR_REDIRECT] WARNING: Could not lock System prefs. Unix error code 2.
2026-08-15 13:59:01,446 [ERROR] LogOutputStream:75 - [STDERR_REDIRECT] 
2026-08-15 13:59:01,446 [ERROR] LogOutputStream:75 - [STDERR_REDIRECT] Aug 15, 2026 1:59:01 PM java.util.prefs.FileSystemPreferences syncWorld
2026-08-15 13:59:01,446 [ERROR] LogOutputStream:75 - [STDERR_REDIRECT] WARNING: Couldn't flush system prefs: java.util.prefs.BackingStoreException: Couldn't get file lock.
2026-08-15 13:59:01,446 [ERROR] LogOutputStream:75 - [STDERR_REDIRECT] 
2026-08-15 13:59:04,187 [INFO] UtilMem:75 - End SaveConfig() Used Memory: 347548304 Bytes (688914432)
2026-08-15 13:59:04,220 [INFO] UtilMem:75 - End SaveConfig() Used Memory: 362750608 Bytes (688914432)
2026-08-15 13:59:04,413 [INFO] UtilMem:75 - End SaveConfig() Used Memory: 427240080 Bytes (688914432)
2026-08-15 13:59:04,476 [INFO] BlockDiagram:2775 - set Specific Code input for plugin: SPI
2026-08-15 13:59:04,476 [INFO] BlockDiagram:2775 - set Specific Code input for plugin: NVIC
2026-08-15 13:59:04,476 [INFO] BlockDiagram:2775 - set Specific Code input for plugin: USART
2026-08-15 13:59:04,476 [INFO] BlockDiagram:2775 - set Specific Code input for plugin: DMA
2026-08-15 13:59:04,476 [INFO] BlockDiagram:2775 - set Specific Code input for plugin: TIM1_8
2026-08-15 13:59:04,476 [INFO] BlockDiagram:2775 - set Specific Code input for plugin: SYS
2026-08-15 13:59:04,476 [INFO] BlockDiagram:2775 - set Specific Code input for plugin: GPIO
2026-08-15 13:59:04,476 [INFO] BlockDiagram:2775 - set Specific Code input for plugin: ADC
2026-08-15 13:59:04,476 [INFO] BlockDiagram:2775 - set Specific Code input for plugin: RCC
2026-08-15 13:59:04,476 [INFO] BlockDiagram:2775 - set Specific Code input for plugin: I2C
2026-08-15 13:59:04,476 [INFO] CodeGenerator:882 - code generatio: config db path: /opt/st/stm32cubeide_1.18.0/plugins/com.st.stm32cube.common.mx_6.14.0.202502271554//db/
2026-08-15 13:59:04,480 [WARN] IP:2250 - I2C_Coeff_DF not found: check if there is a RefParameter without a condition.
2026-08-15 13:59:04,480 [WARN] IP:2250 - Analog_Filter not found: check if there is a RefParameter without a condition.
2026-08-15 13:59:04,486 [INFO] Argument:325 - Argument : hdmavalue: null
2026-08-15 13:59:04,486 [INFO] Argument:327 - 	 sub Args: 
2026-08-15 13:59:04,486 [INFO] Argument:325 - Argument : Instancevalue: DMA2_Stream0
2026-08-15 13:59:04,486 [INFO] Argument:335 - Argument : Instancevalue: DMA2_Stream0
2026-08-15 13:59:04,486 [INFO] Argument:325 - Argument : Initvalue: null
2026-08-15 13:59:04,486 [INFO] Argument:327 - 	 sub Args: 
2026-08-15 13:59:04,486 [INFO] Argument:325 - Argument : Channelvalue: DMA_CHANNEL_3
2026-08-15 13:59:04,486 [INFO] Argument:335 - Argument : Channelvalue: DMA_CHANNEL_3
2026-08-15 13:59:04,486 [INFO] Argument:325 - Argument : Directionvalue: DMA_PERIPH_TO_MEMORY
2026-08-15 13:59:04,486 [INFO] Argument:335 - Argument : Directionvalue: DMA_PERIPH_TO_MEMORY
2026-08-15 13:59:04,486 [INFO] Argument:325 - Argument : PeriphIncvalue: DMA_PINC_DISABLE
2026-08-15 13:59:04,486 [INFO] Argument:335 - Argument : PeriphIncvalue: DMA_PINC_DISABLE
2026-08-15 13:59:04,486 [INFO] Argument:325 - Argument : MemIncvalue: DMA_MINC_ENABLE
2026-08-15 13:59:04,486 [INFO] Argument:335 - Argument : MemIncvalue: DMA_MINC_ENABLE
2026-08-15 13:59:04,486 [INFO] Argument:325 - Argument : PeriphDataAlignmentvalue: DMA_PDATAALIGN_BYTE
2026-08-15 13:59:04,486 [INFO] Argument:335 - Argument : PeriphDataAlignmentvalue: DMA_PDATAALIGN_BYTE
2026-08-15 13:59:04,486 [INFO] Argument:325 - Argument : MemDataAlignmentvalue: DMA_MDATAALIGN_BYTE
2026-08-15 13:59:04,486 [INFO] Argument:335 - Argument : MemDataAlignmentvalue: DMA_MDATAALIGN_BYTE
2026-08-15 13:59:04,486 [INFO] Argument:325 - Argument : Modevalue: DMA_CIRCULAR
2026-08-15 13:59:04,486 [INFO] Argument:335 - Argument : Modevalue: DMA_CIRCULAR
2026-08-15 13:59:04,486 [INFO] Argument:325 - Argument : Priorityvalue: DMA_PRIORITY_LOW
2026-08-15 13:59:04,487 [INFO] Argument:335 - Argument : Priorityvalue: DMA_PRIORITY_LOW
2026-08-15 13:59:04,487 [INFO] Argument:325 - Argument : FIFOModevalue: DMA_FIFOMODE_DISABLE
2026-08-15 13:59:04,487 [INFO] Argument:335 - Argument : FIFOModevalue: DMA_FIFOMODE_DISABLE
2026-08-15 13:59:04,487 [INFO] Argument:325 - Argument : FIFOThresholdvalue: null
2026-08-15 13:59:04,487 [INFO] Argument:335 - Argument : FIFOThresholdvalue: null
2026-08-15 13:59:04,487 [INFO] Argument:325 - Argument : MemBurstvalue: null
2026-08-15 13:59:04,487 [INFO] Argument:335 - Argument : MemBurstvalue: null
2026-08-15 13:59:04,487 [INFO] Argument:325 - Argument : PeriphBurstvalue: null
2026-08-15 13:59:04,487 [INFO] Argument:335 - Argument : PeriphBurstvalue: null
2026-08-15 13:59:04,487 [INFO] Argument:325 - Argument : Lockvalue: null
2026-08-15 13:59:04,487 [INFO] Argument:335 - Argument : Lockvalue: null
2026-08-15 13:59:04,487 [INFO] Argument:325 - Argument : Statevalue: null
2026-08-15 13:59:04,487 [INFO] Argument:335 - Argument : Statevalue: null
2026-08-15 13:59:04,487 [INFO] Argument:325 - Argument : Parentvalue: null
2026-08-15 13:59:04,487 [INFO] Argument:335 - Argument : Parentvalue: null
2026-08-15 13:59:04,487 [INFO] Argument:325 - Argument : XferCpltCallbackvalue: null
2026-08-15 13:59:04,487 [INFO] Argument:335 - Argument : XferCpltCallbackvalue: null
2026-08-15 13:59:04,487 [INFO] Argument:325 - Argument : XferHalfCpltCallbackvalue: null
2026-08-15 13:59:04,487 [INFO] Argument:335 - Argument : XferHalfCpltCallbackvalue: null
2026-08-15 13:59:04,487 [INFO] Argument:325 - Argument : XferM1CpltCallbackvalue: null
2026-08-15 13:59:04,487 [INFO] Argument:335 - Argument : XferM1CpltCallbackvalue: null
2026-08-15 13:59:04,487 [INFO] Argument:325 - Argument : XferErrorCallbackvalue: null
2026-08-15 13:59:04,487 [INFO] Argument:335 - Argument : XferErrorCallbackvalue: null
2026-08-15 13:59:04,487 [INFO] Argument:325 - Argument : ErrorCodevalue: null
2026-08-15 13:59:04,487 [INFO] Argument:335 - Argument : ErrorCodevalue: null
2026-08-15 13:59:04,534 [INFO] CodeEngine:263 - oldGeneratedFile, /home/thuy/embedded/project/Quadcopter-STM32F4/STM32-Fly_Controller/MXTmpFiles/license.tmp_save
2026-08-15 13:59:04,572 [INFO] CodeEngine:287 - Generated code: /home/thuy/embedded/project/Quadcopter-STM32F4/STM32-Fly_Controller/MXTmpFiles/license.tmp
2026-08-15 13:59:04,581 [INFO] CodeEngine:263 - oldGeneratedFile, /home/thuy/embedded/project/Quadcopter-STM32F4/STM32-Fly_Controller/MXTmpFiles/gpio.tmp_save
2026-08-15 13:59:04,619 [INFO] CodeEngine:287 - Generated code: /home/thuy/embedded/project/Quadcopter-STM32F4/STM32-Fly_Controller/MXTmpFiles/gpio.tmp
2026-08-15 13:59:04,709 [INFO] CodeEngine:263 - oldGeneratedFile, /home/thuy/embedded/project/Quadcopter-STM32F4/STM32-Fly_Controller/MXTmpFiles/dma.tmp_save
2026-08-15 13:59:04,756 [INFO] CodeEngine:287 - Generated code: /home/thuy/embedded/project/Quadcopter-STM32F4/STM32-Fly_Controller/MXTmpFiles/dma.tmp
2026-08-15 13:59:04,756 [INFO] CodeEngine:263 - oldGeneratedFile, /home/thuy/embedded/project/Quadcopter-STM32F4/STM32-Fly_Controller/MXTmpFiles/dma_GV.tmp_save
2026-08-15 13:59:04,791 [INFO] CodeEngine:287 - Generated code: /home/thuy/embedded/project/Quadcopter-STM32F4/STM32-Fly_Controller/MXTmpFiles/dma_GV.tmp
2026-08-15 13:59:04,795 [INFO] CodeEngine:263 - oldGeneratedFile, /home/thuy/embedded/project/Quadcopter-STM32F4/STM32-Fly_Controller/Core/Src/stm32f4xx_it.c_save
2026-08-15 13:59:04,845 [INFO] CodeEngine:287 - Generated code: /home/thuy/embedded/project/Quadcopter-STM32F4/STM32-Fly_Controller/Core/Src/stm32f4xx_it.c
2026-08-15 13:59:04,846 [INFO] CodeEngine:263 - oldGeneratedFile, /home/thuy/embedded/project/Quadcopter-STM32F4/STM32-Fly_Controller/Core/Inc/stm32f4xx_it.h_save
2026-08-15 13:59:04,882 [INFO] CodeEngine:287 - Generated code: /home/thuy/embedded/project/Quadcopter-STM32F4/STM32-Fly_Controller/Core/Inc/stm32f4xx_it.h
2026-08-15 13:59:04,885 [INFO] CodeEngine:263 - oldGeneratedFile, /home/thuy/embedded/project/Quadcopter-STM32F4/STM32-Fly_Controller/Core/Src/stm32f4xx_hal_msp.c_save
2026-08-15 13:59:04,948 [INFO] CodeEngine:287 - Generated code: /home/thuy/embedded/project/Quadcopter-STM32F4/STM32-Fly_Controller/Core/Src/stm32f4xx_hal_msp.c
2026-08-15 13:59:04,948 [INFO] CodeEngine:263 - oldGeneratedFile, /home/thuy/embedded/project/Quadcopter-STM32F4/STM32-Fly_Controller/MXTmpFiles/system.tmp_save
2026-08-15 13:59:04,983 [INFO] CodeEngine:287 - Generated code: /home/thuy/embedded/project/Quadcopter-STM32F4/STM32-Fly_Controller/MXTmpFiles/system.tmp
2026-08-15 13:59:04,985 [INFO] CodeEngine:319 - oldGeneratedFile, /home/thuy/embedded/project/Quadcopter-STM32F4/STM32-Fly_Controller/Core/Inc/stm32f4xx_hal_conf.h_save
2026-08-15 13:59:05,026 [INFO] CodeEngine:343 - Generated code: /home/thuy/embedded/project/Quadcopter-STM32F4/STM32-Fly_Controller/Core/Inc/stm32f4xx_hal_conf.h
2026-08-15 13:59:05,037 [WARN] IPConfigManager:3747 - IP not found : TIM
2026-08-15 13:59:05,037 [WARN] CodeGenerator:4198 - IP not found : null
2026-08-15 13:59:05,039 [INFO] CodeEngine:263 - oldGeneratedFile, /home/thuy/embedded/project/Quadcopter-STM32F4/STM32-Fly_Controller/Core/Inc/main.h_save
2026-08-15 13:59:05,077 [INFO] CodeEngine:287 - Generated code: /home/thuy/embedded/project/Quadcopter-STM32F4/STM32-Fly_Controller/Core/Inc/main.h
2026-08-15 13:59:05,078 [INFO] CodeEngine:263 - oldGeneratedFile, /home/thuy/embedded/project/Quadcopter-STM32F4/STM32-Fly_Controller/Core/Src/main.c_save
2026-08-15 13:59:05,140 [INFO] CodeEngine:287 - Generated code: /home/thuy/embedded/project/Quadcopter-STM32F4/STM32-Fly_Controller/Core/Src/main.c
2026-08-15 13:59:05,305 [INFO] ProjectBuilder:3324 - Time for Copy HAL[1] : 20mS.
2026-08-15 13:59:05,306 [INFO] ProjectBuilder:4912 - Project Generator version: 4.6.0-B36
2026-08-15 13:59:05,363 [INFO] ConfigFileManager:1590 - The Die is : DIE431
2026-08-15 13:59:05,660 [INFO] ProjectBuilder:5191 - Time for Generating toolchain IDE Files: 354mS.
2026-08-15 13:59:05,660 [INFO] ProjectBuilder:3181 - Time for Copy CMSIS : 0mS.
2026-08-15 13:59:05,661 [INFO] ProjectBuilder:3181 - Time for Copy CMSIS : 0mS.
2026-08-15 13:59:31,445 [ERROR] LogOutputStream:75 - [STDERR_REDIRECT] Aug 15, 2026 1:59:31 PM java.util.prefs.FileSystemPreferences checkLockFile0ErrorCode
2026-08-15 13:59:31,445 [ERROR] LogOutputStream:75 - [STDERR_REDIRECT] WARNING: Could not lock System prefs. Unix error code 2.
2026-08-15 13:59:31,445 [ERROR] LogOutputStream:75 - [STDERR_REDIRECT] 
2026-08-15 13:59:31,446 [ERROR] LogOutputStream:75 - [STDERR_REDIRECT] Aug 15, 2026 1:59:31 PM java.util.prefs.FileSystemPreferences syncWorld
2026-08-15 13:59:31,446 [ERROR] LogOutputStream:75 - [STDERR_REDIRECT] WARNING: Couldn't flush system prefs: java.util.prefs.BackingStoreException: Couldn't get file lock.
2026-08-15 13:59:31,446 [ERROR] LogOutputStream:75 - [STDERR_REDIRECT] 
2026-08-15 14:00:01,445 [ERROR] LogOutputStream:75 - [STDERR_REDIRECT] Aug 15, 2026 2:00:01 PM java.util.prefs.FileSystemPreferences checkLockFile0ErrorCode
2026-08-15 14:00:01,445 [ERROR] LogOutputStream:75 - [STDERR_REDIRECT] WARNING: Could not lock System prefs. Unix error code 2.
2026-08-15 14:00:01,445 [ERROR] LogOutputStream:75 - [STDERR_REDIRECT] 
2026-08-15 14:00:01,445 [ERROR] LogOutputStream:75 - [STDERR_REDIRECT] Aug 15, 2026 2:00:01 PM java.util.prefs.FileSystemPreferences syncWorld
2026-08-15 14:00:01,445 [ERROR] LogOutputStream:75 - [STDERR_REDIRECT] WARNING: Couldn't flush system prefs: java.util.prefs.BackingStoreException: Couldn't get file lock.
2026-08-15 14:00:01,445 [ERROR] LogOutputStream:75 - [STDERR_REDIRECT] 
2026-08-15 14:00:04,266 [INFO] NvicIntPanel:101 - NVIC parent = com.st.microxplorer.plugins.ip.nvic.MultiNvicIntPanel[,0,0,0x0,invalid,layout=javax.swing.BoxLayout,alignmentX=0.0,alignmentY=0.0,border=,flags=9,maximumSize=,minimumSize=,preferredSize=]
2026-08-15 14:00:10,546 [INFO] UtilMem:75 - End SaveConfig() Used Memory: 445381616 Bytes (688914432)
2026-08-15 14:00:10,581 [INFO] UtilMem:75 - End SaveConfig() Used Memory: 460061680 Bytes (688914432)
2026-08-15 14:00:10,776 [INFO] UtilMem:75 - End SaveConfig() Used Memory: 493093872 Bytes (688914432)
2026-08-15 14:00:10,839 [INFO] BlockDiagram:2775 - set Specific Code input for plugin: SPI
2026-08-15 14:00:10,839 [INFO] BlockDiagram:2775 - set Specific Code input for plugin: NVIC
2026-08-15 14:00:10,839 [INFO] BlockDiagram:2775 - set Specific Code input for plugin: USART
2026-08-15 14:00:10,839 [INFO] BlockDiagram:2775 - set Specific Code input for plugin: DMA
2026-08-15 14:00:10,839 [INFO] BlockDiagram:2775 - set Specific Code input for plugin: TIM1_8
2026-08-15 14:00:10,839 [INFO] BlockDiagram:2775 - set Specific Code input for plugin: SYS
2026-08-15 14:00:10,839 [INFO] BlockDiagram:2775 - set Specific Code input for plugin: GPIO
2026-08-15 14:00:10,840 [INFO] BlockDiagram:2775 - set Specific Code input for plugin: ADC
2026-08-15 14:00:10,840 [INFO] BlockDiagram:2775 - set Specific Code input for plugin: RCC
2026-08-15 14:00:10,840 [INFO] BlockDiagram:2775 - set Specific Code input for plugin: I2C
2026-08-15 14:00:10,840 [INFO] CodeGenerator:882 - code generatio: config db path: /opt/st/stm32cubeide_1.18.0/plugins/com.st.stm32cube.common.mx_6.14.0.202502271554//db/
2026-08-15 14:00:10,843 [WARN] IP:2250 - I2C_Coeff_DF not found: check if there is a RefParameter without a condition.
2026-08-15 14:00:10,843 [WARN] IP:2250 - Analog_Filter not found: check if there is a RefParameter without a condition.
2026-08-15 14:00:10,849 [INFO] Argument:325 - Argument : hdmavalue: null
2026-08-15 14:00:10,849 [INFO] Argument:327 - 	 sub Args: 
2026-08-15 14:00:10,849 [INFO] Argument:325 - Argument : Instancevalue: DMA2_Stream0
2026-08-15 14:00:10,849 [INFO] Argument:335 - Argument : Instancevalue: DMA2_Stream0
2026-08-15 14:00:10,849 [INFO] Argument:325 - Argument : Initvalue: null
2026-08-15 14:00:10,849 [INFO] Argument:327 - 	 sub Args: 
2026-08-15 14:00:10,849 [INFO] Argument:325 - Argument : Channelvalue: DMA_CHANNEL_3
2026-08-15 14:00:10,849 [INFO] Argument:335 - Argument : Channelvalue: DMA_CHANNEL_3
2026-08-15 14:00:10,849 [INFO] Argument:325 - Argument : Directionvalue: DMA_PERIPH_TO_MEMORY
2026-08-15 14:00:10,849 [INFO] Argument:335 - Argument : Directionvalue: DMA_PERIPH_TO_MEMORY
2026-08-15 14:00:10,849 [INFO] Argument:325 - Argument : PeriphIncvalue: DMA_PINC_DISABLE
2026-08-15 14:00:10,849 [INFO] Argument:335 - Argument : PeriphIncvalue: DMA_PINC_DISABLE
2026-08-15 14:00:10,849 [INFO] Argument:325 - Argument : MemIncvalue: DMA_MINC_ENABLE
2026-08-15 14:00:10,849 [INFO] Argument:335 - Argument : MemIncvalue: DMA_MINC_ENABLE
2026-08-15 14:00:10,849 [INFO] Argument:325 - Argument : PeriphDataAlignmentvalue: DMA_PDATAALIGN_BYTE
2026-08-15 14:00:10,849 [INFO] Argument:335 - Argument : PeriphDataAlignmentvalue: DMA_PDATAALIGN_BYTE
2026-08-15 14:00:10,849 [INFO] Argument:325 - Argument : MemDataAlignmentvalue: DMA_MDATAALIGN_BYTE
2026-08-15 14:00:10,849 [INFO] Argument:335 - Argument : MemDataAlignmentvalue: DMA_MDATAALIGN_BYTE
2026-08-15 14:00:10,849 [INFO] Argument:325 - Argument : Modevalue: DMA_CIRCULAR
2026-08-15 14:00:10,849 [INFO] Argument:335 - Argument : Modevalue: DMA_CIRCULAR
2026-08-15 14:00:10,849 [INFO] Argument:325 - Argument : Priorityvalue: DMA_PRIORITY_LOW
2026-08-15 14:00:10,849 [INFO] Argument:335 - Argument : Priorityvalue: DMA_PRIORITY_LOW
2026-08-15 14:00:10,849 [INFO] Argument:325 - Argument : FIFOModevalue: DMA_FIFOMODE_DISABLE
2026-08-15 14:00:10,849 [INFO] Argument:335 - Argument : FIFOModevalue: DMA_FIFOMODE_DISABLE
2026-08-15 14:00:10,849 [INFO] Argument:325 - Argument : FIFOThresholdvalue: null
2026-08-15 14:00:10,849 [INFO] Argument:335 - Argument : FIFOThresholdvalue: null
2026-08-15 14:00:10,849 [INFO] Argument:325 - Argument : MemBurstvalue: null
2026-08-15 14:00:10,849 [INFO] Argument:335 - Argument : MemBurstvalue: null
2026-08-15 14:00:10,849 [INFO] Argument:325 - Argument : PeriphBurstvalue: null
2026-08-15 14:00:10,849 [INFO] Argument:335 - Argument : PeriphBurstvalue: null
2026-08-15 14:00:10,849 [INFO] Argument:325 - Argument : Lockvalue: null
2026-08-15 14:00:10,849 [INFO] Argument:335 - Argument : Lockvalue: null
2026-08-15 14:00:10,849 [INFO] Argument:325 - Argument : Statevalue: null
2026-08-15 14:00:10,849 [INFO] Argument:335 - Argument : Statevalue: null
2026-08-15 14:00:10,849 [INFO] Argument:325 - Argument : Parentvalue: null
2026-08-15 14:00:10,849 [INFO] Argument:335 - Argument : Parentvalue: null
2026-08-15 14:00:10,850 [INFO] Argument:325 - Argument : XferCpltCallbackvalue: null
2026-08-15 14:00:10,850 [INFO] Argument:335 - Argument : XferCpltCallbackvalue: null
2026-08-15 14:00:10,850 [INFO] Argument:325 - Argument : XferHalfCpltCallbackvalue: null
2026-08-15 14:00:10,850 [INFO] Argument:335 - Argument : XferHalfCpltCallbackvalue: null
2026-08-15 14:00:10,850 [INFO] Argument:325 - Argument : XferM1CpltCallbackvalue: null
2026-08-15 14:00:10,850 [INFO] Argument:335 - Argument : XferM1CpltCallbackvalue: null
2026-08-15 14:00:10,850 [INFO] Argument:325 - Argument : XferErrorCallbackvalue: null
2026-08-15 14:00:10,850 [INFO] Argument:335 - Argument : XferErrorCallbackvalue: null
2026-08-15 14:00:10,850 [INFO] Argument:325 - Argument : ErrorCodevalue: null
2026-08-15 14:00:10,850 [INFO] Argument:335 - Argument : ErrorCodevalue: null
2026-08-15 14:00:10,900 [INFO] CodeEngine:263 - oldGeneratedFile, /home/thuy/embedded/project/Quadcopter-STM32F4/STM32-Fly_Controller/MXTmpFiles/license.tmp_save
2026-08-15 14:00:10,940 [INFO] CodeEngine:287 - Generated code: /home/thuy/embedded/project/Quadcopter-STM32F4/STM32-Fly_Controller/MXTmpFiles/license.tmp
2026-08-15 14:00:10,949 [INFO] CodeEngine:263 - oldGeneratedFile, /home/thuy/embedded/project/Quadcopter-STM32F4/STM32-Fly_Controller/MXTmpFiles/gpio.tmp_save
2026-08-15 14:00:10,993 [INFO] CodeEngine:287 - Generated code: /home/thuy/embedded/project/Quadcopter-STM32F4/STM32-Fly_Controller/MXTmpFiles/gpio.tmp
2026-08-15 14:00:11,099 [INFO] CodeEngine:263 - oldGeneratedFile, /home/thuy/embedded/project/Quadcopter-STM32F4/STM32-Fly_Controller/MXTmpFiles/dma.tmp_save
2026-08-15 14:00:11,142 [INFO] CodeEngine:287 - Generated code: /home/thuy/embedded/project/Quadcopter-STM32F4/STM32-Fly_Controller/MXTmpFiles/dma.tmp
2026-08-15 14:00:11,143 [INFO] CodeEngine:263 - oldGeneratedFile, /home/thuy/embedded/project/Quadcopter-STM32F4/STM32-Fly_Controller/MXTmpFiles/dma_GV.tmp_save
2026-08-15 14:00:11,177 [INFO] CodeEngine:287 - Generated code: /home/thuy/embedded/project/Quadcopter-STM32F4/STM32-Fly_Controller/MXTmpFiles/dma_GV.tmp
2026-08-15 14:00:11,180 [INFO] CodeEngine:263 - oldGeneratedFile, /home/thuy/embedded/project/Quadcopter-STM32F4/STM32-Fly_Controller/Core/Src/stm32f4xx_it.c_save
2026-08-15 14:00:11,224 [INFO] CodeEngine:287 - Generated code: /home/thuy/embedded/project/Quadcopter-STM32F4/STM32-Fly_Controller/Core/Src/stm32f4xx_it.c
2026-08-15 14:00:11,224 [INFO] CodeEngine:263 - oldGeneratedFile, /home/thuy/embedded/project/Quadcopter-STM32F4/STM32-Fly_Controller/Core/Inc/stm32f4xx_it.h_save
2026-08-15 14:00:11,259 [INFO] CodeEngine:287 - Generated code: /home/thuy/embedded/project/Quadcopter-STM32F4/STM32-Fly_Controller/Core/Inc/stm32f4xx_it.h
2026-08-15 14:00:11,261 [INFO] CodeEngine:263 - oldGeneratedFile, /home/thuy/embedded/project/Quadcopter-STM32F4/STM32-Fly_Controller/Core/Src/stm32f4xx_hal_msp.c_save
2026-08-15 14:00:11,317 [INFO] CodeEngine:287 - Generated code: /home/thuy/embedded/project/Quadcopter-STM32F4/STM32-Fly_Controller/Core/Src/stm32f4xx_hal_msp.c
2026-08-15 14:00:11,318 [INFO] CodeEngine:263 - oldGeneratedFile, /home/thuy/embedded/project/Quadcopter-STM32F4/STM32-Fly_Controller/MXTmpFiles/system.tmp_save
2026-08-15 14:00:11,354 [INFO] CodeEngine:287 - Generated code: /home/thuy/embedded/project/Quadcopter-STM32F4/STM32-Fly_Controller/MXTmpFiles/system.tmp
2026-08-15 14:00:11,355 [INFO] CodeEngine:319 - oldGeneratedFile, /home/thuy/embedded/project/Quadcopter-STM32F4/STM32-Fly_Controller/Core/Inc/stm32f4xx_hal_conf.h_save
2026-08-15 14:00:11,397 [INFO] CodeEngine:343 - Generated code: /home/thuy/embedded/project/Quadcopter-STM32F4/STM32-Fly_Controller/Core/Inc/stm32f4xx_hal_conf.h
2026-08-15 14:00:11,405 [WARN] IPConfigManager:3747 - IP not found : TIM
2026-08-15 14:00:11,405 [WARN] CodeGenerator:4198 - IP not found : null
2026-08-15 14:00:11,406 [INFO] CodeEngine:263 - oldGeneratedFile, /home/thuy/embedded/project/Quadcopter-STM32F4/STM32-Fly_Controller/Core/Inc/main.h_save
2026-08-15 14:00:11,445 [INFO] CodeEngine:287 - Generated code: /home/thuy/embedded/project/Quadcopter-STM32F4/STM32-Fly_Controller/Core/Inc/main.h
2026-08-15 14:00:11,446 [INFO] CodeEngine:263 - oldGeneratedFile, /home/thuy/embedded/project/Quadcopter-STM32F4/STM32-Fly_Controller/Core/Src/main.c_save
2026-08-15 14:00:11,509 [INFO] CodeEngine:287 - Generated code: /home/thuy/embedded/project/Quadcopter-STM32F4/STM32-Fly_Controller/Core/Src/main.c
2026-08-15 14:00:11,646 [INFO] ProjectBuilder:3324 - Time for Copy HAL[1] : 11mS.
2026-08-15 14:00:11,647 [INFO] ProjectBuilder:4912 - Project Generator version: 4.6.0-B36
2026-08-15 14:00:11,702 [INFO] ConfigFileManager:1590 - The Die is : DIE431
2026-08-15 14:00:11,986 [INFO] ProjectBuilder:5191 - Time for Generating toolchain IDE Files: 339mS.
2026-08-15 14:00:11,986 [INFO] ProjectBuilder:3181 - Time for Copy CMSIS : 0mS.
2026-08-15 14:00:11,986 [INFO] ProjectBuilder:3181 - Time for Copy CMSIS : 0mS.
2026-08-15 14:00:31,447 [ERROR] LogOutputStream:75 - [STDERR_REDIRECT] Aug 15, 2026 2:00:31 PM java.util.prefs.FileSystemPreferences checkLockFile0ErrorCode
2026-08-15 14:00:31,447 [ERROR] LogOutputStream:75 - [STDERR_REDIRECT] WARNING: Could not lock System prefs. Unix error code 2.
2026-08-15 14:00:31,447 [ERROR] LogOutputStream:75 - [STDERR_REDIRECT] 
2026-08-15 14:00:31,447 [ERROR] LogOutputStream:75 - [STDERR_REDIRECT] Aug 15, 2026 2:00:31 PM java.util.prefs.FileSystemPreferences syncWorld
2026-08-15 14:00:31,447 [ERROR] LogOutputStream:75 - [STDERR_REDIRECT] WARNING: Couldn't flush system prefs: java.util.prefs.BackingStoreException: Couldn't get file lock.
2026-08-15 14:00:31,447 [ERROR] LogOutputStream:75 - [STDERR_REDIRECT] 
2026-08-15 14:01:01,445 [ERROR] LogOutputStream:75 - [STDERR_REDIRECT] Aug 15, 2026 2:01:01 PM java.util.prefs.FileSystemPreferences checkLockFile0ErrorCode
2026-08-15 14:01:01,445 [ERROR] LogOutputStream:75 - [STDERR_REDIRECT] WARNING: Could not lock System prefs. Unix error code 2.
2026-08-15 14:01:01,446 [ERROR] LogOutputStream:75 - [STDERR_REDIRECT] 
2026-08-15 14:01:01,446 [ERROR] LogOutputStream:75 - [STDERR_REDIRECT] Aug 15, 2026 2:01:01 PM java.util.prefs.FileSystemPreferences syncWorld
2026-08-15 14:01:01,446 [ERROR] LogOutputStream:75 - [STDERR_REDIRECT] WARNING: Couldn't flush system prefs: java.util.prefs.BackingStoreException: Couldn't get file lock.
2026-08-15 14:01:01,446 [ERROR] LogOutputStream:75 - [STDERR_REDIRECT] 
2026-08-15 14:01:06,793 [ERROR] LogOutputStream:75 - [STDERR_REDIRECT] 
2026-08-15 14:01:06,793 [ERROR] LogOutputStream:75 - [STDERR_REDIRECT] 
2026-08-15 14:01:42,172 [INFO] Activator:176 - 


2026-08-15 14:01:42,173 [INFO] Activator:177 - !SESSION log4j initialized
2026-08-15 14:01:44,779 [INFO] LogOutputStream:77 - [STDOUT_REDIRECT] 
2026-08-15 14:01:45,281 [INFO] ApplicationProperties:184 - Using Application install path: /opt/st/stm32cubeide_1.18.0/plugins/com.st.stm32cube.common.mx_6.14.0.202502271554
2026-08-15 14:01:45,295 [INFO] DbMcusXml:78 - Set database path to: /opt/st/stm32cubeide_1.18.0/plugins/com.st.stm32cube.common.mx_6.14.0.202502271554//db//mcu/
2026-08-15 14:01:45,295 [INFO] ApiDb:274 - Set plugin database path to: /opt/st/stm32cubeide_1.18.0/plugins/com.st.stm32cube.common.mx_6.14.0.202502271554//db//plugins/boardmanager/
2026-08-15 14:01:45,295 [WARN] ApiDb:259 - Overriding images path with different value:  => /opt/st/stm32cubeide_1.18.0/plugins/com.st.stm32cube.common.mx_6.14.0.202502271554//db//plugins/mcufinder/images/
2026-08-15 14:01:45,298 [INFO] ApiDb:250 - Set database path to: /home/thuy/.stmcufinder/plugins/mcufinder//mcu/
2026-08-15 14:01:45,299 [INFO] DbMcusAds:125 - Set database path to: /home/thuy/.stmcufinder/plugins/mcufinder//mcu/
2026-08-15 14:01:45,300 [INFO] CrossReferenceDbSqlite:203 - Set database path to: /home/thuy/.stmcufinder/plugins/mcufinder//mcu/cs/
2026-08-15 14:01:45,378 [INFO] RulesReader:64 - Compatibility file has been processed (301 Rules)
2026-08-15 14:01:45,415 [INFO] DbMcusXml:78 - Set database path to: /opt/st/stm32cubeide_1.18.0/plugins/com.st.stm32cube.common.mx_6.14.0.202502271554//db//mcu/
2026-08-15 14:01:45,415 [INFO] ApiDb:274 - Set plugin database path to: /opt/st/stm32cubeide_1.18.0/plugins/com.st.stm32cube.common.mx_6.14.0.202502271554//db//plugins/boardmanager/
2026-08-15 14:01:45,415 [INFO] ApiDb:261 - Set plugin images path to: /opt/st/stm32cubeide_1.18.0/plugins/com.st.stm32cube.common.mx_6.14.0.202502271554//db//plugins/mcufinder/images/
2026-08-15 14:01:45,415 [WARN] DbFile:41 - Overriding database path with different value: /home/thuy/.stmcufinder/plugins/mcufinder/ => /home/thuy/.stmcufinder/plugins/mcufinder
2026-08-15 14:01:45,416 [INFO] ApiDb:250 - Set database path to: /home/thuy/.stmcufinder/plugins/mcufinder//mcu/
2026-08-15 14:01:45,416 [WARN] DbFile:41 - Overriding database path with different value: /home/thuy/.stmcufinder/plugins/mcufinder/ => /home/thuy/.stmcufinder/plugins/mcufinder
2026-08-15 14:01:45,416 [INFO] DbMcusAds:125 - Set database path to: /home/thuy/.stmcufinder/plugins/mcufinder//mcu/
2026-08-15 14:01:45,416 [WARN] DbFile:41 - Overriding database path with different value: /home/thuy/.stmcufinder/plugins/mcufinder/ => /home/thuy/.stmcufinder/plugins/mcufinder
2026-08-15 14:01:45,416 [WARN] DbFile:41 - Overriding database path with different value: /home/thuy/.stmcufinder/plugins/mcufinder/ => /home/thuy/.stmcufinder/plugins/mcufinder
2026-08-15 14:01:45,416 [INFO] CrossReferenceDbSqlite:203 - Set database path to: /home/thuy/.stmcufinder/plugins/mcufinder//mcu/cs/
2026-08-15 14:01:45,452 [INFO] MainPanel:272 - HeapMemory: 268435456
2026-08-15 14:01:45,527 [INFO] DbMcusXml:78 - Set database path to: /opt/st/stm32cubeide_1.18.0/plugins/com.st.stm32cube.common.mx_6.14.0.202502271554//db//mcu/
2026-08-15 14:01:45,527 [INFO] ApiDb:274 - Set plugin database path to: /opt/st/stm32cubeide_1.18.0/plugins/com.st.stm32cube.common.mx_6.14.0.202502271554//db//plugins/boardmanager/
2026-08-15 14:01:45,527 [INFO] ApiDb:261 - Set plugin images path to: /opt/st/stm32cubeide_1.18.0/plugins/com.st.stm32cube.common.mx_6.14.0.202502271554//db//plugins/mcufinder/images/
2026-08-15 14:01:45,528 [WARN] DbFile:41 - Overriding database path with different value: /home/thuy/.stmcufinder/plugins/mcufinder/ => /home/thuy/.stmcufinder/plugins/mcufinder
2026-08-15 14:01:45,528 [INFO] ApiDb:250 - Set database path to: /home/thuy/.stmcufinder/plugins/mcufinder//mcu/
2026-08-15 14:01:45,528 [WARN] DbFile:41 - Overriding database path with different value: /home/thuy/.stmcufinder/plugins/mcufinder/ => /home/thuy/.stmcufinder/plugins/mcufinder
2026-08-15 14:01:45,528 [INFO] DbMcusAds:125 - Set database path to: /home/thuy/.stmcufinder/plugins/mcufinder//mcu/
2026-08-15 14:01:45,528 [WARN] DbFile:41 - Overriding database path with different value: /home/thuy/.stmcufinder/plugins/mcufinder/ => /home/thuy/.stmcufinder/plugins/mcufinder
2026-08-15 14:01:45,528 [WARN] DbFile:41 - Overriding database path with different value: /home/thuy/.stmcufinder/plugins/mcufinder/ => /home/thuy/.stmcufinder/plugins/mcufinder
2026-08-15 14:01:45,528 [INFO] CrossReferenceDbSqlite:203 - Set database path to: /home/thuy/.stmcufinder/plugins/mcufinder//mcu/cs/
2026-08-15 14:01:45,539 [INFO] ApplicationProperties:184 - Using Application install path: /opt/st/stm32cubeide_1.18.0/plugins/com.st.stm32cube.common.mx_6.14.0.202502271554
2026-08-15 14:01:45,540 [INFO] PluginManage:196 - Search for loadable plugins [exclusion list=, ]
2026-08-15 14:01:45,541 [INFO] PluginManage:310 - Check plugin analytics
2026-08-15 14:01:45,639 [INFO] AnalyticsPlugin:253 - Accepted Software Licenses: STM32CubeMX.6.17.0
2026-08-15 14:01:45,639 [INFO] AnalyticsPlugin:255 - Accepted CMSIS Pack Licenses: 
2026-08-15 14:01:45,639 [INFO] AnalyticsPlugin:257 - Accepted Firmware Licenses: FW.F1.1.8.7,FW.F4.1.28.0,FW.F4.1.28.3
2026-08-15 14:01:45,640 [INFO] PluginManage:359 - Loaded plugin analytics (category:tool,tabindex:-1)
2026-08-15 14:01:45,640 [INFO] PluginManage:310 - Check plugin cadmodel
2026-08-15 14:01:45,642 [INFO] CADModel:105 - Init CAD model plugin
2026-08-15 14:01:45,643 [INFO] PluginManage:359 - Loaded plugin cadmodel (category:power,tabindex:5)
2026-08-15 14:01:45,643 [INFO] PluginManage:310 - Check plugin clock
2026-08-15 14:01:45,647 [INFO] PluginManage:359 - Loaded plugin clock (category:base,tabindex:2)
2026-08-15 14:01:45,647 [INFO] PluginManage:310 - Check plugin ddr
2026-08-15 14:01:45,648 [INFO] PluginManage:359 - Loaded plugin ddr (category:tool,tabindex:6)
2026-08-15 14:01:45,649 [INFO] PluginManage:310 - Check plugin filemanager
2026-08-15 14:01:45,733 [INFO] PluginManage:359 - Loaded plugin filemanager (category:base,tabindex:10)
2026-08-15 14:01:45,733 [INFO] PluginManage:310 - Check plugin ipmanager
2026-08-15 14:01:45,736 [INFO] PluginManage:359 - Loaded plugin ipmanager (category:base,tabindex:5)
2026-08-15 14:01:45,736 [INFO] PluginManage:310 - Check plugin lpbam
2026-08-15 14:01:45,742 [INFO] PluginManage:359 - Loaded plugin lpbam (category:base,tabindex:0)
2026-08-15 14:01:45,742 [INFO] PluginManage:310 - Check plugin memorymap
2026-08-15 14:01:45,748 [INFO] PluginManage:359 - Loaded plugin memorymap (category:base,tabindex:4)
2026-08-15 14:01:45,748 [INFO] PluginManage:310 - Check plugin pinoutandconfiguration
2026-08-15 14:01:45,752 [INFO] PluginManage:359 - Loaded plugin pinoutandconfiguration (category:base,tabindex:1)
2026-08-15 14:01:45,752 [INFO] PluginManage:310 - Check plugin pinoutconfig
2026-08-15 14:01:45,808 [WARN] SupportedApi:132 - Cannot load RTOS API schema: s4s-elt-must-match.1: The content of 'definitions' must match (annotation?, (simpleType | complexType)?, (unique | key | keyref)*)). A problem was found starting at: attribute.
2026-08-15 14:01:45,900 [INFO] PluginManage:359 - Loaded plugin pinoutconfig (category:base,tabindex:0)
2026-08-15 14:01:45,900 [INFO] PluginManage:310 - Check plugin power
2026-08-15 14:01:45,905 [INFO] PluginManage:359 - Loaded plugin power (category:power,tabindex:4)
2026-08-15 14:01:45,906 [INFO] PluginManage:310 - Check plugin projectmanager
2026-08-15 14:01:45,915 [INFO] PluginManage:359 - Loaded plugin projectmanager (category:projectmanager,tabindex:4)
2026-08-15 14:01:45,915 [INFO] PluginManage:310 - Check plugin rif
2026-08-15 14:01:45,919 [INFO] PluginManage:359 - Loaded plugin rif (category:base,tabindex:3)
2026-08-15 14:01:45,919 [INFO] PluginManage:310 - Check plugin thirdparty
2026-08-15 14:01:45,990 [INFO] PluginManage:359 - Loaded plugin thirdparty (category:base,tabindex:-1)
2026-08-15 14:01:45,989 [WARN] IntegrityCheckThread:84 - waiting for thirdparty lock release [integrity check]
2026-08-15 14:01:45,990 [INFO] IntegrityCheckThread:86 - entering critical section [integrity check]
2026-08-15 14:01:45,990 [INFO] PluginManage:310 - Check plugin tools
2026-08-15 14:01:45,990 [INFO] ThirdPartyUpdaterWithRetryManager:70 - Updater plugin not ready yet. [1/15]
2026-08-15 14:01:45,991 [INFO] PluginManage:359 - Loaded plugin tools (category:base,tabindex:7)
2026-08-15 14:01:45,991 [INFO] PluginManage:310 - Check plugin tutovideos
2026-08-15 14:01:46,082 [INFO] PluginManage:359 - Loaded plugin tutovideos (category:base,tabindex:-1)
2026-08-15 14:01:46,082 [INFO] PluginManage:310 - Check plugin updater
2026-08-15 14:01:46,097 [INFO] PluginManage:359 - Loaded plugin updater (category:base,tabindex:12)
2026-08-15 14:01:46,097 [INFO] PluginManage:310 - Check plugin userauth
2026-08-15 14:01:46,099 [INFO] UserAuth:118 - Init User Auth plugin
2026-08-15 14:01:46,100 [INFO] PluginManage:359 - Loaded plugin userauth (category:base,tabindex:14)
2026-08-15 14:01:46,100 [INFO] PluginManage:283 - PluginManage : Loaded plugins [18]
2026-08-15 14:01:46,212 [INFO] PinOutPanel:1589 - setPackage(No Configuration,No Configuration)
2026-08-15 14:01:46,253 [INFO] CADModel:165 - CPN selected for project level
2026-08-15 14:01:46,253 [INFO] CADModel:114 - Register for checkConnection events
2026-08-15 14:01:46,262 [INFO] IPUIPlugin:80 - create IPUIPlugin
2026-08-15 14:01:46,262 [INFO] PluginManager:220 - loadIPPluginJar : add freertos
2026-08-15 14:01:46,263 [INFO] IPUIPlugin:80 - create IPUIPlugin
2026-08-15 14:01:46,263 [INFO] PluginManager:220 - loadIPPluginJar : add quadspi
2026-08-15 14:01:46,265 [INFO] IPUIPlugin:80 - create IPUIPlugin
2026-08-15 14:01:46,266 [INFO] PluginManager:220 - loadIPPluginJar : add i2s
2026-08-15 14:01:46,267 [INFO] IPUIPlugin:80 - create IPUIPlugin
2026-08-15 14:01:46,267 [INFO] PluginManager:220 - loadIPPluginJar : add touchsensing
2026-08-15 14:01:46,269 [INFO] IPUIPlugin:80 - create IPUIPlugin
2026-08-15 14:01:46,269 [INFO] PluginManager:220 - loadIPPluginJar : add ipddr
2026-08-15 14:01:46,271 [INFO] IPUIPlugin:80 - create IPUIPlugin
2026-08-15 14:01:46,271 [INFO] PluginManager:220 - loadIPPluginJar : add pdm2pcm
2026-08-15 14:01:46,272 [INFO] IPUIPlugin:80 - create IPUIPlugin
2026-08-15 14:01:46,272 [INFO] PluginManager:220 - loadIPPluginJar : add dfsdm
2026-08-15 14:01:46,277 [INFO] IPUIPlugin:80 - create IPUIPlugin
2026-08-15 14:01:46,278 [INFO] PluginManager:220 - loadIPPluginJar : add stm32_wpan
2026-08-15 14:01:46,280 [INFO] IPUIPlugin:80 - create IPUIPlugin
2026-08-15 14:01:46,280 [INFO] PluginManager:220 - loadIPPluginJar : add nvic
2026-08-15 14:01:46,283 [INFO] IPUIPlugin:80 - create IPUIPlugin
2026-08-15 14:01:46,283 [INFO] PluginManager:220 - loadIPPluginJar : add gpio
2026-08-15 14:01:46,285 [INFO] IPUIPlugin:80 - create IPUIPlugin
2026-08-15 14:01:46,285 [INFO] PluginManager:220 - loadIPPluginJar : add usbx
2026-08-15 14:01:46,287 [INFO] IPUIPlugin:80 - create IPUIPlugin
2026-08-15 14:01:46,287 [INFO] PluginManager:220 - loadIPPluginJar : add sai
2026-08-15 14:01:46,288 [INFO] IPUIPlugin:80 - create IPUIPlugin
2026-08-15 14:01:46,288 [INFO] PluginManager:220 - loadIPPluginJar : add fatfs
2026-08-15 14:01:46,289 [INFO] IPUIPlugin:80 - create IPUIPlugin
2026-08-15 14:01:46,290 [INFO] PluginManager:220 - loadIPPluginJar : add opamp
2026-08-15 14:01:46,291 [INFO] IPUIPlugin:80 - create IPUIPlugin
2026-08-15 14:01:46,291 [INFO] PluginManager:220 - loadIPPluginJar : add spi
2026-08-15 14:01:46,292 [INFO] IPUIPlugin:80 - create IPUIPlugin
2026-08-15 14:01:46,292 [INFO] PluginManager:220 - loadIPPluginJar : add tsc
2026-08-15 14:01:46,294 [INFO] IPUIPlugin:80 - create IPUIPlugin
2026-08-15 14:01:46,294 [INFO] PluginManager:220 - loadIPPluginJar : add resmgrutility
2026-08-15 14:01:46,295 [INFO] IPUIPlugin:80 - create IPUIPlugin
2026-08-15 14:01:46,295 [INFO] PluginManager:220 - loadIPPluginJar : add can
2026-08-15 14:01:46,296 [INFO] IPUIPlugin:80 - create IPUIPlugin
2026-08-15 14:01:46,296 [INFO] PluginManager:220 - loadIPPluginJar : add ts
2026-08-15 14:01:46,300 [INFO] IPUIPlugin:80 - create IPUIPlugin
2026-08-15 14:01:46,302 [INFO] PluginManager:220 - loadIPPluginJar : add plateformsettings
2026-08-15 14:01:46,303 [INFO] IPUIPlugin:80 - create IPUIPlugin
2026-08-15 14:01:46,303 [INFO] PluginManager:220 - loadIPPluginJar : add tracer_emb
2026-08-15 14:01:46,304 [INFO] IPUIPlugin:80 - create IPUIPlugin
2026-08-15 14:01:46,304 [INFO] PluginManager:220 - loadIPPluginJar : add hash
2026-08-15 14:01:46,306 [INFO] IPUIPlugin:80 - create IPUIPlugin
2026-08-15 14:01:46,306 [INFO] PluginManager:220 - loadIPPluginJar : add i2c
2026-08-15 14:01:46,307 [INFO] IPUIPlugin:80 - create IPUIPlugin
2026-08-15 14:01:46,307 [INFO] PluginManager:220 - loadIPPluginJar : add i3c
2026-08-15 14:01:46,312 [INFO] IPUIPlugin:80 - create IPUIPlugin
2026-08-15 14:01:46,312 [INFO] PluginManager:220 - loadIPPluginJar : add adc
2026-08-15 14:01:46,313 [INFO] IPUIPlugin:80 - create IPUIPlugin
2026-08-15 14:01:46,313 [INFO] PluginManager:220 - loadIPPluginJar : add ltdc
2026-08-15 14:01:46,318 [INFO] IPUIPlugin:80 - create IPUIPlugin
2026-08-15 14:01:46,318 [INFO] PluginManager:220 - loadIPPluginJar : add mdma
2026-08-15 14:01:46,319 [INFO] IPUIPlugin:80 - create IPUIPlugin
2026-08-15 14:01:46,319 [INFO] PluginManager:220 - loadIPPluginJar : add aes
2026-08-15 14:01:46,322 [INFO] IPUIPlugin:80 - create IPUIPlugin
2026-08-15 14:01:46,322 [INFO] PluginManager:220 - loadIPPluginJar : add fmc
2026-08-15 14:01:46,323 [INFO] IPUIPlugin:80 - create IPUIPlugin
2026-08-15 14:01:46,323 [INFO] PluginManager:220 - loadIPPluginJar : add radio
2026-08-15 14:01:46,324 [INFO] IPUIPlugin:80 - create IPUIPlugin
2026-08-15 14:01:46,324 [INFO] PluginManager:220 - loadIPPluginJar : add cryp
2026-08-15 14:01:46,326 [INFO] IPUIPlugin:80 - create IPUIPlugin
2026-08-15 14:01:46,326 [INFO] PluginManager:220 - loadIPPluginJar : add openamp
2026-08-15 14:01:46,326 [INFO] IPUIPlugin:80 - create IPUIPlugin
2026-08-15 14:01:46,326 [INFO] PluginManager:220 - loadIPPluginJar : add comp
2026-08-15 14:01:46,327 [INFO] IPUIPlugin:80 - create IPUIPlugin
2026-08-15 14:01:46,327 [INFO] PluginManager:220 - loadIPPluginJar : add gfxmmu
2026-08-15 14:01:46,329 [INFO] IPUIPlugin:80 - create IPUIPlugin
2026-08-15 14:01:46,329 [INFO] PluginManager:220 - loadIPPluginJar : add gtzc
2026-08-15 14:01:46,332 [INFO] IPUIPlugin:80 - create IPUIPlugin
2026-08-15 14:01:46,332 [INFO] PluginManager:220 - loadIPPluginJar : add gic
2026-08-15 14:01:46,334 [INFO] IPUIPlugin:80 - create IPUIPlugin
2026-08-15 14:01:46,334 [INFO] PluginManager:220 - loadIPPluginJar : add lorawan
2026-08-15 14:01:46,335 [INFO] IPUIPlugin:80 - create IPUIPlugin
2026-08-15 14:01:46,335 [INFO] PluginManager:220 - loadIPPluginJar : add usart
2026-08-15 14:01:46,336 [INFO] IPUIPlugin:80 - create IPUIPlugin
2026-08-15 14:01:46,336 [INFO] PluginManager:220 - loadIPPluginJar : add tim
2026-08-15 14:01:46,338 [INFO] IPUIPlugin:80 - create IPUIPlugin
2026-08-15 14:01:46,338 [INFO] PluginManager:220 - loadIPPluginJar : add ddr_ctrl_phy
2026-08-15 14:01:46,339 [INFO] IPUIPlugin:80 - create IPUIPlugin
2026-08-15 14:01:46,340 [INFO] PluginManager:220 - loadIPPluginJar : add extmemmanager
2026-08-15 14:01:46,341 [INFO] IPUIPlugin:80 - create IPUIPlugin
2026-08-15 14:01:46,341 [INFO] PluginManager:220 - loadIPPluginJar : add dma3
2026-08-15 14:01:46,342 [INFO] IPUIPlugin:80 - create IPUIPlugin
2026-08-15 14:01:46,342 [INFO] PluginManager:220 - loadIPPluginJar : add ucpd
2026-08-15 14:01:46,345 [INFO] IPUIPlugin:80 - create IPUIPlugin
2026-08-15 14:01:46,346 [INFO] PluginManager:220 - loadIPPluginJar : add dma
2026-08-15 14:01:46,346 [INFO] IPUIPlugin:80 - create IPUIPlugin
2026-08-15 14:01:46,346 [INFO] PluginManager:220 - loadIPPluginJar : add genericplugin
2026-08-15 14:01:46,351 [INFO] IPUIPlugin:80 - create IPUIPlugin
2026-08-15 14:01:46,351 [INFO] PluginManager:220 - loadIPPluginJar : add linkedlist
2026-08-15 14:01:46,443 [FATAL] Updater:351 - Updater called before beeing initialized
2026-08-15 14:01:46,459 [INFO] RulesReader:64 - Compatibility file has been processed (301 Rules)
2026-08-15 14:01:46,465 [INFO] RulesReader:64 - Compatibility file has been processed (301 Rules)
2026-08-15 14:01:46,469 [INFO] CADModel:165 - CPN selected for project level
2026-08-15 14:01:46,469 [INFO] CADModel:114 - Register for checkConnection events
2026-08-15 14:01:46,470 [FATAL] Updater:351 - Updater called before beeing initialized
2026-08-15 14:01:46,470 [ERROR] CADModel:125 - Updater not yet initialized, retry later 
2026-08-15 14:01:46,546 [FATAL] Updater:351 - Updater called before beeing initialized
2026-08-15 14:01:46,547 [INFO] CADModel:165 - CPN selected for project level
2026-08-15 14:01:46,547 [INFO] CADModel:114 - Register for checkConnection events
2026-08-15 14:01:46,547 [FATAL] Updater:351 - Updater called before beeing initialized
2026-08-15 14:01:46,547 [ERROR] CADModel:125 - Updater not yet initialized, retry later 
2026-08-15 14:01:46,549 [FATAL] Updater:351 - Updater called before beeing initialized
2026-08-15 14:01:46,613 [FATAL] Updater:351 - Updater called before beeing initialized
2026-08-15 14:01:46,616 [INFO] DbMcusAds:53 - JSON generation date=Wed Jul 15 16:44:54 ICT 2026 (1784108694001)
2026-08-15 14:01:46,616 [FATAL] Updater:351 - Updater called before beeing initialized
2026-08-15 14:01:46,637 [WARN] DetailPanel:346 - Failed to get advertising image, set to default
2026-08-15 14:01:46,803 [FATAL] Updater:351 - Updater called before beeing initialized
2026-08-15 14:01:46,804 [FATAL] Updater:351 - Updater called before beeing initialized
2026-08-15 14:01:46,804 [FATAL] Updater:351 - Updater called before beeing initialized
2026-08-15 14:01:46,804 [WARN] DetailPanel:346 - Failed to get advertising image, set to default
2026-08-15 14:01:46,805 [FATAL] Updater:351 - Updater called before beeing initialized
2026-08-15 14:01:46,825 [ERROR] Updater:1198 - MainUpdater not yet initialized. External WinMGr cannot be set.
2026-08-15 14:01:46,827 [INFO] Updater:1134 - Updater Version found : 6.14.0
2026-08-15 14:01:46,841 [INFO] ApplicationProperties:184 - Using Application install path: /opt/st/stm32cubeide_1.18.0/plugins/com.st.stm32cube.common.mx_6.14.0.202502271554
2026-08-15 14:01:46,851 [ERROR] LogOutputStream:75 - [STDERR_REDIRECT] Aug 15, 2026 2:01:46 PM java.util.prefs.FileSystemPreferences$2 run
2026-08-15 14:01:46,852 [ERROR] LogOutputStream:75 - [STDERR_REDIRECT] WARNING: Could not create system preferences directory. System preferences are unusable.
2026-08-15 14:01:46,852 [ERROR] LogOutputStream:75 - [STDERR_REDIRECT] 
2026-08-15 14:01:47,133 [INFO] MainUpdater:2872 - connection check result : 10
2026-08-15 14:01:47,133 [INFO] MainUpdater:289 - Updater Check For Update Now.
2026-08-15 14:01:47,133 [INFO] MicroXplorer:498 - Change Database Version : DB.6.0.140
2026-08-15 14:01:47,136 [INFO] McuFinderGlobals:63 - Set McuFinder mode to 2 (CubeIDE integrated)
2026-08-15 14:01:47,136 [INFO] UserAuth:171 - activating auth plugin
2026-08-15 14:01:47,138 [INFO] UserAuth:486 - Internet connection configuration mode: 1
2026-08-15 14:01:47,147 [INFO] JxBrowserEngine:152 - Initiate JxBrowser Engine with user profile folder
2026-08-15 14:01:47,286 [INFO] CheckServerUpdateThread:120 - End of CheckServer Thread
2026-08-15 14:01:47,529 [INFO] WebApp:169 - Instantiating new browser for Auth
2026-08-15 14:01:47,927 [INFO] WebApp:463 - Apply proxy settings
2026-08-15 14:01:47,928 [INFO] WebApp:548 - Chromium requires no authentication
2026-08-15 14:01:47,932 [INFO] WebApp:491 - Direct internet connection detected
2026-08-15 14:01:47,943 [INFO] WebApp:894 - Register for checkConnection events
2026-08-15 14:01:47,943 [INFO] WebApp:463 - Apply proxy settings
2026-08-15 14:01:47,943 [INFO] WebApp:548 - Chromium requires no authentication
2026-08-15 14:01:47,944 [INFO] WebApp:491 - Direct internet connection detected
2026-08-15 14:01:48,021 [INFO] WebApp:225 - Starting web application
2026-08-15 14:01:48,021 [INFO] WebApp:593 - Web application path used /opt/st/stm32cubeide_1.18.0/plugins/com.st.stm32cube.common.mx_6.14.0.202502271554/db/plugins/mcufinder/reactClient1/index.html
2026-08-15 14:01:48,896 [INFO] WebApp:191 - Connection restablished
2026-08-15 14:01:49,088 [WARN] PackLoader:240 - Cannot read IP mode file for STMicroelectronics.X-CUBE-AZRTOS-H7.3.5.0
2026-08-15 14:01:49,095 [WARN] PackLoader:240 - Cannot read IP mode file for STMicroelectronics.FP-ATR-ASTRA1.2.0.3
2026-08-15 14:01:49,097 [WARN] PackLoader:240 - Cannot read IP mode file for STMicroelectronics.FP-ATR-ASTRA1.2.0.2
2026-08-15 14:01:49,101 [ERROR] Engine:466 - /home/thuy/.stm32cubemx/thirdparties/pdsc/STMicroelectronics.X-CUBE-SMBUS.2.1.1.pdsc: PDSC version is not supported
2026-08-15 14:01:49,129 [WARN] PackLoader:240 - Cannot read IP mode file for STMicroelectronics.X-CUBE-AZRTOS-F7.1.1.0
2026-08-15 14:01:49,135 [ERROR] Engine:466 - /home/thuy/.stm32cubemx/thirdparties/pdsc/STMicroelectronics.X-CUBE-FREERTOS.1.6.0.pdsc: PDSC version is not supported
2026-08-15 14:01:49,137 [ERROR] Engine:466 - /home/thuy/.stm32cubemx/thirdparties/pdsc/STMicroelectronics.FP-SNS-MOTENV1.5.1.0.pdsc: PDSC version is not supported
2026-08-15 14:01:49,162 [WARN] PackLoader:240 - Cannot read IP mode file for STMicroelectronics.X-CUBE-AZRTOS-H7RS.1.3.0
2026-08-15 14:01:49,170 [ERROR] Engine:466 - /home/thuy/.stm32cubemx/thirdparties/pdsc/WES.I-CUBE-Cesium.1.4.0.pdsc: PDSC version is not supported
2026-08-15 14:01:49,195 [WARN] PackLoader:240 - Cannot read IP mode file for STMicroelectronics.X-CUBE-DISPLAY.3.0.0
2026-08-15 14:01:49,212 [WARN] PackLoader:240 - Cannot read IP mode file for STMicroelectronics.X-CUBE-GNSS1.7.1.1
2026-08-15 14:01:49,219 [ERROR] Engine:466 - /home/thuy/.stm32cubemx/thirdparties/pdsc/STMicroelectronics.FP-SNS-MOTENVWB1.1.5.0.pdsc: PDSC version is not supported
2026-08-15 14:01:49,222 [WARN] PackLoader:240 - Cannot read IP mode file for wolfSSL.I-CUBE-wolfSSL.5.9.1
2026-08-15 14:01:49,227 [WARN] PackLoader:240 - Cannot read IP mode file for STMicroelectronics.X-CUBE-NFC10.1.0.0
2026-08-15 14:01:49,233 [WARN] PackLoader:240 - Cannot read IP mode file for STMicroelectronics.X-CUBE-ST60.1.1.0
2026-08-15 14:01:49,238 [WARN] PackLoader:240 - Cannot read IP mode file for emotas.I-CUBE-CANOPEN.1.3.0
2026-08-15 14:01:49,242 [ERROR] Engine:466 - /home/thuy/.stm32cubemx/thirdparties/pdsc/STMicroelectronics.X-CUBE-WBA.1.1.0.pdsc: PDSC version is not supported
2026-08-15 14:01:49,245 [ERROR] Engine:466 - /home/thuy/.stm32cubemx/thirdparties/pdsc/STMicroelectronics.FP-SNS-STBOX1.2.1.0.pdsc: PDSC version is not supported
2026-08-15 14:01:49,249 [WARN] PackLoader:240 - Cannot read IP mode file for STMicroelectronics.FP-SNS-SMARTAG2.1.2.0
2026-08-15 14:01:49,252 [WARN] PackLoader:240 - Cannot read IP mode file for STMicroelectronics.FP-SNS-FLIGHT1.5.1.0
2026-08-15 14:01:49,258 [INFO] LogOutputStream:77 - [STDOUT_REDIRECT] 1 : Invalid condition id : UX_CORESTACK_Condition cause : null
2026-08-15 14:01:49,259 [INFO] LogOutputStream:77 - [STDOUT_REDIRECT] 1 : Invalid condition id : UX_CORESTACK_Condition cause : null
2026-08-15 14:01:49,259 [INFO] LogOutputStream:77 - [STDOUT_REDIRECT] 1 : Invalid condition id : UX_CORESTACK_Condition cause : null
2026-08-15 14:01:49,260 [INFO] LogOutputStream:77 - [STDOUT_REDIRECT] 1 : Invalid condition id : UX_CORESTACK_Condition cause : null
2026-08-15 14:01:49,260 [INFO] LogOutputStream:77 - [STDOUT_REDIRECT] 1 : Invalid condition id : UX_CORESTACK_Condition cause : null
2026-08-15 14:01:49,263 [WARN] PackLoader:240 - Cannot read IP mode file for STMicroelectronics.X-CUBE-AZRTOS-WL.2.0.0
2026-08-15 14:01:49,267 [WARN] PackLoader:240 - Cannot read IP mode file for STMicroelectronics.X-CUBE-BLE2.3.3.0
2026-08-15 14:01:49,292 [WARN] PackLoader:240 - Cannot read IP mode file for Infineon.AIROC-Wi-Fi-Bluetooth-STM32.1.8.0
2026-08-15 14:01:49,299 [WARN] PackLoader:240 - Cannot read IP mode file for STMicroelectronics.X-CUBE-NFC9.1.0.0
2026-08-15 14:01:49,302 [WARN] PackLoader:240 - Cannot read IP mode file for STMicroelectronics.X-CUBE-BLE1.7.1.0
2026-08-15 14:01:49,305 [WARN] PackLoader:240 - Cannot read IP mode file for wolfSSL.I-CUBE-wolfMQTT.1.19.2
2026-08-15 14:01:49,309 [WARN] PackLoader:240 - Cannot read IP mode file for STMicroelectronics.X-CUBE-EEPRMA1.5.2.0
2026-08-15 14:01:49,315 [ERROR] Engine:466 - /home/thuy/.stm32cubemx/thirdparties/pdsc/STMicroelectronics.FP-SNS-STAIOTCFT.1.1.0.pdsc: PDSC version is not supported
2026-08-15 14:01:49,327 [WARN] PackLoader:240 - Cannot read IP mode file for STMicroelectronics.X-CUBE-AZRTOS-G0.1.1.0
2026-08-15 14:01:49,332 [WARN] PackLoader:240 - Cannot read IP mode file for STMicroelectronics.X-CUBE-NFC4.3.0.0
2026-08-15 14:01:49,338 [WARN] PackLoader:240 - Cannot read IP mode file for EmbeddedOffice.I-CUBE-FS-RTOS.1.0.1
2026-08-15 14:01:49,341 [WARN] PackLoader:240 - Cannot read IP mode file for wolfSSL.I-CUBE-wolfTPM.3.8.0
2026-08-15 14:01:49,344 [WARN] PackLoader:240 - Cannot read IP mode file for STMicroelectronics.X-CUBE-TCPP.4.2.0
2026-08-15 14:01:49,348 [WARN] PackLoader:240 - Cannot read IP mode file for RealThread.X-CUBE-RT-Thread_Nano.4.1.1
2026-08-15 14:01:49,351 [WARN] PackLoader:240 - Cannot read IP mode file for STMicroelectronics.FP-ATR-SIGFOX1.3.2.0
2026-08-15 14:01:49,355 [WARN] PackLoader:240 - Cannot read IP mode file for ITTIA_DB.I-CUBE-ITTIADB.8.9.0
2026-08-15 14:01:49,356 [WARN] PackLoader:240 - Cannot read IP mode file for Cesanta.I-CUBE-Mongoose.7.21.7
2026-08-15 14:01:49,359 [WARN] PackLoader:240 - Cannot read IP mode file for STMicroelectronics.X-CUBE-NFC6.3.2.0
2026-08-15 14:01:49,363 [WARN] PackLoader:240 - Cannot read IP mode file for STMicroelectronics.X-CUBE-AI.10.2.1
2026-08-15 14:01:49,398 [WARN] PackLoader:240 - Cannot read IP mode file for STMicroelectronics.X-CUBE-MEMS1.12.1.0
2026-08-15 14:01:49,468 [WARN] PackLoader:240 - Cannot read IP mode file for SEGGER.I-CUBE-embOS.1.3.1
2026-08-15 14:01:49,497 [WARN] PackLoader:240 - Cannot read IP mode file for STMicroelectronics.X-CUBE-NFC13.1.0.0
2026-08-15 14:01:49,500 [WARN] PackLoader:240 - Cannot read IP mode file for STMicroelectronics.X-CUBE-PM33A1.1.0.0
2026-08-15 14:01:49,508 [WARN] PackLoader:240 - Cannot read IP mode file for STMicroelectronics.X-CUBE-AZRTOS-F4.1.1.0
2026-08-15 14:01:49,511 [WARN] PackLoader:240 - Cannot read IP mode file for STMicroelectronics.X-CUBE-ISPU.2.1.0
2026-08-15 14:01:49,514 [ERROR] Engine:466 - /home/thuy/.stm32cubemx/thirdparties/pdsc/STMicroelectronics.X-CUBE-IPS.3.2.0.pdsc: PDSC version is not supported
2026-08-15 14:01:49,516 [WARN] PackLoader:240 - Cannot read IP mode file for STMicroelectronics.eDS-WB_DPC_TT-BIDIR.2.1.1
2026-08-15 14:01:49,518 [WARN] PackLoader:240 - Cannot read IP mode file for STMicroelectronics.X-CUBE-NFC12.1.0.0
2026-08-15 14:01:49,528 [WARN] PackLoader:240 - Cannot read IP mode file for STMicroelectronics.X-CUBE-AZRTOS-L5.2.0.0
2026-08-15 14:01:49,533 [WARN] PackLoader:240 - Cannot read IP mode file for STMicroelectronics.X-CUBE-ALGOBUILD.1.5.0
2026-08-15 14:01:49,535 [WARN] PackLoader:240 - Cannot read IP mode file for STMicroelectronics.eDS-WB_DPC_VIENNA.1.2.0
2026-08-15 14:01:49,558 [WARN] PackLoader:240 - Cannot read IP mode file for STMicroelectronics.X-CUBE-MEMS1.13.0.0
2026-08-15 14:01:49,605 [WARN] PackLoader:240 - Cannot read IP mode file for STMicroelectronics.eDS-WB_DPC_3PH2L-BIDIR.1.1.1
2026-08-15 14:01:49,607 [ERROR] Engine:466 - /home/thuy/.stm32cubemx/thirdparties/pdsc/STMicroelectronics.X-CUBE-ST67W61.1.3.0.pdsc: PDSC version is not supported
2026-08-15 14:01:49,609 [WARN] PackLoader:240 - Cannot read IP mode file for STMicroelectronics.X-CUBE-TOUCHGFX.4.26.1
2026-08-15 14:01:49,612 [WARN] PackLoader:240 - Cannot read IP mode file for STMicroelectronics.X-CUBE-DPower.1.3.0
2026-08-15 14:01:49,623 [WARN] ConditionMgr:438 - getConditionDescription Invalid condition id : LAN8742 Phy interface Condition cause : null
2026-08-15 14:01:49,623 [WARN] PackLoader:240 - Cannot read IP mode file for STMicroelectronics.X-CUBE-AZRTOS-L4.2.0.0
2026-08-15 14:01:49,624 [WARN] ConditionMgr:1044 - genDependencies : Invalid condition id : LAN8742 Phy interface Condition cause : null
2026-08-15 14:01:49,624 [WARN] ConditionMgr:1044 - genDependencies : Invalid condition id : LAN8742 Phy interface Condition cause : null
2026-08-15 14:01:49,625 [WARN] ConditionMgr:1044 - genDependencies : Invalid condition id : LAN8742 Phy interface Condition cause : null
2026-08-15 14:01:49,629 [WARN] PackLoader:240 - Cannot read IP mode file for STMicroelectronics.X-CUBE-SFXS2LP1.4.0.0
2026-08-15 14:01:49,633 [WARN] PackLoader:240 - Cannot read IP mode file for STMicroelectronics.X-CUBE-WB05N.2.1.0
2026-08-15 14:01:49,639 [WARN] ConditionMgr:438 - getConditionDescription Invalid condition id : UX DEVICE CLASS RTOS Condition cause : null
2026-08-15 14:01:49,640 [WARN] ConditionMgr:438 - getConditionDescription Invalid condition id : UX DEVICE CLASS RTOS Condition cause : null
2026-08-15 14:01:49,641 [WARN] PackLoader:240 - Cannot read IP mode file for STMicroelectronics.X-CUBE-AZRTOS-WB.2.0.0
2026-08-15 14:01:49,641 [WARN] ConditionMgr:1044 - genDependencies : Invalid condition id : UX DEVICE CLASS RTOS Condition cause : null
2026-08-15 14:01:49,641 [WARN] ConditionMgr:1044 - genDependencies : Invalid condition id : UX DEVICE CLASS RTOS Condition cause : null
2026-08-15 14:01:49,642 [WARN] ConditionMgr:1044 - genDependencies : Invalid condition id : UX DEVICE CLASS RTOS Condition cause : null
2026-08-15 14:01:49,642 [WARN] ConditionMgr:1044 - genDependencies : Invalid condition id : UX DEVICE CLASS RTOS Condition cause : null
2026-08-15 14:01:49,642 [WARN] ConditionMgr:1044 - genDependencies : Invalid condition id : UX DEVICE CLASS RTOS Condition cause : null
2026-08-15 14:01:49,644 [WARN] ConditionMgr:438 - getConditionDescription Invalid condition id : Cortex-A Device cause : null
2026-08-15 14:01:49,665 [WARN] ConditionMgr:1044 - genDependencies : Invalid condition id : Cortex-A Device cause : null
2026-08-15 14:01:49,665 [WARN] ConditionMgr:1044 - genDependencies : Invalid condition id : Cortex-A Device cause : null
2026-08-15 14:01:49,665 [WARN] ConditionMgr:1044 - genDependencies : Invalid condition id : Cortex-A Device cause : null
2026-08-15 14:01:49,671 [WARN] PackLoader:240 - Cannot read IP mode file for STMicroelectronics.X-CUBE-STSE01.2.0.0
2026-08-15 14:01:49,681 [WARN] PackLoader:240 - Cannot read IP mode file for STMicroelectronics.X-CUBE-SUBG2.5.0.0
2026-08-15 14:01:49,698 [WARN] PackLoader:240 - Cannot read IP mode file for STMicroelectronics.X-CUBE-AZRTOS-G4.2.0.0
2026-08-15 14:01:49,702 [WARN] PackLoader:240 - Cannot read IP mode file for wolfSSL.I-CUBE-wolfSSH.1.4.20
2026-08-15 14:01:49,704 [WARN] PackLoader:240 - Cannot read IP mode file for STMicroelectronics.X-CUBE-NFC7.2.0.0
2026-08-15 14:01:49,707 [ERROR] Engine:466 - /home/thuy/.stm32cubemx/thirdparties/pdsc/STMicroelectronics.X-CUBE-BLEMGR.4.2.0.pdsc: PDSC version is not supported
2026-08-15 14:01:49,709 [WARN] PackLoader:240 - Cannot read IP mode file for STMicroelectronics.X-CUBE-ALS.1.0.2
2026-08-15 14:01:49,716 [WARN] PackLoader:240 - Cannot read IP mode file for STMicroelectronics.X-CUBE-TOF1.3.4.3
2026-08-15 14:01:49,723 [INFO] ThirdParty:978 - Integrity check success = true
2026-08-15 14:01:49,723 [INFO] IntegrityCheckThread:100 - exiting critical section [integrity check]
2026-08-15 14:01:49,723 [INFO] IntegrityCheckThread:103 - End integrity checks thread
2026-08-15 14:02:15,867 [ERROR] LogOutputStream:75 - [STDERR_REDIRECT] Aug 15, 2026 2:02:15 PM java.util.prefs.FileSystemPreferences checkLockFile0ErrorCode
2026-08-15 14:02:15,867 [ERROR] LogOutputStream:75 - [STDERR_REDIRECT] WARNING: Could not lock System prefs. Unix error code 2.
2026-08-15 14:02:15,868 [ERROR] LogOutputStream:75 - [STDERR_REDIRECT] 
2026-08-15 14:02:15,868 [ERROR] LogOutputStream:75 - [STDERR_REDIRECT] Aug 15, 2026 2:02:15 PM java.util.prefs.FileSystemPreferences syncWorld
2026-08-15 14:02:15,868 [ERROR] LogOutputStream:75 - [STDERR_REDIRECT] WARNING: Couldn't flush system prefs: java.util.prefs.BackingStoreException: Couldn't get file lock.
2026-08-15 14:02:15,868 [ERROR] LogOutputStream:75 - [STDERR_REDIRECT] 
2026-08-15 14:02:45,862 [ERROR] LogOutputStream:75 - [STDERR_REDIRECT] Aug 15, 2026 2:02:45 PM java.util.prefs.FileSystemPreferences checkLockFile0ErrorCode
2026-08-15 14:02:45,862 [ERROR] LogOutputStream:75 - [STDERR_REDIRECT] WARNING: Could not lock System prefs. Unix error code 2.
2026-08-15 14:02:45,862 [ERROR] LogOutputStream:75 - [STDERR_REDIRECT] 
2026-08-15 14:02:45,863 [ERROR] LogOutputStream:75 - [STDERR_REDIRECT] Aug 15, 2026 2:02:45 PM java.util.prefs.FileSystemPreferences syncWorld
2026-08-15 14:02:45,863 [ERROR] LogOutputStream:75 - [STDERR_REDIRECT] WARNING: Couldn't flush system prefs: java.util.prefs.BackingStoreException: Couldn't get file lock.
2026-08-15 14:02:45,863 [ERROR] LogOutputStream:75 - [STDERR_REDIRECT] 
2026-08-15 14:02:50,143 [ERROR] LogOutputStream:75 - [STDERR_REDIRECT] 
2026-08-15 14:02:50,144 [ERROR] LogOutputStream:75 - [STDERR_REDIRECT] 
