2026-08-17 10:14:38,503 [INFO] Activator:176 - 


2026-08-17 10:14:38,506 [INFO] Activator:177 - !SESSION log4j initialized
2026-08-17 10:14:41,545 [INFO] LogOutputStream:77 - [STDOUT_REDIRECT] 
2026-08-17 10:14:41,987 [INFO] ApplicationProperties:184 - Using Application install path: /opt/st/stm32cubeide_1.18.0/plugins/com.st.stm32cube.common.mx_6.14.0.202502271554
2026-08-17 10:14:42,001 [INFO] DbMcusXml:78 - Set database path to: /opt/st/stm32cubeide_1.18.0/plugins/com.st.stm32cube.common.mx_6.14.0.202502271554//db//mcu/
2026-08-17 10:14:42,001 [INFO] ApiDb:274 - Set plugin database path to: /opt/st/stm32cubeide_1.18.0/plugins/com.st.stm32cube.common.mx_6.14.0.202502271554//db//plugins/boardmanager/
2026-08-17 10:14:42,001 [WARN] ApiDb:259 - Overriding images path with different value:  => /opt/st/stm32cubeide_1.18.0/plugins/com.st.stm32cube.common.mx_6.14.0.202502271554//db//plugins/mcufinder/images/
2026-08-17 10:14:42,007 [INFO] ApiDb:250 - Set database path to: /home/thuy/.stmcufinder/plugins/mcufinder//mcu/
2026-08-17 10:14:42,008 [INFO] DbMcusAds:125 - Set database path to: /home/thuy/.stmcufinder/plugins/mcufinder//mcu/
2026-08-17 10:14:42,010 [INFO] CrossReferenceDbSqlite:203 - Set database path to: /home/thuy/.stmcufinder/plugins/mcufinder//mcu/cs/
2026-08-17 10:14:42,098 [INFO] RulesReader:64 - Compatibility file has been processed (301 Rules)
2026-08-17 10:14:42,140 [INFO] DbMcusXml:78 - Set database path to: /opt/st/stm32cubeide_1.18.0/plugins/com.st.stm32cube.common.mx_6.14.0.202502271554//db//mcu/
2026-08-17 10:14:42,140 [INFO] ApiDb:274 - Set plugin database path to: /opt/st/stm32cubeide_1.18.0/plugins/com.st.stm32cube.common.mx_6.14.0.202502271554//db//plugins/boardmanager/
2026-08-17 10:14:42,140 [INFO] ApiDb:261 - Set plugin images path to: /opt/st/stm32cubeide_1.18.0/plugins/com.st.stm32cube.common.mx_6.14.0.202502271554//db//plugins/mcufinder/images/
2026-08-17 10:14:42,140 [WARN] DbFile:41 - Overriding database path with different value: /home/thuy/.stmcufinder/plugins/mcufinder/ => /home/thuy/.stmcufinder/plugins/mcufinder
2026-08-17 10:14:42,140 [INFO] ApiDb:250 - Set database path to: /home/thuy/.stmcufinder/plugins/mcufinder//mcu/
2026-08-17 10:14:42,140 [WARN] DbFile:41 - Overriding database path with different value: /home/thuy/.stmcufinder/plugins/mcufinder/ => /home/thuy/.stmcufinder/plugins/mcufinder
2026-08-17 10:14:42,140 [INFO] DbMcusAds:125 - Set database path to: /home/thuy/.stmcufinder/plugins/mcufinder//mcu/
2026-08-17 10:14:42,140 [WARN] DbFile:41 - Overriding database path with different value: /home/thuy/.stmcufinder/plugins/mcufinder/ => /home/thuy/.stmcufinder/plugins/mcufinder
2026-08-17 10:14:42,140 [WARN] DbFile:41 - Overriding database path with different value: /home/thuy/.stmcufinder/plugins/mcufinder/ => /home/thuy/.stmcufinder/plugins/mcufinder
2026-08-17 10:14:42,140 [INFO] CrossReferenceDbSqlite:203 - Set database path to: /home/thuy/.stmcufinder/plugins/mcufinder//mcu/cs/
2026-08-17 10:14:42,183 [INFO] MainPanel:272 - HeapMemory: 268435456
2026-08-17 10:14:42,279 [INFO] DbMcusXml:78 - Set database path to: /opt/st/stm32cubeide_1.18.0/plugins/com.st.stm32cube.common.mx_6.14.0.202502271554//db//mcu/
2026-08-17 10:14:42,279 [INFO] ApiDb:274 - Set plugin database path to: /opt/st/stm32cubeide_1.18.0/plugins/com.st.stm32cube.common.mx_6.14.0.202502271554//db//plugins/boardmanager/
2026-08-17 10:14:42,279 [INFO] ApiDb:261 - Set plugin images path to: /opt/st/stm32cubeide_1.18.0/plugins/com.st.stm32cube.common.mx_6.14.0.202502271554//db//plugins/mcufinder/images/
2026-08-17 10:14:42,279 [WARN] DbFile:41 - Overriding database path with different value: /home/thuy/.stmcufinder/plugins/mcufinder/ => /home/thuy/.stmcufinder/plugins/mcufinder
2026-08-17 10:14:42,279 [INFO] ApiDb:250 - Set database path to: /home/thuy/.stmcufinder/plugins/mcufinder//mcu/
2026-08-17 10:14:42,279 [WARN] DbFile:41 - Overriding database path with different value: /home/thuy/.stmcufinder/plugins/mcufinder/ => /home/thuy/.stmcufinder/plugins/mcufinder
2026-08-17 10:14:42,279 [INFO] DbMcusAds:125 - Set database path to: /home/thuy/.stmcufinder/plugins/mcufinder//mcu/
2026-08-17 10:14:42,279 [WARN] DbFile:41 - Overriding database path with different value: /home/thuy/.stmcufinder/plugins/mcufinder/ => /home/thuy/.stmcufinder/plugins/mcufinder
2026-08-17 10:14:42,279 [WARN] DbFile:41 - Overriding database path with different value: /home/thuy/.stmcufinder/plugins/mcufinder/ => /home/thuy/.stmcufinder/plugins/mcufinder
2026-08-17 10:14:42,279 [INFO] CrossReferenceDbSqlite:203 - Set database path to: /home/thuy/.stmcufinder/plugins/mcufinder//mcu/cs/
2026-08-17 10:14:42,291 [INFO] ApplicationProperties:184 - Using Application install path: /opt/st/stm32cubeide_1.18.0/plugins/com.st.stm32cube.common.mx_6.14.0.202502271554
2026-08-17 10:14:42,292 [INFO] PluginManage:196 - Search for loadable plugins [exclusion list=, ]
2026-08-17 10:14:42,293 [INFO] PluginManage:310 - Check plugin analytics
2026-08-17 10:14:42,392 [INFO] AnalyticsPlugin:253 - Accepted Software Licenses: STM32CubeMX.6.17.0
2026-08-17 10:14:42,392 [INFO] AnalyticsPlugin:255 - Accepted CMSIS Pack Licenses: 
2026-08-17 10:14:42,392 [INFO] AnalyticsPlugin:257 - Accepted Firmware Licenses: FW.F1.1.8.7,FW.F4.1.28.0,FW.F4.1.28.3
2026-08-17 10:14:42,394 [INFO] PluginManage:359 - Loaded plugin analytics (category:tool,tabindex:-1)
2026-08-17 10:14:42,394 [INFO] PluginManage:310 - Check plugin cadmodel
2026-08-17 10:14:42,397 [INFO] CADModel:105 - Init CAD model plugin
2026-08-17 10:14:42,398 [INFO] PluginManage:359 - Loaded plugin cadmodel (category:power,tabindex:5)
2026-08-17 10:14:42,398 [INFO] PluginManage:310 - Check plugin clock
2026-08-17 10:14:42,404 [INFO] PluginManage:359 - Loaded plugin clock (category:base,tabindex:2)
2026-08-17 10:14:42,404 [INFO] PluginManage:310 - Check plugin ddr
2026-08-17 10:14:42,406 [INFO] PluginManage:359 - Loaded plugin ddr (category:tool,tabindex:6)
2026-08-17 10:14:42,406 [INFO] PluginManage:310 - Check plugin filemanager
2026-08-17 10:14:42,503 [INFO] PluginManage:359 - Loaded plugin filemanager (category:base,tabindex:10)
2026-08-17 10:14:42,503 [INFO] PluginManage:310 - Check plugin ipmanager
2026-08-17 10:14:42,507 [INFO] PluginManage:359 - Loaded plugin ipmanager (category:base,tabindex:5)
2026-08-17 10:14:42,507 [INFO] PluginManage:310 - Check plugin lpbam
2026-08-17 10:14:42,514 [INFO] PluginManage:359 - Loaded plugin lpbam (category:base,tabindex:0)
2026-08-17 10:14:42,514 [INFO] PluginManage:310 - Check plugin memorymap
2026-08-17 10:14:42,522 [INFO] PluginManage:359 - Loaded plugin memorymap (category:base,tabindex:4)
2026-08-17 10:14:42,522 [INFO] PluginManage:310 - Check plugin pinoutandconfiguration
2026-08-17 10:14:42,527 [INFO] PluginManage:359 - Loaded plugin pinoutandconfiguration (category:base,tabindex:1)
2026-08-17 10:14:42,527 [INFO] PluginManage:310 - Check plugin pinoutconfig
2026-08-17 10:14:42,583 [WARN] SupportedApi:132 - Cannot load RTOS API schema: s4s-elt-must-match.1: The content of 'definitions' must match (annotation?, (simpleType | complexType)?, (unique | key | keyref)*)). A problem was found starting at: attribute.
2026-08-17 10:14:42,669 [INFO] PluginManage:359 - Loaded plugin pinoutconfig (category:base,tabindex:0)
2026-08-17 10:14:42,669 [INFO] PluginManage:310 - Check plugin power
2026-08-17 10:14:42,675 [INFO] PluginManage:359 - Loaded plugin power (category:power,tabindex:4)
2026-08-17 10:14:42,675 [INFO] PluginManage:310 - Check plugin projectmanager
2026-08-17 10:14:42,685 [INFO] PluginManage:359 - Loaded plugin projectmanager (category:projectmanager,tabindex:4)
2026-08-17 10:14:42,685 [INFO] PluginManage:310 - Check plugin rif
2026-08-17 10:14:42,690 [INFO] PluginManage:359 - Loaded plugin rif (category:base,tabindex:3)
2026-08-17 10:14:42,690 [INFO] PluginManage:310 - Check plugin thirdparty
2026-08-17 10:14:42,767 [INFO] PluginManage:359 - Loaded plugin thirdparty (category:base,tabindex:-1)
2026-08-17 10:14:42,767 [WARN] IntegrityCheckThread:84 - waiting for thirdparty lock release [integrity check]
2026-08-17 10:14:42,767 [INFO] PluginManage:310 - Check plugin tools
2026-08-17 10:14:42,767 [INFO] IntegrityCheckThread:86 - entering critical section [integrity check]
2026-08-17 10:14:42,767 [INFO] ThirdPartyUpdaterWithRetryManager:70 - Updater plugin not ready yet. [1/15]
2026-08-17 10:14:42,769 [INFO] PluginManage:359 - Loaded plugin tools (category:base,tabindex:7)
2026-08-17 10:14:42,769 [INFO] PluginManage:310 - Check plugin tutovideos
2026-08-17 10:14:42,874 [INFO] PluginManage:359 - Loaded plugin tutovideos (category:base,tabindex:-1)
2026-08-17 10:14:42,874 [INFO] PluginManage:310 - Check plugin updater
2026-08-17 10:14:42,889 [INFO] PluginManage:359 - Loaded plugin updater (category:base,tabindex:12)
2026-08-17 10:14:42,889 [INFO] PluginManage:310 - Check plugin userauth
2026-08-17 10:14:42,892 [INFO] UserAuth:118 - Init User Auth plugin
2026-08-17 10:14:42,892 [INFO] PluginManage:359 - Loaded plugin userauth (category:base,tabindex:14)
2026-08-17 10:14:42,892 [INFO] PluginManage:283 - PluginManage : Loaded plugins [18]
2026-08-17 10:14:43,007 [INFO] PinOutPanel:1589 - setPackage(No Configuration,No Configuration)
2026-08-17 10:14:43,049 [INFO] CADModel:165 - CPN selected for project level
2026-08-17 10:14:43,049 [INFO] CADModel:114 - Register for checkConnection events
2026-08-17 10:14:43,060 [INFO] IPUIPlugin:80 - create IPUIPlugin
2026-08-17 10:14:43,061 [INFO] PluginManager:220 - loadIPPluginJar : add freertos
2026-08-17 10:14:43,062 [INFO] IPUIPlugin:80 - create IPUIPlugin
2026-08-17 10:14:43,062 [INFO] PluginManager:220 - loadIPPluginJar : add quadspi
2026-08-17 10:14:43,065 [INFO] IPUIPlugin:80 - create IPUIPlugin
2026-08-17 10:14:43,066 [INFO] PluginManager:220 - loadIPPluginJar : add i2s
2026-08-17 10:14:43,068 [INFO] IPUIPlugin:80 - create IPUIPlugin
2026-08-17 10:14:43,069 [INFO] PluginManager:220 - loadIPPluginJar : add touchsensing
2026-08-17 10:14:43,071 [INFO] IPUIPlugin:80 - create IPUIPlugin
2026-08-17 10:14:43,071 [INFO] PluginManager:220 - loadIPPluginJar : add ipddr
2026-08-17 10:14:43,074 [INFO] IPUIPlugin:80 - create IPUIPlugin
2026-08-17 10:14:43,074 [INFO] PluginManager:220 - loadIPPluginJar : add pdm2pcm
2026-08-17 10:14:43,075 [INFO] IPUIPlugin:80 - create IPUIPlugin
2026-08-17 10:14:43,075 [INFO] PluginManager:220 - loadIPPluginJar : add dfsdm
2026-08-17 10:14:43,081 [INFO] IPUIPlugin:80 - create IPUIPlugin
2026-08-17 10:14:43,081 [INFO] PluginManager:220 - loadIPPluginJar : add stm32_wpan
2026-08-17 10:14:43,084 [INFO] IPUIPlugin:80 - create IPUIPlugin
2026-08-17 10:14:43,084 [INFO] PluginManager:220 - loadIPPluginJar : add nvic
2026-08-17 10:14:43,088 [INFO] IPUIPlugin:80 - create IPUIPlugin
2026-08-17 10:14:43,088 [INFO] PluginManager:220 - loadIPPluginJar : add gpio
2026-08-17 10:14:43,091 [INFO] IPUIPlugin:80 - create IPUIPlugin
2026-08-17 10:14:43,091 [INFO] PluginManager:220 - loadIPPluginJar : add usbx
2026-08-17 10:14:43,093 [INFO] IPUIPlugin:80 - create IPUIPlugin
2026-08-17 10:14:43,094 [INFO] PluginManager:220 - loadIPPluginJar : add sai
2026-08-17 10:14:43,095 [INFO] IPUIPlugin:80 - create IPUIPlugin
2026-08-17 10:14:43,095 [INFO] PluginManager:220 - loadIPPluginJar : add fatfs
2026-08-17 10:14:43,096 [INFO] IPUIPlugin:80 - create IPUIPlugin
2026-08-17 10:14:43,097 [INFO] PluginManager:220 - loadIPPluginJar : add opamp
2026-08-17 10:14:43,098 [INFO] IPUIPlugin:80 - create IPUIPlugin
2026-08-17 10:14:43,098 [INFO] PluginManager:220 - loadIPPluginJar : add spi
2026-08-17 10:14:43,100 [INFO] IPUIPlugin:80 - create IPUIPlugin
2026-08-17 10:14:43,100 [INFO] PluginManager:220 - loadIPPluginJar : add tsc
2026-08-17 10:14:43,103 [INFO] IPUIPlugin:80 - create IPUIPlugin
2026-08-17 10:14:43,103 [INFO] PluginManager:220 - loadIPPluginJar : add resmgrutility
2026-08-17 10:14:43,104 [INFO] IPUIPlugin:80 - create IPUIPlugin
2026-08-17 10:14:43,104 [INFO] PluginManager:220 - loadIPPluginJar : add can
2026-08-17 10:14:43,106 [INFO] IPUIPlugin:80 - create IPUIPlugin
2026-08-17 10:14:43,106 [INFO] PluginManager:220 - loadIPPluginJar : add ts
2026-08-17 10:14:43,111 [INFO] IPUIPlugin:80 - create IPUIPlugin
2026-08-17 10:14:43,113 [INFO] PluginManager:220 - loadIPPluginJar : add plateformsettings
2026-08-17 10:14:43,114 [INFO] IPUIPlugin:80 - create IPUIPlugin
2026-08-17 10:14:43,115 [INFO] PluginManager:220 - loadIPPluginJar : add tracer_emb
2026-08-17 10:14:43,116 [INFO] IPUIPlugin:80 - create IPUIPlugin
2026-08-17 10:14:43,116 [INFO] PluginManager:220 - loadIPPluginJar : add hash
2026-08-17 10:14:43,118 [INFO] IPUIPlugin:80 - create IPUIPlugin
2026-08-17 10:14:43,118 [INFO] PluginManager:220 - loadIPPluginJar : add i2c
2026-08-17 10:14:43,120 [INFO] IPUIPlugin:80 - create IPUIPlugin
2026-08-17 10:14:43,120 [INFO] PluginManager:220 - loadIPPluginJar : add i3c
2026-08-17 10:14:43,125 [INFO] IPUIPlugin:80 - create IPUIPlugin
2026-08-17 10:14:43,125 [INFO] PluginManager:220 - loadIPPluginJar : add adc
2026-08-17 10:14:43,126 [INFO] IPUIPlugin:80 - create IPUIPlugin
2026-08-17 10:14:43,126 [INFO] PluginManager:220 - loadIPPluginJar : add ltdc
2026-08-17 10:14:43,131 [INFO] IPUIPlugin:80 - create IPUIPlugin
2026-08-17 10:14:43,131 [INFO] PluginManager:220 - loadIPPluginJar : add mdma
2026-08-17 10:14:43,133 [INFO] IPUIPlugin:80 - create IPUIPlugin
2026-08-17 10:14:43,133 [INFO] PluginManager:220 - loadIPPluginJar : add aes
2026-08-17 10:14:43,137 [INFO] IPUIPlugin:80 - create IPUIPlugin
2026-08-17 10:14:43,137 [INFO] PluginManager:220 - loadIPPluginJar : add fmc
2026-08-17 10:14:43,138 [INFO] IPUIPlugin:80 - create IPUIPlugin
2026-08-17 10:14:43,138 [INFO] PluginManager:220 - loadIPPluginJar : add radio
2026-08-17 10:14:43,140 [INFO] IPUIPlugin:80 - create IPUIPlugin
2026-08-17 10:14:43,140 [INFO] PluginManager:220 - loadIPPluginJar : add cryp
2026-08-17 10:14:43,142 [INFO] IPUIPlugin:80 - create IPUIPlugin
2026-08-17 10:14:43,142 [INFO] PluginManager:220 - loadIPPluginJar : add openamp
2026-08-17 10:14:43,143 [INFO] IPUIPlugin:80 - create IPUIPlugin
2026-08-17 10:14:43,143 [INFO] PluginManager:220 - loadIPPluginJar : add comp
2026-08-17 10:14:43,145 [INFO] IPUIPlugin:80 - create IPUIPlugin
2026-08-17 10:14:43,145 [INFO] PluginManager:220 - loadIPPluginJar : add gfxmmu
2026-08-17 10:14:43,147 [INFO] IPUIPlugin:80 - create IPUIPlugin
2026-08-17 10:14:43,147 [INFO] PluginManager:220 - loadIPPluginJar : add gtzc
2026-08-17 10:14:43,151 [INFO] IPUIPlugin:80 - create IPUIPlugin
2026-08-17 10:14:43,151 [INFO] PluginManager:220 - loadIPPluginJar : add gic
2026-08-17 10:14:43,153 [INFO] IPUIPlugin:80 - create IPUIPlugin
2026-08-17 10:14:43,153 [INFO] PluginManager:220 - loadIPPluginJar : add lorawan
2026-08-17 10:14:43,155 [INFO] IPUIPlugin:80 - create IPUIPlugin
2026-08-17 10:14:43,155 [INFO] PluginManager:220 - loadIPPluginJar : add usart
2026-08-17 10:14:43,156 [INFO] IPUIPlugin:80 - create IPUIPlugin
2026-08-17 10:14:43,156 [INFO] PluginManager:220 - loadIPPluginJar : add tim
2026-08-17 10:14:43,159 [INFO] IPUIPlugin:80 - create IPUIPlugin
2026-08-17 10:14:43,159 [INFO] PluginManager:220 - loadIPPluginJar : add ddr_ctrl_phy
2026-08-17 10:14:43,161 [INFO] IPUIPlugin:80 - create IPUIPlugin
2026-08-17 10:14:43,161 [INFO] PluginManager:220 - loadIPPluginJar : add extmemmanager
2026-08-17 10:14:43,162 [INFO] IPUIPlugin:80 - create IPUIPlugin
2026-08-17 10:14:43,162 [INFO] PluginManager:220 - loadIPPluginJar : add dma3
2026-08-17 10:14:43,163 [INFO] IPUIPlugin:80 - create IPUIPlugin
2026-08-17 10:14:43,163 [INFO] PluginManager:220 - loadIPPluginJar : add ucpd
2026-08-17 10:14:43,168 [INFO] IPUIPlugin:80 - create IPUIPlugin
2026-08-17 10:14:43,168 [INFO] PluginManager:220 - loadIPPluginJar : add dma
2026-08-17 10:14:43,169 [INFO] IPUIPlugin:80 - create IPUIPlugin
2026-08-17 10:14:43,169 [INFO] PluginManager:220 - loadIPPluginJar : add genericplugin
2026-08-17 10:14:43,174 [INFO] IPUIPlugin:80 - create IPUIPlugin
2026-08-17 10:14:43,175 [INFO] PluginManager:220 - loadIPPluginJar : add linkedlist
2026-08-17 10:14:43,268 [FATAL] Updater:351 - Updater called before beeing initialized
2026-08-17 10:14:43,284 [INFO] RulesReader:64 - Compatibility file has been processed (301 Rules)
2026-08-17 10:14:43,291 [INFO] RulesReader:64 - Compatibility file has been processed (301 Rules)
2026-08-17 10:14:43,295 [INFO] CADModel:165 - CPN selected for project level
2026-08-17 10:14:43,296 [INFO] CADModel:114 - Register for checkConnection events
2026-08-17 10:14:43,296 [FATAL] Updater:351 - Updater called before beeing initialized
2026-08-17 10:14:43,296 [ERROR] CADModel:125 - Updater not yet initialized, retry later 
2026-08-17 10:14:43,375 [FATAL] Updater:351 - Updater called before beeing initialized
2026-08-17 10:14:43,376 [INFO] CADModel:165 - CPN selected for project level
2026-08-17 10:14:43,376 [INFO] CADModel:114 - Register for checkConnection events
2026-08-17 10:14:43,376 [FATAL] Updater:351 - Updater called before beeing initialized
2026-08-17 10:14:43,376 [ERROR] CADModel:125 - Updater not yet initialized, retry later 
2026-08-17 10:14:43,378 [FATAL] Updater:351 - Updater called before beeing initialized
2026-08-17 10:14:43,427 [FATAL] Updater:351 - Updater called before beeing initialized
2026-08-17 10:14:43,430 [INFO] DbMcusAds:53 - JSON generation date=Wed Jul 15 16:44:54 ICT 2026 (1784108694001)
2026-08-17 10:14:43,430 [FATAL] Updater:351 - Updater called before beeing initialized
2026-08-17 10:14:43,453 [WARN] DetailPanel:346 - Failed to get advertising image, set to default
2026-08-17 10:14:43,638 [FATAL] Updater:351 - Updater called before beeing initialized
2026-08-17 10:14:43,639 [FATAL] Updater:351 - Updater called before beeing initialized
2026-08-17 10:14:43,639 [FATAL] Updater:351 - Updater called before beeing initialized
2026-08-17 10:14:43,639 [WARN] DetailPanel:346 - Failed to get advertising image, set to default
2026-08-17 10:14:43,640 [FATAL] Updater:351 - Updater called before beeing initialized
2026-08-17 10:14:43,661 [ERROR] Updater:1198 - MainUpdater not yet initialized. External WinMGr cannot be set.
2026-08-17 10:14:43,662 [INFO] Updater:1134 - Updater Version found : 6.14.0
2026-08-17 10:14:43,675 [INFO] ApplicationProperties:184 - Using Application install path: /opt/st/stm32cubeide_1.18.0/plugins/com.st.stm32cube.common.mx_6.14.0.202502271554
2026-08-17 10:14:43,685 [ERROR] LogOutputStream:75 - [STDERR_REDIRECT] Aug 17, 2026 10:14:43 AM java.util.prefs.FileSystemPreferences$2 run
2026-08-17 10:14:43,686 [ERROR] LogOutputStream:75 - [STDERR_REDIRECT] WARNING: Could not create system preferences directory. System preferences are unusable.
2026-08-17 10:14:43,686 [ERROR] LogOutputStream:75 - [STDERR_REDIRECT] 
2026-08-17 10:14:44,010 [INFO] MainUpdater:2872 - connection check result : 10
2026-08-17 10:14:44,011 [INFO] MainUpdater:289 - Updater Check For Update Now.
2026-08-17 10:14:44,011 [INFO] MicroXplorer:498 - Change Database Version : DB.6.0.140
2026-08-17 10:14:44,019 [INFO] McuFinderGlobals:63 - Set McuFinder mode to 2 (CubeIDE integrated)
2026-08-17 10:14:44,020 [INFO] UserAuth:171 - activating auth plugin
2026-08-17 10:14:44,022 [INFO] UserAuth:486 - Internet connection configuration mode: 1
2026-08-17 10:14:44,035 [INFO] JxBrowserEngine:152 - Initiate JxBrowser Engine with user profile folder
2026-08-17 10:14:44,164 [INFO] CheckServerUpdateThread:120 - End of CheckServer Thread
2026-08-17 10:14:44,792 [INFO] WebApp:169 - Instantiating new browser for Auth
2026-08-17 10:14:45,322 [INFO] WebApp:463 - Apply proxy settings
2026-08-17 10:14:45,323 [INFO] WebApp:548 - Chromium requires no authentication
2026-08-17 10:14:45,328 [INFO] WebApp:491 - Direct internet connection detected
2026-08-17 10:14:45,340 [INFO] WebApp:894 - Register for checkConnection events
2026-08-17 10:14:45,340 [INFO] WebApp:463 - Apply proxy settings
2026-08-17 10:14:45,341 [INFO] WebApp:548 - Chromium requires no authentication
2026-08-17 10:14:45,341 [INFO] WebApp:491 - Direct internet connection detected
2026-08-17 10:14:45,428 [INFO] WebApp:225 - Starting web application
2026-08-17 10:14:45,428 [INFO] WebApp:593 - Web application path used /opt/st/stm32cubeide_1.18.0/plugins/com.st.stm32cube.common.mx_6.14.0.202502271554/db/plugins/mcufinder/reactClient1/index.html
2026-08-17 10:14:45,629 [INFO] WebApp:191 - Connection restablished
2026-08-17 10:14:45,886 [WARN] PackLoader:240 - Cannot read IP mode file for STMicroelectronics.X-CUBE-AZRTOS-H7.3.5.0
2026-08-17 10:14:45,906 [WARN] PackLoader:240 - Cannot read IP mode file for STMicroelectronics.FP-ATR-ASTRA1.2.0.3
2026-08-17 10:14:45,910 [WARN] PackLoader:240 - Cannot read IP mode file for STMicroelectronics.FP-ATR-ASTRA1.2.0.2
2026-08-17 10:14:45,916 [ERROR] Engine:466 - /home/thuy/.stm32cubemx/thirdparties/pdsc/STMicroelectronics.X-CUBE-SMBUS.2.1.1.pdsc: PDSC version is not supported
2026-08-17 10:14:45,938 [WARN] PackLoader:240 - Cannot read IP mode file for STMicroelectronics.X-CUBE-AZRTOS-F7.1.1.0
2026-08-17 10:14:45,960 [ERROR] Engine:466 - /home/thuy/.stm32cubemx/thirdparties/pdsc/STMicroelectronics.X-CUBE-FREERTOS.1.6.0.pdsc: PDSC version is not supported
2026-08-17 10:14:45,963 [ERROR] Engine:466 - /home/thuy/.stm32cubemx/thirdparties/pdsc/STMicroelectronics.FP-SNS-MOTENV1.5.1.0.pdsc: PDSC version is not supported
2026-08-17 10:14:45,986 [WARN] PackLoader:240 - Cannot read IP mode file for STMicroelectronics.X-CUBE-AZRTOS-H7RS.1.3.0
2026-08-17 10:14:45,995 [ERROR] Engine:466 - /home/thuy/.stm32cubemx/thirdparties/pdsc/WES.I-CUBE-Cesium.1.4.0.pdsc: PDSC version is not supported
2026-08-17 10:14:46,002 [WARN] PackLoader:240 - Cannot read IP mode file for STMicroelectronics.X-CUBE-DISPLAY.3.0.0
2026-08-17 10:14:46,013 [WARN] PackLoader:240 - Cannot read IP mode file for STMicroelectronics.X-CUBE-GNSS1.7.1.1
2026-08-17 10:14:46,017 [ERROR] Engine:466 - /home/thuy/.stm32cubemx/thirdparties/pdsc/STMicroelectronics.FP-SNS-MOTENVWB1.1.5.0.pdsc: PDSC version is not supported
2026-08-17 10:14:46,020 [WARN] PackLoader:240 - Cannot read IP mode file for wolfSSL.I-CUBE-wolfSSL.5.9.1
2026-08-17 10:14:46,025 [WARN] PackLoader:240 - Cannot read IP mode file for STMicroelectronics.X-CUBE-NFC10.1.0.0
2026-08-17 10:14:46,028 [WARN] PackLoader:240 - Cannot read IP mode file for STMicroelectronics.X-CUBE-ST60.1.1.0
2026-08-17 10:14:46,033 [WARN] PackLoader:240 - Cannot read IP mode file for emotas.I-CUBE-CANOPEN.1.3.0
2026-08-17 10:14:46,036 [ERROR] Engine:466 - /home/thuy/.stm32cubemx/thirdparties/pdsc/STMicroelectronics.X-CUBE-WBA.1.1.0.pdsc: PDSC version is not supported
2026-08-17 10:14:46,038 [ERROR] Engine:466 - /home/thuy/.stm32cubemx/thirdparties/pdsc/STMicroelectronics.FP-SNS-STBOX1.2.1.0.pdsc: PDSC version is not supported
2026-08-17 10:14:46,042 [WARN] PackLoader:240 - Cannot read IP mode file for STMicroelectronics.FP-SNS-SMARTAG2.1.2.0
2026-08-17 10:14:46,044 [WARN] PackLoader:240 - Cannot read IP mode file for STMicroelectronics.FP-SNS-FLIGHT1.5.1.0
2026-08-17 10:14:46,050 [INFO] LogOutputStream:77 - [STDOUT_REDIRECT] 1 : Invalid condition id : UX_CORESTACK_Condition cause : null
2026-08-17 10:14:46,050 [INFO] LogOutputStream:77 - [STDOUT_REDIRECT] 1 : Invalid condition id : UX_CORESTACK_Condition cause : null
2026-08-17 10:14:46,050 [INFO] LogOutputStream:77 - [STDOUT_REDIRECT] 1 : Invalid condition id : UX_CORESTACK_Condition cause : null
2026-08-17 10:14:46,050 [INFO] LogOutputStream:77 - [STDOUT_REDIRECT] 1 : Invalid condition id : UX_CORESTACK_Condition cause : null
2026-08-17 10:14:46,051 [INFO] LogOutputStream:77 - [STDOUT_REDIRECT] 1 : Invalid condition id : UX_CORESTACK_Condition cause : null
2026-08-17 10:14:46,052 [WARN] PackLoader:240 - Cannot read IP mode file for STMicroelectronics.X-CUBE-AZRTOS-WL.2.0.0
2026-08-17 10:14:46,056 [WARN] PackLoader:240 - Cannot read IP mode file for STMicroelectronics.X-CUBE-BLE2.3.3.0
2026-08-17 10:14:46,081 [WARN] PackLoader:240 - Cannot read IP mode file for Infineon.AIROC-Wi-Fi-Bluetooth-STM32.1.8.0
2026-08-17 10:14:46,088 [WARN] PackLoader:240 - Cannot read IP mode file for STMicroelectronics.X-CUBE-NFC9.1.0.0
2026-08-17 10:14:46,092 [WARN] PackLoader:240 - Cannot read IP mode file for STMicroelectronics.X-CUBE-BLE1.7.1.0
2026-08-17 10:14:46,094 [WARN] PackLoader:240 - Cannot read IP mode file for wolfSSL.I-CUBE-wolfMQTT.1.19.2
2026-08-17 10:14:46,098 [WARN] PackLoader:240 - Cannot read IP mode file for STMicroelectronics.X-CUBE-EEPRMA1.5.2.0
2026-08-17 10:14:46,102 [ERROR] Engine:466 - /home/thuy/.stm32cubemx/thirdparties/pdsc/STMicroelectronics.FP-SNS-STAIOTCFT.1.1.0.pdsc: PDSC version is not supported
2026-08-17 10:14:46,111 [WARN] PackLoader:240 - Cannot read IP mode file for STMicroelectronics.X-CUBE-AZRTOS-G0.1.1.0
2026-08-17 10:14:46,116 [WARN] PackLoader:240 - Cannot read IP mode file for STMicroelectronics.X-CUBE-NFC4.3.0.0
2026-08-17 10:14:46,121 [WARN] PackLoader:240 - Cannot read IP mode file for EmbeddedOffice.I-CUBE-FS-RTOS.1.0.1
2026-08-17 10:14:46,123 [WARN] PackLoader:240 - Cannot read IP mode file for wolfSSL.I-CUBE-wolfTPM.3.8.0
2026-08-17 10:14:46,127 [WARN] PackLoader:240 - Cannot read IP mode file for STMicroelectronics.X-CUBE-TCPP.4.2.0
2026-08-17 10:14:46,131 [WARN] PackLoader:240 - Cannot read IP mode file for RealThread.X-CUBE-RT-Thread_Nano.4.1.1
2026-08-17 10:14:46,136 [WARN] PackLoader:240 - Cannot read IP mode file for STMicroelectronics.FP-ATR-SIGFOX1.3.2.0
2026-08-17 10:14:46,140 [WARN] PackLoader:240 - Cannot read IP mode file for ITTIA_DB.I-CUBE-ITTIADB.8.9.0
2026-08-17 10:14:46,142 [WARN] PackLoader:240 - Cannot read IP mode file for Cesanta.I-CUBE-Mongoose.7.21.7
2026-08-17 10:14:46,145 [WARN] PackLoader:240 - Cannot read IP mode file for STMicroelectronics.X-CUBE-NFC6.3.2.0
2026-08-17 10:14:46,150 [WARN] PackLoader:240 - Cannot read IP mode file for STMicroelectronics.X-CUBE-AI.10.2.1
2026-08-17 10:14:46,183 [WARN] PackLoader:240 - Cannot read IP mode file for STMicroelectronics.X-CUBE-MEMS1.12.1.0
2026-08-17 10:14:46,256 [WARN] PackLoader:240 - Cannot read IP mode file for SEGGER.I-CUBE-embOS.1.3.1
2026-08-17 10:14:46,290 [WARN] PackLoader:240 - Cannot read IP mode file for STMicroelectronics.X-CUBE-NFC13.1.0.0
2026-08-17 10:14:46,294 [WARN] PackLoader:240 - Cannot read IP mode file for STMicroelectronics.X-CUBE-PM33A1.1.0.0
2026-08-17 10:14:46,307 [WARN] PackLoader:240 - Cannot read IP mode file for STMicroelectronics.X-CUBE-AZRTOS-F4.1.1.0
2026-08-17 10:14:46,312 [WARN] PackLoader:240 - Cannot read IP mode file for STMicroelectronics.X-CUBE-ISPU.2.1.0
2026-08-17 10:14:46,317 [ERROR] Engine:466 - /home/thuy/.stm32cubemx/thirdparties/pdsc/STMicroelectronics.X-CUBE-IPS.3.2.0.pdsc: PDSC version is not supported
2026-08-17 10:14:46,319 [WARN] PackLoader:240 - Cannot read IP mode file for STMicroelectronics.eDS-WB_DPC_TT-BIDIR.2.1.1
2026-08-17 10:14:46,324 [WARN] PackLoader:240 - Cannot read IP mode file for STMicroelectronics.X-CUBE-NFC12.1.0.0
2026-08-17 10:14:46,339 [WARN] PackLoader:240 - Cannot read IP mode file for STMicroelectronics.X-CUBE-AZRTOS-L5.2.0.0
2026-08-17 10:14:46,346 [WARN] PackLoader:240 - Cannot read IP mode file for STMicroelectronics.X-CUBE-ALGOBUILD.1.5.0
2026-08-17 10:14:46,349 [WARN] PackLoader:240 - Cannot read IP mode file for STMicroelectronics.eDS-WB_DPC_VIENNA.1.2.0
2026-08-17 10:14:46,392 [WARN] PackLoader:240 - Cannot read IP mode file for STMicroelectronics.X-CUBE-MEMS1.13.0.0
2026-08-17 10:14:46,473 [WARN] PackLoader:240 - Cannot read IP mode file for STMicroelectronics.eDS-WB_DPC_3PH2L-BIDIR.1.1.1
2026-08-17 10:14:46,477 [ERROR] Engine:466 - /home/thuy/.stm32cubemx/thirdparties/pdsc/STMicroelectronics.X-CUBE-ST67W61.1.3.0.pdsc: PDSC version is not supported
2026-08-17 10:14:46,480 [WARN] PackLoader:240 - Cannot read IP mode file for STMicroelectronics.X-CUBE-TOUCHGFX.4.26.1
2026-08-17 10:14:46,484 [WARN] PackLoader:240 - Cannot read IP mode file for STMicroelectronics.X-CUBE-DPower.1.3.0
2026-08-17 10:14:46,501 [WARN] ConditionMgr:438 - getConditionDescription Invalid condition id : LAN8742 Phy interface Condition cause : null
2026-08-17 10:14:46,501 [WARN] PackLoader:240 - Cannot read IP mode file for STMicroelectronics.X-CUBE-AZRTOS-L4.2.0.0
2026-08-17 10:14:46,502 [WARN] ConditionMgr:1044 - genDependencies : Invalid condition id : LAN8742 Phy interface Condition cause : null
2026-08-17 10:14:46,503 [WARN] ConditionMgr:1044 - genDependencies : Invalid condition id : LAN8742 Phy interface Condition cause : null
2026-08-17 10:14:46,503 [WARN] ConditionMgr:1044 - genDependencies : Invalid condition id : LAN8742 Phy interface Condition cause : null
2026-08-17 10:14:46,508 [WARN] PackLoader:240 - Cannot read IP mode file for STMicroelectronics.X-CUBE-SFXS2LP1.4.0.0
2026-08-17 10:14:46,512 [WARN] PackLoader:240 - Cannot read IP mode file for STMicroelectronics.X-CUBE-WB05N.2.1.0
2026-08-17 10:14:46,519 [WARN] ConditionMgr:438 - getConditionDescription Invalid condition id : UX DEVICE CLASS RTOS Condition cause : null
2026-08-17 10:14:46,519 [WARN] ConditionMgr:438 - getConditionDescription Invalid condition id : UX DEVICE CLASS RTOS Condition cause : null
2026-08-17 10:14:46,521 [WARN] PackLoader:240 - Cannot read IP mode file for STMicroelectronics.X-CUBE-AZRTOS-WB.2.0.0
2026-08-17 10:14:46,521 [WARN] ConditionMgr:1044 - genDependencies : Invalid condition id : UX DEVICE CLASS RTOS Condition cause : null
2026-08-17 10:14:46,521 [WARN] ConditionMgr:1044 - genDependencies : Invalid condition id : UX DEVICE CLASS RTOS Condition cause : null
2026-08-17 10:14:46,522 [WARN] ConditionMgr:1044 - genDependencies : Invalid condition id : UX DEVICE CLASS RTOS Condition cause : null
2026-08-17 10:14:46,522 [WARN] ConditionMgr:1044 - genDependencies : Invalid condition id : UX DEVICE CLASS RTOS Condition cause : null
2026-08-17 10:14:46,522 [WARN] ConditionMgr:1044 - genDependencies : Invalid condition id : UX DEVICE CLASS RTOS Condition cause : null
2026-08-17 10:14:46,524 [WARN] ConditionMgr:438 - getConditionDescription Invalid condition id : Cortex-A Device cause : null
2026-08-17 10:14:46,529 [WARN] ConditionMgr:1044 - genDependencies : Invalid condition id : Cortex-A Device cause : null
2026-08-17 10:14:46,529 [WARN] ConditionMgr:1044 - genDependencies : Invalid condition id : Cortex-A Device cause : null
2026-08-17 10:14:46,529 [WARN] ConditionMgr:1044 - genDependencies : Invalid condition id : Cortex-A Device cause : null
2026-08-17 10:14:46,533 [WARN] PackLoader:240 - Cannot read IP mode file for STMicroelectronics.X-CUBE-STSE01.2.0.0
2026-08-17 10:14:46,539 [WARN] PackLoader:240 - Cannot read IP mode file for STMicroelectronics.X-CUBE-SUBG2.5.0.0
2026-08-17 10:14:46,549 [WARN] PackLoader:240 - Cannot read IP mode file for STMicroelectronics.X-CUBE-AZRTOS-G4.2.0.0
2026-08-17 10:14:46,552 [WARN] PackLoader:240 - Cannot read IP mode file for wolfSSL.I-CUBE-wolfSSH.1.4.20
2026-08-17 10:14:46,554 [WARN] PackLoader:240 - Cannot read IP mode file for STMicroelectronics.X-CUBE-NFC7.2.0.0
2026-08-17 10:14:46,557 [ERROR] Engine:466 - /home/thuy/.stm32cubemx/thirdparties/pdsc/STMicroelectronics.X-CUBE-BLEMGR.4.2.0.pdsc: PDSC version is not supported
2026-08-17 10:14:46,559 [WARN] PackLoader:240 - Cannot read IP mode file for STMicroelectronics.X-CUBE-ALS.1.0.2
2026-08-17 10:14:46,565 [WARN] PackLoader:240 - Cannot read IP mode file for STMicroelectronics.X-CUBE-TOF1.3.4.3
2026-08-17 10:14:46,574 [INFO] ThirdParty:978 - Integrity check success = true
2026-08-17 10:14:46,574 [INFO] IntegrityCheckThread:100 - exiting critical section [integrity check]
2026-08-17 10:14:46,574 [INFO] IntegrityCheckThread:103 - End integrity checks thread
2026-08-17 10:15:12,556 [ERROR] LogOutputStream:75 - [STDERR_REDIRECT] Aug 17, 2026 10:15:12 AM java.util.prefs.FileSystemPreferences checkLockFile0ErrorCode
2026-08-17 10:15:12,556 [ERROR] LogOutputStream:75 - [STDERR_REDIRECT] WARNING: Could not lock System prefs. Unix error code 2.
2026-08-17 10:15:12,556 [ERROR] LogOutputStream:75 - [STDERR_REDIRECT] 
2026-08-17 10:15:12,557 [ERROR] LogOutputStream:75 - [STDERR_REDIRECT] Aug 17, 2026 10:15:12 AM java.util.prefs.FileSystemPreferences syncWorld
2026-08-17 10:15:12,557 [ERROR] LogOutputStream:75 - [STDERR_REDIRECT] WARNING: Couldn't flush system prefs: java.util.prefs.BackingStoreException: Couldn't get file lock.
2026-08-17 10:15:12,557 [ERROR] LogOutputStream:75 - [STDERR_REDIRECT] 
2026-08-17 10:15:42,552 [ERROR] LogOutputStream:75 - [STDERR_REDIRECT] Aug 17, 2026 10:15:42 AM java.util.prefs.FileSystemPreferences checkLockFile0ErrorCode
2026-08-17 10:15:42,552 [ERROR] LogOutputStream:75 - [STDERR_REDIRECT] WARNING: Could not lock System prefs. Unix error code 2.
2026-08-17 10:15:42,552 [ERROR] LogOutputStream:75 - [STDERR_REDIRECT] 
2026-08-17 10:15:42,553 [ERROR] LogOutputStream:75 - [STDERR_REDIRECT] Aug 17, 2026 10:15:42 AM java.util.prefs.FileSystemPreferences syncWorld
2026-08-17 10:15:42,553 [ERROR] LogOutputStream:75 - [STDERR_REDIRECT] WARNING: Couldn't flush system prefs: java.util.prefs.BackingStoreException: Couldn't get file lock.
2026-08-17 10:15:42,553 [ERROR] LogOutputStream:75 - [STDERR_REDIRECT] 
2026-08-17 10:16:12,551 [ERROR] LogOutputStream:75 - [STDERR_REDIRECT] Aug 17, 2026 10:16:12 AM java.util.prefs.FileSystemPreferences checkLockFile0ErrorCode
2026-08-17 10:16:12,551 [ERROR] LogOutputStream:75 - [STDERR_REDIRECT] WARNING: Could not lock System prefs. Unix error code 2.
2026-08-17 10:16:12,551 [ERROR] LogOutputStream:75 - [STDERR_REDIRECT] 
2026-08-17 10:16:12,552 [ERROR] LogOutputStream:75 - [STDERR_REDIRECT] Aug 17, 2026 10:16:12 AM java.util.prefs.FileSystemPreferences syncWorld
2026-08-17 10:16:12,552 [ERROR] LogOutputStream:75 - [STDERR_REDIRECT] WARNING: Couldn't flush system prefs: java.util.prefs.BackingStoreException: Couldn't get file lock.
2026-08-17 10:16:12,552 [ERROR] LogOutputStream:75 - [STDERR_REDIRECT] 
2026-08-17 10:16:42,551 [ERROR] LogOutputStream:75 - [STDERR_REDIRECT] Aug 17, 2026 10:16:42 AM java.util.prefs.FileSystemPreferences checkLockFile0ErrorCode
2026-08-17 10:16:42,552 [ERROR] LogOutputStream:75 - [STDERR_REDIRECT] WARNING: Could not lock System prefs. Unix error code 2.
2026-08-17 10:16:42,552 [ERROR] LogOutputStream:75 - [STDERR_REDIRECT] 
2026-08-17 10:16:42,552 [ERROR] LogOutputStream:75 - [STDERR_REDIRECT] Aug 17, 2026 10:16:42 AM java.util.prefs.FileSystemPreferences syncWorld
2026-08-17 10:16:42,552 [ERROR] LogOutputStream:75 - [STDERR_REDIRECT] WARNING: Couldn't flush system prefs: java.util.prefs.BackingStoreException: Couldn't get file lock.
2026-08-17 10:16:42,552 [ERROR] LogOutputStream:75 - [STDERR_REDIRECT] 
2026-08-17 10:17:12,551 [ERROR] LogOutputStream:75 - [STDERR_REDIRECT] Aug 17, 2026 10:17:12 AM java.util.prefs.FileSystemPreferences checkLockFile0ErrorCode
2026-08-17 10:17:12,551 [ERROR] LogOutputStream:75 - [STDERR_REDIRECT] WARNING: Could not lock System prefs. Unix error code 2.
2026-08-17 10:17:12,552 [ERROR] LogOutputStream:75 - [STDERR_REDIRECT] 
2026-08-17 10:17:12,552 [ERROR] LogOutputStream:75 - [STDERR_REDIRECT] Aug 17, 2026 10:17:12 AM java.util.prefs.FileSystemPreferences syncWorld
2026-08-17 10:17:12,552 [ERROR] LogOutputStream:75 - [STDERR_REDIRECT] WARNING: Couldn't flush system prefs: java.util.prefs.BackingStoreException: Couldn't get file lock.
2026-08-17 10:17:12,552 [ERROR] LogOutputStream:75 - [STDERR_REDIRECT] 
2026-08-17 10:17:42,551 [ERROR] LogOutputStream:75 - [STDERR_REDIRECT] Aug 17, 2026 10:17:42 AM java.util.prefs.FileSystemPreferences checkLockFile0ErrorCode
2026-08-17 10:17:42,551 [ERROR] LogOutputStream:75 - [STDERR_REDIRECT] WARNING: Could not lock System prefs. Unix error code 2.
2026-08-17 10:17:42,551 [ERROR] LogOutputStream:75 - [STDERR_REDIRECT] 
2026-08-17 10:17:42,552 [ERROR] LogOutputStream:75 - [STDERR_REDIRECT] Aug 17, 2026 10:17:42 AM java.util.prefs.FileSystemPreferences syncWorld
2026-08-17 10:17:42,552 [ERROR] LogOutputStream:75 - [STDERR_REDIRECT] WARNING: Couldn't flush system prefs: java.util.prefs.BackingStoreException: Couldn't get file lock.
2026-08-17 10:17:42,552 [ERROR] LogOutputStream:75 - [STDERR_REDIRECT] 
2026-08-17 10:18:12,567 [ERROR] LogOutputStream:75 - [STDERR_REDIRECT] Aug 17, 2026 10:18:12 AM java.util.prefs.FileSystemPreferences checkLockFile0ErrorCode
2026-08-17 10:18:12,567 [ERROR] LogOutputStream:75 - [STDERR_REDIRECT] WARNING: Could not lock System prefs. Unix error code 2.
2026-08-17 10:18:12,567 [ERROR] LogOutputStream:75 - [STDERR_REDIRECT] 
2026-08-17 10:18:12,567 [ERROR] LogOutputStream:75 - [STDERR_REDIRECT] Aug 17, 2026 10:18:12 AM java.util.prefs.FileSystemPreferences syncWorld
2026-08-17 10:18:12,567 [ERROR] LogOutputStream:75 - [STDERR_REDIRECT] WARNING: Couldn't flush system prefs: java.util.prefs.BackingStoreException: Couldn't get file lock.
2026-08-17 10:18:12,567 [ERROR] LogOutputStream:75 - [STDERR_REDIRECT] 
2026-08-17 10:18:42,553 [ERROR] LogOutputStream:75 - [STDERR_REDIRECT] Aug 17, 2026 10:18:42 AM java.util.prefs.FileSystemPreferences checkLockFile0ErrorCode
2026-08-17 10:18:42,553 [ERROR] LogOutputStream:75 - [STDERR_REDIRECT] WARNING: Could not lock System prefs. Unix error code 2.
2026-08-17 10:18:42,553 [ERROR] LogOutputStream:75 - [STDERR_REDIRECT] 
2026-08-17 10:18:42,553 [ERROR] LogOutputStream:75 - [STDERR_REDIRECT] Aug 17, 2026 10:18:42 AM java.util.prefs.FileSystemPreferences syncWorld
2026-08-17 10:18:42,553 [ERROR] LogOutputStream:75 - [STDERR_REDIRECT] WARNING: Couldn't flush system prefs: java.util.prefs.BackingStoreException: Couldn't get file lock.
2026-08-17 10:18:42,553 [ERROR] LogOutputStream:75 - [STDERR_REDIRECT] 
2026-08-17 10:19:12,552 [ERROR] LogOutputStream:75 - [STDERR_REDIRECT] Aug 17, 2026 10:19:12 AM java.util.prefs.FileSystemPreferences checkLockFile0ErrorCode
2026-08-17 10:19:12,552 [ERROR] LogOutputStream:75 - [STDERR_REDIRECT] WARNING: Could not lock System prefs. Unix error code 2.
2026-08-17 10:19:12,552 [ERROR] LogOutputStream:75 - [STDERR_REDIRECT] 
2026-08-17 10:19:12,552 [ERROR] LogOutputStream:75 - [STDERR_REDIRECT] Aug 17, 2026 10:19:12 AM java.util.prefs.FileSystemPreferences syncWorld
2026-08-17 10:19:12,553 [ERROR] LogOutputStream:75 - [STDERR_REDIRECT] WARNING: Couldn't flush system prefs: java.util.prefs.BackingStoreException: Couldn't get file lock.
2026-08-17 10:19:12,553 [ERROR] LogOutputStream:75 - [STDERR_REDIRECT] 
2026-08-17 10:19:42,551 [ERROR] LogOutputStream:75 - [STDERR_REDIRECT] Aug 17, 2026 10:19:42 AM java.util.prefs.FileSystemPreferences checkLockFile0ErrorCode
2026-08-17 10:19:42,551 [ERROR] LogOutputStream:75 - [STDERR_REDIRECT] WARNING: Could not lock System prefs. Unix error code 2.
2026-08-17 10:19:42,552 [ERROR] LogOutputStream:75 - [STDERR_REDIRECT] 
2026-08-17 10:19:42,552 [ERROR] LogOutputStream:75 - [STDERR_REDIRECT] Aug 17, 2026 10:19:42 AM java.util.prefs.FileSystemPreferences syncWorld
2026-08-17 10:19:42,552 [ERROR] LogOutputStream:75 - [STDERR_REDIRECT] WARNING: Couldn't flush system prefs: java.util.prefs.BackingStoreException: Couldn't get file lock.
2026-08-17 10:19:42,552 [ERROR] LogOutputStream:75 - [STDERR_REDIRECT] 
2026-08-17 10:20:12,552 [ERROR] LogOutputStream:75 - [STDERR_REDIRECT] Aug 17, 2026 10:20:12 AM java.util.prefs.FileSystemPreferences checkLockFile0ErrorCode
2026-08-17 10:20:12,552 [ERROR] LogOutputStream:75 - [STDERR_REDIRECT] WARNING: Could not lock System prefs. Unix error code 2.
2026-08-17 10:20:12,552 [ERROR] LogOutputStream:75 - [STDERR_REDIRECT] 
2026-08-17 10:20:12,552 [ERROR] LogOutputStream:75 - [STDERR_REDIRECT] Aug 17, 2026 10:20:12 AM java.util.prefs.FileSystemPreferences syncWorld
2026-08-17 10:20:12,552 [ERROR] LogOutputStream:75 - [STDERR_REDIRECT] WARNING: Couldn't flush system prefs: java.util.prefs.BackingStoreException: Couldn't get file lock.
2026-08-17 10:20:12,552 [ERROR] LogOutputStream:75 - [STDERR_REDIRECT] 
2026-08-17 10:20:42,552 [ERROR] LogOutputStream:75 - [STDERR_REDIRECT] Aug 17, 2026 10:20:42 AM java.util.prefs.FileSystemPreferences checkLockFile0ErrorCode
2026-08-17 10:20:42,552 [ERROR] LogOutputStream:75 - [STDERR_REDIRECT] WARNING: Could not lock System prefs. Unix error code 2.
2026-08-17 10:20:42,552 [ERROR] LogOutputStream:75 - [STDERR_REDIRECT] 
2026-08-17 10:20:42,552 [ERROR] LogOutputStream:75 - [STDERR_REDIRECT] Aug 17, 2026 10:20:42 AM java.util.prefs.FileSystemPreferences syncWorld
2026-08-17 10:20:42,552 [ERROR] LogOutputStream:75 - [STDERR_REDIRECT] WARNING: Couldn't flush system prefs: java.util.prefs.BackingStoreException: Couldn't get file lock.
2026-08-17 10:20:42,552 [ERROR] LogOutputStream:75 - [STDERR_REDIRECT] 
2026-08-17 10:21:12,552 [ERROR] LogOutputStream:75 - [STDERR_REDIRECT] Aug 17, 2026 10:21:12 AM java.util.prefs.FileSystemPreferences checkLockFile0ErrorCode
2026-08-17 10:21:12,552 [ERROR] LogOutputStream:75 - [STDERR_REDIRECT] WARNING: Could not lock System prefs. Unix error code 2.
2026-08-17 10:21:12,552 [ERROR] LogOutputStream:75 - [STDERR_REDIRECT] 
2026-08-17 10:21:12,552 [ERROR] LogOutputStream:75 - [STDERR_REDIRECT] Aug 17, 2026 10:21:12 AM java.util.prefs.FileSystemPreferences syncWorld
2026-08-17 10:21:12,552 [ERROR] LogOutputStream:75 - [STDERR_REDIRECT] WARNING: Couldn't flush system prefs: java.util.prefs.BackingStoreException: Couldn't get file lock.
2026-08-17 10:21:12,552 [ERROR] LogOutputStream:75 - [STDERR_REDIRECT] 
2026-08-17 10:21:17,315 [INFO] McuFinderGlobals:63 - Set McuFinder mode to 2 (CubeIDE integrated)
2026-08-17 10:21:17,318 [INFO] MainUpdater:2872 - connection check result : 10
2026-08-17 10:21:17,319 [INFO] MainUpdater:2872 - connection check result : 10
2026-08-17 10:21:17,337 [INFO] MicroXplorer:468 - Change Database Path : 
2026-08-17 10:21:17,337 [INFO] MicroXplorer:498 - Change Database Version : DB.6.0.140
2026-08-17 10:21:17,341 [WARN] ThirdParty:871 - waiting for thirdparty lock release [close project]
2026-08-17 10:21:17,341 [INFO] ThirdParty:873 - entering critical section [close project]
2026-08-17 10:21:17,342 [INFO] ThirdParty:883 - exiting critical section [close project]
2026-08-17 10:21:17,344 [INFO] PinOutPanel:1589 - setPackage(No Configuration,No Configuration)
2026-08-17 10:21:17,347 [INFO] UtilMem:75 - Begin LoadConfig() Used Memory: 834725184 Bytes (1017118720)
2026-08-17 10:21:17,349 [INFO] MicroXplorer:468 - Change Database Path : 
2026-08-17 10:21:17,349 [INFO] MicroXplorer:498 - Change Database Version : DB.6.0.140
2026-08-17 10:21:17,349 [INFO] OpenFileManager:354 - Change cursor
2026-08-17 10:21:17,373 [INFO] Mcu:2011 - Initializing MCU STM32F411C(C-E)Ux STM32F411CEUx STM32F411CEU6
2026-08-17 10:21:18,144 [INFO] Context:756 - Trying to add GPIOservice into a context  which must be forbidden
2026-08-17 10:21:18,495 [INFO] ImportTextPane:218 - (OptionalMessage_ERROR) Pin23 (VP_RIF_VS_RIF1) cannot be retrieved for this MCU
2026-08-17 10:21:18,581 [INFO] RtosManager:558 - Registered RTOS mode: class=CMSIS, group=RTOS, mode=CMSIS_V1, owner=FREERTOS
2026-08-17 10:21:18,581 [INFO] RtosManager:558 - Registered RTOS mode: class=CMSIS, group=RTOS2, mode=CMSIS_V2, owner=FREERTOS
2026-08-17 10:21:18,582 [INFO] RtosManager:558 - Registered RTOS mode: class=RTOS, group=Core, mode=CMSIS_V1, owner=FREERTOS
2026-08-17 10:21:18,582 [INFO] RtosManager:558 - Registered RTOS mode: class=RTOS, group=Core, mode=CMSIS_V2, owner=FREERTOS
2026-08-17 10:21:18,582 [WARN] ModelIntegratedComponent:184 - Missing modes for component STMicroelectronics:FreeRTOS:0.0.1:STMicroelectronics:RTOS:FreeRTOS:Core:::10.2.0:
2026-08-17 10:21:18,629 [WARN] ModelIntegratedComponent:182 - Modes not found for component STMicroelectronics:USB_HOST:1.0.0:STMicroelectronics:USB::USB Host:Audio HS::1.0:USB_HOST_1_0_RESTRICTED_HS
2026-08-17 10:21:18,630 [WARN] ModelIntegratedComponent:188 - Modes not found for component STMicroelectronics:USB_HOST:1.0.0:STMicroelectronics:USB::USB Host:Audio HS::1.0:USB_HOST_1_0_RESTRICTED_HS
2026-08-17 10:21:18,630 [WARN] ModelIntegratedComponent:182 - Modes not found for component STMicroelectronics:USB_HOST:1.0.0:STMicroelectronics:USB::USB Host:CDC HS::1.0:USB_HOST_1_0_RESTRICTED_HS
2026-08-17 10:21:18,630 [WARN] ModelIntegratedComponent:188 - Modes not found for component STMicroelectronics:USB_HOST:1.0.0:STMicroelectronics:USB::USB Host:CDC HS::1.0:USB_HOST_1_0_RESTRICTED_HS
2026-08-17 10:21:18,630 [WARN] ModelIntegratedComponent:182 - Modes not found for component STMicroelectronics:USB_HOST:1.0.0:STMicroelectronics:USB::USB Host:MSC HS::1.0:USB_HOST_1_0_RESTRICTED_HS
2026-08-17 10:21:18,630 [WARN] ModelIntegratedComponent:188 - Modes not found for component STMicroelectronics:USB_HOST:1.0.0:STMicroelectronics:USB::USB Host:MSC HS::1.0:USB_HOST_1_0_RESTRICTED_HS
2026-08-17 10:21:18,630 [WARN] ModelIntegratedComponent:182 - Modes not found for component STMicroelectronics:USB_HOST:1.0.0:STMicroelectronics:USB::USB Host:HID HS::1.0:USB_HOST_1_0_RESTRICTED_HS
2026-08-17 10:21:18,630 [WARN] ModelIntegratedComponent:188 - Modes not found for component STMicroelectronics:USB_HOST:1.0.0:STMicroelectronics:USB::USB Host:HID HS::1.0:USB_HOST_1_0_RESTRICTED_HS
2026-08-17 10:21:18,630 [WARN] ModelIntegratedComponent:182 - Modes not found for component STMicroelectronics:USB_HOST:1.0.0:STMicroelectronics:USB::USB Host:MTP HS::1.0:USB_HOST_1_0_RESTRICTED_HS
2026-08-17 10:21:18,630 [WARN] ModelIntegratedComponent:188 - Modes not found for component STMicroelectronics:USB_HOST:1.0.0:STMicroelectronics:USB::USB Host:MTP HS::1.0:USB_HOST_1_0_RESTRICTED_HS
2026-08-17 10:21:18,635 [WARN] ModelIntegratedComponent:63 - No mode defined for component null
2026-08-17 10:21:18,635 [WARN] ModelIntegratedComponent:63 - No mode defined for component null
2026-08-17 10:21:18,635 [WARN] ModelIntegratedComponent:63 - No mode defined for component null
2026-08-17 10:21:18,635 [WARN] ModelIntegratedComponent:63 - No mode defined for component null
2026-08-17 10:21:18,635 [WARN] ModelIntegratedComponent:63 - No mode defined for component null
2026-08-17 10:21:18,635 [WARN] ModelIntegratedComponent:63 - No mode defined for component null
2026-08-17 10:21:18,635 [WARN] ModelIntegratedComponent:63 - No mode defined for component null
2026-08-17 10:21:18,635 [WARN] ModelIntegratedComponent:63 - No mode defined for component null
2026-08-17 10:21:18,635 [WARN] ModelIntegratedComponent:63 - No mode defined for component null
2026-08-17 10:21:18,635 [WARN] ModelIntegratedComponent:63 - No mode defined for component null
2026-08-17 10:21:18,635 [WARN] ModelIntegratedComponent:63 - No mode defined for component null
2026-08-17 10:21:18,635 [WARN] ModelIntegratedComponent:63 - No mode defined for component null
2026-08-17 10:21:18,635 [WARN] ModelIntegratedComponent:63 - No mode defined for component null
2026-08-17 10:21:18,636 [WARN] ModelIntegratedComponent:63 - No mode defined for component null
2026-08-17 10:21:18,636 [WARN] ModelIntegratedComponent:63 - No mode defined for component null
2026-08-17 10:21:18,636 [WARN] ModelIntegratedComponent:63 - No mode defined for component null
2026-08-17 10:21:18,636 [WARN] ModelIntegratedComponent:63 - No mode defined for component null
2026-08-17 10:21:18,636 [WARN] ModelIntegratedComponent:63 - No mode defined for component null
2026-08-17 10:21:18,636 [WARN] ModelIntegratedComponent:63 - No mode defined for component null
2026-08-17 10:21:18,636 [WARN] ModelIntegratedComponent:63 - No mode defined for component null
2026-08-17 10:21:18,636 [WARN] ModelIntegratedComponent:63 - No mode defined for component null
2026-08-17 10:21:18,636 [WARN] ModelIntegratedComponent:63 - No mode defined for component null
2026-08-17 10:21:18,636 [WARN] ModelIntegratedComponent:63 - No mode defined for component null
2026-08-17 10:21:18,636 [WARN] ModelIntegratedComponent:63 - No mode defined for component null
2026-08-17 10:21:18,636 [WARN] ModelIntegratedComponent:63 - No mode defined for component null
2026-08-17 10:21:18,636 [WARN] ModelIntegratedComponent:63 - No mode defined for component null
2026-08-17 10:21:18,636 [WARN] ModelIntegratedComponent:63 - No mode defined for component null
2026-08-17 10:21:18,636 [WARN] ModelIntegratedComponent:63 - No mode defined for component null
2026-08-17 10:21:18,636 [WARN] ModelIntegratedComponent:63 - No mode defined for component null
2026-08-17 10:21:18,636 [WARN] ModelIntegratedComponent:63 - No mode defined for component null
2026-08-17 10:21:18,636 [WARN] ModelIntegratedComponent:63 - No mode defined for component null
2026-08-17 10:21:18,636 [WARN] ModelIntegratedComponent:63 - No mode defined for component null
2026-08-17 10:21:18,636 [WARN] ModelIntegratedComponent:63 - No mode defined for component null
2026-08-17 10:21:18,636 [WARN] ModelIntegratedComponent:63 - No mode defined for component null
2026-08-17 10:21:18,636 [WARN] ModelIntegratedComponent:63 - No mode defined for component null
2026-08-17 10:21:18,637 [WARN] ModelPack:524 - Component already loaded: STMicroelectronics:HAL Drivers:0.0.0:STMicroelectronics:Device:STMicro_Driver:XSPI:HAL::0.0.1:HAL_XSPI
2026-08-17 10:21:18,677 [WARN] ModelIntegratedComponent:182 - Modes not found for component STMicroelectronics:USB_DEVICE:1.0.0:STMicroelectronics:USB::USB Device:Audio HS::1.0:USB_DEVICE_1_0_RESTRICTED_HS
2026-08-17 10:21:18,677 [WARN] ModelIntegratedComponent:188 - Modes not found for component STMicroelectronics:USB_DEVICE:1.0.0:STMicroelectronics:USB::USB Device:Audio HS::1.0:USB_DEVICE_1_0_RESTRICTED_HS
2026-08-17 10:21:18,677 [WARN] ModelIntegratedComponent:182 - Modes not found for component STMicroelectronics:USB_DEVICE:1.0.0:STMicroelectronics:USB::USB Device:CDC HS::1.0:USB_DEVICE_1_0_RESTRICTED_HS
2026-08-17 10:21:18,677 [WARN] ModelIntegratedComponent:188 - Modes not found for component STMicroelectronics:USB_DEVICE:1.0.0:STMicroelectronics:USB::USB Device:CDC HS::1.0:USB_DEVICE_1_0_RESTRICTED_HS
2026-08-17 10:21:18,677 [WARN] ModelIntegratedComponent:182 - Modes not found for component STMicroelectronics:USB_DEVICE:1.0.0:STMicroelectronics:USB::USB Device:DFU HS::1.0:USB_DEVICE_1_0_RESTRICTED_HS
2026-08-17 10:21:18,677 [WARN] ModelIntegratedComponent:188 - Modes not found for component STMicroelectronics:USB_DEVICE:1.0.0:STMicroelectronics:USB::USB Device:DFU HS::1.0:USB_DEVICE_1_0_RESTRICTED_HS
2026-08-17 10:21:18,677 [WARN] ModelIntegratedComponent:182 - Modes not found for component STMicroelectronics:USB_DEVICE:1.0.0:STMicroelectronics:USB::USB Device:HID HS::1.0:USB_DEVICE_1_0_RESTRICTED_HS
2026-08-17 10:21:18,677 [WARN] ModelIntegratedComponent:188 - Modes not found for component STMicroelectronics:USB_DEVICE:1.0.0:STMicroelectronics:USB::USB Device:HID HS::1.0:USB_DEVICE_1_0_RESTRICTED_HS
2026-08-17 10:21:18,677 [WARN] ModelIntegratedComponent:182 - Modes not found for component STMicroelectronics:USB_DEVICE:1.0.0:STMicroelectronics:USB::USB Device:Custom HID HS::1.0:USB_DEVICE_1_0_RESTRICTED_HS
2026-08-17 10:21:18,677 [WARN] ModelIntegratedComponent:188 - Modes not found for component STMicroelectronics:USB_DEVICE:1.0.0:STMicroelectronics:USB::USB Device:Custom HID HS::1.0:USB_DEVICE_1_0_RESTRICTED_HS
2026-08-17 10:21:18,677 [WARN] ModelIntegratedComponent:182 - Modes not found for component STMicroelectronics:USB_DEVICE:1.0.0:STMicroelectronics:USB::USB Device:MSC HS::1.0:USB_DEVICE_1_0_RESTRICTED_HS
2026-08-17 10:21:18,678 [WARN] ModelIntegratedComponent:188 - Modes not found for component STMicroelectronics:USB_DEVICE:1.0.0:STMicroelectronics:USB::USB Device:MSC HS::1.0:USB_DEVICE_1_0_RESTRICTED_HS
2026-08-17 10:21:18,698 [INFO] ThirdPartyModel:298 - Start build external matchings
2026-08-17 10:21:18,934 [INFO] ThirdPartyModel:316 - End build external matchings
2026-08-17 10:21:18,948 [INFO] ImportTextPane:218 - (OptionalMessage_ERROR) IP (DMA) : Parameter (Instance) has Id (SPI1_RX) currently not set
2026-08-17 10:21:18,948 [INFO] ImportTextPane:218 - (OptionalMessage_ERROR) IP (DMA) : Parameter (Channel) has Id (SPI1_RX) currently not set
2026-08-17 10:21:18,948 [INFO] ImportTextPane:218 - (OptionalMessage_ERROR) IP (DMA) : Parameter (Direction) has Id (SPI1_RX) currently not set
2026-08-17 10:21:18,948 [INFO] ImportTextPane:218 - (OptionalMessage_ERROR) IP (DMA) : Parameter (PeriphInc) has Id (SPI1_RX) currently not set
2026-08-17 10:21:18,948 [INFO] ImportTextPane:218 - (OptionalMessage_ERROR) IP (DMA) : Parameter (MemInc) has Id (SPI1_RX) currently not set
2026-08-17 10:21:18,948 [INFO] ImportTextPane:218 - (OptionalMessage_ERROR) IP (DMA) : Parameter (PeriphDataAlignment) has Id (SPI1_RX) currently not set
2026-08-17 10:21:18,948 [INFO] ImportTextPane:218 - (OptionalMessage_ERROR) IP (DMA) : Parameter (MemDataAlignment) has Id (SPI1_RX) currently not set
2026-08-17 10:21:18,948 [INFO] ImportTextPane:218 - (OptionalMessage_ERROR) IP (DMA) : Parameter (Mode) has Id (SPI1_RX) currently not set
2026-08-17 10:21:18,948 [INFO] ImportTextPane:218 - (OptionalMessage_ERROR) IP (DMA) : Parameter (Priority) has Id (SPI1_RX) currently not set
2026-08-17 10:21:18,948 [INFO] ImportTextPane:218 - (OptionalMessage_ERROR) IP (DMA) : Parameter (FIFOMode) has Id (SPI1_RX) currently not set
2026-08-17 10:21:18,949 [INFO] ImportTextPane:218 - (OptionalMessage_ERROR) IP (RCC) : Parameter (48MHZClocksFreq_Value) has invalid value (50000000)
2026-08-17 10:21:18,950 [INFO] ImportTextPane:218 - (OptionalMessage_ERROR) IP (RCC) : Parameter (RTCHSEDivFreq_Value) has invalid value (12500000)
2026-08-17 10:21:19,096 [INFO] ApiDb:581 - Connected to CubeFinder SQLite database (/home/thuy/.stmcufinder/plugins/mcufinder/mcu/cube-finder-db.db)
2026-08-17 10:21:19,139 [INFO] ApiDb:668 - CubeFinder database Data Model version=2.1
2026-08-17 10:21:19,139 [INFO] ApiDb:669 - CubeFinder database Configuration version=3.0.42
2026-08-17 10:21:19,139 [INFO] ApiDb:670 - CubeFinder database generation date=2026-06-23 (1782213372)
2026-08-17 10:21:19,139 [INFO] ApiDb:671 - CubeFinder database FW Pack versions=[FP-ATR-ASTRA1_V2.0.0, FP-SNS-FLIGHT1_V5.1.0, FP-SNS-MOTENV1_V5.1.0, FP-SNS-MOTENVWB1_V1.5.0, FP-SNS-SMARTAG2_V1.2.0, FP-SNS-STBOX1_V2.1.0, STM32Cube_FW_C0_V1.4.0, STM32Cube_FW_F4_V1.28.3, STM32Cube_FW_F7_V1.17.4, STM32Cube_FW_G0_V1.6.3, STM32Cube_FW_G4_V1.6.2, STM32Cube_FW_H5_V1.7.0, STM32Cube_FW_H7RS_V1.3.0, STM32Cube_FW_H7_V1.13.0, STM32Cube_FW_L0_V1.12.2, STM32Cube_FW_L4_V1.18.2, STM32Cube_FW_L5_V1.6.0, STM32Cube_FW_N6_V1.4.0, STM32Cube_FW_U0_V1.3.0, STM32Cube_FW_U3_V1.4.0, STM32Cube_FW_U5_V1.9.0, STM32Cube_FW_WB0_V1.5.0, STM32Cube_FW_WBA_V1.10.0, STM32Cube_FW_WB_V1.24.0, STM32Cube_FW_WL3_V1.5.0, STM32Cube_FW_WL_V1.6.0, X-CUBE-ALGOBUILD_V1.5.0, X-CUBE-ALS_V1.0.2, X-CUBE-AZRTOS-F4_V1.1.0, X-CUBE-AZRTOS-F7_V1.1.0, X-CUBE-AZRTOS-G0_V1.1.0, X-CUBE-AZRTOS-G4_V2.0.0, X-CUBE-AZRTOS-H7RS_V1.1.0, X-CUBE-AZRTOS-H7_V3.5.0, X-CUBE-AZRTOS-L4_V2.0.0, X-CUBE-AZRTOS-L5_V2.0.0, X-CUBE-AZRTOS-WB_V2.0.0, X-CUBE-AZRTOS-WL_V2.0.0, X-CUBE-BLE1_V7.1.0, X-CUBE-BLE2_V3.3.0, X-CUBE-BLEMGR_V4.1.0, X-CUBE-EEPRMA1_V5.2.0, X-CUBE-FREERTOS_V1.5.0, X-CUBE-GNSS1_V7.1.1, X-CUBE-MEMS1_V12.1.0, X-CUBE-NFC4_V3.0.0, X-CUBE-NFC7_V2.0.0, X-CUBE-SFXS2LP1_V4.0.0, X-CUBE-ST67W61_V1.3.0, X-CUBE-SUBG2_V5.0.0, X-CUBE-TOF1_V3.4.3]
2026-08-17 10:21:19,214 [INFO] DbBoardsSqlite:226 - include board P-NUCLEO-WB55-NUCLEO as a kit item of type 'Nucleo-64'
2026-08-17 10:21:19,215 [INFO] DbBoardsSqlite:226 - include board P-NUCLEO-WB55-USBDONGLE as a kit item of type 'Nucleo USB Dongle'
2026-08-17 10:21:19,215 [INFO] DbBoardsSqlite:226 - include board STEVAL-IDP005V1 as a kit item of type 'Evaluation Board'
2026-08-17 10:21:19,215 [INFO] DbBoardsSqlite:226 - include board STEVAL-IDP005V2 as a kit item of type 'Evaluation Board'
2026-08-17 10:21:19,324 [INFO] ApiDb:240 - Found 895 in-development CPN: [B-G473E-ZEST1S, B-WB1M-WPAN1, B-WBA5M-WPAN, B-WL5M-SUBG1, NUCLEO-C031C6, NUCLEO-C051C8, NUCLEO-C071RB, NUCLEO-C092RC, NUCLEO-H503RB, NUCLEO-H533RE, NUCLEO-H563ZI, NUCLEO-H7S3L8, NUCLEO-N657X0-Q, NUCLEO-U031R8, NUCLEO-U083RC, NUCLEO-U385RG-Q, NUCLEO-U545RE-Q, NUCLEO-U5A5ZJ-Q, NUCLEO-WB05KZ, NUCLEO-WB07CC, NUCLEO-WB09KE, NUCLEO-WBA52CG, NUCLEO-WBA55CG, NUCLEO-WBA65RI, NUCLEO-WL33CC1, NUCLEO-WL33CC2, STEVAL-PROTEUS1, STEVAL-SMARTAG2, STEVAL-STWINBX1, STM320518-EVAL, STM32C0116-DK, STM32C011D6Y3TR, STM32C011D6Y6TR, STM32C011F4P3, STM32C011F4P6, STM32C011F4U3, STM32C011F4U6TR, STM32C011F6P3, STM32C011F6P6, STM32C011F6U3, STM32C011F6U6TR, STM32C011J4M3, STM32C011J4M6, STM32C011J6M3, STM32C011J6M6, STM32C0316-DK, STM32C031C4T3, STM32C031C4T6, STM32C031C4U3, STM32C031C4U6, STM32C031C6T3, STM32C031C6T6, STM32C031C6U3, STM32C031C6U6, STM32C031F4P3, STM32C031F4P6, STM32C031F6P3, STM32C031F6P6, STM32C031G4U3, STM32C031G4U6, STM32C031G6U3, STM32C031G6U6, STM32C031K4T3, STM32C031K4T6, STM32C031K4U3, STM32C031K4U6, STM32C031K6T3, STM32C031K6T6, STM32C031K6U3, STM32C031K6U6, STM32C051C6T6, STM32C051C6U6, STM32C051C8T6, STM32C051C8U6, STM32C051D8Y6TR, STM32C051F6P6, STM32C051F8P6, STM32C051G6U6, STM32C051G8U6, STM32C051K6T6, STM32C051K6U6, STM32C051K8T6, STM32C071C8T6, STM32C071C8T6N, STM32C071C8U6, STM32C071C8U6N, STM32C071CBT6, STM32C071CBT6N, STM32C071CBU6, STM32C071CBU6N, STM32C071F8P6, STM32C071F8P6N, STM32C071FBP6, STM32C071FBP6N, STM32C071FBY6TR, STM32C071G8U6, STM32C071G8U6N, STM32C071GBU6, STM32C071GBU6N, STM32C071K8T6, STM32C071K8T6N, STM32C071K8U6, STM32C071K8U6N, STM32C071KBT6, STM32C071KBT6N, STM32C071KBU6, STM32C071KBU6N, STM32C071R8T6, STM32C071R8T6N, STM32C071RBI6N, STM32C071RBT6, STM32C071RBT6N, STM32C091CBT6, STM32C091CBU6, STM32C091CCT6, STM32C091CCU6, STM32C091ECY6TR, STM32C091FBP6, STM32C091FCP6, STM32C091GBU6, STM32C091GCU6, STM32C091KBT6, STM32C091KBU6, STM32C091KCT6, STM32C091KCU6, STM32C091RBT6, STM32C091RCI6, STM32C091RCT6, STM32C092CBT6, STM32C092CBU6, STM32C092CCT6, STM32C092CCU6, STM32C092ECY6TR, STM32C092FBP6, STM32C092FCP6, STM32C092GBU6, STM32C092GCU6, STM32C092KBT6, STM32C092KBU6, STM32C092KCT6, STM32C092KCU6, STM32C092RBT6, STM32C092RCI6, STM32C092RCT6, STM32G071K8TXN, STM32G071K8UXN, STM32G081GBU6N, STM32G081KBT6N, STM32G081KBUXN, STM32G0B1CCT6N, STM32G0B1KCT6, STM32G0B1NEY6TR, STM32G0B1RCT6N, STM32G0C1CCT6, STM32G0C1CCT6N, STM32G0C1CCU6N, STM32G0C1CET6N, STM32G0C1CEU6N, STM32G0C1KCT6, STM32G0C1NEY6TR, STM32G0C1RCI6N, STM32G0C1RCT6N, STM32G0C1REI6N, STM32G0C1RET6N, STM32G0C1VCI6, STM32G0C1VEI6, STM32G411C6T3, STM32G411C6T6, STM32G411C6U3, STM32G411C6U6, STM32G411C8T3, STM32G411C8T6, STM32G411C8U3, STM32G411C8U6, STM32G411CBT3, STM32G411CBT6, STM32G411CBU3, STM32G411CBU6, STM32G411CCT3, STM32G411CCT6, STM32G411CCU3, STM32G411CCU6, STM32G411K6T3, STM32G411K6T6, STM32G411K6U3, STM32G411K6U6, STM32G411K8T3, STM32G411K8T6, STM32G411K8U3, STM32G411K8U6, STM32G411KBT3, STM32G411KBT6, STM32G411KBU3, STM32G411KBU6, STM32G411M6T3, STM32G411M6T6, STM32G411M8T3, STM32G411M8T6, STM32G411MBT3, STM32G411MBT6, STM32G411MCT3, STM32G411MCT6, STM32G411R6T3, STM32G411R6T6, STM32G411R8T3, STM32G411R8T6, STM32G411RBT3, STM32G411RBT6, STM32G411RCT3, STM32G411RCT6, STM32G414CBT3, STM32G414CBT6, STM32G414CBU3, STM32G414CBU6, STM32G414CCT3, STM32G414CCT6, STM32G414CCU3, STM32G414CCU6, STM32G414MBT3, STM32G414MBT6, STM32G414MCT3, STM32G414MCT6, STM32G414RBT3, STM32G414RBT6, STM32G414RCT3, STM32G414RCT6, STM32G414VBT3, STM32G414VBT6, STM32G414VCT3, STM32G414VCT6, STM32G431CBT3Z, STM32G431RBT3Z, STM32G471CCT6, STM32G471CCU6, STM32G471CET3, STM32G471CET6, STM32G471CEU3, STM32G471CEU6, STM32G471MCT6, STM32G471MET3, STM32G471MET6, STM32G471MEY6TR, STM32G471QCT6, STM32G471QET3, STM32G471RCT6, STM32G471RET3, STM32G471RET6, STM32G471VCH6, STM32G471VCI6, STM32G471VCT6, STM32G471VEH3, STM32G471VEH6, STM32G471VEI3, STM32G471VEI6, STM32G471VET3, STM32G471VET6, STM32G473QET3Z, STM32G473RET3Z, STM32G474CCT6, STM32G491RET3Z, STM32H503CBT6, STM32H503CBU6, STM32H503EBY6TR, STM32H503KBU6, STM32H503RBT6, STM32H523CCT6, STM32H523CCU6, STM32H523CET6, STM32H523CEU6, STM32H523HEY6TR, STM32H523RCT6, STM32H523RET6, STM32H523VCI6, STM32H523VCT6, STM32H523VEI6, STM32H523VET6, STM32H523ZCJ6, STM32H523ZCT6, STM32H523ZEJ6, STM32H523ZET6, STM32H533CET6, STM32H533CEU6, STM32H533HEY6TR, STM32H533RET6, STM32H533VEI6, STM32H533VET6, STM32H533ZEJ6, STM32H533ZET6, STM32H562AGI6, STM32H562AII6, STM32H562IGK6, STM32H562IGT6, STM32H562IIK6, STM32H562IIT6, STM32H562RGT6, STM32H562RGV6, STM32H562RIT6, STM32H562RIV6, STM32H562VGT6, STM32H562VIT6, STM32H562ZGT6, STM32H562ZIT6, STM32H563AGI6, STM32H563AII3Q, STM32H563AII6, STM32H563IGK6, STM32H563IGT6, STM32H563IIK3Q, STM32H563IIK6, STM32H563IIT3Q, STM32H563IIT6, STM32H563MIY3QTR, STM32H563RGT6, STM32H563RGV6, STM32H563RIT6, STM32H563RIV6, STM32H563VGT6, STM32H563VIT3Q, STM32H563VIT6, STM32H563ZGT6, STM32H563ZIT3Q, STM32H563ZIT6, STM32H573AII3Q, STM32H573AII6, STM32H573I-DK, STM32H573IIK3Q, STM32H573IIK6, STM32H573IIT3Q, STM32H573IIT6, STM32H573MIY3QTR, STM32H573RIT6, STM32H573RIV6, STM32H573VIT3Q, STM32H573VIT6, STM32H573ZIT3Q, STM32H573ZIT6, STM32H7R3A8I6, STM32H7R3I8K6, STM32H7R3I8T6, STM32H7R3L8H6, STM32H7R3L8H6H, STM32H7R3R8V6, STM32H7R3V8H6, STM32H7R3V8T6, STM32H7R3V8Y6TR, STM32H7R3Z8J6, STM32H7R3Z8T6, STM32H7R7A8I6, STM32H7R7I8K6, STM32H7R7I8T6, STM32H7R7L8H6, STM32H7R7L8H6H, STM32H7R7Z8J6, STM32H7S3A8I6, STM32H7S3I8K6, STM32H7S3I8T6, STM32H7S3L8H6, STM32H7S3L8H6H, STM32H7S3R8V6, STM32H7S3V8H6, STM32H7S3V8T6, STM32H7S3V8Y6TR, STM32H7S3Z8J6, STM32H7S3Z8T6, STM32H7S78-DK, STM32H7S7A8I6, STM32H7S7I8K6, STM32H7S7I8T6, STM32H7S7L8H6, STM32H7S7L8H6H, STM32H7S7Z8J6, STM32L4R5QGI6STR, STM32MP131AAE3, STM32MP131AAF3, STM32MP131AAG3, STM32MP131CAE3, STM32MP131CAF3, STM32MP131CAG3, STM32MP131DAE7, STM32MP131DAF7, STM32MP131DAG7, STM32MP131FAE7, STM32MP131FAF7, STM32MP131FAG7, STM32MP133AAE3, STM32MP133AAF3, STM32MP133AAG3, STM32MP133CAE3, STM32MP133CAF3, STM32MP133CAG3, STM32MP133DAE7, STM32MP133DAF7, STM32MP133DAG7, STM32MP133FAE7, STM32MP133FAF7, STM32MP133FAG7, STM32MP135AAE3, STM32MP135AAF3, STM32MP135AAG3, STM32MP135CAE3, STM32MP135CAF3, STM32MP135CAG3, STM32MP135DAE7, STM32MP135DAF7, STM32MP135DAG7, STM32MP135F-DK, STM32MP135FAE7, STM32MP135FAF7, STM32MP135FAF7T, STM32MP135FAF7U, STM32MP135FAG7, STM32MP231AAJ3, STM32MP231AAK3, STM32MP231AAL3, STM32MP231CAJ3, STM32MP231CAK3, STM32MP231CAL3, STM32MP231DAJ3, STM32MP231DAK3, STM32MP231DAL3, STM32MP231FAJ3, STM32MP231FAK3, STM32MP231FAL3, STM32MP233AAJ3, STM32MP233AAK3, STM32MP233AAL3, STM32MP233CAJ3, STM32MP233CAK3, STM32MP233CAL3, STM32MP233DAJ3, STM32MP233DAK3, STM32MP233DAL3, STM32MP233FAJ3, STM32MP233FAK3, STM32MP233FAL3, STM32MP235AAJ3, STM32MP235AAK3, STM32MP235AAL3, STM32MP235CAJ3, STM32MP235CAK3, STM32MP235CAL3, STM32MP235DAJ3, STM32MP235DAK3, STM32MP235DAL3, STM32MP235FAJ3, STM32MP235FAK3, STM32MP235FAL3, STM32MP251AAI3, STM32MP251AAJ3, STM32MP251AAK3, STM32MP251AAL3, STM32MP251CAI3, STM32MP251CAJ3, STM32MP251CAK3, STM32MP251CAL3, STM32MP251DAI3, STM32MP251DAJ3, STM32MP251DAK3, STM32MP251DAL3, STM32MP251FAI3, STM32MP251FAJ3, STM32MP251FAK3, STM32MP251FAL3, STM32MP253AAI3, STM32MP253AAJ3, STM32MP253AAK3, STM32MP253AAL3, STM32MP253CAI3, STM32MP253CAJ3, STM32MP253CAK3, STM32MP253CAL3, STM32MP253DAI3, STM32MP253DAJ3, STM32MP253DAK3, STM32MP253DAL3, STM32MP253FAI3, STM32MP253FAJ3, STM32MP253FAK3, STM32MP253FAL3, STM32MP255AAI3, STM32MP255AAJ3, STM32MP255AAK3, STM32MP255AAL3, STM32MP255CAI3, STM32MP255CAJ3, STM32MP255CAK3, STM32MP255CAL3, STM32MP255DAI3, STM32MP255DAJ3, STM32MP255DAK3, STM32MP255DAL3, STM32MP255FAI3, STM32MP255FAJ3, STM32MP255FAK3, STM32MP255FAL3, STM32MP257AAI3, STM32MP257AAJ3, STM32MP257AAK3, STM32MP257AAL3, STM32MP257CAI3, STM32MP257CAJ3, STM32MP257CAK3, STM32MP257CAL3, STM32MP257DAI3, STM32MP257DAJ3, STM32MP257DAK3, STM32MP257DAL3, STM32MP257F-DK, STM32MP257F-EV1, STM32MP257FAI3, STM32MP257FAJ3, STM32MP257FAK3, STM32MP257FAL3, STM32N645A0H3Q, STM32N645B0H3Q, STM32N645I0H3Q, STM32N645L0H3Q, STM32N645X0H3Q, STM32N645Z0H3Q, STM32N647A0H3Q, STM32N647B0H3Q, STM32N647I0H3Q, STM32N647L0H3Q, STM32N647X0H3Q, STM32N647Z0H3Q, STM32N655A0H3Q, STM32N655B0H3Q, STM32N655I0H3Q, STM32N655L0H3Q, STM32N655X0H3Q, STM32N655Z0H3Q, STM32N6570-DK, STM32N657A0H3Q, STM32N657B0H3Q, STM32N657I0H3Q, STM32N657L0H3Q, STM32N657X0H3Q, STM32N657Z0H3Q, STM32U031C6T6, STM32U031C6U6, STM32U031C8T6, STM32U031C8U6, STM32U031F4P6, STM32U031F6P6, STM32U031F8P6, STM32U031G6Y6TR, STM32U031G8Y6TR, STM32U031K4U6, STM32U031K6U6, STM32U031K8U6, STM32U031R6I6, STM32U031R6T6, STM32U031R8I6, STM32U031R8T6, STM32U073C8T6, STM32U073C8U6, STM32U073CBT6, STM32U073CBU6, STM32U073CCT6, STM32U073CCU6, STM32U073H8Y6TR, STM32U073HBY6TR, STM32U073HCY6TR, STM32U073K8U6, STM32U073KBU6, STM32U073KCU6, STM32U073M8I6, STM32U073M8T6, STM32U073MBI6, STM32U073MBT6, STM32U073MCI6, STM32U073MCT6, STM32U073R8I6, STM32U073R8T6, STM32U073RBI6, STM32U073RBT6, STM32U073RCI6, STM32U073RCT6, STM32U083C-DK, STM32U083CCT6, STM32U083CCU6, STM32U083HCY6TR, STM32U083KCU6, STM32U083MCI6, STM32U083MCT6, STM32U083RCI6, STM32U083RCT6, STM32U375CET6, STM32U375CET6Q, STM32U375CEU6, STM32U375CEU6Q, STM32U375CEY6QTR, STM32U375CGT6, STM32U375CGT6Q, STM32U375CGU6, STM32U375CGU6Q, STM32U375CGY6QTR, STM32U375KEU6, STM32U375KGU6, STM32U375REI6, STM32U375REI6Q, STM32U375RET6, STM32U375RET6Q, STM32U375REY6GTR, STM32U375REY6QTR, STM32U375RGI6, STM32U375RGI6Q, STM32U375RGT6, STM32U375RGT6Q, STM32U375RGY6GTR, STM32U375RGY6QTR, STM32U375VEI6, STM32U375VEI6Q, STM32U375VET6, STM32U375VET6Q, STM32U375VGI6, STM32U375VGI6Q, STM32U375VGT6, STM32U375VGT6Q, STM32U385CGT6, STM32U385CGT6Q, STM32U385CGU6, STM32U385CGU6Q, STM32U385CGY6QTR, STM32U385KGU6, STM32U385RGI6, STM32U385RGI6Q, STM32U385RGT6, STM32U385RGT6Q, STM32U385RGY6GTR, STM32U385RGY6QTR, STM32U385VGI6, STM32U385VGI6Q, STM32U385VGT6, STM32U385VGT6Q, STM32U535CBT6, STM32U535CBT6Q, STM32U535CBU6, STM32U535CBU6Q, STM32U535CCT6, STM32U535CCT6Q, STM32U535CCU6, STM32U535CCU6Q, STM32U535CET6, STM32U535CET6Q, STM32U535CEU6, STM32U535CEU6Q, STM32U535JEY6QTR, STM32U535NCY6QTR, STM32U535NEY6QTR, STM32U535RBI6, STM32U535RBI6Q, STM32U535RBT6, STM32U535RBT6Q, STM32U535RCI6, STM32U535RCI6Q, STM32U535RCT6, STM32U535RCT6Q, STM32U535REI6, STM32U535REI6Q, STM32U535RET6, STM32U535RET6Q, STM32U535VCI6, STM32U535VCI6Q, STM32U535VCT6, STM32U535VCT6Q, STM32U535VEI6, STM32U535VEI6Q, STM32U535VET6, STM32U535VET6Q, STM32U545CET6, STM32U545CET6Q, STM32U545CEU6, STM32U545CEU6Q, STM32U545JEY6QTR, STM32U545NEY6QTR, STM32U545REI6, STM32U545REI6Q, STM32U545RET6, STM32U545RET6Q, STM32U545VEI6, STM32U545VEI6Q, STM32U545VET6, STM32U545VET6Q, STM32U595AIH6, STM32U595AIH6Q, STM32U595AJH6, STM32U595AJH6Q, STM32U595QII6, STM32U595QII6Q, STM32U595QJI6, STM32U595QJI6Q, STM32U595RIT6, STM32U595RIT6Q, STM32U595RJT6, STM32U595RJT6Q, STM32U595VIT6, STM32U595VIT6Q, STM32U595VJT6, STM32U595VJT6Q, STM32U595ZIT6, STM32U595ZIT6Q, STM32U595ZIY6QTR, STM32U595ZJT6, STM32U595ZJT6Q, STM32U595ZJY6QTR, STM32U599BJY6QTR, STM32U599NIH6Q, STM32U599NJH6Q, STM32U599VIT6Q, STM32U599VJT6, STM32U599VJT6Q, STM32U599ZIT6Q, STM32U599ZIY6QTR, STM32U599ZJT6Q, STM32U599ZJY6QTR, STM32U5A5AJH6, STM32U5A5AJH6Q, STM32U5A5QII3Q , STM32U5A5QJI6, STM32U5A5QJI6Q, STM32U5A5RJT6, STM32U5A5RJT6Q, STM32U5A5VJT6, STM32U5A5VJT6Q, STM32U5A5ZJT6, STM32U5A5ZJT6Q, STM32U5A5ZJY6QTR, STM32U5A9BJY6QTR, STM32U5A9J-DK, STM32U5A9NJH6Q, STM32U5A9VJT6Q, STM32U5A9ZJT6Q, STM32U5A9ZJY6QTR, STM32U5F7VIT6, STM32U5F7VIT6Q, STM32U5F7VJT6, STM32U5F7VJT6Q, STM32U5F9BJY6QTR, STM32U5F9NJH6Q, STM32U5F9VIT6Q, STM32U5F9VJT6Q, STM32U5F9ZIJ6QTR, STM32U5F9ZIT6Q, STM32U5F9ZJJ6QTR, STM32U5F9ZJT6Q, STM32U5G7VJT6, STM32U5G7VJT6Q, STM32U5G9BJY6QTR, STM32U5G9J-DK1, STM32U5G9J-DK2, STM32U5G9NJH6Q, STM32U5G9VJT6Q, STM32U5G9ZJJ6QTR, STM32U5G9ZJT6Q, STM32WB05KZV6TR, STM32WB05KZV7TR, STM32WB05TZF6TR, STM32WB05TZF7TR, STM32WB06CCF6TR, STM32WB06CCF7TR, STM32WB06CCV6TR, STM32WB06CCV7TR, STM32WB06KCV6TR, STM32WB06KCV7TR, STM32WB07CCF6TR, STM32WB07CCF7TR, STM32WB07CCV6TR, STM32WB07CCV7TR, STM32WB07KCV6TR, STM32WB07KCV7TR, STM32WB09KEV6TR, STM32WB09KEV7TR, STM32WB09TEF6TR, STM32WB09TEF7TR, STM32WB1MMCH6, STM32WBA50KGU6, STM32WBA50KGU6TR, STM32WBA52CEU6, STM32WBA52CEU6TR, STM32WBA52CEU7, STM32WBA52CEU7TR, STM32WBA52CGU6, STM32WBA52CGU6TR, STM32WBA52CGU6U, STM32WBA52CGU7, STM32WBA52CGU7TR, STM32WBA52KEU6, STM32WBA52KEU6TR, STM32WBA52KGU6, STM32WBA52KGU6TR, STM32WBA54CEU6, STM32WBA54CEU6TR, STM32WBA54CEU7, STM32WBA54CEU7TR, STM32WBA54CGU6, STM32WBA54CGU6TR, STM32WBA54CGU7, STM32WBA54CGU7TR, STM32WBA54KEU6, STM32WBA54KEU6TR, STM32WBA54KEU7, STM32WBA54KEU7TR, STM32WBA54KGU6, STM32WBA54KGU6TR, STM32WBA54KGU7, STM32WBA54KGU7TR, STM32WBA55CEU6, STM32WBA55CEU6TR, STM32WBA55CEU7, STM32WBA55CEU7TR, STM32WBA55CGU6, STM32WBA55CGU6TR, STM32WBA55CGU6U, STM32WBA55CGU7, STM32WBA55CGU7TR, STM32WBA55G-DK1, STM32WBA55HEF6, STM32WBA55HEF7, STM32WBA55HGF6, STM32WBA55HGF7, STM32WBA55UEI6, STM32WBA55UEI6TR, STM32WBA55UEI7, STM32WBA55UEI7TR, STM32WBA55UGI6, STM32WBA55UGI6TR, STM32WBA55UGI7, STM32WBA55UGI7TR, STM32WBA5MJGH6TR, STM32WBA62CGU6, STM32WBA62CIU6, STM32WBA62MGF6, STM32WBA62MIF6, STM32WBA62PGI6, STM32WBA62PII6, STM32WBA63CGU6, STM32WBA63CGU7, STM32WBA63CIU6, STM32WBA63CIU7, STM32WBA64CGU6, STM32WBA64CGU7, STM32WBA64CIU6, STM32WBA64CIU7, STM32WBA65CGU6, STM32WBA65CGU7, STM32WBA65CIU6, STM32WBA65CIU7, STM32WBA65I-DK1, STM32WBA65MGF6, STM32WBA65MGF7, STM32WBA65MIF6, STM32WBA65MIF7, STM32WBA65PGI6, STM32WBA65PGI7, STM32WBA65PII6, STM32WBA65PII7, STM32WBA65RGV6, STM32WBA65RGV7, STM32WBA65RIV6, STM32WBA65RIV7, STM32WL30K8V6, STM32WL30KBV6, STM32WL31C8V6, STM32WL31CBV6, STM32WL31K8V6, STM32WL31KBV6, STM32WL33C8V6, STM32WL33C8V6TR, STM32WL33C8V7, STM32WL33C8V7TR, STM32WL33CBV6, STM32WL33CBV6TR, STM32WL33CBV7, STM32WL33CBV7TR, STM32WL33CCV6, STM32WL33CCV6TR, STM32WL33CCV7, STM32WL33CCV7A, STM32WL33CCV7ATR, STM32WL33CCV7TR, STM32WL33K8V6, STM32WL33K8V6TR, STM32WL33K8V7, STM32WL33K8V7TR, STM32WL33KBV6, STM32WL33KBV6TR, STM32WL33KBV7, STM32WL33KBV7TR, STM32WL33KCV6, STM32WL33KCV6TR, STM32WL33KCV7, STM32WL33KCV7TR, STM32WL5MOCH6, STM32WL5MOCH6TR]
2026-08-17 10:21:19,327 [INFO] ApiDb:668 - CubeFinder database Data Model version=2.1
2026-08-17 10:21:19,327 [INFO] ApiDb:669 - CubeFinder database Configuration version=3.0.42
2026-08-17 10:21:19,327 [INFO] ApiDb:670 - CubeFinder database generation date=2026-06-23 (1782213372)
2026-08-17 10:21:19,327 [INFO] ApiDb:671 - CubeFinder database FW Pack versions=[FP-ATR-ASTRA1_V2.0.0, FP-SNS-FLIGHT1_V5.1.0, FP-SNS-MOTENV1_V5.1.0, FP-SNS-MOTENVWB1_V1.5.0, FP-SNS-SMARTAG2_V1.2.0, FP-SNS-STBOX1_V2.1.0, STM32Cube_FW_C0_V1.4.0, STM32Cube_FW_F4_V1.28.3, STM32Cube_FW_F7_V1.17.4, STM32Cube_FW_G0_V1.6.3, STM32Cube_FW_G4_V1.6.2, STM32Cube_FW_H5_V1.7.0, STM32Cube_FW_H7RS_V1.3.0, STM32Cube_FW_H7_V1.13.0, STM32Cube_FW_L0_V1.12.2, STM32Cube_FW_L4_V1.18.2, STM32Cube_FW_L5_V1.6.0, STM32Cube_FW_N6_V1.4.0, STM32Cube_FW_U0_V1.3.0, STM32Cube_FW_U3_V1.4.0, STM32Cube_FW_U5_V1.9.0, STM32Cube_FW_WB0_V1.5.0, STM32Cube_FW_WBA_V1.10.0, STM32Cube_FW_WB_V1.24.0, STM32Cube_FW_WL3_V1.5.0, STM32Cube_FW_WL_V1.6.0, X-CUBE-ALGOBUILD_V1.5.0, X-CUBE-ALS_V1.0.2, X-CUBE-AZRTOS-F4_V1.1.0, X-CUBE-AZRTOS-F7_V1.1.0, X-CUBE-AZRTOS-G0_V1.1.0, X-CUBE-AZRTOS-G4_V2.0.0, X-CUBE-AZRTOS-H7RS_V1.1.0, X-CUBE-AZRTOS-H7_V3.5.0, X-CUBE-AZRTOS-L4_V2.0.0, X-CUBE-AZRTOS-L5_V2.0.0, X-CUBE-AZRTOS-WB_V2.0.0, X-CUBE-AZRTOS-WL_V2.0.0, X-CUBE-BLE1_V7.1.0, X-CUBE-BLE2_V3.3.0, X-CUBE-BLEMGR_V4.1.0, X-CUBE-EEPRMA1_V5.2.0, X-CUBE-FREERTOS_V1.5.0, X-CUBE-GNSS1_V7.1.1, X-CUBE-MEMS1_V12.1.0, X-CUBE-NFC4_V3.0.0, X-CUBE-NFC7_V2.0.0, X-CUBE-SFXS2LP1_V4.0.0, X-CUBE-ST67W61_V1.3.0, X-CUBE-SUBG2_V5.0.0, X-CUBE-TOF1_V3.4.3]
2026-08-17 10:21:21,305 [INFO] ApiDb:240 - Found 895 in-development CPN: [B-G473E-ZEST1S, B-WB1M-WPAN1, B-WBA5M-WPAN, B-WL5M-SUBG1, NUCLEO-C031C6, NUCLEO-C051C8, NUCLEO-C071RB, NUCLEO-C092RC, NUCLEO-H503RB, NUCLEO-H533RE, NUCLEO-H563ZI, NUCLEO-H7S3L8, NUCLEO-N657X0-Q, NUCLEO-U031R8, NUCLEO-U083RC, NUCLEO-U385RG-Q, NUCLEO-U545RE-Q, NUCLEO-U5A5ZJ-Q, NUCLEO-WB05KZ, NUCLEO-WB07CC, NUCLEO-WB09KE, NUCLEO-WBA52CG, NUCLEO-WBA55CG, NUCLEO-WBA65RI, NUCLEO-WL33CC1, NUCLEO-WL33CC2, STEVAL-PROTEUS1, STEVAL-SMARTAG2, STEVAL-STWINBX1, STM320518-EVAL, STM32C0116-DK, STM32C011D6Y3TR, STM32C011D6Y6TR, STM32C011F4P3, STM32C011F4P6, STM32C011F4U3, STM32C011F4U6TR, STM32C011F6P3, STM32C011F6P6, STM32C011F6U3, STM32C011F6U6TR, STM32C011J4M3, STM32C011J4M6, STM32C011J6M3, STM32C011J6M6, STM32C0316-DK, STM32C031C4T3, STM32C031C4T6, STM32C031C4U3, STM32C031C4U6, STM32C031C6T3, STM32C031C6T6, STM32C031C6U3, STM32C031C6U6, STM32C031F4P3, STM32C031F4P6, STM32C031F6P3, STM32C031F6P6, STM32C031G4U3, STM32C031G4U6, STM32C031G6U3, STM32C031G6U6, STM32C031K4T3, STM32C031K4T6, STM32C031K4U3, STM32C031K4U6, STM32C031K6T3, STM32C031K6T6, STM32C031K6U3, STM32C031K6U6, STM32C051C6T6, STM32C051C6U6, STM32C051C8T6, STM32C051C8U6, STM32C051D8Y6TR, STM32C051F6P6, STM32C051F8P6, STM32C051G6U6, STM32C051G8U6, STM32C051K6T6, STM32C051K6U6, STM32C051K8T6, STM32C071C8T6, STM32C071C8T6N, STM32C071C8U6, STM32C071C8U6N, STM32C071CBT6, STM32C071CBT6N, STM32C071CBU6, STM32C071CBU6N, STM32C071F8P6, STM32C071F8P6N, STM32C071FBP6, STM32C071FBP6N, STM32C071FBY6TR, STM32C071G8U6, STM32C071G8U6N, STM32C071GBU6, STM32C071GBU6N, STM32C071K8T6, STM32C071K8T6N, STM32C071K8U6, STM32C071K8U6N, STM32C071KBT6, STM32C071KBT6N, STM32C071KBU6, STM32C071KBU6N, STM32C071R8T6, STM32C071R8T6N, STM32C071RBI6N, STM32C071RBT6, STM32C071RBT6N, STM32C091CBT6, STM32C091CBU6, STM32C091CCT6, STM32C091CCU6, STM32C091ECY6TR, STM32C091FBP6, STM32C091FCP6, STM32C091GBU6, STM32C091GCU6, STM32C091KBT6, STM32C091KBU6, STM32C091KCT6, STM32C091KCU6, STM32C091RBT6, STM32C091RCI6, STM32C091RCT6, STM32C092CBT6, STM32C092CBU6, STM32C092CCT6, STM32C092CCU6, STM32C092ECY6TR, STM32C092FBP6, STM32C092FCP6, STM32C092GBU6, STM32C092GCU6, STM32C092KBT6, STM32C092KBU6, STM32C092KCT6, STM32C092KCU6, STM32C092RBT6, STM32C092RCI6, STM32C092RCT6, STM32G071K8TXN, STM32G071K8UXN, STM32G081GBU6N, STM32G081KBT6N, STM32G081KBUXN, STM32G0B1CCT6N, STM32G0B1KCT6, STM32G0B1NEY6TR, STM32G0B1RCT6N, STM32G0C1CCT6, STM32G0C1CCT6N, STM32G0C1CCU6N, STM32G0C1CET6N, STM32G0C1CEU6N, STM32G0C1KCT6, STM32G0C1NEY6TR, STM32G0C1RCI6N, STM32G0C1RCT6N, STM32G0C1REI6N, STM32G0C1RET6N, STM32G0C1VCI6, STM32G0C1VEI6, STM32G411C6T3, STM32G411C6T6, STM32G411C6U3, STM32G411C6U6, STM32G411C8T3, STM32G411C8T6, STM32G411C8U3, STM32G411C8U6, STM32G411CBT3, STM32G411CBT6, STM32G411CBU3, STM32G411CBU6, STM32G411CCT3, STM32G411CCT6, STM32G411CCU3, STM32G411CCU6, STM32G411K6T3, STM32G411K6T6, STM32G411K6U3, STM32G411K6U6, STM32G411K8T3, STM32G411K8T6, STM32G411K8U3, STM32G411K8U6, STM32G411KBT3, STM32G411KBT6, STM32G411KBU3, STM32G411KBU6, STM32G411M6T3, STM32G411M6T6, STM32G411M8T3, STM32G411M8T6, STM32G411MBT3, STM32G411MBT6, STM32G411MCT3, STM32G411MCT6, STM32G411R6T3, STM32G411R6T6, STM32G411R8T3, STM32G411R8T6, STM32G411RBT3, STM32G411RBT6, STM32G411RCT3, STM32G411RCT6, STM32G414CBT3, STM32G414CBT6, STM32G414CBU3, STM32G414CBU6, STM32G414CCT3, STM32G414CCT6, STM32G414CCU3, STM32G414CCU6, STM32G414MBT3, STM32G414MBT6, STM32G414MCT3, STM32G414MCT6, STM32G414RBT3, STM32G414RBT6, STM32G414RCT3, STM32G414RCT6, STM32G414VBT3, STM32G414VBT6, STM32G414VCT3, STM32G414VCT6, STM32G431CBT3Z, STM32G431RBT3Z, STM32G471CCT6, STM32G471CCU6, STM32G471CET3, STM32G471CET6, STM32G471CEU3, STM32G471CEU6, STM32G471MCT6, STM32G471MET3, STM32G471MET6, STM32G471MEY6TR, STM32G471QCT6, STM32G471QET3, STM32G471RCT6, STM32G471RET3, STM32G471RET6, STM32G471VCH6, STM32G471VCI6, STM32G471VCT6, STM32G471VEH3, STM32G471VEH6, STM32G471VEI3, STM32G471VEI6, STM32G471VET3, STM32G471VET6, STM32G473QET3Z, STM32G473RET3Z, STM32G474CCT6, STM32G491RET3Z, STM32H503CBT6, STM32H503CBU6, STM32H503EBY6TR, STM32H503KBU6, STM32H503RBT6, STM32H523CCT6, STM32H523CCU6, STM32H523CET6, STM32H523CEU6, STM32H523HEY6TR, STM32H523RCT6, STM32H523RET6, STM32H523VCI6, STM32H523VCT6, STM32H523VEI6, STM32H523VET6, STM32H523ZCJ6, STM32H523ZCT6, STM32H523ZEJ6, STM32H523ZET6, STM32H533CET6, STM32H533CEU6, STM32H533HEY6TR, STM32H533RET6, STM32H533VEI6, STM32H533VET6, STM32H533ZEJ6, STM32H533ZET6, STM32H562AGI6, STM32H562AII6, STM32H562IGK6, STM32H562IGT6, STM32H562IIK6, STM32H562IIT6, STM32H562RGT6, STM32H562RGV6, STM32H562RIT6, STM32H562RIV6, STM32H562VGT6, STM32H562VIT6, STM32H562ZGT6, STM32H562ZIT6, STM32H563AGI6, STM32H563AII3Q, STM32H563AII6, STM32H563IGK6, STM32H563IGT6, STM32H563IIK3Q, STM32H563IIK6, STM32H563IIT3Q, STM32H563IIT6, STM32H563MIY3QTR, STM32H563RGT6, STM32H563RGV6, STM32H563RIT6, STM32H563RIV6, STM32H563VGT6, STM32H563VIT3Q, STM32H563VIT6, STM32H563ZGT6, STM32H563ZIT3Q, STM32H563ZIT6, STM32H573AII3Q, STM32H573AII6, STM32H573I-DK, STM32H573IIK3Q, STM32H573IIK6, STM32H573IIT3Q, STM32H573IIT6, STM32H573MIY3QTR, STM32H573RIT6, STM32H573RIV6, STM32H573VIT3Q, STM32H573VIT6, STM32H573ZIT3Q, STM32H573ZIT6, STM32H7R3A8I6, STM32H7R3I8K6, STM32H7R3I8T6, STM32H7R3L8H6, STM32H7R3L8H6H, STM32H7R3R8V6, STM32H7R3V8H6, STM32H7R3V8T6, STM32H7R3V8Y6TR, STM32H7R3Z8J6, STM32H7R3Z8T6, STM32H7R7A8I6, STM32H7R7I8K6, STM32H7R7I8T6, STM32H7R7L8H6, STM32H7R7L8H6H, STM32H7R7Z8J6, STM32H7S3A8I6, STM32H7S3I8K6, STM32H7S3I8T6, STM32H7S3L8H6, STM32H7S3L8H6H, STM32H7S3R8V6, STM32H7S3V8H6, STM32H7S3V8T6, STM32H7S3V8Y6TR, STM32H7S3Z8J6, STM32H7S3Z8T6, STM32H7S78-DK, STM32H7S7A8I6, STM32H7S7I8K6, STM32H7S7I8T6, STM32H7S7L8H6, STM32H7S7L8H6H, STM32H7S7Z8J6, STM32L4R5QGI6STR, STM32MP131AAE3, STM32MP131AAF3, STM32MP131AAG3, STM32MP131CAE3, STM32MP131CAF3, STM32MP131CAG3, STM32MP131DAE7, STM32MP131DAF7, STM32MP131DAG7, STM32MP131FAE7, STM32MP131FAF7, STM32MP131FAG7, STM32MP133AAE3, STM32MP133AAF3, STM32MP133AAG3, STM32MP133CAE3, STM32MP133CAF3, STM32MP133CAG3, STM32MP133DAE7, STM32MP133DAF7, STM32MP133DAG7, STM32MP133FAE7, STM32MP133FAF7, STM32MP133FAG7, STM32MP135AAE3, STM32MP135AAF3, STM32MP135AAG3, STM32MP135CAE3, STM32MP135CAF3, STM32MP135CAG3, STM32MP135DAE7, STM32MP135DAF7, STM32MP135DAG7, STM32MP135F-DK, STM32MP135FAE7, STM32MP135FAF7, STM32MP135FAF7T, STM32MP135FAF7U, STM32MP135FAG7, STM32MP231AAJ3, STM32MP231AAK3, STM32MP231AAL3, STM32MP231CAJ3, STM32MP231CAK3, STM32MP231CAL3, STM32MP231DAJ3, STM32MP231DAK3, STM32MP231DAL3, STM32MP231FAJ3, STM32MP231FAK3, STM32MP231FAL3, STM32MP233AAJ3, STM32MP233AAK3, STM32MP233AAL3, STM32MP233CAJ3, STM32MP233CAK3, STM32MP233CAL3, STM32MP233DAJ3, STM32MP233DAK3, STM32MP233DAL3, STM32MP233FAJ3, STM32MP233FAK3, STM32MP233FAL3, STM32MP235AAJ3, STM32MP235AAK3, STM32MP235AAL3, STM32MP235CAJ3, STM32MP235CAK3, STM32MP235CAL3, STM32MP235DAJ3, STM32MP235DAK3, STM32MP235DAL3, STM32MP235FAJ3, STM32MP235FAK3, STM32MP235FAL3, STM32MP251AAI3, STM32MP251AAJ3, STM32MP251AAK3, STM32MP251AAL3, STM32MP251CAI3, STM32MP251CAJ3, STM32MP251CAK3, STM32MP251CAL3, STM32MP251DAI3, STM32MP251DAJ3, STM32MP251DAK3, STM32MP251DAL3, STM32MP251FAI3, STM32MP251FAJ3, STM32MP251FAK3, STM32MP251FAL3, STM32MP253AAI3, STM32MP253AAJ3, STM32MP253AAK3, STM32MP253AAL3, STM32MP253CAI3, STM32MP253CAJ3, STM32MP253CAK3, STM32MP253CAL3, STM32MP253DAI3, STM32MP253DAJ3, STM32MP253DAK3, STM32MP253DAL3, STM32MP253FAI3, STM32MP253FAJ3, STM32MP253FAK3, STM32MP253FAL3, STM32MP255AAI3, STM32MP255AAJ3, STM32MP255AAK3, STM32MP255AAL3, STM32MP255CAI3, STM32MP255CAJ3, STM32MP255CAK3, STM32MP255CAL3, STM32MP255DAI3, STM32MP255DAJ3, STM32MP255DAK3, STM32MP255DAL3, STM32MP255FAI3, STM32MP255FAJ3, STM32MP255FAK3, STM32MP255FAL3, STM32MP257AAI3, STM32MP257AAJ3, STM32MP257AAK3, STM32MP257AAL3, STM32MP257CAI3, STM32MP257CAJ3, STM32MP257CAK3, STM32MP257CAL3, STM32MP257DAI3, STM32MP257DAJ3, STM32MP257DAK3, STM32MP257DAL3, STM32MP257F-DK, STM32MP257F-EV1, STM32MP257FAI3, STM32MP257FAJ3, STM32MP257FAK3, STM32MP257FAL3, STM32N645A0H3Q, STM32N645B0H3Q, STM32N645I0H3Q, STM32N645L0H3Q, STM32N645X0H3Q, STM32N645Z0H3Q, STM32N647A0H3Q, STM32N647B0H3Q, STM32N647I0H3Q, STM32N647L0H3Q, STM32N647X0H3Q, STM32N647Z0H3Q, STM32N655A0H3Q, STM32N655B0H3Q, STM32N655I0H3Q, STM32N655L0H3Q, STM32N655X0H3Q, STM32N655Z0H3Q, STM32N6570-DK, STM32N657A0H3Q, STM32N657B0H3Q, STM32N657I0H3Q, STM32N657L0H3Q, STM32N657X0H3Q, STM32N657Z0H3Q, STM32U031C6T6, STM32U031C6U6, STM32U031C8T6, STM32U031C8U6, STM32U031F4P6, STM32U031F6P6, STM32U031F8P6, STM32U031G6Y6TR, STM32U031G8Y6TR, STM32U031K4U6, STM32U031K6U6, STM32U031K8U6, STM32U031R6I6, STM32U031R6T6, STM32U031R8I6, STM32U031R8T6, STM32U073C8T6, STM32U073C8U6, STM32U073CBT6, STM32U073CBU6, STM32U073CCT6, STM32U073CCU6, STM32U073H8Y6TR, STM32U073HBY6TR, STM32U073HCY6TR, STM32U073K8U6, STM32U073KBU6, STM32U073KCU6, STM32U073M8I6, STM32U073M8T6, STM32U073MBI6, STM32U073MBT6, STM32U073MCI6, STM32U073MCT6, STM32U073R8I6, STM32U073R8T6, STM32U073RBI6, STM32U073RBT6, STM32U073RCI6, STM32U073RCT6, STM32U083C-DK, STM32U083CCT6, STM32U083CCU6, STM32U083HCY6TR, STM32U083KCU6, STM32U083MCI6, STM32U083MCT6, STM32U083RCI6, STM32U083RCT6, STM32U375CET6, STM32U375CET6Q, STM32U375CEU6, STM32U375CEU6Q, STM32U375CEY6QTR, STM32U375CGT6, STM32U375CGT6Q, STM32U375CGU6, STM32U375CGU6Q, STM32U375CGY6QTR, STM32U375KEU6, STM32U375KGU6, STM32U375REI6, STM32U375REI6Q, STM32U375RET6, STM32U375RET6Q, STM32U375REY6GTR, STM32U375REY6QTR, STM32U375RGI6, STM32U375RGI6Q, STM32U375RGT6, STM32U375RGT6Q, STM32U375RGY6GTR, STM32U375RGY6QTR, STM32U375VEI6, STM32U375VEI6Q, STM32U375VET6, STM32U375VET6Q, STM32U375VGI6, STM32U375VGI6Q, STM32U375VGT6, STM32U375VGT6Q, STM32U385CGT6, STM32U385CGT6Q, STM32U385CGU6, STM32U385CGU6Q, STM32U385CGY6QTR, STM32U385KGU6, STM32U385RGI6, STM32U385RGI6Q, STM32U385RGT6, STM32U385RGT6Q, STM32U385RGY6GTR, STM32U385RGY6QTR, STM32U385VGI6, STM32U385VGI6Q, STM32U385VGT6, STM32U385VGT6Q, STM32U535CBT6, STM32U535CBT6Q, STM32U535CBU6, STM32U535CBU6Q, STM32U535CCT6, STM32U535CCT6Q, STM32U535CCU6, STM32U535CCU6Q, STM32U535CET6, STM32U535CET6Q, STM32U535CEU6, STM32U535CEU6Q, STM32U535JEY6QTR, STM32U535NCY6QTR, STM32U535NEY6QTR, STM32U535RBI6, STM32U535RBI6Q, STM32U535RBT6, STM32U535RBT6Q, STM32U535RCI6, STM32U535RCI6Q, STM32U535RCT6, STM32U535RCT6Q, STM32U535REI6, STM32U535REI6Q, STM32U535RET6, STM32U535RET6Q, STM32U535VCI6, STM32U535VCI6Q, STM32U535VCT6, STM32U535VCT6Q, STM32U535VEI6, STM32U535VEI6Q, STM32U535VET6, STM32U535VET6Q, STM32U545CET6, STM32U545CET6Q, STM32U545CEU6, STM32U545CEU6Q, STM32U545JEY6QTR, STM32U545NEY6QTR, STM32U545REI6, STM32U545REI6Q, STM32U545RET6, STM32U545RET6Q, STM32U545VEI6, STM32U545VEI6Q, STM32U545VET6, STM32U545VET6Q, STM32U595AIH6, STM32U595AIH6Q, STM32U595AJH6, STM32U595AJH6Q, STM32U595QII6, STM32U595QII6Q, STM32U595QJI6, STM32U595QJI6Q, STM32U595RIT6, STM32U595RIT6Q, STM32U595RJT6, STM32U595RJT6Q, STM32U595VIT6, STM32U595VIT6Q, STM32U595VJT6, STM32U595VJT6Q, STM32U595ZIT6, STM32U595ZIT6Q, STM32U595ZIY6QTR, STM32U595ZJT6, STM32U595ZJT6Q, STM32U595ZJY6QTR, STM32U599BJY6QTR, STM32U599NIH6Q, STM32U599NJH6Q, STM32U599VIT6Q, STM32U599VJT6, STM32U599VJT6Q, STM32U599ZIT6Q, STM32U599ZIY6QTR, STM32U599ZJT6Q, STM32U599ZJY6QTR, STM32U5A5AJH6, STM32U5A5AJH6Q, STM32U5A5QII3Q , STM32U5A5QJI6, STM32U5A5QJI6Q, STM32U5A5RJT6, STM32U5A5RJT6Q, STM32U5A5VJT6, STM32U5A5VJT6Q, STM32U5A5ZJT6, STM32U5A5ZJT6Q, STM32U5A5ZJY6QTR, STM32U5A9BJY6QTR, STM32U5A9J-DK, STM32U5A9NJH6Q, STM32U5A9VJT6Q, STM32U5A9ZJT6Q, STM32U5A9ZJY6QTR, STM32U5F7VIT6, STM32U5F7VIT6Q, STM32U5F7VJT6, STM32U5F7VJT6Q, STM32U5F9BJY6QTR, STM32U5F9NJH6Q, STM32U5F9VIT6Q, STM32U5F9VJT6Q, STM32U5F9ZIJ6QTR, STM32U5F9ZIT6Q, STM32U5F9ZJJ6QTR, STM32U5F9ZJT6Q, STM32U5G7VJT6, STM32U5G7VJT6Q, STM32U5G9BJY6QTR, STM32U5G9J-DK1, STM32U5G9J-DK2, STM32U5G9NJH6Q, STM32U5G9VJT6Q, STM32U5G9ZJJ6QTR, STM32U5G9ZJT6Q, STM32WB05KZV6TR, STM32WB05KZV7TR, STM32WB05TZF6TR, STM32WB05TZF7TR, STM32WB06CCF6TR, STM32WB06CCF7TR, STM32WB06CCV6TR, STM32WB06CCV7TR, STM32WB06KCV6TR, STM32WB06KCV7TR, STM32WB07CCF6TR, STM32WB07CCF7TR, STM32WB07CCV6TR, STM32WB07CCV7TR, STM32WB07KCV6TR, STM32WB07KCV7TR, STM32WB09KEV6TR, STM32WB09KEV7TR, STM32WB09TEF6TR, STM32WB09TEF7TR, STM32WB1MMCH6, STM32WBA50KGU6, STM32WBA50KGU6TR, STM32WBA52CEU6, STM32WBA52CEU6TR, STM32WBA52CEU7, STM32WBA52CEU7TR, STM32WBA52CGU6, STM32WBA52CGU6TR, STM32WBA52CGU6U, STM32WBA52CGU7, STM32WBA52CGU7TR, STM32WBA52KEU6, STM32WBA52KEU6TR, STM32WBA52KGU6, STM32WBA52KGU6TR, STM32WBA54CEU6, STM32WBA54CEU6TR, STM32WBA54CEU7, STM32WBA54CEU7TR, STM32WBA54CGU6, STM32WBA54CGU6TR, STM32WBA54CGU7, STM32WBA54CGU7TR, STM32WBA54KEU6, STM32WBA54KEU6TR, STM32WBA54KEU7, STM32WBA54KEU7TR, STM32WBA54KGU6, STM32WBA54KGU6TR, STM32WBA54KGU7, STM32WBA54KGU7TR, STM32WBA55CEU6, STM32WBA55CEU6TR, STM32WBA55CEU7, STM32WBA55CEU7TR, STM32WBA55CGU6, STM32WBA55CGU6TR, STM32WBA55CGU6U, STM32WBA55CGU7, STM32WBA55CGU7TR, STM32WBA55G-DK1, STM32WBA55HEF6, STM32WBA55HEF7, STM32WBA55HGF6, STM32WBA55HGF7, STM32WBA55UEI6, STM32WBA55UEI6TR, STM32WBA55UEI7, STM32WBA55UEI7TR, STM32WBA55UGI6, STM32WBA55UGI6TR, STM32WBA55UGI7, STM32WBA55UGI7TR, STM32WBA5MJGH6TR, STM32WBA62CGU6, STM32WBA62CIU6, STM32WBA62MGF6, STM32WBA62MIF6, STM32WBA62PGI6, STM32WBA62PII6, STM32WBA63CGU6, STM32WBA63CGU7, STM32WBA63CIU6, STM32WBA63CIU7, STM32WBA64CGU6, STM32WBA64CGU7, STM32WBA64CIU6, STM32WBA64CIU7, STM32WBA65CGU6, STM32WBA65CGU7, STM32WBA65CIU6, STM32WBA65CIU7, STM32WBA65I-DK1, STM32WBA65MGF6, STM32WBA65MGF7, STM32WBA65MIF6, STM32WBA65MIF7, STM32WBA65PGI6, STM32WBA65PGI7, STM32WBA65PII6, STM32WBA65PII7, STM32WBA65RGV6, STM32WBA65RGV7, STM32WBA65RIV6, STM32WBA65RIV7, STM32WL30K8V6, STM32WL30KBV6, STM32WL31C8V6, STM32WL31CBV6, STM32WL31K8V6, STM32WL31KBV6, STM32WL33C8V6, STM32WL33C8V6TR, STM32WL33C8V7, STM32WL33C8V7TR, STM32WL33CBV6, STM32WL33CBV6TR, STM32WL33CBV7, STM32WL33CBV7TR, STM32WL33CCV6, STM32WL33CCV6TR, STM32WL33CCV7, STM32WL33CCV7A, STM32WL33CCV7ATR, STM32WL33CCV7TR, STM32WL33K8V6, STM32WL33K8V6TR, STM32WL33K8V7, STM32WL33K8V7TR, STM32WL33KBV6, STM32WL33KBV6TR, STM32WL33KBV7, STM32WL33KBV7TR, STM32WL33KCV6, STM32WL33KCV6TR, STM32WL33KCV7, STM32WL33KCV7TR, STM32WL5MOCH6, STM32WL5MOCH6TR]
2026-08-17 10:21:21,309 [INFO] DbMcus:218 - Found 5246 MCUs, 5093 are supported
2026-08-17 10:21:21,309 [INFO] ApiDb:423 - Load user favorites file /home/thuy/.stm32cubeide/favorites.mcus.txt: 0 item(s)
2026-08-17 10:21:21,309 [INFO] ApiDb:427 - User favorites MCUs=[]
2026-08-17 10:21:21,309 [INFO] DbMcus:224 - Set 0 / 0 favorites MCUs
2026-08-17 10:21:21,704 [INFO] BoardInfo:889 - No configuration file found for board NUCLEO-H5E5ZJ
2026-08-17 10:21:21,704 [INFO] DbBoards:161 - Board is not supported: NUCLEO-H5E5ZJ
2026-08-17 10:21:21,723 [INFO] BoardInfo:889 - No configuration file found for board NUCLEO-U3C5ZI-Q
2026-08-17 10:21:21,723 [INFO] DbBoards:161 - Board is not supported: NUCLEO-U3C5ZI-Q
2026-08-17 10:21:21,729 [INFO] BoardInfo:889 - No configuration file found for board NUCLEO-WBA25CE1
2026-08-17 10:21:21,729 [INFO] DbBoards:161 - Board is not supported: NUCLEO-WBA25CE1
2026-08-17 10:21:21,732 [INFO] BoardInfo:889 - No configuration file found for board NUCLEO-WL3RKB1
2026-08-17 10:21:21,732 [INFO] DbBoards:161 - Board is not supported: NUCLEO-WL3RKB1
2026-08-17 10:21:21,733 [INFO] BoardInfo:889 - No configuration file found for board NUCLEO-WL3RKB2
2026-08-17 10:21:21,733 [INFO] DbBoards:161 - Board is not supported: NUCLEO-WL3RKB2
2026-08-17 10:21:21,736 [INFO] BoardInfo:889 - No configuration file found for board P-NUCLEO-WB55
2026-08-17 10:21:21,736 [INFO] DbBoards:161 - Kit is not supported: P-NUCLEO-WB55
2026-08-17 10:21:21,739 [INFO] BoardInfo:889 - No configuration file found for board STEVAL-BFA001V1B
2026-08-17 10:21:21,739 [INFO] DbBoards:161 - Kit is not supported: STEVAL-BFA001V1B
2026-08-17 10:21:21,739 [INFO] BoardInfo:889 - No configuration file found for board STEVAL-BFA001V2B
2026-08-17 10:21:21,739 [INFO] DbBoards:161 - Kit is not supported: STEVAL-BFA001V2B
2026-08-17 10:21:21,776 [INFO] BoardInfo:889 - No configuration file found for board STM32H5F5J-DK
2026-08-17 10:21:21,776 [INFO] DbBoards:161 - Board is not supported: STM32H5F5J-DK
2026-08-17 10:21:21,797 [INFO] BoardInfo:889 - No configuration file found for board STM32MP215F-DK
2026-08-17 10:21:21,797 [INFO] DbBoards:161 - Board is not supported: STM32MP215F-DK
2026-08-17 10:21:21,804 [INFO] DbBoards:168 - Found 218 boards, 208 are supported
2026-08-17 10:21:21,804 [INFO] DbBoards:169 - Found 218 boards, 43 of them is supported for  Bsp
2026-08-17 10:21:21,807 [INFO] ApiDb:423 - Load user favorites file /home/thuy/.stm32cubeide/favorites.boards.txt: 0 item(s)
2026-08-17 10:21:21,807 [INFO] ApiDb:427 - User favorites Boards=[]
2026-08-17 10:21:21,807 [INFO] DbBoards:198 - Set 0 / 0 favorites Boards
2026-08-17 10:21:21,847 [INFO] UtilMem:75 - End LoadConfig() Used Memory: 909038088 Bytes (1073741824)
2026-08-17 10:21:21,940 [WARN] ThirdParty:833 - waiting for thirdparty lock release [change project]
2026-08-17 10:21:21,940 [INFO] ThirdParty:835 - entering critical section [change project]
2026-08-17 10:21:21,940 [INFO] ThirdParty:1030 - CMSIS Pack Vendor :STMicroelectronics X-CUBE-AZRTOS-H7 3.5.0
2026-08-17 10:21:21,940 [INFO] ThirdParty:1030 - CMSIS Pack Vendor :STMicroelectronics X-CUBE-PM33A1 1.0.0
2026-08-17 10:21:21,940 [INFO] ThirdParty:1030 - CMSIS Pack Vendor :STMicroelectronics USBPD 4.1
2026-08-17 10:21:21,940 [INFO] ThirdParty:1030 - CMSIS Pack Vendor :STMicroelectronics X-CUBE-NFC9 1.0.0
2026-08-17 10:21:21,940 [INFO] ThirdParty:1030 - CMSIS Pack Vendor :STMicroelectronics USB_HOST 2.0.0
2026-08-17 10:21:21,940 [INFO] ThirdParty:1030 - CMSIS Pack Vendor :STMicroelectronics FP-ATR-ASTRA1 2.0.3
2026-08-17 10:21:21,940 [INFO] ThirdParty:1030 - CMSIS Pack Vendor :STMicroelectronics X-CUBE-AZRTOS-F4 1.1.0
2026-08-17 10:21:21,940 [INFO] ThirdParty:1030 - CMSIS Pack Vendor :STMicroelectronics LIBJPEG 8.0.0
2026-08-17 10:21:21,940 [INFO] ThirdParty:1030 - CMSIS Pack Vendor :STMicroelectronics FP-ATR-ASTRA1 2.0.2
2026-08-17 10:21:21,941 [INFO] ThirdParty:1030 - CMSIS Pack Vendor :STMicroelectronics X-CUBE-BLE1 7.1.0
2026-08-17 10:21:21,941 [INFO] ThirdParty:1030 - CMSIS Pack Vendor :wolfSSL I-CUBE-wolfMQTT 1.19.2
2026-08-17 10:21:21,941 [INFO] ThirdParty:1030 - CMSIS Pack Vendor :STMicroelectronics USB_DEVICE 3.0.0
2026-08-17 10:21:21,941 [INFO] ThirdParty:1030 - CMSIS Pack Vendor :STMicroelectronics X-CUBE-ISPU 2.1.0
2026-08-17 10:21:21,941 [INFO] ThirdParty:1030 - CMSIS Pack Vendor :STMicroelectronics X-CUBE-EEPRMA1 5.2.0
2026-08-17 10:21:21,941 [INFO] ThirdParty:1030 - CMSIS Pack Vendor :STMicroelectronics eDS-WB_DPC_TT-BIDIR 2.1.1
2026-08-17 10:21:21,941 [INFO] ThirdParty:1030 - CMSIS Pack Vendor :STMicroelectronics X-CUBE-AZRTOS-WB 2.0.0
2026-08-17 10:21:21,941 [INFO] ThirdParty:1030 - CMSIS Pack Vendor :STMicroelectronics X-CUBE-NFC12 1.0.0
2026-08-17 10:21:21,941 [INFO] ThirdParty:1030 - CMSIS Pack Vendor :STMicroelectronics X-CUBE-AZRTOS-F7 1.1.0
2026-08-17 10:21:21,941 [INFO] ThirdParty:1030 - CMSIS Pack Vendor :STMicroelectronics X-CUBE-AZRTOS-L5 2.0.0
2026-08-17 10:21:21,941 [INFO] ThirdParty:1030 - CMSIS Pack Vendor :STMicroelectronics USB_DEVICE 2.0.0
2026-08-17 10:21:21,941 [INFO] ThirdParty:1030 - CMSIS Pack Vendor :quantropi X-CUBE-qispace-sdk-base 2.1.0
2026-08-17 10:21:21,941 [INFO] ThirdParty:1030 - CMSIS Pack Vendor :STMicroelectronics X-CUBE-STSE01 2.0.0
2026-08-17 10:21:21,941 [INFO] ThirdParty:1030 - CMSIS Pack Vendor :STMicroelectronics X-CUBE-ALGOBUILD 1.5.0
2026-08-17 10:21:21,941 [INFO] ThirdParty:1030 - CMSIS Pack Vendor :STMicroelectronics FreeRTOS 0.0.1
2026-08-17 10:21:21,941 [INFO] ThirdParty:1030 - CMSIS Pack Vendor :STMicroelectronics X-CUBE-AZRTOS-H7RS 1.3.0
2026-08-17 10:21:21,941 [INFO] ThirdParty:1030 - CMSIS Pack Vendor :STMicroelectronics X-CUBE-AZRTOS-G0 1.1.0
2026-08-17 10:21:21,941 [INFO] ThirdParty:1030 - CMSIS Pack Vendor :STMicroelectronics X-CUBE-NFC4 3.0.0
2026-08-17 10:21:21,941 [INFO] ThirdParty:1030 - CMSIS Pack Vendor :STMicroelectronics X-CUBE-SUBG2 5.0.0
2026-08-17 10:21:21,941 [INFO] ThirdParty:1030 - CMSIS Pack Vendor :STMicroelectronics STM32_WPAN 1.0.0
2026-08-17 10:21:21,941 [INFO] ThirdParty:1030 - CMSIS Pack Vendor :STMicroelectronics eDS-WB_DPC_VIENNA 1.2.0
2026-08-17 10:21:21,941 [INFO] ThirdParty:1030 - CMSIS Pack Vendor :EmbeddedOffice I-CUBE-FS-RTOS 1.0.1
2026-08-17 10:21:21,941 [INFO] ThirdParty:1030 - CMSIS Pack Vendor :STMicroelectronics lwIP 2.0.3
2026-08-17 10:21:21,941 [INFO] ThirdParty:1030 - CMSIS Pack Vendor :STMicroelectronics X-CUBE-MEMS1 13.0.0
2026-08-17 10:21:21,941 [INFO] ThirdParty:1030 - CMSIS Pack Vendor :STMicroelectronics eDS-WB_DPC_3PH2L-BIDIR 1.1.1
2026-08-17 10:21:21,941 [INFO] ThirdParty:1030 - CMSIS Pack Vendor :STMicroelectronics USB_HOST 1.0.0
2026-08-17 10:21:21,941 [INFO] ThirdParty:1030 - CMSIS Pack Vendor :STMicroelectronics X-CUBE-AZRTOS-G4 2.0.0
2026-08-17 10:21:21,941 [INFO] ThirdParty:1030 - CMSIS Pack Vendor :STMicroelectronics PDM2PCM 3.1.0
2026-08-17 10:21:21,941 [INFO] ThirdParty:1030 - CMSIS Pack Vendor :STMicroelectronics PDM2PCM 3.3.0
2026-08-17 10:21:21,941 [INFO] ThirdParty:1030 - CMSIS Pack Vendor :wolfSSL I-CUBE-wolfTPM 3.8.0
2026-08-17 10:21:21,941 [INFO] ThirdParty:1030 - CMSIS Pack Vendor :STMicroelectronics X-CUBE-DISPLAY 3.0.0
2026-08-17 10:21:21,941 [INFO] ThirdParty:1030 - CMSIS Pack Vendor :wolfSSL I-CUBE-wolfSSH 1.4.20
2026-08-17 10:21:21,941 [INFO] ThirdParty:1030 - CMSIS Pack Vendor :STMicroelectronics X-CUBE-NFC7 2.0.0
2026-08-17 10:21:21,942 [INFO] ThirdParty:1030 - CMSIS Pack Vendor :STMicroelectronics X-CUBE-GNSS1 7.1.1
2026-08-17 10:21:21,942 [INFO] ThirdParty:1030 - CMSIS Pack Vendor :STMicroelectronics X-CUBE-TCPP 4.2.0
2026-08-17 10:21:21,942 [INFO] ThirdParty:1030 - CMSIS Pack Vendor :RealThread X-CUBE-RT-Thread_Nano 4.1.1
2026-08-17 10:21:21,942 [INFO] ThirdParty:1030 - CMSIS Pack Vendor :wolfSSL I-CUBE-wolfSSL 5.9.1
2026-08-17 10:21:21,942 [INFO] ThirdParty:1030 - CMSIS Pack Vendor :STMicroelectronics FP-ATR-SIGFOX1 3.2.0
2026-08-17 10:21:21,942 [INFO] ThirdParty:1030 - CMSIS Pack Vendor :STMicroelectronics X-CUBE-NFC10 1.0.0
2026-08-17 10:21:21,942 [INFO] ThirdParty:1030 - CMSIS Pack Vendor :STMicroelectronics HAL Drivers 0.0.0
2026-08-17 10:21:21,942 [INFO] ThirdParty:1030 - CMSIS Pack Vendor :STMicroelectronics MBEDTLS 2.16.2
2026-08-17 10:21:21,942 [INFO] ThirdParty:1030 - CMSIS Pack Vendor :STMicroelectronics X-CUBE-ST60 1.1.0
2026-08-17 10:21:21,942 [INFO] ThirdParty:1030 - CMSIS Pack Vendor :STMicroelectronics X-CUBE-ALS 1.0.2
2026-08-17 10:21:21,942 [INFO] ThirdParty:1030 - CMSIS Pack Vendor :emotas I-CUBE-CANOPEN 1.3.0
2026-08-17 10:21:21,942 [INFO] ThirdParty:1030 - CMSIS Pack Vendor :STMicroelectronics MBEDTLS 2.14.1
2026-08-17 10:21:21,942 [INFO] ThirdParty:1030 - CMSIS Pack Vendor :ITTIA_DB I-CUBE-ITTIADB 8.9.0
2026-08-17 10:21:21,942 [INFO] ThirdParty:1030 - CMSIS Pack Vendor :Cesanta I-CUBE-Mongoose 7.21.7
2026-08-17 10:21:21,942 [INFO] ThirdParty:1030 - CMSIS Pack Vendor :STMicroelectronics X-CUBE-TOUCHGFX 4.26.1
2026-08-17 10:21:21,942 [INFO] ThirdParty:1030 - CMSIS Pack Vendor :STMicroelectronics X-CUBE-NFC6 3.2.0
2026-08-17 10:21:21,942 [INFO] ThirdParty:1030 - CMSIS Pack Vendor :STMicroelectronics X-CUBE-AI 10.2.1
2026-08-17 10:21:21,942 [INFO] ThirdParty:1030 - CMSIS Pack Vendor :STMicroelectronics ThreadX 1.0.0
2026-08-17 10:21:21,942 [INFO] ThirdParty:1030 - CMSIS Pack Vendor :STMicroelectronics FP-SNS-SMARTAG2 1.2.0
2026-08-17 10:21:21,942 [INFO] ThirdParty:1030 - CMSIS Pack Vendor :STMicroelectronics X-CUBE-MEMS1 12.1.0
2026-08-17 10:21:21,942 [INFO] ThirdParty:1030 - CMSIS Pack Vendor :STMicroelectronics FP-SNS-FLIGHT1 5.1.0
2026-08-17 10:21:21,942 [INFO] ThirdParty:1030 - CMSIS Pack Vendor :STMicroelectronics X-CUBE-AZRTOS-WL 2.0.0
2026-08-17 10:21:21,942 [INFO] ThirdParty:1030 - CMSIS Pack Vendor :SEGGER I-CUBE-embOS 1.3.1
2026-08-17 10:21:21,942 [INFO] ThirdParty:1030 - CMSIS Pack Vendor :STMicroelectronics X-CUBE-DPower 1.3.0
2026-08-17 10:21:21,942 [INFO] ThirdParty:1030 - CMSIS Pack Vendor :STMicroelectronics USB_DEVICE 1.0.0
2026-08-17 10:21:21,942 [INFO] ThirdParty:1030 - CMSIS Pack Vendor :STMicroelectronics X-CUBE-AZRTOS-L4 2.0.0
2026-08-17 10:21:21,942 [INFO] ThirdParty:1030 - CMSIS Pack Vendor :STMicroelectronics ThreadX 0.0.2
2026-08-17 10:21:21,942 [INFO] ThirdParty:1030 - CMSIS Pack Vendor :STMicroelectronics lwIP 2.1.2
2026-08-17 10:21:21,942 [INFO] ThirdParty:1030 - CMSIS Pack Vendor :STMicroelectronics X-CUBE-SFXS2LP1 4.0.0
2026-08-17 10:21:21,942 [INFO] ThirdParty:1030 - CMSIS Pack Vendor :STMicroelectronics X-CUBE-BLE2 3.3.0
2026-08-17 10:21:21,942 [INFO] ThirdParty:1030 - CMSIS Pack Vendor :Avnet-IOTCONNECT X-CUBE-iotc-st67-sdk 1.0.0
2026-08-17 10:21:21,942 [INFO] ThirdParty:1030 - CMSIS Pack Vendor :STMicroelectronics X-CUBE-TOF1 3.4.3
2026-08-17 10:21:21,942 [INFO] ThirdParty:1030 - CMSIS Pack Vendor :Infineon AIROC-Wi-Fi-Bluetooth-STM32 1.8.0
2026-08-17 10:21:21,942 [INFO] ThirdParty:1030 - CMSIS Pack Vendor :STMicroelectronics X-CUBE-NFC13 1.0.0
2026-08-17 10:21:21,943 [INFO] ThirdParty:1030 - CMSIS Pack Vendor :STMicroelectronics PDM2PCM 3.2.0
2026-08-17 10:21:21,943 [INFO] ThirdParty:1030 - CMSIS Pack Vendor :STMicroelectronics X-CUBE-WB05N 2.1.0
2026-08-17 10:21:21,943 [INFO] ThirdParty:841 - exiting critical section [change project]
2026-08-17 10:21:22,274 [INFO] PinOutPanel:1589 - setPackage(No Configuration,No Configuration)
2026-08-17 10:21:22,275 [INFO] PinOutPanel:1589 - setPackage(STM32F411CEUx,UFQFPN48)
2026-08-17 10:21:22,622 [INFO] UtilMem:75 - Before build in PCC Used Memory: 767718040 Bytes (1073741824)
2026-08-17 10:21:23,077 [INFO] UtilMem:75 - After build in PCC Used Memory: 898418392 Bytes (1073741824)
2026-08-17 10:21:23,099 [INFO] IPUIPlugin:80 - create IPUIPlugin
2026-08-17 10:21:23,100 [INFO] IPUIPlugin:80 - create IPUIPlugin
2026-08-17 10:21:23,100 [INFO] IPUIPlugin:80 - create IPUIPlugin
2026-08-17 10:21:23,100 [INFO] IPUIPlugin:80 - create IPUIPlugin
2026-08-17 10:21:23,100 [INFO] IPUIPlugin:80 - create IPUIPlugin
2026-08-17 10:21:23,100 [INFO] IPUIPlugin:80 - create IPUIPlugin
2026-08-17 10:21:23,100 [INFO] IPUIPlugin:80 - create IPUIPlugin
2026-08-17 10:21:23,100 [INFO] IPUIPlugin:80 - create IPUIPlugin
2026-08-17 10:21:23,100 [INFO] IPUIPlugin:80 - create IPUIPlugin
2026-08-17 10:21:23,100 [INFO] IPUIPlugin:80 - create IPUIPlugin
2026-08-17 10:21:23,100 [INFO] IPUIPlugin:80 - create IPUIPlugin
2026-08-17 10:21:23,100 [INFO] IPUIPlugin:80 - create IPUIPlugin
2026-08-17 10:21:23,100 [INFO] IPUIPlugin:80 - create IPUIPlugin
2026-08-17 10:21:23,100 [INFO] IPUIPlugin:80 - create IPUIPlugin
2026-08-17 10:21:23,100 [INFO] IPUIPlugin:80 - create IPUIPlugin
2026-08-17 10:21:23,100 [INFO] IPUIPlugin:80 - create IPUIPlugin
2026-08-17 10:21:23,100 [INFO] IPUIPlugin:80 - create IPUIPlugin
2026-08-17 10:21:23,101 [INFO] IPUIPlugin:80 - create IPUIPlugin
2026-08-17 10:21:23,101 [INFO] IPUIPlugin:80 - create IPUIPlugin
2026-08-17 10:21:23,101 [INFO] IPUIPlugin:80 - create IPUIPlugin
2026-08-17 10:21:23,101 [INFO] IPUIPlugin:80 - create IPUIPlugin
2026-08-17 10:21:23,101 [INFO] IPUIPlugin:80 - create IPUIPlugin
2026-08-17 10:21:23,101 [INFO] IPUIPlugin:80 - create IPUIPlugin
2026-08-17 10:21:23,101 [INFO] IPUIPlugin:80 - create IPUIPlugin
2026-08-17 10:21:23,101 [INFO] IPUIPlugin:80 - create IPUIPlugin
2026-08-17 10:21:23,101 [INFO] IPUIPlugin:80 - create IPUIPlugin
2026-08-17 10:21:23,101 [INFO] IPUIPlugin:80 - create IPUIPlugin
2026-08-17 10:21:23,101 [INFO] IPUIPlugin:80 - create IPUIPlugin
2026-08-17 10:21:23,102 [INFO] IPUIPlugin:80 - create IPUIPlugin
2026-08-17 10:21:23,102 [INFO] IPUIPlugin:80 - create IPUIPlugin
2026-08-17 10:21:23,102 [INFO] IPUIPlugin:80 - create IPUIPlugin
2026-08-17 10:21:23,102 [INFO] IPUIPlugin:80 - create IPUIPlugin
2026-08-17 10:21:23,102 [INFO] IPUIPlugin:80 - create IPUIPlugin
2026-08-17 10:21:23,102 [INFO] IPUIPlugin:80 - create IPUIPlugin
2026-08-17 10:21:23,103 [INFO] IPUIPlugin:80 - create IPUIPlugin
2026-08-17 10:21:23,103 [INFO] IPUIPlugin:80 - create IPUIPlugin
2026-08-17 10:21:23,103 [INFO] IPUIPlugin:80 - create IPUIPlugin
2026-08-17 10:21:23,103 [INFO] IPUIPlugin:80 - create IPUIPlugin
2026-08-17 10:21:23,103 [INFO] IPUIPlugin:80 - create IPUIPlugin
2026-08-17 10:21:23,103 [INFO] IPUIPlugin:80 - create IPUIPlugin
2026-08-17 10:21:23,103 [INFO] IPUIPlugin:80 - create IPUIPlugin
2026-08-17 10:21:23,104 [INFO] IPUIPlugin:80 - create IPUIPlugin
2026-08-17 10:21:23,104 [INFO] IPUIPlugin:80 - create IPUIPlugin
2026-08-17 10:21:23,128 [INFO] ApiDbMcu:508 - Load IP Config File for PDM2PCM
2026-08-17 10:21:23,135 [WARN] IP:2250 - I2C_Coeff_DF not found: check if there is a RefParameter without a condition.
2026-08-17 10:21:23,135 [WARN] IP:2250 - Analog_Filter not found: check if there is a RefParameter without a condition.
2026-08-17 10:21:23,244 [INFO] CADModel:165 - CPN selected for project levelSTM32F411CEU6
2026-08-17 10:21:23,244 [INFO] CADModel:114 - Register for checkConnection events
2026-08-17 10:21:23,281 [INFO] OpenFileManager:385 - Restore cursor
2026-08-17 10:21:23,462 [WARN] IP:2250 - I2C_Coeff_DF not found: check if there is a RefParameter without a condition.
2026-08-17 10:21:23,462 [WARN] IP:2250 - Analog_Filter not found: check if there is a RefParameter without a condition.
2026-08-17 10:21:23,463 [WARN] IP:2250 - I2C_Coeff_DF not found: check if there is a RefParameter without a condition.
2026-08-17 10:21:23,463 [WARN] IP:2250 - Analog_Filter not found: check if there is a RefParameter without a condition.
2026-08-17 10:21:42,553 [ERROR] LogOutputStream:75 - [STDERR_REDIRECT] Aug 17, 2026 10:21:42 AM java.util.prefs.FileSystemPreferences checkLockFile0ErrorCode
2026-08-17 10:21:42,553 [ERROR] LogOutputStream:75 - [STDERR_REDIRECT] WARNING: Could not lock System prefs. Unix error code 2.
2026-08-17 10:21:42,553 [ERROR] LogOutputStream:75 - [STDERR_REDIRECT] 
2026-08-17 10:21:42,554 [ERROR] LogOutputStream:75 - [STDERR_REDIRECT] Aug 17, 2026 10:21:42 AM java.util.prefs.FileSystemPreferences syncWorld
2026-08-17 10:21:42,554 [ERROR] LogOutputStream:75 - [STDERR_REDIRECT] WARNING: Couldn't flush system prefs: java.util.prefs.BackingStoreException: Couldn't get file lock.
2026-08-17 10:21:42,554 [ERROR] LogOutputStream:75 - [STDERR_REDIRECT] 
2026-08-17 10:22:12,551 [ERROR] LogOutputStream:75 - [STDERR_REDIRECT] Aug 17, 2026 10:22:12 AM java.util.prefs.FileSystemPreferences checkLockFile0ErrorCode
2026-08-17 10:22:12,551 [ERROR] LogOutputStream:75 - [STDERR_REDIRECT] WARNING: Could not lock System prefs. Unix error code 2.
2026-08-17 10:22:12,552 [ERROR] LogOutputStream:75 - [STDERR_REDIRECT] 
2026-08-17 10:22:12,552 [ERROR] LogOutputStream:75 - [STDERR_REDIRECT] Aug 17, 2026 10:22:12 AM java.util.prefs.FileSystemPreferences syncWorld
2026-08-17 10:22:12,552 [ERROR] LogOutputStream:75 - [STDERR_REDIRECT] WARNING: Couldn't flush system prefs: java.util.prefs.BackingStoreException: Couldn't get file lock.
2026-08-17 10:22:12,552 [ERROR] LogOutputStream:75 - [STDERR_REDIRECT] 
2026-08-17 10:22:42,551 [ERROR] LogOutputStream:75 - [STDERR_REDIRECT] Aug 17, 2026 10:22:42 AM java.util.prefs.FileSystemPreferences checkLockFile0ErrorCode
2026-08-17 10:22:42,552 [ERROR] LogOutputStream:75 - [STDERR_REDIRECT] WARNING: Could not lock System prefs. Unix error code 2.
2026-08-17 10:22:42,552 [ERROR] LogOutputStream:75 - [STDERR_REDIRECT] 
2026-08-17 10:22:42,552 [ERROR] LogOutputStream:75 - [STDERR_REDIRECT] Aug 17, 2026 10:22:42 AM java.util.prefs.FileSystemPreferences syncWorld
2026-08-17 10:22:42,552 [ERROR] LogOutputStream:75 - [STDERR_REDIRECT] WARNING: Couldn't flush system prefs: java.util.prefs.BackingStoreException: Couldn't get file lock.
2026-08-17 10:22:42,552 [ERROR] LogOutputStream:75 - [STDERR_REDIRECT] 
2026-08-17 10:23:12,551 [ERROR] LogOutputStream:75 - [STDERR_REDIRECT] Aug 17, 2026 10:23:12 AM java.util.prefs.FileSystemPreferences checkLockFile0ErrorCode
2026-08-17 10:23:12,552 [ERROR] LogOutputStream:75 - [STDERR_REDIRECT] WARNING: Could not lock System prefs. Unix error code 2.
2026-08-17 10:23:12,552 [ERROR] LogOutputStream:75 - [STDERR_REDIRECT] 
2026-08-17 10:23:12,552 [ERROR] LogOutputStream:75 - [STDERR_REDIRECT] Aug 17, 2026 10:23:12 AM java.util.prefs.FileSystemPreferences syncWorld
2026-08-17 10:23:12,552 [ERROR] LogOutputStream:75 - [STDERR_REDIRECT] WARNING: Couldn't flush system prefs: java.util.prefs.BackingStoreException: Couldn't get file lock.
2026-08-17 10:23:12,552 [ERROR] LogOutputStream:75 - [STDERR_REDIRECT] 
2026-08-17 10:23:42,551 [ERROR] LogOutputStream:75 - [STDERR_REDIRECT] Aug 17, 2026 10:23:42 AM java.util.prefs.FileSystemPreferences checkLockFile0ErrorCode
2026-08-17 10:23:42,552 [ERROR] LogOutputStream:75 - [STDERR_REDIRECT] WARNING: Could not lock System prefs. Unix error code 2.
2026-08-17 10:23:42,552 [ERROR] LogOutputStream:75 - [STDERR_REDIRECT] 
2026-08-17 10:23:42,552 [ERROR] LogOutputStream:75 - [STDERR_REDIRECT] Aug 17, 2026 10:23:42 AM java.util.prefs.FileSystemPreferences syncWorld
2026-08-17 10:23:42,552 [ERROR] LogOutputStream:75 - [STDERR_REDIRECT] WARNING: Couldn't flush system prefs: java.util.prefs.BackingStoreException: Couldn't get file lock.
2026-08-17 10:23:42,552 [ERROR] LogOutputStream:75 - [STDERR_REDIRECT] 
2026-08-17 10:24:12,552 [ERROR] LogOutputStream:75 - [STDERR_REDIRECT] Aug 17, 2026 10:24:12 AM java.util.prefs.FileSystemPreferences checkLockFile0ErrorCode
2026-08-17 10:24:12,552 [ERROR] LogOutputStream:75 - [STDERR_REDIRECT] WARNING: Could not lock System prefs. Unix error code 2.
2026-08-17 10:24:12,552 [ERROR] LogOutputStream:75 - [STDERR_REDIRECT] 
2026-08-17 10:24:12,552 [ERROR] LogOutputStream:75 - [STDERR_REDIRECT] Aug 17, 2026 10:24:12 AM java.util.prefs.FileSystemPreferences syncWorld
2026-08-17 10:24:12,552 [ERROR] LogOutputStream:75 - [STDERR_REDIRECT] WARNING: Couldn't flush system prefs: java.util.prefs.BackingStoreException: Couldn't get file lock.
2026-08-17 10:24:12,552 [ERROR] LogOutputStream:75 - [STDERR_REDIRECT] 
2026-08-17 10:24:42,552 [ERROR] LogOutputStream:75 - [STDERR_REDIRECT] Aug 17, 2026 10:24:42 AM java.util.prefs.FileSystemPreferences checkLockFile0ErrorCode
2026-08-17 10:24:42,552 [ERROR] LogOutputStream:75 - [STDERR_REDIRECT] WARNING: Could not lock System prefs. Unix error code 2.
2026-08-17 10:24:42,552 [ERROR] LogOutputStream:75 - [STDERR_REDIRECT] 
2026-08-17 10:24:42,552 [ERROR] LogOutputStream:75 - [STDERR_REDIRECT] Aug 17, 2026 10:24:42 AM java.util.prefs.FileSystemPreferences syncWorld
2026-08-17 10:24:42,552 [ERROR] LogOutputStream:75 - [STDERR_REDIRECT] WARNING: Couldn't flush system prefs: java.util.prefs.BackingStoreException: Couldn't get file lock.
2026-08-17 10:24:42,552 [ERROR] LogOutputStream:75 - [STDERR_REDIRECT] 
2026-08-17 10:25:12,553 [ERROR] LogOutputStream:75 - [STDERR_REDIRECT] Aug 17, 2026 10:25:12 AM java.util.prefs.FileSystemPreferences checkLockFile0ErrorCode
2026-08-17 10:25:12,553 [ERROR] LogOutputStream:75 - [STDERR_REDIRECT] WARNING: Could not lock System prefs. Unix error code 2.
2026-08-17 10:25:12,553 [ERROR] LogOutputStream:75 - [STDERR_REDIRECT] 
2026-08-17 10:25:12,553 [ERROR] LogOutputStream:75 - [STDERR_REDIRECT] Aug 17, 2026 10:25:12 AM java.util.prefs.FileSystemPreferences syncWorld
2026-08-17 10:25:12,553 [ERROR] LogOutputStream:75 - [STDERR_REDIRECT] WARNING: Couldn't flush system prefs: java.util.prefs.BackingStoreException: Couldn't get file lock.
2026-08-17 10:25:12,553 [ERROR] LogOutputStream:75 - [STDERR_REDIRECT] 
2026-08-17 10:25:42,554 [ERROR] LogOutputStream:75 - [STDERR_REDIRECT] Aug 17, 2026 10:25:42 AM java.util.prefs.FileSystemPreferences checkLockFile0ErrorCode
2026-08-17 10:25:42,554 [ERROR] LogOutputStream:75 - [STDERR_REDIRECT] WARNING: Could not lock System prefs. Unix error code 2.
2026-08-17 10:25:42,554 [ERROR] LogOutputStream:75 - [STDERR_REDIRECT] 
2026-08-17 10:25:42,555 [ERROR] LogOutputStream:75 - [STDERR_REDIRECT] Aug 17, 2026 10:25:42 AM java.util.prefs.FileSystemPreferences syncWorld
2026-08-17 10:25:42,555 [ERROR] LogOutputStream:75 - [STDERR_REDIRECT] WARNING: Couldn't flush system prefs: java.util.prefs.BackingStoreException: Couldn't get file lock.
2026-08-17 10:25:42,555 [ERROR] LogOutputStream:75 - [STDERR_REDIRECT] 
2026-08-17 10:26:12,553 [ERROR] LogOutputStream:75 - [STDERR_REDIRECT] Aug 17, 2026 10:26:12 AM java.util.prefs.FileSystemPreferences checkLockFile0ErrorCode
2026-08-17 10:26:12,554 [ERROR] LogOutputStream:75 - [STDERR_REDIRECT] WARNING: Could not lock System prefs. Unix error code 2.
2026-08-17 10:26:12,554 [ERROR] LogOutputStream:75 - [STDERR_REDIRECT] 
2026-08-17 10:26:12,554 [ERROR] LogOutputStream:75 - [STDERR_REDIRECT] Aug 17, 2026 10:26:12 AM java.util.prefs.FileSystemPreferences syncWorld
2026-08-17 10:26:12,554 [ERROR] LogOutputStream:75 - [STDERR_REDIRECT] WARNING: Couldn't flush system prefs: java.util.prefs.BackingStoreException: Couldn't get file lock.
2026-08-17 10:26:12,554 [ERROR] LogOutputStream:75 - [STDERR_REDIRECT] 
2026-08-17 10:26:42,555 [ERROR] LogOutputStream:75 - [STDERR_REDIRECT] Aug 17, 2026 10:26:42 AM java.util.prefs.FileSystemPreferences checkLockFile0ErrorCode
2026-08-17 10:26:42,555 [ERROR] LogOutputStream:75 - [STDERR_REDIRECT] WARNING: Could not lock System prefs. Unix error code 2.
2026-08-17 10:26:42,555 [ERROR] LogOutputStream:75 - [STDERR_REDIRECT] 
2026-08-17 10:26:42,556 [ERROR] LogOutputStream:75 - [STDERR_REDIRECT] Aug 17, 2026 10:26:42 AM java.util.prefs.FileSystemPreferences syncWorld
2026-08-17 10:26:42,556 [ERROR] LogOutputStream:75 - [STDERR_REDIRECT] WARNING: Couldn't flush system prefs: java.util.prefs.BackingStoreException: Couldn't get file lock.
2026-08-17 10:26:42,556 [ERROR] LogOutputStream:75 - [STDERR_REDIRECT] 
2026-08-17 10:27:12,554 [ERROR] LogOutputStream:75 - [STDERR_REDIRECT] Aug 17, 2026 10:27:12 AM java.util.prefs.FileSystemPreferences checkLockFile0ErrorCode
2026-08-17 10:27:12,554 [ERROR] LogOutputStream:75 - [STDERR_REDIRECT] WARNING: Could not lock System prefs. Unix error code 2.
2026-08-17 10:27:12,555 [ERROR] LogOutputStream:75 - [STDERR_REDIRECT] 
2026-08-17 10:27:12,555 [ERROR] LogOutputStream:75 - [STDERR_REDIRECT] Aug 17, 2026 10:27:12 AM java.util.prefs.FileSystemPreferences syncWorld
2026-08-17 10:27:12,555 [ERROR] LogOutputStream:75 - [STDERR_REDIRECT] WARNING: Couldn't flush system prefs: java.util.prefs.BackingStoreException: Couldn't get file lock.
2026-08-17 10:27:12,556 [ERROR] LogOutputStream:75 - [STDERR_REDIRECT] 
2026-08-17 10:27:42,553 [ERROR] LogOutputStream:75 - [STDERR_REDIRECT] Aug 17, 2026 10:27:42 AM java.util.prefs.FileSystemPreferences checkLockFile0ErrorCode
2026-08-17 10:27:42,553 [ERROR] LogOutputStream:75 - [STDERR_REDIRECT] WARNING: Could not lock System prefs. Unix error code 2.
2026-08-17 10:27:42,553 [ERROR] LogOutputStream:75 - [STDERR_REDIRECT] 
2026-08-17 10:27:42,554 [ERROR] LogOutputStream:75 - [STDERR_REDIRECT] Aug 17, 2026 10:27:42 AM java.util.prefs.FileSystemPreferences syncWorld
2026-08-17 10:27:42,554 [ERROR] LogOutputStream:75 - [STDERR_REDIRECT] WARNING: Couldn't flush system prefs: java.util.prefs.BackingStoreException: Couldn't get file lock.
2026-08-17 10:27:42,554 [ERROR] LogOutputStream:75 - [STDERR_REDIRECT] 
2026-08-17 10:28:12,555 [ERROR] LogOutputStream:75 - [STDERR_REDIRECT] Aug 17, 2026 10:28:12 AM java.util.prefs.FileSystemPreferences checkLockFile0ErrorCode
2026-08-17 10:28:12,555 [ERROR] LogOutputStream:75 - [STDERR_REDIRECT] WARNING: Could not lock System prefs. Unix error code 2.
2026-08-17 10:28:12,555 [ERROR] LogOutputStream:75 - [STDERR_REDIRECT] 
2026-08-17 10:28:12,556 [ERROR] LogOutputStream:75 - [STDERR_REDIRECT] Aug 17, 2026 10:28:12 AM java.util.prefs.FileSystemPreferences syncWorld
2026-08-17 10:28:12,556 [ERROR] LogOutputStream:75 - [STDERR_REDIRECT] WARNING: Couldn't flush system prefs: java.util.prefs.BackingStoreException: Couldn't get file lock.
2026-08-17 10:28:12,556 [ERROR] LogOutputStream:75 - [STDERR_REDIRECT] 
2026-08-17 10:28:42,554 [ERROR] LogOutputStream:75 - [STDERR_REDIRECT] Aug 17, 2026 10:28:42 AM java.util.prefs.FileSystemPreferences checkLockFile0ErrorCode
2026-08-17 10:28:42,554 [ERROR] LogOutputStream:75 - [STDERR_REDIRECT] WARNING: Could not lock System prefs. Unix error code 2.
2026-08-17 10:28:42,554 [ERROR] LogOutputStream:75 - [STDERR_REDIRECT] 
2026-08-17 10:28:42,554 [ERROR] LogOutputStream:75 - [STDERR_REDIRECT] Aug 17, 2026 10:28:42 AM java.util.prefs.FileSystemPreferences syncWorld
2026-08-17 10:28:42,555 [ERROR] LogOutputStream:75 - [STDERR_REDIRECT] WARNING: Couldn't flush system prefs: java.util.prefs.BackingStoreException: Couldn't get file lock.
2026-08-17 10:28:42,555 [ERROR] LogOutputStream:75 - [STDERR_REDIRECT] 
2026-08-17 10:29:12,553 [ERROR] LogOutputStream:75 - [STDERR_REDIRECT] Aug 17, 2026 10:29:12 AM java.util.prefs.FileSystemPreferences checkLockFile0ErrorCode
2026-08-17 10:29:12,553 [ERROR] LogOutputStream:75 - [STDERR_REDIRECT] WARNING: Could not lock System prefs. Unix error code 2.
2026-08-17 10:29:12,553 [ERROR] LogOutputStream:75 - [STDERR_REDIRECT] 
2026-08-17 10:29:12,553 [ERROR] LogOutputStream:75 - [STDERR_REDIRECT] Aug 17, 2026 10:29:12 AM java.util.prefs.FileSystemPreferences syncWorld
2026-08-17 10:29:12,554 [ERROR] LogOutputStream:75 - [STDERR_REDIRECT] WARNING: Couldn't flush system prefs: java.util.prefs.BackingStoreException: Couldn't get file lock.
2026-08-17 10:29:12,554 [ERROR] LogOutputStream:75 - [STDERR_REDIRECT] 
2026-08-17 10:29:42,554 [ERROR] LogOutputStream:75 - [STDERR_REDIRECT] Aug 17, 2026 10:29:42 AM java.util.prefs.FileSystemPreferences checkLockFile0ErrorCode
2026-08-17 10:29:42,555 [ERROR] LogOutputStream:75 - [STDERR_REDIRECT] WARNING: Could not lock System prefs. Unix error code 2.
2026-08-17 10:29:42,555 [ERROR] LogOutputStream:75 - [STDERR_REDIRECT] 
2026-08-17 10:29:42,556 [ERROR] LogOutputStream:75 - [STDERR_REDIRECT] Aug 17, 2026 10:29:42 AM java.util.prefs.FileSystemPreferences syncWorld
2026-08-17 10:29:42,556 [ERROR] LogOutputStream:75 - [STDERR_REDIRECT] WARNING: Couldn't flush system prefs: java.util.prefs.BackingStoreException: Couldn't get file lock.
2026-08-17 10:29:42,556 [ERROR] LogOutputStream:75 - [STDERR_REDIRECT] 
2026-08-17 10:30:12,555 [ERROR] LogOutputStream:75 - [STDERR_REDIRECT] Aug 17, 2026 10:30:12 AM java.util.prefs.FileSystemPreferences checkLockFile0ErrorCode
2026-08-17 10:30:12,555 [ERROR] LogOutputStream:75 - [STDERR_REDIRECT] WARNING: Could not lock System prefs. Unix error code 2.
2026-08-17 10:30:12,561 [ERROR] LogOutputStream:75 - [STDERR_REDIRECT] 
2026-08-17 10:30:12,562 [ERROR] LogOutputStream:75 - [STDERR_REDIRECT] Aug 17, 2026 10:30:12 AM java.util.prefs.FileSystemPreferences syncWorld
2026-08-17 10:30:12,562 [ERROR] LogOutputStream:75 - [STDERR_REDIRECT] WARNING: Couldn't flush system prefs: java.util.prefs.BackingStoreException: Couldn't get file lock.
2026-08-17 10:30:12,562 [ERROR] LogOutputStream:75 - [STDERR_REDIRECT] 
2026-08-17 10:30:42,553 [ERROR] LogOutputStream:75 - [STDERR_REDIRECT] Aug 17, 2026 10:30:42 AM java.util.prefs.FileSystemPreferences checkLockFile0ErrorCode
2026-08-17 10:30:42,554 [ERROR] LogOutputStream:75 - [STDERR_REDIRECT] WARNING: Could not lock System prefs. Unix error code 2.
2026-08-17 10:30:42,554 [ERROR] LogOutputStream:75 - [STDERR_REDIRECT] 
2026-08-17 10:30:42,554 [ERROR] LogOutputStream:75 - [STDERR_REDIRECT] Aug 17, 2026 10:30:42 AM java.util.prefs.FileSystemPreferences syncWorld
2026-08-17 10:30:42,554 [ERROR] LogOutputStream:75 - [STDERR_REDIRECT] WARNING: Couldn't flush system prefs: java.util.prefs.BackingStoreException: Couldn't get file lock.
2026-08-17 10:30:42,554 [ERROR] LogOutputStream:75 - [STDERR_REDIRECT] 
2026-08-17 10:31:12,555 [ERROR] LogOutputStream:75 - [STDERR_REDIRECT] Aug 17, 2026 10:31:12 AM java.util.prefs.FileSystemPreferences checkLockFile0ErrorCode
2026-08-17 10:31:12,556 [ERROR] LogOutputStream:75 - [STDERR_REDIRECT] WARNING: Could not lock System prefs. Unix error code 2.
2026-08-17 10:31:12,556 [ERROR] LogOutputStream:75 - [STDERR_REDIRECT] 
2026-08-17 10:31:12,557 [ERROR] LogOutputStream:75 - [STDERR_REDIRECT] Aug 17, 2026 10:31:12 AM java.util.prefs.FileSystemPreferences syncWorld
2026-08-17 10:31:12,557 [ERROR] LogOutputStream:75 - [STDERR_REDIRECT] WARNING: Couldn't flush system prefs: java.util.prefs.BackingStoreException: Couldn't get file lock.
2026-08-17 10:31:12,557 [ERROR] LogOutputStream:75 - [STDERR_REDIRECT] 
2026-08-17 10:31:42,555 [ERROR] LogOutputStream:75 - [STDERR_REDIRECT] Aug 17, 2026 10:31:42 AM java.util.prefs.FileSystemPreferences checkLockFile0ErrorCode
2026-08-17 10:31:42,555 [ERROR] LogOutputStream:75 - [STDERR_REDIRECT] WARNING: Could not lock System prefs. Unix error code 2.
2026-08-17 10:31:42,555 [ERROR] LogOutputStream:75 - [STDERR_REDIRECT] 
2026-08-17 10:31:42,556 [ERROR] LogOutputStream:75 - [STDERR_REDIRECT] Aug 17, 2026 10:31:42 AM java.util.prefs.FileSystemPreferences syncWorld
2026-08-17 10:31:42,556 [ERROR] LogOutputStream:75 - [STDERR_REDIRECT] WARNING: Couldn't flush system prefs: java.util.prefs.BackingStoreException: Couldn't get file lock.
2026-08-17 10:31:42,557 [ERROR] LogOutputStream:75 - [STDERR_REDIRECT] 
2026-08-17 10:32:12,553 [ERROR] LogOutputStream:75 - [STDERR_REDIRECT] Aug 17, 2026 10:32:12 AM java.util.prefs.FileSystemPreferences checkLockFile0ErrorCode
2026-08-17 10:32:12,553 [ERROR] LogOutputStream:75 - [STDERR_REDIRECT] WARNING: Could not lock System prefs. Unix error code 2.
2026-08-17 10:32:12,554 [ERROR] LogOutputStream:75 - [STDERR_REDIRECT] 
2026-08-17 10:32:12,554 [ERROR] LogOutputStream:75 - [STDERR_REDIRECT] Aug 17, 2026 10:32:12 AM java.util.prefs.FileSystemPreferences syncWorld
2026-08-17 10:32:12,554 [ERROR] LogOutputStream:75 - [STDERR_REDIRECT] WARNING: Couldn't flush system prefs: java.util.prefs.BackingStoreException: Couldn't get file lock.
2026-08-17 10:32:12,554 [ERROR] LogOutputStream:75 - [STDERR_REDIRECT] 
2026-08-17 10:32:42,553 [ERROR] LogOutputStream:75 - [STDERR_REDIRECT] Aug 17, 2026 10:32:42 AM java.util.prefs.FileSystemPreferences checkLockFile0ErrorCode
2026-08-17 10:32:42,553 [ERROR] LogOutputStream:75 - [STDERR_REDIRECT] WARNING: Could not lock System prefs. Unix error code 2.
2026-08-17 10:32:42,553 [ERROR] LogOutputStream:75 - [STDERR_REDIRECT] 
2026-08-17 10:32:42,553 [ERROR] LogOutputStream:75 - [STDERR_REDIRECT] Aug 17, 2026 10:32:42 AM java.util.prefs.FileSystemPreferences syncWorld
2026-08-17 10:32:42,553 [ERROR] LogOutputStream:75 - [STDERR_REDIRECT] WARNING: Couldn't flush system prefs: java.util.prefs.BackingStoreException: Couldn't get file lock.
2026-08-17 10:32:42,553 [ERROR] LogOutputStream:75 - [STDERR_REDIRECT] 
2026-08-17 10:33:12,554 [ERROR] LogOutputStream:75 - [STDERR_REDIRECT] Aug 17, 2026 10:33:12 AM java.util.prefs.FileSystemPreferences checkLockFile0ErrorCode
2026-08-17 10:33:12,554 [ERROR] LogOutputStream:75 - [STDERR_REDIRECT] WARNING: Could not lock System prefs. Unix error code 2.
2026-08-17 10:33:12,554 [ERROR] LogOutputStream:75 - [STDERR_REDIRECT] 
2026-08-17 10:33:12,554 [ERROR] LogOutputStream:75 - [STDERR_REDIRECT] Aug 17, 2026 10:33:12 AM java.util.prefs.FileSystemPreferences syncWorld
2026-08-17 10:33:12,554 [ERROR] LogOutputStream:75 - [STDERR_REDIRECT] WARNING: Couldn't flush system prefs: java.util.prefs.BackingStoreException: Couldn't get file lock.
2026-08-17 10:33:12,554 [ERROR] LogOutputStream:75 - [STDERR_REDIRECT] 
2026-08-17 10:33:42,553 [ERROR] LogOutputStream:75 - [STDERR_REDIRECT] Aug 17, 2026 10:33:42 AM java.util.prefs.FileSystemPreferences checkLockFile0ErrorCode
2026-08-17 10:33:42,554 [ERROR] LogOutputStream:75 - [STDERR_REDIRECT] WARNING: Could not lock System prefs. Unix error code 2.
2026-08-17 10:33:42,554 [ERROR] LogOutputStream:75 - [STDERR_REDIRECT] 
2026-08-17 10:33:42,554 [ERROR] LogOutputStream:75 - [STDERR_REDIRECT] Aug 17, 2026 10:33:42 AM java.util.prefs.FileSystemPreferences syncWorld
2026-08-17 10:33:42,554 [ERROR] LogOutputStream:75 - [STDERR_REDIRECT] WARNING: Couldn't flush system prefs: java.util.prefs.BackingStoreException: Couldn't get file lock.
2026-08-17 10:33:42,554 [ERROR] LogOutputStream:75 - [STDERR_REDIRECT] 
2026-08-17 10:34:12,553 [ERROR] LogOutputStream:75 - [STDERR_REDIRECT] Aug 17, 2026 10:34:12 AM java.util.prefs.FileSystemPreferences checkLockFile0ErrorCode
2026-08-17 10:34:12,553 [ERROR] LogOutputStream:75 - [STDERR_REDIRECT] WARNING: Could not lock System prefs. Unix error code 2.
2026-08-17 10:34:12,553 [ERROR] LogOutputStream:75 - [STDERR_REDIRECT] 
2026-08-17 10:34:12,554 [ERROR] LogOutputStream:75 - [STDERR_REDIRECT] Aug 17, 2026 10:34:12 AM java.util.prefs.FileSystemPreferences syncWorld
2026-08-17 10:34:12,554 [ERROR] LogOutputStream:75 - [STDERR_REDIRECT] WARNING: Couldn't flush system prefs: java.util.prefs.BackingStoreException: Couldn't get file lock.
2026-08-17 10:34:12,554 [ERROR] LogOutputStream:75 - [STDERR_REDIRECT] 
2026-08-17 10:34:42,553 [ERROR] LogOutputStream:75 - [STDERR_REDIRECT] Aug 17, 2026 10:34:42 AM java.util.prefs.FileSystemPreferences checkLockFile0ErrorCode
2026-08-17 10:34:42,553 [ERROR] LogOutputStream:75 - [STDERR_REDIRECT] WARNING: Could not lock System prefs. Unix error code 2.
2026-08-17 10:34:42,553 [ERROR] LogOutputStream:75 - [STDERR_REDIRECT] 
2026-08-17 10:34:42,553 [ERROR] LogOutputStream:75 - [STDERR_REDIRECT] Aug 17, 2026 10:34:42 AM java.util.prefs.FileSystemPreferences syncWorld
2026-08-17 10:34:42,553 [ERROR] LogOutputStream:75 - [STDERR_REDIRECT] WARNING: Couldn't flush system prefs: java.util.prefs.BackingStoreException: Couldn't get file lock.
2026-08-17 10:34:42,553 [ERROR] LogOutputStream:75 - [STDERR_REDIRECT] 
2026-08-17 10:35:12,553 [ERROR] LogOutputStream:75 - [STDERR_REDIRECT] Aug 17, 2026 10:35:12 AM java.util.prefs.FileSystemPreferences checkLockFile0ErrorCode
2026-08-17 10:35:12,554 [ERROR] LogOutputStream:75 - [STDERR_REDIRECT] WARNING: Could not lock System prefs. Unix error code 2.
2026-08-17 10:35:12,554 [ERROR] LogOutputStream:75 - [STDERR_REDIRECT] 
2026-08-17 10:35:12,554 [ERROR] LogOutputStream:75 - [STDERR_REDIRECT] Aug 17, 2026 10:35:12 AM java.util.prefs.FileSystemPreferences syncWorld
2026-08-17 10:35:12,554 [ERROR] LogOutputStream:75 - [STDERR_REDIRECT] WARNING: Couldn't flush system prefs: java.util.prefs.BackingStoreException: Couldn't get file lock.
2026-08-17 10:35:12,554 [ERROR] LogOutputStream:75 - [STDERR_REDIRECT] 
2026-08-17 10:35:42,555 [ERROR] LogOutputStream:75 - [STDERR_REDIRECT] Aug 17, 2026 10:35:42 AM java.util.prefs.FileSystemPreferences checkLockFile0ErrorCode
2026-08-17 10:35:42,555 [ERROR] LogOutputStream:75 - [STDERR_REDIRECT] WARNING: Could not lock System prefs. Unix error code 2.
2026-08-17 10:35:42,555 [ERROR] LogOutputStream:75 - [STDERR_REDIRECT] 
2026-08-17 10:35:42,555 [ERROR] LogOutputStream:75 - [STDERR_REDIRECT] Aug 17, 2026 10:35:42 AM java.util.prefs.FileSystemPreferences syncWorld
2026-08-17 10:35:42,555 [ERROR] LogOutputStream:75 - [STDERR_REDIRECT] WARNING: Couldn't flush system prefs: java.util.prefs.BackingStoreException: Couldn't get file lock.
2026-08-17 10:35:42,555 [ERROR] LogOutputStream:75 - [STDERR_REDIRECT] 
2026-08-17 10:36:12,555 [ERROR] LogOutputStream:75 - [STDERR_REDIRECT] Aug 17, 2026 10:36:12 AM java.util.prefs.FileSystemPreferences checkLockFile0ErrorCode
2026-08-17 10:36:12,555 [ERROR] LogOutputStream:75 - [STDERR_REDIRECT] WARNING: Could not lock System prefs. Unix error code 2.
2026-08-17 10:36:12,555 [ERROR] LogOutputStream:75 - [STDERR_REDIRECT] 
2026-08-17 10:36:12,555 [ERROR] LogOutputStream:75 - [STDERR_REDIRECT] Aug 17, 2026 10:36:12 AM java.util.prefs.FileSystemPreferences syncWorld
2026-08-17 10:36:12,555 [ERROR] LogOutputStream:75 - [STDERR_REDIRECT] WARNING: Couldn't flush system prefs: java.util.prefs.BackingStoreException: Couldn't get file lock.
2026-08-17 10:36:12,555 [ERROR] LogOutputStream:75 - [STDERR_REDIRECT] 
2026-08-17 10:36:42,554 [ERROR] LogOutputStream:75 - [STDERR_REDIRECT] Aug 17, 2026 10:36:42 AM java.util.prefs.FileSystemPreferences checkLockFile0ErrorCode
2026-08-17 10:36:42,554 [ERROR] LogOutputStream:75 - [STDERR_REDIRECT] WARNING: Could not lock System prefs. Unix error code 2.
2026-08-17 10:36:42,554 [ERROR] LogOutputStream:75 - [STDERR_REDIRECT] 
2026-08-17 10:36:42,555 [ERROR] LogOutputStream:75 - [STDERR_REDIRECT] Aug 17, 2026 10:36:42 AM java.util.prefs.FileSystemPreferences syncWorld
2026-08-17 10:36:42,555 [ERROR] LogOutputStream:75 - [STDERR_REDIRECT] WARNING: Couldn't flush system prefs: java.util.prefs.BackingStoreException: Couldn't get file lock.
2026-08-17 10:36:42,555 [ERROR] LogOutputStream:75 - [STDERR_REDIRECT] 
2026-08-17 10:37:12,554 [ERROR] LogOutputStream:75 - [STDERR_REDIRECT] Aug 17, 2026 10:37:12 AM java.util.prefs.FileSystemPreferences checkLockFile0ErrorCode
2026-08-17 10:37:12,554 [ERROR] LogOutputStream:75 - [STDERR_REDIRECT] WARNING: Could not lock System prefs. Unix error code 2.
2026-08-17 10:37:12,554 [ERROR] LogOutputStream:75 - [STDERR_REDIRECT] 
2026-08-17 10:37:12,554 [ERROR] LogOutputStream:75 - [STDERR_REDIRECT] Aug 17, 2026 10:37:12 AM java.util.prefs.FileSystemPreferences syncWorld
2026-08-17 10:37:12,554 [ERROR] LogOutputStream:75 - [STDERR_REDIRECT] WARNING: Couldn't flush system prefs: java.util.prefs.BackingStoreException: Couldn't get file lock.
2026-08-17 10:37:12,555 [ERROR] LogOutputStream:75 - [STDERR_REDIRECT] 
2026-08-17 10:37:42,554 [ERROR] LogOutputStream:75 - [STDERR_REDIRECT] Aug 17, 2026 10:37:42 AM java.util.prefs.FileSystemPreferences checkLockFile0ErrorCode
2026-08-17 10:37:42,554 [ERROR] LogOutputStream:75 - [STDERR_REDIRECT] WARNING: Could not lock System prefs. Unix error code 2.
2026-08-17 10:37:42,554 [ERROR] LogOutputStream:75 - [STDERR_REDIRECT] 
2026-08-17 10:37:42,554 [ERROR] LogOutputStream:75 - [STDERR_REDIRECT] Aug 17, 2026 10:37:42 AM java.util.prefs.FileSystemPreferences syncWorld
2026-08-17 10:37:42,554 [ERROR] LogOutputStream:75 - [STDERR_REDIRECT] WARNING: Couldn't flush system prefs: java.util.prefs.BackingStoreException: Couldn't get file lock.
2026-08-17 10:37:42,554 [ERROR] LogOutputStream:75 - [STDERR_REDIRECT] 
2026-08-17 10:38:12,555 [ERROR] LogOutputStream:75 - [STDERR_REDIRECT] Aug 17, 2026 10:38:12 AM java.util.prefs.FileSystemPreferences checkLockFile0ErrorCode
2026-08-17 10:38:12,555 [ERROR] LogOutputStream:75 - [STDERR_REDIRECT] WARNING: Could not lock System prefs. Unix error code 2.
2026-08-17 10:38:12,555 [ERROR] LogOutputStream:75 - [STDERR_REDIRECT] 
2026-08-17 10:38:12,556 [ERROR] LogOutputStream:75 - [STDERR_REDIRECT] Aug 17, 2026 10:38:12 AM java.util.prefs.FileSystemPreferences syncWorld
2026-08-17 10:38:12,556 [ERROR] LogOutputStream:75 - [STDERR_REDIRECT] WARNING: Couldn't flush system prefs: java.util.prefs.BackingStoreException: Couldn't get file lock.
2026-08-17 10:38:12,556 [ERROR] LogOutputStream:75 - [STDERR_REDIRECT] 
2026-08-17 10:38:42,555 [ERROR] LogOutputStream:75 - [STDERR_REDIRECT] Aug 17, 2026 10:38:42 AM java.util.prefs.FileSystemPreferences checkLockFile0ErrorCode
2026-08-17 10:38:42,556 [ERROR] LogOutputStream:75 - [STDERR_REDIRECT] WARNING: Could not lock System prefs. Unix error code 2.
2026-08-17 10:38:42,556 [ERROR] LogOutputStream:75 - [STDERR_REDIRECT] 
2026-08-17 10:38:42,556 [ERROR] LogOutputStream:75 - [STDERR_REDIRECT] Aug 17, 2026 10:38:42 AM java.util.prefs.FileSystemPreferences syncWorld
2026-08-17 10:38:42,557 [ERROR] LogOutputStream:75 - [STDERR_REDIRECT] WARNING: Couldn't flush system prefs: java.util.prefs.BackingStoreException: Couldn't get file lock.
2026-08-17 10:38:42,557 [ERROR] LogOutputStream:75 - [STDERR_REDIRECT] 
2026-08-17 10:39:12,554 [ERROR] LogOutputStream:75 - [STDERR_REDIRECT] Aug 17, 2026 10:39:12 AM java.util.prefs.FileSystemPreferences checkLockFile0ErrorCode
2026-08-17 10:39:12,554 [ERROR] LogOutputStream:75 - [STDERR_REDIRECT] WARNING: Could not lock System prefs. Unix error code 2.
2026-08-17 10:39:12,554 [ERROR] LogOutputStream:75 - [STDERR_REDIRECT] 
2026-08-17 10:39:12,555 [ERROR] LogOutputStream:75 - [STDERR_REDIRECT] Aug 17, 2026 10:39:12 AM java.util.prefs.FileSystemPreferences syncWorld
2026-08-17 10:39:12,555 [ERROR] LogOutputStream:75 - [STDERR_REDIRECT] WARNING: Couldn't flush system prefs: java.util.prefs.BackingStoreException: Couldn't get file lock.
2026-08-17 10:39:12,555 [ERROR] LogOutputStream:75 - [STDERR_REDIRECT] 
2026-08-17 10:39:42,555 [ERROR] LogOutputStream:75 - [STDERR_REDIRECT] Aug 17, 2026 10:39:42 AM java.util.prefs.FileSystemPreferences checkLockFile0ErrorCode
2026-08-17 10:39:42,556 [ERROR] LogOutputStream:75 - [STDERR_REDIRECT] WARNING: Could not lock System prefs. Unix error code 2.
2026-08-17 10:39:42,556 [ERROR] LogOutputStream:75 - [STDERR_REDIRECT] 
2026-08-17 10:39:42,556 [ERROR] LogOutputStream:75 - [STDERR_REDIRECT] Aug 17, 2026 10:39:42 AM java.util.prefs.FileSystemPreferences syncWorld
2026-08-17 10:39:42,556 [ERROR] LogOutputStream:75 - [STDERR_REDIRECT] WARNING: Couldn't flush system prefs: java.util.prefs.BackingStoreException: Couldn't get file lock.
2026-08-17 10:39:42,557 [ERROR] LogOutputStream:75 - [STDERR_REDIRECT] 
2026-08-17 10:40:12,554 [ERROR] LogOutputStream:75 - [STDERR_REDIRECT] Aug 17, 2026 10:40:12 AM java.util.prefs.FileSystemPreferences checkLockFile0ErrorCode
2026-08-17 10:40:12,555 [ERROR] LogOutputStream:75 - [STDERR_REDIRECT] WARNING: Could not lock System prefs. Unix error code 2.
2026-08-17 10:40:12,555 [ERROR] LogOutputStream:75 - [STDERR_REDIRECT] 
2026-08-17 10:40:12,555 [ERROR] LogOutputStream:75 - [STDERR_REDIRECT] Aug 17, 2026 10:40:12 AM java.util.prefs.FileSystemPreferences syncWorld
2026-08-17 10:40:12,555 [ERROR] LogOutputStream:75 - [STDERR_REDIRECT] WARNING: Couldn't flush system prefs: java.util.prefs.BackingStoreException: Couldn't get file lock.
2026-08-17 10:40:12,555 [ERROR] LogOutputStream:75 - [STDERR_REDIRECT] 
2026-08-17 10:40:42,554 [ERROR] LogOutputStream:75 - [STDERR_REDIRECT] Aug 17, 2026 10:40:42 AM java.util.prefs.FileSystemPreferences checkLockFile0ErrorCode
2026-08-17 10:40:42,554 [ERROR] LogOutputStream:75 - [STDERR_REDIRECT] WARNING: Could not lock System prefs. Unix error code 2.
2026-08-17 10:40:42,554 [ERROR] LogOutputStream:75 - [STDERR_REDIRECT] 
2026-08-17 10:40:42,554 [ERROR] LogOutputStream:75 - [STDERR_REDIRECT] Aug 17, 2026 10:40:42 AM java.util.prefs.FileSystemPreferences syncWorld
2026-08-17 10:40:42,554 [ERROR] LogOutputStream:75 - [STDERR_REDIRECT] WARNING: Couldn't flush system prefs: java.util.prefs.BackingStoreException: Couldn't get file lock.
2026-08-17 10:40:42,554 [ERROR] LogOutputStream:75 - [STDERR_REDIRECT] 
2026-08-17 10:41:12,555 [ERROR] LogOutputStream:75 - [STDERR_REDIRECT] Aug 17, 2026 10:41:12 AM java.util.prefs.FileSystemPreferences checkLockFile0ErrorCode
2026-08-17 10:41:12,555 [ERROR] LogOutputStream:75 - [STDERR_REDIRECT] WARNING: Could not lock System prefs. Unix error code 2.
2026-08-17 10:41:12,556 [ERROR] LogOutputStream:75 - [STDERR_REDIRECT] 
2026-08-17 10:41:12,556 [ERROR] LogOutputStream:75 - [STDERR_REDIRECT] Aug 17, 2026 10:41:12 AM java.util.prefs.FileSystemPreferences syncWorld
2026-08-17 10:41:12,556 [ERROR] LogOutputStream:75 - [STDERR_REDIRECT] WARNING: Couldn't flush system prefs: java.util.prefs.BackingStoreException: Couldn't get file lock.
2026-08-17 10:41:12,556 [ERROR] LogOutputStream:75 - [STDERR_REDIRECT] 
2026-08-17 10:41:42,556 [ERROR] LogOutputStream:75 - [STDERR_REDIRECT] Aug 17, 2026 10:41:42 AM java.util.prefs.FileSystemPreferences checkLockFile0ErrorCode
2026-08-17 10:41:42,557 [ERROR] LogOutputStream:75 - [STDERR_REDIRECT] WARNING: Could not lock System prefs. Unix error code 2.
2026-08-17 10:41:42,557 [ERROR] LogOutputStream:75 - [STDERR_REDIRECT] 
2026-08-17 10:41:42,557 [ERROR] LogOutputStream:75 - [STDERR_REDIRECT] Aug 17, 2026 10:41:42 AM java.util.prefs.FileSystemPreferences syncWorld
2026-08-17 10:41:42,558 [ERROR] LogOutputStream:75 - [STDERR_REDIRECT] WARNING: Couldn't flush system prefs: java.util.prefs.BackingStoreException: Couldn't get file lock.
2026-08-17 10:41:42,558 [ERROR] LogOutputStream:75 - [STDERR_REDIRECT] 
2026-08-17 10:42:12,557 [ERROR] LogOutputStream:75 - [STDERR_REDIRECT] Aug 17, 2026 10:42:12 AM java.util.prefs.FileSystemPreferences checkLockFile0ErrorCode
2026-08-17 10:42:12,557 [ERROR] LogOutputStream:75 - [STDERR_REDIRECT] WARNING: Could not lock System prefs. Unix error code 2.
2026-08-17 10:42:12,557 [ERROR] LogOutputStream:75 - [STDERR_REDIRECT] 
2026-08-17 10:42:12,558 [ERROR] LogOutputStream:75 - [STDERR_REDIRECT] Aug 17, 2026 10:42:12 AM java.util.prefs.FileSystemPreferences syncWorld
2026-08-17 10:42:12,558 [ERROR] LogOutputStream:75 - [STDERR_REDIRECT] WARNING: Couldn't flush system prefs: java.util.prefs.BackingStoreException: Couldn't get file lock.
2026-08-17 10:42:12,558 [ERROR] LogOutputStream:75 - [STDERR_REDIRECT] 
2026-08-17 10:42:42,557 [ERROR] LogOutputStream:75 - [STDERR_REDIRECT] Aug 17, 2026 10:42:42 AM java.util.prefs.FileSystemPreferences checkLockFile0ErrorCode
2026-08-17 10:42:42,557 [ERROR] LogOutputStream:75 - [STDERR_REDIRECT] WARNING: Could not lock System prefs. Unix error code 2.
2026-08-17 10:42:42,557 [ERROR] LogOutputStream:75 - [STDERR_REDIRECT] 
2026-08-17 10:42:42,558 [ERROR] LogOutputStream:75 - [STDERR_REDIRECT] Aug 17, 2026 10:42:42 AM java.util.prefs.FileSystemPreferences syncWorld
2026-08-17 10:42:42,558 [ERROR] LogOutputStream:75 - [STDERR_REDIRECT] WARNING: Couldn't flush system prefs: java.util.prefs.BackingStoreException: Couldn't get file lock.
2026-08-17 10:42:42,558 [ERROR] LogOutputStream:75 - [STDERR_REDIRECT] 
2026-08-17 10:43:12,557 [ERROR] LogOutputStream:75 - [STDERR_REDIRECT] Aug 17, 2026 10:43:12 AM java.util.prefs.FileSystemPreferences checkLockFile0ErrorCode
2026-08-17 10:43:12,557 [ERROR] LogOutputStream:75 - [STDERR_REDIRECT] WARNING: Could not lock System prefs. Unix error code 2.
2026-08-17 10:43:12,557 [ERROR] LogOutputStream:75 - [STDERR_REDIRECT] 
2026-08-17 10:43:12,557 [ERROR] LogOutputStream:75 - [STDERR_REDIRECT] Aug 17, 2026 10:43:12 AM java.util.prefs.FileSystemPreferences syncWorld
2026-08-17 10:43:12,557 [ERROR] LogOutputStream:75 - [STDERR_REDIRECT] WARNING: Couldn't flush system prefs: java.util.prefs.BackingStoreException: Couldn't get file lock.
2026-08-17 10:43:12,557 [ERROR] LogOutputStream:75 - [STDERR_REDIRECT] 
2026-08-17 10:43:42,557 [ERROR] LogOutputStream:75 - [STDERR_REDIRECT] Aug 17, 2026 10:43:42 AM java.util.prefs.FileSystemPreferences checkLockFile0ErrorCode
2026-08-17 10:43:42,557 [ERROR] LogOutputStream:75 - [STDERR_REDIRECT] WARNING: Could not lock System prefs. Unix error code 2.
2026-08-17 10:43:42,558 [ERROR] LogOutputStream:75 - [STDERR_REDIRECT] 
2026-08-17 10:43:42,558 [ERROR] LogOutputStream:75 - [STDERR_REDIRECT] Aug 17, 2026 10:43:42 AM java.util.prefs.FileSystemPreferences syncWorld
2026-08-17 10:43:42,558 [ERROR] LogOutputStream:75 - [STDERR_REDIRECT] WARNING: Couldn't flush system prefs: java.util.prefs.BackingStoreException: Couldn't get file lock.
2026-08-17 10:43:42,559 [ERROR] LogOutputStream:75 - [STDERR_REDIRECT] 
2026-08-17 10:44:12,557 [ERROR] LogOutputStream:75 - [STDERR_REDIRECT] Aug 17, 2026 10:44:12 AM java.util.prefs.FileSystemPreferences checkLockFile0ErrorCode
2026-08-17 10:44:12,557 [ERROR] LogOutputStream:75 - [STDERR_REDIRECT] WARNING: Could not lock System prefs. Unix error code 2.
2026-08-17 10:44:12,557 [ERROR] LogOutputStream:75 - [STDERR_REDIRECT] 
2026-08-17 10:44:12,557 [ERROR] LogOutputStream:75 - [STDERR_REDIRECT] Aug 17, 2026 10:44:12 AM java.util.prefs.FileSystemPreferences syncWorld
2026-08-17 10:44:12,558 [ERROR] LogOutputStream:75 - [STDERR_REDIRECT] WARNING: Couldn't flush system prefs: java.util.prefs.BackingStoreException: Couldn't get file lock.
2026-08-17 10:44:12,558 [ERROR] LogOutputStream:75 - [STDERR_REDIRECT] 
2026-08-17 10:44:42,557 [ERROR] LogOutputStream:75 - [STDERR_REDIRECT] Aug 17, 2026 10:44:42 AM java.util.prefs.FileSystemPreferences checkLockFile0ErrorCode
2026-08-17 10:44:42,557 [ERROR] LogOutputStream:75 - [STDERR_REDIRECT] WARNING: Could not lock System prefs. Unix error code 2.
2026-08-17 10:44:42,557 [ERROR] LogOutputStream:75 - [STDERR_REDIRECT] 
2026-08-17 10:44:42,557 [ERROR] LogOutputStream:75 - [STDERR_REDIRECT] Aug 17, 2026 10:44:42 AM java.util.prefs.FileSystemPreferences syncWorld
2026-08-17 10:44:42,557 [ERROR] LogOutputStream:75 - [STDERR_REDIRECT] WARNING: Couldn't flush system prefs: java.util.prefs.BackingStoreException: Couldn't get file lock.
2026-08-17 10:44:42,557 [ERROR] LogOutputStream:75 - [STDERR_REDIRECT] 
2026-08-17 10:45:12,557 [ERROR] LogOutputStream:75 - [STDERR_REDIRECT] Aug 17, 2026 10:45:12 AM java.util.prefs.FileSystemPreferences checkLockFile0ErrorCode
2026-08-17 10:45:12,558 [ERROR] LogOutputStream:75 - [STDERR_REDIRECT] WARNING: Could not lock System prefs. Unix error code 2.
2026-08-17 10:45:12,558 [ERROR] LogOutputStream:75 - [STDERR_REDIRECT] 
2026-08-17 10:45:12,559 [ERROR] LogOutputStream:75 - [STDERR_REDIRECT] Aug 17, 2026 10:45:12 AM java.util.prefs.FileSystemPreferences syncWorld
2026-08-17 10:45:12,559 [ERROR] LogOutputStream:75 - [STDERR_REDIRECT] WARNING: Couldn't flush system prefs: java.util.prefs.BackingStoreException: Couldn't get file lock.
2026-08-17 10:45:12,559 [ERROR] LogOutputStream:75 - [STDERR_REDIRECT] 
2026-08-17 10:45:42,557 [ERROR] LogOutputStream:75 - [STDERR_REDIRECT] Aug 17, 2026 10:45:42 AM java.util.prefs.FileSystemPreferences checkLockFile0ErrorCode
2026-08-17 10:45:42,557 [ERROR] LogOutputStream:75 - [STDERR_REDIRECT] WARNING: Could not lock System prefs. Unix error code 2.
2026-08-17 10:45:42,557 [ERROR] LogOutputStream:75 - [STDERR_REDIRECT] 
2026-08-17 10:45:42,558 [ERROR] LogOutputStream:75 - [STDERR_REDIRECT] Aug 17, 2026 10:45:42 AM java.util.prefs.FileSystemPreferences syncWorld
2026-08-17 10:45:42,558 [ERROR] LogOutputStream:75 - [STDERR_REDIRECT] WARNING: Couldn't flush system prefs: java.util.prefs.BackingStoreException: Couldn't get file lock.
2026-08-17 10:45:42,558 [ERROR] LogOutputStream:75 - [STDERR_REDIRECT] 
2026-08-17 10:46:12,557 [ERROR] LogOutputStream:75 - [STDERR_REDIRECT] Aug 17, 2026 10:46:12 AM java.util.prefs.FileSystemPreferences checkLockFile0ErrorCode
2026-08-17 10:46:12,557 [ERROR] LogOutputStream:75 - [STDERR_REDIRECT] WARNING: Could not lock System prefs. Unix error code 2.
2026-08-17 10:46:12,557 [ERROR] LogOutputStream:75 - [STDERR_REDIRECT] 
2026-08-17 10:46:12,557 [ERROR] LogOutputStream:75 - [STDERR_REDIRECT] Aug 17, 2026 10:46:12 AM java.util.prefs.FileSystemPreferences syncWorld
2026-08-17 10:46:12,558 [ERROR] LogOutputStream:75 - [STDERR_REDIRECT] WARNING: Couldn't flush system prefs: java.util.prefs.BackingStoreException: Couldn't get file lock.
2026-08-17 10:46:12,558 [ERROR] LogOutputStream:75 - [STDERR_REDIRECT] 
2026-08-17 10:46:42,557 [ERROR] LogOutputStream:75 - [STDERR_REDIRECT] Aug 17, 2026 10:46:42 AM java.util.prefs.FileSystemPreferences checkLockFile0ErrorCode
2026-08-17 10:46:42,557 [ERROR] LogOutputStream:75 - [STDERR_REDIRECT] WARNING: Could not lock System prefs. Unix error code 2.
2026-08-17 10:46:42,557 [ERROR] LogOutputStream:75 - [STDERR_REDIRECT] 
2026-08-17 10:46:42,557 [ERROR] LogOutputStream:75 - [STDERR_REDIRECT] Aug 17, 2026 10:46:42 AM java.util.prefs.FileSystemPreferences syncWorld
2026-08-17 10:46:42,557 [ERROR] LogOutputStream:75 - [STDERR_REDIRECT] WARNING: Couldn't flush system prefs: java.util.prefs.BackingStoreException: Couldn't get file lock.
2026-08-17 10:46:42,557 [ERROR] LogOutputStream:75 - [STDERR_REDIRECT] 
2026-08-17 10:47:12,557 [ERROR] LogOutputStream:75 - [STDERR_REDIRECT] Aug 17, 2026 10:47:12 AM java.util.prefs.FileSystemPreferences checkLockFile0ErrorCode
2026-08-17 10:47:12,558 [ERROR] LogOutputStream:75 - [STDERR_REDIRECT] WARNING: Could not lock System prefs. Unix error code 2.
2026-08-17 10:47:12,558 [ERROR] LogOutputStream:75 - [STDERR_REDIRECT] 
2026-08-17 10:47:12,558 [ERROR] LogOutputStream:75 - [STDERR_REDIRECT] Aug 17, 2026 10:47:12 AM java.util.prefs.FileSystemPreferences syncWorld
2026-08-17 10:47:12,558 [ERROR] LogOutputStream:75 - [STDERR_REDIRECT] WARNING: Couldn't flush system prefs: java.util.prefs.BackingStoreException: Couldn't get file lock.
2026-08-17 10:47:12,558 [ERROR] LogOutputStream:75 - [STDERR_REDIRECT] 
2026-08-17 10:47:42,557 [ERROR] LogOutputStream:75 - [STDERR_REDIRECT] Aug 17, 2026 10:47:42 AM java.util.prefs.FileSystemPreferences checkLockFile0ErrorCode
2026-08-17 10:47:42,557 [ERROR] LogOutputStream:75 - [STDERR_REDIRECT] WARNING: Could not lock System prefs. Unix error code 2.
2026-08-17 10:47:42,557 [ERROR] LogOutputStream:75 - [STDERR_REDIRECT] 
2026-08-17 10:47:42,558 [ERROR] LogOutputStream:75 - [STDERR_REDIRECT] Aug 17, 2026 10:47:42 AM java.util.prefs.FileSystemPreferences syncWorld
2026-08-17 10:47:42,558 [ERROR] LogOutputStream:75 - [STDERR_REDIRECT] WARNING: Couldn't flush system prefs: java.util.prefs.BackingStoreException: Couldn't get file lock.
2026-08-17 10:47:42,558 [ERROR] LogOutputStream:75 - [STDERR_REDIRECT] 
2026-08-17 10:48:12,557 [ERROR] LogOutputStream:75 - [STDERR_REDIRECT] Aug 17, 2026 10:48:12 AM java.util.prefs.FileSystemPreferences checkLockFile0ErrorCode
2026-08-17 10:48:12,558 [ERROR] LogOutputStream:75 - [STDERR_REDIRECT] WARNING: Could not lock System prefs. Unix error code 2.
2026-08-17 10:48:12,558 [ERROR] LogOutputStream:75 - [STDERR_REDIRECT] 
2026-08-17 10:48:12,558 [ERROR] LogOutputStream:75 - [STDERR_REDIRECT] Aug 17, 2026 10:48:12 AM java.util.prefs.FileSystemPreferences syncWorld
2026-08-17 10:48:12,558 [ERROR] LogOutputStream:75 - [STDERR_REDIRECT] WARNING: Couldn't flush system prefs: java.util.prefs.BackingStoreException: Couldn't get file lock.
2026-08-17 10:48:12,558 [ERROR] LogOutputStream:75 - [STDERR_REDIRECT] 
2026-08-17 10:48:42,557 [ERROR] LogOutputStream:75 - [STDERR_REDIRECT] Aug 17, 2026 10:48:42 AM java.util.prefs.FileSystemPreferences checkLockFile0ErrorCode
2026-08-17 10:48:42,557 [ERROR] LogOutputStream:75 - [STDERR_REDIRECT] WARNING: Could not lock System prefs. Unix error code 2.
2026-08-17 10:48:42,557 [ERROR] LogOutputStream:75 - [STDERR_REDIRECT] 
2026-08-17 10:48:42,557 [ERROR] LogOutputStream:75 - [STDERR_REDIRECT] Aug 17, 2026 10:48:42 AM java.util.prefs.FileSystemPreferences syncWorld
2026-08-17 10:48:42,557 [ERROR] LogOutputStream:75 - [STDERR_REDIRECT] WARNING: Couldn't flush system prefs: java.util.prefs.BackingStoreException: Couldn't get file lock.
2026-08-17 10:48:42,557 [ERROR] LogOutputStream:75 - [STDERR_REDIRECT] 
2026-08-17 10:49:12,557 [ERROR] LogOutputStream:75 - [STDERR_REDIRECT] Aug 17, 2026 10:49:12 AM java.util.prefs.FileSystemPreferences checkLockFile0ErrorCode
2026-08-17 10:49:12,557 [ERROR] LogOutputStream:75 - [STDERR_REDIRECT] WARNING: Could not lock System prefs. Unix error code 2.
2026-08-17 10:49:12,557 [ERROR] LogOutputStream:75 - [STDERR_REDIRECT] 
2026-08-17 10:49:12,557 [ERROR] LogOutputStream:75 - [STDERR_REDIRECT] Aug 17, 2026 10:49:12 AM java.util.prefs.FileSystemPreferences syncWorld
2026-08-17 10:49:12,557 [ERROR] LogOutputStream:75 - [STDERR_REDIRECT] WARNING: Couldn't flush system prefs: java.util.prefs.BackingStoreException: Couldn't get file lock.
2026-08-17 10:49:12,557 [ERROR] LogOutputStream:75 - [STDERR_REDIRECT] 
2026-08-17 10:49:42,558 [ERROR] LogOutputStream:75 - [STDERR_REDIRECT] Aug 17, 2026 10:49:42 AM java.util.prefs.FileSystemPreferences checkLockFile0ErrorCode
2026-08-17 10:49:42,558 [ERROR] LogOutputStream:75 - [STDERR_REDIRECT] WARNING: Could not lock System prefs. Unix error code 2.
2026-08-17 10:49:42,558 [ERROR] LogOutputStream:75 - [STDERR_REDIRECT] 
2026-08-17 10:49:42,558 [ERROR] LogOutputStream:75 - [STDERR_REDIRECT] Aug 17, 2026 10:49:42 AM java.util.prefs.FileSystemPreferences syncWorld
2026-08-17 10:49:42,558 [ERROR] LogOutputStream:75 - [STDERR_REDIRECT] WARNING: Couldn't flush system prefs: java.util.prefs.BackingStoreException: Couldn't get file lock.
2026-08-17 10:49:42,558 [ERROR] LogOutputStream:75 - [STDERR_REDIRECT] 
2026-08-17 10:50:12,557 [ERROR] LogOutputStream:75 - [STDERR_REDIRECT] Aug 17, 2026 10:50:12 AM java.util.prefs.FileSystemPreferences checkLockFile0ErrorCode
2026-08-17 10:50:12,558 [ERROR] LogOutputStream:75 - [STDERR_REDIRECT] WARNING: Could not lock System prefs. Unix error code 2.
2026-08-17 10:50:12,558 [ERROR] LogOutputStream:75 - [STDERR_REDIRECT] 
2026-08-17 10:50:12,558 [ERROR] LogOutputStream:75 - [STDERR_REDIRECT] Aug 17, 2026 10:50:12 AM java.util.prefs.FileSystemPreferences syncWorld
2026-08-17 10:50:12,558 [ERROR] LogOutputStream:75 - [STDERR_REDIRECT] WARNING: Couldn't flush system prefs: java.util.prefs.BackingStoreException: Couldn't get file lock.
2026-08-17 10:50:12,558 [ERROR] LogOutputStream:75 - [STDERR_REDIRECT] 
2026-08-17 10:50:42,557 [ERROR] LogOutputStream:75 - [STDERR_REDIRECT] Aug 17, 2026 10:50:42 AM java.util.prefs.FileSystemPreferences checkLockFile0ErrorCode
2026-08-17 10:50:42,557 [ERROR] LogOutputStream:75 - [STDERR_REDIRECT] WARNING: Could not lock System prefs. Unix error code 2.
2026-08-17 10:50:42,557 [ERROR] LogOutputStream:75 - [STDERR_REDIRECT] 
2026-08-17 10:50:42,557 [ERROR] LogOutputStream:75 - [STDERR_REDIRECT] Aug 17, 2026 10:50:42 AM java.util.prefs.FileSystemPreferences syncWorld
2026-08-17 10:50:42,558 [ERROR] LogOutputStream:75 - [STDERR_REDIRECT] WARNING: Couldn't flush system prefs: java.util.prefs.BackingStoreException: Couldn't get file lock.
2026-08-17 10:50:42,558 [ERROR] LogOutputStream:75 - [STDERR_REDIRECT] 
2026-08-17 10:51:12,557 [ERROR] LogOutputStream:75 - [STDERR_REDIRECT] Aug 17, 2026 10:51:12 AM java.util.prefs.FileSystemPreferences checkLockFile0ErrorCode
2026-08-17 10:51:12,557 [ERROR] LogOutputStream:75 - [STDERR_REDIRECT] WARNING: Could not lock System prefs. Unix error code 2.
2026-08-17 10:51:12,557 [ERROR] LogOutputStream:75 - [STDERR_REDIRECT] 
2026-08-17 10:51:12,557 [ERROR] LogOutputStream:75 - [STDERR_REDIRECT] Aug 17, 2026 10:51:12 AM java.util.prefs.FileSystemPreferences syncWorld
2026-08-17 10:51:12,557 [ERROR] LogOutputStream:75 - [STDERR_REDIRECT] WARNING: Couldn't flush system prefs: java.util.prefs.BackingStoreException: Couldn't get file lock.
2026-08-17 10:51:12,557 [ERROR] LogOutputStream:75 - [STDERR_REDIRECT] 
2026-08-17 10:51:42,557 [ERROR] LogOutputStream:75 - [STDERR_REDIRECT] Aug 17, 2026 10:51:42 AM java.util.prefs.FileSystemPreferences checkLockFile0ErrorCode
2026-08-17 10:51:42,557 [ERROR] LogOutputStream:75 - [STDERR_REDIRECT] WARNING: Could not lock System prefs. Unix error code 2.
2026-08-17 10:51:42,557 [ERROR] LogOutputStream:75 - [STDERR_REDIRECT] 
2026-08-17 10:51:42,558 [ERROR] LogOutputStream:75 - [STDERR_REDIRECT] Aug 17, 2026 10:51:42 AM java.util.prefs.FileSystemPreferences syncWorld
2026-08-17 10:51:42,558 [ERROR] LogOutputStream:75 - [STDERR_REDIRECT] WARNING: Couldn't flush system prefs: java.util.prefs.BackingStoreException: Couldn't get file lock.
2026-08-17 10:51:42,558 [ERROR] LogOutputStream:75 - [STDERR_REDIRECT] 
2026-08-17 10:52:12,557 [ERROR] LogOutputStream:75 - [STDERR_REDIRECT] Aug 17, 2026 10:52:12 AM java.util.prefs.FileSystemPreferences checkLockFile0ErrorCode
2026-08-17 10:52:12,557 [ERROR] LogOutputStream:75 - [STDERR_REDIRECT] WARNING: Could not lock System prefs. Unix error code 2.
2026-08-17 10:52:12,557 [ERROR] LogOutputStream:75 - [STDERR_REDIRECT] 
2026-08-17 10:52:12,557 [ERROR] LogOutputStream:75 - [STDERR_REDIRECT] Aug 17, 2026 10:52:12 AM java.util.prefs.FileSystemPreferences syncWorld
2026-08-17 10:52:12,558 [ERROR] LogOutputStream:75 - [STDERR_REDIRECT] WARNING: Couldn't flush system prefs: java.util.prefs.BackingStoreException: Couldn't get file lock.
2026-08-17 10:52:12,558 [ERROR] LogOutputStream:75 - [STDERR_REDIRECT] 
2026-08-17 10:52:42,557 [ERROR] LogOutputStream:75 - [STDERR_REDIRECT] Aug 17, 2026 10:52:42 AM java.util.prefs.FileSystemPreferences checkLockFile0ErrorCode
2026-08-17 10:52:42,557 [ERROR] LogOutputStream:75 - [STDERR_REDIRECT] WARNING: Could not lock System prefs. Unix error code 2.
2026-08-17 10:52:42,557 [ERROR] LogOutputStream:75 - [STDERR_REDIRECT] 
2026-08-17 10:52:42,557 [ERROR] LogOutputStream:75 - [STDERR_REDIRECT] Aug 17, 2026 10:52:42 AM java.util.prefs.FileSystemPreferences syncWorld
2026-08-17 10:52:42,557 [ERROR] LogOutputStream:75 - [STDERR_REDIRECT] WARNING: Couldn't flush system prefs: java.util.prefs.BackingStoreException: Couldn't get file lock.
2026-08-17 10:52:42,557 [ERROR] LogOutputStream:75 - [STDERR_REDIRECT] 
2026-08-17 10:53:12,557 [ERROR] LogOutputStream:75 - [STDERR_REDIRECT] Aug 17, 2026 10:53:12 AM java.util.prefs.FileSystemPreferences checkLockFile0ErrorCode
2026-08-17 10:53:12,558 [ERROR] LogOutputStream:75 - [STDERR_REDIRECT] WARNING: Could not lock System prefs. Unix error code 2.
2026-08-17 10:53:12,558 [ERROR] LogOutputStream:75 - [STDERR_REDIRECT] 
2026-08-17 10:53:12,558 [ERROR] LogOutputStream:75 - [STDERR_REDIRECT] Aug 17, 2026 10:53:12 AM java.util.prefs.FileSystemPreferences syncWorld
2026-08-17 10:53:12,558 [ERROR] LogOutputStream:75 - [STDERR_REDIRECT] WARNING: Couldn't flush system prefs: java.util.prefs.BackingStoreException: Couldn't get file lock.
2026-08-17 10:53:12,558 [ERROR] LogOutputStream:75 - [STDERR_REDIRECT] 
2026-08-17 10:53:42,557 [ERROR] LogOutputStream:75 - [STDERR_REDIRECT] Aug 17, 2026 10:53:42 AM java.util.prefs.FileSystemPreferences checkLockFile0ErrorCode
2026-08-17 10:53:42,557 [ERROR] LogOutputStream:75 - [STDERR_REDIRECT] WARNING: Could not lock System prefs. Unix error code 2.
2026-08-17 10:53:42,557 [ERROR] LogOutputStream:75 - [STDERR_REDIRECT] 
2026-08-17 10:53:42,558 [ERROR] LogOutputStream:75 - [STDERR_REDIRECT] Aug 17, 2026 10:53:42 AM java.util.prefs.FileSystemPreferences syncWorld
2026-08-17 10:53:42,558 [ERROR] LogOutputStream:75 - [STDERR_REDIRECT] WARNING: Couldn't flush system prefs: java.util.prefs.BackingStoreException: Couldn't get file lock.
2026-08-17 10:53:42,558 [ERROR] LogOutputStream:75 - [STDERR_REDIRECT] 
2026-08-17 10:54:12,557 [ERROR] LogOutputStream:75 - [STDERR_REDIRECT] Aug 17, 2026 10:54:12 AM java.util.prefs.FileSystemPreferences checkLockFile0ErrorCode
2026-08-17 10:54:12,557 [ERROR] LogOutputStream:75 - [STDERR_REDIRECT] WARNING: Could not lock System prefs. Unix error code 2.
2026-08-17 10:54:12,557 [ERROR] LogOutputStream:75 - [STDERR_REDIRECT] 
2026-08-17 10:54:12,557 [ERROR] LogOutputStream:75 - [STDERR_REDIRECT] Aug 17, 2026 10:54:12 AM java.util.prefs.FileSystemPreferences syncWorld
2026-08-17 10:54:12,557 [ERROR] LogOutputStream:75 - [STDERR_REDIRECT] WARNING: Couldn't flush system prefs: java.util.prefs.BackingStoreException: Couldn't get file lock.
2026-08-17 10:54:12,557 [ERROR] LogOutputStream:75 - [STDERR_REDIRECT] 
2026-08-17 10:54:42,557 [ERROR] LogOutputStream:75 - [STDERR_REDIRECT] Aug 17, 2026 10:54:42 AM java.util.prefs.FileSystemPreferences checkLockFile0ErrorCode
2026-08-17 10:54:42,557 [ERROR] LogOutputStream:75 - [STDERR_REDIRECT] WARNING: Could not lock System prefs. Unix error code 2.
2026-08-17 10:54:42,557 [ERROR] LogOutputStream:75 - [STDERR_REDIRECT] 
2026-08-17 10:54:42,558 [ERROR] LogOutputStream:75 - [STDERR_REDIRECT] Aug 17, 2026 10:54:42 AM java.util.prefs.FileSystemPreferences syncWorld
2026-08-17 10:54:42,558 [ERROR] LogOutputStream:75 - [STDERR_REDIRECT] WARNING: Couldn't flush system prefs: java.util.prefs.BackingStoreException: Couldn't get file lock.
2026-08-17 10:54:42,558 [ERROR] LogOutputStream:75 - [STDERR_REDIRECT] 
2026-08-17 10:55:12,557 [ERROR] LogOutputStream:75 - [STDERR_REDIRECT] Aug 17, 2026 10:55:12 AM java.util.prefs.FileSystemPreferences checkLockFile0ErrorCode
2026-08-17 10:55:12,557 [ERROR] LogOutputStream:75 - [STDERR_REDIRECT] WARNING: Could not lock System prefs. Unix error code 2.
2026-08-17 10:55:12,557 [ERROR] LogOutputStream:75 - [STDERR_REDIRECT] 
2026-08-17 10:55:12,557 [ERROR] LogOutputStream:75 - [STDERR_REDIRECT] Aug 17, 2026 10:55:12 AM java.util.prefs.FileSystemPreferences syncWorld
2026-08-17 10:55:12,557 [ERROR] LogOutputStream:75 - [STDERR_REDIRECT] WARNING: Couldn't flush system prefs: java.util.prefs.BackingStoreException: Couldn't get file lock.
2026-08-17 10:55:12,557 [ERROR] LogOutputStream:75 - [STDERR_REDIRECT] 
2026-08-17 10:55:42,557 [ERROR] LogOutputStream:75 - [STDERR_REDIRECT] Aug 17, 2026 10:55:42 AM java.util.prefs.FileSystemPreferences checkLockFile0ErrorCode
2026-08-17 10:55:42,557 [ERROR] LogOutputStream:75 - [STDERR_REDIRECT] WARNING: Could not lock System prefs. Unix error code 2.
2026-08-17 10:55:42,558 [ERROR] LogOutputStream:75 - [STDERR_REDIRECT] 
2026-08-17 10:55:42,558 [ERROR] LogOutputStream:75 - [STDERR_REDIRECT] Aug 17, 2026 10:55:42 AM java.util.prefs.FileSystemPreferences syncWorld
2026-08-17 10:55:42,558 [ERROR] LogOutputStream:75 - [STDERR_REDIRECT] WARNING: Couldn't flush system prefs: java.util.prefs.BackingStoreException: Couldn't get file lock.
2026-08-17 10:55:42,558 [ERROR] LogOutputStream:75 - [STDERR_REDIRECT] 
2026-08-17 10:56:12,557 [ERROR] LogOutputStream:75 - [STDERR_REDIRECT] Aug 17, 2026 10:56:12 AM java.util.prefs.FileSystemPreferences checkLockFile0ErrorCode
2026-08-17 10:56:12,558 [ERROR] LogOutputStream:75 - [STDERR_REDIRECT] WARNING: Could not lock System prefs. Unix error code 2.
2026-08-17 10:56:12,558 [ERROR] LogOutputStream:75 - [STDERR_REDIRECT] 
2026-08-17 10:56:12,558 [ERROR] LogOutputStream:75 - [STDERR_REDIRECT] Aug 17, 2026 10:56:12 AM java.util.prefs.FileSystemPreferences syncWorld
2026-08-17 10:56:12,558 [ERROR] LogOutputStream:75 - [STDERR_REDIRECT] WARNING: Couldn't flush system prefs: java.util.prefs.BackingStoreException: Couldn't get file lock.
2026-08-17 10:56:12,558 [ERROR] LogOutputStream:75 - [STDERR_REDIRECT] 
2026-08-17 10:56:42,558 [ERROR] LogOutputStream:75 - [STDERR_REDIRECT] Aug 17, 2026 10:56:42 AM java.util.prefs.FileSystemPreferences checkLockFile0ErrorCode
2026-08-17 10:56:42,558 [ERROR] LogOutputStream:75 - [STDERR_REDIRECT] WARNING: Could not lock System prefs. Unix error code 2.
2026-08-17 10:56:42,558 [ERROR] LogOutputStream:75 - [STDERR_REDIRECT] 
2026-08-17 10:56:42,559 [ERROR] LogOutputStream:75 - [STDERR_REDIRECT] Aug 17, 2026 10:56:42 AM java.util.prefs.FileSystemPreferences syncWorld
2026-08-17 10:56:42,559 [ERROR] LogOutputStream:75 - [STDERR_REDIRECT] WARNING: Couldn't flush system prefs: java.util.prefs.BackingStoreException: Couldn't get file lock.
2026-08-17 10:56:42,560 [ERROR] LogOutputStream:75 - [STDERR_REDIRECT] 
2026-08-17 10:57:12,557 [ERROR] LogOutputStream:75 - [STDERR_REDIRECT] Aug 17, 2026 10:57:12 AM java.util.prefs.FileSystemPreferences checkLockFile0ErrorCode
2026-08-17 10:57:12,557 [ERROR] LogOutputStream:75 - [STDERR_REDIRECT] WARNING: Could not lock System prefs. Unix error code 2.
2026-08-17 10:57:12,557 [ERROR] LogOutputStream:75 - [STDERR_REDIRECT] 
2026-08-17 10:57:12,557 [ERROR] LogOutputStream:75 - [STDERR_REDIRECT] Aug 17, 2026 10:57:12 AM java.util.prefs.FileSystemPreferences syncWorld
2026-08-17 10:57:12,557 [ERROR] LogOutputStream:75 - [STDERR_REDIRECT] WARNING: Couldn't flush system prefs: java.util.prefs.BackingStoreException: Couldn't get file lock.
2026-08-17 10:57:12,557 [ERROR] LogOutputStream:75 - [STDERR_REDIRECT] 
2026-08-17 10:57:42,557 [ERROR] LogOutputStream:75 - [STDERR_REDIRECT] Aug 17, 2026 10:57:42 AM java.util.prefs.FileSystemPreferences checkLockFile0ErrorCode
2026-08-17 10:57:42,557 [ERROR] LogOutputStream:75 - [STDERR_REDIRECT] WARNING: Could not lock System prefs. Unix error code 2.
2026-08-17 10:57:42,557 [ERROR] LogOutputStream:75 - [STDERR_REDIRECT] 
2026-08-17 10:57:42,557 [ERROR] LogOutputStream:75 - [STDERR_REDIRECT] Aug 17, 2026 10:57:42 AM java.util.prefs.FileSystemPreferences syncWorld
2026-08-17 10:57:42,557 [ERROR] LogOutputStream:75 - [STDERR_REDIRECT] WARNING: Couldn't flush system prefs: java.util.prefs.BackingStoreException: Couldn't get file lock.
2026-08-17 10:57:42,557 [ERROR] LogOutputStream:75 - [STDERR_REDIRECT] 
2026-08-17 10:58:12,558 [ERROR] LogOutputStream:75 - [STDERR_REDIRECT] Aug 17, 2026 10:58:12 AM java.util.prefs.FileSystemPreferences checkLockFile0ErrorCode
2026-08-17 10:58:12,558 [ERROR] LogOutputStream:75 - [STDERR_REDIRECT] WARNING: Could not lock System prefs. Unix error code 2.
2026-08-17 10:58:12,558 [ERROR] LogOutputStream:75 - [STDERR_REDIRECT] 
2026-08-17 10:58:12,558 [ERROR] LogOutputStream:75 - [STDERR_REDIRECT] Aug 17, 2026 10:58:12 AM java.util.prefs.FileSystemPreferences syncWorld
2026-08-17 10:58:12,558 [ERROR] LogOutputStream:75 - [STDERR_REDIRECT] WARNING: Couldn't flush system prefs: java.util.prefs.BackingStoreException: Couldn't get file lock.
2026-08-17 10:58:12,558 [ERROR] LogOutputStream:75 - [STDERR_REDIRECT] 
2026-08-17 10:58:42,559 [ERROR] LogOutputStream:75 - [STDERR_REDIRECT] Aug 17, 2026 10:58:42 AM java.util.prefs.FileSystemPreferences checkLockFile0ErrorCode
2026-08-17 10:58:42,559 [ERROR] LogOutputStream:75 - [STDERR_REDIRECT] WARNING: Could not lock System prefs. Unix error code 2.
2026-08-17 10:58:42,559 [ERROR] LogOutputStream:75 - [STDERR_REDIRECT] 
2026-08-17 10:58:42,559 [ERROR] LogOutputStream:75 - [STDERR_REDIRECT] Aug 17, 2026 10:58:42 AM java.util.prefs.FileSystemPreferences syncWorld
2026-08-17 10:58:42,559 [ERROR] LogOutputStream:75 - [STDERR_REDIRECT] WARNING: Couldn't flush system prefs: java.util.prefs.BackingStoreException: Couldn't get file lock.
2026-08-17 10:58:42,559 [ERROR] LogOutputStream:75 - [STDERR_REDIRECT] 
2026-08-17 10:59:12,558 [ERROR] LogOutputStream:75 - [STDERR_REDIRECT] Aug 17, 2026 10:59:12 AM java.util.prefs.FileSystemPreferences checkLockFile0ErrorCode
2026-08-17 10:59:12,559 [ERROR] LogOutputStream:75 - [STDERR_REDIRECT] WARNING: Could not lock System prefs. Unix error code 2.
2026-08-17 10:59:12,559 [ERROR] LogOutputStream:75 - [STDERR_REDIRECT] 
2026-08-17 10:59:12,559 [ERROR] LogOutputStream:75 - [STDERR_REDIRECT] Aug 17, 2026 10:59:12 AM java.util.prefs.FileSystemPreferences syncWorld
2026-08-17 10:59:12,559 [ERROR] LogOutputStream:75 - [STDERR_REDIRECT] WARNING: Couldn't flush system prefs: java.util.prefs.BackingStoreException: Couldn't get file lock.
2026-08-17 10:59:12,559 [ERROR] LogOutputStream:75 - [STDERR_REDIRECT] 
2026-08-17 10:59:42,558 [ERROR] LogOutputStream:75 - [STDERR_REDIRECT] Aug 17, 2026 10:59:42 AM java.util.prefs.FileSystemPreferences checkLockFile0ErrorCode
2026-08-17 10:59:42,558 [ERROR] LogOutputStream:75 - [STDERR_REDIRECT] WARNING: Could not lock System prefs. Unix error code 2.
2026-08-17 10:59:42,559 [ERROR] LogOutputStream:75 - [STDERR_REDIRECT] 
2026-08-17 10:59:42,559 [ERROR] LogOutputStream:75 - [STDERR_REDIRECT] Aug 17, 2026 10:59:42 AM java.util.prefs.FileSystemPreferences syncWorld
2026-08-17 10:59:42,559 [ERROR] LogOutputStream:75 - [STDERR_REDIRECT] WARNING: Couldn't flush system prefs: java.util.prefs.BackingStoreException: Couldn't get file lock.
2026-08-17 10:59:42,559 [ERROR] LogOutputStream:75 - [STDERR_REDIRECT] 
2026-08-17 11:00:12,558 [ERROR] LogOutputStream:75 - [STDERR_REDIRECT] Aug 17, 2026 11:00:12 AM java.util.prefs.FileSystemPreferences checkLockFile0ErrorCode
2026-08-17 11:00:12,558 [ERROR] LogOutputStream:75 - [STDERR_REDIRECT] WARNING: Could not lock System prefs. Unix error code 2.
2026-08-17 11:00:12,558 [ERROR] LogOutputStream:75 - [STDERR_REDIRECT] 
2026-08-17 11:00:12,558 [ERROR] LogOutputStream:75 - [STDERR_REDIRECT] Aug 17, 2026 11:00:12 AM java.util.prefs.FileSystemPreferences syncWorld
2026-08-17 11:00:12,558 [ERROR] LogOutputStream:75 - [STDERR_REDIRECT] WARNING: Couldn't flush system prefs: java.util.prefs.BackingStoreException: Couldn't get file lock.
2026-08-17 11:00:12,559 [ERROR] LogOutputStream:75 - [STDERR_REDIRECT] 
2026-08-17 11:00:42,558 [ERROR] LogOutputStream:75 - [STDERR_REDIRECT] Aug 17, 2026 11:00:42 AM java.util.prefs.FileSystemPreferences checkLockFile0ErrorCode
2026-08-17 11:00:42,558 [ERROR] LogOutputStream:75 - [STDERR_REDIRECT] WARNING: Could not lock System prefs. Unix error code 2.
2026-08-17 11:00:42,558 [ERROR] LogOutputStream:75 - [STDERR_REDIRECT] 
2026-08-17 11:00:42,558 [ERROR] LogOutputStream:75 - [STDERR_REDIRECT] Aug 17, 2026 11:00:42 AM java.util.prefs.FileSystemPreferences syncWorld
2026-08-17 11:00:42,558 [ERROR] LogOutputStream:75 - [STDERR_REDIRECT] WARNING: Couldn't flush system prefs: java.util.prefs.BackingStoreException: Couldn't get file lock.
2026-08-17 11:00:42,558 [ERROR] LogOutputStream:75 - [STDERR_REDIRECT] 
2026-08-17 11:01:12,558 [ERROR] LogOutputStream:75 - [STDERR_REDIRECT] Aug 17, 2026 11:01:12 AM java.util.prefs.FileSystemPreferences checkLockFile0ErrorCode
2026-08-17 11:01:12,558 [ERROR] LogOutputStream:75 - [STDERR_REDIRECT] WARNING: Could not lock System prefs. Unix error code 2.
2026-08-17 11:01:12,559 [ERROR] LogOutputStream:75 - [STDERR_REDIRECT] 
2026-08-17 11:01:12,559 [ERROR] LogOutputStream:75 - [STDERR_REDIRECT] Aug 17, 2026 11:01:12 AM java.util.prefs.FileSystemPreferences syncWorld
2026-08-17 11:01:12,559 [ERROR] LogOutputStream:75 - [STDERR_REDIRECT] WARNING: Couldn't flush system prefs: java.util.prefs.BackingStoreException: Couldn't get file lock.
2026-08-17 11:01:12,559 [ERROR] LogOutputStream:75 - [STDERR_REDIRECT] 
2026-08-17 11:01:42,558 [ERROR] LogOutputStream:75 - [STDERR_REDIRECT] Aug 17, 2026 11:01:42 AM java.util.prefs.FileSystemPreferences checkLockFile0ErrorCode
2026-08-17 11:01:42,558 [ERROR] LogOutputStream:75 - [STDERR_REDIRECT] WARNING: Could not lock System prefs. Unix error code 2.
2026-08-17 11:01:42,558 [ERROR] LogOutputStream:75 - [STDERR_REDIRECT] 
2026-08-17 11:01:42,558 [ERROR] LogOutputStream:75 - [STDERR_REDIRECT] Aug 17, 2026 11:01:42 AM java.util.prefs.FileSystemPreferences syncWorld
2026-08-17 11:01:42,558 [ERROR] LogOutputStream:75 - [STDERR_REDIRECT] WARNING: Couldn't flush system prefs: java.util.prefs.BackingStoreException: Couldn't get file lock.
2026-08-17 11:01:42,558 [ERROR] LogOutputStream:75 - [STDERR_REDIRECT] 
2026-08-17 11:02:12,559 [ERROR] LogOutputStream:75 - [STDERR_REDIRECT] Aug 17, 2026 11:02:12 AM java.util.prefs.FileSystemPreferences checkLockFile0ErrorCode
2026-08-17 11:02:12,559 [ERROR] LogOutputStream:75 - [STDERR_REDIRECT] WARNING: Could not lock System prefs. Unix error code 2.
2026-08-17 11:02:12,559 [ERROR] LogOutputStream:75 - [STDERR_REDIRECT] 
2026-08-17 11:02:12,559 [ERROR] LogOutputStream:75 - [STDERR_REDIRECT] Aug 17, 2026 11:02:12 AM java.util.prefs.FileSystemPreferences syncWorld
2026-08-17 11:02:12,559 [ERROR] LogOutputStream:75 - [STDERR_REDIRECT] WARNING: Couldn't flush system prefs: java.util.prefs.BackingStoreException: Couldn't get file lock.
2026-08-17 11:02:12,559 [ERROR] LogOutputStream:75 - [STDERR_REDIRECT] 
2026-08-17 11:02:42,558 [ERROR] LogOutputStream:75 - [STDERR_REDIRECT] Aug 17, 2026 11:02:42 AM java.util.prefs.FileSystemPreferences checkLockFile0ErrorCode
2026-08-17 11:02:42,558 [ERROR] LogOutputStream:75 - [STDERR_REDIRECT] WARNING: Could not lock System prefs. Unix error code 2.
2026-08-17 11:02:42,558 [ERROR] LogOutputStream:75 - [STDERR_REDIRECT] 
2026-08-17 11:02:42,559 [ERROR] LogOutputStream:75 - [STDERR_REDIRECT] Aug 17, 2026 11:02:42 AM java.util.prefs.FileSystemPreferences syncWorld
2026-08-17 11:02:42,559 [ERROR] LogOutputStream:75 - [STDERR_REDIRECT] WARNING: Couldn't flush system prefs: java.util.prefs.BackingStoreException: Couldn't get file lock.
2026-08-17 11:02:42,559 [ERROR] LogOutputStream:75 - [STDERR_REDIRECT] 
2026-08-17 11:03:12,558 [ERROR] LogOutputStream:75 - [STDERR_REDIRECT] Aug 17, 2026 11:03:12 AM java.util.prefs.FileSystemPreferences checkLockFile0ErrorCode
2026-08-17 11:03:12,558 [ERROR] LogOutputStream:75 - [STDERR_REDIRECT] WARNING: Could not lock System prefs. Unix error code 2.
2026-08-17 11:03:12,558 [ERROR] LogOutputStream:75 - [STDERR_REDIRECT] 
2026-08-17 11:03:12,559 [ERROR] LogOutputStream:75 - [STDERR_REDIRECT] Aug 17, 2026 11:03:12 AM java.util.prefs.FileSystemPreferences syncWorld
2026-08-17 11:03:12,559 [ERROR] LogOutputStream:75 - [STDERR_REDIRECT] WARNING: Couldn't flush system prefs: java.util.prefs.BackingStoreException: Couldn't get file lock.
2026-08-17 11:03:12,559 [ERROR] LogOutputStream:75 - [STDERR_REDIRECT] 
2026-08-17 11:03:42,558 [ERROR] LogOutputStream:75 - [STDERR_REDIRECT] Aug 17, 2026 11:03:42 AM java.util.prefs.FileSystemPreferences checkLockFile0ErrorCode
2026-08-17 11:03:42,558 [ERROR] LogOutputStream:75 - [STDERR_REDIRECT] WARNING: Could not lock System prefs. Unix error code 2.
2026-08-17 11:03:42,558 [ERROR] LogOutputStream:75 - [STDERR_REDIRECT] 
2026-08-17 11:03:42,558 [ERROR] LogOutputStream:75 - [STDERR_REDIRECT] Aug 17, 2026 11:03:42 AM java.util.prefs.FileSystemPreferences syncWorld
2026-08-17 11:03:42,558 [ERROR] LogOutputStream:75 - [STDERR_REDIRECT] WARNING: Couldn't flush system prefs: java.util.prefs.BackingStoreException: Couldn't get file lock.
2026-08-17 11:03:42,559 [ERROR] LogOutputStream:75 - [STDERR_REDIRECT] 
2026-08-17 11:04:12,558 [ERROR] LogOutputStream:75 - [STDERR_REDIRECT] Aug 17, 2026 11:04:12 AM java.util.prefs.FileSystemPreferences checkLockFile0ErrorCode
2026-08-17 11:04:12,558 [ERROR] LogOutputStream:75 - [STDERR_REDIRECT] WARNING: Could not lock System prefs. Unix error code 2.
2026-08-17 11:04:12,558 [ERROR] LogOutputStream:75 - [STDERR_REDIRECT] 
2026-08-17 11:04:12,558 [ERROR] LogOutputStream:75 - [STDERR_REDIRECT] Aug 17, 2026 11:04:12 AM java.util.prefs.FileSystemPreferences syncWorld
2026-08-17 11:04:12,558 [ERROR] LogOutputStream:75 - [STDERR_REDIRECT] WARNING: Couldn't flush system prefs: java.util.prefs.BackingStoreException: Couldn't get file lock.
2026-08-17 11:04:12,558 [ERROR] LogOutputStream:75 - [STDERR_REDIRECT] 
2026-08-17 11:04:42,558 [ERROR] LogOutputStream:75 - [STDERR_REDIRECT] Aug 17, 2026 11:04:42 AM java.util.prefs.FileSystemPreferences checkLockFile0ErrorCode
2026-08-17 11:04:42,558 [ERROR] LogOutputStream:75 - [STDERR_REDIRECT] WARNING: Could not lock System prefs. Unix error code 2.
2026-08-17 11:04:42,558 [ERROR] LogOutputStream:75 - [STDERR_REDIRECT] 
2026-08-17 11:04:42,558 [ERROR] LogOutputStream:75 - [STDERR_REDIRECT] Aug 17, 2026 11:04:42 AM java.util.prefs.FileSystemPreferences syncWorld
2026-08-17 11:04:42,559 [ERROR] LogOutputStream:75 - [STDERR_REDIRECT] WARNING: Couldn't flush system prefs: java.util.prefs.BackingStoreException: Couldn't get file lock.
2026-08-17 11:04:42,559 [ERROR] LogOutputStream:75 - [STDERR_REDIRECT] 
2026-08-17 11:05:12,558 [ERROR] LogOutputStream:75 - [STDERR_REDIRECT] Aug 17, 2026 11:05:12 AM java.util.prefs.FileSystemPreferences checkLockFile0ErrorCode
2026-08-17 11:05:12,558 [ERROR] LogOutputStream:75 - [STDERR_REDIRECT] WARNING: Could not lock System prefs. Unix error code 2.
2026-08-17 11:05:12,558 [ERROR] LogOutputStream:75 - [STDERR_REDIRECT] 
2026-08-17 11:05:12,558 [ERROR] LogOutputStream:75 - [STDERR_REDIRECT] Aug 17, 2026 11:05:12 AM java.util.prefs.FileSystemPreferences syncWorld
2026-08-17 11:05:12,558 [ERROR] LogOutputStream:75 - [STDERR_REDIRECT] WARNING: Couldn't flush system prefs: java.util.prefs.BackingStoreException: Couldn't get file lock.
2026-08-17 11:05:12,558 [ERROR] LogOutputStream:75 - [STDERR_REDIRECT] 
2026-08-17 11:05:42,558 [ERROR] LogOutputStream:75 - [STDERR_REDIRECT] Aug 17, 2026 11:05:42 AM java.util.prefs.FileSystemPreferences checkLockFile0ErrorCode
2026-08-17 11:05:42,558 [ERROR] LogOutputStream:75 - [STDERR_REDIRECT] WARNING: Could not lock System prefs. Unix error code 2.
2026-08-17 11:05:42,559 [ERROR] LogOutputStream:75 - [STDERR_REDIRECT] 
2026-08-17 11:05:42,559 [ERROR] LogOutputStream:75 - [STDERR_REDIRECT] Aug 17, 2026 11:05:42 AM java.util.prefs.FileSystemPreferences syncWorld
2026-08-17 11:05:42,559 [ERROR] LogOutputStream:75 - [STDERR_REDIRECT] WARNING: Couldn't flush system prefs: java.util.prefs.BackingStoreException: Couldn't get file lock.
2026-08-17 11:05:42,559 [ERROR] LogOutputStream:75 - [STDERR_REDIRECT] 
2026-08-17 11:06:12,558 [ERROR] LogOutputStream:75 - [STDERR_REDIRECT] Aug 17, 2026 11:06:12 AM java.util.prefs.FileSystemPreferences checkLockFile0ErrorCode
2026-08-17 11:06:12,558 [ERROR] LogOutputStream:75 - [STDERR_REDIRECT] WARNING: Could not lock System prefs. Unix error code 2.
2026-08-17 11:06:12,558 [ERROR] LogOutputStream:75 - [STDERR_REDIRECT] 
2026-08-17 11:06:12,558 [ERROR] LogOutputStream:75 - [STDERR_REDIRECT] Aug 17, 2026 11:06:12 AM java.util.prefs.FileSystemPreferences syncWorld
2026-08-17 11:06:12,558 [ERROR] LogOutputStream:75 - [STDERR_REDIRECT] WARNING: Couldn't flush system prefs: java.util.prefs.BackingStoreException: Couldn't get file lock.
2026-08-17 11:06:12,558 [ERROR] LogOutputStream:75 - [STDERR_REDIRECT] 
2026-08-17 11:06:42,559 [ERROR] LogOutputStream:75 - [STDERR_REDIRECT] Aug 17, 2026 11:06:42 AM java.util.prefs.FileSystemPreferences checkLockFile0ErrorCode
2026-08-17 11:06:42,559 [ERROR] LogOutputStream:75 - [STDERR_REDIRECT] WARNING: Could not lock System prefs. Unix error code 2.
2026-08-17 11:06:42,559 [ERROR] LogOutputStream:75 - [STDERR_REDIRECT] 
2026-08-17 11:06:42,559 [ERROR] LogOutputStream:75 - [STDERR_REDIRECT] Aug 17, 2026 11:06:42 AM java.util.prefs.FileSystemPreferences syncWorld
2026-08-17 11:06:42,559 [ERROR] LogOutputStream:75 - [STDERR_REDIRECT] WARNING: Couldn't flush system prefs: java.util.prefs.BackingStoreException: Couldn't get file lock.
2026-08-17 11:06:42,559 [ERROR] LogOutputStream:75 - [STDERR_REDIRECT] 
2026-08-17 11:07:12,558 [ERROR] LogOutputStream:75 - [STDERR_REDIRECT] Aug 17, 2026 11:07:12 AM java.util.prefs.FileSystemPreferences checkLockFile0ErrorCode
2026-08-17 11:07:12,558 [ERROR] LogOutputStream:75 - [STDERR_REDIRECT] WARNING: Could not lock System prefs. Unix error code 2.
2026-08-17 11:07:12,558 [ERROR] LogOutputStream:75 - [STDERR_REDIRECT] 
2026-08-17 11:07:12,559 [ERROR] LogOutputStream:75 - [STDERR_REDIRECT] Aug 17, 2026 11:07:12 AM java.util.prefs.FileSystemPreferences syncWorld
2026-08-17 11:07:12,559 [ERROR] LogOutputStream:75 - [STDERR_REDIRECT] WARNING: Couldn't flush system prefs: java.util.prefs.BackingStoreException: Couldn't get file lock.
2026-08-17 11:07:12,559 [ERROR] LogOutputStream:75 - [STDERR_REDIRECT] 
2026-08-17 11:07:42,558 [ERROR] LogOutputStream:75 - [STDERR_REDIRECT] Aug 17, 2026 11:07:42 AM java.util.prefs.FileSystemPreferences checkLockFile0ErrorCode
2026-08-17 11:07:42,558 [ERROR] LogOutputStream:75 - [STDERR_REDIRECT] WARNING: Could not lock System prefs. Unix error code 2.
2026-08-17 11:07:42,558 [ERROR] LogOutputStream:75 - [STDERR_REDIRECT] 
2026-08-17 11:07:42,559 [ERROR] LogOutputStream:75 - [STDERR_REDIRECT] Aug 17, 2026 11:07:42 AM java.util.prefs.FileSystemPreferences syncWorld
2026-08-17 11:07:42,559 [ERROR] LogOutputStream:75 - [STDERR_REDIRECT] WARNING: Couldn't flush system prefs: java.util.prefs.BackingStoreException: Couldn't get file lock.
2026-08-17 11:07:42,559 [ERROR] LogOutputStream:75 - [STDERR_REDIRECT] 
2026-08-17 11:08:12,558 [ERROR] LogOutputStream:75 - [STDERR_REDIRECT] Aug 17, 2026 11:08:12 AM java.util.prefs.FileSystemPreferences checkLockFile0ErrorCode
2026-08-17 11:08:12,558 [ERROR] LogOutputStream:75 - [STDERR_REDIRECT] WARNING: Could not lock System prefs. Unix error code 2.
2026-08-17 11:08:12,558 [ERROR] LogOutputStream:75 - [STDERR_REDIRECT] 
2026-08-17 11:08:12,558 [ERROR] LogOutputStream:75 - [STDERR_REDIRECT] Aug 17, 2026 11:08:12 AM java.util.prefs.FileSystemPreferences syncWorld
2026-08-17 11:08:12,558 [ERROR] LogOutputStream:75 - [STDERR_REDIRECT] WARNING: Couldn't flush system prefs: java.util.prefs.BackingStoreException: Couldn't get file lock.
2026-08-17 11:08:12,558 [ERROR] LogOutputStream:75 - [STDERR_REDIRECT] 
2026-08-17 11:08:42,559 [ERROR] LogOutputStream:75 - [STDERR_REDIRECT] Aug 17, 2026 11:08:42 AM java.util.prefs.FileSystemPreferences checkLockFile0ErrorCode
2026-08-17 11:08:42,559 [ERROR] LogOutputStream:75 - [STDERR_REDIRECT] WARNING: Could not lock System prefs. Unix error code 2.
2026-08-17 11:08:42,559 [ERROR] LogOutputStream:75 - [STDERR_REDIRECT] 
2026-08-17 11:08:42,559 [ERROR] LogOutputStream:75 - [STDERR_REDIRECT] Aug 17, 2026 11:08:42 AM java.util.prefs.FileSystemPreferences syncWorld
2026-08-17 11:08:42,559 [ERROR] LogOutputStream:75 - [STDERR_REDIRECT] WARNING: Couldn't flush system prefs: java.util.prefs.BackingStoreException: Couldn't get file lock.
2026-08-17 11:08:42,559 [ERROR] LogOutputStream:75 - [STDERR_REDIRECT] 
2026-08-17 11:09:12,558 [ERROR] LogOutputStream:75 - [STDERR_REDIRECT] Aug 17, 2026 11:09:12 AM java.util.prefs.FileSystemPreferences checkLockFile0ErrorCode
2026-08-17 11:09:12,558 [ERROR] LogOutputStream:75 - [STDERR_REDIRECT] WARNING: Could not lock System prefs. Unix error code 2.
2026-08-17 11:09:12,558 [ERROR] LogOutputStream:75 - [STDERR_REDIRECT] 
2026-08-17 11:09:12,558 [ERROR] LogOutputStream:75 - [STDERR_REDIRECT] Aug 17, 2026 11:09:12 AM java.util.prefs.FileSystemPreferences syncWorld
2026-08-17 11:09:12,559 [ERROR] LogOutputStream:75 - [STDERR_REDIRECT] WARNING: Couldn't flush system prefs: java.util.prefs.BackingStoreException: Couldn't get file lock.
2026-08-17 11:09:12,559 [ERROR] LogOutputStream:75 - [STDERR_REDIRECT] 
2026-08-17 11:09:42,558 [ERROR] LogOutputStream:75 - [STDERR_REDIRECT] Aug 17, 2026 11:09:42 AM java.util.prefs.FileSystemPreferences checkLockFile0ErrorCode
2026-08-17 11:09:42,558 [ERROR] LogOutputStream:75 - [STDERR_REDIRECT] WARNING: Could not lock System prefs. Unix error code 2.
2026-08-17 11:09:42,558 [ERROR] LogOutputStream:75 - [STDERR_REDIRECT] 
2026-08-17 11:09:42,558 [ERROR] LogOutputStream:75 - [STDERR_REDIRECT] Aug 17, 2026 11:09:42 AM java.util.prefs.FileSystemPreferences syncWorld
2026-08-17 11:09:42,558 [ERROR] LogOutputStream:75 - [STDERR_REDIRECT] WARNING: Couldn't flush system prefs: java.util.prefs.BackingStoreException: Couldn't get file lock.
2026-08-17 11:09:42,558 [ERROR] LogOutputStream:75 - [STDERR_REDIRECT] 
2026-08-17 11:10:12,558 [ERROR] LogOutputStream:75 - [STDERR_REDIRECT] Aug 17, 2026 11:10:12 AM java.util.prefs.FileSystemPreferences checkLockFile0ErrorCode
2026-08-17 11:10:12,558 [ERROR] LogOutputStream:75 - [STDERR_REDIRECT] WARNING: Could not lock System prefs. Unix error code 2.
2026-08-17 11:10:12,559 [ERROR] LogOutputStream:75 - [STDERR_REDIRECT] 
2026-08-17 11:10:12,559 [ERROR] LogOutputStream:75 - [STDERR_REDIRECT] Aug 17, 2026 11:10:12 AM java.util.prefs.FileSystemPreferences syncWorld
2026-08-17 11:10:12,559 [ERROR] LogOutputStream:75 - [STDERR_REDIRECT] WARNING: Couldn't flush system prefs: java.util.prefs.BackingStoreException: Couldn't get file lock.
2026-08-17 11:10:12,559 [ERROR] LogOutputStream:75 - [STDERR_REDIRECT] 
2026-08-17 11:10:42,558 [ERROR] LogOutputStream:75 - [STDERR_REDIRECT] Aug 17, 2026 11:10:42 AM java.util.prefs.FileSystemPreferences checkLockFile0ErrorCode
2026-08-17 11:10:42,558 [ERROR] LogOutputStream:75 - [STDERR_REDIRECT] WARNING: Could not lock System prefs. Unix error code 2.
2026-08-17 11:10:42,558 [ERROR] LogOutputStream:75 - [STDERR_REDIRECT] 
2026-08-17 11:10:42,558 [ERROR] LogOutputStream:75 - [STDERR_REDIRECT] Aug 17, 2026 11:10:42 AM java.util.prefs.FileSystemPreferences syncWorld
2026-08-17 11:10:42,558 [ERROR] LogOutputStream:75 - [STDERR_REDIRECT] WARNING: Couldn't flush system prefs: java.util.prefs.BackingStoreException: Couldn't get file lock.
2026-08-17 11:10:42,558 [ERROR] LogOutputStream:75 - [STDERR_REDIRECT] 
2026-08-17 11:11:12,558 [ERROR] LogOutputStream:75 - [STDERR_REDIRECT] Aug 17, 2026 11:11:12 AM java.util.prefs.FileSystemPreferences checkLockFile0ErrorCode
2026-08-17 11:11:12,558 [ERROR] LogOutputStream:75 - [STDERR_REDIRECT] WARNING: Could not lock System prefs. Unix error code 2.
2026-08-17 11:11:12,559 [ERROR] LogOutputStream:75 - [STDERR_REDIRECT] 
2026-08-17 11:11:12,559 [ERROR] LogOutputStream:75 - [STDERR_REDIRECT] Aug 17, 2026 11:11:12 AM java.util.prefs.FileSystemPreferences syncWorld
2026-08-17 11:11:12,559 [ERROR] LogOutputStream:75 - [STDERR_REDIRECT] WARNING: Couldn't flush system prefs: java.util.prefs.BackingStoreException: Couldn't get file lock.
2026-08-17 11:11:12,559 [ERROR] LogOutputStream:75 - [STDERR_REDIRECT] 
2026-08-17 11:11:42,558 [ERROR] LogOutputStream:75 - [STDERR_REDIRECT] Aug 17, 2026 11:11:42 AM java.util.prefs.FileSystemPreferences checkLockFile0ErrorCode
2026-08-17 11:11:42,558 [ERROR] LogOutputStream:75 - [STDERR_REDIRECT] WARNING: Could not lock System prefs. Unix error code 2.
2026-08-17 11:11:42,558 [ERROR] LogOutputStream:75 - [STDERR_REDIRECT] 
2026-08-17 11:11:42,558 [ERROR] LogOutputStream:75 - [STDERR_REDIRECT] Aug 17, 2026 11:11:42 AM java.util.prefs.FileSystemPreferences syncWorld
2026-08-17 11:11:42,558 [ERROR] LogOutputStream:75 - [STDERR_REDIRECT] WARNING: Couldn't flush system prefs: java.util.prefs.BackingStoreException: Couldn't get file lock.
2026-08-17 11:11:42,558 [ERROR] LogOutputStream:75 - [STDERR_REDIRECT] 
2026-08-17 11:12:12,558 [ERROR] LogOutputStream:75 - [STDERR_REDIRECT] Aug 17, 2026 11:12:12 AM java.util.prefs.FileSystemPreferences checkLockFile0ErrorCode
2026-08-17 11:12:12,558 [ERROR] LogOutputStream:75 - [STDERR_REDIRECT] WARNING: Could not lock System prefs. Unix error code 2.
2026-08-17 11:12:12,558 [ERROR] LogOutputStream:75 - [STDERR_REDIRECT] 
2026-08-17 11:12:12,558 [ERROR] LogOutputStream:75 - [STDERR_REDIRECT] Aug 17, 2026 11:12:12 AM java.util.prefs.FileSystemPreferences syncWorld
2026-08-17 11:12:12,558 [ERROR] LogOutputStream:75 - [STDERR_REDIRECT] WARNING: Couldn't flush system prefs: java.util.prefs.BackingStoreException: Couldn't get file lock.
2026-08-17 11:12:12,558 [ERROR] LogOutputStream:75 - [STDERR_REDIRECT] 
2026-08-17 11:12:42,558 [ERROR] LogOutputStream:75 - [STDERR_REDIRECT] Aug 17, 2026 11:12:42 AM java.util.prefs.FileSystemPreferences checkLockFile0ErrorCode
2026-08-17 11:12:42,558 [ERROR] LogOutputStream:75 - [STDERR_REDIRECT] WARNING: Could not lock System prefs. Unix error code 2.
2026-08-17 11:12:42,558 [ERROR] LogOutputStream:75 - [STDERR_REDIRECT] 
2026-08-17 11:12:42,559 [ERROR] LogOutputStream:75 - [STDERR_REDIRECT] Aug 17, 2026 11:12:42 AM java.util.prefs.FileSystemPreferences syncWorld
2026-08-17 11:12:42,559 [ERROR] LogOutputStream:75 - [STDERR_REDIRECT] WARNING: Couldn't flush system prefs: java.util.prefs.BackingStoreException: Couldn't get file lock.
2026-08-17 11:12:42,559 [ERROR] LogOutputStream:75 - [STDERR_REDIRECT] 
2026-08-17 11:13:12,558 [ERROR] LogOutputStream:75 - [STDERR_REDIRECT] Aug 17, 2026 11:13:12 AM java.util.prefs.FileSystemPreferences checkLockFile0ErrorCode
2026-08-17 11:13:12,558 [ERROR] LogOutputStream:75 - [STDERR_REDIRECT] WARNING: Could not lock System prefs. Unix error code 2.
2026-08-17 11:13:12,558 [ERROR] LogOutputStream:75 - [STDERR_REDIRECT] 
2026-08-17 11:13:12,558 [ERROR] LogOutputStream:75 - [STDERR_REDIRECT] Aug 17, 2026 11:13:12 AM java.util.prefs.FileSystemPreferences syncWorld
2026-08-17 11:13:12,558 [ERROR] LogOutputStream:75 - [STDERR_REDIRECT] WARNING: Couldn't flush system prefs: java.util.prefs.BackingStoreException: Couldn't get file lock.
2026-08-17 11:13:12,558 [ERROR] LogOutputStream:75 - [STDERR_REDIRECT] 
2026-08-17 11:13:42,558 [ERROR] LogOutputStream:75 - [STDERR_REDIRECT] Aug 17, 2026 11:13:42 AM java.util.prefs.FileSystemPreferences checkLockFile0ErrorCode
2026-08-17 11:13:42,558 [ERROR] LogOutputStream:75 - [STDERR_REDIRECT] WARNING: Could not lock System prefs. Unix error code 2.
2026-08-17 11:13:42,559 [ERROR] LogOutputStream:75 - [STDERR_REDIRECT] 
2026-08-17 11:13:42,559 [ERROR] LogOutputStream:75 - [STDERR_REDIRECT] Aug 17, 2026 11:13:42 AM java.util.prefs.FileSystemPreferences syncWorld
2026-08-17 11:13:42,559 [ERROR] LogOutputStream:75 - [STDERR_REDIRECT] WARNING: Couldn't flush system prefs: java.util.prefs.BackingStoreException: Couldn't get file lock.
2026-08-17 11:13:42,559 [ERROR] LogOutputStream:75 - [STDERR_REDIRECT] 
2026-08-17 11:14:12,558 [ERROR] LogOutputStream:75 - [STDERR_REDIRECT] Aug 17, 2026 11:14:12 AM java.util.prefs.FileSystemPreferences checkLockFile0ErrorCode
2026-08-17 11:14:12,558 [ERROR] LogOutputStream:75 - [STDERR_REDIRECT] WARNING: Could not lock System prefs. Unix error code 2.
2026-08-17 11:14:12,558 [ERROR] LogOutputStream:75 - [STDERR_REDIRECT] 
2026-08-17 11:14:12,559 [ERROR] LogOutputStream:75 - [STDERR_REDIRECT] Aug 17, 2026 11:14:12 AM java.util.prefs.FileSystemPreferences syncWorld
2026-08-17 11:14:12,559 [ERROR] LogOutputStream:75 - [STDERR_REDIRECT] WARNING: Couldn't flush system prefs: java.util.prefs.BackingStoreException: Couldn't get file lock.
2026-08-17 11:14:12,559 [ERROR] LogOutputStream:75 - [STDERR_REDIRECT] 
2026-08-17 11:14:42,558 [ERROR] LogOutputStream:75 - [STDERR_REDIRECT] Aug 17, 2026 11:14:42 AM java.util.prefs.FileSystemPreferences checkLockFile0ErrorCode
2026-08-17 11:14:42,558 [ERROR] LogOutputStream:75 - [STDERR_REDIRECT] WARNING: Could not lock System prefs. Unix error code 2.
2026-08-17 11:14:42,558 [ERROR] LogOutputStream:75 - [STDERR_REDIRECT] 
2026-08-17 11:14:42,558 [ERROR] LogOutputStream:75 - [STDERR_REDIRECT] Aug 17, 2026 11:14:42 AM java.util.prefs.FileSystemPreferences syncWorld
2026-08-17 11:14:42,558 [ERROR] LogOutputStream:75 - [STDERR_REDIRECT] WARNING: Couldn't flush system prefs: java.util.prefs.BackingStoreException: Couldn't get file lock.
2026-08-17 11:14:42,558 [ERROR] LogOutputStream:75 - [STDERR_REDIRECT] 
2026-08-17 11:15:12,558 [ERROR] LogOutputStream:75 - [STDERR_REDIRECT] Aug 17, 2026 11:15:12 AM java.util.prefs.FileSystemPreferences checkLockFile0ErrorCode
2026-08-17 11:15:12,558 [ERROR] LogOutputStream:75 - [STDERR_REDIRECT] WARNING: Could not lock System prefs. Unix error code 2.
2026-08-17 11:15:12,558 [ERROR] LogOutputStream:75 - [STDERR_REDIRECT] 
2026-08-17 11:15:12,559 [ERROR] LogOutputStream:75 - [STDERR_REDIRECT] Aug 17, 2026 11:15:12 AM java.util.prefs.FileSystemPreferences syncWorld
2026-08-17 11:15:12,559 [ERROR] LogOutputStream:75 - [STDERR_REDIRECT] WARNING: Couldn't flush system prefs: java.util.prefs.BackingStoreException: Couldn't get file lock.
2026-08-17 11:15:12,559 [ERROR] LogOutputStream:75 - [STDERR_REDIRECT] 
2026-08-17 11:15:42,558 [ERROR] LogOutputStream:75 - [STDERR_REDIRECT] Aug 17, 2026 11:15:42 AM java.util.prefs.FileSystemPreferences checkLockFile0ErrorCode
2026-08-17 11:15:42,558 [ERROR] LogOutputStream:75 - [STDERR_REDIRECT] WARNING: Could not lock System prefs. Unix error code 2.
2026-08-17 11:15:42,558 [ERROR] LogOutputStream:75 - [STDERR_REDIRECT] 
2026-08-17 11:15:42,558 [ERROR] LogOutputStream:75 - [STDERR_REDIRECT] Aug 17, 2026 11:15:42 AM java.util.prefs.FileSystemPreferences syncWorld
2026-08-17 11:15:42,558 [ERROR] LogOutputStream:75 - [STDERR_REDIRECT] WARNING: Couldn't flush system prefs: java.util.prefs.BackingStoreException: Couldn't get file lock.
2026-08-17 11:15:42,558 [ERROR] LogOutputStream:75 - [STDERR_REDIRECT] 
2026-08-17 11:16:12,558 [ERROR] LogOutputStream:75 - [STDERR_REDIRECT] Aug 17, 2026 11:16:12 AM java.util.prefs.FileSystemPreferences checkLockFile0ErrorCode
2026-08-17 11:16:12,559 [ERROR] LogOutputStream:75 - [STDERR_REDIRECT] WARNING: Could not lock System prefs. Unix error code 2.
2026-08-17 11:16:12,559 [ERROR] LogOutputStream:75 - [STDERR_REDIRECT] 
2026-08-17 11:16:12,559 [ERROR] LogOutputStream:75 - [STDERR_REDIRECT] Aug 17, 2026 11:16:12 AM java.util.prefs.FileSystemPreferences syncWorld
2026-08-17 11:16:12,559 [ERROR] LogOutputStream:75 - [STDERR_REDIRECT] WARNING: Couldn't flush system prefs: java.util.prefs.BackingStoreException: Couldn't get file lock.
2026-08-17 11:16:12,559 [ERROR] LogOutputStream:75 - [STDERR_REDIRECT] 
2026-08-17 11:16:42,558 [ERROR] LogOutputStream:75 - [STDERR_REDIRECT] Aug 17, 2026 11:16:42 AM java.util.prefs.FileSystemPreferences checkLockFile0ErrorCode
2026-08-17 11:16:42,558 [ERROR] LogOutputStream:75 - [STDERR_REDIRECT] WARNING: Could not lock System prefs. Unix error code 2.
2026-08-17 11:16:42,558 [ERROR] LogOutputStream:75 - [STDERR_REDIRECT] 
2026-08-17 11:16:42,558 [ERROR] LogOutputStream:75 - [STDERR_REDIRECT] Aug 17, 2026 11:16:42 AM java.util.prefs.FileSystemPreferences syncWorld
2026-08-17 11:16:42,558 [ERROR] LogOutputStream:75 - [STDERR_REDIRECT] WARNING: Couldn't flush system prefs: java.util.prefs.BackingStoreException: Couldn't get file lock.
2026-08-17 11:16:42,558 [ERROR] LogOutputStream:75 - [STDERR_REDIRECT] 
2026-08-17 11:17:12,558 [ERROR] LogOutputStream:75 - [STDERR_REDIRECT] Aug 17, 2026 11:17:12 AM java.util.prefs.FileSystemPreferences checkLockFile0ErrorCode
2026-08-17 11:17:12,559 [ERROR] LogOutputStream:75 - [STDERR_REDIRECT] WARNING: Could not lock System prefs. Unix error code 2.
2026-08-17 11:17:12,559 [ERROR] LogOutputStream:75 - [STDERR_REDIRECT] 
2026-08-17 11:17:12,559 [ERROR] LogOutputStream:75 - [STDERR_REDIRECT] Aug 17, 2026 11:17:12 AM java.util.prefs.FileSystemPreferences syncWorld
2026-08-17 11:17:12,559 [ERROR] LogOutputStream:75 - [STDERR_REDIRECT] WARNING: Couldn't flush system prefs: java.util.prefs.BackingStoreException: Couldn't get file lock.
2026-08-17 11:17:12,559 [ERROR] LogOutputStream:75 - [STDERR_REDIRECT] 
2026-08-17 11:17:42,559 [ERROR] LogOutputStream:75 - [STDERR_REDIRECT] Aug 17, 2026 11:17:42 AM java.util.prefs.FileSystemPreferences checkLockFile0ErrorCode
2026-08-17 11:17:42,559 [ERROR] LogOutputStream:75 - [STDERR_REDIRECT] WARNING: Could not lock System prefs. Unix error code 2.
2026-08-17 11:17:42,559 [ERROR] LogOutputStream:75 - [STDERR_REDIRECT] 
2026-08-17 11:17:42,560 [ERROR] LogOutputStream:75 - [STDERR_REDIRECT] Aug 17, 2026 11:17:42 AM java.util.prefs.FileSystemPreferences syncWorld
2026-08-17 11:17:42,560 [ERROR] LogOutputStream:75 - [STDERR_REDIRECT] WARNING: Couldn't flush system prefs: java.util.prefs.BackingStoreException: Couldn't get file lock.
2026-08-17 11:17:42,560 [ERROR] LogOutputStream:75 - [STDERR_REDIRECT] 
2026-08-17 11:18:12,559 [ERROR] LogOutputStream:75 - [STDERR_REDIRECT] Aug 17, 2026 11:18:12 AM java.util.prefs.FileSystemPreferences checkLockFile0ErrorCode
2026-08-17 11:18:12,559 [ERROR] LogOutputStream:75 - [STDERR_REDIRECT] WARNING: Could not lock System prefs. Unix error code 2.
2026-08-17 11:18:12,559 [ERROR] LogOutputStream:75 - [STDERR_REDIRECT] 
2026-08-17 11:18:12,559 [ERROR] LogOutputStream:75 - [STDERR_REDIRECT] Aug 17, 2026 11:18:12 AM java.util.prefs.FileSystemPreferences syncWorld
2026-08-17 11:18:12,559 [ERROR] LogOutputStream:75 - [STDERR_REDIRECT] WARNING: Couldn't flush system prefs: java.util.prefs.BackingStoreException: Couldn't get file lock.
2026-08-17 11:18:12,559 [ERROR] LogOutputStream:75 - [STDERR_REDIRECT] 
2026-08-17 11:18:42,560 [ERROR] LogOutputStream:75 - [STDERR_REDIRECT] Aug 17, 2026 11:18:42 AM java.util.prefs.FileSystemPreferences checkLockFile0ErrorCode
2026-08-17 11:18:42,560 [ERROR] LogOutputStream:75 - [STDERR_REDIRECT] WARNING: Could not lock System prefs. Unix error code 2.
2026-08-17 11:18:42,560 [ERROR] LogOutputStream:75 - [STDERR_REDIRECT] 
2026-08-17 11:18:42,560 [ERROR] LogOutputStream:75 - [STDERR_REDIRECT] Aug 17, 2026 11:18:42 AM java.util.prefs.FileSystemPreferences syncWorld
2026-08-17 11:18:42,560 [ERROR] LogOutputStream:75 - [STDERR_REDIRECT] WARNING: Couldn't flush system prefs: java.util.prefs.BackingStoreException: Couldn't get file lock.
2026-08-17 11:18:42,560 [ERROR] LogOutputStream:75 - [STDERR_REDIRECT] 
2026-08-17 11:19:12,559 [ERROR] LogOutputStream:75 - [STDERR_REDIRECT] Aug 17, 2026 11:19:12 AM java.util.prefs.FileSystemPreferences checkLockFile0ErrorCode
2026-08-17 11:19:12,560 [ERROR] LogOutputStream:75 - [STDERR_REDIRECT] WARNING: Could not lock System prefs. Unix error code 2.
2026-08-17 11:19:12,560 [ERROR] LogOutputStream:75 - [STDERR_REDIRECT] 
2026-08-17 11:19:12,560 [ERROR] LogOutputStream:75 - [STDERR_REDIRECT] Aug 17, 2026 11:19:12 AM java.util.prefs.FileSystemPreferences syncWorld
2026-08-17 11:19:12,560 [ERROR] LogOutputStream:75 - [STDERR_REDIRECT] WARNING: Couldn't flush system prefs: java.util.prefs.BackingStoreException: Couldn't get file lock.
2026-08-17 11:19:12,560 [ERROR] LogOutputStream:75 - [STDERR_REDIRECT] 
2026-08-17 11:19:42,559 [ERROR] LogOutputStream:75 - [STDERR_REDIRECT] Aug 17, 2026 11:19:42 AM java.util.prefs.FileSystemPreferences checkLockFile0ErrorCode
2026-08-17 11:19:42,559 [ERROR] LogOutputStream:75 - [STDERR_REDIRECT] WARNING: Could not lock System prefs. Unix error code 2.
2026-08-17 11:19:42,559 [ERROR] LogOutputStream:75 - [STDERR_REDIRECT] 
2026-08-17 11:19:42,560 [ERROR] LogOutputStream:75 - [STDERR_REDIRECT] Aug 17, 2026 11:19:42 AM java.util.prefs.FileSystemPreferences syncWorld
2026-08-17 11:19:42,560 [ERROR] LogOutputStream:75 - [STDERR_REDIRECT] WARNING: Couldn't flush system prefs: java.util.prefs.BackingStoreException: Couldn't get file lock.
2026-08-17 11:19:42,560 [ERROR] LogOutputStream:75 - [STDERR_REDIRECT] 
2026-08-17 11:20:12,559 [ERROR] LogOutputStream:75 - [STDERR_REDIRECT] Aug 17, 2026 11:20:12 AM java.util.prefs.FileSystemPreferences checkLockFile0ErrorCode
2026-08-17 11:20:12,559 [ERROR] LogOutputStream:75 - [STDERR_REDIRECT] WARNING: Could not lock System prefs. Unix error code 2.
2026-08-17 11:20:12,559 [ERROR] LogOutputStream:75 - [STDERR_REDIRECT] 
2026-08-17 11:20:12,559 [ERROR] LogOutputStream:75 - [STDERR_REDIRECT] Aug 17, 2026 11:20:12 AM java.util.prefs.FileSystemPreferences syncWorld
2026-08-17 11:20:12,559 [ERROR] LogOutputStream:75 - [STDERR_REDIRECT] WARNING: Couldn't flush system prefs: java.util.prefs.BackingStoreException: Couldn't get file lock.
2026-08-17 11:20:12,559 [ERROR] LogOutputStream:75 - [STDERR_REDIRECT] 
2026-08-17 11:20:42,559 [ERROR] LogOutputStream:75 - [STDERR_REDIRECT] Aug 17, 2026 11:20:42 AM java.util.prefs.FileSystemPreferences checkLockFile0ErrorCode
2026-08-17 11:20:42,560 [ERROR] LogOutputStream:75 - [STDERR_REDIRECT] WARNING: Could not lock System prefs. Unix error code 2.
2026-08-17 11:20:42,560 [ERROR] LogOutputStream:75 - [STDERR_REDIRECT] 
2026-08-17 11:20:42,560 [ERROR] LogOutputStream:75 - [STDERR_REDIRECT] Aug 17, 2026 11:20:42 AM java.util.prefs.FileSystemPreferences syncWorld
2026-08-17 11:20:42,560 [ERROR] LogOutputStream:75 - [STDERR_REDIRECT] WARNING: Couldn't flush system prefs: java.util.prefs.BackingStoreException: Couldn't get file lock.
2026-08-17 11:20:42,560 [ERROR] LogOutputStream:75 - [STDERR_REDIRECT] 
2026-08-17 11:21:12,559 [ERROR] LogOutputStream:75 - [STDERR_REDIRECT] Aug 17, 2026 11:21:12 AM java.util.prefs.FileSystemPreferences checkLockFile0ErrorCode
2026-08-17 11:21:12,559 [ERROR] LogOutputStream:75 - [STDERR_REDIRECT] WARNING: Could not lock System prefs. Unix error code 2.
2026-08-17 11:21:12,559 [ERROR] LogOutputStream:75 - [STDERR_REDIRECT] 
2026-08-17 11:21:12,560 [ERROR] LogOutputStream:75 - [STDERR_REDIRECT] Aug 17, 2026 11:21:12 AM java.util.prefs.FileSystemPreferences syncWorld
2026-08-17 11:21:12,560 [ERROR] LogOutputStream:75 - [STDERR_REDIRECT] WARNING: Couldn't flush system prefs: java.util.prefs.BackingStoreException: Couldn't get file lock.
2026-08-17 11:21:12,560 [ERROR] LogOutputStream:75 - [STDERR_REDIRECT] 
2026-08-17 11:21:42,559 [ERROR] LogOutputStream:75 - [STDERR_REDIRECT] Aug 17, 2026 11:21:42 AM java.util.prefs.FileSystemPreferences checkLockFile0ErrorCode
2026-08-17 11:21:42,559 [ERROR] LogOutputStream:75 - [STDERR_REDIRECT] WARNING: Could not lock System prefs. Unix error code 2.
2026-08-17 11:21:42,559 [ERROR] LogOutputStream:75 - [STDERR_REDIRECT] 
2026-08-17 11:21:42,559 [ERROR] LogOutputStream:75 - [STDERR_REDIRECT] Aug 17, 2026 11:21:42 AM java.util.prefs.FileSystemPreferences syncWorld
2026-08-17 11:21:42,559 [ERROR] LogOutputStream:75 - [STDERR_REDIRECT] WARNING: Couldn't flush system prefs: java.util.prefs.BackingStoreException: Couldn't get file lock.
2026-08-17 11:21:42,559 [ERROR] LogOutputStream:75 - [STDERR_REDIRECT] 
2026-08-17 11:22:12,560 [ERROR] LogOutputStream:75 - [STDERR_REDIRECT] Aug 17, 2026 11:22:12 AM java.util.prefs.FileSystemPreferences checkLockFile0ErrorCode
2026-08-17 11:22:12,560 [ERROR] LogOutputStream:75 - [STDERR_REDIRECT] WARNING: Could not lock System prefs. Unix error code 2.
2026-08-17 11:22:12,560 [ERROR] LogOutputStream:75 - [STDERR_REDIRECT] 
2026-08-17 11:22:12,560 [ERROR] LogOutputStream:75 - [STDERR_REDIRECT] Aug 17, 2026 11:22:12 AM java.util.prefs.FileSystemPreferences syncWorld
2026-08-17 11:22:12,560 [ERROR] LogOutputStream:75 - [STDERR_REDIRECT] WARNING: Couldn't flush system prefs: java.util.prefs.BackingStoreException: Couldn't get file lock.
2026-08-17 11:22:12,560 [ERROR] LogOutputStream:75 - [STDERR_REDIRECT] 
2026-08-17 11:22:42,559 [ERROR] LogOutputStream:75 - [STDERR_REDIRECT] Aug 17, 2026 11:22:42 AM java.util.prefs.FileSystemPreferences checkLockFile0ErrorCode
2026-08-17 11:22:42,559 [ERROR] LogOutputStream:75 - [STDERR_REDIRECT] WARNING: Could not lock System prefs. Unix error code 2.
2026-08-17 11:22:42,559 [ERROR] LogOutputStream:75 - [STDERR_REDIRECT] 
2026-08-17 11:22:42,559 [ERROR] LogOutputStream:75 - [STDERR_REDIRECT] Aug 17, 2026 11:22:42 AM java.util.prefs.FileSystemPreferences syncWorld
2026-08-17 11:22:42,559 [ERROR] LogOutputStream:75 - [STDERR_REDIRECT] WARNING: Couldn't flush system prefs: java.util.prefs.BackingStoreException: Couldn't get file lock.
2026-08-17 11:22:42,559 [ERROR] LogOutputStream:75 - [STDERR_REDIRECT] 
2026-08-17 11:23:12,560 [ERROR] LogOutputStream:75 - [STDERR_REDIRECT] Aug 17, 2026 11:23:12 AM java.util.prefs.FileSystemPreferences checkLockFile0ErrorCode
2026-08-17 11:23:12,560 [ERROR] LogOutputStream:75 - [STDERR_REDIRECT] WARNING: Could not lock System prefs. Unix error code 2.
2026-08-17 11:23:12,560 [ERROR] LogOutputStream:75 - [STDERR_REDIRECT] 
2026-08-17 11:23:12,560 [ERROR] LogOutputStream:75 - [STDERR_REDIRECT] Aug 17, 2026 11:23:12 AM java.util.prefs.FileSystemPreferences syncWorld
2026-08-17 11:23:12,560 [ERROR] LogOutputStream:75 - [STDERR_REDIRECT] WARNING: Couldn't flush system prefs: java.util.prefs.BackingStoreException: Couldn't get file lock.
2026-08-17 11:23:12,560 [ERROR] LogOutputStream:75 - [STDERR_REDIRECT] 
2026-08-17 11:23:42,559 [ERROR] LogOutputStream:75 - [STDERR_REDIRECT] Aug 17, 2026 11:23:42 AM java.util.prefs.FileSystemPreferences checkLockFile0ErrorCode
2026-08-17 11:23:42,560 [ERROR] LogOutputStream:75 - [STDERR_REDIRECT] WARNING: Could not lock System prefs. Unix error code 2.
2026-08-17 11:23:42,560 [ERROR] LogOutputStream:75 - [STDERR_REDIRECT] 
2026-08-17 11:23:42,560 [ERROR] LogOutputStream:75 - [STDERR_REDIRECT] Aug 17, 2026 11:23:42 AM java.util.prefs.FileSystemPreferences syncWorld
2026-08-17 11:23:42,560 [ERROR] LogOutputStream:75 - [STDERR_REDIRECT] WARNING: Couldn't flush system prefs: java.util.prefs.BackingStoreException: Couldn't get file lock.
2026-08-17 11:23:42,560 [ERROR] LogOutputStream:75 - [STDERR_REDIRECT] 
2026-08-17 11:24:12,559 [ERROR] LogOutputStream:75 - [STDERR_REDIRECT] Aug 17, 2026 11:24:12 AM java.util.prefs.FileSystemPreferences checkLockFile0ErrorCode
2026-08-17 11:24:12,559 [ERROR] LogOutputStream:75 - [STDERR_REDIRECT] WARNING: Could not lock System prefs. Unix error code 2.
2026-08-17 11:24:12,559 [ERROR] LogOutputStream:75 - [STDERR_REDIRECT] 
2026-08-17 11:24:12,560 [ERROR] LogOutputStream:75 - [STDERR_REDIRECT] Aug 17, 2026 11:24:12 AM java.util.prefs.FileSystemPreferences syncWorld
2026-08-17 11:24:12,560 [ERROR] LogOutputStream:75 - [STDERR_REDIRECT] WARNING: Couldn't flush system prefs: java.util.prefs.BackingStoreException: Couldn't get file lock.
2026-08-17 11:24:12,560 [ERROR] LogOutputStream:75 - [STDERR_REDIRECT] 
2026-08-17 11:24:42,559 [ERROR] LogOutputStream:75 - [STDERR_REDIRECT] Aug 17, 2026 11:24:42 AM java.util.prefs.FileSystemPreferences checkLockFile0ErrorCode
2026-08-17 11:24:42,559 [ERROR] LogOutputStream:75 - [STDERR_REDIRECT] WARNING: Could not lock System prefs. Unix error code 2.
2026-08-17 11:24:42,565 [ERROR] LogOutputStream:75 - [STDERR_REDIRECT] 
2026-08-17 11:24:42,565 [ERROR] LogOutputStream:75 - [STDERR_REDIRECT] Aug 17, 2026 11:24:42 AM java.util.prefs.FileSystemPreferences syncWorld
2026-08-17 11:24:42,565 [ERROR] LogOutputStream:75 - [STDERR_REDIRECT] WARNING: Couldn't flush system prefs: java.util.prefs.BackingStoreException: Couldn't get file lock.
2026-08-17 11:24:42,565 [ERROR] LogOutputStream:75 - [STDERR_REDIRECT] 
2026-08-17 11:25:12,559 [ERROR] LogOutputStream:75 - [STDERR_REDIRECT] Aug 17, 2026 11:25:12 AM java.util.prefs.FileSystemPreferences checkLockFile0ErrorCode
2026-08-17 11:25:12,559 [ERROR] LogOutputStream:75 - [STDERR_REDIRECT] WARNING: Could not lock System prefs. Unix error code 2.
2026-08-17 11:25:12,559 [ERROR] LogOutputStream:75 - [STDERR_REDIRECT] 
2026-08-17 11:25:12,560 [ERROR] LogOutputStream:75 - [STDERR_REDIRECT] Aug 17, 2026 11:25:12 AM java.util.prefs.FileSystemPreferences syncWorld
2026-08-17 11:25:12,560 [ERROR] LogOutputStream:75 - [STDERR_REDIRECT] WARNING: Couldn't flush system prefs: java.util.prefs.BackingStoreException: Couldn't get file lock.
2026-08-17 11:25:12,560 [ERROR] LogOutputStream:75 - [STDERR_REDIRECT] 
2026-08-17 11:25:42,560 [ERROR] LogOutputStream:75 - [STDERR_REDIRECT] Aug 17, 2026 11:25:42 AM java.util.prefs.FileSystemPreferences checkLockFile0ErrorCode
2026-08-17 11:25:42,560 [ERROR] LogOutputStream:75 - [STDERR_REDIRECT] WARNING: Could not lock System prefs. Unix error code 2.
2026-08-17 11:25:42,560 [ERROR] LogOutputStream:75 - [STDERR_REDIRECT] 
2026-08-17 11:25:42,560 [ERROR] LogOutputStream:75 - [STDERR_REDIRECT] Aug 17, 2026 11:25:42 AM java.util.prefs.FileSystemPreferences syncWorld
2026-08-17 11:25:42,561 [ERROR] LogOutputStream:75 - [STDERR_REDIRECT] WARNING: Couldn't flush system prefs: java.util.prefs.BackingStoreException: Couldn't get file lock.
2026-08-17 11:25:42,561 [ERROR] LogOutputStream:75 - [STDERR_REDIRECT] 
2026-08-17 11:26:12,559 [ERROR] LogOutputStream:75 - [STDERR_REDIRECT] Aug 17, 2026 11:26:12 AM java.util.prefs.FileSystemPreferences checkLockFile0ErrorCode
2026-08-17 11:26:12,559 [ERROR] LogOutputStream:75 - [STDERR_REDIRECT] WARNING: Could not lock System prefs. Unix error code 2.
2026-08-17 11:26:12,560 [ERROR] LogOutputStream:75 - [STDERR_REDIRECT] 
2026-08-17 11:26:12,560 [ERROR] LogOutputStream:75 - [STDERR_REDIRECT] Aug 17, 2026 11:26:12 AM java.util.prefs.FileSystemPreferences syncWorld
2026-08-17 11:26:12,560 [ERROR] LogOutputStream:75 - [STDERR_REDIRECT] WARNING: Couldn't flush system prefs: java.util.prefs.BackingStoreException: Couldn't get file lock.
2026-08-17 11:26:12,560 [ERROR] LogOutputStream:75 - [STDERR_REDIRECT] 
2026-08-17 11:26:42,560 [ERROR] LogOutputStream:75 - [STDERR_REDIRECT] Aug 17, 2026 11:26:42 AM java.util.prefs.FileSystemPreferences checkLockFile0ErrorCode
2026-08-17 11:26:42,560 [ERROR] LogOutputStream:75 - [STDERR_REDIRECT] WARNING: Could not lock System prefs. Unix error code 2.
2026-08-17 11:26:42,560 [ERROR] LogOutputStream:75 - [STDERR_REDIRECT] 
2026-08-17 11:26:42,560 [ERROR] LogOutputStream:75 - [STDERR_REDIRECT] Aug 17, 2026 11:26:42 AM java.util.prefs.FileSystemPreferences syncWorld
2026-08-17 11:26:42,560 [ERROR] LogOutputStream:75 - [STDERR_REDIRECT] WARNING: Couldn't flush system prefs: java.util.prefs.BackingStoreException: Couldn't get file lock.
2026-08-17 11:26:42,560 [ERROR] LogOutputStream:75 - [STDERR_REDIRECT] 
2026-08-17 11:27:12,559 [ERROR] LogOutputStream:75 - [STDERR_REDIRECT] Aug 17, 2026 11:27:12 AM java.util.prefs.FileSystemPreferences checkLockFile0ErrorCode
2026-08-17 11:27:12,560 [ERROR] LogOutputStream:75 - [STDERR_REDIRECT] WARNING: Could not lock System prefs. Unix error code 2.
2026-08-17 11:27:12,560 [ERROR] LogOutputStream:75 - [STDERR_REDIRECT] 
2026-08-17 11:27:12,560 [ERROR] LogOutputStream:75 - [STDERR_REDIRECT] Aug 17, 2026 11:27:12 AM java.util.prefs.FileSystemPreferences syncWorld
2026-08-17 11:27:12,560 [ERROR] LogOutputStream:75 - [STDERR_REDIRECT] WARNING: Couldn't flush system prefs: java.util.prefs.BackingStoreException: Couldn't get file lock.
2026-08-17 11:27:12,560 [ERROR] LogOutputStream:75 - [STDERR_REDIRECT] 
2026-08-17 11:27:37,248 [ERROR] LogOutputStream:75 - [STDERR_REDIRECT] 
2026-08-17 18:27:52,977 [INFO] Activator:176 - 


2026-08-17 18:27:52,978 [INFO] Activator:177 - !SESSION log4j initialized
2026-08-17 18:27:55,797 [INFO] LogOutputStream:77 - [STDOUT_REDIRECT] 
2026-08-17 18:27:56,247 [INFO] ApplicationProperties:184 - Using Application install path: /opt/st/stm32cubeide_1.18.0/plugins/com.st.stm32cube.common.mx_6.14.0.202502271554
2026-08-17 18:27:56,259 [INFO] DbMcusXml:78 - Set database path to: /opt/st/stm32cubeide_1.18.0/plugins/com.st.stm32cube.common.mx_6.14.0.202502271554//db//mcu/
2026-08-17 18:27:56,259 [INFO] ApiDb:274 - Set plugin database path to: /opt/st/stm32cubeide_1.18.0/plugins/com.st.stm32cube.common.mx_6.14.0.202502271554//db//plugins/boardmanager/
2026-08-17 18:27:56,259 [WARN] ApiDb:259 - Overriding images path with different value:  => /opt/st/stm32cubeide_1.18.0/plugins/com.st.stm32cube.common.mx_6.14.0.202502271554//db//plugins/mcufinder/images/
2026-08-17 18:27:56,265 [INFO] ApiDb:250 - Set database path to: /home/thuy/.stmcufinder/plugins/mcufinder//mcu/
2026-08-17 18:27:56,265 [INFO] DbMcusAds:125 - Set database path to: /home/thuy/.stmcufinder/plugins/mcufinder//mcu/
2026-08-17 18:27:56,267 [INFO] CrossReferenceDbSqlite:203 - Set database path to: /home/thuy/.stmcufinder/plugins/mcufinder//mcu/cs/
2026-08-17 18:27:56,342 [INFO] RulesReader:64 - Compatibility file has been processed (301 Rules)
2026-08-17 18:27:56,382 [INFO] DbMcusXml:78 - Set database path to: /opt/st/stm32cubeide_1.18.0/plugins/com.st.stm32cube.common.mx_6.14.0.202502271554//db//mcu/
2026-08-17 18:27:56,382 [INFO] ApiDb:274 - Set plugin database path to: /opt/st/stm32cubeide_1.18.0/plugins/com.st.stm32cube.common.mx_6.14.0.202502271554//db//plugins/boardmanager/
2026-08-17 18:27:56,382 [INFO] ApiDb:261 - Set plugin images path to: /opt/st/stm32cubeide_1.18.0/plugins/com.st.stm32cube.common.mx_6.14.0.202502271554//db//plugins/mcufinder/images/
2026-08-17 18:27:56,382 [WARN] DbFile:41 - Overriding database path with different value: /home/thuy/.stmcufinder/plugins/mcufinder/ => /home/thuy/.stmcufinder/plugins/mcufinder
2026-08-17 18:27:56,382 [INFO] ApiDb:250 - Set database path to: /home/thuy/.stmcufinder/plugins/mcufinder//mcu/
2026-08-17 18:27:56,382 [WARN] DbFile:41 - Overriding database path with different value: /home/thuy/.stmcufinder/plugins/mcufinder/ => /home/thuy/.stmcufinder/plugins/mcufinder
2026-08-17 18:27:56,382 [INFO] DbMcusAds:125 - Set database path to: /home/thuy/.stmcufinder/plugins/mcufinder//mcu/
2026-08-17 18:27:56,382 [WARN] DbFile:41 - Overriding database path with different value: /home/thuy/.stmcufinder/plugins/mcufinder/ => /home/thuy/.stmcufinder/plugins/mcufinder
2026-08-17 18:27:56,382 [WARN] DbFile:41 - Overriding database path with different value: /home/thuy/.stmcufinder/plugins/mcufinder/ => /home/thuy/.stmcufinder/plugins/mcufinder
2026-08-17 18:27:56,382 [INFO] CrossReferenceDbSqlite:203 - Set database path to: /home/thuy/.stmcufinder/plugins/mcufinder//mcu/cs/
2026-08-17 18:27:56,427 [INFO] MainPanel:272 - HeapMemory: 268435456
2026-08-17 18:27:56,520 [INFO] DbMcusXml:78 - Set database path to: /opt/st/stm32cubeide_1.18.0/plugins/com.st.stm32cube.common.mx_6.14.0.202502271554//db//mcu/
2026-08-17 18:27:56,521 [INFO] ApiDb:274 - Set plugin database path to: /opt/st/stm32cubeide_1.18.0/plugins/com.st.stm32cube.common.mx_6.14.0.202502271554//db//plugins/boardmanager/
2026-08-17 18:27:56,521 [INFO] ApiDb:261 - Set plugin images path to: /opt/st/stm32cubeide_1.18.0/plugins/com.st.stm32cube.common.mx_6.14.0.202502271554//db//plugins/mcufinder/images/
2026-08-17 18:27:56,521 [WARN] DbFile:41 - Overriding database path with different value: /home/thuy/.stmcufinder/plugins/mcufinder/ => /home/thuy/.stmcufinder/plugins/mcufinder
2026-08-17 18:27:56,521 [INFO] ApiDb:250 - Set database path to: /home/thuy/.stmcufinder/plugins/mcufinder//mcu/
2026-08-17 18:27:56,521 [WARN] DbFile:41 - Overriding database path with different value: /home/thuy/.stmcufinder/plugins/mcufinder/ => /home/thuy/.stmcufinder/plugins/mcufinder
2026-08-17 18:27:56,521 [INFO] DbMcusAds:125 - Set database path to: /home/thuy/.stmcufinder/plugins/mcufinder//mcu/
2026-08-17 18:27:56,521 [WARN] DbFile:41 - Overriding database path with different value: /home/thuy/.stmcufinder/plugins/mcufinder/ => /home/thuy/.stmcufinder/plugins/mcufinder
2026-08-17 18:27:56,521 [WARN] DbFile:41 - Overriding database path with different value: /home/thuy/.stmcufinder/plugins/mcufinder/ => /home/thuy/.stmcufinder/plugins/mcufinder
2026-08-17 18:27:56,521 [INFO] CrossReferenceDbSqlite:203 - Set database path to: /home/thuy/.stmcufinder/plugins/mcufinder//mcu/cs/
2026-08-17 18:27:56,532 [INFO] ApplicationProperties:184 - Using Application install path: /opt/st/stm32cubeide_1.18.0/plugins/com.st.stm32cube.common.mx_6.14.0.202502271554
2026-08-17 18:27:56,534 [INFO] PluginManage:196 - Search for loadable plugins [exclusion list=, ]
2026-08-17 18:27:56,535 [INFO] PluginManage:310 - Check plugin analytics
2026-08-17 18:27:56,629 [INFO] AnalyticsPlugin:253 - Accepted Software Licenses: STM32CubeMX.6.17.0
2026-08-17 18:27:56,629 [INFO] AnalyticsPlugin:255 - Accepted CMSIS Pack Licenses: 
2026-08-17 18:27:56,629 [INFO] AnalyticsPlugin:257 - Accepted Firmware Licenses: FW.F1.1.8.7,FW.F4.1.28.0,FW.F4.1.28.3
2026-08-17 18:27:56,631 [INFO] PluginManage:359 - Loaded plugin analytics (category:tool,tabindex:-1)
2026-08-17 18:27:56,631 [INFO] PluginManage:310 - Check plugin cadmodel
2026-08-17 18:27:56,635 [INFO] CADModel:105 - Init CAD model plugin
2026-08-17 18:27:56,635 [INFO] PluginManage:359 - Loaded plugin cadmodel (category:power,tabindex:5)
2026-08-17 18:27:56,635 [INFO] PluginManage:310 - Check plugin clock
2026-08-17 18:27:56,641 [INFO] PluginManage:359 - Loaded plugin clock (category:base,tabindex:2)
2026-08-17 18:27:56,641 [INFO] PluginManage:310 - Check plugin ddr
2026-08-17 18:27:56,642 [INFO] PluginManage:359 - Loaded plugin ddr (category:tool,tabindex:6)
2026-08-17 18:27:56,643 [INFO] PluginManage:310 - Check plugin filemanager
2026-08-17 18:27:56,731 [INFO] PluginManage:359 - Loaded plugin filemanager (category:base,tabindex:10)
2026-08-17 18:27:56,731 [INFO] PluginManage:310 - Check plugin ipmanager
2026-08-17 18:27:56,734 [INFO] PluginManage:359 - Loaded plugin ipmanager (category:base,tabindex:5)
2026-08-17 18:27:56,734 [INFO] PluginManage:310 - Check plugin lpbam
2026-08-17 18:27:56,740 [INFO] PluginManage:359 - Loaded plugin lpbam (category:base,tabindex:0)
2026-08-17 18:27:56,740 [INFO] PluginManage:310 - Check plugin memorymap
2026-08-17 18:27:56,748 [INFO] PluginManage:359 - Loaded plugin memorymap (category:base,tabindex:4)
2026-08-17 18:27:56,748 [INFO] PluginManage:310 - Check plugin pinoutandconfiguration
2026-08-17 18:27:56,753 [INFO] PluginManage:359 - Loaded plugin pinoutandconfiguration (category:base,tabindex:1)
2026-08-17 18:27:56,753 [INFO] PluginManage:310 - Check plugin pinoutconfig
2026-08-17 18:27:56,803 [WARN] SupportedApi:132 - Cannot load RTOS API schema: s4s-elt-must-match.1: The content of 'definitions' must match (annotation?, (simpleType | complexType)?, (unique | key | keyref)*)). A problem was found starting at: attribute.
2026-08-17 18:27:56,881 [INFO] PluginManage:359 - Loaded plugin pinoutconfig (category:base,tabindex:0)
2026-08-17 18:27:56,881 [INFO] PluginManage:310 - Check plugin power
2026-08-17 18:27:56,888 [INFO] PluginManage:359 - Loaded plugin power (category:power,tabindex:4)
2026-08-17 18:27:56,888 [INFO] PluginManage:310 - Check plugin projectmanager
2026-08-17 18:27:56,897 [INFO] PluginManage:359 - Loaded plugin projectmanager (category:projectmanager,tabindex:4)
2026-08-17 18:27:56,897 [INFO] PluginManage:310 - Check plugin rif
2026-08-17 18:27:56,903 [INFO] PluginManage:359 - Loaded plugin rif (category:base,tabindex:3)
2026-08-17 18:27:56,903 [INFO] PluginManage:310 - Check plugin thirdparty
2026-08-17 18:27:56,989 [INFO] PluginManage:359 - Loaded plugin thirdparty (category:base,tabindex:-1)
2026-08-17 18:27:56,989 [WARN] IntegrityCheckThread:84 - waiting for thirdparty lock release [integrity check]
2026-08-17 18:27:56,989 [INFO] PluginManage:310 - Check plugin tools
2026-08-17 18:27:56,989 [INFO] IntegrityCheckThread:86 - entering critical section [integrity check]
2026-08-17 18:27:56,989 [INFO] ThirdPartyUpdaterWithRetryManager:70 - Updater plugin not ready yet. [1/15]
2026-08-17 18:27:56,990 [INFO] PluginManage:359 - Loaded plugin tools (category:base,tabindex:7)
2026-08-17 18:27:56,990 [INFO] PluginManage:310 - Check plugin tutovideos
2026-08-17 18:27:57,102 [INFO] PluginManage:359 - Loaded plugin tutovideos (category:base,tabindex:-1)
2026-08-17 18:27:57,103 [INFO] PluginManage:310 - Check plugin updater
2026-08-17 18:27:57,119 [INFO] PluginManage:359 - Loaded plugin updater (category:base,tabindex:12)
2026-08-17 18:27:57,119 [INFO] PluginManage:310 - Check plugin userauth
2026-08-17 18:27:57,122 [INFO] UserAuth:118 - Init User Auth plugin
2026-08-17 18:27:57,122 [INFO] PluginManage:359 - Loaded plugin userauth (category:base,tabindex:14)
2026-08-17 18:27:57,123 [INFO] PluginManage:283 - PluginManage : Loaded plugins [18]
2026-08-17 18:27:57,248 [INFO] PinOutPanel:1589 - setPackage(No Configuration,No Configuration)
2026-08-17 18:27:57,297 [INFO] CADModel:165 - CPN selected for project level
2026-08-17 18:27:57,297 [INFO] CADModel:114 - Register for checkConnection events
2026-08-17 18:27:57,308 [INFO] IPUIPlugin:80 - create IPUIPlugin
2026-08-17 18:27:57,308 [INFO] PluginManager:220 - loadIPPluginJar : add freertos
2026-08-17 18:27:57,309 [INFO] IPUIPlugin:80 - create IPUIPlugin
2026-08-17 18:27:57,309 [INFO] PluginManager:220 - loadIPPluginJar : add quadspi
2026-08-17 18:27:57,313 [INFO] IPUIPlugin:80 - create IPUIPlugin
2026-08-17 18:27:57,313 [INFO] PluginManager:220 - loadIPPluginJar : add i2s
2026-08-17 18:27:57,316 [INFO] IPUIPlugin:80 - create IPUIPlugin
2026-08-17 18:27:57,316 [INFO] PluginManager:220 - loadIPPluginJar : add touchsensing
2026-08-17 18:27:57,319 [INFO] IPUIPlugin:80 - create IPUIPlugin
2026-08-17 18:27:57,319 [INFO] PluginManager:220 - loadIPPluginJar : add ipddr
2026-08-17 18:27:57,321 [INFO] IPUIPlugin:80 - create IPUIPlugin
2026-08-17 18:27:57,321 [INFO] PluginManager:220 - loadIPPluginJar : add pdm2pcm
2026-08-17 18:27:57,322 [INFO] IPUIPlugin:80 - create IPUIPlugin
2026-08-17 18:27:57,323 [INFO] PluginManager:220 - loadIPPluginJar : add dfsdm
2026-08-17 18:27:57,328 [INFO] IPUIPlugin:80 - create IPUIPlugin
2026-08-17 18:27:57,329 [INFO] PluginManager:220 - loadIPPluginJar : add stm32_wpan
2026-08-17 18:27:57,331 [INFO] IPUIPlugin:80 - create IPUIPlugin
2026-08-17 18:27:57,332 [INFO] PluginManager:220 - loadIPPluginJar : add nvic
2026-08-17 18:27:57,336 [INFO] IPUIPlugin:80 - create IPUIPlugin
2026-08-17 18:27:57,336 [INFO] PluginManager:220 - loadIPPluginJar : add gpio
2026-08-17 18:27:57,338 [INFO] IPUIPlugin:80 - create IPUIPlugin
2026-08-17 18:27:57,338 [INFO] PluginManager:220 - loadIPPluginJar : add usbx
2026-08-17 18:27:57,341 [INFO] IPUIPlugin:80 - create IPUIPlugin
2026-08-17 18:27:57,341 [INFO] PluginManager:220 - loadIPPluginJar : add sai
2026-08-17 18:27:57,342 [INFO] IPUIPlugin:80 - create IPUIPlugin
2026-08-17 18:27:57,342 [INFO] PluginManager:220 - loadIPPluginJar : add fatfs
2026-08-17 18:27:57,343 [INFO] IPUIPlugin:80 - create IPUIPlugin
2026-08-17 18:27:57,343 [INFO] PluginManager:220 - loadIPPluginJar : add opamp
2026-08-17 18:27:57,345 [INFO] IPUIPlugin:80 - create IPUIPlugin
2026-08-17 18:27:57,345 [INFO] PluginManager:220 - loadIPPluginJar : add spi
2026-08-17 18:27:57,346 [INFO] IPUIPlugin:80 - create IPUIPlugin
2026-08-17 18:27:57,346 [INFO] PluginManager:220 - loadIPPluginJar : add tsc
2026-08-17 18:27:57,349 [INFO] IPUIPlugin:80 - create IPUIPlugin
2026-08-17 18:27:57,349 [INFO] PluginManager:220 - loadIPPluginJar : add resmgrutility
2026-08-17 18:27:57,351 [INFO] IPUIPlugin:80 - create IPUIPlugin
2026-08-17 18:27:57,351 [INFO] PluginManager:220 - loadIPPluginJar : add can
2026-08-17 18:27:57,352 [INFO] IPUIPlugin:80 - create IPUIPlugin
2026-08-17 18:27:57,353 [INFO] PluginManager:220 - loadIPPluginJar : add ts
2026-08-17 18:27:57,357 [INFO] IPUIPlugin:80 - create IPUIPlugin
2026-08-17 18:27:57,359 [INFO] PluginManager:220 - loadIPPluginJar : add plateformsettings
2026-08-17 18:27:57,361 [INFO] IPUIPlugin:80 - create IPUIPlugin
2026-08-17 18:27:57,361 [INFO] PluginManager:220 - loadIPPluginJar : add tracer_emb
2026-08-17 18:27:57,363 [INFO] IPUIPlugin:80 - create IPUIPlugin
2026-08-17 18:27:57,363 [INFO] PluginManager:220 - loadIPPluginJar : add hash
2026-08-17 18:27:57,365 [INFO] IPUIPlugin:80 - create IPUIPlugin
2026-08-17 18:27:57,365 [INFO] PluginManager:220 - loadIPPluginJar : add i2c
2026-08-17 18:27:57,367 [INFO] IPUIPlugin:80 - create IPUIPlugin
2026-08-17 18:27:57,367 [INFO] PluginManager:220 - loadIPPluginJar : add i3c
2026-08-17 18:27:57,372 [INFO] IPUIPlugin:80 - create IPUIPlugin
2026-08-17 18:27:57,373 [INFO] PluginManager:220 - loadIPPluginJar : add adc
2026-08-17 18:27:57,374 [INFO] IPUIPlugin:80 - create IPUIPlugin
2026-08-17 18:27:57,374 [INFO] PluginManager:220 - loadIPPluginJar : add ltdc
2026-08-17 18:27:57,378 [INFO] IPUIPlugin:80 - create IPUIPlugin
2026-08-17 18:27:57,379 [INFO] PluginManager:220 - loadIPPluginJar : add mdma
2026-08-17 18:27:57,380 [INFO] IPUIPlugin:80 - create IPUIPlugin
2026-08-17 18:27:57,381 [INFO] PluginManager:220 - loadIPPluginJar : add aes
2026-08-17 18:27:57,384 [INFO] IPUIPlugin:80 - create IPUIPlugin
2026-08-17 18:27:57,384 [INFO] PluginManager:220 - loadIPPluginJar : add fmc
2026-08-17 18:27:57,386 [INFO] IPUIPlugin:80 - create IPUIPlugin
2026-08-17 18:27:57,386 [INFO] PluginManager:220 - loadIPPluginJar : add radio
2026-08-17 18:27:57,387 [INFO] IPUIPlugin:80 - create IPUIPlugin
2026-08-17 18:27:57,387 [INFO] PluginManager:220 - loadIPPluginJar : add cryp
2026-08-17 18:27:57,389 [INFO] IPUIPlugin:80 - create IPUIPlugin
2026-08-17 18:27:57,390 [INFO] PluginManager:220 - loadIPPluginJar : add openamp
2026-08-17 18:27:57,391 [INFO] IPUIPlugin:80 - create IPUIPlugin
2026-08-17 18:27:57,391 [INFO] PluginManager:220 - loadIPPluginJar : add comp
2026-08-17 18:27:57,392 [INFO] IPUIPlugin:80 - create IPUIPlugin
2026-08-17 18:27:57,392 [INFO] PluginManager:220 - loadIPPluginJar : add gfxmmu
2026-08-17 18:27:57,394 [INFO] IPUIPlugin:80 - create IPUIPlugin
2026-08-17 18:27:57,394 [INFO] PluginManager:220 - loadIPPluginJar : add gtzc
2026-08-17 18:27:57,398 [INFO] IPUIPlugin:80 - create IPUIPlugin
2026-08-17 18:27:57,399 [INFO] PluginManager:220 - loadIPPluginJar : add gic
2026-08-17 18:27:57,401 [INFO] IPUIPlugin:80 - create IPUIPlugin
2026-08-17 18:27:57,401 [INFO] PluginManager:220 - loadIPPluginJar : add lorawan
2026-08-17 18:27:57,403 [INFO] IPUIPlugin:80 - create IPUIPlugin
2026-08-17 18:27:57,403 [INFO] PluginManager:220 - loadIPPluginJar : add usart
2026-08-17 18:27:57,405 [INFO] IPUIPlugin:80 - create IPUIPlugin
2026-08-17 18:27:57,405 [INFO] PluginManager:220 - loadIPPluginJar : add tim
2026-08-17 18:27:57,407 [INFO] IPUIPlugin:80 - create IPUIPlugin
2026-08-17 18:27:57,407 [INFO] PluginManager:220 - loadIPPluginJar : add ddr_ctrl_phy
2026-08-17 18:27:57,409 [INFO] IPUIPlugin:80 - create IPUIPlugin
2026-08-17 18:27:57,409 [INFO] PluginManager:220 - loadIPPluginJar : add extmemmanager
2026-08-17 18:27:57,411 [INFO] IPUIPlugin:80 - create IPUIPlugin
2026-08-17 18:27:57,411 [INFO] PluginManager:220 - loadIPPluginJar : add dma3
2026-08-17 18:27:57,412 [INFO] IPUIPlugin:80 - create IPUIPlugin
2026-08-17 18:27:57,413 [INFO] PluginManager:220 - loadIPPluginJar : add ucpd
2026-08-17 18:27:57,417 [INFO] IPUIPlugin:80 - create IPUIPlugin
2026-08-17 18:27:57,417 [INFO] PluginManager:220 - loadIPPluginJar : add dma
2026-08-17 18:27:57,418 [INFO] IPUIPlugin:80 - create IPUIPlugin
2026-08-17 18:27:57,418 [INFO] PluginManager:220 - loadIPPluginJar : add genericplugin
2026-08-17 18:27:57,423 [INFO] IPUIPlugin:80 - create IPUIPlugin
2026-08-17 18:27:57,424 [INFO] PluginManager:220 - loadIPPluginJar : add linkedlist
2026-08-17 18:27:57,515 [FATAL] Updater:351 - Updater called before beeing initialized
2026-08-17 18:27:57,539 [INFO] RulesReader:64 - Compatibility file has been processed (301 Rules)
2026-08-17 18:27:57,550 [INFO] RulesReader:64 - Compatibility file has been processed (301 Rules)
2026-08-17 18:27:57,556 [INFO] CADModel:165 - CPN selected for project level
2026-08-17 18:27:57,556 [INFO] CADModel:114 - Register for checkConnection events
2026-08-17 18:27:57,556 [FATAL] Updater:351 - Updater called before beeing initialized
2026-08-17 18:27:57,556 [ERROR] CADModel:125 - Updater not yet initialized, retry later 
2026-08-17 18:27:57,649 [FATAL] Updater:351 - Updater called before beeing initialized
2026-08-17 18:27:57,650 [INFO] CADModel:165 - CPN selected for project level
2026-08-17 18:27:57,650 [INFO] CADModel:114 - Register for checkConnection events
2026-08-17 18:27:57,650 [FATAL] Updater:351 - Updater called before beeing initialized
2026-08-17 18:27:57,650 [ERROR] CADModel:125 - Updater not yet initialized, retry later 
2026-08-17 18:27:57,653 [FATAL] Updater:351 - Updater called before beeing initialized
2026-08-17 18:27:57,718 [FATAL] Updater:351 - Updater called before beeing initialized
2026-08-17 18:27:57,721 [INFO] DbMcusAds:53 - JSON generation date=Wed Jul 15 16:44:54 ICT 2026 (1784108694001)
2026-08-17 18:27:57,721 [FATAL] Updater:351 - Updater called before beeing initialized
2026-08-17 18:27:57,745 [WARN] DetailPanel:346 - Failed to get advertising image, set to default
2026-08-17 18:27:57,920 [FATAL] Updater:351 - Updater called before beeing initialized
2026-08-17 18:27:57,922 [FATAL] Updater:351 - Updater called before beeing initialized
2026-08-17 18:27:57,922 [FATAL] Updater:351 - Updater called before beeing initialized
2026-08-17 18:27:57,922 [WARN] DetailPanel:346 - Failed to get advertising image, set to default
2026-08-17 18:27:57,923 [FATAL] Updater:351 - Updater called before beeing initialized
2026-08-17 18:27:57,946 [ERROR] Updater:1198 - MainUpdater not yet initialized. External WinMGr cannot be set.
2026-08-17 18:27:57,947 [INFO] Updater:1134 - Updater Version found : 6.14.0
2026-08-17 18:27:57,962 [INFO] ApplicationProperties:184 - Using Application install path: /opt/st/stm32cubeide_1.18.0/plugins/com.st.stm32cube.common.mx_6.14.0.202502271554
2026-08-17 18:27:57,971 [ERROR] LogOutputStream:75 - [STDERR_REDIRECT] Aug 17, 2026 6:27:57 PM java.util.prefs.FileSystemPreferences$2 run
2026-08-17 18:27:57,971 [ERROR] LogOutputStream:75 - [STDERR_REDIRECT] WARNING: Could not create system preferences directory. System preferences are unusable.
2026-08-17 18:27:57,971 [ERROR] LogOutputStream:75 - [STDERR_REDIRECT] 
2026-08-17 18:27:58,248 [INFO] MainUpdater:2872 - connection check result : 10
2026-08-17 18:27:58,249 [INFO] MainUpdater:289 - Updater Check For Update Now.
2026-08-17 18:27:58,249 [INFO] MicroXplorer:498 - Change Database Version : DB.6.0.140
2026-08-17 18:27:58,254 [INFO] McuFinderGlobals:63 - Set McuFinder mode to 2 (CubeIDE integrated)
2026-08-17 18:27:58,254 [INFO] UserAuth:171 - activating auth plugin
2026-08-17 18:27:58,256 [INFO] UserAuth:486 - Internet connection configuration mode: 1
2026-08-17 18:27:58,271 [INFO] JxBrowserEngine:152 - Initiate JxBrowser Engine with user profile folder
2026-08-17 18:27:58,420 [INFO] CheckServerUpdateThread:120 - End of CheckServer Thread
2026-08-17 18:27:59,066 [INFO] WebApp:169 - Instantiating new browser for Auth
2026-08-17 18:27:59,629 [INFO] WebApp:463 - Apply proxy settings
2026-08-17 18:27:59,630 [INFO] WebApp:548 - Chromium requires no authentication
2026-08-17 18:27:59,635 [INFO] WebApp:491 - Direct internet connection detected
2026-08-17 18:27:59,648 [INFO] WebApp:894 - Register for checkConnection events
2026-08-17 18:27:59,649 [INFO] WebApp:463 - Apply proxy settings
2026-08-17 18:27:59,649 [INFO] WebApp:548 - Chromium requires no authentication
2026-08-17 18:27:59,649 [INFO] WebApp:491 - Direct internet connection detected
2026-08-17 18:27:59,751 [INFO] WebApp:225 - Starting web application
2026-08-17 18:27:59,752 [INFO] WebApp:593 - Web application path used /opt/st/stm32cubeide_1.18.0/plugins/com.st.stm32cube.common.mx_6.14.0.202502271554/db/plugins/mcufinder/reactClient1/index.html
2026-08-17 18:27:59,944 [INFO] WebApp:191 - Connection restablished
2026-08-17 18:28:00,091 [WARN] PackLoader:240 - Cannot read IP mode file for STMicroelectronics.X-CUBE-AZRTOS-H7.3.5.0
2026-08-17 18:28:00,101 [WARN] PackLoader:240 - Cannot read IP mode file for STMicroelectronics.FP-ATR-ASTRA1.2.0.3
2026-08-17 18:28:00,105 [WARN] PackLoader:240 - Cannot read IP mode file for STMicroelectronics.FP-ATR-ASTRA1.2.0.2
2026-08-17 18:28:00,109 [ERROR] Engine:466 - /home/thuy/.stm32cubemx/thirdparties/pdsc/STMicroelectronics.X-CUBE-SMBUS.2.1.1.pdsc: PDSC version is not supported
2026-08-17 18:28:00,122 [WARN] PackLoader:240 - Cannot read IP mode file for STMicroelectronics.X-CUBE-AZRTOS-F7.1.1.0
2026-08-17 18:28:00,126 [ERROR] Engine:466 - /home/thuy/.stm32cubemx/thirdparties/pdsc/STMicroelectronics.X-CUBE-FREERTOS.1.6.0.pdsc: PDSC version is not supported
2026-08-17 18:28:00,128 [ERROR] Engine:466 - /home/thuy/.stm32cubemx/thirdparties/pdsc/STMicroelectronics.FP-SNS-MOTENV1.5.1.0.pdsc: PDSC version is not supported
2026-08-17 18:28:00,142 [WARN] PackLoader:240 - Cannot read IP mode file for STMicroelectronics.X-CUBE-AZRTOS-H7RS.1.3.0
2026-08-17 18:28:00,148 [ERROR] Engine:466 - /home/thuy/.stm32cubemx/thirdparties/pdsc/WES.I-CUBE-Cesium.1.4.0.pdsc: PDSC version is not supported
2026-08-17 18:28:00,154 [WARN] PackLoader:240 - Cannot read IP mode file for STMicroelectronics.X-CUBE-DISPLAY.3.0.0
2026-08-17 18:28:00,163 [WARN] PackLoader:240 - Cannot read IP mode file for STMicroelectronics.X-CUBE-GNSS1.7.1.1
2026-08-17 18:28:00,166 [ERROR] Engine:466 - /home/thuy/.stm32cubemx/thirdparties/pdsc/STMicroelectronics.FP-SNS-MOTENVWB1.1.5.0.pdsc: PDSC version is not supported
2026-08-17 18:28:00,168 [WARN] PackLoader:240 - Cannot read IP mode file for wolfSSL.I-CUBE-wolfSSL.5.9.1
2026-08-17 18:28:00,172 [WARN] PackLoader:240 - Cannot read IP mode file for STMicroelectronics.X-CUBE-NFC10.1.0.0
2026-08-17 18:28:00,177 [WARN] PackLoader:240 - Cannot read IP mode file for STMicroelectronics.X-CUBE-ST60.1.1.0
2026-08-17 18:28:00,188 [WARN] PackLoader:240 - Cannot read IP mode file for emotas.I-CUBE-CANOPEN.1.3.0
2026-08-17 18:28:00,190 [ERROR] Engine:466 - /home/thuy/.stm32cubemx/thirdparties/pdsc/STMicroelectronics.X-CUBE-WBA.1.1.0.pdsc: PDSC version is not supported
2026-08-17 18:28:00,192 [ERROR] Engine:466 - /home/thuy/.stm32cubemx/thirdparties/pdsc/STMicroelectronics.FP-SNS-STBOX1.2.1.0.pdsc: PDSC version is not supported
2026-08-17 18:28:00,195 [WARN] PackLoader:240 - Cannot read IP mode file for STMicroelectronics.FP-SNS-SMARTAG2.1.2.0
2026-08-17 18:28:00,198 [WARN] PackLoader:240 - Cannot read IP mode file for STMicroelectronics.FP-SNS-FLIGHT1.5.1.0
2026-08-17 18:28:00,206 [INFO] LogOutputStream:77 - [STDOUT_REDIRECT] 1 : Invalid condition id : UX_CORESTACK_Condition cause : null
2026-08-17 18:28:00,207 [INFO] LogOutputStream:77 - [STDOUT_REDIRECT] 1 : Invalid condition id : UX_CORESTACK_Condition cause : null
2026-08-17 18:28:00,207 [INFO] LogOutputStream:77 - [STDOUT_REDIRECT] 1 : Invalid condition id : UX_CORESTACK_Condition cause : null
2026-08-17 18:28:00,207 [INFO] LogOutputStream:77 - [STDOUT_REDIRECT] 1 : Invalid condition id : UX_CORESTACK_Condition cause : null
2026-08-17 18:28:00,207 [INFO] LogOutputStream:77 - [STDOUT_REDIRECT] 1 : Invalid condition id : UX_CORESTACK_Condition cause : null
2026-08-17 18:28:00,210 [WARN] PackLoader:240 - Cannot read IP mode file for STMicroelectronics.X-CUBE-AZRTOS-WL.2.0.0
2026-08-17 18:28:00,214 [WARN] PackLoader:240 - Cannot read IP mode file for STMicroelectronics.X-CUBE-BLE2.3.3.0
2026-08-17 18:28:00,243 [WARN] PackLoader:240 - Cannot read IP mode file for Infineon.AIROC-Wi-Fi-Bluetooth-STM32.1.8.0
2026-08-17 18:28:00,253 [WARN] PackLoader:240 - Cannot read IP mode file for STMicroelectronics.X-CUBE-NFC9.1.0.0
2026-08-17 18:28:00,257 [WARN] PackLoader:240 - Cannot read IP mode file for STMicroelectronics.X-CUBE-BLE1.7.1.0
2026-08-17 18:28:00,259 [WARN] PackLoader:240 - Cannot read IP mode file for wolfSSL.I-CUBE-wolfMQTT.1.19.2
2026-08-17 18:28:00,263 [WARN] PackLoader:240 - Cannot read IP mode file for STMicroelectronics.X-CUBE-EEPRMA1.5.2.0
2026-08-17 18:28:00,267 [ERROR] Engine:466 - /home/thuy/.stm32cubemx/thirdparties/pdsc/STMicroelectronics.FP-SNS-STAIOTCFT.1.1.0.pdsc: PDSC version is not supported
2026-08-17 18:28:00,280 [WARN] PackLoader:240 - Cannot read IP mode file for STMicroelectronics.X-CUBE-AZRTOS-G0.1.1.0
2026-08-17 18:28:00,286 [WARN] PackLoader:240 - Cannot read IP mode file for STMicroelectronics.X-CUBE-NFC4.3.0.0
2026-08-17 18:28:00,296 [WARN] PackLoader:240 - Cannot read IP mode file for EmbeddedOffice.I-CUBE-FS-RTOS.1.0.1
2026-08-17 18:28:00,300 [WARN] PackLoader:240 - Cannot read IP mode file for wolfSSL.I-CUBE-wolfTPM.3.8.0
2026-08-17 18:28:00,304 [WARN] PackLoader:240 - Cannot read IP mode file for STMicroelectronics.X-CUBE-TCPP.4.2.0
2026-08-17 18:28:00,309 [WARN] PackLoader:240 - Cannot read IP mode file for RealThread.X-CUBE-RT-Thread_Nano.4.1.1
2026-08-17 18:28:00,313 [WARN] PackLoader:240 - Cannot read IP mode file for STMicroelectronics.FP-ATR-SIGFOX1.3.2.0
2026-08-17 18:28:00,317 [WARN] PackLoader:240 - Cannot read IP mode file for ITTIA_DB.I-CUBE-ITTIADB.8.9.0
2026-08-17 18:28:00,319 [WARN] PackLoader:240 - Cannot read IP mode file for Cesanta.I-CUBE-Mongoose.7.21.7
2026-08-17 18:28:00,324 [WARN] PackLoader:240 - Cannot read IP mode file for STMicroelectronics.X-CUBE-NFC6.3.2.0
2026-08-17 18:28:00,330 [WARN] PackLoader:240 - Cannot read IP mode file for STMicroelectronics.X-CUBE-AI.10.2.1
2026-08-17 18:28:00,369 [WARN] PackLoader:240 - Cannot read IP mode file for STMicroelectronics.X-CUBE-MEMS1.12.1.0
2026-08-17 18:28:00,448 [WARN] PackLoader:240 - Cannot read IP mode file for SEGGER.I-CUBE-embOS.1.3.1
2026-08-17 18:28:00,475 [WARN] PackLoader:240 - Cannot read IP mode file for STMicroelectronics.X-CUBE-NFC13.1.0.0
2026-08-17 18:28:00,478 [WARN] PackLoader:240 - Cannot read IP mode file for STMicroelectronics.X-CUBE-PM33A1.1.0.0
2026-08-17 18:28:00,493 [WARN] PackLoader:240 - Cannot read IP mode file for STMicroelectronics.X-CUBE-AZRTOS-F4.1.1.0
2026-08-17 18:28:00,498 [WARN] PackLoader:240 - Cannot read IP mode file for STMicroelectronics.X-CUBE-ISPU.2.1.0
2026-08-17 18:28:00,502 [ERROR] Engine:466 - /home/thuy/.stm32cubemx/thirdparties/pdsc/STMicroelectronics.X-CUBE-IPS.3.2.0.pdsc: PDSC version is not supported
2026-08-17 18:28:00,504 [WARN] PackLoader:240 - Cannot read IP mode file for STMicroelectronics.eDS-WB_DPC_TT-BIDIR.2.1.1
2026-08-17 18:28:00,507 [WARN] PackLoader:240 - Cannot read IP mode file for STMicroelectronics.X-CUBE-NFC12.1.0.0
2026-08-17 18:28:00,518 [WARN] PackLoader:240 - Cannot read IP mode file for STMicroelectronics.X-CUBE-AZRTOS-L5.2.0.0
2026-08-17 18:28:00,522 [WARN] PackLoader:240 - Cannot read IP mode file for STMicroelectronics.X-CUBE-ALGOBUILD.1.5.0
2026-08-17 18:28:00,525 [WARN] PackLoader:240 - Cannot read IP mode file for STMicroelectronics.eDS-WB_DPC_VIENNA.1.2.0
2026-08-17 18:28:00,578 [WARN] PackLoader:240 - Cannot read IP mode file for STMicroelectronics.X-CUBE-MEMS1.13.0.0
2026-08-17 18:28:00,621 [WARN] PackLoader:240 - Cannot read IP mode file for STMicroelectronics.eDS-WB_DPC_3PH2L-BIDIR.1.1.1
2026-08-17 18:28:00,623 [ERROR] Engine:466 - /home/thuy/.stm32cubemx/thirdparties/pdsc/STMicroelectronics.X-CUBE-ST67W61.1.3.0.pdsc: PDSC version is not supported
2026-08-17 18:28:00,626 [WARN] PackLoader:240 - Cannot read IP mode file for STMicroelectronics.X-CUBE-TOUCHGFX.4.26.1
2026-08-17 18:28:00,630 [WARN] PackLoader:240 - Cannot read IP mode file for STMicroelectronics.X-CUBE-DPower.1.3.0
2026-08-17 18:28:00,638 [WARN] ConditionMgr:438 - getConditionDescription Invalid condition id : LAN8742 Phy interface Condition cause : null
2026-08-17 18:28:00,639 [WARN] PackLoader:240 - Cannot read IP mode file for STMicroelectronics.X-CUBE-AZRTOS-L4.2.0.0
2026-08-17 18:28:00,639 [WARN] ConditionMgr:1044 - genDependencies : Invalid condition id : LAN8742 Phy interface Condition cause : null
2026-08-17 18:28:00,639 [WARN] ConditionMgr:1044 - genDependencies : Invalid condition id : LAN8742 Phy interface Condition cause : null
2026-08-17 18:28:00,640 [WARN] ConditionMgr:1044 - genDependencies : Invalid condition id : LAN8742 Phy interface Condition cause : null
2026-08-17 18:28:00,643 [WARN] PackLoader:240 - Cannot read IP mode file for STMicroelectronics.X-CUBE-SFXS2LP1.4.0.0
2026-08-17 18:28:00,646 [WARN] PackLoader:240 - Cannot read IP mode file for STMicroelectronics.X-CUBE-WB05N.2.1.0
2026-08-17 18:28:00,652 [WARN] ConditionMgr:438 - getConditionDescription Invalid condition id : UX DEVICE CLASS RTOS Condition cause : null
2026-08-17 18:28:00,652 [WARN] ConditionMgr:438 - getConditionDescription Invalid condition id : UX DEVICE CLASS RTOS Condition cause : null
2026-08-17 18:28:00,653 [WARN] PackLoader:240 - Cannot read IP mode file for STMicroelectronics.X-CUBE-AZRTOS-WB.2.0.0
2026-08-17 18:28:00,653 [WARN] ConditionMgr:1044 - genDependencies : Invalid condition id : UX DEVICE CLASS RTOS Condition cause : null
2026-08-17 18:28:00,653 [WARN] ConditionMgr:1044 - genDependencies : Invalid condition id : UX DEVICE CLASS RTOS Condition cause : null
2026-08-17 18:28:00,653 [WARN] ConditionMgr:1044 - genDependencies : Invalid condition id : UX DEVICE CLASS RTOS Condition cause : null
2026-08-17 18:28:00,654 [WARN] ConditionMgr:1044 - genDependencies : Invalid condition id : UX DEVICE CLASS RTOS Condition cause : null
2026-08-17 18:28:00,654 [WARN] ConditionMgr:1044 - genDependencies : Invalid condition id : UX DEVICE CLASS RTOS Condition cause : null
2026-08-17 18:28:00,656 [WARN] ConditionMgr:438 - getConditionDescription Invalid condition id : Cortex-A Device cause : null
2026-08-17 18:28:00,660 [WARN] ConditionMgr:1044 - genDependencies : Invalid condition id : Cortex-A Device cause : null
2026-08-17 18:28:00,660 [WARN] ConditionMgr:1044 - genDependencies : Invalid condition id : Cortex-A Device cause : null
2026-08-17 18:28:00,660 [WARN] ConditionMgr:1044 - genDependencies : Invalid condition id : Cortex-A Device cause : null
2026-08-17 18:28:00,663 [WARN] PackLoader:240 - Cannot read IP mode file for STMicroelectronics.X-CUBE-STSE01.2.0.0
2026-08-17 18:28:00,668 [WARN] PackLoader:240 - Cannot read IP mode file for STMicroelectronics.X-CUBE-SUBG2.5.0.0
2026-08-17 18:28:00,677 [WARN] PackLoader:240 - Cannot read IP mode file for STMicroelectronics.X-CUBE-AZRTOS-G4.2.0.0
2026-08-17 18:28:00,680 [WARN] PackLoader:240 - Cannot read IP mode file for wolfSSL.I-CUBE-wolfSSH.1.4.20
2026-08-17 18:28:00,682 [WARN] PackLoader:240 - Cannot read IP mode file for STMicroelectronics.X-CUBE-NFC7.2.0.0
2026-08-17 18:28:00,684 [ERROR] Engine:466 - /home/thuy/.stm32cubemx/thirdparties/pdsc/STMicroelectronics.X-CUBE-BLEMGR.4.2.0.pdsc: PDSC version is not supported
2026-08-17 18:28:00,686 [WARN] PackLoader:240 - Cannot read IP mode file for STMicroelectronics.X-CUBE-ALS.1.0.2
2026-08-17 18:28:00,692 [WARN] PackLoader:240 - Cannot read IP mode file for STMicroelectronics.X-CUBE-TOF1.3.4.3
2026-08-17 18:28:00,697 [INFO] ThirdParty:978 - Integrity check success = true
2026-08-17 18:28:00,698 [INFO] IntegrityCheckThread:100 - exiting critical section [integrity check]
2026-08-17 18:28:00,698 [INFO] IntegrityCheckThread:103 - End integrity checks thread
2026-08-17 18:28:26,751 [ERROR] LogOutputStream:75 - [STDERR_REDIRECT] Aug 17, 2026 6:28:26 PM java.util.prefs.FileSystemPreferences checkLockFile0ErrorCode
2026-08-17 18:28:26,751 [ERROR] LogOutputStream:75 - [STDERR_REDIRECT] WARNING: Could not lock System prefs. Unix error code 2.
2026-08-17 18:28:26,751 [ERROR] LogOutputStream:75 - [STDERR_REDIRECT] 
2026-08-17 18:28:26,752 [ERROR] LogOutputStream:75 - [STDERR_REDIRECT] Aug 17, 2026 6:28:26 PM java.util.prefs.FileSystemPreferences syncWorld
2026-08-17 18:28:26,752 [ERROR] LogOutputStream:75 - [STDERR_REDIRECT] WARNING: Couldn't flush system prefs: java.util.prefs.BackingStoreException: Couldn't get file lock.
2026-08-17 18:28:26,752 [ERROR] LogOutputStream:75 - [STDERR_REDIRECT] 
2026-08-17 18:28:56,739 [ERROR] LogOutputStream:75 - [STDERR_REDIRECT] Aug 17, 2026 6:28:56 PM java.util.prefs.FileSystemPreferences checkLockFile0ErrorCode
2026-08-17 18:28:56,739 [ERROR] LogOutputStream:75 - [STDERR_REDIRECT] WARNING: Could not lock System prefs. Unix error code 2.
2026-08-17 18:28:56,740 [ERROR] LogOutputStream:75 - [STDERR_REDIRECT] 
2026-08-17 18:28:56,740 [ERROR] LogOutputStream:75 - [STDERR_REDIRECT] Aug 17, 2026 6:28:56 PM java.util.prefs.FileSystemPreferences syncWorld
2026-08-17 18:28:56,740 [ERROR] LogOutputStream:75 - [STDERR_REDIRECT] WARNING: Couldn't flush system prefs: java.util.prefs.BackingStoreException: Couldn't get file lock.
2026-08-17 18:28:56,741 [ERROR] LogOutputStream:75 - [STDERR_REDIRECT] 
2026-08-17 18:29:26,740 [ERROR] LogOutputStream:75 - [STDERR_REDIRECT] Aug 17, 2026 6:29:26 PM java.util.prefs.FileSystemPreferences checkLockFile0ErrorCode
2026-08-17 18:29:26,740 [ERROR] LogOutputStream:75 - [STDERR_REDIRECT] WARNING: Could not lock System prefs. Unix error code 2.
2026-08-17 18:29:26,741 [ERROR] LogOutputStream:75 - [STDERR_REDIRECT] 
2026-08-17 18:29:26,742 [ERROR] LogOutputStream:75 - [STDERR_REDIRECT] Aug 17, 2026 6:29:26 PM java.util.prefs.FileSystemPreferences syncWorld
2026-08-17 18:29:26,742 [ERROR] LogOutputStream:75 - [STDERR_REDIRECT] WARNING: Couldn't flush system prefs: java.util.prefs.BackingStoreException: Couldn't get file lock.
2026-08-17 18:29:26,742 [ERROR] LogOutputStream:75 - [STDERR_REDIRECT] 
2026-08-17 18:29:56,739 [ERROR] LogOutputStream:75 - [STDERR_REDIRECT] Aug 17, 2026 6:29:56 PM java.util.prefs.FileSystemPreferences checkLockFile0ErrorCode
2026-08-17 18:29:56,739 [ERROR] LogOutputStream:75 - [STDERR_REDIRECT] WARNING: Could not lock System prefs. Unix error code 2.
2026-08-17 18:29:56,739 [ERROR] LogOutputStream:75 - [STDERR_REDIRECT] 
2026-08-17 18:29:56,740 [ERROR] LogOutputStream:75 - [STDERR_REDIRECT] Aug 17, 2026 6:29:56 PM java.util.prefs.FileSystemPreferences syncWorld
2026-08-17 18:29:56,740 [ERROR] LogOutputStream:75 - [STDERR_REDIRECT] WARNING: Couldn't flush system prefs: java.util.prefs.BackingStoreException: Couldn't get file lock.
2026-08-17 18:29:56,740 [ERROR] LogOutputStream:75 - [STDERR_REDIRECT] 
2026-08-17 18:30:26,739 [ERROR] LogOutputStream:75 - [STDERR_REDIRECT] Aug 17, 2026 6:30:26 PM java.util.prefs.FileSystemPreferences checkLockFile0ErrorCode
2026-08-17 18:30:26,740 [ERROR] LogOutputStream:75 - [STDERR_REDIRECT] WARNING: Could not lock System prefs. Unix error code 2.
2026-08-17 18:30:26,740 [ERROR] LogOutputStream:75 - [STDERR_REDIRECT] 
2026-08-17 18:30:26,741 [ERROR] LogOutputStream:75 - [STDERR_REDIRECT] Aug 17, 2026 6:30:26 PM java.util.prefs.FileSystemPreferences syncWorld
2026-08-17 18:30:26,741 [ERROR] LogOutputStream:75 - [STDERR_REDIRECT] WARNING: Couldn't flush system prefs: java.util.prefs.BackingStoreException: Couldn't get file lock.
2026-08-17 18:30:26,742 [ERROR] LogOutputStream:75 - [STDERR_REDIRECT] 
2026-08-17 18:30:56,740 [ERROR] LogOutputStream:75 - [STDERR_REDIRECT] Aug 17, 2026 6:30:56 PM java.util.prefs.FileSystemPreferences checkLockFile0ErrorCode
2026-08-17 18:30:56,741 [ERROR] LogOutputStream:75 - [STDERR_REDIRECT] WARNING: Could not lock System prefs. Unix error code 2.
2026-08-17 18:30:56,741 [ERROR] LogOutputStream:75 - [STDERR_REDIRECT] 
2026-08-17 18:30:56,742 [ERROR] LogOutputStream:75 - [STDERR_REDIRECT] Aug 17, 2026 6:30:56 PM java.util.prefs.FileSystemPreferences syncWorld
2026-08-17 18:30:56,742 [ERROR] LogOutputStream:75 - [STDERR_REDIRECT] WARNING: Couldn't flush system prefs: java.util.prefs.BackingStoreException: Couldn't get file lock.
2026-08-17 18:30:56,742 [ERROR] LogOutputStream:75 - [STDERR_REDIRECT] 
2026-08-17 18:31:26,740 [ERROR] LogOutputStream:75 - [STDERR_REDIRECT] Aug 17, 2026 6:31:26 PM java.util.prefs.FileSystemPreferences checkLockFile0ErrorCode
2026-08-17 18:31:26,741 [ERROR] LogOutputStream:75 - [STDERR_REDIRECT] WARNING: Could not lock System prefs. Unix error code 2.
2026-08-17 18:31:26,741 [ERROR] LogOutputStream:75 - [STDERR_REDIRECT] 
2026-08-17 18:31:26,742 [ERROR] LogOutputStream:75 - [STDERR_REDIRECT] Aug 17, 2026 6:31:26 PM java.util.prefs.FileSystemPreferences syncWorld
2026-08-17 18:31:26,742 [ERROR] LogOutputStream:75 - [STDERR_REDIRECT] WARNING: Couldn't flush system prefs: java.util.prefs.BackingStoreException: Couldn't get file lock.
2026-08-17 18:31:26,743 [ERROR] LogOutputStream:75 - [STDERR_REDIRECT] 
2026-08-17 18:31:56,739 [ERROR] LogOutputStream:75 - [STDERR_REDIRECT] Aug 17, 2026 6:31:56 PM java.util.prefs.FileSystemPreferences checkLockFile0ErrorCode
2026-08-17 18:31:56,739 [ERROR] LogOutputStream:75 - [STDERR_REDIRECT] WARNING: Could not lock System prefs. Unix error code 2.
2026-08-17 18:31:56,739 [ERROR] LogOutputStream:75 - [STDERR_REDIRECT] 
2026-08-17 18:31:56,739 [ERROR] LogOutputStream:75 - [STDERR_REDIRECT] Aug 17, 2026 6:31:56 PM java.util.prefs.FileSystemPreferences syncWorld
2026-08-17 18:31:56,739 [ERROR] LogOutputStream:75 - [STDERR_REDIRECT] WARNING: Couldn't flush system prefs: java.util.prefs.BackingStoreException: Couldn't get file lock.
2026-08-17 18:31:56,739 [ERROR] LogOutputStream:75 - [STDERR_REDIRECT] 
2026-08-17 18:32:26,741 [ERROR] LogOutputStream:75 - [STDERR_REDIRECT] Aug 17, 2026 6:32:26 PM java.util.prefs.FileSystemPreferences checkLockFile0ErrorCode
2026-08-17 18:32:26,741 [ERROR] LogOutputStream:75 - [STDERR_REDIRECT] WARNING: Could not lock System prefs. Unix error code 2.
2026-08-17 18:32:26,741 [ERROR] LogOutputStream:75 - [STDERR_REDIRECT] 
2026-08-17 18:32:26,742 [ERROR] LogOutputStream:75 - [STDERR_REDIRECT] Aug 17, 2026 6:32:26 PM java.util.prefs.FileSystemPreferences syncWorld
2026-08-17 18:32:26,742 [ERROR] LogOutputStream:75 - [STDERR_REDIRECT] WARNING: Couldn't flush system prefs: java.util.prefs.BackingStoreException: Couldn't get file lock.
2026-08-17 18:32:26,742 [ERROR] LogOutputStream:75 - [STDERR_REDIRECT] 
2026-08-17 18:32:56,740 [ERROR] LogOutputStream:75 - [STDERR_REDIRECT] Aug 17, 2026 6:32:56 PM java.util.prefs.FileSystemPreferences checkLockFile0ErrorCode
2026-08-17 18:32:56,740 [ERROR] LogOutputStream:75 - [STDERR_REDIRECT] WARNING: Could not lock System prefs. Unix error code 2.
2026-08-17 18:32:56,740 [ERROR] LogOutputStream:75 - [STDERR_REDIRECT] 
2026-08-17 18:32:56,740 [ERROR] LogOutputStream:75 - [STDERR_REDIRECT] Aug 17, 2026 6:32:56 PM java.util.prefs.FileSystemPreferences syncWorld
2026-08-17 18:32:56,741 [ERROR] LogOutputStream:75 - [STDERR_REDIRECT] WARNING: Couldn't flush system prefs: java.util.prefs.BackingStoreException: Couldn't get file lock.
2026-08-17 18:32:56,741 [ERROR] LogOutputStream:75 - [STDERR_REDIRECT] 
2026-08-17 18:33:26,740 [ERROR] LogOutputStream:75 - [STDERR_REDIRECT] Aug 17, 2026 6:33:26 PM java.util.prefs.FileSystemPreferences checkLockFile0ErrorCode
2026-08-17 18:33:26,741 [ERROR] LogOutputStream:75 - [STDERR_REDIRECT] WARNING: Could not lock System prefs. Unix error code 2.
2026-08-17 18:33:26,741 [ERROR] LogOutputStream:75 - [STDERR_REDIRECT] 
2026-08-17 18:33:26,742 [ERROR] LogOutputStream:75 - [STDERR_REDIRECT] Aug 17, 2026 6:33:26 PM java.util.prefs.FileSystemPreferences syncWorld
2026-08-17 18:33:26,742 [ERROR] LogOutputStream:75 - [STDERR_REDIRECT] WARNING: Couldn't flush system prefs: java.util.prefs.BackingStoreException: Couldn't get file lock.
2026-08-17 18:33:26,742 [ERROR] LogOutputStream:75 - [STDERR_REDIRECT] 
2026-08-17 18:33:56,741 [ERROR] LogOutputStream:75 - [STDERR_REDIRECT] Aug 17, 2026 6:33:56 PM java.util.prefs.FileSystemPreferences checkLockFile0ErrorCode
2026-08-17 18:33:56,741 [ERROR] LogOutputStream:75 - [STDERR_REDIRECT] WARNING: Could not lock System prefs. Unix error code 2.
2026-08-17 18:33:56,746 [ERROR] LogOutputStream:75 - [STDERR_REDIRECT] 
2026-08-17 18:33:56,746 [ERROR] LogOutputStream:75 - [STDERR_REDIRECT] Aug 17, 2026 6:33:56 PM java.util.prefs.FileSystemPreferences syncWorld
2026-08-17 18:33:56,746 [ERROR] LogOutputStream:75 - [STDERR_REDIRECT] WARNING: Couldn't flush system prefs: java.util.prefs.BackingStoreException: Couldn't get file lock.
2026-08-17 18:33:56,746 [ERROR] LogOutputStream:75 - [STDERR_REDIRECT] 
2026-08-17 18:34:26,741 [ERROR] LogOutputStream:75 - [STDERR_REDIRECT] Aug 17, 2026 6:34:26 PM java.util.prefs.FileSystemPreferences checkLockFile0ErrorCode
2026-08-17 18:34:26,741 [ERROR] LogOutputStream:75 - [STDERR_REDIRECT] WARNING: Could not lock System prefs. Unix error code 2.
2026-08-17 18:34:26,741 [ERROR] LogOutputStream:75 - [STDERR_REDIRECT] 
2026-08-17 18:34:26,742 [ERROR] LogOutputStream:75 - [STDERR_REDIRECT] Aug 17, 2026 6:34:26 PM java.util.prefs.FileSystemPreferences syncWorld
2026-08-17 18:34:26,742 [ERROR] LogOutputStream:75 - [STDERR_REDIRECT] WARNING: Couldn't flush system prefs: java.util.prefs.BackingStoreException: Couldn't get file lock.
2026-08-17 18:34:26,742 [ERROR] LogOutputStream:75 - [STDERR_REDIRECT] 
2026-08-17 18:34:56,740 [ERROR] LogOutputStream:75 - [STDERR_REDIRECT] Aug 17, 2026 6:34:56 PM java.util.prefs.FileSystemPreferences checkLockFile0ErrorCode
2026-08-17 18:34:56,740 [ERROR] LogOutputStream:75 - [STDERR_REDIRECT] WARNING: Could not lock System prefs. Unix error code 2.
2026-08-17 18:34:56,740 [ERROR] LogOutputStream:75 - [STDERR_REDIRECT] 
2026-08-17 18:34:56,741 [ERROR] LogOutputStream:75 - [STDERR_REDIRECT] Aug 17, 2026 6:34:56 PM java.util.prefs.FileSystemPreferences syncWorld
2026-08-17 18:34:56,741 [ERROR] LogOutputStream:75 - [STDERR_REDIRECT] WARNING: Couldn't flush system prefs: java.util.prefs.BackingStoreException: Couldn't get file lock.
2026-08-17 18:34:56,741 [ERROR] LogOutputStream:75 - [STDERR_REDIRECT] 
2026-08-17 18:35:26,741 [ERROR] LogOutputStream:75 - [STDERR_REDIRECT] Aug 17, 2026 6:35:26 PM java.util.prefs.FileSystemPreferences checkLockFile0ErrorCode
2026-08-17 18:35:26,742 [ERROR] LogOutputStream:75 - [STDERR_REDIRECT] WARNING: Could not lock System prefs. Unix error code 2.
2026-08-17 18:35:26,742 [ERROR] LogOutputStream:75 - [STDERR_REDIRECT] 
2026-08-17 18:35:26,743 [ERROR] LogOutputStream:75 - [STDERR_REDIRECT] Aug 17, 2026 6:35:26 PM java.util.prefs.FileSystemPreferences syncWorld
2026-08-17 18:35:26,743 [ERROR] LogOutputStream:75 - [STDERR_REDIRECT] WARNING: Couldn't flush system prefs: java.util.prefs.BackingStoreException: Couldn't get file lock.
2026-08-17 18:35:26,743 [ERROR] LogOutputStream:75 - [STDERR_REDIRECT] 
2026-08-17 18:35:56,740 [ERROR] LogOutputStream:75 - [STDERR_REDIRECT] Aug 17, 2026 6:35:56 PM java.util.prefs.FileSystemPreferences checkLockFile0ErrorCode
2026-08-17 18:35:56,740 [ERROR] LogOutputStream:75 - [STDERR_REDIRECT] WARNING: Could not lock System prefs. Unix error code 2.
2026-08-17 18:35:56,740 [ERROR] LogOutputStream:75 - [STDERR_REDIRECT] 
2026-08-17 18:35:56,740 [ERROR] LogOutputStream:75 - [STDERR_REDIRECT] Aug 17, 2026 6:35:56 PM java.util.prefs.FileSystemPreferences syncWorld
2026-08-17 18:35:56,741 [ERROR] LogOutputStream:75 - [STDERR_REDIRECT] WARNING: Couldn't flush system prefs: java.util.prefs.BackingStoreException: Couldn't get file lock.
2026-08-17 18:35:56,741 [ERROR] LogOutputStream:75 - [STDERR_REDIRECT] 
2026-08-17 18:36:26,740 [ERROR] LogOutputStream:75 - [STDERR_REDIRECT] Aug 17, 2026 6:36:26 PM java.util.prefs.FileSystemPreferences checkLockFile0ErrorCode
2026-08-17 18:36:26,741 [ERROR] LogOutputStream:75 - [STDERR_REDIRECT] WARNING: Could not lock System prefs. Unix error code 2.
2026-08-17 18:36:26,741 [ERROR] LogOutputStream:75 - [STDERR_REDIRECT] 
2026-08-17 18:36:26,742 [ERROR] LogOutputStream:75 - [STDERR_REDIRECT] Aug 17, 2026 6:36:26 PM java.util.prefs.FileSystemPreferences syncWorld
2026-08-17 18:36:26,742 [ERROR] LogOutputStream:75 - [STDERR_REDIRECT] WARNING: Couldn't flush system prefs: java.util.prefs.BackingStoreException: Couldn't get file lock.
2026-08-17 18:36:26,742 [ERROR] LogOutputStream:75 - [STDERR_REDIRECT] 
2026-08-17 18:36:56,741 [ERROR] LogOutputStream:75 - [STDERR_REDIRECT] Aug 17, 2026 6:36:56 PM java.util.prefs.FileSystemPreferences checkLockFile0ErrorCode
2026-08-17 18:36:56,741 [ERROR] LogOutputStream:75 - [STDERR_REDIRECT] WARNING: Could not lock System prefs. Unix error code 2.
2026-08-17 18:36:56,741 [ERROR] LogOutputStream:75 - [STDERR_REDIRECT] 
2026-08-17 18:36:56,741 [ERROR] LogOutputStream:75 - [STDERR_REDIRECT] Aug 17, 2026 6:36:56 PM java.util.prefs.FileSystemPreferences syncWorld
2026-08-17 18:36:56,741 [ERROR] LogOutputStream:75 - [STDERR_REDIRECT] WARNING: Couldn't flush system prefs: java.util.prefs.BackingStoreException: Couldn't get file lock.
2026-08-17 18:36:56,741 [ERROR] LogOutputStream:75 - [STDERR_REDIRECT] 
2026-08-17 18:37:26,741 [ERROR] LogOutputStream:75 - [STDERR_REDIRECT] Aug 17, 2026 6:37:26 PM java.util.prefs.FileSystemPreferences checkLockFile0ErrorCode
2026-08-17 18:37:26,742 [ERROR] LogOutputStream:75 - [STDERR_REDIRECT] WARNING: Could not lock System prefs. Unix error code 2.
2026-08-17 18:37:26,742 [ERROR] LogOutputStream:75 - [STDERR_REDIRECT] 
2026-08-17 18:37:26,743 [ERROR] LogOutputStream:75 - [STDERR_REDIRECT] Aug 17, 2026 6:37:26 PM java.util.prefs.FileSystemPreferences syncWorld
2026-08-17 18:37:26,743 [ERROR] LogOutputStream:75 - [STDERR_REDIRECT] WARNING: Couldn't flush system prefs: java.util.prefs.BackingStoreException: Couldn't get file lock.
2026-08-17 18:37:26,743 [ERROR] LogOutputStream:75 - [STDERR_REDIRECT] 
2026-08-17 18:37:56,742 [ERROR] LogOutputStream:75 - [STDERR_REDIRECT] Aug 17, 2026 6:37:56 PM java.util.prefs.FileSystemPreferences checkLockFile0ErrorCode
2026-08-17 18:37:56,743 [ERROR] LogOutputStream:75 - [STDERR_REDIRECT] WARNING: Could not lock System prefs. Unix error code 2.
2026-08-17 18:37:56,743 [ERROR] LogOutputStream:75 - [STDERR_REDIRECT] 
2026-08-17 18:37:56,744 [ERROR] LogOutputStream:75 - [STDERR_REDIRECT] Aug 17, 2026 6:37:56 PM java.util.prefs.FileSystemPreferences syncWorld
2026-08-17 18:37:56,744 [ERROR] LogOutputStream:75 - [STDERR_REDIRECT] WARNING: Couldn't flush system prefs: java.util.prefs.BackingStoreException: Couldn't get file lock.
2026-08-17 18:37:56,745 [ERROR] LogOutputStream:75 - [STDERR_REDIRECT] 
2026-08-17 18:38:26,741 [ERROR] LogOutputStream:75 - [STDERR_REDIRECT] Aug 17, 2026 6:38:26 PM java.util.prefs.FileSystemPreferences checkLockFile0ErrorCode
2026-08-17 18:38:26,741 [ERROR] LogOutputStream:75 - [STDERR_REDIRECT] WARNING: Could not lock System prefs. Unix error code 2.
2026-08-17 18:38:26,742 [ERROR] LogOutputStream:75 - [STDERR_REDIRECT] 
2026-08-17 18:38:26,742 [ERROR] LogOutputStream:75 - [STDERR_REDIRECT] Aug 17, 2026 6:38:26 PM java.util.prefs.FileSystemPreferences syncWorld
2026-08-17 18:38:26,742 [ERROR] LogOutputStream:75 - [STDERR_REDIRECT] WARNING: Couldn't flush system prefs: java.util.prefs.BackingStoreException: Couldn't get file lock.
2026-08-17 18:38:26,742 [ERROR] LogOutputStream:75 - [STDERR_REDIRECT] 
2026-08-17 18:38:56,743 [ERROR] LogOutputStream:75 - [STDERR_REDIRECT] Aug 17, 2026 6:38:56 PM java.util.prefs.FileSystemPreferences checkLockFile0ErrorCode
2026-08-17 18:38:56,743 [ERROR] LogOutputStream:75 - [STDERR_REDIRECT] WARNING: Could not lock System prefs. Unix error code 2.
2026-08-17 18:38:56,744 [ERROR] LogOutputStream:75 - [STDERR_REDIRECT] 
2026-08-17 18:38:56,744 [ERROR] LogOutputStream:75 - [STDERR_REDIRECT] Aug 17, 2026 6:38:56 PM java.util.prefs.FileSystemPreferences syncWorld
2026-08-17 18:38:56,744 [ERROR] LogOutputStream:75 - [STDERR_REDIRECT] WARNING: Couldn't flush system prefs: java.util.prefs.BackingStoreException: Couldn't get file lock.
2026-08-17 18:38:56,744 [ERROR] LogOutputStream:75 - [STDERR_REDIRECT] 
2026-08-17 18:39:26,742 [ERROR] LogOutputStream:75 - [STDERR_REDIRECT] Aug 17, 2026 6:39:26 PM java.util.prefs.FileSystemPreferences checkLockFile0ErrorCode
2026-08-17 18:39:26,743 [ERROR] LogOutputStream:75 - [STDERR_REDIRECT] WARNING: Could not lock System prefs. Unix error code 2.
2026-08-17 18:39:26,743 [ERROR] LogOutputStream:75 - [STDERR_REDIRECT] 
2026-08-17 18:39:26,743 [ERROR] LogOutputStream:75 - [STDERR_REDIRECT] Aug 17, 2026 6:39:26 PM java.util.prefs.FileSystemPreferences syncWorld
2026-08-17 18:39:26,744 [ERROR] LogOutputStream:75 - [STDERR_REDIRECT] WARNING: Couldn't flush system prefs: java.util.prefs.BackingStoreException: Couldn't get file lock.
2026-08-17 18:39:26,744 [ERROR] LogOutputStream:75 - [STDERR_REDIRECT] 
2026-08-17 18:39:56,742 [ERROR] LogOutputStream:75 - [STDERR_REDIRECT] Aug 17, 2026 6:39:56 PM java.util.prefs.FileSystemPreferences checkLockFile0ErrorCode
2026-08-17 18:39:56,742 [ERROR] LogOutputStream:75 - [STDERR_REDIRECT] WARNING: Could not lock System prefs. Unix error code 2.
2026-08-17 18:39:56,743 [ERROR] LogOutputStream:75 - [STDERR_REDIRECT] 
2026-08-17 18:39:56,743 [ERROR] LogOutputStream:75 - [STDERR_REDIRECT] Aug 17, 2026 6:39:56 PM java.util.prefs.FileSystemPreferences syncWorld
2026-08-17 18:39:56,743 [ERROR] LogOutputStream:75 - [STDERR_REDIRECT] WARNING: Couldn't flush system prefs: java.util.prefs.BackingStoreException: Couldn't get file lock.
2026-08-17 18:39:56,743 [ERROR] LogOutputStream:75 - [STDERR_REDIRECT] 
2026-08-17 18:40:26,743 [ERROR] LogOutputStream:75 - [STDERR_REDIRECT] Aug 17, 2026 6:40:26 PM java.util.prefs.FileSystemPreferences checkLockFile0ErrorCode
2026-08-17 18:40:26,743 [ERROR] LogOutputStream:75 - [STDERR_REDIRECT] WARNING: Could not lock System prefs. Unix error code 2.
2026-08-17 18:40:26,743 [ERROR] LogOutputStream:75 - [STDERR_REDIRECT] 
2026-08-17 18:40:26,744 [ERROR] LogOutputStream:75 - [STDERR_REDIRECT] Aug 17, 2026 6:40:26 PM java.util.prefs.FileSystemPreferences syncWorld
2026-08-17 18:40:26,744 [ERROR] LogOutputStream:75 - [STDERR_REDIRECT] WARNING: Couldn't flush system prefs: java.util.prefs.BackingStoreException: Couldn't get file lock.
2026-08-17 18:40:26,744 [ERROR] LogOutputStream:75 - [STDERR_REDIRECT] 
2026-08-17 18:40:56,742 [ERROR] LogOutputStream:75 - [STDERR_REDIRECT] Aug 17, 2026 6:40:56 PM java.util.prefs.FileSystemPreferences checkLockFile0ErrorCode
2026-08-17 18:40:56,742 [ERROR] LogOutputStream:75 - [STDERR_REDIRECT] WARNING: Could not lock System prefs. Unix error code 2.
2026-08-17 18:40:56,743 [ERROR] LogOutputStream:75 - [STDERR_REDIRECT] 
2026-08-17 18:40:56,743 [ERROR] LogOutputStream:75 - [STDERR_REDIRECT] Aug 17, 2026 6:40:56 PM java.util.prefs.FileSystemPreferences syncWorld
2026-08-17 18:40:56,743 [ERROR] LogOutputStream:75 - [STDERR_REDIRECT] WARNING: Couldn't flush system prefs: java.util.prefs.BackingStoreException: Couldn't get file lock.
2026-08-17 18:40:56,743 [ERROR] LogOutputStream:75 - [STDERR_REDIRECT] 
2026-08-17 18:41:26,742 [ERROR] LogOutputStream:75 - [STDERR_REDIRECT] Aug 17, 2026 6:41:26 PM java.util.prefs.FileSystemPreferences checkLockFile0ErrorCode
2026-08-17 18:41:26,742 [ERROR] LogOutputStream:75 - [STDERR_REDIRECT] WARNING: Could not lock System prefs. Unix error code 2.
2026-08-17 18:41:26,742 [ERROR] LogOutputStream:75 - [STDERR_REDIRECT] 
2026-08-17 18:41:26,743 [ERROR] LogOutputStream:75 - [STDERR_REDIRECT] Aug 17, 2026 6:41:26 PM java.util.prefs.FileSystemPreferences syncWorld
2026-08-17 18:41:26,743 [ERROR] LogOutputStream:75 - [STDERR_REDIRECT] WARNING: Couldn't flush system prefs: java.util.prefs.BackingStoreException: Couldn't get file lock.
2026-08-17 18:41:26,743 [ERROR] LogOutputStream:75 - [STDERR_REDIRECT] 
2026-08-17 18:41:56,743 [ERROR] LogOutputStream:75 - [STDERR_REDIRECT] Aug 17, 2026 6:41:56 PM java.util.prefs.FileSystemPreferences checkLockFile0ErrorCode
2026-08-17 18:41:56,743 [ERROR] LogOutputStream:75 - [STDERR_REDIRECT] WARNING: Could not lock System prefs. Unix error code 2.
2026-08-17 18:41:56,743 [ERROR] LogOutputStream:75 - [STDERR_REDIRECT] 
2026-08-17 18:41:56,744 [ERROR] LogOutputStream:75 - [STDERR_REDIRECT] Aug 17, 2026 6:41:56 PM java.util.prefs.FileSystemPreferences syncWorld
2026-08-17 18:41:56,744 [ERROR] LogOutputStream:75 - [STDERR_REDIRECT] WARNING: Couldn't flush system prefs: java.util.prefs.BackingStoreException: Couldn't get file lock.
2026-08-17 18:41:56,744 [ERROR] LogOutputStream:75 - [STDERR_REDIRECT] 
2026-08-17 18:42:26,744 [ERROR] LogOutputStream:75 - [STDERR_REDIRECT] Aug 17, 2026 6:42:26 PM java.util.prefs.FileSystemPreferences checkLockFile0ErrorCode
2026-08-17 18:42:26,744 [ERROR] LogOutputStream:75 - [STDERR_REDIRECT] WARNING: Could not lock System prefs. Unix error code 2.
2026-08-17 18:42:26,744 [ERROR] LogOutputStream:75 - [STDERR_REDIRECT] 
2026-08-17 18:42:26,745 [ERROR] LogOutputStream:75 - [STDERR_REDIRECT] Aug 17, 2026 6:42:26 PM java.util.prefs.FileSystemPreferences syncWorld
2026-08-17 18:42:26,745 [ERROR] LogOutputStream:75 - [STDERR_REDIRECT] WARNING: Couldn't flush system prefs: java.util.prefs.BackingStoreException: Couldn't get file lock.
2026-08-17 18:42:26,745 [ERROR] LogOutputStream:75 - [STDERR_REDIRECT] 
2026-08-17 18:42:56,744 [ERROR] LogOutputStream:75 - [STDERR_REDIRECT] Aug 17, 2026 6:42:56 PM java.util.prefs.FileSystemPreferences checkLockFile0ErrorCode
2026-08-17 18:42:56,746 [ERROR] LogOutputStream:75 - [STDERR_REDIRECT] WARNING: Could not lock System prefs. Unix error code 2.
2026-08-17 18:42:56,746 [ERROR] LogOutputStream:75 - [STDERR_REDIRECT] 
2026-08-17 18:42:56,747 [ERROR] LogOutputStream:75 - [STDERR_REDIRECT] Aug 17, 2026 6:42:56 PM java.util.prefs.FileSystemPreferences syncWorld
2026-08-17 18:42:56,747 [ERROR] LogOutputStream:75 - [STDERR_REDIRECT] WARNING: Couldn't flush system prefs: java.util.prefs.BackingStoreException: Couldn't get file lock.
2026-08-17 18:42:56,748 [ERROR] LogOutputStream:75 - [STDERR_REDIRECT] 
2026-08-17 18:43:26,741 [ERROR] LogOutputStream:75 - [STDERR_REDIRECT] Aug 17, 2026 6:43:26 PM java.util.prefs.FileSystemPreferences checkLockFile0ErrorCode
2026-08-17 18:43:26,742 [ERROR] LogOutputStream:75 - [STDERR_REDIRECT] WARNING: Could not lock System prefs. Unix error code 2.
2026-08-17 18:43:26,742 [ERROR] LogOutputStream:75 - [STDERR_REDIRECT] 
2026-08-17 18:43:26,742 [ERROR] LogOutputStream:75 - [STDERR_REDIRECT] Aug 17, 2026 6:43:26 PM java.util.prefs.FileSystemPreferences syncWorld
2026-08-17 18:43:26,742 [ERROR] LogOutputStream:75 - [STDERR_REDIRECT] WARNING: Couldn't flush system prefs: java.util.prefs.BackingStoreException: Couldn't get file lock.
2026-08-17 18:43:26,742 [ERROR] LogOutputStream:75 - [STDERR_REDIRECT] 
2026-08-17 18:43:31,859 [INFO] McuFinderGlobals:63 - Set McuFinder mode to 2 (CubeIDE integrated)
2026-08-17 18:43:31,861 [INFO] MainUpdater:2872 - connection check result : 10
2026-08-17 18:43:31,862 [INFO] MainUpdater:2872 - connection check result : 10
2026-08-17 18:43:31,880 [INFO] MicroXplorer:468 - Change Database Path : 
2026-08-17 18:43:31,880 [INFO] MicroXplorer:498 - Change Database Version : DB.6.0.140
2026-08-17 18:43:31,884 [WARN] ThirdParty:871 - waiting for thirdparty lock release [close project]
2026-08-17 18:43:31,884 [INFO] ThirdParty:873 - entering critical section [close project]
2026-08-17 18:43:31,885 [INFO] ThirdParty:883 - exiting critical section [close project]
2026-08-17 18:43:31,886 [INFO] PinOutPanel:1589 - setPackage(No Configuration,No Configuration)
2026-08-17 18:43:31,889 [INFO] UtilMem:75 - Begin LoadConfig() Used Memory: 341198264 Bytes (555745280)
2026-08-17 18:43:31,890 [INFO] MicroXplorer:468 - Change Database Path : 
2026-08-17 18:43:31,890 [INFO] MicroXplorer:498 - Change Database Version : DB.6.0.140
2026-08-17 18:43:31,890 [INFO] OpenFileManager:354 - Change cursor
2026-08-17 18:43:31,917 [INFO] Mcu:2011 - Initializing MCU STM32F411C(C-E)Ux STM32F411CEUx STM32F411CEU6
2026-08-17 18:43:32,559 [INFO] Context:756 - Trying to add GPIOservice into a context  which must be forbidden
2026-08-17 18:43:32,796 [INFO] ImportTextPane:218 - (OptionalMessage_ERROR) Pin23 (VP_RIF_VS_RIF1) cannot be retrieved for this MCU
2026-08-17 18:43:32,847 [INFO] RtosManager:558 - Registered RTOS mode: class=CMSIS, group=RTOS, mode=CMSIS_V1, owner=FREERTOS
2026-08-17 18:43:32,847 [INFO] RtosManager:558 - Registered RTOS mode: class=CMSIS, group=RTOS2, mode=CMSIS_V2, owner=FREERTOS
2026-08-17 18:43:32,847 [INFO] RtosManager:558 - Registered RTOS mode: class=RTOS, group=Core, mode=CMSIS_V1, owner=FREERTOS
2026-08-17 18:43:32,847 [INFO] RtosManager:558 - Registered RTOS mode: class=RTOS, group=Core, mode=CMSIS_V2, owner=FREERTOS
2026-08-17 18:43:32,847 [WARN] ModelIntegratedComponent:184 - Missing modes for component STMicroelectronics:FreeRTOS:0.0.1:STMicroelectronics:RTOS:FreeRTOS:Core:::10.2.0:
2026-08-17 18:43:32,892 [WARN] ModelIntegratedComponent:182 - Modes not found for component STMicroelectronics:USB_HOST:1.0.0:STMicroelectronics:USB::USB Host:Audio HS::1.0:USB_HOST_1_0_RESTRICTED_HS
2026-08-17 18:43:32,892 [WARN] ModelIntegratedComponent:188 - Modes not found for component STMicroelectronics:USB_HOST:1.0.0:STMicroelectronics:USB::USB Host:Audio HS::1.0:USB_HOST_1_0_RESTRICTED_HS
2026-08-17 18:43:32,892 [WARN] ModelIntegratedComponent:182 - Modes not found for component STMicroelectronics:USB_HOST:1.0.0:STMicroelectronics:USB::USB Host:CDC HS::1.0:USB_HOST_1_0_RESTRICTED_HS
2026-08-17 18:43:32,892 [WARN] ModelIntegratedComponent:188 - Modes not found for component STMicroelectronics:USB_HOST:1.0.0:STMicroelectronics:USB::USB Host:CDC HS::1.0:USB_HOST_1_0_RESTRICTED_HS
2026-08-17 18:43:32,892 [WARN] ModelIntegratedComponent:182 - Modes not found for component STMicroelectronics:USB_HOST:1.0.0:STMicroelectronics:USB::USB Host:MSC HS::1.0:USB_HOST_1_0_RESTRICTED_HS
2026-08-17 18:43:32,892 [WARN] ModelIntegratedComponent:188 - Modes not found for component STMicroelectronics:USB_HOST:1.0.0:STMicroelectronics:USB::USB Host:MSC HS::1.0:USB_HOST_1_0_RESTRICTED_HS
2026-08-17 18:43:32,892 [WARN] ModelIntegratedComponent:182 - Modes not found for component STMicroelectronics:USB_HOST:1.0.0:STMicroelectronics:USB::USB Host:HID HS::1.0:USB_HOST_1_0_RESTRICTED_HS
2026-08-17 18:43:32,892 [WARN] ModelIntegratedComponent:188 - Modes not found for component STMicroelectronics:USB_HOST:1.0.0:STMicroelectronics:USB::USB Host:HID HS::1.0:USB_HOST_1_0_RESTRICTED_HS
2026-08-17 18:43:32,892 [WARN] ModelIntegratedComponent:182 - Modes not found for component STMicroelectronics:USB_HOST:1.0.0:STMicroelectronics:USB::USB Host:MTP HS::1.0:USB_HOST_1_0_RESTRICTED_HS
2026-08-17 18:43:32,892 [WARN] ModelIntegratedComponent:188 - Modes not found for component STMicroelectronics:USB_HOST:1.0.0:STMicroelectronics:USB::USB Host:MTP HS::1.0:USB_HOST_1_0_RESTRICTED_HS
2026-08-17 18:43:32,895 [WARN] ModelIntegratedComponent:63 - No mode defined for component null
2026-08-17 18:43:32,895 [WARN] ModelIntegratedComponent:63 - No mode defined for component null
2026-08-17 18:43:32,895 [WARN] ModelIntegratedComponent:63 - No mode defined for component null
2026-08-17 18:43:32,896 [WARN] ModelIntegratedComponent:63 - No mode defined for component null
2026-08-17 18:43:32,896 [WARN] ModelIntegratedComponent:63 - No mode defined for component null
2026-08-17 18:43:32,896 [WARN] ModelIntegratedComponent:63 - No mode defined for component null
2026-08-17 18:43:32,896 [WARN] ModelIntegratedComponent:63 - No mode defined for component null
2026-08-17 18:43:32,896 [WARN] ModelIntegratedComponent:63 - No mode defined for component null
2026-08-17 18:43:32,896 [WARN] ModelIntegratedComponent:63 - No mode defined for component null
2026-08-17 18:43:32,896 [WARN] ModelIntegratedComponent:63 - No mode defined for component null
2026-08-17 18:43:32,896 [WARN] ModelIntegratedComponent:63 - No mode defined for component null
2026-08-17 18:43:32,896 [WARN] ModelIntegratedComponent:63 - No mode defined for component null
2026-08-17 18:43:32,896 [WARN] ModelIntegratedComponent:63 - No mode defined for component null
2026-08-17 18:43:32,896 [WARN] ModelIntegratedComponent:63 - No mode defined for component null
2026-08-17 18:43:32,896 [WARN] ModelIntegratedComponent:63 - No mode defined for component null
2026-08-17 18:43:32,896 [WARN] ModelIntegratedComponent:63 - No mode defined for component null
2026-08-17 18:43:32,896 [WARN] ModelIntegratedComponent:63 - No mode defined for component null
2026-08-17 18:43:32,896 [WARN] ModelIntegratedComponent:63 - No mode defined for component null
2026-08-17 18:43:32,896 [WARN] ModelIntegratedComponent:63 - No mode defined for component null
2026-08-17 18:43:32,896 [WARN] ModelIntegratedComponent:63 - No mode defined for component null
2026-08-17 18:43:32,896 [WARN] ModelIntegratedComponent:63 - No mode defined for component null
2026-08-17 18:43:32,896 [WARN] ModelIntegratedComponent:63 - No mode defined for component null
2026-08-17 18:43:32,896 [WARN] ModelIntegratedComponent:63 - No mode defined for component null
2026-08-17 18:43:32,896 [WARN] ModelIntegratedComponent:63 - No mode defined for component null
2026-08-17 18:43:32,896 [WARN] ModelIntegratedComponent:63 - No mode defined for component null
2026-08-17 18:43:32,896 [WARN] ModelIntegratedComponent:63 - No mode defined for component null
2026-08-17 18:43:32,896 [WARN] ModelIntegratedComponent:63 - No mode defined for component null
2026-08-17 18:43:32,896 [WARN] ModelIntegratedComponent:63 - No mode defined for component null
2026-08-17 18:43:32,896 [WARN] ModelIntegratedComponent:63 - No mode defined for component null
2026-08-17 18:43:32,896 [WARN] ModelIntegratedComponent:63 - No mode defined for component null
2026-08-17 18:43:32,896 [WARN] ModelIntegratedComponent:63 - No mode defined for component null
2026-08-17 18:43:32,896 [WARN] ModelIntegratedComponent:63 - No mode defined for component null
2026-08-17 18:43:32,896 [WARN] ModelIntegratedComponent:63 - No mode defined for component null
2026-08-17 18:43:32,896 [WARN] ModelIntegratedComponent:63 - No mode defined for component null
2026-08-17 18:43:32,896 [WARN] ModelIntegratedComponent:63 - No mode defined for component null
2026-08-17 18:43:32,897 [WARN] ModelPack:524 - Component already loaded: STMicroelectronics:HAL Drivers:0.0.0:STMicroelectronics:Device:STMicro_Driver:XSPI:HAL::0.0.1:HAL_XSPI
2026-08-17 18:43:32,929 [WARN] ModelIntegratedComponent:182 - Modes not found for component STMicroelectronics:USB_DEVICE:1.0.0:STMicroelectronics:USB::USB Device:Audio HS::1.0:USB_DEVICE_1_0_RESTRICTED_HS
2026-08-17 18:43:32,929 [WARN] ModelIntegratedComponent:188 - Modes not found for component STMicroelectronics:USB_DEVICE:1.0.0:STMicroelectronics:USB::USB Device:Audio HS::1.0:USB_DEVICE_1_0_RESTRICTED_HS
2026-08-17 18:43:32,929 [WARN] ModelIntegratedComponent:182 - Modes not found for component STMicroelectronics:USB_DEVICE:1.0.0:STMicroelectronics:USB::USB Device:CDC HS::1.0:USB_DEVICE_1_0_RESTRICTED_HS
2026-08-17 18:43:32,929 [WARN] ModelIntegratedComponent:188 - Modes not found for component STMicroelectronics:USB_DEVICE:1.0.0:STMicroelectronics:USB::USB Device:CDC HS::1.0:USB_DEVICE_1_0_RESTRICTED_HS
2026-08-17 18:43:32,929 [WARN] ModelIntegratedComponent:182 - Modes not found for component STMicroelectronics:USB_DEVICE:1.0.0:STMicroelectronics:USB::USB Device:DFU HS::1.0:USB_DEVICE_1_0_RESTRICTED_HS
2026-08-17 18:43:32,929 [WARN] ModelIntegratedComponent:188 - Modes not found for component STMicroelectronics:USB_DEVICE:1.0.0:STMicroelectronics:USB::USB Device:DFU HS::1.0:USB_DEVICE_1_0_RESTRICTED_HS
2026-08-17 18:43:32,929 [WARN] ModelIntegratedComponent:182 - Modes not found for component STMicroelectronics:USB_DEVICE:1.0.0:STMicroelectronics:USB::USB Device:HID HS::1.0:USB_DEVICE_1_0_RESTRICTED_HS
2026-08-17 18:43:32,929 [WARN] ModelIntegratedComponent:188 - Modes not found for component STMicroelectronics:USB_DEVICE:1.0.0:STMicroelectronics:USB::USB Device:HID HS::1.0:USB_DEVICE_1_0_RESTRICTED_HS
2026-08-17 18:43:32,929 [WARN] ModelIntegratedComponent:182 - Modes not found for component STMicroelectronics:USB_DEVICE:1.0.0:STMicroelectronics:USB::USB Device:Custom HID HS::1.0:USB_DEVICE_1_0_RESTRICTED_HS
2026-08-17 18:43:32,929 [WARN] ModelIntegratedComponent:188 - Modes not found for component STMicroelectronics:USB_DEVICE:1.0.0:STMicroelectronics:USB::USB Device:Custom HID HS::1.0:USB_DEVICE_1_0_RESTRICTED_HS
2026-08-17 18:43:32,929 [WARN] ModelIntegratedComponent:182 - Modes not found for component STMicroelectronics:USB_DEVICE:1.0.0:STMicroelectronics:USB::USB Device:MSC HS::1.0:USB_DEVICE_1_0_RESTRICTED_HS
2026-08-17 18:43:32,929 [WARN] ModelIntegratedComponent:188 - Modes not found for component STMicroelectronics:USB_DEVICE:1.0.0:STMicroelectronics:USB::USB Device:MSC HS::1.0:USB_DEVICE_1_0_RESTRICTED_HS
2026-08-17 18:43:32,945 [INFO] ThirdPartyModel:298 - Start build external matchings
2026-08-17 18:43:33,174 [INFO] ThirdPartyModel:316 - End build external matchings
2026-08-17 18:43:33,189 [INFO] ImportTextPane:218 - (OptionalMessage_ERROR) IP (DMA) : Parameter (Instance) has Id (SPI1_RX) currently not set
2026-08-17 18:43:33,189 [INFO] ImportTextPane:218 - (OptionalMessage_ERROR) IP (DMA) : Parameter (Channel) has Id (SPI1_RX) currently not set
2026-08-17 18:43:33,189 [INFO] ImportTextPane:218 - (OptionalMessage_ERROR) IP (DMA) : Parameter (Direction) has Id (SPI1_RX) currently not set
2026-08-17 18:43:33,189 [INFO] ImportTextPane:218 - (OptionalMessage_ERROR) IP (DMA) : Parameter (PeriphInc) has Id (SPI1_RX) currently not set
2026-08-17 18:43:33,189 [INFO] ImportTextPane:218 - (OptionalMessage_ERROR) IP (DMA) : Parameter (MemInc) has Id (SPI1_RX) currently not set
2026-08-17 18:43:33,189 [INFO] ImportTextPane:218 - (OptionalMessage_ERROR) IP (DMA) : Parameter (PeriphDataAlignment) has Id (SPI1_RX) currently not set
2026-08-17 18:43:33,189 [INFO] ImportTextPane:218 - (OptionalMessage_ERROR) IP (DMA) : Parameter (MemDataAlignment) has Id (SPI1_RX) currently not set
2026-08-17 18:43:33,189 [INFO] ImportTextPane:218 - (OptionalMessage_ERROR) IP (DMA) : Parameter (Mode) has Id (SPI1_RX) currently not set
2026-08-17 18:43:33,189 [INFO] ImportTextPane:218 - (OptionalMessage_ERROR) IP (DMA) : Parameter (Priority) has Id (SPI1_RX) currently not set
2026-08-17 18:43:33,190 [INFO] ImportTextPane:218 - (OptionalMessage_ERROR) IP (DMA) : Parameter (FIFOMode) has Id (SPI1_RX) currently not set
2026-08-17 18:43:33,190 [INFO] ImportTextPane:218 - (OptionalMessage_ERROR) IP (RCC) : Parameter (48MHZClocksFreq_Value) has invalid value (50000000)
2026-08-17 18:43:33,191 [INFO] ImportTextPane:218 - (OptionalMessage_ERROR) IP (RCC) : Parameter (RTCHSEDivFreq_Value) has invalid value (12500000)
2026-08-17 18:43:33,344 [INFO] ApiDb:581 - Connected to CubeFinder SQLite database (/home/thuy/.stmcufinder/plugins/mcufinder/mcu/cube-finder-db.db)
2026-08-17 18:43:33,382 [INFO] ApiDb:668 - CubeFinder database Data Model version=2.1
2026-08-17 18:43:33,382 [INFO] ApiDb:669 - CubeFinder database Configuration version=3.0.42
2026-08-17 18:43:33,383 [INFO] ApiDb:670 - CubeFinder database generation date=2026-06-23 (1782213372)
2026-08-17 18:43:33,383 [INFO] ApiDb:671 - CubeFinder database FW Pack versions=[FP-ATR-ASTRA1_V2.0.0, FP-SNS-FLIGHT1_V5.1.0, FP-SNS-MOTENV1_V5.1.0, FP-SNS-MOTENVWB1_V1.5.0, FP-SNS-SMARTAG2_V1.2.0, FP-SNS-STBOX1_V2.1.0, STM32Cube_FW_C0_V1.4.0, STM32Cube_FW_F4_V1.28.3, STM32Cube_FW_F7_V1.17.4, STM32Cube_FW_G0_V1.6.3, STM32Cube_FW_G4_V1.6.2, STM32Cube_FW_H5_V1.7.0, STM32Cube_FW_H7RS_V1.3.0, STM32Cube_FW_H7_V1.13.0, STM32Cube_FW_L0_V1.12.2, STM32Cube_FW_L4_V1.18.2, STM32Cube_FW_L5_V1.6.0, STM32Cube_FW_N6_V1.4.0, STM32Cube_FW_U0_V1.3.0, STM32Cube_FW_U3_V1.4.0, STM32Cube_FW_U5_V1.9.0, STM32Cube_FW_WB0_V1.5.0, STM32Cube_FW_WBA_V1.10.0, STM32Cube_FW_WB_V1.24.0, STM32Cube_FW_WL3_V1.5.0, STM32Cube_FW_WL_V1.6.0, X-CUBE-ALGOBUILD_V1.5.0, X-CUBE-ALS_V1.0.2, X-CUBE-AZRTOS-F4_V1.1.0, X-CUBE-AZRTOS-F7_V1.1.0, X-CUBE-AZRTOS-G0_V1.1.0, X-CUBE-AZRTOS-G4_V2.0.0, X-CUBE-AZRTOS-H7RS_V1.1.0, X-CUBE-AZRTOS-H7_V3.5.0, X-CUBE-AZRTOS-L4_V2.0.0, X-CUBE-AZRTOS-L5_V2.0.0, X-CUBE-AZRTOS-WB_V2.0.0, X-CUBE-AZRTOS-WL_V2.0.0, X-CUBE-BLE1_V7.1.0, X-CUBE-BLE2_V3.3.0, X-CUBE-BLEMGR_V4.1.0, X-CUBE-EEPRMA1_V5.2.0, X-CUBE-FREERTOS_V1.5.0, X-CUBE-GNSS1_V7.1.1, X-CUBE-MEMS1_V12.1.0, X-CUBE-NFC4_V3.0.0, X-CUBE-NFC7_V2.0.0, X-CUBE-SFXS2LP1_V4.0.0, X-CUBE-ST67W61_V1.3.0, X-CUBE-SUBG2_V5.0.0, X-CUBE-TOF1_V3.4.3]
2026-08-17 18:43:33,459 [INFO] DbBoardsSqlite:226 - include board P-NUCLEO-WB55-NUCLEO as a kit item of type 'Nucleo-64'
2026-08-17 18:43:33,459 [INFO] DbBoardsSqlite:226 - include board P-NUCLEO-WB55-USBDONGLE as a kit item of type 'Nucleo USB Dongle'
2026-08-17 18:43:33,460 [INFO] DbBoardsSqlite:226 - include board STEVAL-IDP005V1 as a kit item of type 'Evaluation Board'
2026-08-17 18:43:33,460 [INFO] DbBoardsSqlite:226 - include board STEVAL-IDP005V2 as a kit item of type 'Evaluation Board'
2026-08-17 18:43:33,570 [INFO] ApiDb:240 - Found 895 in-development CPN: [B-G473E-ZEST1S, B-WB1M-WPAN1, B-WBA5M-WPAN, B-WL5M-SUBG1, NUCLEO-C031C6, NUCLEO-C051C8, NUCLEO-C071RB, NUCLEO-C092RC, NUCLEO-H503RB, NUCLEO-H533RE, NUCLEO-H563ZI, NUCLEO-H7S3L8, NUCLEO-N657X0-Q, NUCLEO-U031R8, NUCLEO-U083RC, NUCLEO-U385RG-Q, NUCLEO-U545RE-Q, NUCLEO-U5A5ZJ-Q, NUCLEO-WB05KZ, NUCLEO-WB07CC, NUCLEO-WB09KE, NUCLEO-WBA52CG, NUCLEO-WBA55CG, NUCLEO-WBA65RI, NUCLEO-WL33CC1, NUCLEO-WL33CC2, STEVAL-PROTEUS1, STEVAL-SMARTAG2, STEVAL-STWINBX1, STM320518-EVAL, STM32C0116-DK, STM32C011D6Y3TR, STM32C011D6Y6TR, STM32C011F4P3, STM32C011F4P6, STM32C011F4U3, STM32C011F4U6TR, STM32C011F6P3, STM32C011F6P6, STM32C011F6U3, STM32C011F6U6TR, STM32C011J4M3, STM32C011J4M6, STM32C011J6M3, STM32C011J6M6, STM32C0316-DK, STM32C031C4T3, STM32C031C4T6, STM32C031C4U3, STM32C031C4U6, STM32C031C6T3, STM32C031C6T6, STM32C031C6U3, STM32C031C6U6, STM32C031F4P3, STM32C031F4P6, STM32C031F6P3, STM32C031F6P6, STM32C031G4U3, STM32C031G4U6, STM32C031G6U3, STM32C031G6U6, STM32C031K4T3, STM32C031K4T6, STM32C031K4U3, STM32C031K4U6, STM32C031K6T3, STM32C031K6T6, STM32C031K6U3, STM32C031K6U6, STM32C051C6T6, STM32C051C6U6, STM32C051C8T6, STM32C051C8U6, STM32C051D8Y6TR, STM32C051F6P6, STM32C051F8P6, STM32C051G6U6, STM32C051G8U6, STM32C051K6T6, STM32C051K6U6, STM32C051K8T6, STM32C071C8T6, STM32C071C8T6N, STM32C071C8U6, STM32C071C8U6N, STM32C071CBT6, STM32C071CBT6N, STM32C071CBU6, STM32C071CBU6N, STM32C071F8P6, STM32C071F8P6N, STM32C071FBP6, STM32C071FBP6N, STM32C071FBY6TR, STM32C071G8U6, STM32C071G8U6N, STM32C071GBU6, STM32C071GBU6N, STM32C071K8T6, STM32C071K8T6N, STM32C071K8U6, STM32C071K8U6N, STM32C071KBT6, STM32C071KBT6N, STM32C071KBU6, STM32C071KBU6N, STM32C071R8T6, STM32C071R8T6N, STM32C071RBI6N, STM32C071RBT6, STM32C071RBT6N, STM32C091CBT6, STM32C091CBU6, STM32C091CCT6, STM32C091CCU6, STM32C091ECY6TR, STM32C091FBP6, STM32C091FCP6, STM32C091GBU6, STM32C091GCU6, STM32C091KBT6, STM32C091KBU6, STM32C091KCT6, STM32C091KCU6, STM32C091RBT6, STM32C091RCI6, STM32C091RCT6, STM32C092CBT6, STM32C092CBU6, STM32C092CCT6, STM32C092CCU6, STM32C092ECY6TR, STM32C092FBP6, STM32C092FCP6, STM32C092GBU6, STM32C092GCU6, STM32C092KBT6, STM32C092KBU6, STM32C092KCT6, STM32C092KCU6, STM32C092RBT6, STM32C092RCI6, STM32C092RCT6, STM32G071K8TXN, STM32G071K8UXN, STM32G081GBU6N, STM32G081KBT6N, STM32G081KBUXN, STM32G0B1CCT6N, STM32G0B1KCT6, STM32G0B1NEY6TR, STM32G0B1RCT6N, STM32G0C1CCT6, STM32G0C1CCT6N, STM32G0C1CCU6N, STM32G0C1CET6N, STM32G0C1CEU6N, STM32G0C1KCT6, STM32G0C1NEY6TR, STM32G0C1RCI6N, STM32G0C1RCT6N, STM32G0C1REI6N, STM32G0C1RET6N, STM32G0C1VCI6, STM32G0C1VEI6, STM32G411C6T3, STM32G411C6T6, STM32G411C6U3, STM32G411C6U6, STM32G411C8T3, STM32G411C8T6, STM32G411C8U3, STM32G411C8U6, STM32G411CBT3, STM32G411CBT6, STM32G411CBU3, STM32G411CBU6, STM32G411CCT3, STM32G411CCT6, STM32G411CCU3, STM32G411CCU6, STM32G411K6T3, STM32G411K6T6, STM32G411K6U3, STM32G411K6U6, STM32G411K8T3, STM32G411K8T6, STM32G411K8U3, STM32G411K8U6, STM32G411KBT3, STM32G411KBT6, STM32G411KBU3, STM32G411KBU6, STM32G411M6T3, STM32G411M6T6, STM32G411M8T3, STM32G411M8T6, STM32G411MBT3, STM32G411MBT6, STM32G411MCT3, STM32G411MCT6, STM32G411R6T3, STM32G411R6T6, STM32G411R8T3, STM32G411R8T6, STM32G411RBT3, STM32G411RBT6, STM32G411RCT3, STM32G411RCT6, STM32G414CBT3, STM32G414CBT6, STM32G414CBU3, STM32G414CBU6, STM32G414CCT3, STM32G414CCT6, STM32G414CCU3, STM32G414CCU6, STM32G414MBT3, STM32G414MBT6, STM32G414MCT3, STM32G414MCT6, STM32G414RBT3, STM32G414RBT6, STM32G414RCT3, STM32G414RCT6, STM32G414VBT3, STM32G414VBT6, STM32G414VCT3, STM32G414VCT6, STM32G431CBT3Z, STM32G431RBT3Z, STM32G471CCT6, STM32G471CCU6, STM32G471CET3, STM32G471CET6, STM32G471CEU3, STM32G471CEU6, STM32G471MCT6, STM32G471MET3, STM32G471MET6, STM32G471MEY6TR, STM32G471QCT6, STM32G471QET3, STM32G471RCT6, STM32G471RET3, STM32G471RET6, STM32G471VCH6, STM32G471VCI6, STM32G471VCT6, STM32G471VEH3, STM32G471VEH6, STM32G471VEI3, STM32G471VEI6, STM32G471VET3, STM32G471VET6, STM32G473QET3Z, STM32G473RET3Z, STM32G474CCT6, STM32G491RET3Z, STM32H503CBT6, STM32H503CBU6, STM32H503EBY6TR, STM32H503KBU6, STM32H503RBT6, STM32H523CCT6, STM32H523CCU6, STM32H523CET6, STM32H523CEU6, STM32H523HEY6TR, STM32H523RCT6, STM32H523RET6, STM32H523VCI6, STM32H523VCT6, STM32H523VEI6, STM32H523VET6, STM32H523ZCJ6, STM32H523ZCT6, STM32H523ZEJ6, STM32H523ZET6, STM32H533CET6, STM32H533CEU6, STM32H533HEY6TR, STM32H533RET6, STM32H533VEI6, STM32H533VET6, STM32H533ZEJ6, STM32H533ZET6, STM32H562AGI6, STM32H562AII6, STM32H562IGK6, STM32H562IGT6, STM32H562IIK6, STM32H562IIT6, STM32H562RGT6, STM32H562RGV6, STM32H562RIT6, STM32H562RIV6, STM32H562VGT6, STM32H562VIT6, STM32H562ZGT6, STM32H562ZIT6, STM32H563AGI6, STM32H563AII3Q, STM32H563AII6, STM32H563IGK6, STM32H563IGT6, STM32H563IIK3Q, STM32H563IIK6, STM32H563IIT3Q, STM32H563IIT6, STM32H563MIY3QTR, STM32H563RGT6, STM32H563RGV6, STM32H563RIT6, STM32H563RIV6, STM32H563VGT6, STM32H563VIT3Q, STM32H563VIT6, STM32H563ZGT6, STM32H563ZIT3Q, STM32H563ZIT6, STM32H573AII3Q, STM32H573AII6, STM32H573I-DK, STM32H573IIK3Q, STM32H573IIK6, STM32H573IIT3Q, STM32H573IIT6, STM32H573MIY3QTR, STM32H573RIT6, STM32H573RIV6, STM32H573VIT3Q, STM32H573VIT6, STM32H573ZIT3Q, STM32H573ZIT6, STM32H7R3A8I6, STM32H7R3I8K6, STM32H7R3I8T6, STM32H7R3L8H6, STM32H7R3L8H6H, STM32H7R3R8V6, STM32H7R3V8H6, STM32H7R3V8T6, STM32H7R3V8Y6TR, STM32H7R3Z8J6, STM32H7R3Z8T6, STM32H7R7A8I6, STM32H7R7I8K6, STM32H7R7I8T6, STM32H7R7L8H6, STM32H7R7L8H6H, STM32H7R7Z8J6, STM32H7S3A8I6, STM32H7S3I8K6, STM32H7S3I8T6, STM32H7S3L8H6, STM32H7S3L8H6H, STM32H7S3R8V6, STM32H7S3V8H6, STM32H7S3V8T6, STM32H7S3V8Y6TR, STM32H7S3Z8J6, STM32H7S3Z8T6, STM32H7S78-DK, STM32H7S7A8I6, STM32H7S7I8K6, STM32H7S7I8T6, STM32H7S7L8H6, STM32H7S7L8H6H, STM32H7S7Z8J6, STM32L4R5QGI6STR, STM32MP131AAE3, STM32MP131AAF3, STM32MP131AAG3, STM32MP131CAE3, STM32MP131CAF3, STM32MP131CAG3, STM32MP131DAE7, STM32MP131DAF7, STM32MP131DAG7, STM32MP131FAE7, STM32MP131FAF7, STM32MP131FAG7, STM32MP133AAE3, STM32MP133AAF3, STM32MP133AAG3, STM32MP133CAE3, STM32MP133CAF3, STM32MP133CAG3, STM32MP133DAE7, STM32MP133DAF7, STM32MP133DAG7, STM32MP133FAE7, STM32MP133FAF7, STM32MP133FAG7, STM32MP135AAE3, STM32MP135AAF3, STM32MP135AAG3, STM32MP135CAE3, STM32MP135CAF3, STM32MP135CAG3, STM32MP135DAE7, STM32MP135DAF7, STM32MP135DAG7, STM32MP135F-DK, STM32MP135FAE7, STM32MP135FAF7, STM32MP135FAF7T, STM32MP135FAF7U, STM32MP135FAG7, STM32MP231AAJ3, STM32MP231AAK3, STM32MP231AAL3, STM32MP231CAJ3, STM32MP231CAK3, STM32MP231CAL3, STM32MP231DAJ3, STM32MP231DAK3, STM32MP231DAL3, STM32MP231FAJ3, STM32MP231FAK3, STM32MP231FAL3, STM32MP233AAJ3, STM32MP233AAK3, STM32MP233AAL3, STM32MP233CAJ3, STM32MP233CAK3, STM32MP233CAL3, STM32MP233DAJ3, STM32MP233DAK3, STM32MP233DAL3, STM32MP233FAJ3, STM32MP233FAK3, STM32MP233FAL3, STM32MP235AAJ3, STM32MP235AAK3, STM32MP235AAL3, STM32MP235CAJ3, STM32MP235CAK3, STM32MP235CAL3, STM32MP235DAJ3, STM32MP235DAK3, STM32MP235DAL3, STM32MP235FAJ3, STM32MP235FAK3, STM32MP235FAL3, STM32MP251AAI3, STM32MP251AAJ3, STM32MP251AAK3, STM32MP251AAL3, STM32MP251CAI3, STM32MP251CAJ3, STM32MP251CAK3, STM32MP251CAL3, STM32MP251DAI3, STM32MP251DAJ3, STM32MP251DAK3, STM32MP251DAL3, STM32MP251FAI3, STM32MP251FAJ3, STM32MP251FAK3, STM32MP251FAL3, STM32MP253AAI3, STM32MP253AAJ3, STM32MP253AAK3, STM32MP253AAL3, STM32MP253CAI3, STM32MP253CAJ3, STM32MP253CAK3, STM32MP253CAL3, STM32MP253DAI3, STM32MP253DAJ3, STM32MP253DAK3, STM32MP253DAL3, STM32MP253FAI3, STM32MP253FAJ3, STM32MP253FAK3, STM32MP253FAL3, STM32MP255AAI3, STM32MP255AAJ3, STM32MP255AAK3, STM32MP255AAL3, STM32MP255CAI3, STM32MP255CAJ3, STM32MP255CAK3, STM32MP255CAL3, STM32MP255DAI3, STM32MP255DAJ3, STM32MP255DAK3, STM32MP255DAL3, STM32MP255FAI3, STM32MP255FAJ3, STM32MP255FAK3, STM32MP255FAL3, STM32MP257AAI3, STM32MP257AAJ3, STM32MP257AAK3, STM32MP257AAL3, STM32MP257CAI3, STM32MP257CAJ3, STM32MP257CAK3, STM32MP257CAL3, STM32MP257DAI3, STM32MP257DAJ3, STM32MP257DAK3, STM32MP257DAL3, STM32MP257F-DK, STM32MP257F-EV1, STM32MP257FAI3, STM32MP257FAJ3, STM32MP257FAK3, STM32MP257FAL3, STM32N645A0H3Q, STM32N645B0H3Q, STM32N645I0H3Q, STM32N645L0H3Q, STM32N645X0H3Q, STM32N645Z0H3Q, STM32N647A0H3Q, STM32N647B0H3Q, STM32N647I0H3Q, STM32N647L0H3Q, STM32N647X0H3Q, STM32N647Z0H3Q, STM32N655A0H3Q, STM32N655B0H3Q, STM32N655I0H3Q, STM32N655L0H3Q, STM32N655X0H3Q, STM32N655Z0H3Q, STM32N6570-DK, STM32N657A0H3Q, STM32N657B0H3Q, STM32N657I0H3Q, STM32N657L0H3Q, STM32N657X0H3Q, STM32N657Z0H3Q, STM32U031C6T6, STM32U031C6U6, STM32U031C8T6, STM32U031C8U6, STM32U031F4P6, STM32U031F6P6, STM32U031F8P6, STM32U031G6Y6TR, STM32U031G8Y6TR, STM32U031K4U6, STM32U031K6U6, STM32U031K8U6, STM32U031R6I6, STM32U031R6T6, STM32U031R8I6, STM32U031R8T6, STM32U073C8T6, STM32U073C8U6, STM32U073CBT6, STM32U073CBU6, STM32U073CCT6, STM32U073CCU6, STM32U073H8Y6TR, STM32U073HBY6TR, STM32U073HCY6TR, STM32U073K8U6, STM32U073KBU6, STM32U073KCU6, STM32U073M8I6, STM32U073M8T6, STM32U073MBI6, STM32U073MBT6, STM32U073MCI6, STM32U073MCT6, STM32U073R8I6, STM32U073R8T6, STM32U073RBI6, STM32U073RBT6, STM32U073RCI6, STM32U073RCT6, STM32U083C-DK, STM32U083CCT6, STM32U083CCU6, STM32U083HCY6TR, STM32U083KCU6, STM32U083MCI6, STM32U083MCT6, STM32U083RCI6, STM32U083RCT6, STM32U375CET6, STM32U375CET6Q, STM32U375CEU6, STM32U375CEU6Q, STM32U375CEY6QTR, STM32U375CGT6, STM32U375CGT6Q, STM32U375CGU6, STM32U375CGU6Q, STM32U375CGY6QTR, STM32U375KEU6, STM32U375KGU6, STM32U375REI6, STM32U375REI6Q, STM32U375RET6, STM32U375RET6Q, STM32U375REY6GTR, STM32U375REY6QTR, STM32U375RGI6, STM32U375RGI6Q, STM32U375RGT6, STM32U375RGT6Q, STM32U375RGY6GTR, STM32U375RGY6QTR, STM32U375VEI6, STM32U375VEI6Q, STM32U375VET6, STM32U375VET6Q, STM32U375VGI6, STM32U375VGI6Q, STM32U375VGT6, STM32U375VGT6Q, STM32U385CGT6, STM32U385CGT6Q, STM32U385CGU6, STM32U385CGU6Q, STM32U385CGY6QTR, STM32U385KGU6, STM32U385RGI6, STM32U385RGI6Q, STM32U385RGT6, STM32U385RGT6Q, STM32U385RGY6GTR, STM32U385RGY6QTR, STM32U385VGI6, STM32U385VGI6Q, STM32U385VGT6, STM32U385VGT6Q, STM32U535CBT6, STM32U535CBT6Q, STM32U535CBU6, STM32U535CBU6Q, STM32U535CCT6, STM32U535CCT6Q, STM32U535CCU6, STM32U535CCU6Q, STM32U535CET6, STM32U535CET6Q, STM32U535CEU6, STM32U535CEU6Q, STM32U535JEY6QTR, STM32U535NCY6QTR, STM32U535NEY6QTR, STM32U535RBI6, STM32U535RBI6Q, STM32U535RBT6, STM32U535RBT6Q, STM32U535RCI6, STM32U535RCI6Q, STM32U535RCT6, STM32U535RCT6Q, STM32U535REI6, STM32U535REI6Q, STM32U535RET6, STM32U535RET6Q, STM32U535VCI6, STM32U535VCI6Q, STM32U535VCT6, STM32U535VCT6Q, STM32U535VEI6, STM32U535VEI6Q, STM32U535VET6, STM32U535VET6Q, STM32U545CET6, STM32U545CET6Q, STM32U545CEU6, STM32U545CEU6Q, STM32U545JEY6QTR, STM32U545NEY6QTR, STM32U545REI6, STM32U545REI6Q, STM32U545RET6, STM32U545RET6Q, STM32U545VEI6, STM32U545VEI6Q, STM32U545VET6, STM32U545VET6Q, STM32U595AIH6, STM32U595AIH6Q, STM32U595AJH6, STM32U595AJH6Q, STM32U595QII6, STM32U595QII6Q, STM32U595QJI6, STM32U595QJI6Q, STM32U595RIT6, STM32U595RIT6Q, STM32U595RJT6, STM32U595RJT6Q, STM32U595VIT6, STM32U595VIT6Q, STM32U595VJT6, STM32U595VJT6Q, STM32U595ZIT6, STM32U595ZIT6Q, STM32U595ZIY6QTR, STM32U595ZJT6, STM32U595ZJT6Q, STM32U595ZJY6QTR, STM32U599BJY6QTR, STM32U599NIH6Q, STM32U599NJH6Q, STM32U599VIT6Q, STM32U599VJT6, STM32U599VJT6Q, STM32U599ZIT6Q, STM32U599ZIY6QTR, STM32U599ZJT6Q, STM32U599ZJY6QTR, STM32U5A5AJH6, STM32U5A5AJH6Q, STM32U5A5QII3Q , STM32U5A5QJI6, STM32U5A5QJI6Q, STM32U5A5RJT6, STM32U5A5RJT6Q, STM32U5A5VJT6, STM32U5A5VJT6Q, STM32U5A5ZJT6, STM32U5A5ZJT6Q, STM32U5A5ZJY6QTR, STM32U5A9BJY6QTR, STM32U5A9J-DK, STM32U5A9NJH6Q, STM32U5A9VJT6Q, STM32U5A9ZJT6Q, STM32U5A9ZJY6QTR, STM32U5F7VIT6, STM32U5F7VIT6Q, STM32U5F7VJT6, STM32U5F7VJT6Q, STM32U5F9BJY6QTR, STM32U5F9NJH6Q, STM32U5F9VIT6Q, STM32U5F9VJT6Q, STM32U5F9ZIJ6QTR, STM32U5F9ZIT6Q, STM32U5F9ZJJ6QTR, STM32U5F9ZJT6Q, STM32U5G7VJT6, STM32U5G7VJT6Q, STM32U5G9BJY6QTR, STM32U5G9J-DK1, STM32U5G9J-DK2, STM32U5G9NJH6Q, STM32U5G9VJT6Q, STM32U5G9ZJJ6QTR, STM32U5G9ZJT6Q, STM32WB05KZV6TR, STM32WB05KZV7TR, STM32WB05TZF6TR, STM32WB05TZF7TR, STM32WB06CCF6TR, STM32WB06CCF7TR, STM32WB06CCV6TR, STM32WB06CCV7TR, STM32WB06KCV6TR, STM32WB06KCV7TR, STM32WB07CCF6TR, STM32WB07CCF7TR, STM32WB07CCV6TR, STM32WB07CCV7TR, STM32WB07KCV6TR, STM32WB07KCV7TR, STM32WB09KEV6TR, STM32WB09KEV7TR, STM32WB09TEF6TR, STM32WB09TEF7TR, STM32WB1MMCH6, STM32WBA50KGU6, STM32WBA50KGU6TR, STM32WBA52CEU6, STM32WBA52CEU6TR, STM32WBA52CEU7, STM32WBA52CEU7TR, STM32WBA52CGU6, STM32WBA52CGU6TR, STM32WBA52CGU6U, STM32WBA52CGU7, STM32WBA52CGU7TR, STM32WBA52KEU6, STM32WBA52KEU6TR, STM32WBA52KGU6, STM32WBA52KGU6TR, STM32WBA54CEU6, STM32WBA54CEU6TR, STM32WBA54CEU7, STM32WBA54CEU7TR, STM32WBA54CGU6, STM32WBA54CGU6TR, STM32WBA54CGU7, STM32WBA54CGU7TR, STM32WBA54KEU6, STM32WBA54KEU6TR, STM32WBA54KEU7, STM32WBA54KEU7TR, STM32WBA54KGU6, STM32WBA54KGU6TR, STM32WBA54KGU7, STM32WBA54KGU7TR, STM32WBA55CEU6, STM32WBA55CEU6TR, STM32WBA55CEU7, STM32WBA55CEU7TR, STM32WBA55CGU6, STM32WBA55CGU6TR, STM32WBA55CGU6U, STM32WBA55CGU7, STM32WBA55CGU7TR, STM32WBA55G-DK1, STM32WBA55HEF6, STM32WBA55HEF7, STM32WBA55HGF6, STM32WBA55HGF7, STM32WBA55UEI6, STM32WBA55UEI6TR, STM32WBA55UEI7, STM32WBA55UEI7TR, STM32WBA55UGI6, STM32WBA55UGI6TR, STM32WBA55UGI7, STM32WBA55UGI7TR, STM32WBA5MJGH6TR, STM32WBA62CGU6, STM32WBA62CIU6, STM32WBA62MGF6, STM32WBA62MIF6, STM32WBA62PGI6, STM32WBA62PII6, STM32WBA63CGU6, STM32WBA63CGU7, STM32WBA63CIU6, STM32WBA63CIU7, STM32WBA64CGU6, STM32WBA64CGU7, STM32WBA64CIU6, STM32WBA64CIU7, STM32WBA65CGU6, STM32WBA65CGU7, STM32WBA65CIU6, STM32WBA65CIU7, STM32WBA65I-DK1, STM32WBA65MGF6, STM32WBA65MGF7, STM32WBA65MIF6, STM32WBA65MIF7, STM32WBA65PGI6, STM32WBA65PGI7, STM32WBA65PII6, STM32WBA65PII7, STM32WBA65RGV6, STM32WBA65RGV7, STM32WBA65RIV6, STM32WBA65RIV7, STM32WL30K8V6, STM32WL30KBV6, STM32WL31C8V6, STM32WL31CBV6, STM32WL31K8V6, STM32WL31KBV6, STM32WL33C8V6, STM32WL33C8V6TR, STM32WL33C8V7, STM32WL33C8V7TR, STM32WL33CBV6, STM32WL33CBV6TR, STM32WL33CBV7, STM32WL33CBV7TR, STM32WL33CCV6, STM32WL33CCV6TR, STM32WL33CCV7, STM32WL33CCV7A, STM32WL33CCV7ATR, STM32WL33CCV7TR, STM32WL33K8V6, STM32WL33K8V6TR, STM32WL33K8V7, STM32WL33K8V7TR, STM32WL33KBV6, STM32WL33KBV6TR, STM32WL33KBV7, STM32WL33KBV7TR, STM32WL33KCV6, STM32WL33KCV6TR, STM32WL33KCV7, STM32WL33KCV7TR, STM32WL5MOCH6, STM32WL5MOCH6TR]
2026-08-17 18:43:33,574 [INFO] ApiDb:668 - CubeFinder database Data Model version=2.1
2026-08-17 18:43:33,574 [INFO] ApiDb:669 - CubeFinder database Configuration version=3.0.42
2026-08-17 18:43:33,574 [INFO] ApiDb:670 - CubeFinder database generation date=2026-06-23 (1782213372)
2026-08-17 18:43:33,575 [INFO] ApiDb:671 - CubeFinder database FW Pack versions=[FP-ATR-ASTRA1_V2.0.0, FP-SNS-FLIGHT1_V5.1.0, FP-SNS-MOTENV1_V5.1.0, FP-SNS-MOTENVWB1_V1.5.0, FP-SNS-SMARTAG2_V1.2.0, FP-SNS-STBOX1_V2.1.0, STM32Cube_FW_C0_V1.4.0, STM32Cube_FW_F4_V1.28.3, STM32Cube_FW_F7_V1.17.4, STM32Cube_FW_G0_V1.6.3, STM32Cube_FW_G4_V1.6.2, STM32Cube_FW_H5_V1.7.0, STM32Cube_FW_H7RS_V1.3.0, STM32Cube_FW_H7_V1.13.0, STM32Cube_FW_L0_V1.12.2, STM32Cube_FW_L4_V1.18.2, STM32Cube_FW_L5_V1.6.0, STM32Cube_FW_N6_V1.4.0, STM32Cube_FW_U0_V1.3.0, STM32Cube_FW_U3_V1.4.0, STM32Cube_FW_U5_V1.9.0, STM32Cube_FW_WB0_V1.5.0, STM32Cube_FW_WBA_V1.10.0, STM32Cube_FW_WB_V1.24.0, STM32Cube_FW_WL3_V1.5.0, STM32Cube_FW_WL_V1.6.0, X-CUBE-ALGOBUILD_V1.5.0, X-CUBE-ALS_V1.0.2, X-CUBE-AZRTOS-F4_V1.1.0, X-CUBE-AZRTOS-F7_V1.1.0, X-CUBE-AZRTOS-G0_V1.1.0, X-CUBE-AZRTOS-G4_V2.0.0, X-CUBE-AZRTOS-H7RS_V1.1.0, X-CUBE-AZRTOS-H7_V3.5.0, X-CUBE-AZRTOS-L4_V2.0.0, X-CUBE-AZRTOS-L5_V2.0.0, X-CUBE-AZRTOS-WB_V2.0.0, X-CUBE-AZRTOS-WL_V2.0.0, X-CUBE-BLE1_V7.1.0, X-CUBE-BLE2_V3.3.0, X-CUBE-BLEMGR_V4.1.0, X-CUBE-EEPRMA1_V5.2.0, X-CUBE-FREERTOS_V1.5.0, X-CUBE-GNSS1_V7.1.1, X-CUBE-MEMS1_V12.1.0, X-CUBE-NFC4_V3.0.0, X-CUBE-NFC7_V2.0.0, X-CUBE-SFXS2LP1_V4.0.0, X-CUBE-ST67W61_V1.3.0, X-CUBE-SUBG2_V5.0.0, X-CUBE-TOF1_V3.4.3]
2026-08-17 18:43:35,344 [INFO] ApiDb:240 - Found 895 in-development CPN: [B-G473E-ZEST1S, B-WB1M-WPAN1, B-WBA5M-WPAN, B-WL5M-SUBG1, NUCLEO-C031C6, NUCLEO-C051C8, NUCLEO-C071RB, NUCLEO-C092RC, NUCLEO-H503RB, NUCLEO-H533RE, NUCLEO-H563ZI, NUCLEO-H7S3L8, NUCLEO-N657X0-Q, NUCLEO-U031R8, NUCLEO-U083RC, NUCLEO-U385RG-Q, NUCLEO-U545RE-Q, NUCLEO-U5A5ZJ-Q, NUCLEO-WB05KZ, NUCLEO-WB07CC, NUCLEO-WB09KE, NUCLEO-WBA52CG, NUCLEO-WBA55CG, NUCLEO-WBA65RI, NUCLEO-WL33CC1, NUCLEO-WL33CC2, STEVAL-PROTEUS1, STEVAL-SMARTAG2, STEVAL-STWINBX1, STM320518-EVAL, STM32C0116-DK, STM32C011D6Y3TR, STM32C011D6Y6TR, STM32C011F4P3, STM32C011F4P6, STM32C011F4U3, STM32C011F4U6TR, STM32C011F6P3, STM32C011F6P6, STM32C011F6U3, STM32C011F6U6TR, STM32C011J4M3, STM32C011J4M6, STM32C011J6M3, STM32C011J6M6, STM32C0316-DK, STM32C031C4T3, STM32C031C4T6, STM32C031C4U3, STM32C031C4U6, STM32C031C6T3, STM32C031C6T6, STM32C031C6U3, STM32C031C6U6, STM32C031F4P3, STM32C031F4P6, STM32C031F6P3, STM32C031F6P6, STM32C031G4U3, STM32C031G4U6, STM32C031G6U3, STM32C031G6U6, STM32C031K4T3, STM32C031K4T6, STM32C031K4U3, STM32C031K4U6, STM32C031K6T3, STM32C031K6T6, STM32C031K6U3, STM32C031K6U6, STM32C051C6T6, STM32C051C6U6, STM32C051C8T6, STM32C051C8U6, STM32C051D8Y6TR, STM32C051F6P6, STM32C051F8P6, STM32C051G6U6, STM32C051G8U6, STM32C051K6T6, STM32C051K6U6, STM32C051K8T6, STM32C071C8T6, STM32C071C8T6N, STM32C071C8U6, STM32C071C8U6N, STM32C071CBT6, STM32C071CBT6N, STM32C071CBU6, STM32C071CBU6N, STM32C071F8P6, STM32C071F8P6N, STM32C071FBP6, STM32C071FBP6N, STM32C071FBY6TR, STM32C071G8U6, STM32C071G8U6N, STM32C071GBU6, STM32C071GBU6N, STM32C071K8T6, STM32C071K8T6N, STM32C071K8U6, STM32C071K8U6N, STM32C071KBT6, STM32C071KBT6N, STM32C071KBU6, STM32C071KBU6N, STM32C071R8T6, STM32C071R8T6N, STM32C071RBI6N, STM32C071RBT6, STM32C071RBT6N, STM32C091CBT6, STM32C091CBU6, STM32C091CCT6, STM32C091CCU6, STM32C091ECY6TR, STM32C091FBP6, STM32C091FCP6, STM32C091GBU6, STM32C091GCU6, STM32C091KBT6, STM32C091KBU6, STM32C091KCT6, STM32C091KCU6, STM32C091RBT6, STM32C091RCI6, STM32C091RCT6, STM32C092CBT6, STM32C092CBU6, STM32C092CCT6, STM32C092CCU6, STM32C092ECY6TR, STM32C092FBP6, STM32C092FCP6, STM32C092GBU6, STM32C092GCU6, STM32C092KBT6, STM32C092KBU6, STM32C092KCT6, STM32C092KCU6, STM32C092RBT6, STM32C092RCI6, STM32C092RCT6, STM32G071K8TXN, STM32G071K8UXN, STM32G081GBU6N, STM32G081KBT6N, STM32G081KBUXN, STM32G0B1CCT6N, STM32G0B1KCT6, STM32G0B1NEY6TR, STM32G0B1RCT6N, STM32G0C1CCT6, STM32G0C1CCT6N, STM32G0C1CCU6N, STM32G0C1CET6N, STM32G0C1CEU6N, STM32G0C1KCT6, STM32G0C1NEY6TR, STM32G0C1RCI6N, STM32G0C1RCT6N, STM32G0C1REI6N, STM32G0C1RET6N, STM32G0C1VCI6, STM32G0C1VEI6, STM32G411C6T3, STM32G411C6T6, STM32G411C6U3, STM32G411C6U6, STM32G411C8T3, STM32G411C8T6, STM32G411C8U3, STM32G411C8U6, STM32G411CBT3, STM32G411CBT6, STM32G411CBU3, STM32G411CBU6, STM32G411CCT3, STM32G411CCT6, STM32G411CCU3, STM32G411CCU6, STM32G411K6T3, STM32G411K6T6, STM32G411K6U3, STM32G411K6U6, STM32G411K8T3, STM32G411K8T6, STM32G411K8U3, STM32G411K8U6, STM32G411KBT3, STM32G411KBT6, STM32G411KBU3, STM32G411KBU6, STM32G411M6T3, STM32G411M6T6, STM32G411M8T3, STM32G411M8T6, STM32G411MBT3, STM32G411MBT6, STM32G411MCT3, STM32G411MCT6, STM32G411R6T3, STM32G411R6T6, STM32G411R8T3, STM32G411R8T6, STM32G411RBT3, STM32G411RBT6, STM32G411RCT3, STM32G411RCT6, STM32G414CBT3, STM32G414CBT6, STM32G414CBU3, STM32G414CBU6, STM32G414CCT3, STM32G414CCT6, STM32G414CCU3, STM32G414CCU6, STM32G414MBT3, STM32G414MBT6, STM32G414MCT3, STM32G414MCT6, STM32G414RBT3, STM32G414RBT6, STM32G414RCT3, STM32G414RCT6, STM32G414VBT3, STM32G414VBT6, STM32G414VCT3, STM32G414VCT6, STM32G431CBT3Z, STM32G431RBT3Z, STM32G471CCT6, STM32G471CCU6, STM32G471CET3, STM32G471CET6, STM32G471CEU3, STM32G471CEU6, STM32G471MCT6, STM32G471MET3, STM32G471MET6, STM32G471MEY6TR, STM32G471QCT6, STM32G471QET3, STM32G471RCT6, STM32G471RET3, STM32G471RET6, STM32G471VCH6, STM32G471VCI6, STM32G471VCT6, STM32G471VEH3, STM32G471VEH6, STM32G471VEI3, STM32G471VEI6, STM32G471VET3, STM32G471VET6, STM32G473QET3Z, STM32G473RET3Z, STM32G474CCT6, STM32G491RET3Z, STM32H503CBT6, STM32H503CBU6, STM32H503EBY6TR, STM32H503KBU6, STM32H503RBT6, STM32H523CCT6, STM32H523CCU6, STM32H523CET6, STM32H523CEU6, STM32H523HEY6TR, STM32H523RCT6, STM32H523RET6, STM32H523VCI6, STM32H523VCT6, STM32H523VEI6, STM32H523VET6, STM32H523ZCJ6, STM32H523ZCT6, STM32H523ZEJ6, STM32H523ZET6, STM32H533CET6, STM32H533CEU6, STM32H533HEY6TR, STM32H533RET6, STM32H533VEI6, STM32H533VET6, STM32H533ZEJ6, STM32H533ZET6, STM32H562AGI6, STM32H562AII6, STM32H562IGK6, STM32H562IGT6, STM32H562IIK6, STM32H562IIT6, STM32H562RGT6, STM32H562RGV6, STM32H562RIT6, STM32H562RIV6, STM32H562VGT6, STM32H562VIT6, STM32H562ZGT6, STM32H562ZIT6, STM32H563AGI6, STM32H563AII3Q, STM32H563AII6, STM32H563IGK6, STM32H563IGT6, STM32H563IIK3Q, STM32H563IIK6, STM32H563IIT3Q, STM32H563IIT6, STM32H563MIY3QTR, STM32H563RGT6, STM32H563RGV6, STM32H563RIT6, STM32H563RIV6, STM32H563VGT6, STM32H563VIT3Q, STM32H563VIT6, STM32H563ZGT6, STM32H563ZIT3Q, STM32H563ZIT6, STM32H573AII3Q, STM32H573AII6, STM32H573I-DK, STM32H573IIK3Q, STM32H573IIK6, STM32H573IIT3Q, STM32H573IIT6, STM32H573MIY3QTR, STM32H573RIT6, STM32H573RIV6, STM32H573VIT3Q, STM32H573VIT6, STM32H573ZIT3Q, STM32H573ZIT6, STM32H7R3A8I6, STM32H7R3I8K6, STM32H7R3I8T6, STM32H7R3L8H6, STM32H7R3L8H6H, STM32H7R3R8V6, STM32H7R3V8H6, STM32H7R3V8T6, STM32H7R3V8Y6TR, STM32H7R3Z8J6, STM32H7R3Z8T6, STM32H7R7A8I6, STM32H7R7I8K6, STM32H7R7I8T6, STM32H7R7L8H6, STM32H7R7L8H6H, STM32H7R7Z8J6, STM32H7S3A8I6, STM32H7S3I8K6, STM32H7S3I8T6, STM32H7S3L8H6, STM32H7S3L8H6H, STM32H7S3R8V6, STM32H7S3V8H6, STM32H7S3V8T6, STM32H7S3V8Y6TR, STM32H7S3Z8J6, STM32H7S3Z8T6, STM32H7S78-DK, STM32H7S7A8I6, STM32H7S7I8K6, STM32H7S7I8T6, STM32H7S7L8H6, STM32H7S7L8H6H, STM32H7S7Z8J6, STM32L4R5QGI6STR, STM32MP131AAE3, STM32MP131AAF3, STM32MP131AAG3, STM32MP131CAE3, STM32MP131CAF3, STM32MP131CAG3, STM32MP131DAE7, STM32MP131DAF7, STM32MP131DAG7, STM32MP131FAE7, STM32MP131FAF7, STM32MP131FAG7, STM32MP133AAE3, STM32MP133AAF3, STM32MP133AAG3, STM32MP133CAE3, STM32MP133CAF3, STM32MP133CAG3, STM32MP133DAE7, STM32MP133DAF7, STM32MP133DAG7, STM32MP133FAE7, STM32MP133FAF7, STM32MP133FAG7, STM32MP135AAE3, STM32MP135AAF3, STM32MP135AAG3, STM32MP135CAE3, STM32MP135CAF3, STM32MP135CAG3, STM32MP135DAE7, STM32MP135DAF7, STM32MP135DAG7, STM32MP135F-DK, STM32MP135FAE7, STM32MP135FAF7, STM32MP135FAF7T, STM32MP135FAF7U, STM32MP135FAG7, STM32MP231AAJ3, STM32MP231AAK3, STM32MP231AAL3, STM32MP231CAJ3, STM32MP231CAK3, STM32MP231CAL3, STM32MP231DAJ3, STM32MP231DAK3, STM32MP231DAL3, STM32MP231FAJ3, STM32MP231FAK3, STM32MP231FAL3, STM32MP233AAJ3, STM32MP233AAK3, STM32MP233AAL3, STM32MP233CAJ3, STM32MP233CAK3, STM32MP233CAL3, STM32MP233DAJ3, STM32MP233DAK3, STM32MP233DAL3, STM32MP233FAJ3, STM32MP233FAK3, STM32MP233FAL3, STM32MP235AAJ3, STM32MP235AAK3, STM32MP235AAL3, STM32MP235CAJ3, STM32MP235CAK3, STM32MP235CAL3, STM32MP235DAJ3, STM32MP235DAK3, STM32MP235DAL3, STM32MP235FAJ3, STM32MP235FAK3, STM32MP235FAL3, STM32MP251AAI3, STM32MP251AAJ3, STM32MP251AAK3, STM32MP251AAL3, STM32MP251CAI3, STM32MP251CAJ3, STM32MP251CAK3, STM32MP251CAL3, STM32MP251DAI3, STM32MP251DAJ3, STM32MP251DAK3, STM32MP251DAL3, STM32MP251FAI3, STM32MP251FAJ3, STM32MP251FAK3, STM32MP251FAL3, STM32MP253AAI3, STM32MP253AAJ3, STM32MP253AAK3, STM32MP253AAL3, STM32MP253CAI3, STM32MP253CAJ3, STM32MP253CAK3, STM32MP253CAL3, STM32MP253DAI3, STM32MP253DAJ3, STM32MP253DAK3, STM32MP253DAL3, STM32MP253FAI3, STM32MP253FAJ3, STM32MP253FAK3, STM32MP253FAL3, STM32MP255AAI3, STM32MP255AAJ3, STM32MP255AAK3, STM32MP255AAL3, STM32MP255CAI3, STM32MP255CAJ3, STM32MP255CAK3, STM32MP255CAL3, STM32MP255DAI3, STM32MP255DAJ3, STM32MP255DAK3, STM32MP255DAL3, STM32MP255FAI3, STM32MP255FAJ3, STM32MP255FAK3, STM32MP255FAL3, STM32MP257AAI3, STM32MP257AAJ3, STM32MP257AAK3, STM32MP257AAL3, STM32MP257CAI3, STM32MP257CAJ3, STM32MP257CAK3, STM32MP257CAL3, STM32MP257DAI3, STM32MP257DAJ3, STM32MP257DAK3, STM32MP257DAL3, STM32MP257F-DK, STM32MP257F-EV1, STM32MP257FAI3, STM32MP257FAJ3, STM32MP257FAK3, STM32MP257FAL3, STM32N645A0H3Q, STM32N645B0H3Q, STM32N645I0H3Q, STM32N645L0H3Q, STM32N645X0H3Q, STM32N645Z0H3Q, STM32N647A0H3Q, STM32N647B0H3Q, STM32N647I0H3Q, STM32N647L0H3Q, STM32N647X0H3Q, STM32N647Z0H3Q, STM32N655A0H3Q, STM32N655B0H3Q, STM32N655I0H3Q, STM32N655L0H3Q, STM32N655X0H3Q, STM32N655Z0H3Q, STM32N6570-DK, STM32N657A0H3Q, STM32N657B0H3Q, STM32N657I0H3Q, STM32N657L0H3Q, STM32N657X0H3Q, STM32N657Z0H3Q, STM32U031C6T6, STM32U031C6U6, STM32U031C8T6, STM32U031C8U6, STM32U031F4P6, STM32U031F6P6, STM32U031F8P6, STM32U031G6Y6TR, STM32U031G8Y6TR, STM32U031K4U6, STM32U031K6U6, STM32U031K8U6, STM32U031R6I6, STM32U031R6T6, STM32U031R8I6, STM32U031R8T6, STM32U073C8T6, STM32U073C8U6, STM32U073CBT6, STM32U073CBU6, STM32U073CCT6, STM32U073CCU6, STM32U073H8Y6TR, STM32U073HBY6TR, STM32U073HCY6TR, STM32U073K8U6, STM32U073KBU6, STM32U073KCU6, STM32U073M8I6, STM32U073M8T6, STM32U073MBI6, STM32U073MBT6, STM32U073MCI6, STM32U073MCT6, STM32U073R8I6, STM32U073R8T6, STM32U073RBI6, STM32U073RBT6, STM32U073RCI6, STM32U073RCT6, STM32U083C-DK, STM32U083CCT6, STM32U083CCU6, STM32U083HCY6TR, STM32U083KCU6, STM32U083MCI6, STM32U083MCT6, STM32U083RCI6, STM32U083RCT6, STM32U375CET6, STM32U375CET6Q, STM32U375CEU6, STM32U375CEU6Q, STM32U375CEY6QTR, STM32U375CGT6, STM32U375CGT6Q, STM32U375CGU6, STM32U375CGU6Q, STM32U375CGY6QTR, STM32U375KEU6, STM32U375KGU6, STM32U375REI6, STM32U375REI6Q, STM32U375RET6, STM32U375RET6Q, STM32U375REY6GTR, STM32U375REY6QTR, STM32U375RGI6, STM32U375RGI6Q, STM32U375RGT6, STM32U375RGT6Q, STM32U375RGY6GTR, STM32U375RGY6QTR, STM32U375VEI6, STM32U375VEI6Q, STM32U375VET6, STM32U375VET6Q, STM32U375VGI6, STM32U375VGI6Q, STM32U375VGT6, STM32U375VGT6Q, STM32U385CGT6, STM32U385CGT6Q, STM32U385CGU6, STM32U385CGU6Q, STM32U385CGY6QTR, STM32U385KGU6, STM32U385RGI6, STM32U385RGI6Q, STM32U385RGT6, STM32U385RGT6Q, STM32U385RGY6GTR, STM32U385RGY6QTR, STM32U385VGI6, STM32U385VGI6Q, STM32U385VGT6, STM32U385VGT6Q, STM32U535CBT6, STM32U535CBT6Q, STM32U535CBU6, STM32U535CBU6Q, STM32U535CCT6, STM32U535CCT6Q, STM32U535CCU6, STM32U535CCU6Q, STM32U535CET6, STM32U535CET6Q, STM32U535CEU6, STM32U535CEU6Q, STM32U535JEY6QTR, STM32U535NCY6QTR, STM32U535NEY6QTR, STM32U535RBI6, STM32U535RBI6Q, STM32U535RBT6, STM32U535RBT6Q, STM32U535RCI6, STM32U535RCI6Q, STM32U535RCT6, STM32U535RCT6Q, STM32U535REI6, STM32U535REI6Q, STM32U535RET6, STM32U535RET6Q, STM32U535VCI6, STM32U535VCI6Q, STM32U535VCT6, STM32U535VCT6Q, STM32U535VEI6, STM32U535VEI6Q, STM32U535VET6, STM32U535VET6Q, STM32U545CET6, STM32U545CET6Q, STM32U545CEU6, STM32U545CEU6Q, STM32U545JEY6QTR, STM32U545NEY6QTR, STM32U545REI6, STM32U545REI6Q, STM32U545RET6, STM32U545RET6Q, STM32U545VEI6, STM32U545VEI6Q, STM32U545VET6, STM32U545VET6Q, STM32U595AIH6, STM32U595AIH6Q, STM32U595AJH6, STM32U595AJH6Q, STM32U595QII6, STM32U595QII6Q, STM32U595QJI6, STM32U595QJI6Q, STM32U595RIT6, STM32U595RIT6Q, STM32U595RJT6, STM32U595RJT6Q, STM32U595VIT6, STM32U595VIT6Q, STM32U595VJT6, STM32U595VJT6Q, STM32U595ZIT6, STM32U595ZIT6Q, STM32U595ZIY6QTR, STM32U595ZJT6, STM32U595ZJT6Q, STM32U595ZJY6QTR, STM32U599BJY6QTR, STM32U599NIH6Q, STM32U599NJH6Q, STM32U599VIT6Q, STM32U599VJT6, STM32U599VJT6Q, STM32U599ZIT6Q, STM32U599ZIY6QTR, STM32U599ZJT6Q, STM32U599ZJY6QTR, STM32U5A5AJH6, STM32U5A5AJH6Q, STM32U5A5QII3Q , STM32U5A5QJI6, STM32U5A5QJI6Q, STM32U5A5RJT6, STM32U5A5RJT6Q, STM32U5A5VJT6, STM32U5A5VJT6Q, STM32U5A5ZJT6, STM32U5A5ZJT6Q, STM32U5A5ZJY6QTR, STM32U5A9BJY6QTR, STM32U5A9J-DK, STM32U5A9NJH6Q, STM32U5A9VJT6Q, STM32U5A9ZJT6Q, STM32U5A9ZJY6QTR, STM32U5F7VIT6, STM32U5F7VIT6Q, STM32U5F7VJT6, STM32U5F7VJT6Q, STM32U5F9BJY6QTR, STM32U5F9NJH6Q, STM32U5F9VIT6Q, STM32U5F9VJT6Q, STM32U5F9ZIJ6QTR, STM32U5F9ZIT6Q, STM32U5F9ZJJ6QTR, STM32U5F9ZJT6Q, STM32U5G7VJT6, STM32U5G7VJT6Q, STM32U5G9BJY6QTR, STM32U5G9J-DK1, STM32U5G9J-DK2, STM32U5G9NJH6Q, STM32U5G9VJT6Q, STM32U5G9ZJJ6QTR, STM32U5G9ZJT6Q, STM32WB05KZV6TR, STM32WB05KZV7TR, STM32WB05TZF6TR, STM32WB05TZF7TR, STM32WB06CCF6TR, STM32WB06CCF7TR, STM32WB06CCV6TR, STM32WB06CCV7TR, STM32WB06KCV6TR, STM32WB06KCV7TR, STM32WB07CCF6TR, STM32WB07CCF7TR, STM32WB07CCV6TR, STM32WB07CCV7TR, STM32WB07KCV6TR, STM32WB07KCV7TR, STM32WB09KEV6TR, STM32WB09KEV7TR, STM32WB09TEF6TR, STM32WB09TEF7TR, STM32WB1MMCH6, STM32WBA50KGU6, STM32WBA50KGU6TR, STM32WBA52CEU6, STM32WBA52CEU6TR, STM32WBA52CEU7, STM32WBA52CEU7TR, STM32WBA52CGU6, STM32WBA52CGU6TR, STM32WBA52CGU6U, STM32WBA52CGU7, STM32WBA52CGU7TR, STM32WBA52KEU6, STM32WBA52KEU6TR, STM32WBA52KGU6, STM32WBA52KGU6TR, STM32WBA54CEU6, STM32WBA54CEU6TR, STM32WBA54CEU7, STM32WBA54CEU7TR, STM32WBA54CGU6, STM32WBA54CGU6TR, STM32WBA54CGU7, STM32WBA54CGU7TR, STM32WBA54KEU6, STM32WBA54KEU6TR, STM32WBA54KEU7, STM32WBA54KEU7TR, STM32WBA54KGU6, STM32WBA54KGU6TR, STM32WBA54KGU7, STM32WBA54KGU7TR, STM32WBA55CEU6, STM32WBA55CEU6TR, STM32WBA55CEU7, STM32WBA55CEU7TR, STM32WBA55CGU6, STM32WBA55CGU6TR, STM32WBA55CGU6U, STM32WBA55CGU7, STM32WBA55CGU7TR, STM32WBA55G-DK1, STM32WBA55HEF6, STM32WBA55HEF7, STM32WBA55HGF6, STM32WBA55HGF7, STM32WBA55UEI6, STM32WBA55UEI6TR, STM32WBA55UEI7, STM32WBA55UEI7TR, STM32WBA55UGI6, STM32WBA55UGI6TR, STM32WBA55UGI7, STM32WBA55UGI7TR, STM32WBA5MJGH6TR, STM32WBA62CGU6, STM32WBA62CIU6, STM32WBA62MGF6, STM32WBA62MIF6, STM32WBA62PGI6, STM32WBA62PII6, STM32WBA63CGU6, STM32WBA63CGU7, STM32WBA63CIU6, STM32WBA63CIU7, STM32WBA64CGU6, STM32WBA64CGU7, STM32WBA64CIU6, STM32WBA64CIU7, STM32WBA65CGU6, STM32WBA65CGU7, STM32WBA65CIU6, STM32WBA65CIU7, STM32WBA65I-DK1, STM32WBA65MGF6, STM32WBA65MGF7, STM32WBA65MIF6, STM32WBA65MIF7, STM32WBA65PGI6, STM32WBA65PGI7, STM32WBA65PII6, STM32WBA65PII7, STM32WBA65RGV6, STM32WBA65RGV7, STM32WBA65RIV6, STM32WBA65RIV7, STM32WL30K8V6, STM32WL30KBV6, STM32WL31C8V6, STM32WL31CBV6, STM32WL31K8V6, STM32WL31KBV6, STM32WL33C8V6, STM32WL33C8V6TR, STM32WL33C8V7, STM32WL33C8V7TR, STM32WL33CBV6, STM32WL33CBV6TR, STM32WL33CBV7, STM32WL33CBV7TR, STM32WL33CCV6, STM32WL33CCV6TR, STM32WL33CCV7, STM32WL33CCV7A, STM32WL33CCV7ATR, STM32WL33CCV7TR, STM32WL33K8V6, STM32WL33K8V6TR, STM32WL33K8V7, STM32WL33K8V7TR, STM32WL33KBV6, STM32WL33KBV6TR, STM32WL33KBV7, STM32WL33KBV7TR, STM32WL33KCV6, STM32WL33KCV6TR, STM32WL33KCV7, STM32WL33KCV7TR, STM32WL5MOCH6, STM32WL5MOCH6TR]
2026-08-17 18:43:35,349 [INFO] DbMcus:218 - Found 5246 MCUs, 5093 are supported
2026-08-17 18:43:35,350 [INFO] ApiDb:423 - Load user favorites file /home/thuy/.stm32cubeide/favorites.mcus.txt: 0 item(s)
2026-08-17 18:43:35,350 [INFO] ApiDb:427 - User favorites MCUs=[]
2026-08-17 18:43:35,350 [INFO] DbMcus:224 - Set 0 / 0 favorites MCUs
2026-08-17 18:43:35,743 [INFO] BoardInfo:889 - No configuration file found for board NUCLEO-H5E5ZJ
2026-08-17 18:43:35,743 [INFO] DbBoards:161 - Board is not supported: NUCLEO-H5E5ZJ
2026-08-17 18:43:35,761 [INFO] BoardInfo:889 - No configuration file found for board NUCLEO-U3C5ZI-Q
2026-08-17 18:43:35,762 [INFO] DbBoards:161 - Board is not supported: NUCLEO-U3C5ZI-Q
2026-08-17 18:43:35,767 [INFO] BoardInfo:889 - No configuration file found for board NUCLEO-WBA25CE1
2026-08-17 18:43:35,767 [INFO] DbBoards:161 - Board is not supported: NUCLEO-WBA25CE1
2026-08-17 18:43:35,770 [INFO] BoardInfo:889 - No configuration file found for board NUCLEO-WL3RKB1
2026-08-17 18:43:35,770 [INFO] DbBoards:161 - Board is not supported: NUCLEO-WL3RKB1
2026-08-17 18:43:35,771 [INFO] BoardInfo:889 - No configuration file found for board NUCLEO-WL3RKB2
2026-08-17 18:43:35,771 [INFO] DbBoards:161 - Board is not supported: NUCLEO-WL3RKB2
2026-08-17 18:43:35,774 [INFO] BoardInfo:889 - No configuration file found for board P-NUCLEO-WB55
2026-08-17 18:43:35,774 [INFO] DbBoards:161 - Kit is not supported: P-NUCLEO-WB55
2026-08-17 18:43:35,776 [INFO] BoardInfo:889 - No configuration file found for board STEVAL-BFA001V1B
2026-08-17 18:43:35,776 [INFO] DbBoards:161 - Kit is not supported: STEVAL-BFA001V1B
2026-08-17 18:43:35,777 [INFO] BoardInfo:889 - No configuration file found for board STEVAL-BFA001V2B
2026-08-17 18:43:35,777 [INFO] DbBoards:161 - Kit is not supported: STEVAL-BFA001V2B
2026-08-17 18:43:35,812 [INFO] BoardInfo:889 - No configuration file found for board STM32H5F5J-DK
2026-08-17 18:43:35,812 [INFO] DbBoards:161 - Board is not supported: STM32H5F5J-DK
2026-08-17 18:43:35,831 [INFO] BoardInfo:889 - No configuration file found for board STM32MP215F-DK
2026-08-17 18:43:35,831 [INFO] DbBoards:161 - Board is not supported: STM32MP215F-DK
2026-08-17 18:43:35,838 [INFO] DbBoards:168 - Found 218 boards, 208 are supported
2026-08-17 18:43:35,838 [INFO] DbBoards:169 - Found 218 boards, 43 of them is supported for  Bsp
2026-08-17 18:43:35,841 [INFO] ApiDb:423 - Load user favorites file /home/thuy/.stm32cubeide/favorites.boards.txt: 0 item(s)
2026-08-17 18:43:35,841 [INFO] ApiDb:427 - User favorites Boards=[]
2026-08-17 18:43:35,841 [INFO] DbBoards:198 - Set 0 / 0 favorites Boards
2026-08-17 18:43:35,886 [INFO] UtilMem:75 - End LoadConfig() Used Memory: 422123560 Bytes (555745280)
2026-08-17 18:43:35,974 [WARN] ThirdParty:833 - waiting for thirdparty lock release [change project]
2026-08-17 18:43:35,975 [INFO] ThirdParty:835 - entering critical section [change project]
2026-08-17 18:43:35,975 [INFO] ThirdParty:1030 - CMSIS Pack Vendor :STMicroelectronics X-CUBE-AZRTOS-H7 3.5.0
2026-08-17 18:43:35,975 [INFO] ThirdParty:1030 - CMSIS Pack Vendor :STMicroelectronics X-CUBE-PM33A1 1.0.0
2026-08-17 18:43:35,975 [INFO] ThirdParty:1030 - CMSIS Pack Vendor :STMicroelectronics USBPD 4.1
2026-08-17 18:43:35,975 [INFO] ThirdParty:1030 - CMSIS Pack Vendor :STMicroelectronics X-CUBE-NFC9 1.0.0
2026-08-17 18:43:35,975 [INFO] ThirdParty:1030 - CMSIS Pack Vendor :STMicroelectronics USB_HOST 2.0.0
2026-08-17 18:43:35,975 [INFO] ThirdParty:1030 - CMSIS Pack Vendor :STMicroelectronics FP-ATR-ASTRA1 2.0.3
2026-08-17 18:43:35,975 [INFO] ThirdParty:1030 - CMSIS Pack Vendor :STMicroelectronics X-CUBE-AZRTOS-F4 1.1.0
2026-08-17 18:43:35,975 [INFO] ThirdParty:1030 - CMSIS Pack Vendor :STMicroelectronics LIBJPEG 8.0.0
2026-08-17 18:43:35,975 [INFO] ThirdParty:1030 - CMSIS Pack Vendor :STMicroelectronics FP-ATR-ASTRA1 2.0.2
2026-08-17 18:43:35,975 [INFO] ThirdParty:1030 - CMSIS Pack Vendor :STMicroelectronics X-CUBE-BLE1 7.1.0
2026-08-17 18:43:35,975 [INFO] ThirdParty:1030 - CMSIS Pack Vendor :wolfSSL I-CUBE-wolfMQTT 1.19.2
2026-08-17 18:43:35,975 [INFO] ThirdParty:1030 - CMSIS Pack Vendor :STMicroelectronics USB_DEVICE 3.0.0
2026-08-17 18:43:35,975 [INFO] ThirdParty:1030 - CMSIS Pack Vendor :STMicroelectronics X-CUBE-ISPU 2.1.0
2026-08-17 18:43:35,975 [INFO] ThirdParty:1030 - CMSIS Pack Vendor :STMicroelectronics X-CUBE-EEPRMA1 5.2.0
2026-08-17 18:43:35,975 [INFO] ThirdParty:1030 - CMSIS Pack Vendor :STMicroelectronics eDS-WB_DPC_TT-BIDIR 2.1.1
2026-08-17 18:43:35,975 [INFO] ThirdParty:1030 - CMSIS Pack Vendor :STMicroelectronics X-CUBE-AZRTOS-WB 2.0.0
2026-08-17 18:43:35,975 [INFO] ThirdParty:1030 - CMSIS Pack Vendor :STMicroelectronics X-CUBE-NFC12 1.0.0
2026-08-17 18:43:35,975 [INFO] ThirdParty:1030 - CMSIS Pack Vendor :STMicroelectronics X-CUBE-AZRTOS-F7 1.1.0
2026-08-17 18:43:35,975 [INFO] ThirdParty:1030 - CMSIS Pack Vendor :STMicroelectronics X-CUBE-AZRTOS-L5 2.0.0
2026-08-17 18:43:35,975 [INFO] ThirdParty:1030 - CMSIS Pack Vendor :STMicroelectronics USB_DEVICE 2.0.0
2026-08-17 18:43:35,975 [INFO] ThirdParty:1030 - CMSIS Pack Vendor :quantropi X-CUBE-qispace-sdk-base 2.1.0
2026-08-17 18:43:35,975 [INFO] ThirdParty:1030 - CMSIS Pack Vendor :STMicroelectronics X-CUBE-STSE01 2.0.0
2026-08-17 18:43:35,975 [INFO] ThirdParty:1030 - CMSIS Pack Vendor :STMicroelectronics X-CUBE-ALGOBUILD 1.5.0
2026-08-17 18:43:35,975 [INFO] ThirdParty:1030 - CMSIS Pack Vendor :STMicroelectronics FreeRTOS 0.0.1
2026-08-17 18:43:35,975 [INFO] ThirdParty:1030 - CMSIS Pack Vendor :STMicroelectronics X-CUBE-AZRTOS-H7RS 1.3.0
2026-08-17 18:43:35,975 [INFO] ThirdParty:1030 - CMSIS Pack Vendor :STMicroelectronics X-CUBE-AZRTOS-G0 1.1.0
2026-08-17 18:43:35,975 [INFO] ThirdParty:1030 - CMSIS Pack Vendor :STMicroelectronics X-CUBE-NFC4 3.0.0
2026-08-17 18:43:35,975 [INFO] ThirdParty:1030 - CMSIS Pack Vendor :STMicroelectronics X-CUBE-SUBG2 5.0.0
2026-08-17 18:43:35,975 [INFO] ThirdParty:1030 - CMSIS Pack Vendor :STMicroelectronics STM32_WPAN 1.0.0
2026-08-17 18:43:35,975 [INFO] ThirdParty:1030 - CMSIS Pack Vendor :STMicroelectronics eDS-WB_DPC_VIENNA 1.2.0
2026-08-17 18:43:35,975 [INFO] ThirdParty:1030 - CMSIS Pack Vendor :EmbeddedOffice I-CUBE-FS-RTOS 1.0.1
2026-08-17 18:43:35,975 [INFO] ThirdParty:1030 - CMSIS Pack Vendor :STMicroelectronics lwIP 2.0.3
2026-08-17 18:43:35,975 [INFO] ThirdParty:1030 - CMSIS Pack Vendor :STMicroelectronics X-CUBE-MEMS1 13.0.0
2026-08-17 18:43:35,975 [INFO] ThirdParty:1030 - CMSIS Pack Vendor :STMicroelectronics eDS-WB_DPC_3PH2L-BIDIR 1.1.1
2026-08-17 18:43:35,975 [INFO] ThirdParty:1030 - CMSIS Pack Vendor :STMicroelectronics USB_HOST 1.0.0
2026-08-17 18:43:35,975 [INFO] ThirdParty:1030 - CMSIS Pack Vendor :STMicroelectronics X-CUBE-AZRTOS-G4 2.0.0
2026-08-17 18:43:35,975 [INFO] ThirdParty:1030 - CMSIS Pack Vendor :STMicroelectronics PDM2PCM 3.1.0
2026-08-17 18:43:35,976 [INFO] ThirdParty:1030 - CMSIS Pack Vendor :STMicroelectronics PDM2PCM 3.3.0
2026-08-17 18:43:35,976 [INFO] ThirdParty:1030 - CMSIS Pack Vendor :wolfSSL I-CUBE-wolfTPM 3.8.0
2026-08-17 18:43:35,976 [INFO] ThirdParty:1030 - CMSIS Pack Vendor :STMicroelectronics X-CUBE-DISPLAY 3.0.0
2026-08-17 18:43:35,976 [INFO] ThirdParty:1030 - CMSIS Pack Vendor :wolfSSL I-CUBE-wolfSSH 1.4.20
2026-08-17 18:43:35,976 [INFO] ThirdParty:1030 - CMSIS Pack Vendor :STMicroelectronics X-CUBE-NFC7 2.0.0
2026-08-17 18:43:35,976 [INFO] ThirdParty:1030 - CMSIS Pack Vendor :STMicroelectronics X-CUBE-GNSS1 7.1.1
2026-08-17 18:43:35,976 [INFO] ThirdParty:1030 - CMSIS Pack Vendor :STMicroelectronics X-CUBE-TCPP 4.2.0
2026-08-17 18:43:35,976 [INFO] ThirdParty:1030 - CMSIS Pack Vendor :RealThread X-CUBE-RT-Thread_Nano 4.1.1
2026-08-17 18:43:35,976 [INFO] ThirdParty:1030 - CMSIS Pack Vendor :wolfSSL I-CUBE-wolfSSL 5.9.1
2026-08-17 18:43:35,976 [INFO] ThirdParty:1030 - CMSIS Pack Vendor :STMicroelectronics FP-ATR-SIGFOX1 3.2.0
2026-08-17 18:43:35,976 [INFO] ThirdParty:1030 - CMSIS Pack Vendor :STMicroelectronics X-CUBE-NFC10 1.0.0
2026-08-17 18:43:35,976 [INFO] ThirdParty:1030 - CMSIS Pack Vendor :STMicroelectronics HAL Drivers 0.0.0
2026-08-17 18:43:35,976 [INFO] ThirdParty:1030 - CMSIS Pack Vendor :STMicroelectronics MBEDTLS 2.16.2
2026-08-17 18:43:35,976 [INFO] ThirdParty:1030 - CMSIS Pack Vendor :STMicroelectronics X-CUBE-ST60 1.1.0
2026-08-17 18:43:35,976 [INFO] ThirdParty:1030 - CMSIS Pack Vendor :STMicroelectronics X-CUBE-ALS 1.0.2
2026-08-17 18:43:35,976 [INFO] ThirdParty:1030 - CMSIS Pack Vendor :emotas I-CUBE-CANOPEN 1.3.0
2026-08-17 18:43:35,976 [INFO] ThirdParty:1030 - CMSIS Pack Vendor :STMicroelectronics MBEDTLS 2.14.1
2026-08-17 18:43:35,976 [INFO] ThirdParty:1030 - CMSIS Pack Vendor :ITTIA_DB I-CUBE-ITTIADB 8.9.0
2026-08-17 18:43:35,976 [INFO] ThirdParty:1030 - CMSIS Pack Vendor :Cesanta I-CUBE-Mongoose 7.21.7
2026-08-17 18:43:35,976 [INFO] ThirdParty:1030 - CMSIS Pack Vendor :STMicroelectronics X-CUBE-TOUCHGFX 4.26.1
2026-08-17 18:43:35,976 [INFO] ThirdParty:1030 - CMSIS Pack Vendor :STMicroelectronics X-CUBE-NFC6 3.2.0
2026-08-17 18:43:35,976 [INFO] ThirdParty:1030 - CMSIS Pack Vendor :STMicroelectronics X-CUBE-AI 10.2.1
2026-08-17 18:43:35,976 [INFO] ThirdParty:1030 - CMSIS Pack Vendor :STMicroelectronics ThreadX 1.0.0
2026-08-17 18:43:35,976 [INFO] ThirdParty:1030 - CMSIS Pack Vendor :STMicroelectronics FP-SNS-SMARTAG2 1.2.0
2026-08-17 18:43:35,976 [INFO] ThirdParty:1030 - CMSIS Pack Vendor :STMicroelectronics X-CUBE-MEMS1 12.1.0
2026-08-17 18:43:35,976 [INFO] ThirdParty:1030 - CMSIS Pack Vendor :STMicroelectronics FP-SNS-FLIGHT1 5.1.0
2026-08-17 18:43:35,976 [INFO] ThirdParty:1030 - CMSIS Pack Vendor :STMicroelectronics X-CUBE-AZRTOS-WL 2.0.0
2026-08-17 18:43:35,976 [INFO] ThirdParty:1030 - CMSIS Pack Vendor :SEGGER I-CUBE-embOS 1.3.1
2026-08-17 18:43:35,976 [INFO] ThirdParty:1030 - CMSIS Pack Vendor :STMicroelectronics X-CUBE-DPower 1.3.0
2026-08-17 18:43:35,976 [INFO] ThirdParty:1030 - CMSIS Pack Vendor :STMicroelectronics USB_DEVICE 1.0.0
2026-08-17 18:43:35,976 [INFO] ThirdParty:1030 - CMSIS Pack Vendor :STMicroelectronics X-CUBE-AZRTOS-L4 2.0.0
2026-08-17 18:43:35,976 [INFO] ThirdParty:1030 - CMSIS Pack Vendor :STMicroelectronics ThreadX 0.0.2
2026-08-17 18:43:35,976 [INFO] ThirdParty:1030 - CMSIS Pack Vendor :STMicroelectronics lwIP 2.1.2
2026-08-17 18:43:35,977 [INFO] ThirdParty:1030 - CMSIS Pack Vendor :STMicroelectronics X-CUBE-SFXS2LP1 4.0.0
2026-08-17 18:43:35,977 [INFO] ThirdParty:1030 - CMSIS Pack Vendor :STMicroelectronics X-CUBE-BLE2 3.3.0
2026-08-17 18:43:35,977 [INFO] ThirdParty:1030 - CMSIS Pack Vendor :Avnet-IOTCONNECT X-CUBE-iotc-st67-sdk 1.0.0
2026-08-17 18:43:35,977 [INFO] ThirdParty:1030 - CMSIS Pack Vendor :STMicroelectronics X-CUBE-TOF1 3.4.3
2026-08-17 18:43:35,977 [INFO] ThirdParty:1030 - CMSIS Pack Vendor :Infineon AIROC-Wi-Fi-Bluetooth-STM32 1.8.0
2026-08-17 18:43:35,977 [INFO] ThirdParty:1030 - CMSIS Pack Vendor :STMicroelectronics X-CUBE-NFC13 1.0.0
2026-08-17 18:43:35,977 [INFO] ThirdParty:1030 - CMSIS Pack Vendor :STMicroelectronics PDM2PCM 3.2.0
2026-08-17 18:43:35,977 [INFO] ThirdParty:1030 - CMSIS Pack Vendor :STMicroelectronics X-CUBE-WB05N 2.1.0
2026-08-17 18:43:35,977 [INFO] ThirdParty:841 - exiting critical section [change project]
2026-08-17 18:43:36,246 [INFO] PinOutPanel:1589 - setPackage(No Configuration,No Configuration)
2026-08-17 18:43:36,247 [INFO] PinOutPanel:1589 - setPackage(STM32F411CEUx,UFQFPN48)
2026-08-17 18:43:36,505 [INFO] UtilMem:75 - Before build in PCC Used Memory: 315410240 Bytes (555745280)
2026-08-17 18:43:36,954 [INFO] UtilMem:75 - After build in PCC Used Memory: 466129032 Bytes (555745280)
2026-08-17 18:43:36,978 [INFO] IPUIPlugin:80 - create IPUIPlugin
2026-08-17 18:43:36,979 [INFO] IPUIPlugin:80 - create IPUIPlugin
2026-08-17 18:43:36,979 [INFO] IPUIPlugin:80 - create IPUIPlugin
2026-08-17 18:43:36,979 [INFO] IPUIPlugin:80 - create IPUIPlugin
2026-08-17 18:43:36,979 [INFO] IPUIPlugin:80 - create IPUIPlugin
2026-08-17 18:43:36,979 [INFO] IPUIPlugin:80 - create IPUIPlugin
2026-08-17 18:43:36,979 [INFO] IPUIPlugin:80 - create IPUIPlugin
2026-08-17 18:43:36,979 [INFO] IPUIPlugin:80 - create IPUIPlugin
2026-08-17 18:43:36,979 [INFO] IPUIPlugin:80 - create IPUIPlugin
2026-08-17 18:43:36,979 [INFO] IPUIPlugin:80 - create IPUIPlugin
2026-08-17 18:43:36,979 [INFO] IPUIPlugin:80 - create IPUIPlugin
2026-08-17 18:43:36,979 [INFO] IPUIPlugin:80 - create IPUIPlugin
2026-08-17 18:43:36,979 [INFO] IPUIPlugin:80 - create IPUIPlugin
2026-08-17 18:43:36,979 [INFO] IPUIPlugin:80 - create IPUIPlugin
2026-08-17 18:43:36,979 [INFO] IPUIPlugin:80 - create IPUIPlugin
2026-08-17 18:43:36,979 [INFO] IPUIPlugin:80 - create IPUIPlugin
2026-08-17 18:43:36,979 [INFO] IPUIPlugin:80 - create IPUIPlugin
2026-08-17 18:43:36,980 [INFO] IPUIPlugin:80 - create IPUIPlugin
2026-08-17 18:43:36,980 [INFO] IPUIPlugin:80 - create IPUIPlugin
2026-08-17 18:43:36,980 [INFO] IPUIPlugin:80 - create IPUIPlugin
2026-08-17 18:43:36,980 [INFO] IPUIPlugin:80 - create IPUIPlugin
2026-08-17 18:43:36,980 [INFO] IPUIPlugin:80 - create IPUIPlugin
2026-08-17 18:43:36,980 [INFO] IPUIPlugin:80 - create IPUIPlugin
2026-08-17 18:43:36,980 [INFO] IPUIPlugin:80 - create IPUIPlugin
2026-08-17 18:43:36,980 [INFO] IPUIPlugin:80 - create IPUIPlugin
2026-08-17 18:43:36,980 [INFO] IPUIPlugin:80 - create IPUIPlugin
2026-08-17 18:43:36,980 [INFO] IPUIPlugin:80 - create IPUIPlugin
2026-08-17 18:43:36,980 [INFO] IPUIPlugin:80 - create IPUIPlugin
2026-08-17 18:43:36,981 [INFO] IPUIPlugin:80 - create IPUIPlugin
2026-08-17 18:43:36,981 [INFO] IPUIPlugin:80 - create IPUIPlugin
2026-08-17 18:43:36,981 [INFO] IPUIPlugin:80 - create IPUIPlugin
2026-08-17 18:43:36,981 [INFO] IPUIPlugin:80 - create IPUIPlugin
2026-08-17 18:43:36,981 [INFO] IPUIPlugin:80 - create IPUIPlugin
2026-08-17 18:43:36,981 [INFO] IPUIPlugin:80 - create IPUIPlugin
2026-08-17 18:43:36,981 [INFO] IPUIPlugin:80 - create IPUIPlugin
2026-08-17 18:43:36,982 [INFO] IPUIPlugin:80 - create IPUIPlugin
2026-08-17 18:43:36,982 [INFO] IPUIPlugin:80 - create IPUIPlugin
2026-08-17 18:43:36,982 [INFO] IPUIPlugin:80 - create IPUIPlugin
2026-08-17 18:43:36,982 [INFO] IPUIPlugin:80 - create IPUIPlugin
2026-08-17 18:43:36,982 [INFO] IPUIPlugin:80 - create IPUIPlugin
2026-08-17 18:43:36,982 [INFO] IPUIPlugin:80 - create IPUIPlugin
2026-08-17 18:43:36,982 [INFO] IPUIPlugin:80 - create IPUIPlugin
2026-08-17 18:43:36,983 [INFO] IPUIPlugin:80 - create IPUIPlugin
2026-08-17 18:43:37,006 [INFO] ApiDbMcu:508 - Load IP Config File for PDM2PCM
2026-08-17 18:43:37,013 [WARN] IP:2250 - I2C_Coeff_DF not found: check if there is a RefParameter without a condition.
2026-08-17 18:43:37,013 [WARN] IP:2250 - Analog_Filter not found: check if there is a RefParameter without a condition.
2026-08-17 18:43:37,159 [INFO] CADModel:165 - CPN selected for project levelSTM32F411CEU6
2026-08-17 18:43:37,159 [INFO] CADModel:114 - Register for checkConnection events
2026-08-17 18:43:37,201 [INFO] OpenFileManager:385 - Restore cursor
2026-08-17 18:43:37,383 [WARN] IP:2250 - I2C_Coeff_DF not found: check if there is a RefParameter without a condition.
2026-08-17 18:43:37,384 [WARN] IP:2250 - Analog_Filter not found: check if there is a RefParameter without a condition.
2026-08-17 18:43:37,384 [WARN] IP:2250 - I2C_Coeff_DF not found: check if there is a RefParameter without a condition.
2026-08-17 18:43:37,384 [WARN] IP:2250 - Analog_Filter not found: check if there is a RefParameter without a condition.
2026-08-17 18:43:56,745 [ERROR] LogOutputStream:75 - [STDERR_REDIRECT] Aug 17, 2026 6:43:56 PM java.util.prefs.FileSystemPreferences checkLockFile0ErrorCode
2026-08-17 18:43:56,746 [ERROR] LogOutputStream:75 - [STDERR_REDIRECT] WARNING: Could not lock System prefs. Unix error code 2.
2026-08-17 18:43:56,746 [ERROR] LogOutputStream:75 - [STDERR_REDIRECT] 
2026-08-17 18:43:56,747 [ERROR] LogOutputStream:75 - [STDERR_REDIRECT] Aug 17, 2026 6:43:56 PM java.util.prefs.FileSystemPreferences syncWorld
2026-08-17 18:43:56,747 [ERROR] LogOutputStream:75 - [STDERR_REDIRECT] WARNING: Couldn't flush system prefs: java.util.prefs.BackingStoreException: Couldn't get file lock.
2026-08-17 18:43:56,747 [ERROR] LogOutputStream:75 - [STDERR_REDIRECT] 
2026-08-17 18:44:26,743 [ERROR] LogOutputStream:75 - [STDERR_REDIRECT] Aug 17, 2026 6:44:26 PM java.util.prefs.FileSystemPreferences checkLockFile0ErrorCode
2026-08-17 18:44:26,743 [ERROR] LogOutputStream:75 - [STDERR_REDIRECT] WARNING: Could not lock System prefs. Unix error code 2.
2026-08-17 18:44:26,743 [ERROR] LogOutputStream:75 - [STDERR_REDIRECT] 
2026-08-17 18:44:26,743 [ERROR] LogOutputStream:75 - [STDERR_REDIRECT] Aug 17, 2026 6:44:26 PM java.util.prefs.FileSystemPreferences syncWorld
2026-08-17 18:44:26,744 [ERROR] LogOutputStream:75 - [STDERR_REDIRECT] WARNING: Couldn't flush system prefs: java.util.prefs.BackingStoreException: Couldn't get file lock.
2026-08-17 18:44:26,744 [ERROR] LogOutputStream:75 - [STDERR_REDIRECT] 
2026-08-17 18:44:52,966 [INFO] MainUpdater:2872 - connection check result : 10
2026-08-17 18:44:52,966 [INFO] MainUpdater:2872 - connection check result : 10
2026-08-17 18:44:53,249 [INFO] MicroXplorer:468 - Change Database Path : 
2026-08-17 18:44:53,249 [INFO] MicroXplorer:498 - Change Database Version : DB.6.0.140
2026-08-17 18:44:53,261 [ERROR] ProjectManagerView:394 - 
java.lang.NullPointerException: Cannot invoke "javax.swing.JTextField.getText()" because the return value of "java.util.List.get(int)" is null
	at com.st.microxplorer.plugins.projectmanager.gui.ProjectChoiceTab$9.caretUpdate(ProjectChoiceTab.java:2678) ~[filemanager.jar:?]
	at javax.swing.text.JTextComponent.fireCaretUpdate(JTextComponent.java:408) ~[?:?]
	at javax.swing.text.JTextComponent$MutableCaretEvent.fire(JTextComponent.java:4484) ~[?:?]
	at javax.swing.text.JTextComponent$MutableCaretEvent.stateChanged(JTextComponent.java:4506) ~[?:?]
	at javax.swing.text.DefaultCaret.fireStateChanged(DefaultCaret.java:857) ~[?:?]
	at javax.swing.text.DefaultCaret.changeCaretPosition(DefaultCaret.java:1343) ~[?:?]
	at javax.swing.text.DefaultCaret.handleSetDot(DefaultCaret.java:1242) ~[?:?]
	at javax.swing.text.DefaultCaret.setDot(DefaultCaret.java:1223) ~[?:?]
	at javax.swing.text.DefaultCaret$Handler.insertUpdate(DefaultCaret.java:1819) ~[?:?]
	at javax.swing.text.AbstractDocument.fireInsertUpdate(AbstractDocument.java:227) ~[?:?]
	at javax.swing.text.AbstractDocument.handleInsertString(AbstractDocument.java:781) ~[?:?]
	at javax.swing.text.AbstractDocument.insertString(AbstractDocument.java:740) ~[?:?]
	at javax.swing.text.PlainDocument.insertString(PlainDocument.java:131) ~[?:?]
	at javax.swing.text.AbstractDocument.replace(AbstractDocument.java:699) ~[?:?]
	at javax.swing.text.JTextComponent.setText(JTextComponent.java:1725) ~[?:?]
	at com.st.microxplorer.plugins.projectmanager.gui.ProjectChoiceTab.createHeapStackFields(ProjectChoiceTab.java:979) ~[filemanager.jar:?]
	at com.st.microxplorer.plugins.projectmanager.gui.ProjectChoiceTab.buildLinkSettingsPanel(ProjectChoiceTab.java:3766) ~[filemanager.jar:?]
	at com.st.microxplorer.plugins.projectmanager.gui.ProjectChoiceTab.defineWindowsFields(ProjectChoiceTab.java:1962) ~[filemanager.jar:?]
	at com.st.microxplorer.plugins.projectmanager.gui.ProjectChoiceTab.updateSettings(ProjectChoiceTab.java:555) ~[filemanager.jar:?]
	at com.st.microxplorer.plugins.projectmanager.gui.ProjectSettingsPanel.UpdateDialog(ProjectSettingsPanel.java:245) ~[filemanager.jar:?]
	at com.st.microxplorer.plugins.projectmanager.ProjectManagerView.propertyChange(ProjectManagerView.java:391) ~[filemanager.jar:?]
	at java.beans.PropertyChangeSupport.fire(PropertyChangeSupport.java:343) ~[?:?]
	at java.beans.PropertyChangeSupport.firePropertyChange(PropertyChangeSupport.java:335) ~[?:?]
	at java.beans.PropertyChangeSupport.firePropertyChange(PropertyChangeSupport.java:268) ~[?:?]
	at com.st.microxplorer.util.MXPropertyChangeSupport.firePropertyChange(MXPropertyChangeSupport.java:54) ~[STM32CubeMX.jar:?]
	at com.st.microxplorer.mxsystem.MxSystem.closeConfig(MxSystem.java:899) ~[STM32CubeMX.jar:?]
	at com.st.microxplorer.maingui.MainPanel.closeConfig(MainPanel.java:789) ~[STM32CubeMX.jar:?]
	at com.st.microxplorer.plugins.filemanager.engine.OpenFileManager.loadConfigurationFile(OpenFileManager.java:287) ~[filemanager.jar:?]
	at com.st.microxplorer.plugins.filemanager.engine.MainFileManager.userLoadConfig(MainFileManager.java:341) ~[filemanager.jar:?]
	at com.st.microxplorer.plugins.filemanager.engine.MainFileManager.userLoadConfig(MainFileManager.java:319) ~[filemanager.jar:?]
	at com.st.microxplorer.plugins.filemanager.FileManagerView.getSpecificTask(FileManagerView.java:246) ~[filemanager.jar:?]
	at com.st.stm32cube.common.mx.editor.CubeMxEditor.getMxTabbedPaneInstance(CubeMxEditor.java:1198) ~[com.st.stm32cube.common.mx_6.14.0.202502271554/:?]
	at com.st.stm32cube.common.mx.editor.CubeMxEditor$12$1.createSwingComponent(CubeMxEditor.java:1068) ~[com.st.stm32cube.common.mx_6.14.0.202502271554/:?]
	at com.st.stm32cube.common.mx.oss.core.awtswtbridge.EmbeddedSwingComposite.doComponentCreation(EmbeddedSwingComposite.java:492) ~[com.st.stm32cube.common.mx.oss_6.14.0.202502271554/:?]
	at com.st.stm32cube.common.mx.oss.core.awtswtbridge.EmbeddedSwingComposite$4.run(EmbeddedSwingComposite.java:291) ~[com.st.stm32cube.common.mx.oss_6.14.0.202502271554/:?]
	at com.st.stm32cube.common.mx.oss.core.awtswtbridge.AwtEnvironment$2.run(AwtEnvironment.java:166) ~[com.st.stm32cube.common.mx.oss_6.14.0.202502271554/:?]
	at java.awt.event.InvocationEvent.dispatch(InvocationEvent.java:318) ~[?:?]
	at java.awt.EventQueue.dispatchEventImpl(EventQueue.java:773) ~[?:?]
	at java.awt.EventQueue$4.run(EventQueue.java:720) ~[?:?]
	at java.awt.EventQueue$4.run(EventQueue.java:714) ~[?:?]
	at java.security.AccessController.doPrivileged(AccessController.java:400) ~[?:?]
	at java.security.ProtectionDomain$JavaSecurityAccessImpl.doIntersectionPrivilege(ProtectionDomain.java:87) ~[?:?]
	at java.awt.EventQueue.dispatchEvent(EventQueue.java:742) ~[?:?]
	at java.awt.EventDispatchThread.pumpOneEventForFilters(EventDispatchThread.java:203) ~[?:?]
	at java.awt.EventDispatchThread.pumpEventsForFilter(EventDispatchThread.java:124) ~[?:?]
	at java.awt.EventDispatchThread.pumpEventsForHierarchy(EventDispatchThread.java:113) ~[?:?]
	at java.awt.EventDispatchThread.pumpEvents(EventDispatchThread.java:109) ~[?:?]
	at java.awt.EventDispatchThread.pumpEvents(EventDispatchThread.java:101) ~[?:?]
	at java.awt.EventDispatchThread.run(EventDispatchThread.java:90) ~[?:?]
2026-08-17 18:44:53,264 [WARN] ThirdParty:871 - waiting for thirdparty lock release [close project]
2026-08-17 18:44:53,264 [INFO] ThirdParty:873 - entering critical section [close project]
2026-08-17 18:44:53,264 [INFO] ThirdParty:883 - exiting critical section [close project]
2026-08-17 18:44:53,265 [INFO] PinOutPanel:1589 - setPackage(No Configuration,No Configuration)
2026-08-17 18:44:53,275 [WARN] IpParametersView:155 - Warning: This peripheral hasn't parameters
2026-08-17 18:44:53,289 [WARN] MainPanel:289 - <html><b><center>Warning: This peripheral has no parameters to be configured<br></b></html>
2026-08-17 18:44:53,296 [INFO] UtilMem:75 - Begin LoadConfig() Used Memory: 302637496 Bytes (555745280)
2026-08-17 18:44:53,297 [INFO] MicroXplorer:468 - Change Database Path : 
2026-08-17 18:44:53,297 [INFO] MicroXplorer:498 - Change Database Version : DB.6.0.140
2026-08-17 18:44:53,297 [INFO] OpenFileManager:354 - Change cursor
2026-08-17 18:44:53,301 [INFO] Mcu:2011 - Initializing MCU STM32F411C(C-E)Ux STM32F411CEUx STM32F411CEU6
2026-08-17 18:44:53,677 [INFO] Context:756 - Trying to add GPIOservice into a context  which must be forbidden
2026-08-17 18:44:53,857 [INFO] ImportTextPane:218 - (OptionalMessage_ERROR) Pin23 (VP_RIF_VS_RIF1) cannot be retrieved for this MCU
2026-08-17 18:44:53,873 [INFO] RtosManager:558 - Registered RTOS mode: class=CMSIS, group=RTOS, mode=CMSIS_V1, owner=FREERTOS
2026-08-17 18:44:53,873 [INFO] RtosManager:558 - Registered RTOS mode: class=CMSIS, group=RTOS2, mode=CMSIS_V2, owner=FREERTOS
2026-08-17 18:44:53,873 [INFO] RtosManager:558 - Registered RTOS mode: class=RTOS, group=Core, mode=CMSIS_V1, owner=FREERTOS
2026-08-17 18:44:53,873 [INFO] RtosManager:558 - Registered RTOS mode: class=RTOS, group=Core, mode=CMSIS_V2, owner=FREERTOS
2026-08-17 18:44:53,873 [WARN] ModelIntegratedComponent:184 - Missing modes for component STMicroelectronics:FreeRTOS:0.0.1:STMicroelectronics:RTOS:FreeRTOS:Core:::10.2.0:
2026-08-17 18:44:53,901 [WARN] ModelIntegratedComponent:182 - Modes not found for component STMicroelectronics:USB_HOST:1.0.0:STMicroelectronics:USB::USB Host:Audio HS::1.0:USB_HOST_1_0_RESTRICTED_HS
2026-08-17 18:44:53,901 [WARN] ModelIntegratedComponent:188 - Modes not found for component STMicroelectronics:USB_HOST:1.0.0:STMicroelectronics:USB::USB Host:Audio HS::1.0:USB_HOST_1_0_RESTRICTED_HS
2026-08-17 18:44:53,901 [WARN] ModelIntegratedComponent:182 - Modes not found for component STMicroelectronics:USB_HOST:1.0.0:STMicroelectronics:USB::USB Host:CDC HS::1.0:USB_HOST_1_0_RESTRICTED_HS
2026-08-17 18:44:53,901 [WARN] ModelIntegratedComponent:188 - Modes not found for component STMicroelectronics:USB_HOST:1.0.0:STMicroelectronics:USB::USB Host:CDC HS::1.0:USB_HOST_1_0_RESTRICTED_HS
2026-08-17 18:44:53,901 [WARN] ModelIntegratedComponent:182 - Modes not found for component STMicroelectronics:USB_HOST:1.0.0:STMicroelectronics:USB::USB Host:MSC HS::1.0:USB_HOST_1_0_RESTRICTED_HS
2026-08-17 18:44:53,901 [WARN] ModelIntegratedComponent:188 - Modes not found for component STMicroelectronics:USB_HOST:1.0.0:STMicroelectronics:USB::USB Host:MSC HS::1.0:USB_HOST_1_0_RESTRICTED_HS
2026-08-17 18:44:53,901 [WARN] ModelIntegratedComponent:182 - Modes not found for component STMicroelectronics:USB_HOST:1.0.0:STMicroelectronics:USB::USB Host:HID HS::1.0:USB_HOST_1_0_RESTRICTED_HS
2026-08-17 18:44:53,901 [WARN] ModelIntegratedComponent:188 - Modes not found for component STMicroelectronics:USB_HOST:1.0.0:STMicroelectronics:USB::USB Host:HID HS::1.0:USB_HOST_1_0_RESTRICTED_HS
2026-08-17 18:44:53,901 [WARN] ModelIntegratedComponent:182 - Modes not found for component STMicroelectronics:USB_HOST:1.0.0:STMicroelectronics:USB::USB Host:MTP HS::1.0:USB_HOST_1_0_RESTRICTED_HS
2026-08-17 18:44:53,901 [WARN] ModelIntegratedComponent:188 - Modes not found for component STMicroelectronics:USB_HOST:1.0.0:STMicroelectronics:USB::USB Host:MTP HS::1.0:USB_HOST_1_0_RESTRICTED_HS
2026-08-17 18:44:53,903 [WARN] ModelIntegratedComponent:63 - No mode defined for component null
2026-08-17 18:44:53,903 [WARN] ModelIntegratedComponent:63 - No mode defined for component null
2026-08-17 18:44:53,903 [WARN] ModelIntegratedComponent:63 - No mode defined for component null
2026-08-17 18:44:53,904 [WARN] ModelIntegratedComponent:63 - No mode defined for component null
2026-08-17 18:44:53,904 [WARN] ModelIntegratedComponent:63 - No mode defined for component null
2026-08-17 18:44:53,904 [WARN] ModelIntegratedComponent:63 - No mode defined for component null
2026-08-17 18:44:53,904 [WARN] ModelIntegratedComponent:63 - No mode defined for component null
2026-08-17 18:44:53,904 [WARN] ModelIntegratedComponent:63 - No mode defined for component null
2026-08-17 18:44:53,904 [WARN] ModelIntegratedComponent:63 - No mode defined for component null
2026-08-17 18:44:53,904 [WARN] ModelIntegratedComponent:63 - No mode defined for component null
2026-08-17 18:44:53,904 [WARN] ModelIntegratedComponent:63 - No mode defined for component null
2026-08-17 18:44:53,904 [WARN] ModelIntegratedComponent:63 - No mode defined for component null
2026-08-17 18:44:53,904 [WARN] ModelIntegratedComponent:63 - No mode defined for component null
2026-08-17 18:44:53,904 [WARN] ModelIntegratedComponent:63 - No mode defined for component null
2026-08-17 18:44:53,904 [WARN] ModelIntegratedComponent:63 - No mode defined for component null
2026-08-17 18:44:53,904 [WARN] ModelIntegratedComponent:63 - No mode defined for component null
2026-08-17 18:44:53,904 [WARN] ModelIntegratedComponent:63 - No mode defined for component null
2026-08-17 18:44:53,904 [WARN] ModelIntegratedComponent:63 - No mode defined for component null
2026-08-17 18:44:53,904 [WARN] ModelIntegratedComponent:63 - No mode defined for component null
2026-08-17 18:44:53,904 [WARN] ModelIntegratedComponent:63 - No mode defined for component null
2026-08-17 18:44:53,904 [WARN] ModelIntegratedComponent:63 - No mode defined for component null
2026-08-17 18:44:53,904 [WARN] ModelIntegratedComponent:63 - No mode defined for component null
2026-08-17 18:44:53,904 [WARN] ModelIntegratedComponent:63 - No mode defined for component null
2026-08-17 18:44:53,904 [WARN] ModelIntegratedComponent:63 - No mode defined for component null
2026-08-17 18:44:53,904 [WARN] ModelIntegratedComponent:63 - No mode defined for component null
2026-08-17 18:44:53,904 [WARN] ModelIntegratedComponent:63 - No mode defined for component null
2026-08-17 18:44:53,904 [WARN] ModelIntegratedComponent:63 - No mode defined for component null
2026-08-17 18:44:53,904 [WARN] ModelIntegratedComponent:63 - No mode defined for component null
2026-08-17 18:44:53,904 [WARN] ModelIntegratedComponent:63 - No mode defined for component null
2026-08-17 18:44:53,904 [WARN] ModelIntegratedComponent:63 - No mode defined for component null
2026-08-17 18:44:53,904 [WARN] ModelIntegratedComponent:63 - No mode defined for component null
2026-08-17 18:44:53,904 [WARN] ModelIntegratedComponent:63 - No mode defined for component null
2026-08-17 18:44:53,904 [WARN] ModelIntegratedComponent:63 - No mode defined for component null
2026-08-17 18:44:53,904 [WARN] ModelIntegratedComponent:63 - No mode defined for component null
2026-08-17 18:44:53,904 [WARN] ModelIntegratedComponent:63 - No mode defined for component null
2026-08-17 18:44:53,904 [WARN] ModelPack:524 - Component already loaded: STMicroelectronics:HAL Drivers:0.0.0:STMicroelectronics:Device:STMicro_Driver:XSPI:HAL::0.0.1:HAL_XSPI
2026-08-17 18:44:53,933 [WARN] ModelIntegratedComponent:182 - Modes not found for component STMicroelectronics:USB_DEVICE:1.0.0:STMicroelectronics:USB::USB Device:Audio HS::1.0:USB_DEVICE_1_0_RESTRICTED_HS
2026-08-17 18:44:53,933 [WARN] ModelIntegratedComponent:188 - Modes not found for component STMicroelectronics:USB_DEVICE:1.0.0:STMicroelectronics:USB::USB Device:Audio HS::1.0:USB_DEVICE_1_0_RESTRICTED_HS
2026-08-17 18:44:53,933 [WARN] ModelIntegratedComponent:182 - Modes not found for component STMicroelectronics:USB_DEVICE:1.0.0:STMicroelectronics:USB::USB Device:CDC HS::1.0:USB_DEVICE_1_0_RESTRICTED_HS
2026-08-17 18:44:53,933 [WARN] ModelIntegratedComponent:188 - Modes not found for component STMicroelectronics:USB_DEVICE:1.0.0:STMicroelectronics:USB::USB Device:CDC HS::1.0:USB_DEVICE_1_0_RESTRICTED_HS
2026-08-17 18:44:53,933 [WARN] ModelIntegratedComponent:182 - Modes not found for component STMicroelectronics:USB_DEVICE:1.0.0:STMicroelectronics:USB::USB Device:DFU HS::1.0:USB_DEVICE_1_0_RESTRICTED_HS
2026-08-17 18:44:53,933 [WARN] ModelIntegratedComponent:188 - Modes not found for component STMicroelectronics:USB_DEVICE:1.0.0:STMicroelectronics:USB::USB Device:DFU HS::1.0:USB_DEVICE_1_0_RESTRICTED_HS
2026-08-17 18:44:53,933 [WARN] ModelIntegratedComponent:182 - Modes not found for component STMicroelectronics:USB_DEVICE:1.0.0:STMicroelectronics:USB::USB Device:HID HS::1.0:USB_DEVICE_1_0_RESTRICTED_HS
2026-08-17 18:44:53,933 [WARN] ModelIntegratedComponent:188 - Modes not found for component STMicroelectronics:USB_DEVICE:1.0.0:STMicroelectronics:USB::USB Device:HID HS::1.0:USB_DEVICE_1_0_RESTRICTED_HS
2026-08-17 18:44:53,933 [WARN] ModelIntegratedComponent:182 - Modes not found for component STMicroelectronics:USB_DEVICE:1.0.0:STMicroelectronics:USB::USB Device:Custom HID HS::1.0:USB_DEVICE_1_0_RESTRICTED_HS
2026-08-17 18:44:53,933 [WARN] ModelIntegratedComponent:188 - Modes not found for component STMicroelectronics:USB_DEVICE:1.0.0:STMicroelectronics:USB::USB Device:Custom HID HS::1.0:USB_DEVICE_1_0_RESTRICTED_HS
2026-08-17 18:44:53,933 [WARN] ModelIntegratedComponent:182 - Modes not found for component STMicroelectronics:USB_DEVICE:1.0.0:STMicroelectronics:USB::USB Device:MSC HS::1.0:USB_DEVICE_1_0_RESTRICTED_HS
2026-08-17 18:44:53,933 [WARN] ModelIntegratedComponent:188 - Modes not found for component STMicroelectronics:USB_DEVICE:1.0.0:STMicroelectronics:USB::USB Device:MSC HS::1.0:USB_DEVICE_1_0_RESTRICTED_HS
2026-08-17 18:44:53,943 [INFO] ThirdPartyModel:298 - Start build external matchings
2026-08-17 18:44:54,156 [INFO] ThirdPartyModel:316 - End build external matchings
2026-08-17 18:44:54,165 [INFO] ImportTextPane:218 - (OptionalMessage_ERROR) IP (DMA) : Parameter (Instance) has Id (SPI1_RX) currently not set
2026-08-17 18:44:54,165 [INFO] ImportTextPane:218 - (OptionalMessage_ERROR) IP (DMA) : Parameter (Channel) has Id (SPI1_RX) currently not set
2026-08-17 18:44:54,165 [INFO] ImportTextPane:218 - (OptionalMessage_ERROR) IP (DMA) : Parameter (Direction) has Id (SPI1_RX) currently not set
2026-08-17 18:44:54,165 [INFO] ImportTextPane:218 - (OptionalMessage_ERROR) IP (DMA) : Parameter (PeriphInc) has Id (SPI1_RX) currently not set
2026-08-17 18:44:54,165 [INFO] ImportTextPane:218 - (OptionalMessage_ERROR) IP (DMA) : Parameter (MemInc) has Id (SPI1_RX) currently not set
2026-08-17 18:44:54,165 [INFO] ImportTextPane:218 - (OptionalMessage_ERROR) IP (DMA) : Parameter (PeriphDataAlignment) has Id (SPI1_RX) currently not set
2026-08-17 18:44:54,165 [INFO] ImportTextPane:218 - (OptionalMessage_ERROR) IP (DMA) : Parameter (MemDataAlignment) has Id (SPI1_RX) currently not set
2026-08-17 18:44:54,165 [INFO] ImportTextPane:218 - (OptionalMessage_ERROR) IP (DMA) : Parameter (Mode) has Id (SPI1_RX) currently not set
2026-08-17 18:44:54,166 [INFO] ImportTextPane:218 - (OptionalMessage_ERROR) IP (DMA) : Parameter (Priority) has Id (SPI1_RX) currently not set
2026-08-17 18:44:54,166 [INFO] ImportTextPane:218 - (OptionalMessage_ERROR) IP (DMA) : Parameter (FIFOMode) has Id (SPI1_RX) currently not set
2026-08-17 18:44:54,166 [INFO] ImportTextPane:218 - (OptionalMessage_ERROR) IP (RCC) : Parameter (48MHZClocksFreq_Value) has invalid value (50000000)
2026-08-17 18:44:54,166 [INFO] ImportTextPane:218 - (OptionalMessage_ERROR) IP (RCC) : Parameter (RTCHSEDivFreq_Value) has invalid value (12500000)
2026-08-17 18:44:54,287 [INFO] UtilMem:75 - End LoadConfig() Used Memory: 284606576 Bytes (555745280)
2026-08-17 18:44:54,303 [WARN] ThirdParty:833 - waiting for thirdparty lock release [change project]
2026-08-17 18:44:54,303 [INFO] ThirdParty:835 - entering critical section [change project]
2026-08-17 18:44:54,303 [INFO] ThirdParty:1030 - CMSIS Pack Vendor :STMicroelectronics X-CUBE-AZRTOS-H7 3.5.0
2026-08-17 18:44:54,303 [INFO] ThirdParty:1030 - CMSIS Pack Vendor :STMicroelectronics X-CUBE-PM33A1 1.0.0
2026-08-17 18:44:54,303 [INFO] ThirdParty:1030 - CMSIS Pack Vendor :STMicroelectronics USBPD 4.1
2026-08-17 18:44:54,303 [INFO] ThirdParty:1030 - CMSIS Pack Vendor :STMicroelectronics X-CUBE-NFC9 1.0.0
2026-08-17 18:44:54,303 [INFO] ThirdParty:1030 - CMSIS Pack Vendor :STMicroelectronics USB_HOST 2.0.0
2026-08-17 18:44:54,303 [INFO] ThirdParty:1030 - CMSIS Pack Vendor :STMicroelectronics FP-ATR-ASTRA1 2.0.3
2026-08-17 18:44:54,303 [INFO] ThirdParty:1030 - CMSIS Pack Vendor :STMicroelectronics X-CUBE-AZRTOS-F4 1.1.0
2026-08-17 18:44:54,303 [INFO] ThirdParty:1030 - CMSIS Pack Vendor :STMicroelectronics LIBJPEG 8.0.0
2026-08-17 18:44:54,303 [INFO] ThirdParty:1030 - CMSIS Pack Vendor :STMicroelectronics FP-ATR-ASTRA1 2.0.2
2026-08-17 18:44:54,303 [INFO] ThirdParty:1030 - CMSIS Pack Vendor :STMicroelectronics X-CUBE-BLE1 7.1.0
2026-08-17 18:44:54,303 [INFO] ThirdParty:1030 - CMSIS Pack Vendor :wolfSSL I-CUBE-wolfMQTT 1.19.2
2026-08-17 18:44:54,303 [INFO] ThirdParty:1030 - CMSIS Pack Vendor :STMicroelectronics USB_DEVICE 3.0.0
2026-08-17 18:44:54,304 [INFO] ThirdParty:1030 - CMSIS Pack Vendor :STMicroelectronics X-CUBE-ISPU 2.1.0
2026-08-17 18:44:54,304 [INFO] ThirdParty:1030 - CMSIS Pack Vendor :STMicroelectronics X-CUBE-EEPRMA1 5.2.0
2026-08-17 18:44:54,304 [INFO] ThirdParty:1030 - CMSIS Pack Vendor :STMicroelectronics eDS-WB_DPC_TT-BIDIR 2.1.1
2026-08-17 18:44:54,304 [INFO] ThirdParty:1030 - CMSIS Pack Vendor :STMicroelectronics X-CUBE-AZRTOS-WB 2.0.0
2026-08-17 18:44:54,304 [INFO] ThirdParty:1030 - CMSIS Pack Vendor :STMicroelectronics X-CUBE-NFC12 1.0.0
2026-08-17 18:44:54,304 [INFO] ThirdParty:1030 - CMSIS Pack Vendor :STMicroelectronics X-CUBE-AZRTOS-F7 1.1.0
2026-08-17 18:44:54,304 [INFO] ThirdParty:1030 - CMSIS Pack Vendor :STMicroelectronics X-CUBE-AZRTOS-L5 2.0.0
2026-08-17 18:44:54,304 [INFO] ThirdParty:1030 - CMSIS Pack Vendor :STMicroelectronics USB_DEVICE 2.0.0
2026-08-17 18:44:54,304 [INFO] ThirdParty:1030 - CMSIS Pack Vendor :quantropi X-CUBE-qispace-sdk-base 2.1.0
2026-08-17 18:44:54,304 [INFO] ThirdParty:1030 - CMSIS Pack Vendor :STMicroelectronics X-CUBE-STSE01 2.0.0
2026-08-17 18:44:54,304 [INFO] ThirdParty:1030 - CMSIS Pack Vendor :STMicroelectronics X-CUBE-ALGOBUILD 1.5.0
2026-08-17 18:44:54,304 [INFO] ThirdParty:1030 - CMSIS Pack Vendor :STMicroelectronics FreeRTOS 0.0.1
2026-08-17 18:44:54,304 [INFO] ThirdParty:1030 - CMSIS Pack Vendor :STMicroelectronics X-CUBE-AZRTOS-H7RS 1.3.0
2026-08-17 18:44:54,304 [INFO] ThirdParty:1030 - CMSIS Pack Vendor :STMicroelectronics X-CUBE-AZRTOS-G0 1.1.0
2026-08-17 18:44:54,304 [INFO] ThirdParty:1030 - CMSIS Pack Vendor :STMicroelectronics X-CUBE-NFC4 3.0.0
2026-08-17 18:44:54,304 [INFO] ThirdParty:1030 - CMSIS Pack Vendor :STMicroelectronics X-CUBE-SUBG2 5.0.0
2026-08-17 18:44:54,304 [INFO] ThirdParty:1030 - CMSIS Pack Vendor :STMicroelectronics STM32_WPAN 1.0.0
2026-08-17 18:44:54,304 [INFO] ThirdParty:1030 - CMSIS Pack Vendor :STMicroelectronics eDS-WB_DPC_VIENNA 1.2.0
2026-08-17 18:44:54,304 [INFO] ThirdParty:1030 - CMSIS Pack Vendor :EmbeddedOffice I-CUBE-FS-RTOS 1.0.1
2026-08-17 18:44:54,304 [INFO] ThirdParty:1030 - CMSIS Pack Vendor :STMicroelectronics lwIP 2.0.3
2026-08-17 18:44:54,304 [INFO] ThirdParty:1030 - CMSIS Pack Vendor :STMicroelectronics X-CUBE-MEMS1 13.0.0
2026-08-17 18:44:54,304 [INFO] ThirdParty:1030 - CMSIS Pack Vendor :STMicroelectronics eDS-WB_DPC_3PH2L-BIDIR 1.1.1
2026-08-17 18:44:54,304 [INFO] ThirdParty:1030 - CMSIS Pack Vendor :STMicroelectronics USB_HOST 1.0.0
2026-08-17 18:44:54,304 [INFO] ThirdParty:1030 - CMSIS Pack Vendor :STMicroelectronics X-CUBE-AZRTOS-G4 2.0.0
2026-08-17 18:44:54,304 [INFO] ThirdParty:1030 - CMSIS Pack Vendor :STMicroelectronics PDM2PCM 3.1.0
2026-08-17 18:44:54,304 [INFO] ThirdParty:1030 - CMSIS Pack Vendor :STMicroelectronics PDM2PCM 3.3.0
2026-08-17 18:44:54,304 [INFO] ThirdParty:1030 - CMSIS Pack Vendor :wolfSSL I-CUBE-wolfTPM 3.8.0
2026-08-17 18:44:54,304 [INFO] ThirdParty:1030 - CMSIS Pack Vendor :STMicroelectronics X-CUBE-DISPLAY 3.0.0
2026-08-17 18:44:54,304 [INFO] ThirdParty:1030 - CMSIS Pack Vendor :wolfSSL I-CUBE-wolfSSH 1.4.20
2026-08-17 18:44:54,304 [INFO] ThirdParty:1030 - CMSIS Pack Vendor :STMicroelectronics X-CUBE-NFC7 2.0.0
2026-08-17 18:44:54,304 [INFO] ThirdParty:1030 - CMSIS Pack Vendor :STMicroelectronics X-CUBE-GNSS1 7.1.1
2026-08-17 18:44:54,304 [INFO] ThirdParty:1030 - CMSIS Pack Vendor :STMicroelectronics X-CUBE-TCPP 4.2.0
2026-08-17 18:44:54,304 [INFO] ThirdParty:1030 - CMSIS Pack Vendor :RealThread X-CUBE-RT-Thread_Nano 4.1.1
2026-08-17 18:44:54,304 [INFO] ThirdParty:1030 - CMSIS Pack Vendor :wolfSSL I-CUBE-wolfSSL 5.9.1
2026-08-17 18:44:54,304 [INFO] ThirdParty:1030 - CMSIS Pack Vendor :STMicroelectronics FP-ATR-SIGFOX1 3.2.0
2026-08-17 18:44:54,304 [INFO] ThirdParty:1030 - CMSIS Pack Vendor :STMicroelectronics X-CUBE-NFC10 1.0.0
2026-08-17 18:44:54,304 [INFO] ThirdParty:1030 - CMSIS Pack Vendor :STMicroelectronics HAL Drivers 0.0.0
2026-08-17 18:44:54,304 [INFO] ThirdParty:1030 - CMSIS Pack Vendor :STMicroelectronics MBEDTLS 2.16.2
2026-08-17 18:44:54,304 [INFO] ThirdParty:1030 - CMSIS Pack Vendor :STMicroelectronics X-CUBE-ST60 1.1.0
2026-08-17 18:44:54,304 [INFO] ThirdParty:1030 - CMSIS Pack Vendor :STMicroelectronics X-CUBE-ALS 1.0.2
2026-08-17 18:44:54,304 [INFO] ThirdParty:1030 - CMSIS Pack Vendor :emotas I-CUBE-CANOPEN 1.3.0
2026-08-17 18:44:54,304 [INFO] ThirdParty:1030 - CMSIS Pack Vendor :STMicroelectronics MBEDTLS 2.14.1
2026-08-17 18:44:54,304 [INFO] ThirdParty:1030 - CMSIS Pack Vendor :ITTIA_DB I-CUBE-ITTIADB 8.9.0
2026-08-17 18:44:54,304 [INFO] ThirdParty:1030 - CMSIS Pack Vendor :Cesanta I-CUBE-Mongoose 7.21.7
2026-08-17 18:44:54,304 [INFO] ThirdParty:1030 - CMSIS Pack Vendor :STMicroelectronics X-CUBE-TOUCHGFX 4.26.1
2026-08-17 18:44:54,304 [INFO] ThirdParty:1030 - CMSIS Pack Vendor :STMicroelectronics X-CUBE-NFC6 3.2.0
2026-08-17 18:44:54,305 [INFO] ThirdParty:1030 - CMSIS Pack Vendor :STMicroelectronics X-CUBE-AI 10.2.1
2026-08-17 18:44:54,305 [INFO] ThirdParty:1030 - CMSIS Pack Vendor :STMicroelectronics ThreadX 1.0.0
2026-08-17 18:44:54,305 [INFO] ThirdParty:1030 - CMSIS Pack Vendor :STMicroelectronics FP-SNS-SMARTAG2 1.2.0
2026-08-17 18:44:54,305 [INFO] ThirdParty:1030 - CMSIS Pack Vendor :STMicroelectronics X-CUBE-MEMS1 12.1.0
2026-08-17 18:44:54,305 [INFO] ThirdParty:1030 - CMSIS Pack Vendor :STMicroelectronics FP-SNS-FLIGHT1 5.1.0
2026-08-17 18:44:54,305 [INFO] ThirdParty:1030 - CMSIS Pack Vendor :STMicroelectronics X-CUBE-AZRTOS-WL 2.0.0
2026-08-17 18:44:54,305 [INFO] ThirdParty:1030 - CMSIS Pack Vendor :SEGGER I-CUBE-embOS 1.3.1
2026-08-17 18:44:54,305 [INFO] ThirdParty:1030 - CMSIS Pack Vendor :STMicroelectronics X-CUBE-DPower 1.3.0
2026-08-17 18:44:54,305 [INFO] ThirdParty:1030 - CMSIS Pack Vendor :STMicroelectronics USB_DEVICE 1.0.0
2026-08-17 18:44:54,305 [INFO] ThirdParty:1030 - CMSIS Pack Vendor :STMicroelectronics X-CUBE-AZRTOS-L4 2.0.0
2026-08-17 18:44:54,305 [INFO] ThirdParty:1030 - CMSIS Pack Vendor :STMicroelectronics ThreadX 0.0.2
2026-08-17 18:44:54,305 [INFO] ThirdParty:1030 - CMSIS Pack Vendor :STMicroelectronics lwIP 2.1.2
2026-08-17 18:44:54,305 [INFO] ThirdParty:1030 - CMSIS Pack Vendor :STMicroelectronics X-CUBE-SFXS2LP1 4.0.0
2026-08-17 18:44:54,305 [INFO] ThirdParty:1030 - CMSIS Pack Vendor :STMicroelectronics X-CUBE-BLE2 3.3.0
2026-08-17 18:44:54,305 [INFO] ThirdParty:1030 - CMSIS Pack Vendor :Avnet-IOTCONNECT X-CUBE-iotc-st67-sdk 1.0.0
2026-08-17 18:44:54,305 [INFO] ThirdParty:1030 - CMSIS Pack Vendor :STMicroelectronics X-CUBE-TOF1 3.4.3
2026-08-17 18:44:54,305 [INFO] ThirdParty:1030 - CMSIS Pack Vendor :Infineon AIROC-Wi-Fi-Bluetooth-STM32 1.8.0
2026-08-17 18:44:54,305 [INFO] ThirdParty:1030 - CMSIS Pack Vendor :STMicroelectronics X-CUBE-NFC13 1.0.0
2026-08-17 18:44:54,305 [INFO] ThirdParty:1030 - CMSIS Pack Vendor :STMicroelectronics PDM2PCM 3.2.0
2026-08-17 18:44:54,305 [INFO] ThirdParty:1030 - CMSIS Pack Vendor :STMicroelectronics X-CUBE-WB05N 2.1.0
2026-08-17 18:44:54,305 [INFO] ThirdParty:841 - exiting critical section [change project]
2026-08-17 18:44:54,492 [INFO] PinOutPanel:1589 - setPackage(No Configuration,No Configuration)
2026-08-17 18:44:54,493 [INFO] PinOutPanel:1589 - setPackage(STM32F411CEUx,UFQFPN48)
2026-08-17 18:44:54,588 [INFO] UtilMem:75 - Before build in PCC Used Memory: 414032632 Bytes (555745280)
2026-08-17 18:44:54,704 [INFO] UtilMem:75 - After build in PCC Used Memory: 457479576 Bytes (555745280)
2026-08-17 18:44:54,717 [INFO] IPUIPlugin:80 - create IPUIPlugin
2026-08-17 18:44:54,717 [INFO] IPUIPlugin:80 - create IPUIPlugin
2026-08-17 18:44:54,717 [INFO] IPUIPlugin:80 - create IPUIPlugin
2026-08-17 18:44:54,717 [INFO] IPUIPlugin:80 - create IPUIPlugin
2026-08-17 18:44:54,717 [INFO] IPUIPlugin:80 - create IPUIPlugin
2026-08-17 18:44:54,717 [INFO] IPUIPlugin:80 - create IPUIPlugin
2026-08-17 18:44:54,717 [INFO] IPUIPlugin:80 - create IPUIPlugin
2026-08-17 18:44:54,718 [INFO] IPUIPlugin:80 - create IPUIPlugin
2026-08-17 18:44:54,718 [INFO] IPUIPlugin:80 - create IPUIPlugin
2026-08-17 18:44:54,718 [INFO] IPUIPlugin:80 - create IPUIPlugin
2026-08-17 18:44:54,718 [INFO] IPUIPlugin:80 - create IPUIPlugin
2026-08-17 18:44:54,718 [INFO] IPUIPlugin:80 - create IPUIPlugin
2026-08-17 18:44:54,718 [INFO] IPUIPlugin:80 - create IPUIPlugin
2026-08-17 18:44:54,718 [INFO] IPUIPlugin:80 - create IPUIPlugin
2026-08-17 18:44:54,718 [INFO] IPUIPlugin:80 - create IPUIPlugin
2026-08-17 18:44:54,718 [INFO] IPUIPlugin:80 - create IPUIPlugin
2026-08-17 18:44:54,718 [INFO] IPUIPlugin:80 - create IPUIPlugin
2026-08-17 18:44:54,718 [INFO] IPUIPlugin:80 - create IPUIPlugin
2026-08-17 18:44:54,718 [INFO] IPUIPlugin:80 - create IPUIPlugin
2026-08-17 18:44:54,718 [INFO] IPUIPlugin:80 - create IPUIPlugin
2026-08-17 18:44:54,718 [INFO] IPUIPlugin:80 - create IPUIPlugin
2026-08-17 18:44:54,719 [INFO] IPUIPlugin:80 - create IPUIPlugin
2026-08-17 18:44:54,719 [INFO] IPUIPlugin:80 - create IPUIPlugin
2026-08-17 18:44:54,719 [INFO] IPUIPlugin:80 - create IPUIPlugin
2026-08-17 18:44:54,719 [INFO] IPUIPlugin:80 - create IPUIPlugin
2026-08-17 18:44:54,719 [INFO] IPUIPlugin:80 - create IPUIPlugin
2026-08-17 18:44:54,719 [INFO] IPUIPlugin:80 - create IPUIPlugin
2026-08-17 18:44:54,719 [INFO] IPUIPlugin:80 - create IPUIPlugin
2026-08-17 18:44:54,719 [INFO] IPUIPlugin:80 - create IPUIPlugin
2026-08-17 18:44:54,719 [INFO] IPUIPlugin:80 - create IPUIPlugin
2026-08-17 18:44:54,719 [INFO] IPUIPlugin:80 - create IPUIPlugin
2026-08-17 18:44:54,719 [INFO] IPUIPlugin:80 - create IPUIPlugin
2026-08-17 18:44:54,720 [INFO] IPUIPlugin:80 - create IPUIPlugin
2026-08-17 18:44:54,720 [INFO] IPUIPlugin:80 - create IPUIPlugin
2026-08-17 18:44:54,720 [INFO] IPUIPlugin:80 - create IPUIPlugin
2026-08-17 18:44:54,720 [INFO] IPUIPlugin:80 - create IPUIPlugin
2026-08-17 18:44:54,720 [INFO] IPUIPlugin:80 - create IPUIPlugin
2026-08-17 18:44:54,720 [INFO] IPUIPlugin:80 - create IPUIPlugin
2026-08-17 18:44:54,720 [INFO] IPUIPlugin:80 - create IPUIPlugin
2026-08-17 18:44:54,720 [INFO] IPUIPlugin:80 - create IPUIPlugin
2026-08-17 18:44:54,721 [INFO] IPUIPlugin:80 - create IPUIPlugin
2026-08-17 18:44:54,721 [INFO] IPUIPlugin:80 - create IPUIPlugin
2026-08-17 18:44:54,721 [INFO] IPUIPlugin:80 - create IPUIPlugin
2026-08-17 18:44:54,723 [INFO] ApiDbMcu:508 - Load IP Config File for PDM2PCM
2026-08-17 18:44:54,724 [WARN] IP:2250 - I2C_Coeff_DF not found: check if there is a RefParameter without a condition.
2026-08-17 18:44:54,724 [WARN] IP:2250 - Analog_Filter not found: check if there is a RefParameter without a condition.
2026-08-17 18:44:54,755 [INFO] CADModel:165 - CPN selected for project levelSTM32F411CEU6
2026-08-17 18:44:54,755 [INFO] CADModel:114 - Register for checkConnection events
2026-08-17 18:44:54,791 [INFO] OpenFileManager:385 - Restore cursor
2026-08-17 18:44:54,948 [WARN] IP:2250 - I2C_Coeff_DF not found: check if there is a RefParameter without a condition.
2026-08-17 18:44:54,949 [WARN] IP:2250 - Analog_Filter not found: check if there is a RefParameter without a condition.
2026-08-17 18:44:54,949 [WARN] IP:2250 - I2C_Coeff_DF not found: check if there is a RefParameter without a condition.
2026-08-17 18:44:54,949 [WARN] IP:2250 - Analog_Filter not found: check if there is a RefParameter without a condition.
2026-08-17 18:44:56,746 [ERROR] LogOutputStream:75 - [STDERR_REDIRECT] Aug 17, 2026 6:44:56 PM java.util.prefs.FileSystemPreferences checkLockFile0ErrorCode
2026-08-17 18:44:56,747 [ERROR] LogOutputStream:75 - [STDERR_REDIRECT] WARNING: Could not lock System prefs. Unix error code 2.
2026-08-17 18:44:56,747 [ERROR] LogOutputStream:75 - [STDERR_REDIRECT] 
2026-08-17 18:44:56,747 [ERROR] LogOutputStream:75 - [STDERR_REDIRECT] Aug 17, 2026 6:44:56 PM java.util.prefs.FileSystemPreferences syncWorld
2026-08-17 18:44:56,748 [ERROR] LogOutputStream:75 - [STDERR_REDIRECT] WARNING: Couldn't flush system prefs: java.util.prefs.BackingStoreException: Couldn't get file lock.
2026-08-17 18:44:56,748 [ERROR] LogOutputStream:75 - [STDERR_REDIRECT] 
2026-08-17 18:45:26,742 [ERROR] LogOutputStream:75 - [STDERR_REDIRECT] Aug 17, 2026 6:45:26 PM java.util.prefs.FileSystemPreferences checkLockFile0ErrorCode
2026-08-17 18:45:26,742 [ERROR] LogOutputStream:75 - [STDERR_REDIRECT] WARNING: Could not lock System prefs. Unix error code 2.
2026-08-17 18:45:26,742 [ERROR] LogOutputStream:75 - [STDERR_REDIRECT] 
2026-08-17 18:45:26,742 [ERROR] LogOutputStream:75 - [STDERR_REDIRECT] Aug 17, 2026 6:45:26 PM java.util.prefs.FileSystemPreferences syncWorld
2026-08-17 18:45:26,742 [ERROR] LogOutputStream:75 - [STDERR_REDIRECT] WARNING: Couldn't flush system prefs: java.util.prefs.BackingStoreException: Couldn't get file lock.
2026-08-17 18:45:26,742 [ERROR] LogOutputStream:75 - [STDERR_REDIRECT] 
2026-08-17 18:45:56,744 [ERROR] LogOutputStream:75 - [STDERR_REDIRECT] Aug 17, 2026 6:45:56 PM java.util.prefs.FileSystemPreferences checkLockFile0ErrorCode
2026-08-17 18:45:56,744 [ERROR] LogOutputStream:75 - [STDERR_REDIRECT] WARNING: Could not lock System prefs. Unix error code 2.
2026-08-17 18:45:56,744 [ERROR] LogOutputStream:75 - [STDERR_REDIRECT] 
2026-08-17 18:45:56,745 [ERROR] LogOutputStream:75 - [STDERR_REDIRECT] Aug 17, 2026 6:45:56 PM java.util.prefs.FileSystemPreferences syncWorld
2026-08-17 18:45:56,745 [ERROR] LogOutputStream:75 - [STDERR_REDIRECT] WARNING: Couldn't flush system prefs: java.util.prefs.BackingStoreException: Couldn't get file lock.
2026-08-17 18:45:56,745 [ERROR] LogOutputStream:75 - [STDERR_REDIRECT] 
2026-08-17 18:46:26,743 [ERROR] LogOutputStream:75 - [STDERR_REDIRECT] Aug 17, 2026 6:46:26 PM java.util.prefs.FileSystemPreferences checkLockFile0ErrorCode
2026-08-17 18:46:26,744 [ERROR] LogOutputStream:75 - [STDERR_REDIRECT] WARNING: Could not lock System prefs. Unix error code 2.
2026-08-17 18:46:26,744 [ERROR] LogOutputStream:75 - [STDERR_REDIRECT] 
2026-08-17 18:46:26,744 [ERROR] LogOutputStream:75 - [STDERR_REDIRECT] Aug 17, 2026 6:46:26 PM java.util.prefs.FileSystemPreferences syncWorld
2026-08-17 18:46:26,744 [ERROR] LogOutputStream:75 - [STDERR_REDIRECT] WARNING: Couldn't flush system prefs: java.util.prefs.BackingStoreException: Couldn't get file lock.
2026-08-17 18:46:26,745 [ERROR] LogOutputStream:75 - [STDERR_REDIRECT] 
2026-08-17 18:46:56,741 [ERROR] LogOutputStream:75 - [STDERR_REDIRECT] Aug 17, 2026 6:46:56 PM java.util.prefs.FileSystemPreferences checkLockFile0ErrorCode
2026-08-17 18:46:56,741 [ERROR] LogOutputStream:75 - [STDERR_REDIRECT] WARNING: Could not lock System prefs. Unix error code 2.
2026-08-17 18:46:56,741 [ERROR] LogOutputStream:75 - [STDERR_REDIRECT] 
2026-08-17 18:46:56,742 [ERROR] LogOutputStream:75 - [STDERR_REDIRECT] Aug 17, 2026 6:46:56 PM java.util.prefs.FileSystemPreferences syncWorld
2026-08-17 18:46:56,742 [ERROR] LogOutputStream:75 - [STDERR_REDIRECT] WARNING: Couldn't flush system prefs: java.util.prefs.BackingStoreException: Couldn't get file lock.
2026-08-17 18:46:56,742 [ERROR] LogOutputStream:75 - [STDERR_REDIRECT] 
2026-08-17 18:47:26,742 [ERROR] LogOutputStream:75 - [STDERR_REDIRECT] Aug 17, 2026 6:47:26 PM java.util.prefs.FileSystemPreferences checkLockFile0ErrorCode
2026-08-17 18:47:26,742 [ERROR] LogOutputStream:75 - [STDERR_REDIRECT] WARNING: Could not lock System prefs. Unix error code 2.
2026-08-17 18:47:26,742 [ERROR] LogOutputStream:75 - [STDERR_REDIRECT] 
2026-08-17 18:47:26,742 [ERROR] LogOutputStream:75 - [STDERR_REDIRECT] Aug 17, 2026 6:47:26 PM java.util.prefs.FileSystemPreferences syncWorld
2026-08-17 18:47:26,742 [ERROR] LogOutputStream:75 - [STDERR_REDIRECT] WARNING: Couldn't flush system prefs: java.util.prefs.BackingStoreException: Couldn't get file lock.
2026-08-17 18:47:26,742 [ERROR] LogOutputStream:75 - [STDERR_REDIRECT] 
2026-08-17 18:47:56,746 [ERROR] LogOutputStream:75 - [STDERR_REDIRECT] Aug 17, 2026 6:47:56 PM java.util.prefs.FileSystemPreferences checkLockFile0ErrorCode
2026-08-17 18:47:56,747 [ERROR] LogOutputStream:75 - [STDERR_REDIRECT] WARNING: Could not lock System prefs. Unix error code 2.
2026-08-17 18:47:56,753 [ERROR] LogOutputStream:75 - [STDERR_REDIRECT] 
2026-08-17 18:47:56,753 [ERROR] LogOutputStream:75 - [STDERR_REDIRECT] Aug 17, 2026 6:47:56 PM java.util.prefs.FileSystemPreferences syncWorld
2026-08-17 18:47:56,754 [ERROR] LogOutputStream:75 - [STDERR_REDIRECT] WARNING: Couldn't flush system prefs: java.util.prefs.BackingStoreException: Couldn't get file lock.
2026-08-17 18:47:56,754 [ERROR] LogOutputStream:75 - [STDERR_REDIRECT] 
2026-08-17 18:48:26,742 [ERROR] LogOutputStream:75 - [STDERR_REDIRECT] Aug 17, 2026 6:48:26 PM java.util.prefs.FileSystemPreferences checkLockFile0ErrorCode
2026-08-17 18:48:26,743 [ERROR] LogOutputStream:75 - [STDERR_REDIRECT] WARNING: Could not lock System prefs. Unix error code 2.
2026-08-17 18:48:26,743 [ERROR] LogOutputStream:75 - [STDERR_REDIRECT] 
2026-08-17 18:48:26,743 [ERROR] LogOutputStream:75 - [STDERR_REDIRECT] Aug 17, 2026 6:48:26 PM java.util.prefs.FileSystemPreferences syncWorld
2026-08-17 18:48:26,743 [ERROR] LogOutputStream:75 - [STDERR_REDIRECT] WARNING: Couldn't flush system prefs: java.util.prefs.BackingStoreException: Couldn't get file lock.
2026-08-17 18:48:26,743 [ERROR] LogOutputStream:75 - [STDERR_REDIRECT] 
2026-08-17 18:48:56,742 [ERROR] LogOutputStream:75 - [STDERR_REDIRECT] Aug 17, 2026 6:48:56 PM java.util.prefs.FileSystemPreferences checkLockFile0ErrorCode
2026-08-17 18:48:56,742 [ERROR] LogOutputStream:75 - [STDERR_REDIRECT] WARNING: Could not lock System prefs. Unix error code 2.
2026-08-17 18:48:56,742 [ERROR] LogOutputStream:75 - [STDERR_REDIRECT] 
2026-08-17 18:48:56,742 [ERROR] LogOutputStream:75 - [STDERR_REDIRECT] Aug 17, 2026 6:48:56 PM java.util.prefs.FileSystemPreferences syncWorld
2026-08-17 18:48:56,742 [ERROR] LogOutputStream:75 - [STDERR_REDIRECT] WARNING: Couldn't flush system prefs: java.util.prefs.BackingStoreException: Couldn't get file lock.
2026-08-17 18:48:56,742 [ERROR] LogOutputStream:75 - [STDERR_REDIRECT] 
2026-08-17 18:49:26,743 [ERROR] LogOutputStream:75 - [STDERR_REDIRECT] Aug 17, 2026 6:49:26 PM java.util.prefs.FileSystemPreferences checkLockFile0ErrorCode
2026-08-17 18:49:26,744 [ERROR] LogOutputStream:75 - [STDERR_REDIRECT] WARNING: Could not lock System prefs. Unix error code 2.
2026-08-17 18:49:26,744 [ERROR] LogOutputStream:75 - [STDERR_REDIRECT] 
2026-08-17 18:49:26,744 [ERROR] LogOutputStream:75 - [STDERR_REDIRECT] Aug 17, 2026 6:49:26 PM java.util.prefs.FileSystemPreferences syncWorld
2026-08-17 18:49:26,745 [ERROR] LogOutputStream:75 - [STDERR_REDIRECT] WARNING: Couldn't flush system prefs: java.util.prefs.BackingStoreException: Couldn't get file lock.
2026-08-17 18:49:26,745 [ERROR] LogOutputStream:75 - [STDERR_REDIRECT] 
2026-08-17 18:49:56,744 [ERROR] LogOutputStream:75 - [STDERR_REDIRECT] Aug 17, 2026 6:49:56 PM java.util.prefs.FileSystemPreferences checkLockFile0ErrorCode
2026-08-17 18:49:56,744 [ERROR] LogOutputStream:75 - [STDERR_REDIRECT] WARNING: Could not lock System prefs. Unix error code 2.
2026-08-17 18:49:56,750 [ERROR] LogOutputStream:75 - [STDERR_REDIRECT] 
2026-08-17 18:49:56,750 [ERROR] LogOutputStream:75 - [STDERR_REDIRECT] Aug 17, 2026 6:49:56 PM java.util.prefs.FileSystemPreferences syncWorld
2026-08-17 18:49:56,751 [ERROR] LogOutputStream:75 - [STDERR_REDIRECT] WARNING: Couldn't flush system prefs: java.util.prefs.BackingStoreException: Couldn't get file lock.
2026-08-17 18:49:56,751 [ERROR] LogOutputStream:75 - [STDERR_REDIRECT] 
2026-08-17 18:50:26,744 [ERROR] LogOutputStream:75 - [STDERR_REDIRECT] Aug 17, 2026 6:50:26 PM java.util.prefs.FileSystemPreferences checkLockFile0ErrorCode
2026-08-17 18:50:26,744 [ERROR] LogOutputStream:75 - [STDERR_REDIRECT] WARNING: Could not lock System prefs. Unix error code 2.
2026-08-17 18:50:26,744 [ERROR] LogOutputStream:75 - [STDERR_REDIRECT] 
2026-08-17 18:50:26,745 [ERROR] LogOutputStream:75 - [STDERR_REDIRECT] Aug 17, 2026 6:50:26 PM java.util.prefs.FileSystemPreferences syncWorld
2026-08-17 18:50:26,745 [ERROR] LogOutputStream:75 - [STDERR_REDIRECT] WARNING: Couldn't flush system prefs: java.util.prefs.BackingStoreException: Couldn't get file lock.
2026-08-17 18:50:26,745 [ERROR] LogOutputStream:75 - [STDERR_REDIRECT] 
2026-08-17 18:50:56,743 [ERROR] LogOutputStream:75 - [STDERR_REDIRECT] Aug 17, 2026 6:50:56 PM java.util.prefs.FileSystemPreferences checkLockFile0ErrorCode
2026-08-17 18:50:56,743 [ERROR] LogOutputStream:75 - [STDERR_REDIRECT] WARNING: Could not lock System prefs. Unix error code 2.
2026-08-17 18:50:56,743 [ERROR] LogOutputStream:75 - [STDERR_REDIRECT] 
2026-08-17 18:50:56,743 [ERROR] LogOutputStream:75 - [STDERR_REDIRECT] Aug 17, 2026 6:50:56 PM java.util.prefs.FileSystemPreferences syncWorld
2026-08-17 18:50:56,743 [ERROR] LogOutputStream:75 - [STDERR_REDIRECT] WARNING: Couldn't flush system prefs: java.util.prefs.BackingStoreException: Couldn't get file lock.
2026-08-17 18:50:56,743 [ERROR] LogOutputStream:75 - [STDERR_REDIRECT] 
2026-08-17 18:51:26,744 [ERROR] LogOutputStream:75 - [STDERR_REDIRECT] Aug 17, 2026 6:51:26 PM java.util.prefs.FileSystemPreferences checkLockFile0ErrorCode
2026-08-17 18:51:26,745 [ERROR] LogOutputStream:75 - [STDERR_REDIRECT] WARNING: Could not lock System prefs. Unix error code 2.
2026-08-17 18:51:26,745 [ERROR] LogOutputStream:75 - [STDERR_REDIRECT] 
2026-08-17 18:51:26,745 [ERROR] LogOutputStream:75 - [STDERR_REDIRECT] Aug 17, 2026 6:51:26 PM java.util.prefs.FileSystemPreferences syncWorld
2026-08-17 18:51:26,746 [ERROR] LogOutputStream:75 - [STDERR_REDIRECT] WARNING: Couldn't flush system prefs: java.util.prefs.BackingStoreException: Couldn't get file lock.
2026-08-17 18:51:26,746 [ERROR] LogOutputStream:75 - [STDERR_REDIRECT] 
2026-08-17 18:51:56,743 [ERROR] LogOutputStream:75 - [STDERR_REDIRECT] Aug 17, 2026 6:51:56 PM java.util.prefs.FileSystemPreferences checkLockFile0ErrorCode
2026-08-17 18:51:56,743 [ERROR] LogOutputStream:75 - [STDERR_REDIRECT] WARNING: Could not lock System prefs. Unix error code 2.
2026-08-17 18:51:56,743 [ERROR] LogOutputStream:75 - [STDERR_REDIRECT] 
2026-08-17 18:51:56,743 [ERROR] LogOutputStream:75 - [STDERR_REDIRECT] Aug 17, 2026 6:51:56 PM java.util.prefs.FileSystemPreferences syncWorld
2026-08-17 18:51:56,744 [ERROR] LogOutputStream:75 - [STDERR_REDIRECT] WARNING: Couldn't flush system prefs: java.util.prefs.BackingStoreException: Couldn't get file lock.
2026-08-17 18:51:56,744 [ERROR] LogOutputStream:75 - [STDERR_REDIRECT] 
2026-08-17 18:52:26,744 [ERROR] LogOutputStream:75 - [STDERR_REDIRECT] Aug 17, 2026 6:52:26 PM java.util.prefs.FileSystemPreferences checkLockFile0ErrorCode
2026-08-17 18:52:26,744 [ERROR] LogOutputStream:75 - [STDERR_REDIRECT] WARNING: Could not lock System prefs. Unix error code 2.
2026-08-17 18:52:26,745 [ERROR] LogOutputStream:75 - [STDERR_REDIRECT] 
2026-08-17 18:52:26,745 [ERROR] LogOutputStream:75 - [STDERR_REDIRECT] Aug 17, 2026 6:52:26 PM java.util.prefs.FileSystemPreferences syncWorld
2026-08-17 18:52:26,745 [ERROR] LogOutputStream:75 - [STDERR_REDIRECT] WARNING: Couldn't flush system prefs: java.util.prefs.BackingStoreException: Couldn't get file lock.
2026-08-17 18:52:26,746 [ERROR] LogOutputStream:75 - [STDERR_REDIRECT] 
2026-08-17 18:52:56,743 [ERROR] LogOutputStream:75 - [STDERR_REDIRECT] Aug 17, 2026 6:52:56 PM java.util.prefs.FileSystemPreferences checkLockFile0ErrorCode
2026-08-17 18:52:56,744 [ERROR] LogOutputStream:75 - [STDERR_REDIRECT] WARNING: Could not lock System prefs. Unix error code 2.
2026-08-17 18:52:56,744 [ERROR] LogOutputStream:75 - [STDERR_REDIRECT] 
2026-08-17 18:52:56,744 [ERROR] LogOutputStream:75 - [STDERR_REDIRECT] Aug 17, 2026 6:52:56 PM java.util.prefs.FileSystemPreferences syncWorld
2026-08-17 18:52:56,744 [ERROR] LogOutputStream:75 - [STDERR_REDIRECT] WARNING: Couldn't flush system prefs: java.util.prefs.BackingStoreException: Couldn't get file lock.
2026-08-17 18:52:56,744 [ERROR] LogOutputStream:75 - [STDERR_REDIRECT] 
2026-08-17 18:53:26,747 [ERROR] LogOutputStream:75 - [STDERR_REDIRECT] Aug 17, 2026 6:53:26 PM java.util.prefs.FileSystemPreferences checkLockFile0ErrorCode
2026-08-17 18:53:26,747 [ERROR] LogOutputStream:75 - [STDERR_REDIRECT] WARNING: Could not lock System prefs. Unix error code 2.
2026-08-17 18:53:26,748 [ERROR] LogOutputStream:75 - [STDERR_REDIRECT] 
2026-08-17 18:53:26,748 [ERROR] LogOutputStream:75 - [STDERR_REDIRECT] Aug 17, 2026 6:53:26 PM java.util.prefs.FileSystemPreferences syncWorld
2026-08-17 18:53:26,748 [ERROR] LogOutputStream:75 - [STDERR_REDIRECT] WARNING: Couldn't flush system prefs: java.util.prefs.BackingStoreException: Couldn't get file lock.
2026-08-17 18:53:26,748 [ERROR] LogOutputStream:75 - [STDERR_REDIRECT] 
2026-08-17 18:53:56,745 [ERROR] LogOutputStream:75 - [STDERR_REDIRECT] Aug 17, 2026 6:53:56 PM java.util.prefs.FileSystemPreferences checkLockFile0ErrorCode
2026-08-17 18:53:56,745 [ERROR] LogOutputStream:75 - [STDERR_REDIRECT] WARNING: Could not lock System prefs. Unix error code 2.
2026-08-17 18:53:56,745 [ERROR] LogOutputStream:75 - [STDERR_REDIRECT] 
2026-08-17 18:53:56,746 [ERROR] LogOutputStream:75 - [STDERR_REDIRECT] Aug 17, 2026 6:53:56 PM java.util.prefs.FileSystemPreferences syncWorld
2026-08-17 18:53:56,746 [ERROR] LogOutputStream:75 - [STDERR_REDIRECT] WARNING: Couldn't flush system prefs: java.util.prefs.BackingStoreException: Couldn't get file lock.
2026-08-17 18:53:56,746 [ERROR] LogOutputStream:75 - [STDERR_REDIRECT] 
2026-08-17 18:54:26,745 [ERROR] LogOutputStream:75 - [STDERR_REDIRECT] Aug 17, 2026 6:54:26 PM java.util.prefs.FileSystemPreferences checkLockFile0ErrorCode
2026-08-17 18:54:26,745 [ERROR] LogOutputStream:75 - [STDERR_REDIRECT] WARNING: Could not lock System prefs. Unix error code 2.
2026-08-17 18:54:26,746 [ERROR] LogOutputStream:75 - [STDERR_REDIRECT] 
2026-08-17 18:54:26,746 [ERROR] LogOutputStream:75 - [STDERR_REDIRECT] Aug 17, 2026 6:54:26 PM java.util.prefs.FileSystemPreferences syncWorld
2026-08-17 18:54:26,746 [ERROR] LogOutputStream:75 - [STDERR_REDIRECT] WARNING: Couldn't flush system prefs: java.util.prefs.BackingStoreException: Couldn't get file lock.
2026-08-17 18:54:26,746 [ERROR] LogOutputStream:75 - [STDERR_REDIRECT] 
2026-08-17 18:54:36,371 [ERROR] LogOutputStream:75 - [STDERR_REDIRECT] 
2026-08-17 18:56:00,958 [INFO] Activator:176 - 


2026-08-17 18:56:00,959 [INFO] Activator:177 - !SESSION log4j initialized
2026-08-17 18:56:03,383 [INFO] LogOutputStream:77 - [STDOUT_REDIRECT] 
2026-08-17 18:56:03,716 [INFO] ApplicationProperties:184 - Using Application install path: /opt/st/stm32cubeide_1.18.0/plugins/com.st.stm32cube.common.mx_6.14.0.202502271554
2026-08-17 18:56:03,725 [INFO] DbMcusXml:78 - Set database path to: /opt/st/stm32cubeide_1.18.0/plugins/com.st.stm32cube.common.mx_6.14.0.202502271554//db//mcu/
2026-08-17 18:56:03,725 [INFO] ApiDb:274 - Set plugin database path to: /opt/st/stm32cubeide_1.18.0/plugins/com.st.stm32cube.common.mx_6.14.0.202502271554//db//plugins/boardmanager/
2026-08-17 18:56:03,726 [WARN] ApiDb:259 - Overriding images path with different value:  => /opt/st/stm32cubeide_1.18.0/plugins/com.st.stm32cube.common.mx_6.14.0.202502271554//db//plugins/mcufinder/images/
2026-08-17 18:56:03,728 [INFO] ApiDb:250 - Set database path to: /home/thuy/.stmcufinder/plugins/mcufinder//mcu/
2026-08-17 18:56:03,728 [INFO] DbMcusAds:125 - Set database path to: /home/thuy/.stmcufinder/plugins/mcufinder//mcu/
2026-08-17 18:56:03,729 [INFO] CrossReferenceDbSqlite:203 - Set database path to: /home/thuy/.stmcufinder/plugins/mcufinder//mcu/cs/
2026-08-17 18:56:03,795 [INFO] RulesReader:64 - Compatibility file has been processed (301 Rules)
2026-08-17 18:56:03,827 [INFO] DbMcusXml:78 - Set database path to: /opt/st/stm32cubeide_1.18.0/plugins/com.st.stm32cube.common.mx_6.14.0.202502271554//db//mcu/
2026-08-17 18:56:03,827 [INFO] ApiDb:274 - Set plugin database path to: /opt/st/stm32cubeide_1.18.0/plugins/com.st.stm32cube.common.mx_6.14.0.202502271554//db//plugins/boardmanager/
2026-08-17 18:56:03,827 [INFO] ApiDb:261 - Set plugin images path to: /opt/st/stm32cubeide_1.18.0/plugins/com.st.stm32cube.common.mx_6.14.0.202502271554//db//plugins/mcufinder/images/
2026-08-17 18:56:03,827 [WARN] DbFile:41 - Overriding database path with different value: /home/thuy/.stmcufinder/plugins/mcufinder/ => /home/thuy/.stmcufinder/plugins/mcufinder
2026-08-17 18:56:03,828 [INFO] ApiDb:250 - Set database path to: /home/thuy/.stmcufinder/plugins/mcufinder//mcu/
2026-08-17 18:56:03,828 [WARN] DbFile:41 - Overriding database path with different value: /home/thuy/.stmcufinder/plugins/mcufinder/ => /home/thuy/.stmcufinder/plugins/mcufinder
2026-08-17 18:56:03,828 [INFO] DbMcusAds:125 - Set database path to: /home/thuy/.stmcufinder/plugins/mcufinder//mcu/
2026-08-17 18:56:03,828 [WARN] DbFile:41 - Overriding database path with different value: /home/thuy/.stmcufinder/plugins/mcufinder/ => /home/thuy/.stmcufinder/plugins/mcufinder
2026-08-17 18:56:03,828 [WARN] DbFile:41 - Overriding database path with different value: /home/thuy/.stmcufinder/plugins/mcufinder/ => /home/thuy/.stmcufinder/plugins/mcufinder
2026-08-17 18:56:03,828 [INFO] CrossReferenceDbSqlite:203 - Set database path to: /home/thuy/.stmcufinder/plugins/mcufinder//mcu/cs/
2026-08-17 18:56:03,869 [INFO] MainPanel:272 - HeapMemory: 268435456
2026-08-17 18:56:03,947 [INFO] DbMcusXml:78 - Set database path to: /opt/st/stm32cubeide_1.18.0/plugins/com.st.stm32cube.common.mx_6.14.0.202502271554//db//mcu/
2026-08-17 18:56:03,947 [INFO] ApiDb:274 - Set plugin database path to: /opt/st/stm32cubeide_1.18.0/plugins/com.st.stm32cube.common.mx_6.14.0.202502271554//db//plugins/boardmanager/
2026-08-17 18:56:03,947 [INFO] ApiDb:261 - Set plugin images path to: /opt/st/stm32cubeide_1.18.0/plugins/com.st.stm32cube.common.mx_6.14.0.202502271554//db//plugins/mcufinder/images/
2026-08-17 18:56:03,947 [WARN] DbFile:41 - Overriding database path with different value: /home/thuy/.stmcufinder/plugins/mcufinder/ => /home/thuy/.stmcufinder/plugins/mcufinder
2026-08-17 18:56:03,947 [INFO] ApiDb:250 - Set database path to: /home/thuy/.stmcufinder/plugins/mcufinder//mcu/
2026-08-17 18:56:03,947 [WARN] DbFile:41 - Overriding database path with different value: /home/thuy/.stmcufinder/plugins/mcufinder/ => /home/thuy/.stmcufinder/plugins/mcufinder
2026-08-17 18:56:03,947 [INFO] DbMcusAds:125 - Set database path to: /home/thuy/.stmcufinder/plugins/mcufinder//mcu/
2026-08-17 18:56:03,947 [WARN] DbFile:41 - Overriding database path with different value: /home/thuy/.stmcufinder/plugins/mcufinder/ => /home/thuy/.stmcufinder/plugins/mcufinder
2026-08-17 18:56:03,948 [WARN] DbFile:41 - Overriding database path with different value: /home/thuy/.stmcufinder/plugins/mcufinder/ => /home/thuy/.stmcufinder/plugins/mcufinder
2026-08-17 18:56:03,948 [INFO] CrossReferenceDbSqlite:203 - Set database path to: /home/thuy/.stmcufinder/plugins/mcufinder//mcu/cs/
2026-08-17 18:56:03,956 [INFO] ApplicationProperties:184 - Using Application install path: /opt/st/stm32cubeide_1.18.0/plugins/com.st.stm32cube.common.mx_6.14.0.202502271554
2026-08-17 18:56:03,957 [INFO] PluginManage:196 - Search for loadable plugins [exclusion list=, ]
2026-08-17 18:56:03,957 [INFO] PluginManage:310 - Check plugin analytics
2026-08-17 18:56:04,048 [INFO] AnalyticsPlugin:253 - Accepted Software Licenses: STM32CubeMX.6.17.0
2026-08-17 18:56:04,048 [INFO] AnalyticsPlugin:255 - Accepted CMSIS Pack Licenses: 
2026-08-17 18:56:04,048 [INFO] AnalyticsPlugin:257 - Accepted Firmware Licenses: FW.F1.1.8.7,FW.F4.1.28.0,FW.F4.1.28.3
2026-08-17 18:56:04,050 [INFO] PluginManage:359 - Loaded plugin analytics (category:tool,tabindex:-1)
2026-08-17 18:56:04,050 [INFO] PluginManage:310 - Check plugin cadmodel
2026-08-17 18:56:04,052 [INFO] CADModel:105 - Init CAD model plugin
2026-08-17 18:56:04,052 [INFO] PluginManage:359 - Loaded plugin cadmodel (category:power,tabindex:5)
2026-08-17 18:56:04,052 [INFO] PluginManage:310 - Check plugin clock
2026-08-17 18:56:04,057 [INFO] PluginManage:359 - Loaded plugin clock (category:base,tabindex:2)
2026-08-17 18:56:04,057 [INFO] PluginManage:310 - Check plugin ddr
2026-08-17 18:56:04,058 [INFO] PluginManage:359 - Loaded plugin ddr (category:tool,tabindex:6)
2026-08-17 18:56:04,058 [INFO] PluginManage:310 - Check plugin filemanager
2026-08-17 18:56:04,138 [INFO] PluginManage:359 - Loaded plugin filemanager (category:base,tabindex:10)
2026-08-17 18:56:04,138 [INFO] PluginManage:310 - Check plugin ipmanager
2026-08-17 18:56:04,141 [INFO] PluginManage:359 - Loaded plugin ipmanager (category:base,tabindex:5)
2026-08-17 18:56:04,141 [INFO] PluginManage:310 - Check plugin lpbam
2026-08-17 18:56:04,146 [INFO] PluginManage:359 - Loaded plugin lpbam (category:base,tabindex:0)
2026-08-17 18:56:04,146 [INFO] PluginManage:310 - Check plugin memorymap
2026-08-17 18:56:04,151 [INFO] PluginManage:359 - Loaded plugin memorymap (category:base,tabindex:4)
2026-08-17 18:56:04,151 [INFO] PluginManage:310 - Check plugin pinoutandconfiguration
2026-08-17 18:56:04,155 [INFO] PluginManage:359 - Loaded plugin pinoutandconfiguration (category:base,tabindex:1)
2026-08-17 18:56:04,155 [INFO] PluginManage:310 - Check plugin pinoutconfig
2026-08-17 18:56:04,201 [WARN] SupportedApi:132 - Cannot load RTOS API schema: s4s-elt-must-match.1: The content of 'definitions' must match (annotation?, (simpleType | complexType)?, (unique | key | keyref)*)). A problem was found starting at: attribute.
2026-08-17 18:56:04,270 [INFO] PluginManage:359 - Loaded plugin pinoutconfig (category:base,tabindex:0)
2026-08-17 18:56:04,270 [INFO] PluginManage:310 - Check plugin power
2026-08-17 18:56:04,274 [INFO] PluginManage:359 - Loaded plugin power (category:power,tabindex:4)
2026-08-17 18:56:04,274 [INFO] PluginManage:310 - Check plugin projectmanager
2026-08-17 18:56:04,283 [INFO] PluginManage:359 - Loaded plugin projectmanager (category:projectmanager,tabindex:4)
2026-08-17 18:56:04,283 [INFO] PluginManage:310 - Check plugin rif
2026-08-17 18:56:04,287 [INFO] PluginManage:359 - Loaded plugin rif (category:base,tabindex:3)
2026-08-17 18:56:04,288 [INFO] PluginManage:310 - Check plugin thirdparty
2026-08-17 18:56:04,349 [INFO] PluginManage:359 - Loaded plugin thirdparty (category:base,tabindex:-1)
2026-08-17 18:56:04,349 [WARN] IntegrityCheckThread:84 - waiting for thirdparty lock release [integrity check]
2026-08-17 18:56:04,349 [INFO] PluginManage:310 - Check plugin tools
2026-08-17 18:56:04,349 [INFO] IntegrityCheckThread:86 - entering critical section [integrity check]
2026-08-17 18:56:04,349 [INFO] ThirdPartyUpdaterWithRetryManager:70 - Updater plugin not ready yet. [1/15]
2026-08-17 18:56:04,350 [INFO] PluginManage:359 - Loaded plugin tools (category:base,tabindex:7)
2026-08-17 18:56:04,350 [INFO] PluginManage:310 - Check plugin tutovideos
2026-08-17 18:56:04,439 [INFO] PluginManage:359 - Loaded plugin tutovideos (category:base,tabindex:-1)
2026-08-17 18:56:04,439 [INFO] PluginManage:310 - Check plugin updater
2026-08-17 18:56:04,453 [INFO] PluginManage:359 - Loaded plugin updater (category:base,tabindex:12)
2026-08-17 18:56:04,453 [INFO] PluginManage:310 - Check plugin userauth
2026-08-17 18:56:04,455 [INFO] UserAuth:118 - Init User Auth plugin
2026-08-17 18:56:04,456 [INFO] PluginManage:359 - Loaded plugin userauth (category:base,tabindex:14)
2026-08-17 18:56:04,456 [INFO] PluginManage:283 - PluginManage : Loaded plugins [18]
2026-08-17 18:56:04,569 [INFO] PinOutPanel:1589 - setPackage(No Configuration,No Configuration)
2026-08-17 18:56:04,618 [INFO] CADModel:165 - CPN selected for project level
2026-08-17 18:56:04,618 [INFO] CADModel:114 - Register for checkConnection events
2026-08-17 18:56:04,631 [INFO] IPUIPlugin:80 - create IPUIPlugin
2026-08-17 18:56:04,631 [INFO] PluginManager:220 - loadIPPluginJar : add freertos
2026-08-17 18:56:04,633 [INFO] IPUIPlugin:80 - create IPUIPlugin
2026-08-17 18:56:04,633 [INFO] PluginManager:220 - loadIPPluginJar : add quadspi
2026-08-17 18:56:04,637 [INFO] IPUIPlugin:80 - create IPUIPlugin
2026-08-17 18:56:04,638 [INFO] PluginManager:220 - loadIPPluginJar : add i2s
2026-08-17 18:56:04,640 [INFO] IPUIPlugin:80 - create IPUIPlugin
2026-08-17 18:56:04,641 [INFO] PluginManager:220 - loadIPPluginJar : add touchsensing
2026-08-17 18:56:04,644 [INFO] IPUIPlugin:80 - create IPUIPlugin
2026-08-17 18:56:04,644 [INFO] PluginManager:220 - loadIPPluginJar : add ipddr
2026-08-17 18:56:04,647 [INFO] IPUIPlugin:80 - create IPUIPlugin
2026-08-17 18:56:04,647 [INFO] PluginManager:220 - loadIPPluginJar : add pdm2pcm
2026-08-17 18:56:04,649 [INFO] IPUIPlugin:80 - create IPUIPlugin
2026-08-17 18:56:04,649 [INFO] PluginManager:220 - loadIPPluginJar : add dfsdm
2026-08-17 18:56:04,656 [INFO] IPUIPlugin:80 - create IPUIPlugin
2026-08-17 18:56:04,656 [INFO] PluginManager:220 - loadIPPluginJar : add stm32_wpan
2026-08-17 18:56:04,659 [INFO] IPUIPlugin:80 - create IPUIPlugin
2026-08-17 18:56:04,660 [INFO] PluginManager:220 - loadIPPluginJar : add nvic
2026-08-17 18:56:04,663 [INFO] IPUIPlugin:80 - create IPUIPlugin
2026-08-17 18:56:04,663 [INFO] PluginManager:220 - loadIPPluginJar : add gpio
2026-08-17 18:56:04,665 [INFO] IPUIPlugin:80 - create IPUIPlugin
2026-08-17 18:56:04,665 [INFO] PluginManager:220 - loadIPPluginJar : add usbx
2026-08-17 18:56:04,667 [INFO] IPUIPlugin:80 - create IPUIPlugin
2026-08-17 18:56:04,667 [INFO] PluginManager:220 - loadIPPluginJar : add sai
2026-08-17 18:56:04,668 [INFO] IPUIPlugin:80 - create IPUIPlugin
2026-08-17 18:56:04,668 [INFO] PluginManager:220 - loadIPPluginJar : add fatfs
2026-08-17 18:56:04,670 [INFO] IPUIPlugin:80 - create IPUIPlugin
2026-08-17 18:56:04,670 [INFO] PluginManager:220 - loadIPPluginJar : add opamp
2026-08-17 18:56:04,671 [INFO] IPUIPlugin:80 - create IPUIPlugin
2026-08-17 18:56:04,671 [INFO] PluginManager:220 - loadIPPluginJar : add spi
2026-08-17 18:56:04,672 [INFO] IPUIPlugin:80 - create IPUIPlugin
2026-08-17 18:56:04,672 [INFO] PluginManager:220 - loadIPPluginJar : add tsc
2026-08-17 18:56:04,674 [INFO] IPUIPlugin:80 - create IPUIPlugin
2026-08-17 18:56:04,674 [INFO] PluginManager:220 - loadIPPluginJar : add resmgrutility
2026-08-17 18:56:04,676 [INFO] IPUIPlugin:80 - create IPUIPlugin
2026-08-17 18:56:04,676 [INFO] PluginManager:220 - loadIPPluginJar : add can
2026-08-17 18:56:04,677 [INFO] IPUIPlugin:80 - create IPUIPlugin
2026-08-17 18:56:04,677 [INFO] PluginManager:220 - loadIPPluginJar : add ts
2026-08-17 18:56:04,681 [INFO] IPUIPlugin:80 - create IPUIPlugin
2026-08-17 18:56:04,683 [INFO] PluginManager:220 - loadIPPluginJar : add plateformsettings
2026-08-17 18:56:04,685 [INFO] IPUIPlugin:80 - create IPUIPlugin
2026-08-17 18:56:04,685 [INFO] PluginManager:220 - loadIPPluginJar : add tracer_emb
2026-08-17 18:56:04,686 [INFO] IPUIPlugin:80 - create IPUIPlugin
2026-08-17 18:56:04,686 [INFO] PluginManager:220 - loadIPPluginJar : add hash
2026-08-17 18:56:04,688 [INFO] IPUIPlugin:80 - create IPUIPlugin
2026-08-17 18:56:04,688 [INFO] PluginManager:220 - loadIPPluginJar : add i2c
2026-08-17 18:56:04,690 [INFO] IPUIPlugin:80 - create IPUIPlugin
2026-08-17 18:56:04,690 [INFO] PluginManager:220 - loadIPPluginJar : add i3c
2026-08-17 18:56:04,694 [INFO] IPUIPlugin:80 - create IPUIPlugin
2026-08-17 18:56:04,695 [INFO] PluginManager:220 - loadIPPluginJar : add adc
2026-08-17 18:56:04,695 [INFO] IPUIPlugin:80 - create IPUIPlugin
2026-08-17 18:56:04,696 [INFO] PluginManager:220 - loadIPPluginJar : add ltdc
2026-08-17 18:56:04,700 [INFO] IPUIPlugin:80 - create IPUIPlugin
2026-08-17 18:56:04,700 [INFO] PluginManager:220 - loadIPPluginJar : add mdma
2026-08-17 18:56:04,702 [INFO] IPUIPlugin:80 - create IPUIPlugin
2026-08-17 18:56:04,702 [INFO] PluginManager:220 - loadIPPluginJar : add aes
2026-08-17 18:56:04,705 [INFO] IPUIPlugin:80 - create IPUIPlugin
2026-08-17 18:56:04,705 [INFO] PluginManager:220 - loadIPPluginJar : add fmc
2026-08-17 18:56:04,706 [INFO] IPUIPlugin:80 - create IPUIPlugin
2026-08-17 18:56:04,706 [INFO] PluginManager:220 - loadIPPluginJar : add radio
2026-08-17 18:56:04,708 [INFO] IPUIPlugin:80 - create IPUIPlugin
2026-08-17 18:56:04,708 [INFO] PluginManager:220 - loadIPPluginJar : add cryp
2026-08-17 18:56:04,710 [INFO] IPUIPlugin:80 - create IPUIPlugin
2026-08-17 18:56:04,710 [INFO] PluginManager:220 - loadIPPluginJar : add openamp
2026-08-17 18:56:04,711 [INFO] IPUIPlugin:80 - create IPUIPlugin
2026-08-17 18:56:04,711 [INFO] PluginManager:220 - loadIPPluginJar : add comp
2026-08-17 18:56:04,713 [INFO] IPUIPlugin:80 - create IPUIPlugin
2026-08-17 18:56:04,713 [INFO] PluginManager:220 - loadIPPluginJar : add gfxmmu
2026-08-17 18:56:04,715 [INFO] IPUIPlugin:80 - create IPUIPlugin
2026-08-17 18:56:04,715 [INFO] PluginManager:220 - loadIPPluginJar : add gtzc
2026-08-17 18:56:04,719 [INFO] IPUIPlugin:80 - create IPUIPlugin
2026-08-17 18:56:04,719 [INFO] PluginManager:220 - loadIPPluginJar : add gic
2026-08-17 18:56:04,721 [INFO] IPUIPlugin:80 - create IPUIPlugin
2026-08-17 18:56:04,721 [INFO] PluginManager:220 - loadIPPluginJar : add lorawan
2026-08-17 18:56:04,723 [INFO] IPUIPlugin:80 - create IPUIPlugin
2026-08-17 18:56:04,723 [INFO] PluginManager:220 - loadIPPluginJar : add usart
2026-08-17 18:56:04,724 [INFO] IPUIPlugin:80 - create IPUIPlugin
2026-08-17 18:56:04,724 [INFO] PluginManager:220 - loadIPPluginJar : add tim
2026-08-17 18:56:04,726 [INFO] IPUIPlugin:80 - create IPUIPlugin
2026-08-17 18:56:04,726 [INFO] PluginManager:220 - loadIPPluginJar : add ddr_ctrl_phy
2026-08-17 18:56:04,728 [INFO] IPUIPlugin:80 - create IPUIPlugin
2026-08-17 18:56:04,728 [INFO] PluginManager:220 - loadIPPluginJar : add extmemmanager
2026-08-17 18:56:04,729 [INFO] IPUIPlugin:80 - create IPUIPlugin
2026-08-17 18:56:04,729 [INFO] PluginManager:220 - loadIPPluginJar : add dma3
2026-08-17 18:56:04,730 [INFO] IPUIPlugin:80 - create IPUIPlugin
2026-08-17 18:56:04,730 [INFO] PluginManager:220 - loadIPPluginJar : add ucpd
2026-08-17 18:56:04,734 [INFO] IPUIPlugin:80 - create IPUIPlugin
2026-08-17 18:56:04,734 [INFO] PluginManager:220 - loadIPPluginJar : add dma
2026-08-17 18:56:04,735 [INFO] IPUIPlugin:80 - create IPUIPlugin
2026-08-17 18:56:04,735 [INFO] PluginManager:220 - loadIPPluginJar : add genericplugin
2026-08-17 18:56:04,740 [INFO] IPUIPlugin:80 - create IPUIPlugin
2026-08-17 18:56:04,740 [INFO] PluginManager:220 - loadIPPluginJar : add linkedlist
2026-08-17 18:56:04,832 [FATAL] Updater:351 - Updater called before beeing initialized
2026-08-17 18:56:04,848 [INFO] RulesReader:64 - Compatibility file has been processed (301 Rules)
2026-08-17 18:56:04,854 [INFO] RulesReader:64 - Compatibility file has been processed (301 Rules)
2026-08-17 18:56:04,859 [INFO] CADModel:165 - CPN selected for project level
2026-08-17 18:56:04,859 [INFO] CADModel:114 - Register for checkConnection events
2026-08-17 18:56:04,859 [FATAL] Updater:351 - Updater called before beeing initialized
2026-08-17 18:56:04,859 [ERROR] CADModel:125 - Updater not yet initialized, retry later 
2026-08-17 18:56:04,929 [FATAL] Updater:351 - Updater called before beeing initialized
2026-08-17 18:56:04,930 [INFO] CADModel:165 - CPN selected for project level
2026-08-17 18:56:04,930 [INFO] CADModel:114 - Register for checkConnection events
2026-08-17 18:56:04,930 [FATAL] Updater:351 - Updater called before beeing initialized
2026-08-17 18:56:04,930 [ERROR] CADModel:125 - Updater not yet initialized, retry later 
2026-08-17 18:56:04,932 [FATAL] Updater:351 - Updater called before beeing initialized
2026-08-17 18:56:04,979 [FATAL] Updater:351 - Updater called before beeing initialized
2026-08-17 18:56:04,982 [INFO] DbMcusAds:53 - JSON generation date=Wed Jul 15 16:44:54 ICT 2026 (1784108694001)
2026-08-17 18:56:04,982 [FATAL] Updater:351 - Updater called before beeing initialized
2026-08-17 18:56:05,003 [WARN] DetailPanel:346 - Failed to get advertising image, set to default
2026-08-17 18:56:05,173 [FATAL] Updater:351 - Updater called before beeing initialized
2026-08-17 18:56:05,175 [FATAL] Updater:351 - Updater called before beeing initialized
2026-08-17 18:56:05,175 [FATAL] Updater:351 - Updater called before beeing initialized
2026-08-17 18:56:05,175 [WARN] DetailPanel:346 - Failed to get advertising image, set to default
2026-08-17 18:56:05,175 [FATAL] Updater:351 - Updater called before beeing initialized
2026-08-17 18:56:05,199 [ERROR] Updater:1198 - MainUpdater not yet initialized. External WinMGr cannot be set.
2026-08-17 18:56:05,200 [INFO] Updater:1134 - Updater Version found : 6.14.0
2026-08-17 18:56:05,216 [INFO] ApplicationProperties:184 - Using Application install path: /opt/st/stm32cubeide_1.18.0/plugins/com.st.stm32cube.common.mx_6.14.0.202502271554
2026-08-17 18:56:05,225 [ERROR] LogOutputStream:75 - [STDERR_REDIRECT] Aug 17, 2026 6:56:05 PM java.util.prefs.FileSystemPreferences$2 run
2026-08-17 18:56:05,225 [ERROR] LogOutputStream:75 - [STDERR_REDIRECT] WARNING: Could not create system preferences directory. System preferences are unusable.
2026-08-17 18:56:05,225 [ERROR] LogOutputStream:75 - [STDERR_REDIRECT] 
2026-08-17 18:56:05,354 [INFO] McuFinderGlobals:63 - Set McuFinder mode to 2 (CubeIDE integrated)
2026-08-17 18:56:05,512 [INFO] MainUpdater:2872 - connection check result : 10
2026-08-17 18:56:05,513 [INFO] MainUpdater:289 - Updater Check For Update Now.
2026-08-17 18:56:05,513 [INFO] MicroXplorer:498 - Change Database Version : DB.6.0.140
2026-08-17 18:56:05,518 [INFO] McuFinderGlobals:63 - Set McuFinder mode to 2 (CubeIDE integrated)
2026-08-17 18:56:05,518 [INFO] UserAuth:171 - activating auth plugin
2026-08-17 18:56:05,520 [INFO] UserAuth:486 - Internet connection configuration mode: 1
2026-08-17 18:56:05,528 [INFO] JxBrowserEngine:152 - Initiate JxBrowser Engine with user profile folder
2026-08-17 18:56:05,666 [INFO] CheckServerUpdateThread:120 - End of CheckServer Thread
2026-08-17 18:56:05,719 [INFO] MainUpdater:2872 - connection check result : 10
2026-08-17 18:56:05,719 [INFO] MainUpdater:2872 - connection check result : 10
2026-08-17 18:56:05,735 [INFO] MicroXplorer:468 - Change Database Path : 
2026-08-17 18:56:05,735 [INFO] MicroXplorer:498 - Change Database Version : DB.6.0.140
2026-08-17 18:56:05,740 [WARN] ThirdParty:871 - waiting for thirdparty lock release [close project]
2026-08-17 18:56:05,903 [INFO] WebApp:169 - Instantiating new browser for Auth
2026-08-17 18:56:06,273 [INFO] WebApp:463 - Apply proxy settings
2026-08-17 18:56:06,273 [INFO] WebApp:548 - Chromium requires no authentication
2026-08-17 18:56:06,278 [INFO] WebApp:491 - Direct internet connection detected
2026-08-17 18:56:06,288 [INFO] WebApp:894 - Register for checkConnection events
2026-08-17 18:56:06,288 [INFO] WebApp:463 - Apply proxy settings
2026-08-17 18:56:06,288 [INFO] WebApp:548 - Chromium requires no authentication
2026-08-17 18:56:06,289 [INFO] WebApp:491 - Direct internet connection detected
2026-08-17 18:56:06,363 [INFO] WebApp:225 - Starting web application
2026-08-17 18:56:06,364 [INFO] WebApp:593 - Web application path used /opt/st/stm32cubeide_1.18.0/plugins/com.st.stm32cube.common.mx_6.14.0.202502271554/db/plugins/mcufinder/reactClient1/index.html
2026-08-17 18:56:06,548 [INFO] WebApp:191 - Connection restablished
2026-08-17 18:56:07,433 [WARN] PackLoader:240 - Cannot read IP mode file for STMicroelectronics.X-CUBE-AZRTOS-H7.3.5.0
2026-08-17 18:56:07,442 [WARN] PackLoader:240 - Cannot read IP mode file for STMicroelectronics.FP-ATR-ASTRA1.2.0.3
2026-08-17 18:56:07,445 [WARN] PackLoader:240 - Cannot read IP mode file for STMicroelectronics.FP-ATR-ASTRA1.2.0.2
2026-08-17 18:56:07,449 [ERROR] Engine:466 - /home/thuy/.stm32cubemx/thirdparties/pdsc/STMicroelectronics.X-CUBE-SMBUS.2.1.1.pdsc: PDSC version is not supported
2026-08-17 18:56:07,465 [WARN] PackLoader:240 - Cannot read IP mode file for STMicroelectronics.X-CUBE-AZRTOS-F7.1.1.0
2026-08-17 18:56:07,472 [ERROR] Engine:466 - /home/thuy/.stm32cubemx/thirdparties/pdsc/STMicroelectronics.X-CUBE-FREERTOS.1.6.0.pdsc: PDSC version is not supported
2026-08-17 18:56:07,474 [ERROR] Engine:466 - /home/thuy/.stm32cubemx/thirdparties/pdsc/STMicroelectronics.FP-SNS-MOTENV1.5.1.0.pdsc: PDSC version is not supported
2026-08-17 18:56:07,499 [WARN] PackLoader:240 - Cannot read IP mode file for STMicroelectronics.X-CUBE-AZRTOS-H7RS.1.3.0
2026-08-17 18:56:07,505 [ERROR] Engine:466 - /home/thuy/.stm32cubemx/thirdparties/pdsc/WES.I-CUBE-Cesium.1.4.0.pdsc: PDSC version is not supported
2026-08-17 18:56:07,512 [WARN] PackLoader:240 - Cannot read IP mode file for STMicroelectronics.X-CUBE-DISPLAY.3.0.0
2026-08-17 18:56:07,522 [WARN] PackLoader:240 - Cannot read IP mode file for STMicroelectronics.X-CUBE-GNSS1.7.1.1
2026-08-17 18:56:07,526 [ERROR] Engine:466 - /home/thuy/.stm32cubemx/thirdparties/pdsc/STMicroelectronics.FP-SNS-MOTENVWB1.1.5.0.pdsc: PDSC version is not supported
2026-08-17 18:56:07,528 [WARN] PackLoader:240 - Cannot read IP mode file for wolfSSL.I-CUBE-wolfSSL.5.9.1
2026-08-17 18:56:07,532 [WARN] PackLoader:240 - Cannot read IP mode file for STMicroelectronics.X-CUBE-NFC10.1.0.0
2026-08-17 18:56:07,537 [WARN] PackLoader:240 - Cannot read IP mode file for STMicroelectronics.X-CUBE-ST60.1.1.0
2026-08-17 18:56:07,541 [WARN] PackLoader:240 - Cannot read IP mode file for emotas.I-CUBE-CANOPEN.1.3.0
2026-08-17 18:56:07,543 [ERROR] Engine:466 - /home/thuy/.stm32cubemx/thirdparties/pdsc/STMicroelectronics.X-CUBE-WBA.1.1.0.pdsc: PDSC version is not supported
2026-08-17 18:56:07,545 [ERROR] Engine:466 - /home/thuy/.stm32cubemx/thirdparties/pdsc/STMicroelectronics.FP-SNS-STBOX1.2.1.0.pdsc: PDSC version is not supported
2026-08-17 18:56:07,548 [WARN] PackLoader:240 - Cannot read IP mode file for STMicroelectronics.FP-SNS-SMARTAG2.1.2.0
2026-08-17 18:56:07,551 [WARN] PackLoader:240 - Cannot read IP mode file for STMicroelectronics.FP-SNS-FLIGHT1.5.1.0
2026-08-17 18:56:07,555 [INFO] LogOutputStream:77 - [STDOUT_REDIRECT] 1 : Invalid condition id : UX_CORESTACK_Condition cause : null
2026-08-17 18:56:07,556 [INFO] LogOutputStream:77 - [STDOUT_REDIRECT] 1 : Invalid condition id : UX_CORESTACK_Condition cause : null
2026-08-17 18:56:07,556 [INFO] LogOutputStream:77 - [STDOUT_REDIRECT] 1 : Invalid condition id : UX_CORESTACK_Condition cause : null
2026-08-17 18:56:07,556 [INFO] LogOutputStream:77 - [STDOUT_REDIRECT] 1 : Invalid condition id : UX_CORESTACK_Condition cause : null
2026-08-17 18:56:07,556 [INFO] LogOutputStream:77 - [STDOUT_REDIRECT] 1 : Invalid condition id : UX_CORESTACK_Condition cause : null
2026-08-17 18:56:07,558 [WARN] PackLoader:240 - Cannot read IP mode file for STMicroelectronics.X-CUBE-AZRTOS-WL.2.0.0
2026-08-17 18:56:07,562 [WARN] PackLoader:240 - Cannot read IP mode file for STMicroelectronics.X-CUBE-BLE2.3.3.0
2026-08-17 18:56:07,583 [WARN] PackLoader:240 - Cannot read IP mode file for Infineon.AIROC-Wi-Fi-Bluetooth-STM32.1.8.0
2026-08-17 18:56:07,590 [WARN] PackLoader:240 - Cannot read IP mode file for STMicroelectronics.X-CUBE-NFC9.1.0.0
2026-08-17 18:56:07,594 [WARN] PackLoader:240 - Cannot read IP mode file for STMicroelectronics.X-CUBE-BLE1.7.1.0
2026-08-17 18:56:07,597 [WARN] PackLoader:240 - Cannot read IP mode file for wolfSSL.I-CUBE-wolfMQTT.1.19.2
2026-08-17 18:56:07,600 [WARN] PackLoader:240 - Cannot read IP mode file for STMicroelectronics.X-CUBE-EEPRMA1.5.2.0
2026-08-17 18:56:07,603 [ERROR] Engine:466 - /home/thuy/.stm32cubemx/thirdparties/pdsc/STMicroelectronics.FP-SNS-STAIOTCFT.1.1.0.pdsc: PDSC version is not supported
2026-08-17 18:56:07,611 [WARN] PackLoader:240 - Cannot read IP mode file for STMicroelectronics.X-CUBE-AZRTOS-G0.1.1.0
2026-08-17 18:56:07,616 [WARN] PackLoader:240 - Cannot read IP mode file for STMicroelectronics.X-CUBE-NFC4.3.0.0
2026-08-17 18:56:07,620 [WARN] PackLoader:240 - Cannot read IP mode file for EmbeddedOffice.I-CUBE-FS-RTOS.1.0.1
2026-08-17 18:56:07,623 [WARN] PackLoader:240 - Cannot read IP mode file for wolfSSL.I-CUBE-wolfTPM.3.8.0
2026-08-17 18:56:07,626 [WARN] PackLoader:240 - Cannot read IP mode file for STMicroelectronics.X-CUBE-TCPP.4.2.0
2026-08-17 18:56:07,629 [WARN] PackLoader:240 - Cannot read IP mode file for RealThread.X-CUBE-RT-Thread_Nano.4.1.1
2026-08-17 18:56:07,632 [WARN] PackLoader:240 - Cannot read IP mode file for STMicroelectronics.FP-ATR-SIGFOX1.3.2.0
2026-08-17 18:56:07,635 [WARN] PackLoader:240 - Cannot read IP mode file for ITTIA_DB.I-CUBE-ITTIADB.8.9.0
2026-08-17 18:56:07,636 [WARN] PackLoader:240 - Cannot read IP mode file for Cesanta.I-CUBE-Mongoose.7.21.7
2026-08-17 18:56:07,640 [WARN] PackLoader:240 - Cannot read IP mode file for STMicroelectronics.X-CUBE-NFC6.3.2.0
2026-08-17 18:56:07,643 [WARN] PackLoader:240 - Cannot read IP mode file for STMicroelectronics.X-CUBE-AI.10.2.1
2026-08-17 18:56:07,669 [WARN] PackLoader:240 - Cannot read IP mode file for STMicroelectronics.X-CUBE-MEMS1.12.1.0
2026-08-17 18:56:07,787 [WARN] PackLoader:240 - Cannot read IP mode file for SEGGER.I-CUBE-embOS.1.3.1
2026-08-17 18:56:07,830 [WARN] PackLoader:240 - Cannot read IP mode file for STMicroelectronics.X-CUBE-NFC13.1.0.0
2026-08-17 18:56:07,834 [WARN] PackLoader:240 - Cannot read IP mode file for STMicroelectronics.X-CUBE-PM33A1.1.0.0
2026-08-17 18:56:07,846 [WARN] PackLoader:240 - Cannot read IP mode file for STMicroelectronics.X-CUBE-AZRTOS-F4.1.1.0
2026-08-17 18:56:07,851 [WARN] PackLoader:240 - Cannot read IP mode file for STMicroelectronics.X-CUBE-ISPU.2.1.0
2026-08-17 18:56:07,855 [ERROR] Engine:466 - /home/thuy/.stm32cubemx/thirdparties/pdsc/STMicroelectronics.X-CUBE-IPS.3.2.0.pdsc: PDSC version is not supported
2026-08-17 18:56:07,857 [WARN] PackLoader:240 - Cannot read IP mode file for STMicroelectronics.eDS-WB_DPC_TT-BIDIR.2.1.1
2026-08-17 18:56:07,861 [WARN] PackLoader:240 - Cannot read IP mode file for STMicroelectronics.X-CUBE-NFC12.1.0.0
2026-08-17 18:56:07,874 [WARN] PackLoader:240 - Cannot read IP mode file for STMicroelectronics.X-CUBE-AZRTOS-L5.2.0.0
2026-08-17 18:56:07,880 [WARN] PackLoader:240 - Cannot read IP mode file for STMicroelectronics.X-CUBE-ALGOBUILD.1.5.0
2026-08-17 18:56:07,883 [WARN] PackLoader:240 - Cannot read IP mode file for STMicroelectronics.eDS-WB_DPC_VIENNA.1.2.0
2026-08-17 18:56:07,914 [WARN] PackLoader:240 - Cannot read IP mode file for STMicroelectronics.X-CUBE-MEMS1.13.0.0
2026-08-17 18:56:07,953 [WARN] PackLoader:240 - Cannot read IP mode file for STMicroelectronics.eDS-WB_DPC_3PH2L-BIDIR.1.1.1
2026-08-17 18:56:07,954 [ERROR] Engine:466 - /home/thuy/.stm32cubemx/thirdparties/pdsc/STMicroelectronics.X-CUBE-ST67W61.1.3.0.pdsc: PDSC version is not supported
2026-08-17 18:56:07,956 [WARN] PackLoader:240 - Cannot read IP mode file for STMicroelectronics.X-CUBE-TOUCHGFX.4.26.1
2026-08-17 18:56:07,958 [WARN] PackLoader:240 - Cannot read IP mode file for STMicroelectronics.X-CUBE-DPower.1.3.0
2026-08-17 18:56:07,967 [WARN] ConditionMgr:438 - getConditionDescription Invalid condition id : LAN8742 Phy interface Condition cause : null
2026-08-17 18:56:07,967 [WARN] PackLoader:240 - Cannot read IP mode file for STMicroelectronics.X-CUBE-AZRTOS-L4.2.0.0
2026-08-17 18:56:07,968 [WARN] ConditionMgr:1044 - genDependencies : Invalid condition id : LAN8742 Phy interface Condition cause : null
2026-08-17 18:56:07,968 [WARN] ConditionMgr:1044 - genDependencies : Invalid condition id : LAN8742 Phy interface Condition cause : null
2026-08-17 18:56:07,968 [WARN] ConditionMgr:1044 - genDependencies : Invalid condition id : LAN8742 Phy interface Condition cause : null
2026-08-17 18:56:07,971 [WARN] PackLoader:240 - Cannot read IP mode file for STMicroelectronics.X-CUBE-SFXS2LP1.4.0.0
2026-08-17 18:56:07,974 [WARN] PackLoader:240 - Cannot read IP mode file for STMicroelectronics.X-CUBE-WB05N.2.1.0
2026-08-17 18:56:07,979 [WARN] ConditionMgr:438 - getConditionDescription Invalid condition id : UX DEVICE CLASS RTOS Condition cause : null
2026-08-17 18:56:07,980 [WARN] ConditionMgr:438 - getConditionDescription Invalid condition id : UX DEVICE CLASS RTOS Condition cause : null
2026-08-17 18:56:07,981 [WARN] PackLoader:240 - Cannot read IP mode file for STMicroelectronics.X-CUBE-AZRTOS-WB.2.0.0
2026-08-17 18:56:07,981 [WARN] ConditionMgr:1044 - genDependencies : Invalid condition id : UX DEVICE CLASS RTOS Condition cause : null
2026-08-17 18:56:07,981 [WARN] ConditionMgr:1044 - genDependencies : Invalid condition id : UX DEVICE CLASS RTOS Condition cause : null
2026-08-17 18:56:07,981 [WARN] ConditionMgr:1044 - genDependencies : Invalid condition id : UX DEVICE CLASS RTOS Condition cause : null
2026-08-17 18:56:07,982 [WARN] ConditionMgr:1044 - genDependencies : Invalid condition id : UX DEVICE CLASS RTOS Condition cause : null
2026-08-17 18:56:07,982 [WARN] ConditionMgr:1044 - genDependencies : Invalid condition id : UX DEVICE CLASS RTOS Condition cause : null
2026-08-17 18:56:07,983 [WARN] ConditionMgr:438 - getConditionDescription Invalid condition id : Cortex-A Device cause : null
2026-08-17 18:56:07,987 [WARN] ConditionMgr:1044 - genDependencies : Invalid condition id : Cortex-A Device cause : null
2026-08-17 18:56:07,987 [WARN] ConditionMgr:1044 - genDependencies : Invalid condition id : Cortex-A Device cause : null
2026-08-17 18:56:07,987 [WARN] ConditionMgr:1044 - genDependencies : Invalid condition id : Cortex-A Device cause : null
2026-08-17 18:56:07,990 [WARN] PackLoader:240 - Cannot read IP mode file for STMicroelectronics.X-CUBE-STSE01.2.0.0
2026-08-17 18:56:07,995 [WARN] PackLoader:240 - Cannot read IP mode file for STMicroelectronics.X-CUBE-SUBG2.5.0.0
2026-08-17 18:56:08,003 [WARN] PackLoader:240 - Cannot read IP mode file for STMicroelectronics.X-CUBE-AZRTOS-G4.2.0.0
2026-08-17 18:56:08,006 [WARN] PackLoader:240 - Cannot read IP mode file for wolfSSL.I-CUBE-wolfSSH.1.4.20
2026-08-17 18:56:08,008 [WARN] PackLoader:240 - Cannot read IP mode file for STMicroelectronics.X-CUBE-NFC7.2.0.0
2026-08-17 18:56:08,010 [ERROR] Engine:466 - /home/thuy/.stm32cubemx/thirdparties/pdsc/STMicroelectronics.X-CUBE-BLEMGR.4.2.0.pdsc: PDSC version is not supported
2026-08-17 18:56:08,011 [WARN] PackLoader:240 - Cannot read IP mode file for STMicroelectronics.X-CUBE-ALS.1.0.2
2026-08-17 18:56:08,017 [WARN] PackLoader:240 - Cannot read IP mode file for STMicroelectronics.X-CUBE-TOF1.3.4.3
2026-08-17 18:56:08,025 [INFO] ThirdParty:978 - Integrity check success = true
2026-08-17 18:56:08,025 [INFO] IntegrityCheckThread:100 - exiting critical section [integrity check]
2026-08-17 18:56:08,025 [INFO] IntegrityCheckThread:103 - End integrity checks thread
2026-08-17 18:56:08,025 [INFO] ThirdParty:873 - entering critical section [close project]
2026-08-17 18:56:08,026 [INFO] ThirdParty:883 - exiting critical section [close project]
2026-08-17 18:56:08,028 [INFO] PinOutPanel:1589 - setPackage(No Configuration,No Configuration)
2026-08-17 18:56:08,031 [INFO] UtilMem:75 - Begin LoadConfig() Used Memory: 127270200 Bytes (268435456)
2026-08-17 18:56:08,032 [INFO] MicroXplorer:468 - Change Database Path : 
2026-08-17 18:56:08,032 [INFO] MicroXplorer:498 - Change Database Version : DB.6.0.140
2026-08-17 18:56:08,032 [INFO] OpenFileManager:354 - Change cursor
2026-08-17 18:56:08,044 [INFO] Mcu:2011 - Initializing MCU STM32F411C(C-E)Ux STM32F411CEUx STM32F411CEU6
2026-08-17 18:56:08,573 [INFO] Context:756 - Trying to add GPIOservice into a context  which must be forbidden
2026-08-17 18:56:08,819 [INFO] ImportTextPane:218 - (OptionalMessage_ERROR) Pin23 (VP_RIF_VS_RIF1) cannot be retrieved for this MCU
2026-08-17 18:56:08,860 [INFO] RtosManager:558 - Registered RTOS mode: class=CMSIS, group=RTOS, mode=CMSIS_V1, owner=FREERTOS
2026-08-17 18:56:08,861 [INFO] RtosManager:558 - Registered RTOS mode: class=CMSIS, group=RTOS2, mode=CMSIS_V2, owner=FREERTOS
2026-08-17 18:56:08,861 [INFO] RtosManager:558 - Registered RTOS mode: class=RTOS, group=Core, mode=CMSIS_V1, owner=FREERTOS
2026-08-17 18:56:08,861 [INFO] RtosManager:558 - Registered RTOS mode: class=RTOS, group=Core, mode=CMSIS_V2, owner=FREERTOS
2026-08-17 18:56:08,861 [WARN] ModelIntegratedComponent:184 - Missing modes for component STMicroelectronics:FreeRTOS:0.0.1:STMicroelectronics:RTOS:FreeRTOS:Core:::10.2.0:
2026-08-17 18:56:08,901 [WARN] ModelIntegratedComponent:182 - Modes not found for component STMicroelectronics:USB_HOST:1.0.0:STMicroelectronics:USB::USB Host:Audio HS::1.0:USB_HOST_1_0_RESTRICTED_HS
2026-08-17 18:56:08,901 [WARN] ModelIntegratedComponent:188 - Modes not found for component STMicroelectronics:USB_HOST:1.0.0:STMicroelectronics:USB::USB Host:Audio HS::1.0:USB_HOST_1_0_RESTRICTED_HS
2026-08-17 18:56:08,901 [WARN] ModelIntegratedComponent:182 - Modes not found for component STMicroelectronics:USB_HOST:1.0.0:STMicroelectronics:USB::USB Host:CDC HS::1.0:USB_HOST_1_0_RESTRICTED_HS
2026-08-17 18:56:08,901 [WARN] ModelIntegratedComponent:188 - Modes not found for component STMicroelectronics:USB_HOST:1.0.0:STMicroelectronics:USB::USB Host:CDC HS::1.0:USB_HOST_1_0_RESTRICTED_HS
2026-08-17 18:56:08,901 [WARN] ModelIntegratedComponent:182 - Modes not found for component STMicroelectronics:USB_HOST:1.0.0:STMicroelectronics:USB::USB Host:MSC HS::1.0:USB_HOST_1_0_RESTRICTED_HS
2026-08-17 18:56:08,901 [WARN] ModelIntegratedComponent:188 - Modes not found for component STMicroelectronics:USB_HOST:1.0.0:STMicroelectronics:USB::USB Host:MSC HS::1.0:USB_HOST_1_0_RESTRICTED_HS
2026-08-17 18:56:08,901 [WARN] ModelIntegratedComponent:182 - Modes not found for component STMicroelectronics:USB_HOST:1.0.0:STMicroelectronics:USB::USB Host:HID HS::1.0:USB_HOST_1_0_RESTRICTED_HS
2026-08-17 18:56:08,901 [WARN] ModelIntegratedComponent:188 - Modes not found for component STMicroelectronics:USB_HOST:1.0.0:STMicroelectronics:USB::USB Host:HID HS::1.0:USB_HOST_1_0_RESTRICTED_HS
2026-08-17 18:56:08,901 [WARN] ModelIntegratedComponent:182 - Modes not found for component STMicroelectronics:USB_HOST:1.0.0:STMicroelectronics:USB::USB Host:MTP HS::1.0:USB_HOST_1_0_RESTRICTED_HS
2026-08-17 18:56:08,901 [WARN] ModelIntegratedComponent:188 - Modes not found for component STMicroelectronics:USB_HOST:1.0.0:STMicroelectronics:USB::USB Host:MTP HS::1.0:USB_HOST_1_0_RESTRICTED_HS
2026-08-17 18:56:08,904 [WARN] ModelIntegratedComponent:63 - No mode defined for component null
2026-08-17 18:56:08,904 [WARN] ModelIntegratedComponent:63 - No mode defined for component null
2026-08-17 18:56:08,904 [WARN] ModelIntegratedComponent:63 - No mode defined for component null
2026-08-17 18:56:08,904 [WARN] ModelIntegratedComponent:63 - No mode defined for component null
2026-08-17 18:56:08,904 [WARN] ModelIntegratedComponent:63 - No mode defined for component null
2026-08-17 18:56:08,904 [WARN] ModelIntegratedComponent:63 - No mode defined for component null
2026-08-17 18:56:08,904 [WARN] ModelIntegratedComponent:63 - No mode defined for component null
2026-08-17 18:56:08,904 [WARN] ModelIntegratedComponent:63 - No mode defined for component null
2026-08-17 18:56:08,904 [WARN] ModelIntegratedComponent:63 - No mode defined for component null
2026-08-17 18:56:08,904 [WARN] ModelIntegratedComponent:63 - No mode defined for component null
2026-08-17 18:56:08,904 [WARN] ModelIntegratedComponent:63 - No mode defined for component null
2026-08-17 18:56:08,904 [WARN] ModelIntegratedComponent:63 - No mode defined for component null
2026-08-17 18:56:08,904 [WARN] ModelIntegratedComponent:63 - No mode defined for component null
2026-08-17 18:56:08,904 [WARN] ModelIntegratedComponent:63 - No mode defined for component null
2026-08-17 18:56:08,904 [WARN] ModelIntegratedComponent:63 - No mode defined for component null
2026-08-17 18:56:08,904 [WARN] ModelIntegratedComponent:63 - No mode defined for component null
2026-08-17 18:56:08,904 [WARN] ModelIntegratedComponent:63 - No mode defined for component null
2026-08-17 18:56:08,904 [WARN] ModelIntegratedComponent:63 - No mode defined for component null
2026-08-17 18:56:08,904 [WARN] ModelIntegratedComponent:63 - No mode defined for component null
2026-08-17 18:56:08,904 [WARN] ModelIntegratedComponent:63 - No mode defined for component null
2026-08-17 18:56:08,904 [WARN] ModelIntegratedComponent:63 - No mode defined for component null
2026-08-17 18:56:08,904 [WARN] ModelIntegratedComponent:63 - No mode defined for component null
2026-08-17 18:56:08,904 [WARN] ModelIntegratedComponent:63 - No mode defined for component null
2026-08-17 18:56:08,904 [WARN] ModelIntegratedComponent:63 - No mode defined for component null
2026-08-17 18:56:08,904 [WARN] ModelIntegratedComponent:63 - No mode defined for component null
2026-08-17 18:56:08,904 [WARN] ModelIntegratedComponent:63 - No mode defined for component null
2026-08-17 18:56:08,904 [WARN] ModelIntegratedComponent:63 - No mode defined for component null
2026-08-17 18:56:08,904 [WARN] ModelIntegratedComponent:63 - No mode defined for component null
2026-08-17 18:56:08,904 [WARN] ModelIntegratedComponent:63 - No mode defined for component null
2026-08-17 18:56:08,904 [WARN] ModelIntegratedComponent:63 - No mode defined for component null
2026-08-17 18:56:08,904 [WARN] ModelIntegratedComponent:63 - No mode defined for component null
2026-08-17 18:56:08,904 [WARN] ModelIntegratedComponent:63 - No mode defined for component null
2026-08-17 18:56:08,904 [WARN] ModelIntegratedComponent:63 - No mode defined for component null
2026-08-17 18:56:08,904 [WARN] ModelIntegratedComponent:63 - No mode defined for component null
2026-08-17 18:56:08,905 [WARN] ModelIntegratedComponent:63 - No mode defined for component null
2026-08-17 18:56:08,905 [WARN] ModelPack:524 - Component already loaded: STMicroelectronics:HAL Drivers:0.0.0:STMicroelectronics:Device:STMicro_Driver:XSPI:HAL::0.0.1:HAL_XSPI
2026-08-17 18:56:08,937 [WARN] ModelIntegratedComponent:182 - Modes not found for component STMicroelectronics:USB_DEVICE:1.0.0:STMicroelectronics:USB::USB Device:Audio HS::1.0:USB_DEVICE_1_0_RESTRICTED_HS
2026-08-17 18:56:08,937 [WARN] ModelIntegratedComponent:188 - Modes not found for component STMicroelectronics:USB_DEVICE:1.0.0:STMicroelectronics:USB::USB Device:Audio HS::1.0:USB_DEVICE_1_0_RESTRICTED_HS
2026-08-17 18:56:08,937 [WARN] ModelIntegratedComponent:182 - Modes not found for component STMicroelectronics:USB_DEVICE:1.0.0:STMicroelectronics:USB::USB Device:CDC HS::1.0:USB_DEVICE_1_0_RESTRICTED_HS
2026-08-17 18:56:08,937 [WARN] ModelIntegratedComponent:188 - Modes not found for component STMicroelectronics:USB_DEVICE:1.0.0:STMicroelectronics:USB::USB Device:CDC HS::1.0:USB_DEVICE_1_0_RESTRICTED_HS
2026-08-17 18:56:08,937 [WARN] ModelIntegratedComponent:182 - Modes not found for component STMicroelectronics:USB_DEVICE:1.0.0:STMicroelectronics:USB::USB Device:DFU HS::1.0:USB_DEVICE_1_0_RESTRICTED_HS
2026-08-17 18:56:08,937 [WARN] ModelIntegratedComponent:188 - Modes not found for component STMicroelectronics:USB_DEVICE:1.0.0:STMicroelectronics:USB::USB Device:DFU HS::1.0:USB_DEVICE_1_0_RESTRICTED_HS
2026-08-17 18:56:08,937 [WARN] ModelIntegratedComponent:182 - Modes not found for component STMicroelectronics:USB_DEVICE:1.0.0:STMicroelectronics:USB::USB Device:HID HS::1.0:USB_DEVICE_1_0_RESTRICTED_HS
2026-08-17 18:56:08,937 [WARN] ModelIntegratedComponent:188 - Modes not found for component STMicroelectronics:USB_DEVICE:1.0.0:STMicroelectronics:USB::USB Device:HID HS::1.0:USB_DEVICE_1_0_RESTRICTED_HS
2026-08-17 18:56:08,937 [WARN] ModelIntegratedComponent:182 - Modes not found for component STMicroelectronics:USB_DEVICE:1.0.0:STMicroelectronics:USB::USB Device:Custom HID HS::1.0:USB_DEVICE_1_0_RESTRICTED_HS
2026-08-17 18:56:08,937 [WARN] ModelIntegratedComponent:188 - Modes not found for component STMicroelectronics:USB_DEVICE:1.0.0:STMicroelectronics:USB::USB Device:Custom HID HS::1.0:USB_DEVICE_1_0_RESTRICTED_HS
2026-08-17 18:56:08,937 [WARN] ModelIntegratedComponent:182 - Modes not found for component STMicroelectronics:USB_DEVICE:1.0.0:STMicroelectronics:USB::USB Device:MSC HS::1.0:USB_DEVICE_1_0_RESTRICTED_HS
2026-08-17 18:56:08,937 [WARN] ModelIntegratedComponent:188 - Modes not found for component STMicroelectronics:USB_DEVICE:1.0.0:STMicroelectronics:USB::USB Device:MSC HS::1.0:USB_DEVICE_1_0_RESTRICTED_HS
2026-08-17 18:56:08,949 [INFO] ThirdPartyModel:298 - Start build external matchings
2026-08-17 18:56:09,144 [INFO] ThirdPartyModel:316 - End build external matchings
2026-08-17 18:56:09,157 [INFO] ImportTextPane:218 - (OptionalMessage_ERROR) IP (DMA) : Parameter (Instance) has Id (SPI1_RX) currently not set
2026-08-17 18:56:09,157 [INFO] ImportTextPane:218 - (OptionalMessage_ERROR) IP (DMA) : Parameter (Channel) has Id (SPI1_RX) currently not set
2026-08-17 18:56:09,157 [INFO] ImportTextPane:218 - (OptionalMessage_ERROR) IP (DMA) : Parameter (Direction) has Id (SPI1_RX) currently not set
2026-08-17 18:56:09,157 [INFO] ImportTextPane:218 - (OptionalMessage_ERROR) IP (DMA) : Parameter (PeriphInc) has Id (SPI1_RX) currently not set
2026-08-17 18:56:09,157 [INFO] ImportTextPane:218 - (OptionalMessage_ERROR) IP (DMA) : Parameter (MemInc) has Id (SPI1_RX) currently not set
2026-08-17 18:56:09,158 [INFO] ImportTextPane:218 - (OptionalMessage_ERROR) IP (DMA) : Parameter (PeriphDataAlignment) has Id (SPI1_RX) currently not set
2026-08-17 18:56:09,158 [INFO] ImportTextPane:218 - (OptionalMessage_ERROR) IP (DMA) : Parameter (MemDataAlignment) has Id (SPI1_RX) currently not set
2026-08-17 18:56:09,158 [INFO] ImportTextPane:218 - (OptionalMessage_ERROR) IP (DMA) : Parameter (Mode) has Id (SPI1_RX) currently not set
2026-08-17 18:56:09,158 [INFO] ImportTextPane:218 - (OptionalMessage_ERROR) IP (DMA) : Parameter (Priority) has Id (SPI1_RX) currently not set
2026-08-17 18:56:09,158 [INFO] ImportTextPane:218 - (OptionalMessage_ERROR) IP (DMA) : Parameter (FIFOMode) has Id (SPI1_RX) currently not set
2026-08-17 18:56:09,159 [INFO] ImportTextPane:218 - (OptionalMessage_ERROR) IP (RCC) : Parameter (48MHZClocksFreq_Value) has invalid value (50000000)
2026-08-17 18:56:09,159 [INFO] ImportTextPane:218 - (OptionalMessage_ERROR) IP (RCC) : Parameter (RTCHSEDivFreq_Value) has invalid value (12500000)
2026-08-17 18:56:09,305 [INFO] ApiDb:581 - Connected to CubeFinder SQLite database (/home/thuy/.stmcufinder/plugins/mcufinder/mcu/cube-finder-db.db)
2026-08-17 18:56:09,340 [INFO] ApiDb:668 - CubeFinder database Data Model version=2.1
2026-08-17 18:56:09,340 [INFO] ApiDb:669 - CubeFinder database Configuration version=3.0.42
2026-08-17 18:56:09,340 [INFO] ApiDb:670 - CubeFinder database generation date=2026-06-23 (1782213372)
2026-08-17 18:56:09,340 [INFO] ApiDb:671 - CubeFinder database FW Pack versions=[FP-ATR-ASTRA1_V2.0.0, FP-SNS-FLIGHT1_V5.1.0, FP-SNS-MOTENV1_V5.1.0, FP-SNS-MOTENVWB1_V1.5.0, FP-SNS-SMARTAG2_V1.2.0, FP-SNS-STBOX1_V2.1.0, STM32Cube_FW_C0_V1.4.0, STM32Cube_FW_F4_V1.28.3, STM32Cube_FW_F7_V1.17.4, STM32Cube_FW_G0_V1.6.3, STM32Cube_FW_G4_V1.6.2, STM32Cube_FW_H5_V1.7.0, STM32Cube_FW_H7RS_V1.3.0, STM32Cube_FW_H7_V1.13.0, STM32Cube_FW_L0_V1.12.2, STM32Cube_FW_L4_V1.18.2, STM32Cube_FW_L5_V1.6.0, STM32Cube_FW_N6_V1.4.0, STM32Cube_FW_U0_V1.3.0, STM32Cube_FW_U3_V1.4.0, STM32Cube_FW_U5_V1.9.0, STM32Cube_FW_WB0_V1.5.0, STM32Cube_FW_WBA_V1.10.0, STM32Cube_FW_WB_V1.24.0, STM32Cube_FW_WL3_V1.5.0, STM32Cube_FW_WL_V1.6.0, X-CUBE-ALGOBUILD_V1.5.0, X-CUBE-ALS_V1.0.2, X-CUBE-AZRTOS-F4_V1.1.0, X-CUBE-AZRTOS-F7_V1.1.0, X-CUBE-AZRTOS-G0_V1.1.0, X-CUBE-AZRTOS-G4_V2.0.0, X-CUBE-AZRTOS-H7RS_V1.1.0, X-CUBE-AZRTOS-H7_V3.5.0, X-CUBE-AZRTOS-L4_V2.0.0, X-CUBE-AZRTOS-L5_V2.0.0, X-CUBE-AZRTOS-WB_V2.0.0, X-CUBE-AZRTOS-WL_V2.0.0, X-CUBE-BLE1_V7.1.0, X-CUBE-BLE2_V3.3.0, X-CUBE-BLEMGR_V4.1.0, X-CUBE-EEPRMA1_V5.2.0, X-CUBE-FREERTOS_V1.5.0, X-CUBE-GNSS1_V7.1.1, X-CUBE-MEMS1_V12.1.0, X-CUBE-NFC4_V3.0.0, X-CUBE-NFC7_V2.0.0, X-CUBE-SFXS2LP1_V4.0.0, X-CUBE-ST67W61_V1.3.0, X-CUBE-SUBG2_V5.0.0, X-CUBE-TOF1_V3.4.3]
2026-08-17 18:56:09,372 [INFO] DbBoardsSqlite:226 - include board P-NUCLEO-WB55-NUCLEO as a kit item of type 'Nucleo-64'
2026-08-17 18:56:09,372 [INFO] DbBoardsSqlite:226 - include board P-NUCLEO-WB55-USBDONGLE as a kit item of type 'Nucleo USB Dongle'
2026-08-17 18:56:09,373 [INFO] DbBoardsSqlite:226 - include board STEVAL-IDP005V1 as a kit item of type 'Evaluation Board'
2026-08-17 18:56:09,373 [INFO] DbBoardsSqlite:226 - include board STEVAL-IDP005V2 as a kit item of type 'Evaluation Board'
2026-08-17 18:56:09,400 [INFO] ApiDb:240 - Found 895 in-development CPN: [B-G473E-ZEST1S, B-WB1M-WPAN1, B-WBA5M-WPAN, B-WL5M-SUBG1, NUCLEO-C031C6, NUCLEO-C051C8, NUCLEO-C071RB, NUCLEO-C092RC, NUCLEO-H503RB, NUCLEO-H533RE, NUCLEO-H563ZI, NUCLEO-H7S3L8, NUCLEO-N657X0-Q, NUCLEO-U031R8, NUCLEO-U083RC, NUCLEO-U385RG-Q, NUCLEO-U545RE-Q, NUCLEO-U5A5ZJ-Q, NUCLEO-WB05KZ, NUCLEO-WB07CC, NUCLEO-WB09KE, NUCLEO-WBA52CG, NUCLEO-WBA55CG, NUCLEO-WBA65RI, NUCLEO-WL33CC1, NUCLEO-WL33CC2, STEVAL-PROTEUS1, STEVAL-SMARTAG2, STEVAL-STWINBX1, STM320518-EVAL, STM32C0116-DK, STM32C011D6Y3TR, STM32C011D6Y6TR, STM32C011F4P3, STM32C011F4P6, STM32C011F4U3, STM32C011F4U6TR, STM32C011F6P3, STM32C011F6P6, STM32C011F6U3, STM32C011F6U6TR, STM32C011J4M3, STM32C011J4M6, STM32C011J6M3, STM32C011J6M6, STM32C0316-DK, STM32C031C4T3, STM32C031C4T6, STM32C031C4U3, STM32C031C4U6, STM32C031C6T3, STM32C031C6T6, STM32C031C6U3, STM32C031C6U6, STM32C031F4P3, STM32C031F4P6, STM32C031F6P3, STM32C031F6P6, STM32C031G4U3, STM32C031G4U6, STM32C031G6U3, STM32C031G6U6, STM32C031K4T3, STM32C031K4T6, STM32C031K4U3, STM32C031K4U6, STM32C031K6T3, STM32C031K6T6, STM32C031K6U3, STM32C031K6U6, STM32C051C6T6, STM32C051C6U6, STM32C051C8T6, STM32C051C8U6, STM32C051D8Y6TR, STM32C051F6P6, STM32C051F8P6, STM32C051G6U6, STM32C051G8U6, STM32C051K6T6, STM32C051K6U6, STM32C051K8T6, STM32C071C8T6, STM32C071C8T6N, STM32C071C8U6, STM32C071C8U6N, STM32C071CBT6, STM32C071CBT6N, STM32C071CBU6, STM32C071CBU6N, STM32C071F8P6, STM32C071F8P6N, STM32C071FBP6, STM32C071FBP6N, STM32C071FBY6TR, STM32C071G8U6, STM32C071G8U6N, STM32C071GBU6, STM32C071GBU6N, STM32C071K8T6, STM32C071K8T6N, STM32C071K8U6, STM32C071K8U6N, STM32C071KBT6, STM32C071KBT6N, STM32C071KBU6, STM32C071KBU6N, STM32C071R8T6, STM32C071R8T6N, STM32C071RBI6N, STM32C071RBT6, STM32C071RBT6N, STM32C091CBT6, STM32C091CBU6, STM32C091CCT6, STM32C091CCU6, STM32C091ECY6TR, STM32C091FBP6, STM32C091FCP6, STM32C091GBU6, STM32C091GCU6, STM32C091KBT6, STM32C091KBU6, STM32C091KCT6, STM32C091KCU6, STM32C091RBT6, STM32C091RCI6, STM32C091RCT6, STM32C092CBT6, STM32C092CBU6, STM32C092CCT6, STM32C092CCU6, STM32C092ECY6TR, STM32C092FBP6, STM32C092FCP6, STM32C092GBU6, STM32C092GCU6, STM32C092KBT6, STM32C092KBU6, STM32C092KCT6, STM32C092KCU6, STM32C092RBT6, STM32C092RCI6, STM32C092RCT6, STM32G071K8TXN, STM32G071K8UXN, STM32G081GBU6N, STM32G081KBT6N, STM32G081KBUXN, STM32G0B1CCT6N, STM32G0B1KCT6, STM32G0B1NEY6TR, STM32G0B1RCT6N, STM32G0C1CCT6, STM32G0C1CCT6N, STM32G0C1CCU6N, STM32G0C1CET6N, STM32G0C1CEU6N, STM32G0C1KCT6, STM32G0C1NEY6TR, STM32G0C1RCI6N, STM32G0C1RCT6N, STM32G0C1REI6N, STM32G0C1RET6N, STM32G0C1VCI6, STM32G0C1VEI6, STM32G411C6T3, STM32G411C6T6, STM32G411C6U3, STM32G411C6U6, STM32G411C8T3, STM32G411C8T6, STM32G411C8U3, STM32G411C8U6, STM32G411CBT3, STM32G411CBT6, STM32G411CBU3, STM32G411CBU6, STM32G411CCT3, STM32G411CCT6, STM32G411CCU3, STM32G411CCU6, STM32G411K6T3, STM32G411K6T6, STM32G411K6U3, STM32G411K6U6, STM32G411K8T3, STM32G411K8T6, STM32G411K8U3, STM32G411K8U6, STM32G411KBT3, STM32G411KBT6, STM32G411KBU3, STM32G411KBU6, STM32G411M6T3, STM32G411M6T6, STM32G411M8T3, STM32G411M8T6, STM32G411MBT3, STM32G411MBT6, STM32G411MCT3, STM32G411MCT6, STM32G411R6T3, STM32G411R6T6, STM32G411R8T3, STM32G411R8T6, STM32G411RBT3, STM32G411RBT6, STM32G411RCT3, STM32G411RCT6, STM32G414CBT3, STM32G414CBT6, STM32G414CBU3, STM32G414CBU6, STM32G414CCT3, STM32G414CCT6, STM32G414CCU3, STM32G414CCU6, STM32G414MBT3, STM32G414MBT6, STM32G414MCT3, STM32G414MCT6, STM32G414RBT3, STM32G414RBT6, STM32G414RCT3, STM32G414RCT6, STM32G414VBT3, STM32G414VBT6, STM32G414VCT3, STM32G414VCT6, STM32G431CBT3Z, STM32G431RBT3Z, STM32G471CCT6, STM32G471CCU6, STM32G471CET3, STM32G471CET6, STM32G471CEU3, STM32G471CEU6, STM32G471MCT6, STM32G471MET3, STM32G471MET6, STM32G471MEY6TR, STM32G471QCT6, STM32G471QET3, STM32G471RCT6, STM32G471RET3, STM32G471RET6, STM32G471VCH6, STM32G471VCI6, STM32G471VCT6, STM32G471VEH3, STM32G471VEH6, STM32G471VEI3, STM32G471VEI6, STM32G471VET3, STM32G471VET6, STM32G473QET3Z, STM32G473RET3Z, STM32G474CCT6, STM32G491RET3Z, STM32H503CBT6, STM32H503CBU6, STM32H503EBY6TR, STM32H503KBU6, STM32H503RBT6, STM32H523CCT6, STM32H523CCU6, STM32H523CET6, STM32H523CEU6, STM32H523HEY6TR, STM32H523RCT6, STM32H523RET6, STM32H523VCI6, STM32H523VCT6, STM32H523VEI6, STM32H523VET6, STM32H523ZCJ6, STM32H523ZCT6, STM32H523ZEJ6, STM32H523ZET6, STM32H533CET6, STM32H533CEU6, STM32H533HEY6TR, STM32H533RET6, STM32H533VEI6, STM32H533VET6, STM32H533ZEJ6, STM32H533ZET6, STM32H562AGI6, STM32H562AII6, STM32H562IGK6, STM32H562IGT6, STM32H562IIK6, STM32H562IIT6, STM32H562RGT6, STM32H562RGV6, STM32H562RIT6, STM32H562RIV6, STM32H562VGT6, STM32H562VIT6, STM32H562ZGT6, STM32H562ZIT6, STM32H563AGI6, STM32H563AII3Q, STM32H563AII6, STM32H563IGK6, STM32H563IGT6, STM32H563IIK3Q, STM32H563IIK6, STM32H563IIT3Q, STM32H563IIT6, STM32H563MIY3QTR, STM32H563RGT6, STM32H563RGV6, STM32H563RIT6, STM32H563RIV6, STM32H563VGT6, STM32H563VIT3Q, STM32H563VIT6, STM32H563ZGT6, STM32H563ZIT3Q, STM32H563ZIT6, STM32H573AII3Q, STM32H573AII6, STM32H573I-DK, STM32H573IIK3Q, STM32H573IIK6, STM32H573IIT3Q, STM32H573IIT6, STM32H573MIY3QTR, STM32H573RIT6, STM32H573RIV6, STM32H573VIT3Q, STM32H573VIT6, STM32H573ZIT3Q, STM32H573ZIT6, STM32H7R3A8I6, STM32H7R3I8K6, STM32H7R3I8T6, STM32H7R3L8H6, STM32H7R3L8H6H, STM32H7R3R8V6, STM32H7R3V8H6, STM32H7R3V8T6, STM32H7R3V8Y6TR, STM32H7R3Z8J6, STM32H7R3Z8T6, STM32H7R7A8I6, STM32H7R7I8K6, STM32H7R7I8T6, STM32H7R7L8H6, STM32H7R7L8H6H, STM32H7R7Z8J6, STM32H7S3A8I6, STM32H7S3I8K6, STM32H7S3I8T6, STM32H7S3L8H6, STM32H7S3L8H6H, STM32H7S3R8V6, STM32H7S3V8H6, STM32H7S3V8T6, STM32H7S3V8Y6TR, STM32H7S3Z8J6, STM32H7S3Z8T6, STM32H7S78-DK, STM32H7S7A8I6, STM32H7S7I8K6, STM32H7S7I8T6, STM32H7S7L8H6, STM32H7S7L8H6H, STM32H7S7Z8J6, STM32L4R5QGI6STR, STM32MP131AAE3, STM32MP131AAF3, STM32MP131AAG3, STM32MP131CAE3, STM32MP131CAF3, STM32MP131CAG3, STM32MP131DAE7, STM32MP131DAF7, STM32MP131DAG7, STM32MP131FAE7, STM32MP131FAF7, STM32MP131FAG7, STM32MP133AAE3, STM32MP133AAF3, STM32MP133AAG3, STM32MP133CAE3, STM32MP133CAF3, STM32MP133CAG3, STM32MP133DAE7, STM32MP133DAF7, STM32MP133DAG7, STM32MP133FAE7, STM32MP133FAF7, STM32MP133FAG7, STM32MP135AAE3, STM32MP135AAF3, STM32MP135AAG3, STM32MP135CAE3, STM32MP135CAF3, STM32MP135CAG3, STM32MP135DAE7, STM32MP135DAF7, STM32MP135DAG7, STM32MP135F-DK, STM32MP135FAE7, STM32MP135FAF7, STM32MP135FAF7T, STM32MP135FAF7U, STM32MP135FAG7, STM32MP231AAJ3, STM32MP231AAK3, STM32MP231AAL3, STM32MP231CAJ3, STM32MP231CAK3, STM32MP231CAL3, STM32MP231DAJ3, STM32MP231DAK3, STM32MP231DAL3, STM32MP231FAJ3, STM32MP231FAK3, STM32MP231FAL3, STM32MP233AAJ3, STM32MP233AAK3, STM32MP233AAL3, STM32MP233CAJ3, STM32MP233CAK3, STM32MP233CAL3, STM32MP233DAJ3, STM32MP233DAK3, STM32MP233DAL3, STM32MP233FAJ3, STM32MP233FAK3, STM32MP233FAL3, STM32MP235AAJ3, STM32MP235AAK3, STM32MP235AAL3, STM32MP235CAJ3, STM32MP235CAK3, STM32MP235CAL3, STM32MP235DAJ3, STM32MP235DAK3, STM32MP235DAL3, STM32MP235FAJ3, STM32MP235FAK3, STM32MP235FAL3, STM32MP251AAI3, STM32MP251AAJ3, STM32MP251AAK3, STM32MP251AAL3, STM32MP251CAI3, STM32MP251CAJ3, STM32MP251CAK3, STM32MP251CAL3, STM32MP251DAI3, STM32MP251DAJ3, STM32MP251DAK3, STM32MP251DAL3, STM32MP251FAI3, STM32MP251FAJ3, STM32MP251FAK3, STM32MP251FAL3, STM32MP253AAI3, STM32MP253AAJ3, STM32MP253AAK3, STM32MP253AAL3, STM32MP253CAI3, STM32MP253CAJ3, STM32MP253CAK3, STM32MP253CAL3, STM32MP253DAI3, STM32MP253DAJ3, STM32MP253DAK3, STM32MP253DAL3, STM32MP253FAI3, STM32MP253FAJ3, STM32MP253FAK3, STM32MP253FAL3, STM32MP255AAI3, STM32MP255AAJ3, STM32MP255AAK3, STM32MP255AAL3, STM32MP255CAI3, STM32MP255CAJ3, STM32MP255CAK3, STM32MP255CAL3, STM32MP255DAI3, STM32MP255DAJ3, STM32MP255DAK3, STM32MP255DAL3, STM32MP255FAI3, STM32MP255FAJ3, STM32MP255FAK3, STM32MP255FAL3, STM32MP257AAI3, STM32MP257AAJ3, STM32MP257AAK3, STM32MP257AAL3, STM32MP257CAI3, STM32MP257CAJ3, STM32MP257CAK3, STM32MP257CAL3, STM32MP257DAI3, STM32MP257DAJ3, STM32MP257DAK3, STM32MP257DAL3, STM32MP257F-DK, STM32MP257F-EV1, STM32MP257FAI3, STM32MP257FAJ3, STM32MP257FAK3, STM32MP257FAL3, STM32N645A0H3Q, STM32N645B0H3Q, STM32N645I0H3Q, STM32N645L0H3Q, STM32N645X0H3Q, STM32N645Z0H3Q, STM32N647A0H3Q, STM32N647B0H3Q, STM32N647I0H3Q, STM32N647L0H3Q, STM32N647X0H3Q, STM32N647Z0H3Q, STM32N655A0H3Q, STM32N655B0H3Q, STM32N655I0H3Q, STM32N655L0H3Q, STM32N655X0H3Q, STM32N655Z0H3Q, STM32N6570-DK, STM32N657A0H3Q, STM32N657B0H3Q, STM32N657I0H3Q, STM32N657L0H3Q, STM32N657X0H3Q, STM32N657Z0H3Q, STM32U031C6T6, STM32U031C6U6, STM32U031C8T6, STM32U031C8U6, STM32U031F4P6, STM32U031F6P6, STM32U031F8P6, STM32U031G6Y6TR, STM32U031G8Y6TR, STM32U031K4U6, STM32U031K6U6, STM32U031K8U6, STM32U031R6I6, STM32U031R6T6, STM32U031R8I6, STM32U031R8T6, STM32U073C8T6, STM32U073C8U6, STM32U073CBT6, STM32U073CBU6, STM32U073CCT6, STM32U073CCU6, STM32U073H8Y6TR, STM32U073HBY6TR, STM32U073HCY6TR, STM32U073K8U6, STM32U073KBU6, STM32U073KCU6, STM32U073M8I6, STM32U073M8T6, STM32U073MBI6, STM32U073MBT6, STM32U073MCI6, STM32U073MCT6, STM32U073R8I6, STM32U073R8T6, STM32U073RBI6, STM32U073RBT6, STM32U073RCI6, STM32U073RCT6, STM32U083C-DK, STM32U083CCT6, STM32U083CCU6, STM32U083HCY6TR, STM32U083KCU6, STM32U083MCI6, STM32U083MCT6, STM32U083RCI6, STM32U083RCT6, STM32U375CET6, STM32U375CET6Q, STM32U375CEU6, STM32U375CEU6Q, STM32U375CEY6QTR, STM32U375CGT6, STM32U375CGT6Q, STM32U375CGU6, STM32U375CGU6Q, STM32U375CGY6QTR, STM32U375KEU6, STM32U375KGU6, STM32U375REI6, STM32U375REI6Q, STM32U375RET6, STM32U375RET6Q, STM32U375REY6GTR, STM32U375REY6QTR, STM32U375RGI6, STM32U375RGI6Q, STM32U375RGT6, STM32U375RGT6Q, STM32U375RGY6GTR, STM32U375RGY6QTR, STM32U375VEI6, STM32U375VEI6Q, STM32U375VET6, STM32U375VET6Q, STM32U375VGI6, STM32U375VGI6Q, STM32U375VGT6, STM32U375VGT6Q, STM32U385CGT6, STM32U385CGT6Q, STM32U385CGU6, STM32U385CGU6Q, STM32U385CGY6QTR, STM32U385KGU6, STM32U385RGI6, STM32U385RGI6Q, STM32U385RGT6, STM32U385RGT6Q, STM32U385RGY6GTR, STM32U385RGY6QTR, STM32U385VGI6, STM32U385VGI6Q, STM32U385VGT6, STM32U385VGT6Q, STM32U535CBT6, STM32U535CBT6Q, STM32U535CBU6, STM32U535CBU6Q, STM32U535CCT6, STM32U535CCT6Q, STM32U535CCU6, STM32U535CCU6Q, STM32U535CET6, STM32U535CET6Q, STM32U535CEU6, STM32U535CEU6Q, STM32U535JEY6QTR, STM32U535NCY6QTR, STM32U535NEY6QTR, STM32U535RBI6, STM32U535RBI6Q, STM32U535RBT6, STM32U535RBT6Q, STM32U535RCI6, STM32U535RCI6Q, STM32U535RCT6, STM32U535RCT6Q, STM32U535REI6, STM32U535REI6Q, STM32U535RET6, STM32U535RET6Q, STM32U535VCI6, STM32U535VCI6Q, STM32U535VCT6, STM32U535VCT6Q, STM32U535VEI6, STM32U535VEI6Q, STM32U535VET6, STM32U535VET6Q, STM32U545CET6, STM32U545CET6Q, STM32U545CEU6, STM32U545CEU6Q, STM32U545JEY6QTR, STM32U545NEY6QTR, STM32U545REI6, STM32U545REI6Q, STM32U545RET6, STM32U545RET6Q, STM32U545VEI6, STM32U545VEI6Q, STM32U545VET6, STM32U545VET6Q, STM32U595AIH6, STM32U595AIH6Q, STM32U595AJH6, STM32U595AJH6Q, STM32U595QII6, STM32U595QII6Q, STM32U595QJI6, STM32U595QJI6Q, STM32U595RIT6, STM32U595RIT6Q, STM32U595RJT6, STM32U595RJT6Q, STM32U595VIT6, STM32U595VIT6Q, STM32U595VJT6, STM32U595VJT6Q, STM32U595ZIT6, STM32U595ZIT6Q, STM32U595ZIY6QTR, STM32U595ZJT6, STM32U595ZJT6Q, STM32U595ZJY6QTR, STM32U599BJY6QTR, STM32U599NIH6Q, STM32U599NJH6Q, STM32U599VIT6Q, STM32U599VJT6, STM32U599VJT6Q, STM32U599ZIT6Q, STM32U599ZIY6QTR, STM32U599ZJT6Q, STM32U599ZJY6QTR, STM32U5A5AJH6, STM32U5A5AJH6Q, STM32U5A5QII3Q , STM32U5A5QJI6, STM32U5A5QJI6Q, STM32U5A5RJT6, STM32U5A5RJT6Q, STM32U5A5VJT6, STM32U5A5VJT6Q, STM32U5A5ZJT6, STM32U5A5ZJT6Q, STM32U5A5ZJY6QTR, STM32U5A9BJY6QTR, STM32U5A9J-DK, STM32U5A9NJH6Q, STM32U5A9VJT6Q, STM32U5A9ZJT6Q, STM32U5A9ZJY6QTR, STM32U5F7VIT6, STM32U5F7VIT6Q, STM32U5F7VJT6, STM32U5F7VJT6Q, STM32U5F9BJY6QTR, STM32U5F9NJH6Q, STM32U5F9VIT6Q, STM32U5F9VJT6Q, STM32U5F9ZIJ6QTR, STM32U5F9ZIT6Q, STM32U5F9ZJJ6QTR, STM32U5F9ZJT6Q, STM32U5G7VJT6, STM32U5G7VJT6Q, STM32U5G9BJY6QTR, STM32U5G9J-DK1, STM32U5G9J-DK2, STM32U5G9NJH6Q, STM32U5G9VJT6Q, STM32U5G9ZJJ6QTR, STM32U5G9ZJT6Q, STM32WB05KZV6TR, STM32WB05KZV7TR, STM32WB05TZF6TR, STM32WB05TZF7TR, STM32WB06CCF6TR, STM32WB06CCF7TR, STM32WB06CCV6TR, STM32WB06CCV7TR, STM32WB06KCV6TR, STM32WB06KCV7TR, STM32WB07CCF6TR, STM32WB07CCF7TR, STM32WB07CCV6TR, STM32WB07CCV7TR, STM32WB07KCV6TR, STM32WB07KCV7TR, STM32WB09KEV6TR, STM32WB09KEV7TR, STM32WB09TEF6TR, STM32WB09TEF7TR, STM32WB1MMCH6, STM32WBA50KGU6, STM32WBA50KGU6TR, STM32WBA52CEU6, STM32WBA52CEU6TR, STM32WBA52CEU7, STM32WBA52CEU7TR, STM32WBA52CGU6, STM32WBA52CGU6TR, STM32WBA52CGU6U, STM32WBA52CGU7, STM32WBA52CGU7TR, STM32WBA52KEU6, STM32WBA52KEU6TR, STM32WBA52KGU6, STM32WBA52KGU6TR, STM32WBA54CEU6, STM32WBA54CEU6TR, STM32WBA54CEU7, STM32WBA54CEU7TR, STM32WBA54CGU6, STM32WBA54CGU6TR, STM32WBA54CGU7, STM32WBA54CGU7TR, STM32WBA54KEU6, STM32WBA54KEU6TR, STM32WBA54KEU7, STM32WBA54KEU7TR, STM32WBA54KGU6, STM32WBA54KGU6TR, STM32WBA54KGU7, STM32WBA54KGU7TR, STM32WBA55CEU6, STM32WBA55CEU6TR, STM32WBA55CEU7, STM32WBA55CEU7TR, STM32WBA55CGU6, STM32WBA55CGU6TR, STM32WBA55CGU6U, STM32WBA55CGU7, STM32WBA55CGU7TR, STM32WBA55G-DK1, STM32WBA55HEF6, STM32WBA55HEF7, STM32WBA55HGF6, STM32WBA55HGF7, STM32WBA55UEI6, STM32WBA55UEI6TR, STM32WBA55UEI7, STM32WBA55UEI7TR, STM32WBA55UGI6, STM32WBA55UGI6TR, STM32WBA55UGI7, STM32WBA55UGI7TR, STM32WBA5MJGH6TR, STM32WBA62CGU6, STM32WBA62CIU6, STM32WBA62MGF6, STM32WBA62MIF6, STM32WBA62PGI6, STM32WBA62PII6, STM32WBA63CGU6, STM32WBA63CGU7, STM32WBA63CIU6, STM32WBA63CIU7, STM32WBA64CGU6, STM32WBA64CGU7, STM32WBA64CIU6, STM32WBA64CIU7, STM32WBA65CGU6, STM32WBA65CGU7, STM32WBA65CIU6, STM32WBA65CIU7, STM32WBA65I-DK1, STM32WBA65MGF6, STM32WBA65MGF7, STM32WBA65MIF6, STM32WBA65MIF7, STM32WBA65PGI6, STM32WBA65PGI7, STM32WBA65PII6, STM32WBA65PII7, STM32WBA65RGV6, STM32WBA65RGV7, STM32WBA65RIV6, STM32WBA65RIV7, STM32WL30K8V6, STM32WL30KBV6, STM32WL31C8V6, STM32WL31CBV6, STM32WL31K8V6, STM32WL31KBV6, STM32WL33C8V6, STM32WL33C8V6TR, STM32WL33C8V7, STM32WL33C8V7TR, STM32WL33CBV6, STM32WL33CBV6TR, STM32WL33CBV7, STM32WL33CBV7TR, STM32WL33CCV6, STM32WL33CCV6TR, STM32WL33CCV7, STM32WL33CCV7A, STM32WL33CCV7ATR, STM32WL33CCV7TR, STM32WL33K8V6, STM32WL33K8V6TR, STM32WL33K8V7, STM32WL33K8V7TR, STM32WL33KBV6, STM32WL33KBV6TR, STM32WL33KBV7, STM32WL33KBV7TR, STM32WL33KCV6, STM32WL33KCV6TR, STM32WL33KCV7, STM32WL33KCV7TR, STM32WL5MOCH6, STM32WL5MOCH6TR]
2026-08-17 18:56:09,403 [INFO] ApiDb:668 - CubeFinder database Data Model version=2.1
2026-08-17 18:56:09,403 [INFO] ApiDb:669 - CubeFinder database Configuration version=3.0.42
2026-08-17 18:56:09,403 [INFO] ApiDb:670 - CubeFinder database generation date=2026-06-23 (1782213372)
2026-08-17 18:56:09,403 [INFO] ApiDb:671 - CubeFinder database FW Pack versions=[FP-ATR-ASTRA1_V2.0.0, FP-SNS-FLIGHT1_V5.1.0, FP-SNS-MOTENV1_V5.1.0, FP-SNS-MOTENVWB1_V1.5.0, FP-SNS-SMARTAG2_V1.2.0, FP-SNS-STBOX1_V2.1.0, STM32Cube_FW_C0_V1.4.0, STM32Cube_FW_F4_V1.28.3, STM32Cube_FW_F7_V1.17.4, STM32Cube_FW_G0_V1.6.3, STM32Cube_FW_G4_V1.6.2, STM32Cube_FW_H5_V1.7.0, STM32Cube_FW_H7RS_V1.3.0, STM32Cube_FW_H7_V1.13.0, STM32Cube_FW_L0_V1.12.2, STM32Cube_FW_L4_V1.18.2, STM32Cube_FW_L5_V1.6.0, STM32Cube_FW_N6_V1.4.0, STM32Cube_FW_U0_V1.3.0, STM32Cube_FW_U3_V1.4.0, STM32Cube_FW_U5_V1.9.0, STM32Cube_FW_WB0_V1.5.0, STM32Cube_FW_WBA_V1.10.0, STM32Cube_FW_WB_V1.24.0, STM32Cube_FW_WL3_V1.5.0, STM32Cube_FW_WL_V1.6.0, X-CUBE-ALGOBUILD_V1.5.0, X-CUBE-ALS_V1.0.2, X-CUBE-AZRTOS-F4_V1.1.0, X-CUBE-AZRTOS-F7_V1.1.0, X-CUBE-AZRTOS-G0_V1.1.0, X-CUBE-AZRTOS-G4_V2.0.0, X-CUBE-AZRTOS-H7RS_V1.1.0, X-CUBE-AZRTOS-H7_V3.5.0, X-CUBE-AZRTOS-L4_V2.0.0, X-CUBE-AZRTOS-L5_V2.0.0, X-CUBE-AZRTOS-WB_V2.0.0, X-CUBE-AZRTOS-WL_V2.0.0, X-CUBE-BLE1_V7.1.0, X-CUBE-BLE2_V3.3.0, X-CUBE-BLEMGR_V4.1.0, X-CUBE-EEPRMA1_V5.2.0, X-CUBE-FREERTOS_V1.5.0, X-CUBE-GNSS1_V7.1.1, X-CUBE-MEMS1_V12.1.0, X-CUBE-NFC4_V3.0.0, X-CUBE-NFC7_V2.0.0, X-CUBE-SFXS2LP1_V4.0.0, X-CUBE-ST67W61_V1.3.0, X-CUBE-SUBG2_V5.0.0, X-CUBE-TOF1_V3.4.3]
2026-08-17 18:56:11,121 [INFO] ApiDb:240 - Found 895 in-development CPN: [B-G473E-ZEST1S, B-WB1M-WPAN1, B-WBA5M-WPAN, B-WL5M-SUBG1, NUCLEO-C031C6, NUCLEO-C051C8, NUCLEO-C071RB, NUCLEO-C092RC, NUCLEO-H503RB, NUCLEO-H533RE, NUCLEO-H563ZI, NUCLEO-H7S3L8, NUCLEO-N657X0-Q, NUCLEO-U031R8, NUCLEO-U083RC, NUCLEO-U385RG-Q, NUCLEO-U545RE-Q, NUCLEO-U5A5ZJ-Q, NUCLEO-WB05KZ, NUCLEO-WB07CC, NUCLEO-WB09KE, NUCLEO-WBA52CG, NUCLEO-WBA55CG, NUCLEO-WBA65RI, NUCLEO-WL33CC1, NUCLEO-WL33CC2, STEVAL-PROTEUS1, STEVAL-SMARTAG2, STEVAL-STWINBX1, STM320518-EVAL, STM32C0116-DK, STM32C011D6Y3TR, STM32C011D6Y6TR, STM32C011F4P3, STM32C011F4P6, STM32C011F4U3, STM32C011F4U6TR, STM32C011F6P3, STM32C011F6P6, STM32C011F6U3, STM32C011F6U6TR, STM32C011J4M3, STM32C011J4M6, STM32C011J6M3, STM32C011J6M6, STM32C0316-DK, STM32C031C4T3, STM32C031C4T6, STM32C031C4U3, STM32C031C4U6, STM32C031C6T3, STM32C031C6T6, STM32C031C6U3, STM32C031C6U6, STM32C031F4P3, STM32C031F4P6, STM32C031F6P3, STM32C031F6P6, STM32C031G4U3, STM32C031G4U6, STM32C031G6U3, STM32C031G6U6, STM32C031K4T3, STM32C031K4T6, STM32C031K4U3, STM32C031K4U6, STM32C031K6T3, STM32C031K6T6, STM32C031K6U3, STM32C031K6U6, STM32C051C6T6, STM32C051C6U6, STM32C051C8T6, STM32C051C8U6, STM32C051D8Y6TR, STM32C051F6P6, STM32C051F8P6, STM32C051G6U6, STM32C051G8U6, STM32C051K6T6, STM32C051K6U6, STM32C051K8T6, STM32C071C8T6, STM32C071C8T6N, STM32C071C8U6, STM32C071C8U6N, STM32C071CBT6, STM32C071CBT6N, STM32C071CBU6, STM32C071CBU6N, STM32C071F8P6, STM32C071F8P6N, STM32C071FBP6, STM32C071FBP6N, STM32C071FBY6TR, STM32C071G8U6, STM32C071G8U6N, STM32C071GBU6, STM32C071GBU6N, STM32C071K8T6, STM32C071K8T6N, STM32C071K8U6, STM32C071K8U6N, STM32C071KBT6, STM32C071KBT6N, STM32C071KBU6, STM32C071KBU6N, STM32C071R8T6, STM32C071R8T6N, STM32C071RBI6N, STM32C071RBT6, STM32C071RBT6N, STM32C091CBT6, STM32C091CBU6, STM32C091CCT6, STM32C091CCU6, STM32C091ECY6TR, STM32C091FBP6, STM32C091FCP6, STM32C091GBU6, STM32C091GCU6, STM32C091KBT6, STM32C091KBU6, STM32C091KCT6, STM32C091KCU6, STM32C091RBT6, STM32C091RCI6, STM32C091RCT6, STM32C092CBT6, STM32C092CBU6, STM32C092CCT6, STM32C092CCU6, STM32C092ECY6TR, STM32C092FBP6, STM32C092FCP6, STM32C092GBU6, STM32C092GCU6, STM32C092KBT6, STM32C092KBU6, STM32C092KCT6, STM32C092KCU6, STM32C092RBT6, STM32C092RCI6, STM32C092RCT6, STM32G071K8TXN, STM32G071K8UXN, STM32G081GBU6N, STM32G081KBT6N, STM32G081KBUXN, STM32G0B1CCT6N, STM32G0B1KCT6, STM32G0B1NEY6TR, STM32G0B1RCT6N, STM32G0C1CCT6, STM32G0C1CCT6N, STM32G0C1CCU6N, STM32G0C1CET6N, STM32G0C1CEU6N, STM32G0C1KCT6, STM32G0C1NEY6TR, STM32G0C1RCI6N, STM32G0C1RCT6N, STM32G0C1REI6N, STM32G0C1RET6N, STM32G0C1VCI6, STM32G0C1VEI6, STM32G411C6T3, STM32G411C6T6, STM32G411C6U3, STM32G411C6U6, STM32G411C8T3, STM32G411C8T6, STM32G411C8U3, STM32G411C8U6, STM32G411CBT3, STM32G411CBT6, STM32G411CBU3, STM32G411CBU6, STM32G411CCT3, STM32G411CCT6, STM32G411CCU3, STM32G411CCU6, STM32G411K6T3, STM32G411K6T6, STM32G411K6U3, STM32G411K6U6, STM32G411K8T3, STM32G411K8T6, STM32G411K8U3, STM32G411K8U6, STM32G411KBT3, STM32G411KBT6, STM32G411KBU3, STM32G411KBU6, STM32G411M6T3, STM32G411M6T6, STM32G411M8T3, STM32G411M8T6, STM32G411MBT3, STM32G411MBT6, STM32G411MCT3, STM32G411MCT6, STM32G411R6T3, STM32G411R6T6, STM32G411R8T3, STM32G411R8T6, STM32G411RBT3, STM32G411RBT6, STM32G411RCT3, STM32G411RCT6, STM32G414CBT3, STM32G414CBT6, STM32G414CBU3, STM32G414CBU6, STM32G414CCT3, STM32G414CCT6, STM32G414CCU3, STM32G414CCU6, STM32G414MBT3, STM32G414MBT6, STM32G414MCT3, STM32G414MCT6, STM32G414RBT3, STM32G414RBT6, STM32G414RCT3, STM32G414RCT6, STM32G414VBT3, STM32G414VBT6, STM32G414VCT3, STM32G414VCT6, STM32G431CBT3Z, STM32G431RBT3Z, STM32G471CCT6, STM32G471CCU6, STM32G471CET3, STM32G471CET6, STM32G471CEU3, STM32G471CEU6, STM32G471MCT6, STM32G471MET3, STM32G471MET6, STM32G471MEY6TR, STM32G471QCT6, STM32G471QET3, STM32G471RCT6, STM32G471RET3, STM32G471RET6, STM32G471VCH6, STM32G471VCI6, STM32G471VCT6, STM32G471VEH3, STM32G471VEH6, STM32G471VEI3, STM32G471VEI6, STM32G471VET3, STM32G471VET6, STM32G473QET3Z, STM32G473RET3Z, STM32G474CCT6, STM32G491RET3Z, STM32H503CBT6, STM32H503CBU6, STM32H503EBY6TR, STM32H503KBU6, STM32H503RBT6, STM32H523CCT6, STM32H523CCU6, STM32H523CET6, STM32H523CEU6, STM32H523HEY6TR, STM32H523RCT6, STM32H523RET6, STM32H523VCI6, STM32H523VCT6, STM32H523VEI6, STM32H523VET6, STM32H523ZCJ6, STM32H523ZCT6, STM32H523ZEJ6, STM32H523ZET6, STM32H533CET6, STM32H533CEU6, STM32H533HEY6TR, STM32H533RET6, STM32H533VEI6, STM32H533VET6, STM32H533ZEJ6, STM32H533ZET6, STM32H562AGI6, STM32H562AII6, STM32H562IGK6, STM32H562IGT6, STM32H562IIK6, STM32H562IIT6, STM32H562RGT6, STM32H562RGV6, STM32H562RIT6, STM32H562RIV6, STM32H562VGT6, STM32H562VIT6, STM32H562ZGT6, STM32H562ZIT6, STM32H563AGI6, STM32H563AII3Q, STM32H563AII6, STM32H563IGK6, STM32H563IGT6, STM32H563IIK3Q, STM32H563IIK6, STM32H563IIT3Q, STM32H563IIT6, STM32H563MIY3QTR, STM32H563RGT6, STM32H563RGV6, STM32H563RIT6, STM32H563RIV6, STM32H563VGT6, STM32H563VIT3Q, STM32H563VIT6, STM32H563ZGT6, STM32H563ZIT3Q, STM32H563ZIT6, STM32H573AII3Q, STM32H573AII6, STM32H573I-DK, STM32H573IIK3Q, STM32H573IIK6, STM32H573IIT3Q, STM32H573IIT6, STM32H573MIY3QTR, STM32H573RIT6, STM32H573RIV6, STM32H573VIT3Q, STM32H573VIT6, STM32H573ZIT3Q, STM32H573ZIT6, STM32H7R3A8I6, STM32H7R3I8K6, STM32H7R3I8T6, STM32H7R3L8H6, STM32H7R3L8H6H, STM32H7R3R8V6, STM32H7R3V8H6, STM32H7R3V8T6, STM32H7R3V8Y6TR, STM32H7R3Z8J6, STM32H7R3Z8T6, STM32H7R7A8I6, STM32H7R7I8K6, STM32H7R7I8T6, STM32H7R7L8H6, STM32H7R7L8H6H, STM32H7R7Z8J6, STM32H7S3A8I6, STM32H7S3I8K6, STM32H7S3I8T6, STM32H7S3L8H6, STM32H7S3L8H6H, STM32H7S3R8V6, STM32H7S3V8H6, STM32H7S3V8T6, STM32H7S3V8Y6TR, STM32H7S3Z8J6, STM32H7S3Z8T6, STM32H7S78-DK, STM32H7S7A8I6, STM32H7S7I8K6, STM32H7S7I8T6, STM32H7S7L8H6, STM32H7S7L8H6H, STM32H7S7Z8J6, STM32L4R5QGI6STR, STM32MP131AAE3, STM32MP131AAF3, STM32MP131AAG3, STM32MP131CAE3, STM32MP131CAF3, STM32MP131CAG3, STM32MP131DAE7, STM32MP131DAF7, STM32MP131DAG7, STM32MP131FAE7, STM32MP131FAF7, STM32MP131FAG7, STM32MP133AAE3, STM32MP133AAF3, STM32MP133AAG3, STM32MP133CAE3, STM32MP133CAF3, STM32MP133CAG3, STM32MP133DAE7, STM32MP133DAF7, STM32MP133DAG7, STM32MP133FAE7, STM32MP133FAF7, STM32MP133FAG7, STM32MP135AAE3, STM32MP135AAF3, STM32MP135AAG3, STM32MP135CAE3, STM32MP135CAF3, STM32MP135CAG3, STM32MP135DAE7, STM32MP135DAF7, STM32MP135DAG7, STM32MP135F-DK, STM32MP135FAE7, STM32MP135FAF7, STM32MP135FAF7T, STM32MP135FAF7U, STM32MP135FAG7, STM32MP231AAJ3, STM32MP231AAK3, STM32MP231AAL3, STM32MP231CAJ3, STM32MP231CAK3, STM32MP231CAL3, STM32MP231DAJ3, STM32MP231DAK3, STM32MP231DAL3, STM32MP231FAJ3, STM32MP231FAK3, STM32MP231FAL3, STM32MP233AAJ3, STM32MP233AAK3, STM32MP233AAL3, STM32MP233CAJ3, STM32MP233CAK3, STM32MP233CAL3, STM32MP233DAJ3, STM32MP233DAK3, STM32MP233DAL3, STM32MP233FAJ3, STM32MP233FAK3, STM32MP233FAL3, STM32MP235AAJ3, STM32MP235AAK3, STM32MP235AAL3, STM32MP235CAJ3, STM32MP235CAK3, STM32MP235CAL3, STM32MP235DAJ3, STM32MP235DAK3, STM32MP235DAL3, STM32MP235FAJ3, STM32MP235FAK3, STM32MP235FAL3, STM32MP251AAI3, STM32MP251AAJ3, STM32MP251AAK3, STM32MP251AAL3, STM32MP251CAI3, STM32MP251CAJ3, STM32MP251CAK3, STM32MP251CAL3, STM32MP251DAI3, STM32MP251DAJ3, STM32MP251DAK3, STM32MP251DAL3, STM32MP251FAI3, STM32MP251FAJ3, STM32MP251FAK3, STM32MP251FAL3, STM32MP253AAI3, STM32MP253AAJ3, STM32MP253AAK3, STM32MP253AAL3, STM32MP253CAI3, STM32MP253CAJ3, STM32MP253CAK3, STM32MP253CAL3, STM32MP253DAI3, STM32MP253DAJ3, STM32MP253DAK3, STM32MP253DAL3, STM32MP253FAI3, STM32MP253FAJ3, STM32MP253FAK3, STM32MP253FAL3, STM32MP255AAI3, STM32MP255AAJ3, STM32MP255AAK3, STM32MP255AAL3, STM32MP255CAI3, STM32MP255CAJ3, STM32MP255CAK3, STM32MP255CAL3, STM32MP255DAI3, STM32MP255DAJ3, STM32MP255DAK3, STM32MP255DAL3, STM32MP255FAI3, STM32MP255FAJ3, STM32MP255FAK3, STM32MP255FAL3, STM32MP257AAI3, STM32MP257AAJ3, STM32MP257AAK3, STM32MP257AAL3, STM32MP257CAI3, STM32MP257CAJ3, STM32MP257CAK3, STM32MP257CAL3, STM32MP257DAI3, STM32MP257DAJ3, STM32MP257DAK3, STM32MP257DAL3, STM32MP257F-DK, STM32MP257F-EV1, STM32MP257FAI3, STM32MP257FAJ3, STM32MP257FAK3, STM32MP257FAL3, STM32N645A0H3Q, STM32N645B0H3Q, STM32N645I0H3Q, STM32N645L0H3Q, STM32N645X0H3Q, STM32N645Z0H3Q, STM32N647A0H3Q, STM32N647B0H3Q, STM32N647I0H3Q, STM32N647L0H3Q, STM32N647X0H3Q, STM32N647Z0H3Q, STM32N655A0H3Q, STM32N655B0H3Q, STM32N655I0H3Q, STM32N655L0H3Q, STM32N655X0H3Q, STM32N655Z0H3Q, STM32N6570-DK, STM32N657A0H3Q, STM32N657B0H3Q, STM32N657I0H3Q, STM32N657L0H3Q, STM32N657X0H3Q, STM32N657Z0H3Q, STM32U031C6T6, STM32U031C6U6, STM32U031C8T6, STM32U031C8U6, STM32U031F4P6, STM32U031F6P6, STM32U031F8P6, STM32U031G6Y6TR, STM32U031G8Y6TR, STM32U031K4U6, STM32U031K6U6, STM32U031K8U6, STM32U031R6I6, STM32U031R6T6, STM32U031R8I6, STM32U031R8T6, STM32U073C8T6, STM32U073C8U6, STM32U073CBT6, STM32U073CBU6, STM32U073CCT6, STM32U073CCU6, STM32U073H8Y6TR, STM32U073HBY6TR, STM32U073HCY6TR, STM32U073K8U6, STM32U073KBU6, STM32U073KCU6, STM32U073M8I6, STM32U073M8T6, STM32U073MBI6, STM32U073MBT6, STM32U073MCI6, STM32U073MCT6, STM32U073R8I6, STM32U073R8T6, STM32U073RBI6, STM32U073RBT6, STM32U073RCI6, STM32U073RCT6, STM32U083C-DK, STM32U083CCT6, STM32U083CCU6, STM32U083HCY6TR, STM32U083KCU6, STM32U083MCI6, STM32U083MCT6, STM32U083RCI6, STM32U083RCT6, STM32U375CET6, STM32U375CET6Q, STM32U375CEU6, STM32U375CEU6Q, STM32U375CEY6QTR, STM32U375CGT6, STM32U375CGT6Q, STM32U375CGU6, STM32U375CGU6Q, STM32U375CGY6QTR, STM32U375KEU6, STM32U375KGU6, STM32U375REI6, STM32U375REI6Q, STM32U375RET6, STM32U375RET6Q, STM32U375REY6GTR, STM32U375REY6QTR, STM32U375RGI6, STM32U375RGI6Q, STM32U375RGT6, STM32U375RGT6Q, STM32U375RGY6GTR, STM32U375RGY6QTR, STM32U375VEI6, STM32U375VEI6Q, STM32U375VET6, STM32U375VET6Q, STM32U375VGI6, STM32U375VGI6Q, STM32U375VGT6, STM32U375VGT6Q, STM32U385CGT6, STM32U385CGT6Q, STM32U385CGU6, STM32U385CGU6Q, STM32U385CGY6QTR, STM32U385KGU6, STM32U385RGI6, STM32U385RGI6Q, STM32U385RGT6, STM32U385RGT6Q, STM32U385RGY6GTR, STM32U385RGY6QTR, STM32U385VGI6, STM32U385VGI6Q, STM32U385VGT6, STM32U385VGT6Q, STM32U535CBT6, STM32U535CBT6Q, STM32U535CBU6, STM32U535CBU6Q, STM32U535CCT6, STM32U535CCT6Q, STM32U535CCU6, STM32U535CCU6Q, STM32U535CET6, STM32U535CET6Q, STM32U535CEU6, STM32U535CEU6Q, STM32U535JEY6QTR, STM32U535NCY6QTR, STM32U535NEY6QTR, STM32U535RBI6, STM32U535RBI6Q, STM32U535RBT6, STM32U535RBT6Q, STM32U535RCI6, STM32U535RCI6Q, STM32U535RCT6, STM32U535RCT6Q, STM32U535REI6, STM32U535REI6Q, STM32U535RET6, STM32U535RET6Q, STM32U535VCI6, STM32U535VCI6Q, STM32U535VCT6, STM32U535VCT6Q, STM32U535VEI6, STM32U535VEI6Q, STM32U535VET6, STM32U535VET6Q, STM32U545CET6, STM32U545CET6Q, STM32U545CEU6, STM32U545CEU6Q, STM32U545JEY6QTR, STM32U545NEY6QTR, STM32U545REI6, STM32U545REI6Q, STM32U545RET6, STM32U545RET6Q, STM32U545VEI6, STM32U545VEI6Q, STM32U545VET6, STM32U545VET6Q, STM32U595AIH6, STM32U595AIH6Q, STM32U595AJH6, STM32U595AJH6Q, STM32U595QII6, STM32U595QII6Q, STM32U595QJI6, STM32U595QJI6Q, STM32U595RIT6, STM32U595RIT6Q, STM32U595RJT6, STM32U595RJT6Q, STM32U595VIT6, STM32U595VIT6Q, STM32U595VJT6, STM32U595VJT6Q, STM32U595ZIT6, STM32U595ZIT6Q, STM32U595ZIY6QTR, STM32U595ZJT6, STM32U595ZJT6Q, STM32U595ZJY6QTR, STM32U599BJY6QTR, STM32U599NIH6Q, STM32U599NJH6Q, STM32U599VIT6Q, STM32U599VJT6, STM32U599VJT6Q, STM32U599ZIT6Q, STM32U599ZIY6QTR, STM32U599ZJT6Q, STM32U599ZJY6QTR, STM32U5A5AJH6, STM32U5A5AJH6Q, STM32U5A5QII3Q , STM32U5A5QJI6, STM32U5A5QJI6Q, STM32U5A5RJT6, STM32U5A5RJT6Q, STM32U5A5VJT6, STM32U5A5VJT6Q, STM32U5A5ZJT6, STM32U5A5ZJT6Q, STM32U5A5ZJY6QTR, STM32U5A9BJY6QTR, STM32U5A9J-DK, STM32U5A9NJH6Q, STM32U5A9VJT6Q, STM32U5A9ZJT6Q, STM32U5A9ZJY6QTR, STM32U5F7VIT6, STM32U5F7VIT6Q, STM32U5F7VJT6, STM32U5F7VJT6Q, STM32U5F9BJY6QTR, STM32U5F9NJH6Q, STM32U5F9VIT6Q, STM32U5F9VJT6Q, STM32U5F9ZIJ6QTR, STM32U5F9ZIT6Q, STM32U5F9ZJJ6QTR, STM32U5F9ZJT6Q, STM32U5G7VJT6, STM32U5G7VJT6Q, STM32U5G9BJY6QTR, STM32U5G9J-DK1, STM32U5G9J-DK2, STM32U5G9NJH6Q, STM32U5G9VJT6Q, STM32U5G9ZJJ6QTR, STM32U5G9ZJT6Q, STM32WB05KZV6TR, STM32WB05KZV7TR, STM32WB05TZF6TR, STM32WB05TZF7TR, STM32WB06CCF6TR, STM32WB06CCF7TR, STM32WB06CCV6TR, STM32WB06CCV7TR, STM32WB06KCV6TR, STM32WB06KCV7TR, STM32WB07CCF6TR, STM32WB07CCF7TR, STM32WB07CCV6TR, STM32WB07CCV7TR, STM32WB07KCV6TR, STM32WB07KCV7TR, STM32WB09KEV6TR, STM32WB09KEV7TR, STM32WB09TEF6TR, STM32WB09TEF7TR, STM32WB1MMCH6, STM32WBA50KGU6, STM32WBA50KGU6TR, STM32WBA52CEU6, STM32WBA52CEU6TR, STM32WBA52CEU7, STM32WBA52CEU7TR, STM32WBA52CGU6, STM32WBA52CGU6TR, STM32WBA52CGU6U, STM32WBA52CGU7, STM32WBA52CGU7TR, STM32WBA52KEU6, STM32WBA52KEU6TR, STM32WBA52KGU6, STM32WBA52KGU6TR, STM32WBA54CEU6, STM32WBA54CEU6TR, STM32WBA54CEU7, STM32WBA54CEU7TR, STM32WBA54CGU6, STM32WBA54CGU6TR, STM32WBA54CGU7, STM32WBA54CGU7TR, STM32WBA54KEU6, STM32WBA54KEU6TR, STM32WBA54KEU7, STM32WBA54KEU7TR, STM32WBA54KGU6, STM32WBA54KGU6TR, STM32WBA54KGU7, STM32WBA54KGU7TR, STM32WBA55CEU6, STM32WBA55CEU6TR, STM32WBA55CEU7, STM32WBA55CEU7TR, STM32WBA55CGU6, STM32WBA55CGU6TR, STM32WBA55CGU6U, STM32WBA55CGU7, STM32WBA55CGU7TR, STM32WBA55G-DK1, STM32WBA55HEF6, STM32WBA55HEF7, STM32WBA55HGF6, STM32WBA55HGF7, STM32WBA55UEI6, STM32WBA55UEI6TR, STM32WBA55UEI7, STM32WBA55UEI7TR, STM32WBA55UGI6, STM32WBA55UGI6TR, STM32WBA55UGI7, STM32WBA55UGI7TR, STM32WBA5MJGH6TR, STM32WBA62CGU6, STM32WBA62CIU6, STM32WBA62MGF6, STM32WBA62MIF6, STM32WBA62PGI6, STM32WBA62PII6, STM32WBA63CGU6, STM32WBA63CGU7, STM32WBA63CIU6, STM32WBA63CIU7, STM32WBA64CGU6, STM32WBA64CGU7, STM32WBA64CIU6, STM32WBA64CIU7, STM32WBA65CGU6, STM32WBA65CGU7, STM32WBA65CIU6, STM32WBA65CIU7, STM32WBA65I-DK1, STM32WBA65MGF6, STM32WBA65MGF7, STM32WBA65MIF6, STM32WBA65MIF7, STM32WBA65PGI6, STM32WBA65PGI7, STM32WBA65PII6, STM32WBA65PII7, STM32WBA65RGV6, STM32WBA65RGV7, STM32WBA65RIV6, STM32WBA65RIV7, STM32WL30K8V6, STM32WL30KBV6, STM32WL31C8V6, STM32WL31CBV6, STM32WL31K8V6, STM32WL31KBV6, STM32WL33C8V6, STM32WL33C8V6TR, STM32WL33C8V7, STM32WL33C8V7TR, STM32WL33CBV6, STM32WL33CBV6TR, STM32WL33CBV7, STM32WL33CBV7TR, STM32WL33CCV6, STM32WL33CCV6TR, STM32WL33CCV7, STM32WL33CCV7A, STM32WL33CCV7ATR, STM32WL33CCV7TR, STM32WL33K8V6, STM32WL33K8V6TR, STM32WL33K8V7, STM32WL33K8V7TR, STM32WL33KBV6, STM32WL33KBV6TR, STM32WL33KBV7, STM32WL33KBV7TR, STM32WL33KCV6, STM32WL33KCV6TR, STM32WL33KCV7, STM32WL33KCV7TR, STM32WL5MOCH6, STM32WL5MOCH6TR]
2026-08-17 18:56:11,126 [INFO] DbMcus:218 - Found 5246 MCUs, 5093 are supported
2026-08-17 18:56:11,127 [INFO] ApiDb:423 - Load user favorites file /home/thuy/.stm32cubeide/favorites.mcus.txt: 0 item(s)
2026-08-17 18:56:11,127 [INFO] ApiDb:427 - User favorites MCUs=[]
2026-08-17 18:56:11,127 [INFO] DbMcus:224 - Set 0 / 0 favorites MCUs
2026-08-17 18:56:11,403 [INFO] BoardInfo:889 - No configuration file found for board NUCLEO-H5E5ZJ
2026-08-17 18:56:11,404 [INFO] DbBoards:161 - Board is not supported: NUCLEO-H5E5ZJ
2026-08-17 18:56:11,427 [INFO] BoardInfo:889 - No configuration file found for board NUCLEO-U3C5ZI-Q
2026-08-17 18:56:11,428 [INFO] DbBoards:161 - Board is not supported: NUCLEO-U3C5ZI-Q
2026-08-17 18:56:11,433 [INFO] BoardInfo:889 - No configuration file found for board NUCLEO-WBA25CE1
2026-08-17 18:56:11,433 [INFO] DbBoards:161 - Board is not supported: NUCLEO-WBA25CE1
2026-08-17 18:56:11,436 [INFO] BoardInfo:889 - No configuration file found for board NUCLEO-WL3RKB1
2026-08-17 18:56:11,437 [INFO] DbBoards:161 - Board is not supported: NUCLEO-WL3RKB1
2026-08-17 18:56:11,437 [INFO] BoardInfo:889 - No configuration file found for board NUCLEO-WL3RKB2
2026-08-17 18:56:11,437 [INFO] DbBoards:161 - Board is not supported: NUCLEO-WL3RKB2
2026-08-17 18:56:11,440 [INFO] BoardInfo:889 - No configuration file found for board P-NUCLEO-WB55
2026-08-17 18:56:11,440 [INFO] DbBoards:161 - Kit is not supported: P-NUCLEO-WB55
2026-08-17 18:56:11,443 [INFO] BoardInfo:889 - No configuration file found for board STEVAL-BFA001V1B
2026-08-17 18:56:11,443 [INFO] DbBoards:161 - Kit is not supported: STEVAL-BFA001V1B
2026-08-17 18:56:11,444 [INFO] BoardInfo:889 - No configuration file found for board STEVAL-BFA001V2B
2026-08-17 18:56:11,444 [INFO] DbBoards:161 - Kit is not supported: STEVAL-BFA001V2B
2026-08-17 18:56:11,479 [INFO] BoardInfo:889 - No configuration file found for board STM32H5F5J-DK
2026-08-17 18:56:11,480 [INFO] DbBoards:161 - Board is not supported: STM32H5F5J-DK
2026-08-17 18:56:11,502 [INFO] BoardInfo:889 - No configuration file found for board STM32MP215F-DK
2026-08-17 18:56:11,503 [INFO] DbBoards:161 - Board is not supported: STM32MP215F-DK
2026-08-17 18:56:11,510 [INFO] DbBoards:168 - Found 218 boards, 208 are supported
2026-08-17 18:56:11,511 [INFO] DbBoards:169 - Found 218 boards, 43 of them is supported for  Bsp
2026-08-17 18:56:11,513 [INFO] ApiDb:423 - Load user favorites file /home/thuy/.stm32cubeide/favorites.boards.txt: 0 item(s)
2026-08-17 18:56:11,513 [INFO] ApiDb:427 - User favorites Boards=[]
2026-08-17 18:56:11,513 [INFO] DbBoards:198 - Set 0 / 0 favorites Boards
2026-08-17 18:56:11,555 [INFO] UtilMem:75 - End LoadConfig() Used Memory: 185687648 Bytes (309329920)
2026-08-17 18:56:11,631 [WARN] ThirdParty:833 - waiting for thirdparty lock release [change project]
2026-08-17 18:56:11,631 [INFO] ThirdParty:835 - entering critical section [change project]
2026-08-17 18:56:11,631 [INFO] ThirdParty:1030 - CMSIS Pack Vendor :STMicroelectronics X-CUBE-AZRTOS-H7 3.5.0
2026-08-17 18:56:11,631 [INFO] ThirdParty:1030 - CMSIS Pack Vendor :STMicroelectronics X-CUBE-PM33A1 1.0.0
2026-08-17 18:56:11,631 [INFO] ThirdParty:1030 - CMSIS Pack Vendor :STMicroelectronics USBPD 4.1
2026-08-17 18:56:11,632 [INFO] ThirdParty:1030 - CMSIS Pack Vendor :STMicroelectronics X-CUBE-NFC9 1.0.0
2026-08-17 18:56:11,632 [INFO] ThirdParty:1030 - CMSIS Pack Vendor :STMicroelectronics USB_HOST 2.0.0
2026-08-17 18:56:11,632 [INFO] ThirdParty:1030 - CMSIS Pack Vendor :STMicroelectronics FP-ATR-ASTRA1 2.0.3
2026-08-17 18:56:11,632 [INFO] ThirdParty:1030 - CMSIS Pack Vendor :STMicroelectronics X-CUBE-AZRTOS-F4 1.1.0
2026-08-17 18:56:11,632 [INFO] ThirdParty:1030 - CMSIS Pack Vendor :STMicroelectronics LIBJPEG 8.0.0
2026-08-17 18:56:11,632 [INFO] ThirdParty:1030 - CMSIS Pack Vendor :STMicroelectronics FP-ATR-ASTRA1 2.0.2
2026-08-17 18:56:11,632 [INFO] ThirdParty:1030 - CMSIS Pack Vendor :STMicroelectronics X-CUBE-BLE1 7.1.0
2026-08-17 18:56:11,632 [INFO] ThirdParty:1030 - CMSIS Pack Vendor :wolfSSL I-CUBE-wolfMQTT 1.19.2
2026-08-17 18:56:11,632 [INFO] ThirdParty:1030 - CMSIS Pack Vendor :STMicroelectronics USB_DEVICE 3.0.0
2026-08-17 18:56:11,632 [INFO] ThirdParty:1030 - CMSIS Pack Vendor :STMicroelectronics X-CUBE-ISPU 2.1.0
2026-08-17 18:56:11,632 [INFO] ThirdParty:1030 - CMSIS Pack Vendor :STMicroelectronics X-CUBE-EEPRMA1 5.2.0
2026-08-17 18:56:11,632 [INFO] ThirdParty:1030 - CMSIS Pack Vendor :STMicroelectronics eDS-WB_DPC_TT-BIDIR 2.1.1
2026-08-17 18:56:11,632 [INFO] ThirdParty:1030 - CMSIS Pack Vendor :STMicroelectronics X-CUBE-AZRTOS-WB 2.0.0
2026-08-17 18:56:11,632 [INFO] ThirdParty:1030 - CMSIS Pack Vendor :STMicroelectronics X-CUBE-NFC12 1.0.0
2026-08-17 18:56:11,632 [INFO] ThirdParty:1030 - CMSIS Pack Vendor :STMicroelectronics X-CUBE-AZRTOS-F7 1.1.0
2026-08-17 18:56:11,632 [INFO] ThirdParty:1030 - CMSIS Pack Vendor :STMicroelectronics X-CUBE-AZRTOS-L5 2.0.0
2026-08-17 18:56:11,632 [INFO] ThirdParty:1030 - CMSIS Pack Vendor :STMicroelectronics USB_DEVICE 2.0.0
2026-08-17 18:56:11,632 [INFO] ThirdParty:1030 - CMSIS Pack Vendor :quantropi X-CUBE-qispace-sdk-base 2.1.0
2026-08-17 18:56:11,632 [INFO] ThirdParty:1030 - CMSIS Pack Vendor :STMicroelectronics X-CUBE-STSE01 2.0.0
2026-08-17 18:56:11,632 [INFO] ThirdParty:1030 - CMSIS Pack Vendor :STMicroelectronics X-CUBE-ALGOBUILD 1.5.0
2026-08-17 18:56:11,632 [INFO] ThirdParty:1030 - CMSIS Pack Vendor :STMicroelectronics FreeRTOS 0.0.1
2026-08-17 18:56:11,632 [INFO] ThirdParty:1030 - CMSIS Pack Vendor :STMicroelectronics X-CUBE-AZRTOS-H7RS 1.3.0
2026-08-17 18:56:11,632 [INFO] ThirdParty:1030 - CMSIS Pack Vendor :STMicroelectronics X-CUBE-AZRTOS-G0 1.1.0
2026-08-17 18:56:11,632 [INFO] ThirdParty:1030 - CMSIS Pack Vendor :STMicroelectronics X-CUBE-NFC4 3.0.0
2026-08-17 18:56:11,632 [INFO] ThirdParty:1030 - CMSIS Pack Vendor :STMicroelectronics X-CUBE-SUBG2 5.0.0
2026-08-17 18:56:11,632 [INFO] ThirdParty:1030 - CMSIS Pack Vendor :STMicroelectronics STM32_WPAN 1.0.0
2026-08-17 18:56:11,632 [INFO] ThirdParty:1030 - CMSIS Pack Vendor :STMicroelectronics eDS-WB_DPC_VIENNA 1.2.0
2026-08-17 18:56:11,632 [INFO] ThirdParty:1030 - CMSIS Pack Vendor :EmbeddedOffice I-CUBE-FS-RTOS 1.0.1
2026-08-17 18:56:11,632 [INFO] ThirdParty:1030 - CMSIS Pack Vendor :STMicroelectronics lwIP 2.0.3
2026-08-17 18:56:11,632 [INFO] ThirdParty:1030 - CMSIS Pack Vendor :STMicroelectronics X-CUBE-MEMS1 13.0.0
2026-08-17 18:56:11,632 [INFO] ThirdParty:1030 - CMSIS Pack Vendor :STMicroelectronics eDS-WB_DPC_3PH2L-BIDIR 1.1.1
2026-08-17 18:56:11,632 [INFO] ThirdParty:1030 - CMSIS Pack Vendor :STMicroelectronics USB_HOST 1.0.0
2026-08-17 18:56:11,632 [INFO] ThirdParty:1030 - CMSIS Pack Vendor :STMicroelectronics X-CUBE-AZRTOS-G4 2.0.0
2026-08-17 18:56:11,632 [INFO] ThirdParty:1030 - CMSIS Pack Vendor :STMicroelectronics PDM2PCM 3.1.0
2026-08-17 18:56:11,632 [INFO] ThirdParty:1030 - CMSIS Pack Vendor :STMicroelectronics PDM2PCM 3.3.0
2026-08-17 18:56:11,632 [INFO] ThirdParty:1030 - CMSIS Pack Vendor :wolfSSL I-CUBE-wolfTPM 3.8.0
2026-08-17 18:56:11,632 [INFO] ThirdParty:1030 - CMSIS Pack Vendor :STMicroelectronics X-CUBE-DISPLAY 3.0.0
2026-08-17 18:56:11,632 [INFO] ThirdParty:1030 - CMSIS Pack Vendor :wolfSSL I-CUBE-wolfSSH 1.4.20
2026-08-17 18:56:11,632 [INFO] ThirdParty:1030 - CMSIS Pack Vendor :STMicroelectronics X-CUBE-NFC7 2.0.0
2026-08-17 18:56:11,632 [INFO] ThirdParty:1030 - CMSIS Pack Vendor :STMicroelectronics X-CUBE-GNSS1 7.1.1
2026-08-17 18:56:11,632 [INFO] ThirdParty:1030 - CMSIS Pack Vendor :STMicroelectronics X-CUBE-TCPP 4.2.0
2026-08-17 18:56:11,632 [INFO] ThirdParty:1030 - CMSIS Pack Vendor :RealThread X-CUBE-RT-Thread_Nano 4.1.1
2026-08-17 18:56:11,632 [INFO] ThirdParty:1030 - CMSIS Pack Vendor :wolfSSL I-CUBE-wolfSSL 5.9.1
2026-08-17 18:56:11,633 [INFO] ThirdParty:1030 - CMSIS Pack Vendor :STMicroelectronics FP-ATR-SIGFOX1 3.2.0
2026-08-17 18:56:11,633 [INFO] ThirdParty:1030 - CMSIS Pack Vendor :STMicroelectronics X-CUBE-NFC10 1.0.0
2026-08-17 18:56:11,633 [INFO] ThirdParty:1030 - CMSIS Pack Vendor :STMicroelectronics HAL Drivers 0.0.0
2026-08-17 18:56:11,633 [INFO] ThirdParty:1030 - CMSIS Pack Vendor :STMicroelectronics MBEDTLS 2.16.2
2026-08-17 18:56:11,633 [INFO] ThirdParty:1030 - CMSIS Pack Vendor :STMicroelectronics X-CUBE-ST60 1.1.0
2026-08-17 18:56:11,633 [INFO] ThirdParty:1030 - CMSIS Pack Vendor :STMicroelectronics X-CUBE-ALS 1.0.2
2026-08-17 18:56:11,633 [INFO] ThirdParty:1030 - CMSIS Pack Vendor :emotas I-CUBE-CANOPEN 1.3.0
2026-08-17 18:56:11,633 [INFO] ThirdParty:1030 - CMSIS Pack Vendor :STMicroelectronics MBEDTLS 2.14.1
2026-08-17 18:56:11,633 [INFO] ThirdParty:1030 - CMSIS Pack Vendor :ITTIA_DB I-CUBE-ITTIADB 8.9.0
2026-08-17 18:56:11,633 [INFO] ThirdParty:1030 - CMSIS Pack Vendor :Cesanta I-CUBE-Mongoose 7.21.7
2026-08-17 18:56:11,633 [INFO] ThirdParty:1030 - CMSIS Pack Vendor :STMicroelectronics X-CUBE-TOUCHGFX 4.26.1
2026-08-17 18:56:11,633 [INFO] ThirdParty:1030 - CMSIS Pack Vendor :STMicroelectronics X-CUBE-NFC6 3.2.0
2026-08-17 18:56:11,633 [INFO] ThirdParty:1030 - CMSIS Pack Vendor :STMicroelectronics X-CUBE-AI 10.2.1
2026-08-17 18:56:11,633 [INFO] ThirdParty:1030 - CMSIS Pack Vendor :STMicroelectronics ThreadX 1.0.0
2026-08-17 18:56:11,633 [INFO] ThirdParty:1030 - CMSIS Pack Vendor :STMicroelectronics FP-SNS-SMARTAG2 1.2.0
2026-08-17 18:56:11,633 [INFO] ThirdParty:1030 - CMSIS Pack Vendor :STMicroelectronics X-CUBE-MEMS1 12.1.0
2026-08-17 18:56:11,633 [INFO] ThirdParty:1030 - CMSIS Pack Vendor :STMicroelectronics FP-SNS-FLIGHT1 5.1.0
2026-08-17 18:56:11,633 [INFO] ThirdParty:1030 - CMSIS Pack Vendor :STMicroelectronics X-CUBE-AZRTOS-WL 2.0.0
2026-08-17 18:56:11,633 [INFO] ThirdParty:1030 - CMSIS Pack Vendor :SEGGER I-CUBE-embOS 1.3.1
2026-08-17 18:56:11,633 [INFO] ThirdParty:1030 - CMSIS Pack Vendor :STMicroelectronics X-CUBE-DPower 1.3.0
2026-08-17 18:56:11,633 [INFO] ThirdParty:1030 - CMSIS Pack Vendor :STMicroelectronics USB_DEVICE 1.0.0
2026-08-17 18:56:11,633 [INFO] ThirdParty:1030 - CMSIS Pack Vendor :STMicroelectronics X-CUBE-AZRTOS-L4 2.0.0
2026-08-17 18:56:11,633 [INFO] ThirdParty:1030 - CMSIS Pack Vendor :STMicroelectronics ThreadX 0.0.2
2026-08-17 18:56:11,633 [INFO] ThirdParty:1030 - CMSIS Pack Vendor :STMicroelectronics lwIP 2.1.2
2026-08-17 18:56:11,633 [INFO] ThirdParty:1030 - CMSIS Pack Vendor :STMicroelectronics X-CUBE-SFXS2LP1 4.0.0
2026-08-17 18:56:11,633 [INFO] ThirdParty:1030 - CMSIS Pack Vendor :STMicroelectronics X-CUBE-BLE2 3.3.0
2026-08-17 18:56:11,633 [INFO] ThirdParty:1030 - CMSIS Pack Vendor :Avnet-IOTCONNECT X-CUBE-iotc-st67-sdk 1.0.0
2026-08-17 18:56:11,633 [INFO] ThirdParty:1030 - CMSIS Pack Vendor :STMicroelectronics X-CUBE-TOF1 3.4.3
2026-08-17 18:56:11,633 [INFO] ThirdParty:1030 - CMSIS Pack Vendor :Infineon AIROC-Wi-Fi-Bluetooth-STM32 1.8.0
2026-08-17 18:56:11,633 [INFO] ThirdParty:1030 - CMSIS Pack Vendor :STMicroelectronics X-CUBE-NFC13 1.0.0
2026-08-17 18:56:11,634 [INFO] ThirdParty:1030 - CMSIS Pack Vendor :STMicroelectronics PDM2PCM 3.2.0
2026-08-17 18:56:11,634 [INFO] ThirdParty:1030 - CMSIS Pack Vendor :STMicroelectronics X-CUBE-WB05N 2.1.0
2026-08-17 18:56:11,634 [INFO] ThirdParty:841 - exiting critical section [change project]
2026-08-17 18:56:11,869 [INFO] PinOutPanel:1589 - setPackage(No Configuration,No Configuration)
2026-08-17 18:56:11,870 [INFO] PinOutPanel:1589 - setPackage(STM32F411CEUx,UFQFPN48)
2026-08-17 18:56:12,047 [INFO] UtilMem:75 - Before build in PCC Used Memory: 243844328 Bytes (309329920)
2026-08-17 18:56:12,388 [INFO] UtilMem:75 - After build in PCC Used Memory: 239286632 Bytes (309329920)
2026-08-17 18:56:12,411 [INFO] IPUIPlugin:80 - create IPUIPlugin
2026-08-17 18:56:12,411 [INFO] IPUIPlugin:80 - create IPUIPlugin
2026-08-17 18:56:12,411 [INFO] IPUIPlugin:80 - create IPUIPlugin
2026-08-17 18:56:12,411 [INFO] IPUIPlugin:80 - create IPUIPlugin
2026-08-17 18:56:12,412 [INFO] IPUIPlugin:80 - create IPUIPlugin
2026-08-17 18:56:12,412 [INFO] IPUIPlugin:80 - create IPUIPlugin
2026-08-17 18:56:12,412 [INFO] IPUIPlugin:80 - create IPUIPlugin
2026-08-17 18:56:12,412 [INFO] IPUIPlugin:80 - create IPUIPlugin
2026-08-17 18:56:12,412 [INFO] IPUIPlugin:80 - create IPUIPlugin
2026-08-17 18:56:12,412 [INFO] IPUIPlugin:80 - create IPUIPlugin
2026-08-17 18:56:12,412 [INFO] IPUIPlugin:80 - create IPUIPlugin
2026-08-17 18:56:12,412 [INFO] IPUIPlugin:80 - create IPUIPlugin
2026-08-17 18:56:12,412 [INFO] IPUIPlugin:80 - create IPUIPlugin
2026-08-17 18:56:12,412 [INFO] IPUIPlugin:80 - create IPUIPlugin
2026-08-17 18:56:12,412 [INFO] IPUIPlugin:80 - create IPUIPlugin
2026-08-17 18:56:12,412 [INFO] IPUIPlugin:80 - create IPUIPlugin
2026-08-17 18:56:12,412 [INFO] IPUIPlugin:80 - create IPUIPlugin
2026-08-17 18:56:12,412 [INFO] IPUIPlugin:80 - create IPUIPlugin
2026-08-17 18:56:12,412 [INFO] IPUIPlugin:80 - create IPUIPlugin
2026-08-17 18:56:12,413 [INFO] IPUIPlugin:80 - create IPUIPlugin
2026-08-17 18:56:12,413 [INFO] IPUIPlugin:80 - create IPUIPlugin
2026-08-17 18:56:12,413 [INFO] IPUIPlugin:80 - create IPUIPlugin
2026-08-17 18:56:12,413 [INFO] IPUIPlugin:80 - create IPUIPlugin
2026-08-17 18:56:12,413 [INFO] IPUIPlugin:80 - create IPUIPlugin
2026-08-17 18:56:12,413 [INFO] IPUIPlugin:80 - create IPUIPlugin
2026-08-17 18:56:12,413 [INFO] IPUIPlugin:80 - create IPUIPlugin
2026-08-17 18:56:12,413 [INFO] IPUIPlugin:80 - create IPUIPlugin
2026-08-17 18:56:12,413 [INFO] IPUIPlugin:80 - create IPUIPlugin
2026-08-17 18:56:12,413 [INFO] IPUIPlugin:80 - create IPUIPlugin
2026-08-17 18:56:12,414 [INFO] IPUIPlugin:80 - create IPUIPlugin
2026-08-17 18:56:12,414 [INFO] IPUIPlugin:80 - create IPUIPlugin
2026-08-17 18:56:12,414 [INFO] IPUIPlugin:80 - create IPUIPlugin
2026-08-17 18:56:12,414 [INFO] IPUIPlugin:80 - create IPUIPlugin
2026-08-17 18:56:12,414 [INFO] IPUIPlugin:80 - create IPUIPlugin
2026-08-17 18:56:12,414 [INFO] IPUIPlugin:80 - create IPUIPlugin
2026-08-17 18:56:12,414 [INFO] IPUIPlugin:80 - create IPUIPlugin
2026-08-17 18:56:12,415 [INFO] IPUIPlugin:80 - create IPUIPlugin
2026-08-17 18:56:12,415 [INFO] IPUIPlugin:80 - create IPUIPlugin
2026-08-17 18:56:12,415 [INFO] IPUIPlugin:80 - create IPUIPlugin
2026-08-17 18:56:12,415 [INFO] IPUIPlugin:80 - create IPUIPlugin
2026-08-17 18:56:12,415 [INFO] IPUIPlugin:80 - create IPUIPlugin
2026-08-17 18:56:12,415 [INFO] IPUIPlugin:80 - create IPUIPlugin
2026-08-17 18:56:12,416 [INFO] IPUIPlugin:80 - create IPUIPlugin
2026-08-17 18:56:12,437 [INFO] ApiDbMcu:508 - Load IP Config File for PDM2PCM
2026-08-17 18:56:12,443 [WARN] IP:2250 - I2C_Coeff_DF not found: check if there is a RefParameter without a condition.
2026-08-17 18:56:12,443 [WARN] IP:2250 - Analog_Filter not found: check if there is a RefParameter without a condition.
2026-08-17 18:56:12,568 [INFO] CADModel:165 - CPN selected for project levelSTM32F411CEU6
2026-08-17 18:56:12,568 [INFO] CADModel:114 - Register for checkConnection events
2026-08-17 18:56:12,605 [INFO] OpenFileManager:385 - Restore cursor
2026-08-17 18:56:12,756 [WARN] IP:2250 - I2C_Coeff_DF not found: check if there is a RefParameter without a condition.
2026-08-17 18:56:12,756 [WARN] IP:2250 - Analog_Filter not found: check if there is a RefParameter without a condition.
2026-08-17 18:56:12,756 [WARN] IP:2250 - I2C_Coeff_DF not found: check if there is a RefParameter without a condition.
2026-08-17 18:56:12,756 [WARN] IP:2250 - Analog_Filter not found: check if there is a RefParameter without a condition.
2026-08-17 18:56:22,895 [WARN] IP:2250 - I2C_Coeff_DF not found: check if there is a RefParameter without a condition.
2026-08-17 18:56:22,895 [WARN] IP:2250 - Analog_Filter not found: check if there is a RefParameter without a condition.
2026-08-17 18:56:34,365 [ERROR] LogOutputStream:75 - [STDERR_REDIRECT] Aug 17, 2026 6:56:34 PM java.util.prefs.FileSystemPreferences checkLockFile0ErrorCode
2026-08-17 18:56:34,366 [ERROR] LogOutputStream:75 - [STDERR_REDIRECT] WARNING: Could not lock System prefs. Unix error code 2.
2026-08-17 18:56:34,366 [ERROR] LogOutputStream:75 - [STDERR_REDIRECT] 
2026-08-17 18:56:34,367 [ERROR] LogOutputStream:75 - [STDERR_REDIRECT] Aug 17, 2026 6:56:34 PM java.util.prefs.FileSystemPreferences syncWorld
2026-08-17 18:56:34,367 [ERROR] LogOutputStream:75 - [STDERR_REDIRECT] WARNING: Couldn't flush system prefs: java.util.prefs.BackingStoreException: Couldn't get file lock.
2026-08-17 18:56:34,368 [ERROR] LogOutputStream:75 - [STDERR_REDIRECT] 
2026-08-17 18:57:04,351 [ERROR] LogOutputStream:75 - [STDERR_REDIRECT] Aug 17, 2026 6:57:04 PM java.util.prefs.FileSystemPreferences checkLockFile0ErrorCode
2026-08-17 18:57:04,352 [ERROR] LogOutputStream:75 - [STDERR_REDIRECT] WARNING: Could not lock System prefs. Unix error code 2.
2026-08-17 18:57:04,352 [ERROR] LogOutputStream:75 - [STDERR_REDIRECT] 
2026-08-17 18:57:04,352 [ERROR] LogOutputStream:75 - [STDERR_REDIRECT] Aug 17, 2026 6:57:04 PM java.util.prefs.FileSystemPreferences syncWorld
2026-08-17 18:57:04,353 [ERROR] LogOutputStream:75 - [STDERR_REDIRECT] WARNING: Couldn't flush system prefs: java.util.prefs.BackingStoreException: Couldn't get file lock.
2026-08-17 18:57:04,353 [ERROR] LogOutputStream:75 - [STDERR_REDIRECT] 
2026-08-17 18:57:34,350 [ERROR] LogOutputStream:75 - [STDERR_REDIRECT] Aug 17, 2026 6:57:34 PM java.util.prefs.FileSystemPreferences checkLockFile0ErrorCode
2026-08-17 18:57:34,350 [ERROR] LogOutputStream:75 - [STDERR_REDIRECT] WARNING: Could not lock System prefs. Unix error code 2.
2026-08-17 18:57:34,350 [ERROR] LogOutputStream:75 - [STDERR_REDIRECT] 
2026-08-17 18:57:34,350 [ERROR] LogOutputStream:75 - [STDERR_REDIRECT] Aug 17, 2026 6:57:34 PM java.util.prefs.FileSystemPreferences syncWorld
2026-08-17 18:57:34,351 [ERROR] LogOutputStream:75 - [STDERR_REDIRECT] WARNING: Couldn't flush system prefs: java.util.prefs.BackingStoreException: Couldn't get file lock.
2026-08-17 18:57:34,351 [ERROR] LogOutputStream:75 - [STDERR_REDIRECT] 
2026-08-17 18:58:04,350 [ERROR] LogOutputStream:75 - [STDERR_REDIRECT] Aug 17, 2026 6:58:04 PM java.util.prefs.FileSystemPreferences checkLockFile0ErrorCode
2026-08-17 18:58:04,350 [ERROR] LogOutputStream:75 - [STDERR_REDIRECT] WARNING: Could not lock System prefs. Unix error code 2.
2026-08-17 18:58:04,350 [ERROR] LogOutputStream:75 - [STDERR_REDIRECT] 
2026-08-17 18:58:04,350 [ERROR] LogOutputStream:75 - [STDERR_REDIRECT] Aug 17, 2026 6:58:04 PM java.util.prefs.FileSystemPreferences syncWorld
2026-08-17 18:58:04,350 [ERROR] LogOutputStream:75 - [STDERR_REDIRECT] WARNING: Couldn't flush system prefs: java.util.prefs.BackingStoreException: Couldn't get file lock.
2026-08-17 18:58:04,351 [ERROR] LogOutputStream:75 - [STDERR_REDIRECT] 
2026-08-17 18:58:34,350 [ERROR] LogOutputStream:75 - [STDERR_REDIRECT] Aug 17, 2026 6:58:34 PM java.util.prefs.FileSystemPreferences checkLockFile0ErrorCode
2026-08-17 18:58:34,351 [ERROR] LogOutputStream:75 - [STDERR_REDIRECT] WARNING: Could not lock System prefs. Unix error code 2.
2026-08-17 18:58:34,351 [ERROR] LogOutputStream:75 - [STDERR_REDIRECT] 
2026-08-17 18:58:34,352 [ERROR] LogOutputStream:75 - [STDERR_REDIRECT] Aug 17, 2026 6:58:34 PM java.util.prefs.FileSystemPreferences syncWorld
2026-08-17 18:58:34,352 [ERROR] LogOutputStream:75 - [STDERR_REDIRECT] WARNING: Couldn't flush system prefs: java.util.prefs.BackingStoreException: Couldn't get file lock.
2026-08-17 18:58:34,352 [ERROR] LogOutputStream:75 - [STDERR_REDIRECT] 
2026-08-17 18:59:04,351 [ERROR] LogOutputStream:75 - [STDERR_REDIRECT] Aug 17, 2026 6:59:04 PM java.util.prefs.FileSystemPreferences checkLockFile0ErrorCode
2026-08-17 18:59:04,352 [ERROR] LogOutputStream:75 - [STDERR_REDIRECT] WARNING: Could not lock System prefs. Unix error code 2.
2026-08-17 18:59:04,352 [ERROR] LogOutputStream:75 - [STDERR_REDIRECT] 
2026-08-17 18:59:04,352 [ERROR] LogOutputStream:75 - [STDERR_REDIRECT] Aug 17, 2026 6:59:04 PM java.util.prefs.FileSystemPreferences syncWorld
2026-08-17 18:59:04,353 [ERROR] LogOutputStream:75 - [STDERR_REDIRECT] WARNING: Couldn't flush system prefs: java.util.prefs.BackingStoreException: Couldn't get file lock.
2026-08-17 18:59:04,353 [ERROR] LogOutputStream:75 - [STDERR_REDIRECT] 
2026-08-17 18:59:34,350 [ERROR] LogOutputStream:75 - [STDERR_REDIRECT] Aug 17, 2026 6:59:34 PM java.util.prefs.FileSystemPreferences checkLockFile0ErrorCode
2026-08-17 18:59:34,351 [ERROR] LogOutputStream:75 - [STDERR_REDIRECT] WARNING: Could not lock System prefs. Unix error code 2.
2026-08-17 18:59:34,351 [ERROR] LogOutputStream:75 - [STDERR_REDIRECT] 
2026-08-17 18:59:34,352 [ERROR] LogOutputStream:75 - [STDERR_REDIRECT] Aug 17, 2026 6:59:34 PM java.util.prefs.FileSystemPreferences syncWorld
2026-08-17 18:59:34,352 [ERROR] LogOutputStream:75 - [STDERR_REDIRECT] WARNING: Couldn't flush system prefs: java.util.prefs.BackingStoreException: Couldn't get file lock.
2026-08-17 18:59:34,352 [ERROR] LogOutputStream:75 - [STDERR_REDIRECT] 
2026-08-17 19:00:04,356 [ERROR] LogOutputStream:75 - [STDERR_REDIRECT] Aug 17, 2026 7:00:04 PM java.util.prefs.FileSystemPreferences checkLockFile0ErrorCode
2026-08-17 19:00:04,356 [ERROR] LogOutputStream:75 - [STDERR_REDIRECT] WARNING: Could not lock System prefs. Unix error code 2.
2026-08-17 19:00:04,357 [ERROR] LogOutputStream:75 - [STDERR_REDIRECT] 
2026-08-17 19:00:04,357 [ERROR] LogOutputStream:75 - [STDERR_REDIRECT] Aug 17, 2026 7:00:04 PM java.util.prefs.FileSystemPreferences syncWorld
2026-08-17 19:00:04,358 [ERROR] LogOutputStream:75 - [STDERR_REDIRECT] WARNING: Couldn't flush system prefs: java.util.prefs.BackingStoreException: Couldn't get file lock.
2026-08-17 19:00:04,358 [ERROR] LogOutputStream:75 - [STDERR_REDIRECT] 
2026-08-17 19:00:34,351 [ERROR] LogOutputStream:75 - [STDERR_REDIRECT] Aug 17, 2026 7:00:34 PM java.util.prefs.FileSystemPreferences checkLockFile0ErrorCode
2026-08-17 19:00:34,351 [ERROR] LogOutputStream:75 - [STDERR_REDIRECT] WARNING: Could not lock System prefs. Unix error code 2.
2026-08-17 19:00:34,351 [ERROR] LogOutputStream:75 - [STDERR_REDIRECT] 
2026-08-17 19:00:34,352 [ERROR] LogOutputStream:75 - [STDERR_REDIRECT] Aug 17, 2026 7:00:34 PM java.util.prefs.FileSystemPreferences syncWorld
2026-08-17 19:00:34,352 [ERROR] LogOutputStream:75 - [STDERR_REDIRECT] WARNING: Couldn't flush system prefs: java.util.prefs.BackingStoreException: Couldn't get file lock.
2026-08-17 19:00:34,352 [ERROR] LogOutputStream:75 - [STDERR_REDIRECT] 
2026-08-17 19:01:04,352 [ERROR] LogOutputStream:75 - [STDERR_REDIRECT] Aug 17, 2026 7:01:04 PM java.util.prefs.FileSystemPreferences checkLockFile0ErrorCode
2026-08-17 19:01:04,353 [ERROR] LogOutputStream:75 - [STDERR_REDIRECT] WARNING: Could not lock System prefs. Unix error code 2.
2026-08-17 19:01:04,353 [ERROR] LogOutputStream:75 - [STDERR_REDIRECT] 
2026-08-17 19:01:04,354 [ERROR] LogOutputStream:75 - [STDERR_REDIRECT] Aug 17, 2026 7:01:04 PM java.util.prefs.FileSystemPreferences syncWorld
2026-08-17 19:01:04,354 [ERROR] LogOutputStream:75 - [STDERR_REDIRECT] WARNING: Couldn't flush system prefs: java.util.prefs.BackingStoreException: Couldn't get file lock.
2026-08-17 19:01:04,354 [ERROR] LogOutputStream:75 - [STDERR_REDIRECT] 
2026-08-17 19:01:34,357 [ERROR] LogOutputStream:75 - [STDERR_REDIRECT] Aug 17, 2026 7:01:34 PM java.util.prefs.FileSystemPreferences checkLockFile0ErrorCode
2026-08-17 19:01:34,357 [ERROR] LogOutputStream:75 - [STDERR_REDIRECT] WARNING: Could not lock System prefs. Unix error code 2.
2026-08-17 19:01:34,357 [ERROR] LogOutputStream:75 - [STDERR_REDIRECT] 
2026-08-17 19:01:34,358 [ERROR] LogOutputStream:75 - [STDERR_REDIRECT] Aug 17, 2026 7:01:34 PM java.util.prefs.FileSystemPreferences syncWorld
2026-08-17 19:01:34,358 [ERROR] LogOutputStream:75 - [STDERR_REDIRECT] WARNING: Couldn't flush system prefs: java.util.prefs.BackingStoreException: Couldn't get file lock.
2026-08-17 19:01:34,358 [ERROR] LogOutputStream:75 - [STDERR_REDIRECT] 
2026-08-17 19:02:04,352 [ERROR] LogOutputStream:75 - [STDERR_REDIRECT] Aug 17, 2026 7:02:04 PM java.util.prefs.FileSystemPreferences checkLockFile0ErrorCode
2026-08-17 19:02:04,353 [ERROR] LogOutputStream:75 - [STDERR_REDIRECT] WARNING: Could not lock System prefs. Unix error code 2.
2026-08-17 19:02:04,353 [ERROR] LogOutputStream:75 - [STDERR_REDIRECT] 
2026-08-17 19:02:04,354 [ERROR] LogOutputStream:75 - [STDERR_REDIRECT] Aug 17, 2026 7:02:04 PM java.util.prefs.FileSystemPreferences syncWorld
2026-08-17 19:02:04,354 [ERROR] LogOutputStream:75 - [STDERR_REDIRECT] WARNING: Couldn't flush system prefs: java.util.prefs.BackingStoreException: Couldn't get file lock.
2026-08-17 19:02:04,354 [ERROR] LogOutputStream:75 - [STDERR_REDIRECT] 
2026-08-17 19:02:34,353 [ERROR] LogOutputStream:75 - [STDERR_REDIRECT] Aug 17, 2026 7:02:34 PM java.util.prefs.FileSystemPreferences checkLockFile0ErrorCode
2026-08-17 19:02:34,354 [ERROR] LogOutputStream:75 - [STDERR_REDIRECT] WARNING: Could not lock System prefs. Unix error code 2.
2026-08-17 19:02:34,354 [ERROR] LogOutputStream:75 - [STDERR_REDIRECT] 
2026-08-17 19:02:34,355 [ERROR] LogOutputStream:75 - [STDERR_REDIRECT] Aug 17, 2026 7:02:34 PM java.util.prefs.FileSystemPreferences syncWorld
2026-08-17 19:02:34,355 [ERROR] LogOutputStream:75 - [STDERR_REDIRECT] WARNING: Couldn't flush system prefs: java.util.prefs.BackingStoreException: Couldn't get file lock.
2026-08-17 19:02:34,355 [ERROR] LogOutputStream:75 - [STDERR_REDIRECT] 
2026-08-17 19:03:04,353 [ERROR] LogOutputStream:75 - [STDERR_REDIRECT] Aug 17, 2026 7:03:04 PM java.util.prefs.FileSystemPreferences checkLockFile0ErrorCode
2026-08-17 19:03:04,353 [ERROR] LogOutputStream:75 - [STDERR_REDIRECT] WARNING: Could not lock System prefs. Unix error code 2.
2026-08-17 19:03:04,353 [ERROR] LogOutputStream:75 - [STDERR_REDIRECT] 
2026-08-17 19:03:04,354 [ERROR] LogOutputStream:75 - [STDERR_REDIRECT] Aug 17, 2026 7:03:04 PM java.util.prefs.FileSystemPreferences syncWorld
2026-08-17 19:03:04,354 [ERROR] LogOutputStream:75 - [STDERR_REDIRECT] WARNING: Couldn't flush system prefs: java.util.prefs.BackingStoreException: Couldn't get file lock.
2026-08-17 19:03:04,354 [ERROR] LogOutputStream:75 - [STDERR_REDIRECT] 
2026-08-17 19:03:34,353 [ERROR] LogOutputStream:75 - [STDERR_REDIRECT] Aug 17, 2026 7:03:34 PM java.util.prefs.FileSystemPreferences checkLockFile0ErrorCode
2026-08-17 19:03:34,354 [ERROR] LogOutputStream:75 - [STDERR_REDIRECT] WARNING: Could not lock System prefs. Unix error code 2.
2026-08-17 19:03:34,354 [ERROR] LogOutputStream:75 - [STDERR_REDIRECT] 
2026-08-17 19:03:34,354 [ERROR] LogOutputStream:75 - [STDERR_REDIRECT] Aug 17, 2026 7:03:34 PM java.util.prefs.FileSystemPreferences syncWorld
2026-08-17 19:03:34,355 [ERROR] LogOutputStream:75 - [STDERR_REDIRECT] WARNING: Couldn't flush system prefs: java.util.prefs.BackingStoreException: Couldn't get file lock.
2026-08-17 19:03:34,355 [ERROR] LogOutputStream:75 - [STDERR_REDIRECT] 
2026-08-17 19:04:04,353 [ERROR] LogOutputStream:75 - [STDERR_REDIRECT] Aug 17, 2026 7:04:04 PM java.util.prefs.FileSystemPreferences checkLockFile0ErrorCode
2026-08-17 19:04:04,353 [ERROR] LogOutputStream:75 - [STDERR_REDIRECT] WARNING: Could not lock System prefs. Unix error code 2.
2026-08-17 19:04:04,354 [ERROR] LogOutputStream:75 - [STDERR_REDIRECT] 
2026-08-17 19:04:04,354 [ERROR] LogOutputStream:75 - [STDERR_REDIRECT] Aug 17, 2026 7:04:04 PM java.util.prefs.FileSystemPreferences syncWorld
2026-08-17 19:04:04,355 [ERROR] LogOutputStream:75 - [STDERR_REDIRECT] WARNING: Couldn't flush system prefs: java.util.prefs.BackingStoreException: Couldn't get file lock.
2026-08-17 19:04:04,355 [ERROR] LogOutputStream:75 - [STDERR_REDIRECT] 
2026-08-17 19:04:34,353 [ERROR] LogOutputStream:75 - [STDERR_REDIRECT] Aug 17, 2026 7:04:34 PM java.util.prefs.FileSystemPreferences checkLockFile0ErrorCode
2026-08-17 19:04:34,354 [ERROR] LogOutputStream:75 - [STDERR_REDIRECT] WARNING: Could not lock System prefs. Unix error code 2.
2026-08-17 19:04:34,354 [ERROR] LogOutputStream:75 - [STDERR_REDIRECT] 
2026-08-17 19:04:34,354 [ERROR] LogOutputStream:75 - [STDERR_REDIRECT] Aug 17, 2026 7:04:34 PM java.util.prefs.FileSystemPreferences syncWorld
2026-08-17 19:04:34,355 [ERROR] LogOutputStream:75 - [STDERR_REDIRECT] WARNING: Couldn't flush system prefs: java.util.prefs.BackingStoreException: Couldn't get file lock.
2026-08-17 19:04:34,355 [ERROR] LogOutputStream:75 - [STDERR_REDIRECT] 
2026-08-17 19:05:04,353 [ERROR] LogOutputStream:75 - [STDERR_REDIRECT] Aug 17, 2026 7:05:04 PM java.util.prefs.FileSystemPreferences checkLockFile0ErrorCode
2026-08-17 19:05:04,354 [ERROR] LogOutputStream:75 - [STDERR_REDIRECT] WARNING: Could not lock System prefs. Unix error code 2.
2026-08-17 19:05:04,354 [ERROR] LogOutputStream:75 - [STDERR_REDIRECT] 
2026-08-17 19:05:04,355 [ERROR] LogOutputStream:75 - [STDERR_REDIRECT] Aug 17, 2026 7:05:04 PM java.util.prefs.FileSystemPreferences syncWorld
2026-08-17 19:05:04,355 [ERROR] LogOutputStream:75 - [STDERR_REDIRECT] WARNING: Couldn't flush system prefs: java.util.prefs.BackingStoreException: Couldn't get file lock.
2026-08-17 19:05:04,355 [ERROR] LogOutputStream:75 - [STDERR_REDIRECT] 
2026-08-17 19:05:34,353 [ERROR] LogOutputStream:75 - [STDERR_REDIRECT] Aug 17, 2026 7:05:34 PM java.util.prefs.FileSystemPreferences checkLockFile0ErrorCode
2026-08-17 19:05:34,353 [ERROR] LogOutputStream:75 - [STDERR_REDIRECT] WARNING: Could not lock System prefs. Unix error code 2.
2026-08-17 19:05:34,353 [ERROR] LogOutputStream:75 - [STDERR_REDIRECT] 
2026-08-17 19:05:34,354 [ERROR] LogOutputStream:75 - [STDERR_REDIRECT] Aug 17, 2026 7:05:34 PM java.util.prefs.FileSystemPreferences syncWorld
2026-08-17 19:05:34,354 [ERROR] LogOutputStream:75 - [STDERR_REDIRECT] WARNING: Couldn't flush system prefs: java.util.prefs.BackingStoreException: Couldn't get file lock.
2026-08-17 19:05:34,354 [ERROR] LogOutputStream:75 - [STDERR_REDIRECT] 
2026-08-17 19:06:04,352 [ERROR] LogOutputStream:75 - [STDERR_REDIRECT] Aug 17, 2026 7:06:04 PM java.util.prefs.FileSystemPreferences checkLockFile0ErrorCode
2026-08-17 19:06:04,353 [ERROR] LogOutputStream:75 - [STDERR_REDIRECT] WARNING: Could not lock System prefs. Unix error code 2.
2026-08-17 19:06:04,353 [ERROR] LogOutputStream:75 - [STDERR_REDIRECT] 
2026-08-17 19:06:04,354 [ERROR] LogOutputStream:75 - [STDERR_REDIRECT] Aug 17, 2026 7:06:04 PM java.util.prefs.FileSystemPreferences syncWorld
2026-08-17 19:06:04,355 [ERROR] LogOutputStream:75 - [STDERR_REDIRECT] WARNING: Couldn't flush system prefs: java.util.prefs.BackingStoreException: Couldn't get file lock.
2026-08-17 19:06:04,355 [ERROR] LogOutputStream:75 - [STDERR_REDIRECT] 
2026-08-17 19:06:34,353 [ERROR] LogOutputStream:75 - [STDERR_REDIRECT] Aug 17, 2026 7:06:34 PM java.util.prefs.FileSystemPreferences checkLockFile0ErrorCode
2026-08-17 19:06:34,354 [ERROR] LogOutputStream:75 - [STDERR_REDIRECT] WARNING: Could not lock System prefs. Unix error code 2.
2026-08-17 19:06:34,354 [ERROR] LogOutputStream:75 - [STDERR_REDIRECT] 
2026-08-17 19:06:34,354 [ERROR] LogOutputStream:75 - [STDERR_REDIRECT] Aug 17, 2026 7:06:34 PM java.util.prefs.FileSystemPreferences syncWorld
2026-08-17 19:06:34,355 [ERROR] LogOutputStream:75 - [STDERR_REDIRECT] WARNING: Couldn't flush system prefs: java.util.prefs.BackingStoreException: Couldn't get file lock.
2026-08-17 19:06:34,355 [ERROR] LogOutputStream:75 - [STDERR_REDIRECT] 
2026-08-17 19:07:04,353 [ERROR] LogOutputStream:75 - [STDERR_REDIRECT] Aug 17, 2026 7:07:04 PM java.util.prefs.FileSystemPreferences checkLockFile0ErrorCode
2026-08-17 19:07:04,354 [ERROR] LogOutputStream:75 - [STDERR_REDIRECT] WARNING: Could not lock System prefs. Unix error code 2.
2026-08-17 19:07:04,354 [ERROR] LogOutputStream:75 - [STDERR_REDIRECT] 
2026-08-17 19:07:04,355 [ERROR] LogOutputStream:75 - [STDERR_REDIRECT] Aug 17, 2026 7:07:04 PM java.util.prefs.FileSystemPreferences syncWorld
2026-08-17 19:07:04,355 [ERROR] LogOutputStream:75 - [STDERR_REDIRECT] WARNING: Couldn't flush system prefs: java.util.prefs.BackingStoreException: Couldn't get file lock.
2026-08-17 19:07:04,355 [ERROR] LogOutputStream:75 - [STDERR_REDIRECT] 
2026-08-17 19:07:34,352 [ERROR] LogOutputStream:75 - [STDERR_REDIRECT] Aug 17, 2026 7:07:34 PM java.util.prefs.FileSystemPreferences checkLockFile0ErrorCode
2026-08-17 19:07:34,353 [ERROR] LogOutputStream:75 - [STDERR_REDIRECT] WARNING: Could not lock System prefs. Unix error code 2.
2026-08-17 19:07:34,353 [ERROR] LogOutputStream:75 - [STDERR_REDIRECT] 
2026-08-17 19:07:34,353 [ERROR] LogOutputStream:75 - [STDERR_REDIRECT] Aug 17, 2026 7:07:34 PM java.util.prefs.FileSystemPreferences syncWorld
2026-08-17 19:07:34,353 [ERROR] LogOutputStream:75 - [STDERR_REDIRECT] WARNING: Couldn't flush system prefs: java.util.prefs.BackingStoreException: Couldn't get file lock.
2026-08-17 19:07:34,353 [ERROR] LogOutputStream:75 - [STDERR_REDIRECT] 
2026-08-17 19:08:04,353 [ERROR] LogOutputStream:75 - [STDERR_REDIRECT] Aug 17, 2026 7:08:04 PM java.util.prefs.FileSystemPreferences checkLockFile0ErrorCode
2026-08-17 19:08:04,354 [ERROR] LogOutputStream:75 - [STDERR_REDIRECT] WARNING: Could not lock System prefs. Unix error code 2.
2026-08-17 19:08:04,354 [ERROR] LogOutputStream:75 - [STDERR_REDIRECT] 
2026-08-17 19:08:04,355 [ERROR] LogOutputStream:75 - [STDERR_REDIRECT] Aug 17, 2026 7:08:04 PM java.util.prefs.FileSystemPreferences syncWorld
2026-08-17 19:08:04,355 [ERROR] LogOutputStream:75 - [STDERR_REDIRECT] WARNING: Couldn't flush system prefs: java.util.prefs.BackingStoreException: Couldn't get file lock.
2026-08-17 19:08:04,355 [ERROR] LogOutputStream:75 - [STDERR_REDIRECT] 
2026-08-17 19:08:34,352 [ERROR] LogOutputStream:75 - [STDERR_REDIRECT] Aug 17, 2026 7:08:34 PM java.util.prefs.FileSystemPreferences checkLockFile0ErrorCode
2026-08-17 19:08:34,353 [ERROR] LogOutputStream:75 - [STDERR_REDIRECT] WARNING: Could not lock System prefs. Unix error code 2.
2026-08-17 19:08:34,353 [ERROR] LogOutputStream:75 - [STDERR_REDIRECT] 
2026-08-17 19:08:34,354 [ERROR] LogOutputStream:75 - [STDERR_REDIRECT] Aug 17, 2026 7:08:34 PM java.util.prefs.FileSystemPreferences syncWorld
2026-08-17 19:08:34,354 [ERROR] LogOutputStream:75 - [STDERR_REDIRECT] WARNING: Couldn't flush system prefs: java.util.prefs.BackingStoreException: Couldn't get file lock.
2026-08-17 19:08:34,354 [ERROR] LogOutputStream:75 - [STDERR_REDIRECT] 
2026-08-17 19:09:04,352 [ERROR] LogOutputStream:75 - [STDERR_REDIRECT] Aug 17, 2026 7:09:04 PM java.util.prefs.FileSystemPreferences checkLockFile0ErrorCode
2026-08-17 19:09:04,352 [ERROR] LogOutputStream:75 - [STDERR_REDIRECT] WARNING: Could not lock System prefs. Unix error code 2.
2026-08-17 19:09:04,353 [ERROR] LogOutputStream:75 - [STDERR_REDIRECT] 
2026-08-17 19:09:04,353 [ERROR] LogOutputStream:75 - [STDERR_REDIRECT] Aug 17, 2026 7:09:04 PM java.util.prefs.FileSystemPreferences syncWorld
2026-08-17 19:09:04,353 [ERROR] LogOutputStream:75 - [STDERR_REDIRECT] WARNING: Couldn't flush system prefs: java.util.prefs.BackingStoreException: Couldn't get file lock.
2026-08-17 19:09:04,354 [ERROR] LogOutputStream:75 - [STDERR_REDIRECT] 
2026-08-17 19:09:34,355 [ERROR] LogOutputStream:75 - [STDERR_REDIRECT] Aug 17, 2026 7:09:34 PM java.util.prefs.FileSystemPreferences checkLockFile0ErrorCode
2026-08-17 19:09:34,356 [ERROR] LogOutputStream:75 - [STDERR_REDIRECT] WARNING: Could not lock System prefs. Unix error code 2.
2026-08-17 19:09:34,356 [ERROR] LogOutputStream:75 - [STDERR_REDIRECT] 
2026-08-17 19:09:34,356 [ERROR] LogOutputStream:75 - [STDERR_REDIRECT] Aug 17, 2026 7:09:34 PM java.util.prefs.FileSystemPreferences syncWorld
2026-08-17 19:09:34,357 [ERROR] LogOutputStream:75 - [STDERR_REDIRECT] WARNING: Couldn't flush system prefs: java.util.prefs.BackingStoreException: Couldn't get file lock.
2026-08-17 19:09:34,357 [ERROR] LogOutputStream:75 - [STDERR_REDIRECT] 
2026-08-17 19:09:36,506 [WARN] IP:2250 - I2C_Coeff_DF not found: check if there is a RefParameter without a condition.
2026-08-17 19:09:36,506 [WARN] IP:2250 - Analog_Filter not found: check if there is a RefParameter without a condition.
2026-08-17 19:09:36,506 [WARN] IP:2250 - I2C_Coeff_DF not found: check if there is a RefParameter without a condition.
2026-08-17 19:09:36,506 [WARN] IP:2250 - Analog_Filter not found: check if there is a RefParameter without a condition.
2026-08-17 19:09:36,543 [INFO] NvicIntPanel:101 - NVIC parent = com.st.microxplorer.plugins.ip.nvic.MultiNvicIntPanel[,0,0,0x0,invalid,layout=javax.swing.BoxLayout,alignmentX=0.0,alignmentY=0.0,border=,flags=9,maximumSize=,minimumSize=,preferredSize=]
2026-08-17 19:09:36,578 [WARN] IP:2250 - I2C_Coeff_DF not found: check if there is a RefParameter without a condition.
2026-08-17 19:09:36,578 [WARN] IP:2250 - Analog_Filter not found: check if there is a RefParameter without a condition.
2026-08-17 19:09:36,587 [WARN] IP:2250 - I2C_Coeff_DF not found: check if there is a RefParameter without a condition.
2026-08-17 19:09:36,587 [WARN] IP:2250 - Analog_Filter not found: check if there is a RefParameter without a condition.
2026-08-17 19:09:40,931 [INFO] UtilMem:75 - End SaveConfig() Used Memory: 958066680 Bytes (1073741824)
2026-08-17 19:09:40,982 [INFO] UtilMem:75 - End SaveConfig() Used Memory: 973205840 Bytes (1073741824)
2026-08-17 19:09:41,275 [INFO] UtilMem:75 - End SaveConfig() Used Memory: 357840176 Bytes (1073741824)
2026-08-17 19:09:41,645 [INFO] BlockDiagram:2775 - set Specific Code input for plugin: SPI
2026-08-17 19:09:41,645 [INFO] BlockDiagram:2775 - set Specific Code input for plugin: NVIC
2026-08-17 19:09:41,645 [INFO] BlockDiagram:2775 - set Specific Code input for plugin: USART
2026-08-17 19:09:41,645 [INFO] BlockDiagram:2775 - set Specific Code input for plugin: DMA
2026-08-17 19:09:41,645 [INFO] BlockDiagram:2775 - set Specific Code input for plugin: TIM1_8
2026-08-17 19:09:41,645 [INFO] BlockDiagram:2775 - set Specific Code input for plugin: SYS
2026-08-17 19:09:41,645 [INFO] BlockDiagram:2775 - set Specific Code input for plugin: GPIO
2026-08-17 19:09:41,645 [INFO] BlockDiagram:2775 - set Specific Code input for plugin: ADC
2026-08-17 19:09:41,645 [INFO] BlockDiagram:2775 - set Specific Code input for plugin: RCC
2026-08-17 19:09:41,645 [INFO] BlockDiagram:2775 - set Specific Code input for plugin: I2C
2026-08-17 19:09:41,646 [INFO] CodeGenerator:882 - code generatio: config db path: /opt/st/stm32cubeide_1.18.0/plugins/com.st.stm32cube.common.mx_6.14.0.202502271554//db/
2026-08-17 19:09:41,653 [WARN] IP:2250 - I2C_Coeff_DF not found: check if there is a RefParameter without a condition.
2026-08-17 19:09:41,653 [WARN] IP:2250 - Analog_Filter not found: check if there is a RefParameter without a condition.
2026-08-17 19:09:41,773 [INFO] CodeEngine:263 - oldGeneratedFile, /home/thuy/embedded/project/Quadcopter-STM32F4/STM32-Fly_Controller/MXTmpFiles/license.tmp_save
2026-08-17 19:09:42,005 [INFO] CodeEngine:287 - Generated code: /home/thuy/embedded/project/Quadcopter-STM32F4/STM32-Fly_Controller/MXTmpFiles/license.tmp
2026-08-17 19:09:42,039 [INFO] CodeEngine:263 - oldGeneratedFile, /home/thuy/embedded/project/Quadcopter-STM32F4/STM32-Fly_Controller/MXTmpFiles/gpio.tmp_save
2026-08-17 19:09:42,117 [INFO] CodeEngine:287 - Generated code: /home/thuy/embedded/project/Quadcopter-STM32F4/STM32-Fly_Controller/MXTmpFiles/gpio.tmp
2026-08-17 19:09:42,292 [INFO] CodeEngine:263 - oldGeneratedFile, /home/thuy/embedded/project/Quadcopter-STM32F4/STM32-Fly_Controller/MXTmpFiles/dma.tmp_save
2026-08-17 19:09:42,343 [INFO] CodeEngine:287 - Generated code: /home/thuy/embedded/project/Quadcopter-STM32F4/STM32-Fly_Controller/MXTmpFiles/dma.tmp
2026-08-17 19:09:42,344 [INFO] CodeEngine:263 - oldGeneratedFile, /home/thuy/embedded/project/Quadcopter-STM32F4/STM32-Fly_Controller/MXTmpFiles/dma_GV.tmp_save
2026-08-17 19:09:42,389 [INFO] CodeEngine:287 - Generated code: /home/thuy/embedded/project/Quadcopter-STM32F4/STM32-Fly_Controller/MXTmpFiles/dma_GV.tmp
2026-08-17 19:09:42,394 [INFO] CodeEngine:263 - oldGeneratedFile, /home/thuy/embedded/project/Quadcopter-STM32F4/STM32-Fly_Controller/Core/Src/stm32f4xx_it.c_save
2026-08-17 19:09:42,458 [INFO] CodeEngine:287 - Generated code: /home/thuy/embedded/project/Quadcopter-STM32F4/STM32-Fly_Controller/Core/Src/stm32f4xx_it.c
2026-08-17 19:09:42,459 [INFO] CodeEngine:263 - oldGeneratedFile, /home/thuy/embedded/project/Quadcopter-STM32F4/STM32-Fly_Controller/Core/Inc/stm32f4xx_it.h_save
2026-08-17 19:09:42,500 [INFO] CodeEngine:287 - Generated code: /home/thuy/embedded/project/Quadcopter-STM32F4/STM32-Fly_Controller/Core/Inc/stm32f4xx_it.h
2026-08-17 19:09:42,504 [INFO] CodeEngine:263 - oldGeneratedFile, /home/thuy/embedded/project/Quadcopter-STM32F4/STM32-Fly_Controller/Core/Src/stm32f4xx_hal_msp.c_save
2026-08-17 19:09:42,592 [INFO] CodeEngine:287 - Generated code: /home/thuy/embedded/project/Quadcopter-STM32F4/STM32-Fly_Controller/Core/Src/stm32f4xx_hal_msp.c
2026-08-17 19:09:42,594 [INFO] CodeEngine:263 - oldGeneratedFile, /home/thuy/embedded/project/Quadcopter-STM32F4/STM32-Fly_Controller/MXTmpFiles/system.tmp_save
2026-08-17 19:09:42,638 [INFO] CodeEngine:287 - Generated code: /home/thuy/embedded/project/Quadcopter-STM32F4/STM32-Fly_Controller/MXTmpFiles/system.tmp
2026-08-17 19:09:42,641 [INFO] CodeEngine:319 - oldGeneratedFile, /home/thuy/embedded/project/Quadcopter-STM32F4/STM32-Fly_Controller/Core/Inc/stm32f4xx_hal_conf.h_save
2026-08-17 19:09:42,725 [INFO] CodeEngine:343 - Generated code: /home/thuy/embedded/project/Quadcopter-STM32F4/STM32-Fly_Controller/Core/Inc/stm32f4xx_hal_conf.h
2026-08-17 19:09:42,753 [INFO] ApiDbMcu:508 - Load IP Config File for ADC1
2026-08-17 19:09:42,756 [INFO] ApiDbMcu:508 - Load IP Config File for I2C1
2026-08-17 19:09:42,758 [INFO] ApiDbMcu:508 - Load IP Config File for SPI1
2026-08-17 19:09:42,772 [INFO] ApiDbMcu:508 - Load IP Config File for TIM2
2026-08-17 19:09:42,775 [INFO] ApiDbMcu:508 - Load IP Config File for USART1
2026-08-17 19:09:42,779 [INFO] ApiDbMcu:508 - Load IP Config File for RCC
2026-08-17 19:09:42,782 [WARN] IPConfigManager:3747 - IP not found : TIM
2026-08-17 19:09:42,782 [WARN] CodeGenerator:4198 - IP not found : null
2026-08-17 19:09:42,784 [INFO] CodeEngine:263 - oldGeneratedFile, /home/thuy/embedded/project/Quadcopter-STM32F4/STM32-Fly_Controller/Core/Inc/main.h_save
2026-08-17 19:09:42,840 [INFO] CodeEngine:287 - Generated code: /home/thuy/embedded/project/Quadcopter-STM32F4/STM32-Fly_Controller/Core/Inc/main.h
2026-08-17 19:09:42,842 [INFO] CodeEngine:263 - oldGeneratedFile, /home/thuy/embedded/project/Quadcopter-STM32F4/STM32-Fly_Controller/Core/Src/main.c_save
2026-08-17 19:09:42,943 [INFO] CodeEngine:287 - Generated code: /home/thuy/embedded/project/Quadcopter-STM32F4/STM32-Fly_Controller/Core/Src/main.c
2026-08-17 19:09:43,106 [INFO] ProjectBuilder:3324 - Time for Copy HAL[1] : 40mS.
2026-08-17 19:09:43,109 [INFO] ProjectBuilder:4912 - Project Generator version: 4.6.0-B36
2026-08-17 19:09:43,164 [INFO] ConfigFileManager:1590 - The Die is : DIE431
2026-08-17 19:09:43,169 [INFO] ApiDbMcu:508 - Load IP Config File for FATFS
2026-08-17 19:09:43,172 [INFO] ApiDbMcu:508 - Load IP Config File for FREERTOS
2026-08-17 19:09:43,174 [INFO] ApiDbMcu:508 - Load IP Config File for LIBJPEG
2026-08-17 19:09:43,178 [INFO] ApiDbMcu:508 - Load IP Config File for MBEDTLS
2026-08-17 19:09:43,182 [INFO] ApiDbMcu:508 - Load IP Config File for USB_DEVICE
2026-08-17 19:09:43,185 [INFO] ApiDbMcu:508 - Load IP Config File for USB_HOST
2026-08-17 19:09:43,449 [INFO] LogOutputStream:77 - [STDOUT_REDIRECT] 
2026-08-17 19:09:43,987 [INFO] ProjectBuilder:5191 - Time for Generating toolchain IDE Files: 877mS.
2026-08-17 19:09:43,988 [INFO] ProjectBuilder:3181 - Time for Copy CMSIS : 0mS.
2026-08-17 19:09:43,989 [INFO] ProjectBuilder:3181 - Time for Copy CMSIS : 1mS.
2026-08-17 19:10:04,359 [ERROR] LogOutputStream:75 - [STDERR_REDIRECT] Aug 17, 2026 7:10:04 PM java.util.prefs.FileSystemPreferences checkLockFile0ErrorCode
2026-08-17 19:10:04,360 [ERROR] LogOutputStream:75 - [STDERR_REDIRECT] WARNING: Could not lock System prefs. Unix error code 2.
2026-08-17 19:10:04,360 [ERROR] LogOutputStream:75 - [STDERR_REDIRECT] 
2026-08-17 19:10:04,360 [ERROR] LogOutputStream:75 - [STDERR_REDIRECT] Aug 17, 2026 7:10:04 PM java.util.prefs.FileSystemPreferences syncWorld
2026-08-17 19:10:04,361 [ERROR] LogOutputStream:75 - [STDERR_REDIRECT] WARNING: Couldn't flush system prefs: java.util.prefs.BackingStoreException: Couldn't get file lock.
2026-08-17 19:10:04,361 [ERROR] LogOutputStream:75 - [STDERR_REDIRECT] 
2026-08-17 19:10:34,355 [ERROR] LogOutputStream:75 - [STDERR_REDIRECT] Aug 17, 2026 7:10:34 PM java.util.prefs.FileSystemPreferences checkLockFile0ErrorCode
2026-08-17 19:10:34,355 [ERROR] LogOutputStream:75 - [STDERR_REDIRECT] WARNING: Could not lock System prefs. Unix error code 2.
2026-08-17 19:10:34,355 [ERROR] LogOutputStream:75 - [STDERR_REDIRECT] 
2026-08-17 19:10:34,356 [ERROR] LogOutputStream:75 - [STDERR_REDIRECT] Aug 17, 2026 7:10:34 PM java.util.prefs.FileSystemPreferences syncWorld
2026-08-17 19:10:34,357 [ERROR] LogOutputStream:75 - [STDERR_REDIRECT] WARNING: Couldn't flush system prefs: java.util.prefs.BackingStoreException: Couldn't get file lock.
2026-08-17 19:10:34,357 [ERROR] LogOutputStream:75 - [STDERR_REDIRECT] 
2026-08-17 19:11:04,351 [ERROR] LogOutputStream:75 - [STDERR_REDIRECT] Aug 17, 2026 7:11:04 PM java.util.prefs.FileSystemPreferences checkLockFile0ErrorCode
2026-08-17 19:11:04,352 [ERROR] LogOutputStream:75 - [STDERR_REDIRECT] WARNING: Could not lock System prefs. Unix error code 2.
2026-08-17 19:11:04,352 [ERROR] LogOutputStream:75 - [STDERR_REDIRECT] 
2026-08-17 19:11:04,352 [ERROR] LogOutputStream:75 - [STDERR_REDIRECT] Aug 17, 2026 7:11:04 PM java.util.prefs.FileSystemPreferences syncWorld
2026-08-17 19:11:04,352 [ERROR] LogOutputStream:75 - [STDERR_REDIRECT] WARNING: Couldn't flush system prefs: java.util.prefs.BackingStoreException: Couldn't get file lock.
2026-08-17 19:11:04,352 [ERROR] LogOutputStream:75 - [STDERR_REDIRECT] 
2026-08-17 19:11:34,353 [ERROR] LogOutputStream:75 - [STDERR_REDIRECT] Aug 17, 2026 7:11:34 PM java.util.prefs.FileSystemPreferences checkLockFile0ErrorCode
2026-08-17 19:11:34,353 [ERROR] LogOutputStream:75 - [STDERR_REDIRECT] WARNING: Could not lock System prefs. Unix error code 2.
2026-08-17 19:11:34,353 [ERROR] LogOutputStream:75 - [STDERR_REDIRECT] 
2026-08-17 19:11:34,353 [ERROR] LogOutputStream:75 - [STDERR_REDIRECT] Aug 17, 2026 7:11:34 PM java.util.prefs.FileSystemPreferences syncWorld
2026-08-17 19:11:34,353 [ERROR] LogOutputStream:75 - [STDERR_REDIRECT] WARNING: Couldn't flush system prefs: java.util.prefs.BackingStoreException: Couldn't get file lock.
2026-08-17 19:11:34,353 [ERROR] LogOutputStream:75 - [STDERR_REDIRECT] 
2026-08-17 19:12:03,966 [INFO] MainUpdater:2872 - connection check result : 10
2026-08-17 19:12:03,966 [INFO] MainUpdater:2872 - connection check result : 10
2026-08-17 19:12:03,983 [INFO] MicroXplorer:468 - Change Database Path : 
2026-08-17 19:12:03,983 [INFO] MicroXplorer:498 - Change Database Version : DB.6.0.140
2026-08-17 19:12:03,994 [ERROR] ProjectManagerView:394 - 
java.lang.NullPointerException: Cannot invoke "javax.swing.JTextField.getText()" because the return value of "java.util.List.get(int)" is null
	at com.st.microxplorer.plugins.projectmanager.gui.ProjectChoiceTab$9.caretUpdate(ProjectChoiceTab.java:2678) ~[filemanager.jar:?]
	at javax.swing.text.JTextComponent.fireCaretUpdate(JTextComponent.java:408) ~[?:?]
	at javax.swing.text.JTextComponent$MutableCaretEvent.fire(JTextComponent.java:4484) ~[?:?]
	at javax.swing.text.JTextComponent$MutableCaretEvent.stateChanged(JTextComponent.java:4506) ~[?:?]
	at javax.swing.text.DefaultCaret.fireStateChanged(DefaultCaret.java:857) ~[?:?]
	at javax.swing.text.DefaultCaret.changeCaretPosition(DefaultCaret.java:1343) ~[?:?]
	at javax.swing.text.DefaultCaret.handleSetDot(DefaultCaret.java:1242) ~[?:?]
	at javax.swing.text.DefaultCaret.setDot(DefaultCaret.java:1223) ~[?:?]
	at javax.swing.text.DefaultCaret$Handler.insertUpdate(DefaultCaret.java:1819) ~[?:?]
	at javax.swing.text.AbstractDocument.fireInsertUpdate(AbstractDocument.java:227) ~[?:?]
	at javax.swing.text.AbstractDocument.handleInsertString(AbstractDocument.java:781) ~[?:?]
	at javax.swing.text.AbstractDocument.insertString(AbstractDocument.java:740) ~[?:?]
	at javax.swing.text.PlainDocument.insertString(PlainDocument.java:131) ~[?:?]
	at javax.swing.text.AbstractDocument.replace(AbstractDocument.java:699) ~[?:?]
	at javax.swing.text.JTextComponent.setText(JTextComponent.java:1725) ~[?:?]
	at com.st.microxplorer.plugins.projectmanager.gui.ProjectChoiceTab.createHeapStackFields(ProjectChoiceTab.java:979) ~[filemanager.jar:?]
	at com.st.microxplorer.plugins.projectmanager.gui.ProjectChoiceTab.buildLinkSettingsPanel(ProjectChoiceTab.java:3766) ~[filemanager.jar:?]
	at com.st.microxplorer.plugins.projectmanager.gui.ProjectChoiceTab.defineWindowsFields(ProjectChoiceTab.java:1962) ~[filemanager.jar:?]
	at com.st.microxplorer.plugins.projectmanager.gui.ProjectChoiceTab.updateSettings(ProjectChoiceTab.java:555) ~[filemanager.jar:?]
	at com.st.microxplorer.plugins.projectmanager.gui.ProjectSettingsPanel.UpdateDialog(ProjectSettingsPanel.java:245) ~[filemanager.jar:?]
	at com.st.microxplorer.plugins.projectmanager.ProjectManagerView.propertyChange(ProjectManagerView.java:391) ~[filemanager.jar:?]
	at java.beans.PropertyChangeSupport.fire(PropertyChangeSupport.java:343) ~[?:?]
	at java.beans.PropertyChangeSupport.firePropertyChange(PropertyChangeSupport.java:335) ~[?:?]
	at java.beans.PropertyChangeSupport.firePropertyChange(PropertyChangeSupport.java:268) ~[?:?]
	at com.st.microxplorer.util.MXPropertyChangeSupport.firePropertyChange(MXPropertyChangeSupport.java:54) ~[STM32CubeMX.jar:?]
	at com.st.microxplorer.mxsystem.MxSystem.closeConfig(MxSystem.java:899) ~[STM32CubeMX.jar:?]
	at com.st.microxplorer.maingui.MainPanel.closeConfig(MainPanel.java:789) ~[STM32CubeMX.jar:?]
	at com.st.microxplorer.plugins.filemanager.engine.OpenFileManager.loadConfigurationFile(OpenFileManager.java:287) ~[filemanager.jar:?]
	at com.st.microxplorer.plugins.filemanager.engine.MainFileManager.userLoadConfig(MainFileManager.java:341) ~[filemanager.jar:?]
	at com.st.microxplorer.plugins.filemanager.engine.MainFileManager.userLoadConfig(MainFileManager.java:319) ~[filemanager.jar:?]
	at com.st.microxplorer.plugins.filemanager.FileManagerView.getSpecificTask(FileManagerView.java:246) ~[filemanager.jar:?]
	at com.st.stm32cube.common.mx.editor.CubeMxEditor.getMxTabbedPaneInstance(CubeMxEditor.java:1198) ~[com.st.stm32cube.common.mx_6.14.0.202502271554/:?]
	at com.st.stm32cube.common.mx.editor.CubeMxEditor$12$1.createSwingComponent(CubeMxEditor.java:1068) ~[com.st.stm32cube.common.mx_6.14.0.202502271554/:?]
	at com.st.stm32cube.common.mx.oss.core.awtswtbridge.EmbeddedSwingComposite.doComponentCreation(EmbeddedSwingComposite.java:492) ~[com.st.stm32cube.common.mx.oss_6.14.0.202502271554/:?]
	at com.st.stm32cube.common.mx.oss.core.awtswtbridge.EmbeddedSwingComposite$4.run(EmbeddedSwingComposite.java:291) ~[com.st.stm32cube.common.mx.oss_6.14.0.202502271554/:?]
	at com.st.stm32cube.common.mx.oss.core.awtswtbridge.AwtEnvironment$2.run(AwtEnvironment.java:166) ~[com.st.stm32cube.common.mx.oss_6.14.0.202502271554/:?]
	at java.awt.event.InvocationEvent.dispatch(InvocationEvent.java:318) ~[?:?]
	at java.awt.EventQueue.dispatchEventImpl(EventQueue.java:773) ~[?:?]
	at java.awt.EventQueue$4.run(EventQueue.java:720) ~[?:?]
	at java.awt.EventQueue$4.run(EventQueue.java:714) ~[?:?]
	at java.security.AccessController.doPrivileged(AccessController.java:400) ~[?:?]
	at java.security.ProtectionDomain$JavaSecurityAccessImpl.doIntersectionPrivilege(ProtectionDomain.java:87) ~[?:?]
	at java.awt.EventQueue.dispatchEvent(EventQueue.java:742) ~[?:?]
	at java.awt.EventDispatchThread.pumpOneEventForFilters(EventDispatchThread.java:203) ~[?:?]
	at java.awt.EventDispatchThread.pumpEventsForFilter(EventDispatchThread.java:124) ~[?:?]
	at java.awt.EventDispatchThread.pumpEventsForHierarchy(EventDispatchThread.java:113) ~[?:?]
	at java.awt.EventDispatchThread.pumpEvents(EventDispatchThread.java:109) ~[?:?]
	at java.awt.EventDispatchThread.pumpEvents(EventDispatchThread.java:101) ~[?:?]
	at java.awt.EventDispatchThread.run(EventDispatchThread.java:90) ~[?:?]
2026-08-17 19:12:03,997 [WARN] ThirdParty:871 - waiting for thirdparty lock release [close project]
2026-08-17 19:12:03,997 [INFO] ThirdParty:873 - entering critical section [close project]
2026-08-17 19:12:03,997 [INFO] ThirdParty:883 - exiting critical section [close project]
2026-08-17 19:12:03,998 [INFO] PinOutPanel:1589 - setPackage(No Configuration,No Configuration)
2026-08-17 19:12:04,005 [WARN] IpParametersView:155 - Warning: This peripheral hasn't parameters
2026-08-17 19:12:04,008 [WARN] MainPanel:289 - <html><b><center>Warning: This peripheral has no parameters to be configured<br></b></html>
2026-08-17 19:12:04,013 [INFO] UtilMem:75 - Begin LoadConfig() Used Memory: 501215936 Bytes (1063256064)
2026-08-17 19:12:04,013 [INFO] MicroXplorer:468 - Change Database Path : 
2026-08-17 19:12:04,013 [INFO] MicroXplorer:498 - Change Database Version : DB.6.0.140
2026-08-17 19:12:04,013 [INFO] OpenFileManager:354 - Change cursor
2026-08-17 19:12:04,023 [INFO] RulesReader:64 - Compatibility file has been processed (301 Rules)
2026-08-17 19:12:04,025 [INFO] Mcu:2011 - Initializing MCU STM32F411C(C-E)Ux STM32F411CEUx STM32F411CEU6
2026-08-17 19:12:04,354 [ERROR] LogOutputStream:75 - [STDERR_REDIRECT] Aug 17, 2026 7:12:04 PM java.util.prefs.FileSystemPreferences checkLockFile0ErrorCode
2026-08-17 19:12:04,355 [ERROR] LogOutputStream:75 - [STDERR_REDIRECT] WARNING: Could not lock System prefs. Unix error code 2.
2026-08-17 19:12:04,355 [ERROR] LogOutputStream:75 - [STDERR_REDIRECT] 
2026-08-17 19:12:04,356 [ERROR] LogOutputStream:75 - [STDERR_REDIRECT] Aug 17, 2026 7:12:04 PM java.util.prefs.FileSystemPreferences syncWorld
2026-08-17 19:12:04,356 [ERROR] LogOutputStream:75 - [STDERR_REDIRECT] WARNING: Couldn't flush system prefs: java.util.prefs.BackingStoreException: Couldn't get file lock.
2026-08-17 19:12:04,356 [ERROR] LogOutputStream:75 - [STDERR_REDIRECT] 
2026-08-17 19:12:04,414 [INFO] Context:756 - Trying to add GPIOservice into a context  which must be forbidden
2026-08-17 19:12:04,671 [INFO] ImportTextPane:218 - (OptionalMessage_ERROR) Pin23 (VP_RIF_VS_RIF1) cannot be retrieved for this MCU
2026-08-17 19:12:04,698 [INFO] RtosManager:558 - Registered RTOS mode: class=CMSIS, group=RTOS, mode=CMSIS_V1, owner=FREERTOS
2026-08-17 19:12:04,698 [INFO] RtosManager:558 - Registered RTOS mode: class=CMSIS, group=RTOS2, mode=CMSIS_V2, owner=FREERTOS
2026-08-17 19:12:04,698 [INFO] RtosManager:558 - Registered RTOS mode: class=RTOS, group=Core, mode=CMSIS_V1, owner=FREERTOS
2026-08-17 19:12:04,698 [INFO] RtosManager:558 - Registered RTOS mode: class=RTOS, group=Core, mode=CMSIS_V2, owner=FREERTOS
2026-08-17 19:12:04,698 [WARN] ModelIntegratedComponent:184 - Missing modes for component STMicroelectronics:FreeRTOS:0.0.1:STMicroelectronics:RTOS:FreeRTOS:Core:::10.2.0:
2026-08-17 19:12:04,755 [WARN] ModelIntegratedComponent:182 - Modes not found for component STMicroelectronics:USB_HOST:1.0.0:STMicroelectronics:USB::USB Host:Audio HS::1.0:USB_HOST_1_0_RESTRICTED_HS
2026-08-17 19:12:04,755 [WARN] ModelIntegratedComponent:188 - Modes not found for component STMicroelectronics:USB_HOST:1.0.0:STMicroelectronics:USB::USB Host:Audio HS::1.0:USB_HOST_1_0_RESTRICTED_HS
2026-08-17 19:12:04,755 [WARN] ModelIntegratedComponent:182 - Modes not found for component STMicroelectronics:USB_HOST:1.0.0:STMicroelectronics:USB::USB Host:CDC HS::1.0:USB_HOST_1_0_RESTRICTED_HS
2026-08-17 19:12:04,755 [WARN] ModelIntegratedComponent:188 - Modes not found for component STMicroelectronics:USB_HOST:1.0.0:STMicroelectronics:USB::USB Host:CDC HS::1.0:USB_HOST_1_0_RESTRICTED_HS
2026-08-17 19:12:04,755 [WARN] ModelIntegratedComponent:182 - Modes not found for component STMicroelectronics:USB_HOST:1.0.0:STMicroelectronics:USB::USB Host:MSC HS::1.0:USB_HOST_1_0_RESTRICTED_HS
2026-08-17 19:12:04,755 [WARN] ModelIntegratedComponent:188 - Modes not found for component STMicroelectronics:USB_HOST:1.0.0:STMicroelectronics:USB::USB Host:MSC HS::1.0:USB_HOST_1_0_RESTRICTED_HS
2026-08-17 19:12:04,755 [WARN] ModelIntegratedComponent:182 - Modes not found for component STMicroelectronics:USB_HOST:1.0.0:STMicroelectronics:USB::USB Host:HID HS::1.0:USB_HOST_1_0_RESTRICTED_HS
2026-08-17 19:12:04,755 [WARN] ModelIntegratedComponent:188 - Modes not found for component STMicroelectronics:USB_HOST:1.0.0:STMicroelectronics:USB::USB Host:HID HS::1.0:USB_HOST_1_0_RESTRICTED_HS
2026-08-17 19:12:04,755 [WARN] ModelIntegratedComponent:182 - Modes not found for component STMicroelectronics:USB_HOST:1.0.0:STMicroelectronics:USB::USB Host:MTP HS::1.0:USB_HOST_1_0_RESTRICTED_HS
2026-08-17 19:12:04,755 [WARN] ModelIntegratedComponent:188 - Modes not found for component STMicroelectronics:USB_HOST:1.0.0:STMicroelectronics:USB::USB Host:MTP HS::1.0:USB_HOST_1_0_RESTRICTED_HS
2026-08-17 19:12:04,758 [WARN] ModelIntegratedComponent:63 - No mode defined for component null
2026-08-17 19:12:04,758 [WARN] ModelIntegratedComponent:63 - No mode defined for component null
2026-08-17 19:12:04,758 [WARN] ModelIntegratedComponent:63 - No mode defined for component null
2026-08-17 19:12:04,758 [WARN] ModelIntegratedComponent:63 - No mode defined for component null
2026-08-17 19:12:04,758 [WARN] ModelIntegratedComponent:63 - No mode defined for component null
2026-08-17 19:12:04,758 [WARN] ModelIntegratedComponent:63 - No mode defined for component null
2026-08-17 19:12:04,758 [WARN] ModelIntegratedComponent:63 - No mode defined for component null
2026-08-17 19:12:04,758 [WARN] ModelIntegratedComponent:63 - No mode defined for component null
2026-08-17 19:12:04,758 [WARN] ModelIntegratedComponent:63 - No mode defined for component null
2026-08-17 19:12:04,758 [WARN] ModelIntegratedComponent:63 - No mode defined for component null
2026-08-17 19:12:04,758 [WARN] ModelIntegratedComponent:63 - No mode defined for component null
2026-08-17 19:12:04,758 [WARN] ModelIntegratedComponent:63 - No mode defined for component null
2026-08-17 19:12:04,758 [WARN] ModelIntegratedComponent:63 - No mode defined for component null
2026-08-17 19:12:04,758 [WARN] ModelIntegratedComponent:63 - No mode defined for component null
2026-08-17 19:12:04,758 [WARN] ModelIntegratedComponent:63 - No mode defined for component null
2026-08-17 19:12:04,758 [WARN] ModelIntegratedComponent:63 - No mode defined for component null
2026-08-17 19:12:04,758 [WARN] ModelIntegratedComponent:63 - No mode defined for component null
2026-08-17 19:12:04,758 [WARN] ModelIntegratedComponent:63 - No mode defined for component null
2026-08-17 19:12:04,758 [WARN] ModelIntegratedComponent:63 - No mode defined for component null
2026-08-17 19:12:04,758 [WARN] ModelIntegratedComponent:63 - No mode defined for component null
2026-08-17 19:12:04,758 [WARN] ModelIntegratedComponent:63 - No mode defined for component null
2026-08-17 19:12:04,758 [WARN] ModelIntegratedComponent:63 - No mode defined for component null
2026-08-17 19:12:04,758 [WARN] ModelIntegratedComponent:63 - No mode defined for component null
2026-08-17 19:12:04,758 [WARN] ModelIntegratedComponent:63 - No mode defined for component null
2026-08-17 19:12:04,758 [WARN] ModelIntegratedComponent:63 - No mode defined for component null
2026-08-17 19:12:04,758 [WARN] ModelIntegratedComponent:63 - No mode defined for component null
2026-08-17 19:12:04,758 [WARN] ModelIntegratedComponent:63 - No mode defined for component null
2026-08-17 19:12:04,758 [WARN] ModelIntegratedComponent:63 - No mode defined for component null
2026-08-17 19:12:04,758 [WARN] ModelIntegratedComponent:63 - No mode defined for component null
2026-08-17 19:12:04,758 [WARN] ModelIntegratedComponent:63 - No mode defined for component null
2026-08-17 19:12:04,758 [WARN] ModelIntegratedComponent:63 - No mode defined for component null
2026-08-17 19:12:04,758 [WARN] ModelIntegratedComponent:63 - No mode defined for component null
2026-08-17 19:12:04,758 [WARN] ModelIntegratedComponent:63 - No mode defined for component null
2026-08-17 19:12:04,758 [WARN] ModelIntegratedComponent:63 - No mode defined for component null
2026-08-17 19:12:04,758 [WARN] ModelIntegratedComponent:63 - No mode defined for component null
2026-08-17 19:12:04,758 [WARN] ModelPack:524 - Component already loaded: STMicroelectronics:HAL Drivers:0.0.0:STMicroelectronics:Device:STMicro_Driver:XSPI:HAL::0.0.1:HAL_XSPI
2026-08-17 19:12:04,787 [WARN] ModelIntegratedComponent:182 - Modes not found for component STMicroelectronics:USB_DEVICE:1.0.0:STMicroelectronics:USB::USB Device:Audio HS::1.0:USB_DEVICE_1_0_RESTRICTED_HS
2026-08-17 19:12:04,787 [WARN] ModelIntegratedComponent:188 - Modes not found for component STMicroelectronics:USB_DEVICE:1.0.0:STMicroelectronics:USB::USB Device:Audio HS::1.0:USB_DEVICE_1_0_RESTRICTED_HS
2026-08-17 19:12:04,787 [WARN] ModelIntegratedComponent:182 - Modes not found for component STMicroelectronics:USB_DEVICE:1.0.0:STMicroelectronics:USB::USB Device:CDC HS::1.0:USB_DEVICE_1_0_RESTRICTED_HS
2026-08-17 19:12:04,787 [WARN] ModelIntegratedComponent:188 - Modes not found for component STMicroelectronics:USB_DEVICE:1.0.0:STMicroelectronics:USB::USB Device:CDC HS::1.0:USB_DEVICE_1_0_RESTRICTED_HS
2026-08-17 19:12:04,787 [WARN] ModelIntegratedComponent:182 - Modes not found for component STMicroelectronics:USB_DEVICE:1.0.0:STMicroelectronics:USB::USB Device:DFU HS::1.0:USB_DEVICE_1_0_RESTRICTED_HS
2026-08-17 19:12:04,787 [WARN] ModelIntegratedComponent:188 - Modes not found for component STMicroelectronics:USB_DEVICE:1.0.0:STMicroelectronics:USB::USB Device:DFU HS::1.0:USB_DEVICE_1_0_RESTRICTED_HS
2026-08-17 19:12:04,787 [WARN] ModelIntegratedComponent:182 - Modes not found for component STMicroelectronics:USB_DEVICE:1.0.0:STMicroelectronics:USB::USB Device:HID HS::1.0:USB_DEVICE_1_0_RESTRICTED_HS
2026-08-17 19:12:04,787 [WARN] ModelIntegratedComponent:188 - Modes not found for component STMicroelectronics:USB_DEVICE:1.0.0:STMicroelectronics:USB::USB Device:HID HS::1.0:USB_DEVICE_1_0_RESTRICTED_HS
2026-08-17 19:12:04,787 [WARN] ModelIntegratedComponent:182 - Modes not found for component STMicroelectronics:USB_DEVICE:1.0.0:STMicroelectronics:USB::USB Device:Custom HID HS::1.0:USB_DEVICE_1_0_RESTRICTED_HS
2026-08-17 19:12:04,787 [WARN] ModelIntegratedComponent:188 - Modes not found for component STMicroelectronics:USB_DEVICE:1.0.0:STMicroelectronics:USB::USB Device:Custom HID HS::1.0:USB_DEVICE_1_0_RESTRICTED_HS
2026-08-17 19:12:04,787 [WARN] ModelIntegratedComponent:182 - Modes not found for component STMicroelectronics:USB_DEVICE:1.0.0:STMicroelectronics:USB::USB Device:MSC HS::1.0:USB_DEVICE_1_0_RESTRICTED_HS
2026-08-17 19:12:04,787 [WARN] ModelIntegratedComponent:188 - Modes not found for component STMicroelectronics:USB_DEVICE:1.0.0:STMicroelectronics:USB::USB Device:MSC HS::1.0:USB_DEVICE_1_0_RESTRICTED_HS
2026-08-17 19:12:04,801 [INFO] ThirdPartyModel:298 - Start build external matchings
2026-08-17 19:12:05,043 [INFO] ThirdPartyModel:316 - End build external matchings
2026-08-17 19:12:05,052 [INFO] ImportTextPane:218 - (OptionalMessage_ERROR) IP (DMA) : Parameter (Instance) has Id (SPI1_RX) currently not set
2026-08-17 19:12:05,052 [INFO] ImportTextPane:218 - (OptionalMessage_ERROR) IP (DMA) : Parameter (Channel) has Id (SPI1_RX) currently not set
2026-08-17 19:12:05,052 [INFO] ImportTextPane:218 - (OptionalMessage_ERROR) IP (DMA) : Parameter (Direction) has Id (SPI1_RX) currently not set
2026-08-17 19:12:05,052 [INFO] ImportTextPane:218 - (OptionalMessage_ERROR) IP (DMA) : Parameter (PeriphInc) has Id (SPI1_RX) currently not set
2026-08-17 19:12:05,052 [INFO] ImportTextPane:218 - (OptionalMessage_ERROR) IP (DMA) : Parameter (MemInc) has Id (SPI1_RX) currently not set
2026-08-17 19:12:05,052 [INFO] ImportTextPane:218 - (OptionalMessage_ERROR) IP (DMA) : Parameter (PeriphDataAlignment) has Id (SPI1_RX) currently not set
2026-08-17 19:12:05,052 [INFO] ImportTextPane:218 - (OptionalMessage_ERROR) IP (DMA) : Parameter (MemDataAlignment) has Id (SPI1_RX) currently not set
2026-08-17 19:12:05,052 [INFO] ImportTextPane:218 - (OptionalMessage_ERROR) IP (DMA) : Parameter (Mode) has Id (SPI1_RX) currently not set
2026-08-17 19:12:05,052 [INFO] ImportTextPane:218 - (OptionalMessage_ERROR) IP (DMA) : Parameter (Priority) has Id (SPI1_RX) currently not set
2026-08-17 19:12:05,052 [INFO] ImportTextPane:218 - (OptionalMessage_ERROR) IP (DMA) : Parameter (FIFOMode) has Id (SPI1_RX) currently not set
2026-08-17 19:12:05,053 [WARN] IP:2250 - I2C_Coeff_DF not found: check if there is a RefParameter without a condition.
2026-08-17 19:12:05,053 [WARN] IP:2250 - Analog_Filter not found: check if there is a RefParameter without a condition.
2026-08-17 19:12:05,053 [INFO] ImportTextPane:218 - (OptionalMessage_ERROR) IP (RCC) : Parameter (48MHZClocksFreq_Value) has invalid value (50000000)
2026-08-17 19:12:05,054 [INFO] ImportTextPane:218 - (OptionalMessage_ERROR) IP (RCC) : Parameter (RTCHSEDivFreq_Value) has invalid value (12500000)
2026-08-17 19:12:05,158 [INFO] UtilMem:75 - End LoadConfig() Used Memory: 781193824 Bytes (1063256064)
2026-08-17 19:12:05,166 [WARN] ThirdParty:833 - waiting for thirdparty lock release [change project]
2026-08-17 19:12:05,166 [INFO] ThirdParty:835 - entering critical section [change project]
2026-08-17 19:12:05,166 [INFO] ThirdParty:1030 - CMSIS Pack Vendor :STMicroelectronics X-CUBE-AZRTOS-H7 3.5.0
2026-08-17 19:12:05,166 [INFO] ThirdParty:1030 - CMSIS Pack Vendor :STMicroelectronics X-CUBE-PM33A1 1.0.0
2026-08-17 19:12:05,166 [INFO] ThirdParty:1030 - CMSIS Pack Vendor :STMicroelectronics USBPD 4.1
2026-08-17 19:12:05,166 [INFO] ThirdParty:1030 - CMSIS Pack Vendor :STMicroelectronics X-CUBE-NFC9 1.0.0
2026-08-17 19:12:05,166 [INFO] ThirdParty:1030 - CMSIS Pack Vendor :STMicroelectronics USB_HOST 2.0.0
2026-08-17 19:12:05,166 [INFO] ThirdParty:1030 - CMSIS Pack Vendor :STMicroelectronics FP-ATR-ASTRA1 2.0.3
2026-08-17 19:12:05,166 [INFO] ThirdParty:1030 - CMSIS Pack Vendor :STMicroelectronics X-CUBE-AZRTOS-F4 1.1.0
2026-08-17 19:12:05,166 [INFO] ThirdParty:1030 - CMSIS Pack Vendor :STMicroelectronics LIBJPEG 8.0.0
2026-08-17 19:12:05,166 [INFO] ThirdParty:1030 - CMSIS Pack Vendor :STMicroelectronics FP-ATR-ASTRA1 2.0.2
2026-08-17 19:12:05,166 [INFO] ThirdParty:1030 - CMSIS Pack Vendor :STMicroelectronics X-CUBE-BLE1 7.1.0
2026-08-17 19:12:05,166 [INFO] ThirdParty:1030 - CMSIS Pack Vendor :wolfSSL I-CUBE-wolfMQTT 1.19.2
2026-08-17 19:12:05,166 [INFO] ThirdParty:1030 - CMSIS Pack Vendor :STMicroelectronics USB_DEVICE 3.0.0
2026-08-17 19:12:05,166 [INFO] ThirdParty:1030 - CMSIS Pack Vendor :STMicroelectronics X-CUBE-ISPU 2.1.0
2026-08-17 19:12:05,166 [INFO] ThirdParty:1030 - CMSIS Pack Vendor :STMicroelectronics X-CUBE-EEPRMA1 5.2.0
2026-08-17 19:12:05,166 [INFO] ThirdParty:1030 - CMSIS Pack Vendor :STMicroelectronics eDS-WB_DPC_TT-BIDIR 2.1.1
2026-08-17 19:12:05,166 [INFO] ThirdParty:1030 - CMSIS Pack Vendor :STMicroelectronics X-CUBE-AZRTOS-WB 2.0.0
2026-08-17 19:12:05,166 [INFO] ThirdParty:1030 - CMSIS Pack Vendor :STMicroelectronics X-CUBE-NFC12 1.0.0
2026-08-17 19:12:05,166 [INFO] ThirdParty:1030 - CMSIS Pack Vendor :STMicroelectronics X-CUBE-AZRTOS-F7 1.1.0
2026-08-17 19:12:05,166 [INFO] ThirdParty:1030 - CMSIS Pack Vendor :STMicroelectronics X-CUBE-AZRTOS-L5 2.0.0
2026-08-17 19:12:05,167 [INFO] ThirdParty:1030 - CMSIS Pack Vendor :STMicroelectronics USB_DEVICE 2.0.0
2026-08-17 19:12:05,167 [INFO] ThirdParty:1030 - CMSIS Pack Vendor :quantropi X-CUBE-qispace-sdk-base 2.1.0
2026-08-17 19:12:05,167 [INFO] ThirdParty:1030 - CMSIS Pack Vendor :STMicroelectronics X-CUBE-STSE01 2.0.0
2026-08-17 19:12:05,167 [INFO] ThirdParty:1030 - CMSIS Pack Vendor :STMicroelectronics X-CUBE-ALGOBUILD 1.5.0
2026-08-17 19:12:05,167 [INFO] ThirdParty:1030 - CMSIS Pack Vendor :STMicroelectronics FreeRTOS 0.0.1
2026-08-17 19:12:05,167 [INFO] ThirdParty:1030 - CMSIS Pack Vendor :STMicroelectronics X-CUBE-AZRTOS-H7RS 1.3.0
2026-08-17 19:12:05,167 [INFO] ThirdParty:1030 - CMSIS Pack Vendor :STMicroelectronics X-CUBE-AZRTOS-G0 1.1.0
2026-08-17 19:12:05,167 [INFO] ThirdParty:1030 - CMSIS Pack Vendor :STMicroelectronics X-CUBE-NFC4 3.0.0
2026-08-17 19:12:05,167 [INFO] ThirdParty:1030 - CMSIS Pack Vendor :STMicroelectronics X-CUBE-SUBG2 5.0.0
2026-08-17 19:12:05,167 [INFO] ThirdParty:1030 - CMSIS Pack Vendor :STMicroelectronics STM32_WPAN 1.0.0
2026-08-17 19:12:05,167 [INFO] ThirdParty:1030 - CMSIS Pack Vendor :STMicroelectronics eDS-WB_DPC_VIENNA 1.2.0
2026-08-17 19:12:05,167 [INFO] ThirdParty:1030 - CMSIS Pack Vendor :EmbeddedOffice I-CUBE-FS-RTOS 1.0.1
2026-08-17 19:12:05,167 [INFO] ThirdParty:1030 - CMSIS Pack Vendor :STMicroelectronics lwIP 2.0.3
2026-08-17 19:12:05,167 [INFO] ThirdParty:1030 - CMSIS Pack Vendor :STMicroelectronics X-CUBE-MEMS1 13.0.0
2026-08-17 19:12:05,167 [INFO] ThirdParty:1030 - CMSIS Pack Vendor :STMicroelectronics eDS-WB_DPC_3PH2L-BIDIR 1.1.1
2026-08-17 19:12:05,167 [INFO] ThirdParty:1030 - CMSIS Pack Vendor :STMicroelectronics USB_HOST 1.0.0
2026-08-17 19:12:05,167 [INFO] ThirdParty:1030 - CMSIS Pack Vendor :STMicroelectronics X-CUBE-AZRTOS-G4 2.0.0
2026-08-17 19:12:05,167 [INFO] ThirdParty:1030 - CMSIS Pack Vendor :STMicroelectronics PDM2PCM 3.1.0
2026-08-17 19:12:05,167 [INFO] ThirdParty:1030 - CMSIS Pack Vendor :STMicroelectronics PDM2PCM 3.3.0
2026-08-17 19:12:05,167 [INFO] ThirdParty:1030 - CMSIS Pack Vendor :wolfSSL I-CUBE-wolfTPM 3.8.0
2026-08-17 19:12:05,167 [INFO] ThirdParty:1030 - CMSIS Pack Vendor :STMicroelectronics X-CUBE-DISPLAY 3.0.0
2026-08-17 19:12:05,167 [INFO] ThirdParty:1030 - CMSIS Pack Vendor :wolfSSL I-CUBE-wolfSSH 1.4.20
2026-08-17 19:12:05,167 [INFO] ThirdParty:1030 - CMSIS Pack Vendor :STMicroelectronics X-CUBE-NFC7 2.0.0
2026-08-17 19:12:05,167 [INFO] ThirdParty:1030 - CMSIS Pack Vendor :STMicroelectronics X-CUBE-GNSS1 7.1.1
2026-08-17 19:12:05,167 [INFO] ThirdParty:1030 - CMSIS Pack Vendor :STMicroelectronics X-CUBE-TCPP 4.2.0
2026-08-17 19:12:05,167 [INFO] ThirdParty:1030 - CMSIS Pack Vendor :RealThread X-CUBE-RT-Thread_Nano 4.1.1
2026-08-17 19:12:05,167 [INFO] ThirdParty:1030 - CMSIS Pack Vendor :wolfSSL I-CUBE-wolfSSL 5.9.1
2026-08-17 19:12:05,167 [INFO] ThirdParty:1030 - CMSIS Pack Vendor :STMicroelectronics FP-ATR-SIGFOX1 3.2.0
2026-08-17 19:12:05,167 [INFO] ThirdParty:1030 - CMSIS Pack Vendor :STMicroelectronics X-CUBE-NFC10 1.0.0
2026-08-17 19:12:05,168 [INFO] ThirdParty:1030 - CMSIS Pack Vendor :STMicroelectronics HAL Drivers 0.0.0
2026-08-17 19:12:05,168 [INFO] ThirdParty:1030 - CMSIS Pack Vendor :STMicroelectronics MBEDTLS 2.16.2
2026-08-17 19:12:05,168 [INFO] ThirdParty:1030 - CMSIS Pack Vendor :STMicroelectronics X-CUBE-ST60 1.1.0
2026-08-17 19:12:05,168 [INFO] ThirdParty:1030 - CMSIS Pack Vendor :STMicroelectronics X-CUBE-ALS 1.0.2
2026-08-17 19:12:05,168 [INFO] ThirdParty:1030 - CMSIS Pack Vendor :emotas I-CUBE-CANOPEN 1.3.0
2026-08-17 19:12:05,168 [INFO] ThirdParty:1030 - CMSIS Pack Vendor :STMicroelectronics MBEDTLS 2.14.1
2026-08-17 19:12:05,168 [INFO] ThirdParty:1030 - CMSIS Pack Vendor :ITTIA_DB I-CUBE-ITTIADB 8.9.0
2026-08-17 19:12:05,168 [INFO] ThirdParty:1030 - CMSIS Pack Vendor :Cesanta I-CUBE-Mongoose 7.21.7
2026-08-17 19:12:05,168 [INFO] ThirdParty:1030 - CMSIS Pack Vendor :STMicroelectronics X-CUBE-TOUCHGFX 4.26.1
2026-08-17 19:12:05,168 [INFO] ThirdParty:1030 - CMSIS Pack Vendor :STMicroelectronics X-CUBE-NFC6 3.2.0
2026-08-17 19:12:05,168 [INFO] ThirdParty:1030 - CMSIS Pack Vendor :STMicroelectronics X-CUBE-AI 10.2.1
2026-08-17 19:12:05,168 [INFO] ThirdParty:1030 - CMSIS Pack Vendor :STMicroelectronics ThreadX 1.0.0
2026-08-17 19:12:05,168 [INFO] ThirdParty:1030 - CMSIS Pack Vendor :STMicroelectronics FP-SNS-SMARTAG2 1.2.0
2026-08-17 19:12:05,168 [INFO] ThirdParty:1030 - CMSIS Pack Vendor :STMicroelectronics X-CUBE-MEMS1 12.1.0
2026-08-17 19:12:05,168 [INFO] ThirdParty:1030 - CMSIS Pack Vendor :STMicroelectronics FP-SNS-FLIGHT1 5.1.0
2026-08-17 19:12:05,168 [INFO] ThirdParty:1030 - CMSIS Pack Vendor :STMicroelectronics X-CUBE-AZRTOS-WL 2.0.0
2026-08-17 19:12:05,168 [INFO] ThirdParty:1030 - CMSIS Pack Vendor :SEGGER I-CUBE-embOS 1.3.1
2026-08-17 19:12:05,168 [INFO] ThirdParty:1030 - CMSIS Pack Vendor :STMicroelectronics X-CUBE-DPower 1.3.0
2026-08-17 19:12:05,168 [INFO] ThirdParty:1030 - CMSIS Pack Vendor :STMicroelectronics USB_DEVICE 1.0.0
2026-08-17 19:12:05,168 [INFO] ThirdParty:1030 - CMSIS Pack Vendor :STMicroelectronics X-CUBE-AZRTOS-L4 2.0.0
2026-08-17 19:12:05,168 [INFO] ThirdParty:1030 - CMSIS Pack Vendor :STMicroelectronics ThreadX 0.0.2
2026-08-17 19:12:05,168 [INFO] ThirdParty:1030 - CMSIS Pack Vendor :STMicroelectronics lwIP 2.1.2
2026-08-17 19:12:05,168 [INFO] ThirdParty:1030 - CMSIS Pack Vendor :STMicroelectronics X-CUBE-SFXS2LP1 4.0.0
2026-08-17 19:12:05,168 [INFO] ThirdParty:1030 - CMSIS Pack Vendor :STMicroelectronics X-CUBE-BLE2 3.3.0
2026-08-17 19:12:05,168 [INFO] ThirdParty:1030 - CMSIS Pack Vendor :Avnet-IOTCONNECT X-CUBE-iotc-st67-sdk 1.0.0
2026-08-17 19:12:05,168 [INFO] ThirdParty:1030 - CMSIS Pack Vendor :STMicroelectronics X-CUBE-TOF1 3.4.3
2026-08-17 19:12:05,168 [INFO] ThirdParty:1030 - CMSIS Pack Vendor :Infineon AIROC-Wi-Fi-Bluetooth-STM32 1.8.0
2026-08-17 19:12:05,168 [INFO] ThirdParty:1030 - CMSIS Pack Vendor :STMicroelectronics X-CUBE-NFC13 1.0.0
2026-08-17 19:12:05,168 [INFO] ThirdParty:1030 - CMSIS Pack Vendor :STMicroelectronics PDM2PCM 3.2.0
2026-08-17 19:12:05,168 [INFO] ThirdParty:1030 - CMSIS Pack Vendor :STMicroelectronics X-CUBE-WB05N 2.1.0
2026-08-17 19:12:05,169 [INFO] ThirdParty:841 - exiting critical section [change project]
2026-08-17 19:12:05,360 [INFO] PinOutPanel:1589 - setPackage(No Configuration,No Configuration)
2026-08-17 19:12:05,360 [INFO] PinOutPanel:1589 - setPackage(STM32F411CEUx,UFQFPN48)
2026-08-17 19:12:05,500 [INFO] UtilMem:75 - Before build in PCC Used Memory: 912999128 Bytes (1063256064)
2026-08-17 19:12:05,719 [INFO] UtilMem:75 - After build in PCC Used Memory: 347080704 Bytes (1063256064)
2026-08-17 19:12:05,732 [INFO] IPUIPlugin:80 - create IPUIPlugin
2026-08-17 19:12:05,732 [INFO] IPUIPlugin:80 - create IPUIPlugin
2026-08-17 19:12:05,732 [INFO] IPUIPlugin:80 - create IPUIPlugin
2026-08-17 19:12:05,732 [INFO] IPUIPlugin:80 - create IPUIPlugin
2026-08-17 19:12:05,732 [INFO] IPUIPlugin:80 - create IPUIPlugin
2026-08-17 19:12:05,732 [INFO] IPUIPlugin:80 - create IPUIPlugin
2026-08-17 19:12:05,732 [INFO] IPUIPlugin:80 - create IPUIPlugin
2026-08-17 19:12:05,732 [INFO] IPUIPlugin:80 - create IPUIPlugin
2026-08-17 19:12:05,732 [INFO] IPUIPlugin:80 - create IPUIPlugin
2026-08-17 19:12:05,733 [INFO] IPUIPlugin:80 - create IPUIPlugin
2026-08-17 19:12:05,733 [INFO] IPUIPlugin:80 - create IPUIPlugin
2026-08-17 19:12:05,733 [INFO] IPUIPlugin:80 - create IPUIPlugin
2026-08-17 19:12:05,733 [INFO] IPUIPlugin:80 - create IPUIPlugin
2026-08-17 19:12:05,733 [INFO] IPUIPlugin:80 - create IPUIPlugin
2026-08-17 19:12:05,733 [INFO] IPUIPlugin:80 - create IPUIPlugin
2026-08-17 19:12:05,733 [INFO] IPUIPlugin:80 - create IPUIPlugin
2026-08-17 19:12:05,733 [INFO] IPUIPlugin:80 - create IPUIPlugin
2026-08-17 19:12:05,733 [INFO] IPUIPlugin:80 - create IPUIPlugin
2026-08-17 19:12:05,733 [INFO] IPUIPlugin:80 - create IPUIPlugin
2026-08-17 19:12:05,733 [INFO] IPUIPlugin:80 - create IPUIPlugin
2026-08-17 19:12:05,733 [INFO] IPUIPlugin:80 - create IPUIPlugin
2026-08-17 19:12:05,733 [INFO] IPUIPlugin:80 - create IPUIPlugin
2026-08-17 19:12:05,734 [INFO] IPUIPlugin:80 - create IPUIPlugin
2026-08-17 19:12:05,734 [INFO] IPUIPlugin:80 - create IPUIPlugin
2026-08-17 19:12:05,734 [INFO] IPUIPlugin:80 - create IPUIPlugin
2026-08-17 19:12:05,734 [INFO] IPUIPlugin:80 - create IPUIPlugin
2026-08-17 19:12:05,734 [INFO] IPUIPlugin:80 - create IPUIPlugin
2026-08-17 19:12:05,734 [INFO] IPUIPlugin:80 - create IPUIPlugin
2026-08-17 19:12:05,734 [INFO] IPUIPlugin:80 - create IPUIPlugin
2026-08-17 19:12:05,734 [INFO] IPUIPlugin:80 - create IPUIPlugin
2026-08-17 19:12:05,734 [INFO] IPUIPlugin:80 - create IPUIPlugin
2026-08-17 19:12:05,734 [INFO] IPUIPlugin:80 - create IPUIPlugin
2026-08-17 19:12:05,735 [INFO] IPUIPlugin:80 - create IPUIPlugin
2026-08-17 19:12:05,735 [INFO] IPUIPlugin:80 - create IPUIPlugin
2026-08-17 19:12:05,735 [INFO] IPUIPlugin:80 - create IPUIPlugin
2026-08-17 19:12:05,735 [INFO] IPUIPlugin:80 - create IPUIPlugin
2026-08-17 19:12:05,735 [INFO] IPUIPlugin:80 - create IPUIPlugin
2026-08-17 19:12:05,735 [INFO] IPUIPlugin:80 - create IPUIPlugin
2026-08-17 19:12:05,735 [INFO] IPUIPlugin:80 - create IPUIPlugin
2026-08-17 19:12:05,736 [INFO] IPUIPlugin:80 - create IPUIPlugin
2026-08-17 19:12:05,736 [INFO] IPUIPlugin:80 - create IPUIPlugin
2026-08-17 19:12:05,736 [INFO] IPUIPlugin:80 - create IPUIPlugin
2026-08-17 19:12:05,736 [INFO] IPUIPlugin:80 - create IPUIPlugin
2026-08-17 19:12:05,738 [INFO] ApiDbMcu:508 - Load IP Config File for PDM2PCM
2026-08-17 19:12:05,739 [WARN] IP:2250 - I2C_Coeff_DF not found: check if there is a RefParameter without a condition.
2026-08-17 19:12:05,739 [WARN] IP:2250 - Analog_Filter not found: check if there is a RefParameter without a condition.
2026-08-17 19:12:05,771 [INFO] CADModel:165 - CPN selected for project levelSTM32F411CEU6
2026-08-17 19:12:05,771 [INFO] CADModel:114 - Register for checkConnection events
2026-08-17 19:12:05,807 [INFO] OpenFileManager:385 - Restore cursor
2026-08-17 19:12:05,922 [WARN] IP:2250 - I2C_Coeff_DF not found: check if there is a RefParameter without a condition.
2026-08-17 19:12:05,922 [WARN] IP:2250 - Analog_Filter not found: check if there is a RefParameter without a condition.
2026-08-17 19:12:05,923 [WARN] IP:2250 - I2C_Coeff_DF not found: check if there is a RefParameter without a condition.
2026-08-17 19:12:05,923 [WARN] IP:2250 - Analog_Filter not found: check if there is a RefParameter without a condition.
2026-08-17 19:12:12,792 [WARN] IP:2250 - I2C_Coeff_DF not found: check if there is a RefParameter without a condition.
2026-08-17 19:12:12,792 [WARN] IP:2250 - Analog_Filter not found: check if there is a RefParameter without a condition.
2026-08-17 19:12:15,544 [WARN] IP:2250 - I2C_Coeff_DF not found: check if there is a RefParameter without a condition.
2026-08-17 19:12:15,544 [WARN] IP:2250 - Analog_Filter not found: check if there is a RefParameter without a condition.
2026-08-17 19:12:15,545 [WARN] IP:2250 - I2C_Coeff_DF not found: check if there is a RefParameter without a condition.
2026-08-17 19:12:15,545 [WARN] IP:2250 - Analog_Filter not found: check if there is a RefParameter without a condition.
2026-08-17 19:12:15,561 [INFO] NvicIntPanel:101 - NVIC parent = com.st.microxplorer.plugins.ip.nvic.MultiNvicIntPanel[,0,0,0x0,invalid,layout=javax.swing.BoxLayout,alignmentX=0.0,alignmentY=0.0,border=,flags=9,maximumSize=,minimumSize=,preferredSize=]
2026-08-17 19:12:15,577 [WARN] IP:2250 - I2C_Coeff_DF not found: check if there is a RefParameter without a condition.
2026-08-17 19:12:15,577 [WARN] IP:2250 - Analog_Filter not found: check if there is a RefParameter without a condition.
2026-08-17 19:12:15,581 [WARN] IP:2250 - I2C_Coeff_DF not found: check if there is a RefParameter without a condition.
2026-08-17 19:12:15,581 [WARN] IP:2250 - Analog_Filter not found: check if there is a RefParameter without a condition.
2026-08-17 19:12:16,780 [INFO] UtilMem:75 - End SaveConfig() Used Memory: 576718848 Bytes (1063256064)
2026-08-17 19:12:16,817 [INFO] UtilMem:75 - End SaveConfig() Used Memory: 591921152 Bytes (1063256064)
2026-08-17 19:12:17,028 [INFO] UtilMem:75 - End SaveConfig() Used Memory: 621807616 Bytes (1063256064)
2026-08-17 19:12:17,124 [INFO] BlockDiagram:2775 - set Specific Code input for plugin: SPI
2026-08-17 19:12:17,124 [INFO] BlockDiagram:2775 - set Specific Code input for plugin: NVIC
2026-08-17 19:12:17,124 [INFO] BlockDiagram:2775 - set Specific Code input for plugin: USART
2026-08-17 19:12:17,124 [INFO] BlockDiagram:2775 - set Specific Code input for plugin: DMA
2026-08-17 19:12:17,124 [INFO] BlockDiagram:2775 - set Specific Code input for plugin: TIM1_8
2026-08-17 19:12:17,124 [INFO] BlockDiagram:2775 - set Specific Code input for plugin: SYS
2026-08-17 19:12:17,124 [INFO] BlockDiagram:2775 - set Specific Code input for plugin: GPIO
2026-08-17 19:12:17,124 [INFO] BlockDiagram:2775 - set Specific Code input for plugin: ADC
2026-08-17 19:12:17,124 [INFO] BlockDiagram:2775 - set Specific Code input for plugin: RCC
2026-08-17 19:12:17,124 [INFO] BlockDiagram:2775 - set Specific Code input for plugin: I2C
2026-08-17 19:12:17,125 [INFO] CodeGenerator:882 - code generatio: config db path: /opt/st/stm32cubeide_1.18.0/plugins/com.st.stm32cube.common.mx_6.14.0.202502271554//db/
2026-08-17 19:12:17,130 [WARN] IP:2250 - I2C_Coeff_DF not found: check if there is a RefParameter without a condition.
2026-08-17 19:12:17,130 [WARN] IP:2250 - Analog_Filter not found: check if there is a RefParameter without a condition.
2026-08-17 19:12:17,139 [INFO] Argument:325 - Argument : hdmavalue: null
2026-08-17 19:12:17,139 [INFO] Argument:327 - 	 sub Args: 
2026-08-17 19:12:17,139 [INFO] Argument:325 - Argument : Instancevalue: DMA2_Stream0
2026-08-17 19:12:17,140 [INFO] Argument:335 - Argument : Instancevalue: DMA2_Stream0
2026-08-17 19:12:17,140 [INFO] Argument:325 - Argument : Initvalue: null
2026-08-17 19:12:17,140 [INFO] Argument:327 - 	 sub Args: 
2026-08-17 19:12:17,140 [INFO] Argument:325 - Argument : Channelvalue: DMA_CHANNEL_3
2026-08-17 19:12:17,140 [INFO] Argument:335 - Argument : Channelvalue: DMA_CHANNEL_3
2026-08-17 19:12:17,140 [INFO] Argument:325 - Argument : Directionvalue: DMA_PERIPH_TO_MEMORY
2026-08-17 19:12:17,140 [INFO] Argument:335 - Argument : Directionvalue: DMA_PERIPH_TO_MEMORY
2026-08-17 19:12:17,140 [INFO] Argument:325 - Argument : PeriphIncvalue: DMA_PINC_DISABLE
2026-08-17 19:12:17,140 [INFO] Argument:335 - Argument : PeriphIncvalue: DMA_PINC_DISABLE
2026-08-17 19:12:17,140 [INFO] Argument:325 - Argument : MemIncvalue: DMA_MINC_ENABLE
2026-08-17 19:12:17,140 [INFO] Argument:335 - Argument : MemIncvalue: DMA_MINC_ENABLE
2026-08-17 19:12:17,140 [INFO] Argument:325 - Argument : PeriphDataAlignmentvalue: DMA_PDATAALIGN_BYTE
2026-08-17 19:12:17,140 [INFO] Argument:335 - Argument : PeriphDataAlignmentvalue: DMA_PDATAALIGN_BYTE
2026-08-17 19:12:17,140 [INFO] Argument:325 - Argument : MemDataAlignmentvalue: DMA_MDATAALIGN_BYTE
2026-08-17 19:12:17,140 [INFO] Argument:335 - Argument : MemDataAlignmentvalue: DMA_MDATAALIGN_BYTE
2026-08-17 19:12:17,140 [INFO] Argument:325 - Argument : Modevalue: DMA_CIRCULAR
2026-08-17 19:12:17,140 [INFO] Argument:335 - Argument : Modevalue: DMA_CIRCULAR
2026-08-17 19:12:17,140 [INFO] Argument:325 - Argument : Priorityvalue: DMA_PRIORITY_LOW
2026-08-17 19:12:17,140 [INFO] Argument:335 - Argument : Priorityvalue: DMA_PRIORITY_LOW
2026-08-17 19:12:17,140 [INFO] Argument:325 - Argument : FIFOModevalue: DMA_FIFOMODE_DISABLE
2026-08-17 19:12:17,140 [INFO] Argument:335 - Argument : FIFOModevalue: DMA_FIFOMODE_DISABLE
2026-08-17 19:12:17,140 [INFO] Argument:325 - Argument : FIFOThresholdvalue: null
2026-08-17 19:12:17,140 [INFO] Argument:335 - Argument : FIFOThresholdvalue: null
2026-08-17 19:12:17,140 [INFO] Argument:325 - Argument : MemBurstvalue: null
2026-08-17 19:12:17,140 [INFO] Argument:335 - Argument : MemBurstvalue: null
2026-08-17 19:12:17,140 [INFO] Argument:325 - Argument : PeriphBurstvalue: null
2026-08-17 19:12:17,140 [INFO] Argument:335 - Argument : PeriphBurstvalue: null
2026-08-17 19:12:17,140 [INFO] Argument:325 - Argument : Lockvalue: null
2026-08-17 19:12:17,140 [INFO] Argument:335 - Argument : Lockvalue: null
2026-08-17 19:12:17,140 [INFO] Argument:325 - Argument : Statevalue: null
2026-08-17 19:12:17,140 [INFO] Argument:335 - Argument : Statevalue: null
2026-08-17 19:12:17,140 [INFO] Argument:325 - Argument : Parentvalue: null
2026-08-17 19:12:17,140 [INFO] Argument:335 - Argument : Parentvalue: null
2026-08-17 19:12:17,140 [INFO] Argument:325 - Argument : XferCpltCallbackvalue: null
2026-08-17 19:12:17,140 [INFO] Argument:335 - Argument : XferCpltCallbackvalue: null
2026-08-17 19:12:17,140 [INFO] Argument:325 - Argument : XferHalfCpltCallbackvalue: null
2026-08-17 19:12:17,140 [INFO] Argument:335 - Argument : XferHalfCpltCallbackvalue: null
2026-08-17 19:12:17,140 [INFO] Argument:325 - Argument : XferM1CpltCallbackvalue: null
2026-08-17 19:12:17,140 [INFO] Argument:335 - Argument : XferM1CpltCallbackvalue: null
2026-08-17 19:12:17,140 [INFO] Argument:325 - Argument : XferErrorCallbackvalue: null
2026-08-17 19:12:17,140 [INFO] Argument:335 - Argument : XferErrorCallbackvalue: null
2026-08-17 19:12:17,140 [INFO] Argument:325 - Argument : ErrorCodevalue: null
2026-08-17 19:12:17,140 [INFO] Argument:335 - Argument : ErrorCodevalue: null
2026-08-17 19:12:17,225 [INFO] CodeEngine:263 - oldGeneratedFile, /home/thuy/embedded/project/Quadcopter-STM32F4/STM32-Fly_Controller/MXTmpFiles/license.tmp_save
2026-08-17 19:12:17,271 [INFO] CodeEngine:287 - Generated code: /home/thuy/embedded/project/Quadcopter-STM32F4/STM32-Fly_Controller/MXTmpFiles/license.tmp
2026-08-17 19:12:17,288 [INFO] CodeEngine:263 - oldGeneratedFile, /home/thuy/embedded/project/Quadcopter-STM32F4/STM32-Fly_Controller/MXTmpFiles/gpio.tmp_save
2026-08-17 19:12:17,333 [INFO] CodeEngine:287 - Generated code: /home/thuy/embedded/project/Quadcopter-STM32F4/STM32-Fly_Controller/MXTmpFiles/gpio.tmp
2026-08-17 19:12:17,441 [INFO] CodeEngine:263 - oldGeneratedFile, /home/thuy/embedded/project/Quadcopter-STM32F4/STM32-Fly_Controller/MXTmpFiles/dma.tmp_save
2026-08-17 19:12:17,484 [INFO] CodeEngine:287 - Generated code: /home/thuy/embedded/project/Quadcopter-STM32F4/STM32-Fly_Controller/MXTmpFiles/dma.tmp
2026-08-17 19:12:17,485 [INFO] CodeEngine:263 - oldGeneratedFile, /home/thuy/embedded/project/Quadcopter-STM32F4/STM32-Fly_Controller/MXTmpFiles/dma_GV.tmp_save
2026-08-17 19:12:17,524 [INFO] CodeEngine:287 - Generated code: /home/thuy/embedded/project/Quadcopter-STM32F4/STM32-Fly_Controller/MXTmpFiles/dma_GV.tmp
2026-08-17 19:12:17,528 [INFO] CodeEngine:263 - oldGeneratedFile, /home/thuy/embedded/project/Quadcopter-STM32F4/STM32-Fly_Controller/Core/Src/stm32f4xx_it.c_save
2026-08-17 19:12:17,578 [INFO] CodeEngine:287 - Generated code: /home/thuy/embedded/project/Quadcopter-STM32F4/STM32-Fly_Controller/Core/Src/stm32f4xx_it.c
2026-08-17 19:12:17,579 [INFO] CodeEngine:263 - oldGeneratedFile, /home/thuy/embedded/project/Quadcopter-STM32F4/STM32-Fly_Controller/Core/Inc/stm32f4xx_it.h_save
2026-08-17 19:12:17,617 [INFO] CodeEngine:287 - Generated code: /home/thuy/embedded/project/Quadcopter-STM32F4/STM32-Fly_Controller/Core/Inc/stm32f4xx_it.h
2026-08-17 19:12:17,621 [INFO] CodeEngine:263 - oldGeneratedFile, /home/thuy/embedded/project/Quadcopter-STM32F4/STM32-Fly_Controller/Core/Src/stm32f4xx_hal_msp.c_save
2026-08-17 19:12:17,684 [INFO] CodeEngine:287 - Generated code: /home/thuy/embedded/project/Quadcopter-STM32F4/STM32-Fly_Controller/Core/Src/stm32f4xx_hal_msp.c
2026-08-17 19:12:17,685 [INFO] CodeEngine:263 - oldGeneratedFile, /home/thuy/embedded/project/Quadcopter-STM32F4/STM32-Fly_Controller/MXTmpFiles/system.tmp_save
2026-08-17 19:12:17,721 [INFO] CodeEngine:287 - Generated code: /home/thuy/embedded/project/Quadcopter-STM32F4/STM32-Fly_Controller/MXTmpFiles/system.tmp
2026-08-17 19:12:17,723 [INFO] CodeEngine:319 - oldGeneratedFile, /home/thuy/embedded/project/Quadcopter-STM32F4/STM32-Fly_Controller/Core/Inc/stm32f4xx_hal_conf.h_save
2026-08-17 19:12:17,764 [INFO] CodeEngine:343 - Generated code: /home/thuy/embedded/project/Quadcopter-STM32F4/STM32-Fly_Controller/Core/Inc/stm32f4xx_hal_conf.h
2026-08-17 19:12:17,774 [INFO] ApiDbMcu:508 - Load IP Config File for ADC1
2026-08-17 19:12:17,776 [INFO] ApiDbMcu:508 - Load IP Config File for I2C1
2026-08-17 19:12:17,777 [INFO] ApiDbMcu:508 - Load IP Config File for SPI1
2026-08-17 19:12:17,783 [INFO] ApiDbMcu:508 - Load IP Config File for TIM2
2026-08-17 19:12:17,785 [INFO] ApiDbMcu:508 - Load IP Config File for USART1
2026-08-17 19:12:17,787 [INFO] ApiDbMcu:508 - Load IP Config File for RCC
2026-08-17 19:12:17,787 [WARN] IPConfigManager:3747 - IP not found : TIM
2026-08-17 19:12:17,788 [WARN] CodeGenerator:4198 - IP not found : null
2026-08-17 19:12:17,789 [INFO] CodeEngine:263 - oldGeneratedFile, /home/thuy/embedded/project/Quadcopter-STM32F4/STM32-Fly_Controller/Core/Inc/main.h_save
2026-08-17 19:12:17,827 [INFO] CodeEngine:287 - Generated code: /home/thuy/embedded/project/Quadcopter-STM32F4/STM32-Fly_Controller/Core/Inc/main.h
2026-08-17 19:12:17,828 [INFO] CodeEngine:263 - oldGeneratedFile, /home/thuy/embedded/project/Quadcopter-STM32F4/STM32-Fly_Controller/Core/Src/main.c_save
2026-08-17 19:12:17,896 [INFO] CodeEngine:287 - Generated code: /home/thuy/embedded/project/Quadcopter-STM32F4/STM32-Fly_Controller/Core/Src/main.c
2026-08-17 19:12:18,020 [INFO] ProjectBuilder:3324 - Time for Copy HAL[1] : 12mS.
2026-08-17 19:12:18,021 [INFO] ProjectBuilder:4912 - Project Generator version: 4.6.0-B36
2026-08-17 19:12:18,078 [INFO] ConfigFileManager:1590 - The Die is : DIE431
2026-08-17 19:12:18,079 [INFO] ApiDbMcu:508 - Load IP Config File for FATFS
2026-08-17 19:12:18,081 [INFO] ApiDbMcu:508 - Load IP Config File for FREERTOS
2026-08-17 19:12:18,082 [INFO] ApiDbMcu:508 - Load IP Config File for LIBJPEG
2026-08-17 19:12:18,085 [INFO] ApiDbMcu:508 - Load IP Config File for MBEDTLS
2026-08-17 19:12:18,088 [INFO] ApiDbMcu:508 - Load IP Config File for USB_DEVICE
2026-08-17 19:12:18,090 [INFO] ApiDbMcu:508 - Load IP Config File for USB_HOST
2026-08-17 19:12:18,487 [INFO] ProjectBuilder:5191 - Time for Generating toolchain IDE Files: 466mS.
2026-08-17 19:12:18,488 [INFO] ProjectBuilder:3181 - Time for Copy CMSIS : 0mS.
2026-08-17 19:12:18,488 [INFO] ProjectBuilder:3181 - Time for Copy CMSIS : 0mS.
2026-08-17 19:12:34,353 [ERROR] LogOutputStream:75 - [STDERR_REDIRECT] Aug 17, 2026 7:12:34 PM java.util.prefs.FileSystemPreferences checkLockFile0ErrorCode
2026-08-17 19:12:34,353 [ERROR] LogOutputStream:75 - [STDERR_REDIRECT] WARNING: Could not lock System prefs. Unix error code 2.
2026-08-17 19:12:34,353 [ERROR] LogOutputStream:75 - [STDERR_REDIRECT] 
2026-08-17 19:12:34,354 [ERROR] LogOutputStream:75 - [STDERR_REDIRECT] Aug 17, 2026 7:12:34 PM java.util.prefs.FileSystemPreferences syncWorld
2026-08-17 19:12:34,354 [ERROR] LogOutputStream:75 - [STDERR_REDIRECT] WARNING: Couldn't flush system prefs: java.util.prefs.BackingStoreException: Couldn't get file lock.
2026-08-17 19:12:34,354 [ERROR] LogOutputStream:75 - [STDERR_REDIRECT] 
2026-08-17 19:13:04,351 [ERROR] LogOutputStream:75 - [STDERR_REDIRECT] Aug 17, 2026 7:13:04 PM java.util.prefs.FileSystemPreferences checkLockFile0ErrorCode
2026-08-17 19:13:04,351 [ERROR] LogOutputStream:75 - [STDERR_REDIRECT] WARNING: Could not lock System prefs. Unix error code 2.
2026-08-17 19:13:04,351 [ERROR] LogOutputStream:75 - [STDERR_REDIRECT] 
2026-08-17 19:13:04,351 [ERROR] LogOutputStream:75 - [STDERR_REDIRECT] Aug 17, 2026 7:13:04 PM java.util.prefs.FileSystemPreferences syncWorld
2026-08-17 19:13:04,352 [ERROR] LogOutputStream:75 - [STDERR_REDIRECT] WARNING: Couldn't flush system prefs: java.util.prefs.BackingStoreException: Couldn't get file lock.
2026-08-17 19:13:04,352 [ERROR] LogOutputStream:75 - [STDERR_REDIRECT] 
2026-08-17 19:13:34,352 [ERROR] LogOutputStream:75 - [STDERR_REDIRECT] Aug 17, 2026 7:13:34 PM java.util.prefs.FileSystemPreferences checkLockFile0ErrorCode
2026-08-17 19:13:34,352 [ERROR] LogOutputStream:75 - [STDERR_REDIRECT] WARNING: Could not lock System prefs. Unix error code 2.
2026-08-17 19:13:34,352 [ERROR] LogOutputStream:75 - [STDERR_REDIRECT] 
2026-08-17 19:13:34,353 [ERROR] LogOutputStream:75 - [STDERR_REDIRECT] Aug 17, 2026 7:13:34 PM java.util.prefs.FileSystemPreferences syncWorld
2026-08-17 19:13:34,353 [ERROR] LogOutputStream:75 - [STDERR_REDIRECT] WARNING: Couldn't flush system prefs: java.util.prefs.BackingStoreException: Couldn't get file lock.
2026-08-17 19:13:34,353 [ERROR] LogOutputStream:75 - [STDERR_REDIRECT] 
2026-08-17 19:14:04,351 [ERROR] LogOutputStream:75 - [STDERR_REDIRECT] Aug 17, 2026 7:14:04 PM java.util.prefs.FileSystemPreferences checkLockFile0ErrorCode
2026-08-17 19:14:04,351 [ERROR] LogOutputStream:75 - [STDERR_REDIRECT] WARNING: Could not lock System prefs. Unix error code 2.
2026-08-17 19:14:04,351 [ERROR] LogOutputStream:75 - [STDERR_REDIRECT] 
2026-08-17 19:14:04,351 [ERROR] LogOutputStream:75 - [STDERR_REDIRECT] Aug 17, 2026 7:14:04 PM java.util.prefs.FileSystemPreferences syncWorld
2026-08-17 19:14:04,351 [ERROR] LogOutputStream:75 - [STDERR_REDIRECT] WARNING: Couldn't flush system prefs: java.util.prefs.BackingStoreException: Couldn't get file lock.
2026-08-17 19:14:04,352 [ERROR] LogOutputStream:75 - [STDERR_REDIRECT] 
2026-08-17 19:14:31,100 [WARN] IP:2250 - I2C_Coeff_DF not found: check if there is a RefParameter without a condition.
2026-08-17 19:14:31,100 [WARN] IP:2250 - Analog_Filter not found: check if there is a RefParameter without a condition.
2026-08-17 19:14:31,100 [WARN] IP:2250 - I2C_Coeff_DF not found: check if there is a RefParameter without a condition.
2026-08-17 19:14:31,100 [WARN] IP:2250 - Analog_Filter not found: check if there is a RefParameter without a condition.
2026-08-17 19:14:31,118 [INFO] NvicIntPanel:101 - NVIC parent = com.st.microxplorer.plugins.ip.nvic.MultiNvicIntPanel[,0,0,0x0,invalid,layout=javax.swing.BoxLayout,alignmentX=0.0,alignmentY=0.0,border=,flags=9,maximumSize=,minimumSize=,preferredSize=]
2026-08-17 19:14:31,135 [WARN] IP:2250 - I2C_Coeff_DF not found: check if there is a RefParameter without a condition.
2026-08-17 19:14:31,135 [WARN] IP:2250 - Analog_Filter not found: check if there is a RefParameter without a condition.
2026-08-17 19:14:31,139 [WARN] IP:2250 - I2C_Coeff_DF not found: check if there is a RefParameter without a condition.
2026-08-17 19:14:31,139 [WARN] IP:2250 - Analog_Filter not found: check if there is a RefParameter without a condition.
2026-08-17 19:14:31,859 [INFO] UtilMem:75 - End SaveConfig() Used Memory: 423975032 Bytes (1063256064)
2026-08-17 19:14:31,891 [INFO] UtilMem:75 - End SaveConfig() Used Memory: 438655096 Bytes (1063256064)
2026-08-17 19:14:32,099 [INFO] UtilMem:75 - End SaveConfig() Used Memory: 469590136 Bytes (1063256064)
2026-08-17 19:14:32,159 [INFO] BlockDiagram:2775 - set Specific Code input for plugin: SPI
2026-08-17 19:14:32,159 [INFO] BlockDiagram:2775 - set Specific Code input for plugin: NVIC
2026-08-17 19:14:32,159 [INFO] BlockDiagram:2775 - set Specific Code input for plugin: USART
2026-08-17 19:14:32,159 [INFO] BlockDiagram:2775 - set Specific Code input for plugin: DMA
2026-08-17 19:14:32,159 [INFO] BlockDiagram:2775 - set Specific Code input for plugin: TIM1_8
2026-08-17 19:14:32,159 [INFO] BlockDiagram:2775 - set Specific Code input for plugin: SYS
2026-08-17 19:14:32,159 [INFO] BlockDiagram:2775 - set Specific Code input for plugin: GPIO
2026-08-17 19:14:32,159 [INFO] BlockDiagram:2775 - set Specific Code input for plugin: ADC
2026-08-17 19:14:32,159 [INFO] BlockDiagram:2775 - set Specific Code input for plugin: RCC
2026-08-17 19:14:32,159 [INFO] BlockDiagram:2775 - set Specific Code input for plugin: I2C
2026-08-17 19:14:32,159 [INFO] CodeGenerator:882 - code generatio: config db path: /opt/st/stm32cubeide_1.18.0/plugins/com.st.stm32cube.common.mx_6.14.0.202502271554//db/
2026-08-17 19:14:32,162 [WARN] IP:2250 - I2C_Coeff_DF not found: check if there is a RefParameter without a condition.
2026-08-17 19:14:32,162 [WARN] IP:2250 - Analog_Filter not found: check if there is a RefParameter without a condition.
2026-08-17 19:14:32,167 [INFO] Argument:325 - Argument : hdmavalue: null
2026-08-17 19:14:32,167 [INFO] Argument:327 - 	 sub Args: 
2026-08-17 19:14:32,167 [INFO] Argument:325 - Argument : Instancevalue: DMA2_Stream0
2026-08-17 19:14:32,167 [INFO] Argument:335 - Argument : Instancevalue: DMA2_Stream0
2026-08-17 19:14:32,167 [INFO] Argument:325 - Argument : Initvalue: null
2026-08-17 19:14:32,167 [INFO] Argument:327 - 	 sub Args: 
2026-08-17 19:14:32,167 [INFO] Argument:325 - Argument : Channelvalue: DMA_CHANNEL_3
2026-08-17 19:14:32,167 [INFO] Argument:335 - Argument : Channelvalue: DMA_CHANNEL_3
2026-08-17 19:14:32,167 [INFO] Argument:325 - Argument : Directionvalue: DMA_PERIPH_TO_MEMORY
2026-08-17 19:14:32,167 [INFO] Argument:335 - Argument : Directionvalue: DMA_PERIPH_TO_MEMORY
2026-08-17 19:14:32,167 [INFO] Argument:325 - Argument : PeriphIncvalue: DMA_PINC_DISABLE
2026-08-17 19:14:32,167 [INFO] Argument:335 - Argument : PeriphIncvalue: DMA_PINC_DISABLE
2026-08-17 19:14:32,167 [INFO] Argument:325 - Argument : MemIncvalue: DMA_MINC_ENABLE
2026-08-17 19:14:32,167 [INFO] Argument:335 - Argument : MemIncvalue: DMA_MINC_ENABLE
2026-08-17 19:14:32,167 [INFO] Argument:325 - Argument : PeriphDataAlignmentvalue: DMA_PDATAALIGN_BYTE
2026-08-17 19:14:32,167 [INFO] Argument:335 - Argument : PeriphDataAlignmentvalue: DMA_PDATAALIGN_BYTE
2026-08-17 19:14:32,167 [INFO] Argument:325 - Argument : MemDataAlignmentvalue: DMA_MDATAALIGN_BYTE
2026-08-17 19:14:32,167 [INFO] Argument:335 - Argument : MemDataAlignmentvalue: DMA_MDATAALIGN_BYTE
2026-08-17 19:14:32,167 [INFO] Argument:325 - Argument : Modevalue: DMA_CIRCULAR
2026-08-17 19:14:32,168 [INFO] Argument:335 - Argument : Modevalue: DMA_CIRCULAR
2026-08-17 19:14:32,168 [INFO] Argument:325 - Argument : Priorityvalue: DMA_PRIORITY_LOW
2026-08-17 19:14:32,168 [INFO] Argument:335 - Argument : Priorityvalue: DMA_PRIORITY_LOW
2026-08-17 19:14:32,168 [INFO] Argument:325 - Argument : FIFOModevalue: DMA_FIFOMODE_DISABLE
2026-08-17 19:14:32,168 [INFO] Argument:335 - Argument : FIFOModevalue: DMA_FIFOMODE_DISABLE
2026-08-17 19:14:32,168 [INFO] Argument:325 - Argument : FIFOThresholdvalue: null
2026-08-17 19:14:32,168 [INFO] Argument:335 - Argument : FIFOThresholdvalue: null
2026-08-17 19:14:32,168 [INFO] Argument:325 - Argument : MemBurstvalue: null
2026-08-17 19:14:32,168 [INFO] Argument:335 - Argument : MemBurstvalue: null
2026-08-17 19:14:32,168 [INFO] Argument:325 - Argument : PeriphBurstvalue: null
2026-08-17 19:14:32,168 [INFO] Argument:335 - Argument : PeriphBurstvalue: null
2026-08-17 19:14:32,168 [INFO] Argument:325 - Argument : Lockvalue: null
2026-08-17 19:14:32,168 [INFO] Argument:335 - Argument : Lockvalue: null
2026-08-17 19:14:32,168 [INFO] Argument:325 - Argument : Statevalue: null
2026-08-17 19:14:32,168 [INFO] Argument:335 - Argument : Statevalue: null
2026-08-17 19:14:32,168 [INFO] Argument:325 - Argument : Parentvalue: null
2026-08-17 19:14:32,168 [INFO] Argument:335 - Argument : Parentvalue: null
2026-08-17 19:14:32,168 [INFO] Argument:325 - Argument : XferCpltCallbackvalue: null
2026-08-17 19:14:32,168 [INFO] Argument:335 - Argument : XferCpltCallbackvalue: null
2026-08-17 19:14:32,168 [INFO] Argument:325 - Argument : XferHalfCpltCallbackvalue: null
2026-08-17 19:14:32,168 [INFO] Argument:335 - Argument : XferHalfCpltCallbackvalue: null
2026-08-17 19:14:32,168 [INFO] Argument:325 - Argument : XferM1CpltCallbackvalue: null
2026-08-17 19:14:32,168 [INFO] Argument:335 - Argument : XferM1CpltCallbackvalue: null
2026-08-17 19:14:32,168 [INFO] Argument:325 - Argument : XferErrorCallbackvalue: null
2026-08-17 19:14:32,168 [INFO] Argument:335 - Argument : XferErrorCallbackvalue: null
2026-08-17 19:14:32,168 [INFO] Argument:325 - Argument : ErrorCodevalue: null
2026-08-17 19:14:32,168 [INFO] Argument:335 - Argument : ErrorCodevalue: null
2026-08-17 19:14:32,214 [INFO] CodeEngine:263 - oldGeneratedFile, /home/thuy/embedded/project/Quadcopter-STM32F4/STM32-Fly_Controller/MXTmpFiles/license.tmp_save
2026-08-17 19:14:32,252 [INFO] CodeEngine:287 - Generated code: /home/thuy/embedded/project/Quadcopter-STM32F4/STM32-Fly_Controller/MXTmpFiles/license.tmp
2026-08-17 19:14:32,262 [INFO] CodeEngine:263 - oldGeneratedFile, /home/thuy/embedded/project/Quadcopter-STM32F4/STM32-Fly_Controller/MXTmpFiles/gpio.tmp_save
2026-08-17 19:14:32,305 [INFO] CodeEngine:287 - Generated code: /home/thuy/embedded/project/Quadcopter-STM32F4/STM32-Fly_Controller/MXTmpFiles/gpio.tmp
2026-08-17 19:14:32,430 [INFO] CodeEngine:263 - oldGeneratedFile, /home/thuy/embedded/project/Quadcopter-STM32F4/STM32-Fly_Controller/MXTmpFiles/dma.tmp_save
2026-08-17 19:14:32,468 [INFO] CodeEngine:287 - Generated code: /home/thuy/embedded/project/Quadcopter-STM32F4/STM32-Fly_Controller/MXTmpFiles/dma.tmp
2026-08-17 19:14:32,468 [INFO] CodeEngine:263 - oldGeneratedFile, /home/thuy/embedded/project/Quadcopter-STM32F4/STM32-Fly_Controller/MXTmpFiles/dma_GV.tmp_save
2026-08-17 19:14:32,504 [INFO] CodeEngine:287 - Generated code: /home/thuy/embedded/project/Quadcopter-STM32F4/STM32-Fly_Controller/MXTmpFiles/dma_GV.tmp
2026-08-17 19:14:32,507 [INFO] CodeEngine:263 - oldGeneratedFile, /home/thuy/embedded/project/Quadcopter-STM32F4/STM32-Fly_Controller/Core/Src/stm32f4xx_it.c_save
2026-08-17 19:14:32,552 [INFO] CodeEngine:287 - Generated code: /home/thuy/embedded/project/Quadcopter-STM32F4/STM32-Fly_Controller/Core/Src/stm32f4xx_it.c
2026-08-17 19:14:32,552 [INFO] CodeEngine:263 - oldGeneratedFile, /home/thuy/embedded/project/Quadcopter-STM32F4/STM32-Fly_Controller/Core/Inc/stm32f4xx_it.h_save
2026-08-17 19:14:32,586 [INFO] CodeEngine:287 - Generated code: /home/thuy/embedded/project/Quadcopter-STM32F4/STM32-Fly_Controller/Core/Inc/stm32f4xx_it.h
2026-08-17 19:14:32,589 [INFO] CodeEngine:263 - oldGeneratedFile, /home/thuy/embedded/project/Quadcopter-STM32F4/STM32-Fly_Controller/Core/Src/stm32f4xx_hal_msp.c_save
2026-08-17 19:14:32,644 [INFO] CodeEngine:287 - Generated code: /home/thuy/embedded/project/Quadcopter-STM32F4/STM32-Fly_Controller/Core/Src/stm32f4xx_hal_msp.c
2026-08-17 19:14:32,645 [INFO] CodeEngine:263 - oldGeneratedFile, /home/thuy/embedded/project/Quadcopter-STM32F4/STM32-Fly_Controller/MXTmpFiles/system.tmp_save
2026-08-17 19:14:32,680 [INFO] CodeEngine:287 - Generated code: /home/thuy/embedded/project/Quadcopter-STM32F4/STM32-Fly_Controller/MXTmpFiles/system.tmp
2026-08-17 19:14:32,681 [INFO] CodeEngine:319 - oldGeneratedFile, /home/thuy/embedded/project/Quadcopter-STM32F4/STM32-Fly_Controller/Core/Inc/stm32f4xx_hal_conf.h_save
2026-08-17 19:14:32,721 [INFO] CodeEngine:343 - Generated code: /home/thuy/embedded/project/Quadcopter-STM32F4/STM32-Fly_Controller/Core/Inc/stm32f4xx_hal_conf.h
2026-08-17 19:14:32,730 [WARN] IPConfigManager:3747 - IP not found : TIM
2026-08-17 19:14:32,730 [WARN] CodeGenerator:4198 - IP not found : null
2026-08-17 19:14:32,731 [INFO] CodeEngine:263 - oldGeneratedFile, /home/thuy/embedded/project/Quadcopter-STM32F4/STM32-Fly_Controller/Core/Inc/main.h_save
2026-08-17 19:14:32,768 [INFO] CodeEngine:287 - Generated code: /home/thuy/embedded/project/Quadcopter-STM32F4/STM32-Fly_Controller/Core/Inc/main.h
2026-08-17 19:14:32,769 [INFO] CodeEngine:263 - oldGeneratedFile, /home/thuy/embedded/project/Quadcopter-STM32F4/STM32-Fly_Controller/Core/Src/main.c_save
2026-08-17 19:14:32,835 [INFO] CodeEngine:287 - Generated code: /home/thuy/embedded/project/Quadcopter-STM32F4/STM32-Fly_Controller/Core/Src/main.c
2026-08-17 19:14:32,950 [INFO] ProjectBuilder:3324 - Time for Copy HAL[1] : 10mS.
2026-08-17 19:14:32,951 [INFO] ProjectBuilder:4912 - Project Generator version: 4.6.0-B36
2026-08-17 19:14:33,000 [INFO] ConfigFileManager:1590 - The Die is : DIE431
2026-08-17 19:14:33,325 [INFO] ProjectBuilder:5191 - Time for Generating toolchain IDE Files: 374mS.
2026-08-17 19:14:33,325 [INFO] ProjectBuilder:3181 - Time for Copy CMSIS : 0mS.
2026-08-17 19:14:33,326 [INFO] ProjectBuilder:3181 - Time for Copy CMSIS : 1mS.
2026-08-17 19:14:34,353 [ERROR] LogOutputStream:75 - [STDERR_REDIRECT] Aug 17, 2026 7:14:34 PM java.util.prefs.FileSystemPreferences checkLockFile0ErrorCode
2026-08-17 19:14:34,353 [ERROR] LogOutputStream:75 - [STDERR_REDIRECT] WARNING: Could not lock System prefs. Unix error code 2.
2026-08-17 19:14:34,353 [ERROR] LogOutputStream:75 - [STDERR_REDIRECT] 
2026-08-17 19:14:34,354 [ERROR] LogOutputStream:75 - [STDERR_REDIRECT] Aug 17, 2026 7:14:34 PM java.util.prefs.FileSystemPreferences syncWorld
2026-08-17 19:14:34,354 [ERROR] LogOutputStream:75 - [STDERR_REDIRECT] WARNING: Couldn't flush system prefs: java.util.prefs.BackingStoreException: Couldn't get file lock.
2026-08-17 19:14:34,354 [ERROR] LogOutputStream:75 - [STDERR_REDIRECT] 
2026-08-17 19:15:04,352 [ERROR] LogOutputStream:75 - [STDERR_REDIRECT] Aug 17, 2026 7:15:04 PM java.util.prefs.FileSystemPreferences checkLockFile0ErrorCode
2026-08-17 19:15:04,352 [ERROR] LogOutputStream:75 - [STDERR_REDIRECT] WARNING: Could not lock System prefs. Unix error code 2.
2026-08-17 19:15:04,352 [ERROR] LogOutputStream:75 - [STDERR_REDIRECT] 
2026-08-17 19:15:04,353 [ERROR] LogOutputStream:75 - [STDERR_REDIRECT] Aug 17, 2026 7:15:04 PM java.util.prefs.FileSystemPreferences syncWorld
2026-08-17 19:15:04,353 [ERROR] LogOutputStream:75 - [STDERR_REDIRECT] WARNING: Couldn't flush system prefs: java.util.prefs.BackingStoreException: Couldn't get file lock.
2026-08-17 19:15:04,353 [ERROR] LogOutputStream:75 - [STDERR_REDIRECT] 
2026-08-17 19:15:34,353 [ERROR] LogOutputStream:75 - [STDERR_REDIRECT] Aug 17, 2026 7:15:34 PM java.util.prefs.FileSystemPreferences checkLockFile0ErrorCode
2026-08-17 19:15:34,353 [ERROR] LogOutputStream:75 - [STDERR_REDIRECT] WARNING: Could not lock System prefs. Unix error code 2.
2026-08-17 19:15:34,353 [ERROR] LogOutputStream:75 - [STDERR_REDIRECT] 
2026-08-17 19:15:34,354 [ERROR] LogOutputStream:75 - [STDERR_REDIRECT] Aug 17, 2026 7:15:34 PM java.util.prefs.FileSystemPreferences syncWorld
2026-08-17 19:15:34,354 [ERROR] LogOutputStream:75 - [STDERR_REDIRECT] WARNING: Couldn't flush system prefs: java.util.prefs.BackingStoreException: Couldn't get file lock.
2026-08-17 19:15:34,354 [ERROR] LogOutputStream:75 - [STDERR_REDIRECT] 
2026-08-17 19:16:04,353 [ERROR] LogOutputStream:75 - [STDERR_REDIRECT] Aug 17, 2026 7:16:04 PM java.util.prefs.FileSystemPreferences checkLockFile0ErrorCode
2026-08-17 19:16:04,353 [ERROR] LogOutputStream:75 - [STDERR_REDIRECT] WARNING: Could not lock System prefs. Unix error code 2.
2026-08-17 19:16:04,353 [ERROR] LogOutputStream:75 - [STDERR_REDIRECT] 
2026-08-17 19:16:04,353 [ERROR] LogOutputStream:75 - [STDERR_REDIRECT] Aug 17, 2026 7:16:04 PM java.util.prefs.FileSystemPreferences syncWorld
2026-08-17 19:16:04,353 [ERROR] LogOutputStream:75 - [STDERR_REDIRECT] WARNING: Couldn't flush system prefs: java.util.prefs.BackingStoreException: Couldn't get file lock.
2026-08-17 19:16:04,353 [ERROR] LogOutputStream:75 - [STDERR_REDIRECT] 
2026-08-17 19:16:34,354 [ERROR] LogOutputStream:75 - [STDERR_REDIRECT] Aug 17, 2026 7:16:34 PM java.util.prefs.FileSystemPreferences checkLockFile0ErrorCode
2026-08-17 19:16:34,354 [ERROR] LogOutputStream:75 - [STDERR_REDIRECT] WARNING: Could not lock System prefs. Unix error code 2.
2026-08-17 19:16:34,354 [ERROR] LogOutputStream:75 - [STDERR_REDIRECT] 
2026-08-17 19:16:34,354 [ERROR] LogOutputStream:75 - [STDERR_REDIRECT] Aug 17, 2026 7:16:34 PM java.util.prefs.FileSystemPreferences syncWorld
2026-08-17 19:16:34,354 [ERROR] LogOutputStream:75 - [STDERR_REDIRECT] WARNING: Couldn't flush system prefs: java.util.prefs.BackingStoreException: Couldn't get file lock.
2026-08-17 19:16:34,354 [ERROR] LogOutputStream:75 - [STDERR_REDIRECT] 
2026-08-17 19:17:04,352 [ERROR] LogOutputStream:75 - [STDERR_REDIRECT] Aug 17, 2026 7:17:04 PM java.util.prefs.FileSystemPreferences checkLockFile0ErrorCode
2026-08-17 19:17:04,353 [ERROR] LogOutputStream:75 - [STDERR_REDIRECT] WARNING: Could not lock System prefs. Unix error code 2.
2026-08-17 19:17:04,353 [ERROR] LogOutputStream:75 - [STDERR_REDIRECT] 
2026-08-17 19:17:04,353 [ERROR] LogOutputStream:75 - [STDERR_REDIRECT] Aug 17, 2026 7:17:04 PM java.util.prefs.FileSystemPreferences syncWorld
2026-08-17 19:17:04,353 [ERROR] LogOutputStream:75 - [STDERR_REDIRECT] WARNING: Couldn't flush system prefs: java.util.prefs.BackingStoreException: Couldn't get file lock.
2026-08-17 19:17:04,353 [ERROR] LogOutputStream:75 - [STDERR_REDIRECT] 
2026-08-17 19:17:24,856 [INFO] MainUpdater:2872 - connection check result : 10
2026-08-17 19:17:24,856 [INFO] MainUpdater:2872 - connection check result : 10
2026-08-17 19:17:24,869 [INFO] MicroXplorer:468 - Change Database Path : 
2026-08-17 19:17:24,869 [INFO] MicroXplorer:498 - Change Database Version : DB.6.0.140
2026-08-17 19:17:24,875 [ERROR] ProjectManagerView:394 - 
java.lang.NullPointerException: Cannot invoke "javax.swing.JTextField.getText()" because the return value of "java.util.List.get(int)" is null
	at com.st.microxplorer.plugins.projectmanager.gui.ProjectChoiceTab$9.caretUpdate(ProjectChoiceTab.java:2678) ~[filemanager.jar:?]
	at javax.swing.text.JTextComponent.fireCaretUpdate(JTextComponent.java:408) ~[?:?]
	at javax.swing.text.JTextComponent$MutableCaretEvent.fire(JTextComponent.java:4484) ~[?:?]
	at javax.swing.text.JTextComponent$MutableCaretEvent.stateChanged(JTextComponent.java:4506) ~[?:?]
	at javax.swing.text.DefaultCaret.fireStateChanged(DefaultCaret.java:857) ~[?:?]
	at javax.swing.text.DefaultCaret.changeCaretPosition(DefaultCaret.java:1343) ~[?:?]
	at javax.swing.text.DefaultCaret.handleSetDot(DefaultCaret.java:1242) ~[?:?]
	at javax.swing.text.DefaultCaret.setDot(DefaultCaret.java:1223) ~[?:?]
	at javax.swing.text.DefaultCaret$Handler.insertUpdate(DefaultCaret.java:1819) ~[?:?]
	at javax.swing.text.AbstractDocument.fireInsertUpdate(AbstractDocument.java:227) ~[?:?]
	at javax.swing.text.AbstractDocument.handleInsertString(AbstractDocument.java:781) ~[?:?]
	at javax.swing.text.AbstractDocument.insertString(AbstractDocument.java:740) ~[?:?]
	at javax.swing.text.PlainDocument.insertString(PlainDocument.java:131) ~[?:?]
	at javax.swing.text.AbstractDocument.replace(AbstractDocument.java:699) ~[?:?]
	at javax.swing.text.JTextComponent.setText(JTextComponent.java:1725) ~[?:?]
	at com.st.microxplorer.plugins.projectmanager.gui.ProjectChoiceTab.createHeapStackFields(ProjectChoiceTab.java:979) ~[filemanager.jar:?]
	at com.st.microxplorer.plugins.projectmanager.gui.ProjectChoiceTab.buildLinkSettingsPanel(ProjectChoiceTab.java:3766) ~[filemanager.jar:?]
	at com.st.microxplorer.plugins.projectmanager.gui.ProjectChoiceTab.defineWindowsFields(ProjectChoiceTab.java:1962) ~[filemanager.jar:?]
	at com.st.microxplorer.plugins.projectmanager.gui.ProjectChoiceTab.updateSettings(ProjectChoiceTab.java:555) ~[filemanager.jar:?]
	at com.st.microxplorer.plugins.projectmanager.gui.ProjectSettingsPanel.UpdateDialog(ProjectSettingsPanel.java:245) ~[filemanager.jar:?]
	at com.st.microxplorer.plugins.projectmanager.ProjectManagerView.propertyChange(ProjectManagerView.java:391) ~[filemanager.jar:?]
	at java.beans.PropertyChangeSupport.fire(PropertyChangeSupport.java:343) ~[?:?]
	at java.beans.PropertyChangeSupport.firePropertyChange(PropertyChangeSupport.java:335) ~[?:?]
	at java.beans.PropertyChangeSupport.firePropertyChange(PropertyChangeSupport.java:268) ~[?:?]
	at com.st.microxplorer.util.MXPropertyChangeSupport.firePropertyChange(MXPropertyChangeSupport.java:54) ~[STM32CubeMX.jar:?]
	at com.st.microxplorer.mxsystem.MxSystem.closeConfig(MxSystem.java:899) ~[STM32CubeMX.jar:?]
	at com.st.microxplorer.maingui.MainPanel.closeConfig(MainPanel.java:789) ~[STM32CubeMX.jar:?]
	at com.st.microxplorer.plugins.filemanager.engine.OpenFileManager.loadConfigurationFile(OpenFileManager.java:287) ~[filemanager.jar:?]
	at com.st.microxplorer.plugins.filemanager.engine.MainFileManager.userLoadConfig(MainFileManager.java:341) ~[filemanager.jar:?]
	at com.st.microxplorer.plugins.filemanager.engine.MainFileManager.userLoadConfig(MainFileManager.java:319) ~[filemanager.jar:?]
	at com.st.microxplorer.plugins.filemanager.FileManagerView.getSpecificTask(FileManagerView.java:246) ~[filemanager.jar:?]
	at com.st.stm32cube.common.mx.editor.CubeMxEditor.getMxTabbedPaneInstance(CubeMxEditor.java:1198) ~[com.st.stm32cube.common.mx_6.14.0.202502271554/:?]
	at com.st.stm32cube.common.mx.editor.CubeMxEditor$12$1.createSwingComponent(CubeMxEditor.java:1068) ~[com.st.stm32cube.common.mx_6.14.0.202502271554/:?]
	at com.st.stm32cube.common.mx.oss.core.awtswtbridge.EmbeddedSwingComposite.doComponentCreation(EmbeddedSwingComposite.java:492) ~[com.st.stm32cube.common.mx.oss_6.14.0.202502271554/:?]
	at com.st.stm32cube.common.mx.oss.core.awtswtbridge.EmbeddedSwingComposite$4.run(EmbeddedSwingComposite.java:291) ~[com.st.stm32cube.common.mx.oss_6.14.0.202502271554/:?]
	at com.st.stm32cube.common.mx.oss.core.awtswtbridge.AwtEnvironment$2.run(AwtEnvironment.java:166) ~[com.st.stm32cube.common.mx.oss_6.14.0.202502271554/:?]
	at java.awt.event.InvocationEvent.dispatch(InvocationEvent.java:318) ~[?:?]
	at java.awt.EventQueue.dispatchEventImpl(EventQueue.java:773) ~[?:?]
	at java.awt.EventQueue$4.run(EventQueue.java:720) ~[?:?]
	at java.awt.EventQueue$4.run(EventQueue.java:714) ~[?:?]
	at java.security.AccessController.doPrivileged(AccessController.java:400) ~[?:?]
	at java.security.ProtectionDomain$JavaSecurityAccessImpl.doIntersectionPrivilege(ProtectionDomain.java:87) ~[?:?]
	at java.awt.EventQueue.dispatchEvent(EventQueue.java:742) ~[?:?]
	at java.awt.EventDispatchThread.pumpOneEventForFilters(EventDispatchThread.java:203) ~[?:?]
	at java.awt.EventDispatchThread.pumpEventsForFilter(EventDispatchThread.java:124) ~[?:?]
	at java.awt.EventDispatchThread.pumpEventsForHierarchy(EventDispatchThread.java:113) ~[?:?]
	at java.awt.EventDispatchThread.pumpEvents(EventDispatchThread.java:109) ~[?:?]
	at java.awt.EventDispatchThread.pumpEvents(EventDispatchThread.java:101) ~[?:?]
	at java.awt.EventDispatchThread.run(EventDispatchThread.java:90) ~[?:?]
2026-08-17 19:17:24,876 [WARN] ThirdParty:871 - waiting for thirdparty lock release [close project]
2026-08-17 19:17:24,876 [INFO] ThirdParty:873 - entering critical section [close project]
2026-08-17 19:17:24,876 [INFO] ThirdParty:883 - exiting critical section [close project]
2026-08-17 19:17:24,877 [INFO] PinOutPanel:1589 - setPackage(No Configuration,No Configuration)
2026-08-17 19:17:24,880 [WARN] IpParametersView:155 - Warning: This peripheral hasn't parameters
2026-08-17 19:17:24,882 [WARN] MainPanel:289 - <html><b><center>Warning: This peripheral has no parameters to be configured<br></b></html>
2026-08-17 19:17:24,884 [INFO] UtilMem:75 - Begin LoadConfig() Used Memory: 863502768 Bytes (1010827264)
2026-08-17 19:17:24,884 [INFO] MicroXplorer:468 - Change Database Path : 
2026-08-17 19:17:24,884 [INFO] MicroXplorer:498 - Change Database Version : DB.6.0.140
2026-08-17 19:17:24,885 [INFO] OpenFileManager:354 - Change cursor
2026-08-17 19:17:24,891 [INFO] RulesReader:64 - Compatibility file has been processed (301 Rules)
2026-08-17 19:17:24,893 [INFO] Mcu:2011 - Initializing MCU STM32F411C(C-E)Ux STM32F411CEUx STM32F411CEU6
2026-08-17 19:17:25,240 [INFO] Context:756 - Trying to add GPIOservice into a context  which must be forbidden
2026-08-17 19:17:25,517 [INFO] ImportTextPane:218 - (OptionalMessage_ERROR) Pin23 (VP_RIF_VS_RIF1) cannot be retrieved for this MCU
2026-08-17 19:17:25,548 [INFO] RtosManager:558 - Registered RTOS mode: class=CMSIS, group=RTOS, mode=CMSIS_V1, owner=FREERTOS
2026-08-17 19:17:25,548 [INFO] RtosManager:558 - Registered RTOS mode: class=CMSIS, group=RTOS2, mode=CMSIS_V2, owner=FREERTOS
2026-08-17 19:17:25,548 [INFO] RtosManager:558 - Registered RTOS mode: class=RTOS, group=Core, mode=CMSIS_V1, owner=FREERTOS
2026-08-17 19:17:25,548 [INFO] RtosManager:558 - Registered RTOS mode: class=RTOS, group=Core, mode=CMSIS_V2, owner=FREERTOS
2026-08-17 19:17:25,548 [WARN] ModelIntegratedComponent:184 - Missing modes for component STMicroelectronics:FreeRTOS:0.0.1:STMicroelectronics:RTOS:FreeRTOS:Core:::10.2.0:
2026-08-17 19:17:25,589 [WARN] ModelIntegratedComponent:182 - Modes not found for component STMicroelectronics:USB_HOST:1.0.0:STMicroelectronics:USB::USB Host:Audio HS::1.0:USB_HOST_1_0_RESTRICTED_HS
2026-08-17 19:17:25,589 [WARN] ModelIntegratedComponent:188 - Modes not found for component STMicroelectronics:USB_HOST:1.0.0:STMicroelectronics:USB::USB Host:Audio HS::1.0:USB_HOST_1_0_RESTRICTED_HS
2026-08-17 19:17:25,589 [WARN] ModelIntegratedComponent:182 - Modes not found for component STMicroelectronics:USB_HOST:1.0.0:STMicroelectronics:USB::USB Host:CDC HS::1.0:USB_HOST_1_0_RESTRICTED_HS
2026-08-17 19:17:25,589 [WARN] ModelIntegratedComponent:188 - Modes not found for component STMicroelectronics:USB_HOST:1.0.0:STMicroelectronics:USB::USB Host:CDC HS::1.0:USB_HOST_1_0_RESTRICTED_HS
2026-08-17 19:17:25,589 [WARN] ModelIntegratedComponent:182 - Modes not found for component STMicroelectronics:USB_HOST:1.0.0:STMicroelectronics:USB::USB Host:MSC HS::1.0:USB_HOST_1_0_RESTRICTED_HS
2026-08-17 19:17:25,589 [WARN] ModelIntegratedComponent:188 - Modes not found for component STMicroelectronics:USB_HOST:1.0.0:STMicroelectronics:USB::USB Host:MSC HS::1.0:USB_HOST_1_0_RESTRICTED_HS
2026-08-17 19:17:25,589 [WARN] ModelIntegratedComponent:182 - Modes not found for component STMicroelectronics:USB_HOST:1.0.0:STMicroelectronics:USB::USB Host:HID HS::1.0:USB_HOST_1_0_RESTRICTED_HS
2026-08-17 19:17:25,589 [WARN] ModelIntegratedComponent:188 - Modes not found for component STMicroelectronics:USB_HOST:1.0.0:STMicroelectronics:USB::USB Host:HID HS::1.0:USB_HOST_1_0_RESTRICTED_HS
2026-08-17 19:17:25,589 [WARN] ModelIntegratedComponent:182 - Modes not found for component STMicroelectronics:USB_HOST:1.0.0:STMicroelectronics:USB::USB Host:MTP HS::1.0:USB_HOST_1_0_RESTRICTED_HS
2026-08-17 19:17:25,589 [WARN] ModelIntegratedComponent:188 - Modes not found for component STMicroelectronics:USB_HOST:1.0.0:STMicroelectronics:USB::USB Host:MTP HS::1.0:USB_HOST_1_0_RESTRICTED_HS
2026-08-17 19:17:25,591 [WARN] ModelIntegratedComponent:63 - No mode defined for component null
2026-08-17 19:17:25,591 [WARN] ModelIntegratedComponent:63 - No mode defined for component null
2026-08-17 19:17:25,591 [WARN] ModelIntegratedComponent:63 - No mode defined for component null
2026-08-17 19:17:25,591 [WARN] ModelIntegratedComponent:63 - No mode defined for component null
2026-08-17 19:17:25,591 [WARN] ModelIntegratedComponent:63 - No mode defined for component null
2026-08-17 19:17:25,591 [WARN] ModelIntegratedComponent:63 - No mode defined for component null
2026-08-17 19:17:25,591 [WARN] ModelIntegratedComponent:63 - No mode defined for component null
2026-08-17 19:17:25,591 [WARN] ModelIntegratedComponent:63 - No mode defined for component null
2026-08-17 19:17:25,591 [WARN] ModelIntegratedComponent:63 - No mode defined for component null
2026-08-17 19:17:25,591 [WARN] ModelIntegratedComponent:63 - No mode defined for component null
2026-08-17 19:17:25,591 [WARN] ModelIntegratedComponent:63 - No mode defined for component null
2026-08-17 19:17:25,591 [WARN] ModelIntegratedComponent:63 - No mode defined for component null
2026-08-17 19:17:25,591 [WARN] ModelIntegratedComponent:63 - No mode defined for component null
2026-08-17 19:17:25,591 [WARN] ModelIntegratedComponent:63 - No mode defined for component null
2026-08-17 19:17:25,591 [WARN] ModelIntegratedComponent:63 - No mode defined for component null
2026-08-17 19:17:25,592 [WARN] ModelIntegratedComponent:63 - No mode defined for component null
2026-08-17 19:17:25,592 [WARN] ModelIntegratedComponent:63 - No mode defined for component null
2026-08-17 19:17:25,592 [WARN] ModelIntegratedComponent:63 - No mode defined for component null
2026-08-17 19:17:25,592 [WARN] ModelIntegratedComponent:63 - No mode defined for component null
2026-08-17 19:17:25,592 [WARN] ModelIntegratedComponent:63 - No mode defined for component null
2026-08-17 19:17:25,592 [WARN] ModelIntegratedComponent:63 - No mode defined for component null
2026-08-17 19:17:25,592 [WARN] ModelIntegratedComponent:63 - No mode defined for component null
2026-08-17 19:17:25,592 [WARN] ModelIntegratedComponent:63 - No mode defined for component null
2026-08-17 19:17:25,592 [WARN] ModelIntegratedComponent:63 - No mode defined for component null
2026-08-17 19:17:25,592 [WARN] ModelIntegratedComponent:63 - No mode defined for component null
2026-08-17 19:17:25,592 [WARN] ModelIntegratedComponent:63 - No mode defined for component null
2026-08-17 19:17:25,592 [WARN] ModelIntegratedComponent:63 - No mode defined for component null
2026-08-17 19:17:25,592 [WARN] ModelIntegratedComponent:63 - No mode defined for component null
2026-08-17 19:17:25,592 [WARN] ModelIntegratedComponent:63 - No mode defined for component null
2026-08-17 19:17:25,592 [WARN] ModelIntegratedComponent:63 - No mode defined for component null
2026-08-17 19:17:25,592 [WARN] ModelIntegratedComponent:63 - No mode defined for component null
2026-08-17 19:17:25,592 [WARN] ModelIntegratedComponent:63 - No mode defined for component null
2026-08-17 19:17:25,592 [WARN] ModelIntegratedComponent:63 - No mode defined for component null
2026-08-17 19:17:25,592 [WARN] ModelIntegratedComponent:63 - No mode defined for component null
2026-08-17 19:17:25,592 [WARN] ModelIntegratedComponent:63 - No mode defined for component null
2026-08-17 19:17:25,592 [WARN] ModelPack:524 - Component already loaded: STMicroelectronics:HAL Drivers:0.0.0:STMicroelectronics:Device:STMicro_Driver:XSPI:HAL::0.0.1:HAL_XSPI
2026-08-17 19:17:25,619 [WARN] ModelIntegratedComponent:182 - Modes not found for component STMicroelectronics:USB_DEVICE:1.0.0:STMicroelectronics:USB::USB Device:Audio HS::1.0:USB_DEVICE_1_0_RESTRICTED_HS
2026-08-17 19:17:25,620 [WARN] ModelIntegratedComponent:188 - Modes not found for component STMicroelectronics:USB_DEVICE:1.0.0:STMicroelectronics:USB::USB Device:Audio HS::1.0:USB_DEVICE_1_0_RESTRICTED_HS
2026-08-17 19:17:25,620 [WARN] ModelIntegratedComponent:182 - Modes not found for component STMicroelectronics:USB_DEVICE:1.0.0:STMicroelectronics:USB::USB Device:CDC HS::1.0:USB_DEVICE_1_0_RESTRICTED_HS
2026-08-17 19:17:25,620 [WARN] ModelIntegratedComponent:188 - Modes not found for component STMicroelectronics:USB_DEVICE:1.0.0:STMicroelectronics:USB::USB Device:CDC HS::1.0:USB_DEVICE_1_0_RESTRICTED_HS
2026-08-17 19:17:25,620 [WARN] ModelIntegratedComponent:182 - Modes not found for component STMicroelectronics:USB_DEVICE:1.0.0:STMicroelectronics:USB::USB Device:DFU HS::1.0:USB_DEVICE_1_0_RESTRICTED_HS
2026-08-17 19:17:25,620 [WARN] ModelIntegratedComponent:188 - Modes not found for component STMicroelectronics:USB_DEVICE:1.0.0:STMicroelectronics:USB::USB Device:DFU HS::1.0:USB_DEVICE_1_0_RESTRICTED_HS
2026-08-17 19:17:25,620 [WARN] ModelIntegratedComponent:182 - Modes not found for component STMicroelectronics:USB_DEVICE:1.0.0:STMicroelectronics:USB::USB Device:HID HS::1.0:USB_DEVICE_1_0_RESTRICTED_HS
2026-08-17 19:17:25,620 [WARN] ModelIntegratedComponent:188 - Modes not found for component STMicroelectronics:USB_DEVICE:1.0.0:STMicroelectronics:USB::USB Device:HID HS::1.0:USB_DEVICE_1_0_RESTRICTED_HS
2026-08-17 19:17:25,620 [WARN] ModelIntegratedComponent:182 - Modes not found for component STMicroelectronics:USB_DEVICE:1.0.0:STMicroelectronics:USB::USB Device:Custom HID HS::1.0:USB_DEVICE_1_0_RESTRICTED_HS
2026-08-17 19:17:25,620 [WARN] ModelIntegratedComponent:188 - Modes not found for component STMicroelectronics:USB_DEVICE:1.0.0:STMicroelectronics:USB::USB Device:Custom HID HS::1.0:USB_DEVICE_1_0_RESTRICTED_HS
2026-08-17 19:17:25,620 [WARN] ModelIntegratedComponent:182 - Modes not found for component STMicroelectronics:USB_DEVICE:1.0.0:STMicroelectronics:USB::USB Device:MSC HS::1.0:USB_DEVICE_1_0_RESTRICTED_HS
2026-08-17 19:17:25,620 [WARN] ModelIntegratedComponent:188 - Modes not found for component STMicroelectronics:USB_DEVICE:1.0.0:STMicroelectronics:USB::USB Device:MSC HS::1.0:USB_DEVICE_1_0_RESTRICTED_HS
2026-08-17 19:17:25,630 [INFO] ThirdPartyModel:298 - Start build external matchings
2026-08-17 19:17:25,851 [INFO] ThirdPartyModel:316 - End build external matchings
2026-08-17 19:17:25,863 [INFO] ImportTextPane:218 - (OptionalMessage_ERROR) IP (DMA) : Parameter (Instance) has Id (SPI1_RX) currently not set
2026-08-17 19:17:25,863 [INFO] ImportTextPane:218 - (OptionalMessage_ERROR) IP (DMA) : Parameter (Channel) has Id (SPI1_RX) currently not set
2026-08-17 19:17:25,863 [INFO] ImportTextPane:218 - (OptionalMessage_ERROR) IP (DMA) : Parameter (Direction) has Id (SPI1_RX) currently not set
2026-08-17 19:17:25,863 [INFO] ImportTextPane:218 - (OptionalMessage_ERROR) IP (DMA) : Parameter (PeriphInc) has Id (SPI1_RX) currently not set
2026-08-17 19:17:25,863 [INFO] ImportTextPane:218 - (OptionalMessage_ERROR) IP (DMA) : Parameter (MemInc) has Id (SPI1_RX) currently not set
2026-08-17 19:17:25,863 [INFO] ImportTextPane:218 - (OptionalMessage_ERROR) IP (DMA) : Parameter (PeriphDataAlignment) has Id (SPI1_RX) currently not set
2026-08-17 19:17:25,863 [INFO] ImportTextPane:218 - (OptionalMessage_ERROR) IP (DMA) : Parameter (MemDataAlignment) has Id (SPI1_RX) currently not set
2026-08-17 19:17:25,863 [INFO] ImportTextPane:218 - (OptionalMessage_ERROR) IP (DMA) : Parameter (Mode) has Id (SPI1_RX) currently not set
2026-08-17 19:17:25,863 [INFO] ImportTextPane:218 - (OptionalMessage_ERROR) IP (DMA) : Parameter (Priority) has Id (SPI1_RX) currently not set
2026-08-17 19:17:25,863 [INFO] ImportTextPane:218 - (OptionalMessage_ERROR) IP (DMA) : Parameter (FIFOMode) has Id (SPI1_RX) currently not set
2026-08-17 19:17:25,864 [WARN] IP:2250 - I2C_Coeff_DF not found: check if there is a RefParameter without a condition.
2026-08-17 19:17:25,864 [WARN] IP:2250 - Analog_Filter not found: check if there is a RefParameter without a condition.
2026-08-17 19:17:25,864 [INFO] ImportTextPane:218 - (OptionalMessage_ERROR) IP (RCC) : Parameter (48MHZClocksFreq_Value) has invalid value (50000000)
2026-08-17 19:17:25,864 [INFO] ImportTextPane:218 - (OptionalMessage_ERROR) IP (RCC) : Parameter (RTCHSEDivFreq_Value) has invalid value (12500000)
2026-08-17 19:17:25,969 [INFO] UtilMem:75 - End LoadConfig() Used Memory: 540035880 Bytes (1010827264)
2026-08-17 19:17:25,976 [WARN] ThirdParty:833 - waiting for thirdparty lock release [change project]
2026-08-17 19:17:25,976 [INFO] ThirdParty:835 - entering critical section [change project]
2026-08-17 19:17:25,976 [INFO] ThirdParty:1030 - CMSIS Pack Vendor :STMicroelectronics X-CUBE-AZRTOS-H7 3.5.0
2026-08-17 19:17:25,976 [INFO] ThirdParty:1030 - CMSIS Pack Vendor :STMicroelectronics X-CUBE-PM33A1 1.0.0
2026-08-17 19:17:25,976 [INFO] ThirdParty:1030 - CMSIS Pack Vendor :STMicroelectronics USBPD 4.1
2026-08-17 19:17:25,976 [INFO] ThirdParty:1030 - CMSIS Pack Vendor :STMicroelectronics X-CUBE-NFC9 1.0.0
2026-08-17 19:17:25,976 [INFO] ThirdParty:1030 - CMSIS Pack Vendor :STMicroelectronics USB_HOST 2.0.0
2026-08-17 19:17:25,976 [INFO] ThirdParty:1030 - CMSIS Pack Vendor :STMicroelectronics FP-ATR-ASTRA1 2.0.3
2026-08-17 19:17:25,976 [INFO] ThirdParty:1030 - CMSIS Pack Vendor :STMicroelectronics X-CUBE-AZRTOS-F4 1.1.0
2026-08-17 19:17:25,976 [INFO] ThirdParty:1030 - CMSIS Pack Vendor :STMicroelectronics LIBJPEG 8.0.0
2026-08-17 19:17:25,976 [INFO] ThirdParty:1030 - CMSIS Pack Vendor :STMicroelectronics FP-ATR-ASTRA1 2.0.2
2026-08-17 19:17:25,976 [INFO] ThirdParty:1030 - CMSIS Pack Vendor :STMicroelectronics X-CUBE-BLE1 7.1.0
2026-08-17 19:17:25,976 [INFO] ThirdParty:1030 - CMSIS Pack Vendor :wolfSSL I-CUBE-wolfMQTT 1.19.2
2026-08-17 19:17:25,976 [INFO] ThirdParty:1030 - CMSIS Pack Vendor :STMicroelectronics USB_DEVICE 3.0.0
2026-08-17 19:17:25,976 [INFO] ThirdParty:1030 - CMSIS Pack Vendor :STMicroelectronics X-CUBE-ISPU 2.1.0
2026-08-17 19:17:25,976 [INFO] ThirdParty:1030 - CMSIS Pack Vendor :STMicroelectronics X-CUBE-EEPRMA1 5.2.0
2026-08-17 19:17:25,976 [INFO] ThirdParty:1030 - CMSIS Pack Vendor :STMicroelectronics eDS-WB_DPC_TT-BIDIR 2.1.1
2026-08-17 19:17:25,976 [INFO] ThirdParty:1030 - CMSIS Pack Vendor :STMicroelectronics X-CUBE-AZRTOS-WB 2.0.0
2026-08-17 19:17:25,976 [INFO] ThirdParty:1030 - CMSIS Pack Vendor :STMicroelectronics X-CUBE-NFC12 1.0.0
2026-08-17 19:17:25,976 [INFO] ThirdParty:1030 - CMSIS Pack Vendor :STMicroelectronics X-CUBE-AZRTOS-F7 1.1.0
2026-08-17 19:17:25,976 [INFO] ThirdParty:1030 - CMSIS Pack Vendor :STMicroelectronics X-CUBE-AZRTOS-L5 2.0.0
2026-08-17 19:17:25,976 [INFO] ThirdParty:1030 - CMSIS Pack Vendor :STMicroelectronics USB_DEVICE 2.0.0
2026-08-17 19:17:25,976 [INFO] ThirdParty:1030 - CMSIS Pack Vendor :quantropi X-CUBE-qispace-sdk-base 2.1.0
2026-08-17 19:17:25,976 [INFO] ThirdParty:1030 - CMSIS Pack Vendor :STMicroelectronics X-CUBE-STSE01 2.0.0
2026-08-17 19:17:25,976 [INFO] ThirdParty:1030 - CMSIS Pack Vendor :STMicroelectronics X-CUBE-ALGOBUILD 1.5.0
2026-08-17 19:17:25,976 [INFO] ThirdParty:1030 - CMSIS Pack Vendor :STMicroelectronics FreeRTOS 0.0.1
2026-08-17 19:17:25,976 [INFO] ThirdParty:1030 - CMSIS Pack Vendor :STMicroelectronics X-CUBE-AZRTOS-H7RS 1.3.0
2026-08-17 19:17:25,976 [INFO] ThirdParty:1030 - CMSIS Pack Vendor :STMicroelectronics X-CUBE-AZRTOS-G0 1.1.0
2026-08-17 19:17:25,976 [INFO] ThirdParty:1030 - CMSIS Pack Vendor :STMicroelectronics X-CUBE-NFC4 3.0.0
2026-08-17 19:17:25,976 [INFO] ThirdParty:1030 - CMSIS Pack Vendor :STMicroelectronics X-CUBE-SUBG2 5.0.0
2026-08-17 19:17:25,976 [INFO] ThirdParty:1030 - CMSIS Pack Vendor :STMicroelectronics STM32_WPAN 1.0.0
2026-08-17 19:17:25,976 [INFO] ThirdParty:1030 - CMSIS Pack Vendor :STMicroelectronics eDS-WB_DPC_VIENNA 1.2.0
2026-08-17 19:17:25,976 [INFO] ThirdParty:1030 - CMSIS Pack Vendor :EmbeddedOffice I-CUBE-FS-RTOS 1.0.1
2026-08-17 19:17:25,976 [INFO] ThirdParty:1030 - CMSIS Pack Vendor :STMicroelectronics lwIP 2.0.3
2026-08-17 19:17:25,976 [INFO] ThirdParty:1030 - CMSIS Pack Vendor :STMicroelectronics X-CUBE-MEMS1 13.0.0
2026-08-17 19:17:25,976 [INFO] ThirdParty:1030 - CMSIS Pack Vendor :STMicroelectronics eDS-WB_DPC_3PH2L-BIDIR 1.1.1
2026-08-17 19:17:25,976 [INFO] ThirdParty:1030 - CMSIS Pack Vendor :STMicroelectronics USB_HOST 1.0.0
2026-08-17 19:17:25,976 [INFO] ThirdParty:1030 - CMSIS Pack Vendor :STMicroelectronics X-CUBE-AZRTOS-G4 2.0.0
2026-08-17 19:17:25,976 [INFO] ThirdParty:1030 - CMSIS Pack Vendor :STMicroelectronics PDM2PCM 3.1.0
2026-08-17 19:17:25,976 [INFO] ThirdParty:1030 - CMSIS Pack Vendor :STMicroelectronics PDM2PCM 3.3.0
2026-08-17 19:17:25,976 [INFO] ThirdParty:1030 - CMSIS Pack Vendor :wolfSSL I-CUBE-wolfTPM 3.8.0
2026-08-17 19:17:25,976 [INFO] ThirdParty:1030 - CMSIS Pack Vendor :STMicroelectronics X-CUBE-DISPLAY 3.0.0
2026-08-17 19:17:25,976 [INFO] ThirdParty:1030 - CMSIS Pack Vendor :wolfSSL I-CUBE-wolfSSH 1.4.20
2026-08-17 19:17:25,976 [INFO] ThirdParty:1030 - CMSIS Pack Vendor :STMicroelectronics X-CUBE-NFC7 2.0.0
2026-08-17 19:17:25,976 [INFO] ThirdParty:1030 - CMSIS Pack Vendor :STMicroelectronics X-CUBE-GNSS1 7.1.1
2026-08-17 19:17:25,976 [INFO] ThirdParty:1030 - CMSIS Pack Vendor :STMicroelectronics X-CUBE-TCPP 4.2.0
2026-08-17 19:17:25,976 [INFO] ThirdParty:1030 - CMSIS Pack Vendor :RealThread X-CUBE-RT-Thread_Nano 4.1.1
2026-08-17 19:17:25,976 [INFO] ThirdParty:1030 - CMSIS Pack Vendor :wolfSSL I-CUBE-wolfSSL 5.9.1
2026-08-17 19:17:25,976 [INFO] ThirdParty:1030 - CMSIS Pack Vendor :STMicroelectronics FP-ATR-SIGFOX1 3.2.0
2026-08-17 19:17:25,976 [INFO] ThirdParty:1030 - CMSIS Pack Vendor :STMicroelectronics X-CUBE-NFC10 1.0.0
2026-08-17 19:17:25,976 [INFO] ThirdParty:1030 - CMSIS Pack Vendor :STMicroelectronics HAL Drivers 0.0.0
2026-08-17 19:17:25,976 [INFO] ThirdParty:1030 - CMSIS Pack Vendor :STMicroelectronics MBEDTLS 2.16.2
2026-08-17 19:17:25,976 [INFO] ThirdParty:1030 - CMSIS Pack Vendor :STMicroelectronics X-CUBE-ST60 1.1.0
2026-08-17 19:17:25,976 [INFO] ThirdParty:1030 - CMSIS Pack Vendor :STMicroelectronics X-CUBE-ALS 1.0.2
2026-08-17 19:17:25,976 [INFO] ThirdParty:1030 - CMSIS Pack Vendor :emotas I-CUBE-CANOPEN 1.3.0
2026-08-17 19:17:25,976 [INFO] ThirdParty:1030 - CMSIS Pack Vendor :STMicroelectronics MBEDTLS 2.14.1
2026-08-17 19:17:25,976 [INFO] ThirdParty:1030 - CMSIS Pack Vendor :ITTIA_DB I-CUBE-ITTIADB 8.9.0
2026-08-17 19:17:25,976 [INFO] ThirdParty:1030 - CMSIS Pack Vendor :Cesanta I-CUBE-Mongoose 7.21.7
2026-08-17 19:17:25,976 [INFO] ThirdParty:1030 - CMSIS Pack Vendor :STMicroelectronics X-CUBE-TOUCHGFX 4.26.1
2026-08-17 19:17:25,976 [INFO] ThirdParty:1030 - CMSIS Pack Vendor :STMicroelectronics X-CUBE-NFC6 3.2.0
2026-08-17 19:17:25,976 [INFO] ThirdParty:1030 - CMSIS Pack Vendor :STMicroelectronics X-CUBE-AI 10.2.1
2026-08-17 19:17:25,976 [INFO] ThirdParty:1030 - CMSIS Pack Vendor :STMicroelectronics ThreadX 1.0.0
2026-08-17 19:17:25,976 [INFO] ThirdParty:1030 - CMSIS Pack Vendor :STMicroelectronics FP-SNS-SMARTAG2 1.2.0
2026-08-17 19:17:25,976 [INFO] ThirdParty:1030 - CMSIS Pack Vendor :STMicroelectronics X-CUBE-MEMS1 12.1.0
2026-08-17 19:17:25,976 [INFO] ThirdParty:1030 - CMSIS Pack Vendor :STMicroelectronics FP-SNS-FLIGHT1 5.1.0
2026-08-17 19:17:25,976 [INFO] ThirdParty:1030 - CMSIS Pack Vendor :STMicroelectronics X-CUBE-AZRTOS-WL 2.0.0
2026-08-17 19:17:25,976 [INFO] ThirdParty:1030 - CMSIS Pack Vendor :SEGGER I-CUBE-embOS 1.3.1
2026-08-17 19:17:25,977 [INFO] ThirdParty:1030 - CMSIS Pack Vendor :STMicroelectronics X-CUBE-DPower 1.3.0
2026-08-17 19:17:25,977 [INFO] ThirdParty:1030 - CMSIS Pack Vendor :STMicroelectronics USB_DEVICE 1.0.0
2026-08-17 19:17:25,977 [INFO] ThirdParty:1030 - CMSIS Pack Vendor :STMicroelectronics X-CUBE-AZRTOS-L4 2.0.0
2026-08-17 19:17:25,977 [INFO] ThirdParty:1030 - CMSIS Pack Vendor :STMicroelectronics ThreadX 0.0.2
2026-08-17 19:17:25,977 [INFO] ThirdParty:1030 - CMSIS Pack Vendor :STMicroelectronics lwIP 2.1.2
2026-08-17 19:17:25,977 [INFO] ThirdParty:1030 - CMSIS Pack Vendor :STMicroelectronics X-CUBE-SFXS2LP1 4.0.0
2026-08-17 19:17:25,977 [INFO] ThirdParty:1030 - CMSIS Pack Vendor :STMicroelectronics X-CUBE-BLE2 3.3.0
2026-08-17 19:17:25,977 [INFO] ThirdParty:1030 - CMSIS Pack Vendor :Avnet-IOTCONNECT X-CUBE-iotc-st67-sdk 1.0.0
2026-08-17 19:17:25,977 [INFO] ThirdParty:1030 - CMSIS Pack Vendor :STMicroelectronics X-CUBE-TOF1 3.4.3
2026-08-17 19:17:25,977 [INFO] ThirdParty:1030 - CMSIS Pack Vendor :Infineon AIROC-Wi-Fi-Bluetooth-STM32 1.8.0
2026-08-17 19:17:25,977 [INFO] ThirdParty:1030 - CMSIS Pack Vendor :STMicroelectronics X-CUBE-NFC13 1.0.0
2026-08-17 19:17:25,977 [INFO] ThirdParty:1030 - CMSIS Pack Vendor :STMicroelectronics PDM2PCM 3.2.0
2026-08-17 19:17:25,977 [INFO] ThirdParty:1030 - CMSIS Pack Vendor :STMicroelectronics X-CUBE-WB05N 2.1.0
2026-08-17 19:17:25,977 [INFO] ThirdParty:841 - exiting critical section [change project]
2026-08-17 19:17:26,138 [INFO] PinOutPanel:1589 - setPackage(No Configuration,No Configuration)
2026-08-17 19:17:26,138 [INFO] PinOutPanel:1589 - setPackage(STM32F411CEUx,UFQFPN48)
2026-08-17 19:17:26,314 [INFO] UtilMem:75 - Before build in PCC Used Memory: 329785744 Bytes (1010827264)
2026-08-17 19:17:26,501 [INFO] UtilMem:75 - After build in PCC Used Memory: 373299600 Bytes (1010827264)
2026-08-17 19:17:26,512 [INFO] IPUIPlugin:80 - create IPUIPlugin
2026-08-17 19:17:26,512 [INFO] IPUIPlugin:80 - create IPUIPlugin
2026-08-17 19:17:26,512 [INFO] IPUIPlugin:80 - create IPUIPlugin
2026-08-17 19:17:26,512 [INFO] IPUIPlugin:80 - create IPUIPlugin
2026-08-17 19:17:26,512 [INFO] IPUIPlugin:80 - create IPUIPlugin
2026-08-17 19:17:26,512 [INFO] IPUIPlugin:80 - create IPUIPlugin
2026-08-17 19:17:26,512 [INFO] IPUIPlugin:80 - create IPUIPlugin
2026-08-17 19:17:26,512 [INFO] IPUIPlugin:80 - create IPUIPlugin
2026-08-17 19:17:26,512 [INFO] IPUIPlugin:80 - create IPUIPlugin
2026-08-17 19:17:26,512 [INFO] IPUIPlugin:80 - create IPUIPlugin
2026-08-17 19:17:26,512 [INFO] IPUIPlugin:80 - create IPUIPlugin
2026-08-17 19:17:26,512 [INFO] IPUIPlugin:80 - create IPUIPlugin
2026-08-17 19:17:26,512 [INFO] IPUIPlugin:80 - create IPUIPlugin
2026-08-17 19:17:26,512 [INFO] IPUIPlugin:80 - create IPUIPlugin
2026-08-17 19:17:26,512 [INFO] IPUIPlugin:80 - create IPUIPlugin
2026-08-17 19:17:26,513 [INFO] IPUIPlugin:80 - create IPUIPlugin
2026-08-17 19:17:26,513 [INFO] IPUIPlugin:80 - create IPUIPlugin
2026-08-17 19:17:26,513 [INFO] IPUIPlugin:80 - create IPUIPlugin
2026-08-17 19:17:26,513 [INFO] IPUIPlugin:80 - create IPUIPlugin
2026-08-17 19:17:26,513 [INFO] IPUIPlugin:80 - create IPUIPlugin
2026-08-17 19:17:26,513 [INFO] IPUIPlugin:80 - create IPUIPlugin
2026-08-17 19:17:26,513 [INFO] IPUIPlugin:80 - create IPUIPlugin
2026-08-17 19:17:26,513 [INFO] IPUIPlugin:80 - create IPUIPlugin
2026-08-17 19:17:26,513 [INFO] IPUIPlugin:80 - create IPUIPlugin
2026-08-17 19:17:26,513 [INFO] IPUIPlugin:80 - create IPUIPlugin
2026-08-17 19:17:26,513 [INFO] IPUIPlugin:80 - create IPUIPlugin
2026-08-17 19:17:26,513 [INFO] IPUIPlugin:80 - create IPUIPlugin
2026-08-17 19:17:26,513 [INFO] IPUIPlugin:80 - create IPUIPlugin
2026-08-17 19:17:26,513 [INFO] IPUIPlugin:80 - create IPUIPlugin
2026-08-17 19:17:26,514 [INFO] IPUIPlugin:80 - create IPUIPlugin
2026-08-17 19:17:26,514 [INFO] IPUIPlugin:80 - create IPUIPlugin
2026-08-17 19:17:26,514 [INFO] IPUIPlugin:80 - create IPUIPlugin
2026-08-17 19:17:26,514 [INFO] IPUIPlugin:80 - create IPUIPlugin
2026-08-17 19:17:26,514 [INFO] IPUIPlugin:80 - create IPUIPlugin
2026-08-17 19:17:26,514 [INFO] IPUIPlugin:80 - create IPUIPlugin
2026-08-17 19:17:26,514 [INFO] IPUIPlugin:80 - create IPUIPlugin
2026-08-17 19:17:26,514 [INFO] IPUIPlugin:80 - create IPUIPlugin
2026-08-17 19:17:26,514 [INFO] IPUIPlugin:80 - create IPUIPlugin
2026-08-17 19:17:26,514 [INFO] IPUIPlugin:80 - create IPUIPlugin
2026-08-17 19:17:26,515 [INFO] IPUIPlugin:80 - create IPUIPlugin
2026-08-17 19:17:26,515 [INFO] IPUIPlugin:80 - create IPUIPlugin
2026-08-17 19:17:26,515 [INFO] IPUIPlugin:80 - create IPUIPlugin
2026-08-17 19:17:26,515 [INFO] IPUIPlugin:80 - create IPUIPlugin
2026-08-17 19:17:26,516 [INFO] ApiDbMcu:508 - Load IP Config File for PDM2PCM
2026-08-17 19:17:26,517 [WARN] IP:2250 - I2C_Coeff_DF not found: check if there is a RefParameter without a condition.
2026-08-17 19:17:26,517 [WARN] IP:2250 - Analog_Filter not found: check if there is a RefParameter without a condition.
2026-08-17 19:17:26,540 [INFO] CADModel:165 - CPN selected for project levelSTM32F411CEU6
2026-08-17 19:17:26,540 [INFO] CADModel:114 - Register for checkConnection events
2026-08-17 19:17:26,577 [INFO] OpenFileManager:385 - Restore cursor
2026-08-17 19:17:26,705 [WARN] IP:2250 - I2C_Coeff_DF not found: check if there is a RefParameter without a condition.
2026-08-17 19:17:26,705 [WARN] IP:2250 - Analog_Filter not found: check if there is a RefParameter without a condition.
2026-08-17 19:17:26,705 [WARN] IP:2250 - I2C_Coeff_DF not found: check if there is a RefParameter without a condition.
2026-08-17 19:17:26,705 [WARN] IP:2250 - Analog_Filter not found: check if there is a RefParameter without a condition.
2026-08-17 19:17:34,356 [ERROR] LogOutputStream:75 - [STDERR_REDIRECT] Aug 17, 2026 7:17:34 PM java.util.prefs.FileSystemPreferences checkLockFile0ErrorCode
2026-08-17 19:17:34,356 [ERROR] LogOutputStream:75 - [STDERR_REDIRECT] WARNING: Could not lock System prefs. Unix error code 2.
2026-08-17 19:17:34,356 [ERROR] LogOutputStream:75 - [STDERR_REDIRECT] 
2026-08-17 19:17:34,357 [ERROR] LogOutputStream:75 - [STDERR_REDIRECT] Aug 17, 2026 7:17:34 PM java.util.prefs.FileSystemPreferences syncWorld
2026-08-17 19:17:34,357 [ERROR] LogOutputStream:75 - [STDERR_REDIRECT] WARNING: Couldn't flush system prefs: java.util.prefs.BackingStoreException: Couldn't get file lock.
2026-08-17 19:17:34,357 [ERROR] LogOutputStream:75 - [STDERR_REDIRECT] 
2026-08-17 19:17:56,075 [ERROR] LogOutputStream:75 - [STDERR_REDIRECT] 
2026-08-17 19:18:01,506 [INFO] Activator:176 - 


2026-08-17 19:18:01,508 [INFO] Activator:177 - !SESSION log4j initialized
2026-08-17 19:18:04,177 [INFO] LogOutputStream:77 - [STDOUT_REDIRECT] 
2026-08-17 19:18:04,689 [INFO] ApplicationProperties:184 - Using Application install path: /opt/st/stm32cubeide_1.18.0/plugins/com.st.stm32cube.common.mx_6.14.0.202502271554
2026-08-17 19:18:04,702 [INFO] DbMcusXml:78 - Set database path to: /opt/st/stm32cubeide_1.18.0/plugins/com.st.stm32cube.common.mx_6.14.0.202502271554//db//mcu/
2026-08-17 19:18:04,702 [INFO] ApiDb:274 - Set plugin database path to: /opt/st/stm32cubeide_1.18.0/plugins/com.st.stm32cube.common.mx_6.14.0.202502271554//db//plugins/boardmanager/
2026-08-17 19:18:04,702 [WARN] ApiDb:259 - Overriding images path with different value:  => /opt/st/stm32cubeide_1.18.0/plugins/com.st.stm32cube.common.mx_6.14.0.202502271554//db//plugins/mcufinder/images/
2026-08-17 19:18:04,704 [INFO] ApiDb:250 - Set database path to: /home/thuy/.stmcufinder/plugins/mcufinder//mcu/
2026-08-17 19:18:04,705 [INFO] DbMcusAds:125 - Set database path to: /home/thuy/.stmcufinder/plugins/mcufinder//mcu/
2026-08-17 19:18:04,706 [INFO] CrossReferenceDbSqlite:203 - Set database path to: /home/thuy/.stmcufinder/plugins/mcufinder//mcu/cs/
2026-08-17 19:18:04,770 [INFO] RulesReader:64 - Compatibility file has been processed (301 Rules)
2026-08-17 19:18:04,803 [INFO] DbMcusXml:78 - Set database path to: /opt/st/stm32cubeide_1.18.0/plugins/com.st.stm32cube.common.mx_6.14.0.202502271554//db//mcu/
2026-08-17 19:18:04,803 [INFO] ApiDb:274 - Set plugin database path to: /opt/st/stm32cubeide_1.18.0/plugins/com.st.stm32cube.common.mx_6.14.0.202502271554//db//plugins/boardmanager/
2026-08-17 19:18:04,803 [INFO] ApiDb:261 - Set plugin images path to: /opt/st/stm32cubeide_1.18.0/plugins/com.st.stm32cube.common.mx_6.14.0.202502271554//db//plugins/mcufinder/images/
2026-08-17 19:18:04,803 [WARN] DbFile:41 - Overriding database path with different value: /home/thuy/.stmcufinder/plugins/mcufinder/ => /home/thuy/.stmcufinder/plugins/mcufinder
2026-08-17 19:18:04,803 [INFO] ApiDb:250 - Set database path to: /home/thuy/.stmcufinder/plugins/mcufinder//mcu/
2026-08-17 19:18:04,803 [WARN] DbFile:41 - Overriding database path with different value: /home/thuy/.stmcufinder/plugins/mcufinder/ => /home/thuy/.stmcufinder/plugins/mcufinder
2026-08-17 19:18:04,804 [INFO] DbMcusAds:125 - Set database path to: /home/thuy/.stmcufinder/plugins/mcufinder//mcu/
2026-08-17 19:18:04,804 [WARN] DbFile:41 - Overriding database path with different value: /home/thuy/.stmcufinder/plugins/mcufinder/ => /home/thuy/.stmcufinder/plugins/mcufinder
2026-08-17 19:18:04,804 [WARN] DbFile:41 - Overriding database path with different value: /home/thuy/.stmcufinder/plugins/mcufinder/ => /home/thuy/.stmcufinder/plugins/mcufinder
2026-08-17 19:18:04,804 [INFO] CrossReferenceDbSqlite:203 - Set database path to: /home/thuy/.stmcufinder/plugins/mcufinder//mcu/cs/
2026-08-17 19:18:04,837 [INFO] MainPanel:272 - HeapMemory: 268435456
2026-08-17 19:18:04,902 [INFO] DbMcusXml:78 - Set database path to: /opt/st/stm32cubeide_1.18.0/plugins/com.st.stm32cube.common.mx_6.14.0.202502271554//db//mcu/
2026-08-17 19:18:04,902 [INFO] ApiDb:274 - Set plugin database path to: /opt/st/stm32cubeide_1.18.0/plugins/com.st.stm32cube.common.mx_6.14.0.202502271554//db//plugins/boardmanager/
2026-08-17 19:18:04,902 [INFO] ApiDb:261 - Set plugin images path to: /opt/st/stm32cubeide_1.18.0/plugins/com.st.stm32cube.common.mx_6.14.0.202502271554//db//plugins/mcufinder/images/
2026-08-17 19:18:04,902 [WARN] DbFile:41 - Overriding database path with different value: /home/thuy/.stmcufinder/plugins/mcufinder/ => /home/thuy/.stmcufinder/plugins/mcufinder
2026-08-17 19:18:04,902 [INFO] ApiDb:250 - Set database path to: /home/thuy/.stmcufinder/plugins/mcufinder//mcu/
2026-08-17 19:18:04,902 [WARN] DbFile:41 - Overriding database path with different value: /home/thuy/.stmcufinder/plugins/mcufinder/ => /home/thuy/.stmcufinder/plugins/mcufinder
2026-08-17 19:18:04,902 [INFO] DbMcusAds:125 - Set database path to: /home/thuy/.stmcufinder/plugins/mcufinder//mcu/
2026-08-17 19:18:04,902 [WARN] DbFile:41 - Overriding database path with different value: /home/thuy/.stmcufinder/plugins/mcufinder/ => /home/thuy/.stmcufinder/plugins/mcufinder
2026-08-17 19:18:04,902 [WARN] DbFile:41 - Overriding database path with different value: /home/thuy/.stmcufinder/plugins/mcufinder/ => /home/thuy/.stmcufinder/plugins/mcufinder
2026-08-17 19:18:04,902 [INFO] CrossReferenceDbSqlite:203 - Set database path to: /home/thuy/.stmcufinder/plugins/mcufinder//mcu/cs/
2026-08-17 19:18:04,912 [INFO] ApplicationProperties:184 - Using Application install path: /opt/st/stm32cubeide_1.18.0/plugins/com.st.stm32cube.common.mx_6.14.0.202502271554
2026-08-17 19:18:04,913 [INFO] PluginManage:196 - Search for loadable plugins [exclusion list=, ]
2026-08-17 19:18:04,913 [INFO] PluginManage:310 - Check plugin analytics
2026-08-17 19:18:05,003 [INFO] AnalyticsPlugin:253 - Accepted Software Licenses: STM32CubeMX.6.17.0
2026-08-17 19:18:05,003 [INFO] AnalyticsPlugin:255 - Accepted CMSIS Pack Licenses: 
2026-08-17 19:18:05,003 [INFO] AnalyticsPlugin:257 - Accepted Firmware Licenses: FW.F1.1.8.7,FW.F4.1.28.0,FW.F4.1.28.3
2026-08-17 19:18:05,005 [INFO] PluginManage:359 - Loaded plugin analytics (category:tool,tabindex:-1)
2026-08-17 19:18:05,005 [INFO] PluginManage:310 - Check plugin cadmodel
2026-08-17 19:18:05,007 [INFO] CADModel:105 - Init CAD model plugin
2026-08-17 19:18:05,007 [INFO] PluginManage:359 - Loaded plugin cadmodel (category:power,tabindex:5)
2026-08-17 19:18:05,007 [INFO] PluginManage:310 - Check plugin clock
2026-08-17 19:18:05,013 [INFO] PluginManage:359 - Loaded plugin clock (category:base,tabindex:2)
2026-08-17 19:18:05,013 [INFO] PluginManage:310 - Check plugin ddr
2026-08-17 19:18:05,014 [INFO] PluginManage:359 - Loaded plugin ddr (category:tool,tabindex:6)
2026-08-17 19:18:05,014 [INFO] PluginManage:310 - Check plugin filemanager
2026-08-17 19:18:05,098 [INFO] PluginManage:359 - Loaded plugin filemanager (category:base,tabindex:10)
2026-08-17 19:18:05,098 [INFO] PluginManage:310 - Check plugin ipmanager
2026-08-17 19:18:05,101 [INFO] PluginManage:359 - Loaded plugin ipmanager (category:base,tabindex:5)
2026-08-17 19:18:05,101 [INFO] PluginManage:310 - Check plugin lpbam
2026-08-17 19:18:05,106 [INFO] PluginManage:359 - Loaded plugin lpbam (category:base,tabindex:0)
2026-08-17 19:18:05,106 [INFO] PluginManage:310 - Check plugin memorymap
2026-08-17 19:18:05,112 [INFO] PluginManage:359 - Loaded plugin memorymap (category:base,tabindex:4)
2026-08-17 19:18:05,112 [INFO] PluginManage:310 - Check plugin pinoutandconfiguration
2026-08-17 19:18:05,116 [INFO] PluginManage:359 - Loaded plugin pinoutandconfiguration (category:base,tabindex:1)
2026-08-17 19:18:05,116 [INFO] PluginManage:310 - Check plugin pinoutconfig
2026-08-17 19:18:05,162 [WARN] SupportedApi:132 - Cannot load RTOS API schema: s4s-elt-must-match.1: The content of 'definitions' must match (annotation?, (simpleType | complexType)?, (unique | key | keyref)*)). A problem was found starting at: attribute.
2026-08-17 19:18:05,239 [INFO] PluginManage:359 - Loaded plugin pinoutconfig (category:base,tabindex:0)
2026-08-17 19:18:05,239 [INFO] PluginManage:310 - Check plugin power
2026-08-17 19:18:05,244 [INFO] PluginManage:359 - Loaded plugin power (category:power,tabindex:4)
2026-08-17 19:18:05,244 [INFO] PluginManage:310 - Check plugin projectmanager
2026-08-17 19:18:05,253 [INFO] PluginManage:359 - Loaded plugin projectmanager (category:projectmanager,tabindex:4)
2026-08-17 19:18:05,253 [INFO] PluginManage:310 - Check plugin rif
2026-08-17 19:18:05,257 [INFO] PluginManage:359 - Loaded plugin rif (category:base,tabindex:3)
2026-08-17 19:18:05,258 [INFO] PluginManage:310 - Check plugin thirdparty
2026-08-17 19:18:05,324 [INFO] PluginManage:359 - Loaded plugin thirdparty (category:base,tabindex:-1)
2026-08-17 19:18:05,324 [WARN] IntegrityCheckThread:84 - waiting for thirdparty lock release [integrity check]
2026-08-17 19:18:05,324 [INFO] PluginManage:310 - Check plugin tools
2026-08-17 19:18:05,324 [INFO] IntegrityCheckThread:86 - entering critical section [integrity check]
2026-08-17 19:18:05,324 [INFO] ThirdPartyUpdaterWithRetryManager:70 - Updater plugin not ready yet. [1/15]
2026-08-17 19:18:05,325 [INFO] PluginManage:359 - Loaded plugin tools (category:base,tabindex:7)
2026-08-17 19:18:05,326 [INFO] PluginManage:310 - Check plugin tutovideos
2026-08-17 19:18:05,425 [INFO] PluginManage:359 - Loaded plugin tutovideos (category:base,tabindex:-1)
2026-08-17 19:18:05,425 [INFO] PluginManage:310 - Check plugin updater
2026-08-17 19:18:05,438 [INFO] PluginManage:359 - Loaded plugin updater (category:base,tabindex:12)
2026-08-17 19:18:05,438 [INFO] PluginManage:310 - Check plugin userauth
2026-08-17 19:18:05,440 [INFO] UserAuth:118 - Init User Auth plugin
2026-08-17 19:18:05,441 [INFO] PluginManage:359 - Loaded plugin userauth (category:base,tabindex:14)
2026-08-17 19:18:05,441 [INFO] PluginManage:283 - PluginManage : Loaded plugins [18]
2026-08-17 19:18:05,556 [INFO] PinOutPanel:1589 - setPackage(No Configuration,No Configuration)
2026-08-17 19:18:05,598 [INFO] CADModel:165 - CPN selected for project level
2026-08-17 19:18:05,598 [INFO] CADModel:114 - Register for checkConnection events
2026-08-17 19:18:05,607 [INFO] IPUIPlugin:80 - create IPUIPlugin
2026-08-17 19:18:05,607 [INFO] PluginManager:220 - loadIPPluginJar : add freertos
2026-08-17 19:18:05,608 [INFO] IPUIPlugin:80 - create IPUIPlugin
2026-08-17 19:18:05,608 [INFO] PluginManager:220 - loadIPPluginJar : add quadspi
2026-08-17 19:18:05,611 [INFO] IPUIPlugin:80 - create IPUIPlugin
2026-08-17 19:18:05,611 [INFO] PluginManager:220 - loadIPPluginJar : add i2s
2026-08-17 19:18:05,613 [INFO] IPUIPlugin:80 - create IPUIPlugin
2026-08-17 19:18:05,613 [INFO] PluginManager:220 - loadIPPluginJar : add touchsensing
2026-08-17 19:18:05,615 [INFO] IPUIPlugin:80 - create IPUIPlugin
2026-08-17 19:18:05,615 [INFO] PluginManager:220 - loadIPPluginJar : add ipddr
2026-08-17 19:18:05,617 [INFO] IPUIPlugin:80 - create IPUIPlugin
2026-08-17 19:18:05,617 [INFO] PluginManager:220 - loadIPPluginJar : add pdm2pcm
2026-08-17 19:18:05,618 [INFO] IPUIPlugin:80 - create IPUIPlugin
2026-08-17 19:18:05,618 [INFO] PluginManager:220 - loadIPPluginJar : add dfsdm
2026-08-17 19:18:05,623 [INFO] IPUIPlugin:80 - create IPUIPlugin
2026-08-17 19:18:05,623 [INFO] PluginManager:220 - loadIPPluginJar : add stm32_wpan
2026-08-17 19:18:05,625 [INFO] IPUIPlugin:80 - create IPUIPlugin
2026-08-17 19:18:05,626 [INFO] PluginManager:220 - loadIPPluginJar : add nvic
2026-08-17 19:18:05,628 [INFO] IPUIPlugin:80 - create IPUIPlugin
2026-08-17 19:18:05,628 [INFO] PluginManager:220 - loadIPPluginJar : add gpio
2026-08-17 19:18:05,630 [INFO] IPUIPlugin:80 - create IPUIPlugin
2026-08-17 19:18:05,630 [INFO] PluginManager:220 - loadIPPluginJar : add usbx
2026-08-17 19:18:05,632 [INFO] IPUIPlugin:80 - create IPUIPlugin
2026-08-17 19:18:05,632 [INFO] PluginManager:220 - loadIPPluginJar : add sai
2026-08-17 19:18:05,633 [INFO] IPUIPlugin:80 - create IPUIPlugin
2026-08-17 19:18:05,633 [INFO] PluginManager:220 - loadIPPluginJar : add fatfs
2026-08-17 19:18:05,635 [INFO] IPUIPlugin:80 - create IPUIPlugin
2026-08-17 19:18:05,635 [INFO] PluginManager:220 - loadIPPluginJar : add opamp
2026-08-17 19:18:05,636 [INFO] IPUIPlugin:80 - create IPUIPlugin
2026-08-17 19:18:05,636 [INFO] PluginManager:220 - loadIPPluginJar : add spi
2026-08-17 19:18:05,637 [INFO] IPUIPlugin:80 - create IPUIPlugin
2026-08-17 19:18:05,637 [INFO] PluginManager:220 - loadIPPluginJar : add tsc
2026-08-17 19:18:05,638 [INFO] IPUIPlugin:80 - create IPUIPlugin
2026-08-17 19:18:05,638 [INFO] PluginManager:220 - loadIPPluginJar : add resmgrutility
2026-08-17 19:18:05,640 [INFO] IPUIPlugin:80 - create IPUIPlugin
2026-08-17 19:18:05,640 [INFO] PluginManager:220 - loadIPPluginJar : add can
2026-08-17 19:18:05,641 [INFO] IPUIPlugin:80 - create IPUIPlugin
2026-08-17 19:18:05,641 [INFO] PluginManager:220 - loadIPPluginJar : add ts
2026-08-17 19:18:05,645 [INFO] IPUIPlugin:80 - create IPUIPlugin
2026-08-17 19:18:05,646 [INFO] PluginManager:220 - loadIPPluginJar : add plateformsettings
2026-08-17 19:18:05,647 [INFO] IPUIPlugin:80 - create IPUIPlugin
2026-08-17 19:18:05,648 [INFO] PluginManager:220 - loadIPPluginJar : add tracer_emb
2026-08-17 19:18:05,649 [INFO] IPUIPlugin:80 - create IPUIPlugin
2026-08-17 19:18:05,649 [INFO] PluginManager:220 - loadIPPluginJar : add hash
2026-08-17 19:18:05,650 [INFO] IPUIPlugin:80 - create IPUIPlugin
2026-08-17 19:18:05,650 [INFO] PluginManager:220 - loadIPPluginJar : add i2c
2026-08-17 19:18:05,651 [INFO] IPUIPlugin:80 - create IPUIPlugin
2026-08-17 19:18:05,651 [INFO] PluginManager:220 - loadIPPluginJar : add i3c
2026-08-17 19:18:05,656 [INFO] IPUIPlugin:80 - create IPUIPlugin
2026-08-17 19:18:05,656 [INFO] PluginManager:220 - loadIPPluginJar : add adc
2026-08-17 19:18:05,657 [INFO] IPUIPlugin:80 - create IPUIPlugin
2026-08-17 19:18:05,657 [INFO] PluginManager:220 - loadIPPluginJar : add ltdc
2026-08-17 19:18:05,661 [INFO] IPUIPlugin:80 - create IPUIPlugin
2026-08-17 19:18:05,661 [INFO] PluginManager:220 - loadIPPluginJar : add mdma
2026-08-17 19:18:05,662 [INFO] IPUIPlugin:80 - create IPUIPlugin
2026-08-17 19:18:05,662 [INFO] PluginManager:220 - loadIPPluginJar : add aes
2026-08-17 19:18:05,665 [INFO] IPUIPlugin:80 - create IPUIPlugin
2026-08-17 19:18:05,665 [INFO] PluginManager:220 - loadIPPluginJar : add fmc
2026-08-17 19:18:05,666 [INFO] IPUIPlugin:80 - create IPUIPlugin
2026-08-17 19:18:05,666 [INFO] PluginManager:220 - loadIPPluginJar : add radio
2026-08-17 19:18:05,667 [INFO] IPUIPlugin:80 - create IPUIPlugin
2026-08-17 19:18:05,667 [INFO] PluginManager:220 - loadIPPluginJar : add cryp
2026-08-17 19:18:05,668 [INFO] IPUIPlugin:80 - create IPUIPlugin
2026-08-17 19:18:05,669 [INFO] PluginManager:220 - loadIPPluginJar : add openamp
2026-08-17 19:18:05,669 [INFO] IPUIPlugin:80 - create IPUIPlugin
2026-08-17 19:18:05,669 [INFO] PluginManager:220 - loadIPPluginJar : add comp
2026-08-17 19:18:05,670 [INFO] IPUIPlugin:80 - create IPUIPlugin
2026-08-17 19:18:05,670 [INFO] PluginManager:220 - loadIPPluginJar : add gfxmmu
2026-08-17 19:18:05,671 [INFO] IPUIPlugin:80 - create IPUIPlugin
2026-08-17 19:18:05,671 [INFO] PluginManager:220 - loadIPPluginJar : add gtzc
2026-08-17 19:18:05,674 [INFO] IPUIPlugin:80 - create IPUIPlugin
2026-08-17 19:18:05,674 [INFO] PluginManager:220 - loadIPPluginJar : add gic
2026-08-17 19:18:05,676 [INFO] IPUIPlugin:80 - create IPUIPlugin
2026-08-17 19:18:05,676 [INFO] PluginManager:220 - loadIPPluginJar : add lorawan
2026-08-17 19:18:05,678 [INFO] IPUIPlugin:80 - create IPUIPlugin
2026-08-17 19:18:05,678 [INFO] PluginManager:220 - loadIPPluginJar : add usart
2026-08-17 19:18:05,679 [INFO] IPUIPlugin:80 - create IPUIPlugin
2026-08-17 19:18:05,679 [INFO] PluginManager:220 - loadIPPluginJar : add tim
2026-08-17 19:18:05,681 [INFO] IPUIPlugin:80 - create IPUIPlugin
2026-08-17 19:18:05,681 [INFO] PluginManager:220 - loadIPPluginJar : add ddr_ctrl_phy
2026-08-17 19:18:05,683 [INFO] IPUIPlugin:80 - create IPUIPlugin
2026-08-17 19:18:05,683 [INFO] PluginManager:220 - loadIPPluginJar : add extmemmanager
2026-08-17 19:18:05,684 [INFO] IPUIPlugin:80 - create IPUIPlugin
2026-08-17 19:18:05,684 [INFO] PluginManager:220 - loadIPPluginJar : add dma3
2026-08-17 19:18:05,685 [INFO] IPUIPlugin:80 - create IPUIPlugin
2026-08-17 19:18:05,685 [INFO] PluginManager:220 - loadIPPluginJar : add ucpd
2026-08-17 19:18:05,689 [INFO] IPUIPlugin:80 - create IPUIPlugin
2026-08-17 19:18:05,690 [INFO] PluginManager:220 - loadIPPluginJar : add dma
2026-08-17 19:18:05,690 [INFO] IPUIPlugin:80 - create IPUIPlugin
2026-08-17 19:18:05,691 [INFO] PluginManager:220 - loadIPPluginJar : add genericplugin
2026-08-17 19:18:05,695 [INFO] IPUIPlugin:80 - create IPUIPlugin
2026-08-17 19:18:05,696 [INFO] PluginManager:220 - loadIPPluginJar : add linkedlist
2026-08-17 19:18:05,789 [FATAL] Updater:351 - Updater called before beeing initialized
2026-08-17 19:18:05,813 [INFO] RulesReader:64 - Compatibility file has been processed (301 Rules)
2026-08-17 19:18:05,819 [INFO] RulesReader:64 - Compatibility file has been processed (301 Rules)
2026-08-17 19:18:05,823 [INFO] CADModel:165 - CPN selected for project level
2026-08-17 19:18:05,824 [INFO] CADModel:114 - Register for checkConnection events
2026-08-17 19:18:05,824 [FATAL] Updater:351 - Updater called before beeing initialized
2026-08-17 19:18:05,824 [ERROR] CADModel:125 - Updater not yet initialized, retry later 
2026-08-17 19:18:05,898 [FATAL] Updater:351 - Updater called before beeing initialized
2026-08-17 19:18:05,899 [INFO] CADModel:165 - CPN selected for project level
2026-08-17 19:18:05,899 [INFO] CADModel:114 - Register for checkConnection events
2026-08-17 19:18:05,900 [FATAL] Updater:351 - Updater called before beeing initialized
2026-08-17 19:18:05,900 [ERROR] CADModel:125 - Updater not yet initialized, retry later 
2026-08-17 19:18:05,902 [FATAL] Updater:351 - Updater called before beeing initialized
2026-08-17 19:18:05,947 [FATAL] Updater:351 - Updater called before beeing initialized
2026-08-17 19:18:05,949 [INFO] DbMcusAds:53 - JSON generation date=Wed Jul 15 16:44:54 ICT 2026 (1784108694001)
2026-08-17 19:18:05,949 [FATAL] Updater:351 - Updater called before beeing initialized
2026-08-17 19:18:05,969 [WARN] DetailPanel:346 - Failed to get advertising image, set to default
2026-08-17 19:18:06,131 [FATAL] Updater:351 - Updater called before beeing initialized
2026-08-17 19:18:06,132 [FATAL] Updater:351 - Updater called before beeing initialized
2026-08-17 19:18:06,132 [FATAL] Updater:351 - Updater called before beeing initialized
2026-08-17 19:18:06,132 [WARN] DetailPanel:346 - Failed to get advertising image, set to default
2026-08-17 19:18:06,133 [FATAL] Updater:351 - Updater called before beeing initialized
2026-08-17 19:18:06,151 [ERROR] Updater:1198 - MainUpdater not yet initialized. External WinMGr cannot be set.
2026-08-17 19:18:06,152 [INFO] Updater:1134 - Updater Version found : 6.14.0
2026-08-17 19:18:06,164 [INFO] ApplicationProperties:184 - Using Application install path: /opt/st/stm32cubeide_1.18.0/plugins/com.st.stm32cube.common.mx_6.14.0.202502271554
2026-08-17 19:18:06,172 [ERROR] LogOutputStream:75 - [STDERR_REDIRECT] Aug 17, 2026 7:18:06 PM java.util.prefs.FileSystemPreferences$2 run
2026-08-17 19:18:06,172 [ERROR] LogOutputStream:75 - [STDERR_REDIRECT] WARNING: Could not create system preferences directory. System preferences are unusable.
2026-08-17 19:18:06,172 [ERROR] LogOutputStream:75 - [STDERR_REDIRECT] 
2026-08-17 19:18:06,569 [INFO] MainUpdater:2872 - connection check result : 10
2026-08-17 19:18:06,571 [INFO] MainUpdater:289 - Updater Check For Update Now.
2026-08-17 19:18:06,571 [INFO] MicroXplorer:498 - Change Database Version : DB.6.0.140
2026-08-17 19:18:06,576 [INFO] McuFinderGlobals:63 - Set McuFinder mode to 2 (CubeIDE integrated)
2026-08-17 19:18:06,577 [INFO] UserAuth:171 - activating auth plugin
2026-08-17 19:18:06,578 [INFO] UserAuth:486 - Internet connection configuration mode: 1
2026-08-17 19:18:06,586 [INFO] JxBrowserEngine:152 - Initiate JxBrowser Engine with user profile folder
2026-08-17 19:18:06,722 [INFO] CheckServerUpdateThread:120 - End of CheckServer Thread
2026-08-17 19:18:06,936 [INFO] WebApp:169 - Instantiating new browser for Auth
2026-08-17 19:18:07,308 [INFO] WebApp:463 - Apply proxy settings
2026-08-17 19:18:07,309 [INFO] WebApp:548 - Chromium requires no authentication
2026-08-17 19:18:07,314 [INFO] WebApp:491 - Direct internet connection detected
2026-08-17 19:18:07,325 [INFO] WebApp:894 - Register for checkConnection events
2026-08-17 19:18:07,325 [INFO] WebApp:463 - Apply proxy settings
2026-08-17 19:18:07,325 [INFO] WebApp:548 - Chromium requires no authentication
2026-08-17 19:18:07,326 [INFO] WebApp:491 - Direct internet connection detected
2026-08-17 19:18:07,404 [INFO] WebApp:225 - Starting web application
2026-08-17 19:18:07,404 [INFO] WebApp:593 - Web application path used /opt/st/stm32cubeide_1.18.0/plugins/com.st.stm32cube.common.mx_6.14.0.202502271554/db/plugins/mcufinder/reactClient1/index.html
2026-08-17 19:18:07,637 [INFO] WebApp:191 - Connection restablished
2026-08-17 19:18:08,432 [WARN] PackLoader:240 - Cannot read IP mode file for STMicroelectronics.X-CUBE-AZRTOS-H7.3.5.0
2026-08-17 19:18:08,445 [WARN] PackLoader:240 - Cannot read IP mode file for STMicroelectronics.FP-ATR-ASTRA1.2.0.3
2026-08-17 19:18:08,449 [WARN] PackLoader:240 - Cannot read IP mode file for STMicroelectronics.FP-ATR-ASTRA1.2.0.2
2026-08-17 19:18:08,455 [ERROR] Engine:466 - /home/thuy/.stm32cubemx/thirdparties/pdsc/STMicroelectronics.X-CUBE-SMBUS.2.1.1.pdsc: PDSC version is not supported
2026-08-17 19:18:08,488 [WARN] PackLoader:240 - Cannot read IP mode file for STMicroelectronics.X-CUBE-AZRTOS-F7.1.1.0
2026-08-17 19:18:08,495 [ERROR] Engine:466 - /home/thuy/.stm32cubemx/thirdparties/pdsc/STMicroelectronics.X-CUBE-FREERTOS.1.6.0.pdsc: PDSC version is not supported
2026-08-17 19:18:08,498 [ERROR] Engine:466 - /home/thuy/.stm32cubemx/thirdparties/pdsc/STMicroelectronics.FP-SNS-MOTENV1.5.1.0.pdsc: PDSC version is not supported
2026-08-17 19:18:08,519 [WARN] PackLoader:240 - Cannot read IP mode file for STMicroelectronics.X-CUBE-AZRTOS-H7RS.1.3.0
2026-08-17 19:18:08,526 [ERROR] Engine:466 - /home/thuy/.stm32cubemx/thirdparties/pdsc/WES.I-CUBE-Cesium.1.4.0.pdsc: PDSC version is not supported
2026-08-17 19:18:08,532 [WARN] PackLoader:240 - Cannot read IP mode file for STMicroelectronics.X-CUBE-DISPLAY.3.0.0
2026-08-17 19:18:08,542 [WARN] PackLoader:240 - Cannot read IP mode file for STMicroelectronics.X-CUBE-GNSS1.7.1.1
2026-08-17 19:18:08,545 [ERROR] Engine:466 - /home/thuy/.stm32cubemx/thirdparties/pdsc/STMicroelectronics.FP-SNS-MOTENVWB1.1.5.0.pdsc: PDSC version is not supported
2026-08-17 19:18:08,548 [WARN] PackLoader:240 - Cannot read IP mode file for wolfSSL.I-CUBE-wolfSSL.5.9.1
2026-08-17 19:18:08,553 [WARN] PackLoader:240 - Cannot read IP mode file for STMicroelectronics.X-CUBE-NFC10.1.0.0
2026-08-17 19:18:08,557 [WARN] PackLoader:240 - Cannot read IP mode file for STMicroelectronics.X-CUBE-ST60.1.1.0
2026-08-17 19:18:08,562 [WARN] PackLoader:240 - Cannot read IP mode file for emotas.I-CUBE-CANOPEN.1.3.0
2026-08-17 19:18:08,564 [ERROR] Engine:466 - /home/thuy/.stm32cubemx/thirdparties/pdsc/STMicroelectronics.X-CUBE-WBA.1.1.0.pdsc: PDSC version is not supported
2026-08-17 19:18:08,567 [ERROR] Engine:466 - /home/thuy/.stm32cubemx/thirdparties/pdsc/STMicroelectronics.FP-SNS-STBOX1.2.1.0.pdsc: PDSC version is not supported
2026-08-17 19:18:08,571 [WARN] PackLoader:240 - Cannot read IP mode file for STMicroelectronics.FP-SNS-SMARTAG2.1.2.0
2026-08-17 19:18:08,574 [WARN] PackLoader:240 - Cannot read IP mode file for STMicroelectronics.FP-SNS-FLIGHT1.5.1.0
2026-08-17 19:18:08,582 [INFO] LogOutputStream:77 - [STDOUT_REDIRECT] 1 : Invalid condition id : UX_CORESTACK_Condition cause : null
2026-08-17 19:18:08,582 [INFO] LogOutputStream:77 - [STDOUT_REDIRECT] 1 : Invalid condition id : UX_CORESTACK_Condition cause : null
2026-08-17 19:18:08,582 [INFO] LogOutputStream:77 - [STDOUT_REDIRECT] 1 : Invalid condition id : UX_CORESTACK_Condition cause : null
2026-08-17 19:18:08,583 [INFO] LogOutputStream:77 - [STDOUT_REDIRECT] 1 : Invalid condition id : UX_CORESTACK_Condition cause : null
2026-08-17 19:18:08,583 [INFO] LogOutputStream:77 - [STDOUT_REDIRECT] 1 : Invalid condition id : UX_CORESTACK_Condition cause : null
2026-08-17 19:18:08,586 [WARN] PackLoader:240 - Cannot read IP mode file for STMicroelectronics.X-CUBE-AZRTOS-WL.2.0.0
2026-08-17 19:18:08,591 [WARN] PackLoader:240 - Cannot read IP mode file for STMicroelectronics.X-CUBE-BLE2.3.3.0
2026-08-17 19:18:08,612 [WARN] PackLoader:240 - Cannot read IP mode file for Infineon.AIROC-Wi-Fi-Bluetooth-STM32.1.8.0
2026-08-17 19:18:08,619 [WARN] PackLoader:240 - Cannot read IP mode file for STMicroelectronics.X-CUBE-NFC9.1.0.0
2026-08-17 19:18:08,623 [WARN] PackLoader:240 - Cannot read IP mode file for STMicroelectronics.X-CUBE-BLE1.7.1.0
2026-08-17 19:18:08,624 [WARN] PackLoader:240 - Cannot read IP mode file for wolfSSL.I-CUBE-wolfMQTT.1.19.2
2026-08-17 19:18:08,627 [WARN] PackLoader:240 - Cannot read IP mode file for STMicroelectronics.X-CUBE-EEPRMA1.5.2.0
2026-08-17 19:18:08,630 [ERROR] Engine:466 - /home/thuy/.stm32cubemx/thirdparties/pdsc/STMicroelectronics.FP-SNS-STAIOTCFT.1.1.0.pdsc: PDSC version is not supported
2026-08-17 19:18:08,638 [WARN] PackLoader:240 - Cannot read IP mode file for STMicroelectronics.X-CUBE-AZRTOS-G0.1.1.0
2026-08-17 19:18:08,642 [WARN] PackLoader:240 - Cannot read IP mode file for STMicroelectronics.X-CUBE-NFC4.3.0.0
2026-08-17 19:18:08,647 [WARN] PackLoader:240 - Cannot read IP mode file for EmbeddedOffice.I-CUBE-FS-RTOS.1.0.1
2026-08-17 19:18:08,650 [WARN] PackLoader:240 - Cannot read IP mode file for wolfSSL.I-CUBE-wolfTPM.3.8.0
2026-08-17 19:18:08,653 [WARN] PackLoader:240 - Cannot read IP mode file for STMicroelectronics.X-CUBE-TCPP.4.2.0
2026-08-17 19:18:08,656 [WARN] PackLoader:240 - Cannot read IP mode file for RealThread.X-CUBE-RT-Thread_Nano.4.1.1
2026-08-17 19:18:08,658 [WARN] PackLoader:240 - Cannot read IP mode file for STMicroelectronics.FP-ATR-SIGFOX1.3.2.0
2026-08-17 19:18:08,661 [WARN] PackLoader:240 - Cannot read IP mode file for ITTIA_DB.I-CUBE-ITTIADB.8.9.0
2026-08-17 19:18:08,662 [WARN] PackLoader:240 - Cannot read IP mode file for Cesanta.I-CUBE-Mongoose.7.21.7
2026-08-17 19:18:08,671 [WARN] PackLoader:240 - Cannot read IP mode file for STMicroelectronics.X-CUBE-NFC6.3.2.0
2026-08-17 19:18:08,676 [WARN] PackLoader:240 - Cannot read IP mode file for STMicroelectronics.X-CUBE-AI.10.2.1
2026-08-17 19:18:08,714 [WARN] PackLoader:240 - Cannot read IP mode file for STMicroelectronics.X-CUBE-MEMS1.12.1.0
2026-08-17 19:18:08,782 [WARN] PackLoader:240 - Cannot read IP mode file for SEGGER.I-CUBE-embOS.1.3.1
2026-08-17 19:18:08,822 [WARN] PackLoader:240 - Cannot read IP mode file for STMicroelectronics.X-CUBE-NFC13.1.0.0
2026-08-17 19:18:08,827 [WARN] PackLoader:240 - Cannot read IP mode file for STMicroelectronics.X-CUBE-PM33A1.1.0.0
2026-08-17 19:18:08,839 [WARN] PackLoader:240 - Cannot read IP mode file for STMicroelectronics.X-CUBE-AZRTOS-F4.1.1.0
2026-08-17 19:18:08,843 [WARN] PackLoader:240 - Cannot read IP mode file for STMicroelectronics.X-CUBE-ISPU.2.1.0
2026-08-17 19:18:08,846 [ERROR] Engine:466 - /home/thuy/.stm32cubemx/thirdparties/pdsc/STMicroelectronics.X-CUBE-IPS.3.2.0.pdsc: PDSC version is not supported
2026-08-17 19:18:08,847 [WARN] PackLoader:240 - Cannot read IP mode file for STMicroelectronics.eDS-WB_DPC_TT-BIDIR.2.1.1
2026-08-17 19:18:08,849 [WARN] PackLoader:240 - Cannot read IP mode file for STMicroelectronics.X-CUBE-NFC12.1.0.0
2026-08-17 19:18:08,857 [WARN] PackLoader:240 - Cannot read IP mode file for STMicroelectronics.X-CUBE-AZRTOS-L5.2.0.0
2026-08-17 19:18:08,862 [WARN] PackLoader:240 - Cannot read IP mode file for STMicroelectronics.X-CUBE-ALGOBUILD.1.5.0
2026-08-17 19:18:08,864 [WARN] PackLoader:240 - Cannot read IP mode file for STMicroelectronics.eDS-WB_DPC_VIENNA.1.2.0
2026-08-17 19:18:08,887 [WARN] PackLoader:240 - Cannot read IP mode file for STMicroelectronics.X-CUBE-MEMS1.13.0.0
2026-08-17 19:18:08,952 [WARN] PackLoader:240 - Cannot read IP mode file for STMicroelectronics.eDS-WB_DPC_3PH2L-BIDIR.1.1.1
2026-08-17 19:18:08,955 [ERROR] Engine:466 - /home/thuy/.stm32cubemx/thirdparties/pdsc/STMicroelectronics.X-CUBE-ST67W61.1.3.0.pdsc: PDSC version is not supported
2026-08-17 19:18:08,958 [WARN] PackLoader:240 - Cannot read IP mode file for STMicroelectronics.X-CUBE-TOUCHGFX.4.26.1
2026-08-17 19:18:08,975 [WARN] PackLoader:240 - Cannot read IP mode file for STMicroelectronics.X-CUBE-DPower.1.3.0
2026-08-17 19:18:08,992 [WARN] ConditionMgr:438 - getConditionDescription Invalid condition id : LAN8742 Phy interface Condition cause : null
2026-08-17 19:18:08,993 [WARN] PackLoader:240 - Cannot read IP mode file for STMicroelectronics.X-CUBE-AZRTOS-L4.2.0.0
2026-08-17 19:18:08,995 [WARN] ConditionMgr:1044 - genDependencies : Invalid condition id : LAN8742 Phy interface Condition cause : null
2026-08-17 19:18:08,995 [WARN] ConditionMgr:1044 - genDependencies : Invalid condition id : LAN8742 Phy interface Condition cause : null
2026-08-17 19:18:08,995 [WARN] ConditionMgr:1044 - genDependencies : Invalid condition id : LAN8742 Phy interface Condition cause : null
2026-08-17 19:18:09,001 [WARN] PackLoader:240 - Cannot read IP mode file for STMicroelectronics.X-CUBE-SFXS2LP1.4.0.0
2026-08-17 19:18:09,006 [WARN] PackLoader:240 - Cannot read IP mode file for STMicroelectronics.X-CUBE-WB05N.2.1.0
2026-08-17 19:18:09,013 [WARN] ConditionMgr:438 - getConditionDescription Invalid condition id : UX DEVICE CLASS RTOS Condition cause : null
2026-08-17 19:18:09,013 [WARN] ConditionMgr:438 - getConditionDescription Invalid condition id : UX DEVICE CLASS RTOS Condition cause : null
2026-08-17 19:18:09,015 [WARN] PackLoader:240 - Cannot read IP mode file for STMicroelectronics.X-CUBE-AZRTOS-WB.2.0.0
2026-08-17 19:18:09,015 [WARN] ConditionMgr:1044 - genDependencies : Invalid condition id : UX DEVICE CLASS RTOS Condition cause : null
2026-08-17 19:18:09,015 [WARN] ConditionMgr:1044 - genDependencies : Invalid condition id : UX DEVICE CLASS RTOS Condition cause : null
2026-08-17 19:18:09,015 [WARN] ConditionMgr:1044 - genDependencies : Invalid condition id : UX DEVICE CLASS RTOS Condition cause : null
2026-08-17 19:18:09,016 [WARN] ConditionMgr:1044 - genDependencies : Invalid condition id : UX DEVICE CLASS RTOS Condition cause : null
2026-08-17 19:18:09,016 [WARN] ConditionMgr:1044 - genDependencies : Invalid condition id : UX DEVICE CLASS RTOS Condition cause : null
2026-08-17 19:18:09,018 [WARN] ConditionMgr:438 - getConditionDescription Invalid condition id : Cortex-A Device cause : null
2026-08-17 19:18:09,022 [WARN] ConditionMgr:1044 - genDependencies : Invalid condition id : Cortex-A Device cause : null
2026-08-17 19:18:09,022 [WARN] ConditionMgr:1044 - genDependencies : Invalid condition id : Cortex-A Device cause : null
2026-08-17 19:18:09,022 [WARN] ConditionMgr:1044 - genDependencies : Invalid condition id : Cortex-A Device cause : null
2026-08-17 19:18:09,026 [WARN] PackLoader:240 - Cannot read IP mode file for STMicroelectronics.X-CUBE-STSE01.2.0.0
2026-08-17 19:18:09,033 [WARN] PackLoader:240 - Cannot read IP mode file for STMicroelectronics.X-CUBE-SUBG2.5.0.0
2026-08-17 19:18:09,045 [WARN] PackLoader:240 - Cannot read IP mode file for STMicroelectronics.X-CUBE-AZRTOS-G4.2.0.0
2026-08-17 19:18:09,048 [WARN] PackLoader:240 - Cannot read IP mode file for wolfSSL.I-CUBE-wolfSSH.1.4.20
2026-08-17 19:18:09,050 [WARN] PackLoader:240 - Cannot read IP mode file for STMicroelectronics.X-CUBE-NFC7.2.0.0
2026-08-17 19:18:09,052 [ERROR] Engine:466 - /home/thuy/.stm32cubemx/thirdparties/pdsc/STMicroelectronics.X-CUBE-BLEMGR.4.2.0.pdsc: PDSC version is not supported
2026-08-17 19:18:09,054 [WARN] PackLoader:240 - Cannot read IP mode file for STMicroelectronics.X-CUBE-ALS.1.0.2
2026-08-17 19:18:09,059 [WARN] PackLoader:240 - Cannot read IP mode file for STMicroelectronics.X-CUBE-TOF1.3.4.3
2026-08-17 19:18:09,064 [INFO] ThirdParty:978 - Integrity check success = true
2026-08-17 19:18:09,064 [INFO] IntegrityCheckThread:100 - exiting critical section [integrity check]
2026-08-17 19:18:09,064 [INFO] IntegrityCheckThread:103 - End integrity checks thread
2026-08-17 19:18:22,599 [INFO] McuFinderGlobals:63 - Set McuFinder mode to 2 (CubeIDE integrated)
2026-08-17 19:18:22,601 [INFO] MainUpdater:2872 - connection check result : 10
2026-08-17 19:18:22,601 [INFO] MainUpdater:2872 - connection check result : 10
2026-08-17 19:18:22,613 [INFO] MicroXplorer:468 - Change Database Path : 
2026-08-17 19:18:22,613 [INFO] MicroXplorer:498 - Change Database Version : DB.6.0.140
2026-08-17 19:18:22,616 [WARN] ThirdParty:871 - waiting for thirdparty lock release [close project]
2026-08-17 19:18:22,616 [INFO] ThirdParty:873 - entering critical section [close project]
2026-08-17 19:18:22,617 [INFO] ThirdParty:883 - exiting critical section [close project]
2026-08-17 19:18:22,618 [INFO] PinOutPanel:1589 - setPackage(No Configuration,No Configuration)
2026-08-17 19:18:22,621 [INFO] UtilMem:75 - Begin LoadConfig() Used Memory: 216753648 Bytes (309329920)
2026-08-17 19:18:22,622 [INFO] MicroXplorer:468 - Change Database Path : 
2026-08-17 19:18:22,622 [INFO] MicroXplorer:498 - Change Database Version : DB.6.0.140
2026-08-17 19:18:22,622 [INFO] OpenFileManager:354 - Change cursor
2026-08-17 19:18:22,631 [INFO] Mcu:2011 - Initializing MCU STM32F411C(C-E)Ux STM32F411CEUx STM32F411CEU6
2026-08-17 19:18:23,173 [INFO] Context:756 - Trying to add GPIOservice into a context  which must be forbidden
2026-08-17 19:18:23,424 [INFO] ImportTextPane:218 - (OptionalMessage_ERROR) Pin23 (VP_RIF_VS_RIF1) cannot be retrieved for this MCU
2026-08-17 19:18:23,479 [INFO] RtosManager:558 - Registered RTOS mode: class=CMSIS, group=RTOS, mode=CMSIS_V1, owner=FREERTOS
2026-08-17 19:18:23,479 [INFO] RtosManager:558 - Registered RTOS mode: class=CMSIS, group=RTOS2, mode=CMSIS_V2, owner=FREERTOS
2026-08-17 19:18:23,479 [INFO] RtosManager:558 - Registered RTOS mode: class=RTOS, group=Core, mode=CMSIS_V1, owner=FREERTOS
2026-08-17 19:18:23,479 [INFO] RtosManager:558 - Registered RTOS mode: class=RTOS, group=Core, mode=CMSIS_V2, owner=FREERTOS
2026-08-17 19:18:23,479 [WARN] ModelIntegratedComponent:184 - Missing modes for component STMicroelectronics:FreeRTOS:0.0.1:STMicroelectronics:RTOS:FreeRTOS:Core:::10.2.0:
2026-08-17 19:18:23,529 [WARN] ModelIntegratedComponent:182 - Modes not found for component STMicroelectronics:USB_HOST:1.0.0:STMicroelectronics:USB::USB Host:Audio HS::1.0:USB_HOST_1_0_RESTRICTED_HS
2026-08-17 19:18:23,529 [WARN] ModelIntegratedComponent:188 - Modes not found for component STMicroelectronics:USB_HOST:1.0.0:STMicroelectronics:USB::USB Host:Audio HS::1.0:USB_HOST_1_0_RESTRICTED_HS
2026-08-17 19:18:23,529 [WARN] ModelIntegratedComponent:182 - Modes not found for component STMicroelectronics:USB_HOST:1.0.0:STMicroelectronics:USB::USB Host:CDC HS::1.0:USB_HOST_1_0_RESTRICTED_HS
2026-08-17 19:18:23,529 [WARN] ModelIntegratedComponent:188 - Modes not found for component STMicroelectronics:USB_HOST:1.0.0:STMicroelectronics:USB::USB Host:CDC HS::1.0:USB_HOST_1_0_RESTRICTED_HS
2026-08-17 19:18:23,529 [WARN] ModelIntegratedComponent:182 - Modes not found for component STMicroelectronics:USB_HOST:1.0.0:STMicroelectronics:USB::USB Host:MSC HS::1.0:USB_HOST_1_0_RESTRICTED_HS
2026-08-17 19:18:23,529 [WARN] ModelIntegratedComponent:188 - Modes not found for component STMicroelectronics:USB_HOST:1.0.0:STMicroelectronics:USB::USB Host:MSC HS::1.0:USB_HOST_1_0_RESTRICTED_HS
2026-08-17 19:18:23,530 [WARN] ModelIntegratedComponent:182 - Modes not found for component STMicroelectronics:USB_HOST:1.0.0:STMicroelectronics:USB::USB Host:HID HS::1.0:USB_HOST_1_0_RESTRICTED_HS
2026-08-17 19:18:23,530 [WARN] ModelIntegratedComponent:188 - Modes not found for component STMicroelectronics:USB_HOST:1.0.0:STMicroelectronics:USB::USB Host:HID HS::1.0:USB_HOST_1_0_RESTRICTED_HS
2026-08-17 19:18:23,530 [WARN] ModelIntegratedComponent:182 - Modes not found for component STMicroelectronics:USB_HOST:1.0.0:STMicroelectronics:USB::USB Host:MTP HS::1.0:USB_HOST_1_0_RESTRICTED_HS
2026-08-17 19:18:23,530 [WARN] ModelIntegratedComponent:188 - Modes not found for component STMicroelectronics:USB_HOST:1.0.0:STMicroelectronics:USB::USB Host:MTP HS::1.0:USB_HOST_1_0_RESTRICTED_HS
2026-08-17 19:18:23,533 [WARN] ModelIntegratedComponent:63 - No mode defined for component null
2026-08-17 19:18:23,533 [WARN] ModelIntegratedComponent:63 - No mode defined for component null
2026-08-17 19:18:23,533 [WARN] ModelIntegratedComponent:63 - No mode defined for component null
2026-08-17 19:18:23,533 [WARN] ModelIntegratedComponent:63 - No mode defined for component null
2026-08-17 19:18:23,533 [WARN] ModelIntegratedComponent:63 - No mode defined for component null
2026-08-17 19:18:23,533 [WARN] ModelIntegratedComponent:63 - No mode defined for component null
2026-08-17 19:18:23,533 [WARN] ModelIntegratedComponent:63 - No mode defined for component null
2026-08-17 19:18:23,533 [WARN] ModelIntegratedComponent:63 - No mode defined for component null
2026-08-17 19:18:23,533 [WARN] ModelIntegratedComponent:63 - No mode defined for component null
2026-08-17 19:18:23,533 [WARN] ModelIntegratedComponent:63 - No mode defined for component null
2026-08-17 19:18:23,533 [WARN] ModelIntegratedComponent:63 - No mode defined for component null
2026-08-17 19:18:23,533 [WARN] ModelIntegratedComponent:63 - No mode defined for component null
2026-08-17 19:18:23,533 [WARN] ModelIntegratedComponent:63 - No mode defined for component null
2026-08-17 19:18:23,533 [WARN] ModelIntegratedComponent:63 - No mode defined for component null
2026-08-17 19:18:23,533 [WARN] ModelIntegratedComponent:63 - No mode defined for component null
2026-08-17 19:18:23,533 [WARN] ModelIntegratedComponent:63 - No mode defined for component null
2026-08-17 19:18:23,533 [WARN] ModelIntegratedComponent:63 - No mode defined for component null
2026-08-17 19:18:23,533 [WARN] ModelIntegratedComponent:63 - No mode defined for component null
2026-08-17 19:18:23,533 [WARN] ModelIntegratedComponent:63 - No mode defined for component null
2026-08-17 19:18:23,533 [WARN] ModelIntegratedComponent:63 - No mode defined for component null
2026-08-17 19:18:23,533 [WARN] ModelIntegratedComponent:63 - No mode defined for component null
2026-08-17 19:18:23,533 [WARN] ModelIntegratedComponent:63 - No mode defined for component null
2026-08-17 19:18:23,533 [WARN] ModelIntegratedComponent:63 - No mode defined for component null
2026-08-17 19:18:23,533 [WARN] ModelIntegratedComponent:63 - No mode defined for component null
2026-08-17 19:18:23,533 [WARN] ModelIntegratedComponent:63 - No mode defined for component null
2026-08-17 19:18:23,533 [WARN] ModelIntegratedComponent:63 - No mode defined for component null
2026-08-17 19:18:23,533 [WARN] ModelIntegratedComponent:63 - No mode defined for component null
2026-08-17 19:18:23,533 [WARN] ModelIntegratedComponent:63 - No mode defined for component null
2026-08-17 19:18:23,533 [WARN] ModelIntegratedComponent:63 - No mode defined for component null
2026-08-17 19:18:23,533 [WARN] ModelIntegratedComponent:63 - No mode defined for component null
2026-08-17 19:18:23,533 [WARN] ModelIntegratedComponent:63 - No mode defined for component null
2026-08-17 19:18:23,533 [WARN] ModelIntegratedComponent:63 - No mode defined for component null
2026-08-17 19:18:23,533 [WARN] ModelIntegratedComponent:63 - No mode defined for component null
2026-08-17 19:18:23,533 [WARN] ModelIntegratedComponent:63 - No mode defined for component null
2026-08-17 19:18:23,533 [WARN] ModelIntegratedComponent:63 - No mode defined for component null
2026-08-17 19:18:23,534 [WARN] ModelPack:524 - Component already loaded: STMicroelectronics:HAL Drivers:0.0.0:STMicroelectronics:Device:STMicro_Driver:XSPI:HAL::0.0.1:HAL_XSPI
2026-08-17 19:18:23,564 [WARN] ModelIntegratedComponent:182 - Modes not found for component STMicroelectronics:USB_DEVICE:1.0.0:STMicroelectronics:USB::USB Device:Audio HS::1.0:USB_DEVICE_1_0_RESTRICTED_HS
2026-08-17 19:18:23,565 [WARN] ModelIntegratedComponent:188 - Modes not found for component STMicroelectronics:USB_DEVICE:1.0.0:STMicroelectronics:USB::USB Device:Audio HS::1.0:USB_DEVICE_1_0_RESTRICTED_HS
2026-08-17 19:18:23,565 [WARN] ModelIntegratedComponent:182 - Modes not found for component STMicroelectronics:USB_DEVICE:1.0.0:STMicroelectronics:USB::USB Device:CDC HS::1.0:USB_DEVICE_1_0_RESTRICTED_HS
2026-08-17 19:18:23,565 [WARN] ModelIntegratedComponent:188 - Modes not found for component STMicroelectronics:USB_DEVICE:1.0.0:STMicroelectronics:USB::USB Device:CDC HS::1.0:USB_DEVICE_1_0_RESTRICTED_HS
2026-08-17 19:18:23,565 [WARN] ModelIntegratedComponent:182 - Modes not found for component STMicroelectronics:USB_DEVICE:1.0.0:STMicroelectronics:USB::USB Device:DFU HS::1.0:USB_DEVICE_1_0_RESTRICTED_HS
2026-08-17 19:18:23,565 [WARN] ModelIntegratedComponent:188 - Modes not found for component STMicroelectronics:USB_DEVICE:1.0.0:STMicroelectronics:USB::USB Device:DFU HS::1.0:USB_DEVICE_1_0_RESTRICTED_HS
2026-08-17 19:18:23,565 [WARN] ModelIntegratedComponent:182 - Modes not found for component STMicroelectronics:USB_DEVICE:1.0.0:STMicroelectronics:USB::USB Device:HID HS::1.0:USB_DEVICE_1_0_RESTRICTED_HS
2026-08-17 19:18:23,565 [WARN] ModelIntegratedComponent:188 - Modes not found for component STMicroelectronics:USB_DEVICE:1.0.0:STMicroelectronics:USB::USB Device:HID HS::1.0:USB_DEVICE_1_0_RESTRICTED_HS
2026-08-17 19:18:23,565 [WARN] ModelIntegratedComponent:182 - Modes not found for component STMicroelectronics:USB_DEVICE:1.0.0:STMicroelectronics:USB::USB Device:Custom HID HS::1.0:USB_DEVICE_1_0_RESTRICTED_HS
2026-08-17 19:18:23,565 [WARN] ModelIntegratedComponent:188 - Modes not found for component STMicroelectronics:USB_DEVICE:1.0.0:STMicroelectronics:USB::USB Device:Custom HID HS::1.0:USB_DEVICE_1_0_RESTRICTED_HS
2026-08-17 19:18:23,565 [WARN] ModelIntegratedComponent:182 - Modes not found for component STMicroelectronics:USB_DEVICE:1.0.0:STMicroelectronics:USB::USB Device:MSC HS::1.0:USB_DEVICE_1_0_RESTRICTED_HS
2026-08-17 19:18:23,565 [WARN] ModelIntegratedComponent:188 - Modes not found for component STMicroelectronics:USB_DEVICE:1.0.0:STMicroelectronics:USB::USB Device:MSC HS::1.0:USB_DEVICE_1_0_RESTRICTED_HS
2026-08-17 19:18:23,580 [INFO] ThirdPartyModel:298 - Start build external matchings
2026-08-17 19:18:23,812 [INFO] ThirdPartyModel:316 - End build external matchings
2026-08-17 19:18:23,827 [INFO] ImportTextPane:218 - (OptionalMessage_ERROR) IP (DMA) : Parameter (Instance) has Id (SPI1_RX) currently not set
2026-08-17 19:18:23,827 [INFO] ImportTextPane:218 - (OptionalMessage_ERROR) IP (DMA) : Parameter (Channel) has Id (SPI1_RX) currently not set
2026-08-17 19:18:23,827 [INFO] ImportTextPane:218 - (OptionalMessage_ERROR) IP (DMA) : Parameter (Direction) has Id (SPI1_RX) currently not set
2026-08-17 19:18:23,827 [INFO] ImportTextPane:218 - (OptionalMessage_ERROR) IP (DMA) : Parameter (PeriphInc) has Id (SPI1_RX) currently not set
2026-08-17 19:18:23,827 [INFO] ImportTextPane:218 - (OptionalMessage_ERROR) IP (DMA) : Parameter (MemInc) has Id (SPI1_RX) currently not set
2026-08-17 19:18:23,827 [INFO] ImportTextPane:218 - (OptionalMessage_ERROR) IP (DMA) : Parameter (PeriphDataAlignment) has Id (SPI1_RX) currently not set
2026-08-17 19:18:23,827 [INFO] ImportTextPane:218 - (OptionalMessage_ERROR) IP (DMA) : Parameter (MemDataAlignment) has Id (SPI1_RX) currently not set
2026-08-17 19:18:23,827 [INFO] ImportTextPane:218 - (OptionalMessage_ERROR) IP (DMA) : Parameter (Mode) has Id (SPI1_RX) currently not set
2026-08-17 19:18:23,827 [INFO] ImportTextPane:218 - (OptionalMessage_ERROR) IP (DMA) : Parameter (Priority) has Id (SPI1_RX) currently not set
2026-08-17 19:18:23,827 [INFO] ImportTextPane:218 - (OptionalMessage_ERROR) IP (DMA) : Parameter (FIFOMode) has Id (SPI1_RX) currently not set
2026-08-17 19:18:23,828 [WARN] IP:2250 - I2C_Coeff_DF not found: check if there is a RefParameter without a condition.
2026-08-17 19:18:23,828 [WARN] IP:2250 - Analog_Filter not found: check if there is a RefParameter without a condition.
2026-08-17 19:18:23,829 [INFO] ImportTextPane:218 - (OptionalMessage_ERROR) IP (RCC) : Parameter (48MHZClocksFreq_Value) has invalid value (50000000)
2026-08-17 19:18:23,829 [INFO] ImportTextPane:218 - (OptionalMessage_ERROR) IP (RCC) : Parameter (RTCHSEDivFreq_Value) has invalid value (12500000)
2026-08-17 19:18:24,035 [INFO] ApiDb:581 - Connected to CubeFinder SQLite database (/home/thuy/.stmcufinder/plugins/mcufinder/mcu/cube-finder-db.db)
2026-08-17 19:18:24,071 [INFO] ApiDb:668 - CubeFinder database Data Model version=2.1
2026-08-17 19:18:24,071 [INFO] ApiDb:669 - CubeFinder database Configuration version=3.0.42
2026-08-17 19:18:24,072 [INFO] ApiDb:670 - CubeFinder database generation date=2026-06-23 (1782213372)
2026-08-17 19:18:24,072 [INFO] ApiDb:671 - CubeFinder database FW Pack versions=[FP-ATR-ASTRA1_V2.0.0, FP-SNS-FLIGHT1_V5.1.0, FP-SNS-MOTENV1_V5.1.0, FP-SNS-MOTENVWB1_V1.5.0, FP-SNS-SMARTAG2_V1.2.0, FP-SNS-STBOX1_V2.1.0, STM32Cube_FW_C0_V1.4.0, STM32Cube_FW_F4_V1.28.3, STM32Cube_FW_F7_V1.17.4, STM32Cube_FW_G0_V1.6.3, STM32Cube_FW_G4_V1.6.2, STM32Cube_FW_H5_V1.7.0, STM32Cube_FW_H7RS_V1.3.0, STM32Cube_FW_H7_V1.13.0, STM32Cube_FW_L0_V1.12.2, STM32Cube_FW_L4_V1.18.2, STM32Cube_FW_L5_V1.6.0, STM32Cube_FW_N6_V1.4.0, STM32Cube_FW_U0_V1.3.0, STM32Cube_FW_U3_V1.4.0, STM32Cube_FW_U5_V1.9.0, STM32Cube_FW_WB0_V1.5.0, STM32Cube_FW_WBA_V1.10.0, STM32Cube_FW_WB_V1.24.0, STM32Cube_FW_WL3_V1.5.0, STM32Cube_FW_WL_V1.6.0, X-CUBE-ALGOBUILD_V1.5.0, X-CUBE-ALS_V1.0.2, X-CUBE-AZRTOS-F4_V1.1.0, X-CUBE-AZRTOS-F7_V1.1.0, X-CUBE-AZRTOS-G0_V1.1.0, X-CUBE-AZRTOS-G4_V2.0.0, X-CUBE-AZRTOS-H7RS_V1.1.0, X-CUBE-AZRTOS-H7_V3.5.0, X-CUBE-AZRTOS-L4_V2.0.0, X-CUBE-AZRTOS-L5_V2.0.0, X-CUBE-AZRTOS-WB_V2.0.0, X-CUBE-AZRTOS-WL_V2.0.0, X-CUBE-BLE1_V7.1.0, X-CUBE-BLE2_V3.3.0, X-CUBE-BLEMGR_V4.1.0, X-CUBE-EEPRMA1_V5.2.0, X-CUBE-FREERTOS_V1.5.0, X-CUBE-GNSS1_V7.1.1, X-CUBE-MEMS1_V12.1.0, X-CUBE-NFC4_V3.0.0, X-CUBE-NFC7_V2.0.0, X-CUBE-SFXS2LP1_V4.0.0, X-CUBE-ST67W61_V1.3.0, X-CUBE-SUBG2_V5.0.0, X-CUBE-TOF1_V3.4.3]
2026-08-17 19:18:24,107 [INFO] DbBoardsSqlite:226 - include board P-NUCLEO-WB55-NUCLEO as a kit item of type 'Nucleo-64'
2026-08-17 19:18:24,107 [INFO] DbBoardsSqlite:226 - include board P-NUCLEO-WB55-USBDONGLE as a kit item of type 'Nucleo USB Dongle'
2026-08-17 19:18:24,107 [INFO] DbBoardsSqlite:226 - include board STEVAL-IDP005V1 as a kit item of type 'Evaluation Board'
2026-08-17 19:18:24,107 [INFO] DbBoardsSqlite:226 - include board STEVAL-IDP005V2 as a kit item of type 'Evaluation Board'
2026-08-17 19:18:24,139 [INFO] ApiDb:240 - Found 895 in-development CPN: [B-G473E-ZEST1S, B-WB1M-WPAN1, B-WBA5M-WPAN, B-WL5M-SUBG1, NUCLEO-C031C6, NUCLEO-C051C8, NUCLEO-C071RB, NUCLEO-C092RC, NUCLEO-H503RB, NUCLEO-H533RE, NUCLEO-H563ZI, NUCLEO-H7S3L8, NUCLEO-N657X0-Q, NUCLEO-U031R8, NUCLEO-U083RC, NUCLEO-U385RG-Q, NUCLEO-U545RE-Q, NUCLEO-U5A5ZJ-Q, NUCLEO-WB05KZ, NUCLEO-WB07CC, NUCLEO-WB09KE, NUCLEO-WBA52CG, NUCLEO-WBA55CG, NUCLEO-WBA65RI, NUCLEO-WL33CC1, NUCLEO-WL33CC2, STEVAL-PROTEUS1, STEVAL-SMARTAG2, STEVAL-STWINBX1, STM320518-EVAL, STM32C0116-DK, STM32C011D6Y3TR, STM32C011D6Y6TR, STM32C011F4P3, STM32C011F4P6, STM32C011F4U3, STM32C011F4U6TR, STM32C011F6P3, STM32C011F6P6, STM32C011F6U3, STM32C011F6U6TR, STM32C011J4M3, STM32C011J4M6, STM32C011J6M3, STM32C011J6M6, STM32C0316-DK, STM32C031C4T3, STM32C031C4T6, STM32C031C4U3, STM32C031C4U6, STM32C031C6T3, STM32C031C6T6, STM32C031C6U3, STM32C031C6U6, STM32C031F4P3, STM32C031F4P6, STM32C031F6P3, STM32C031F6P6, STM32C031G4U3, STM32C031G4U6, STM32C031G6U3, STM32C031G6U6, STM32C031K4T3, STM32C031K4T6, STM32C031K4U3, STM32C031K4U6, STM32C031K6T3, STM32C031K6T6, STM32C031K6U3, STM32C031K6U6, STM32C051C6T6, STM32C051C6U6, STM32C051C8T6, STM32C051C8U6, STM32C051D8Y6TR, STM32C051F6P6, STM32C051F8P6, STM32C051G6U6, STM32C051G8U6, STM32C051K6T6, STM32C051K6U6, STM32C051K8T6, STM32C071C8T6, STM32C071C8T6N, STM32C071C8U6, STM32C071C8U6N, STM32C071CBT6, STM32C071CBT6N, STM32C071CBU6, STM32C071CBU6N, STM32C071F8P6, STM32C071F8P6N, STM32C071FBP6, STM32C071FBP6N, STM32C071FBY6TR, STM32C071G8U6, STM32C071G8U6N, STM32C071GBU6, STM32C071GBU6N, STM32C071K8T6, STM32C071K8T6N, STM32C071K8U6, STM32C071K8U6N, STM32C071KBT6, STM32C071KBT6N, STM32C071KBU6, STM32C071KBU6N, STM32C071R8T6, STM32C071R8T6N, STM32C071RBI6N, STM32C071RBT6, STM32C071RBT6N, STM32C091CBT6, STM32C091CBU6, STM32C091CCT6, STM32C091CCU6, STM32C091ECY6TR, STM32C091FBP6, STM32C091FCP6, STM32C091GBU6, STM32C091GCU6, STM32C091KBT6, STM32C091KBU6, STM32C091KCT6, STM32C091KCU6, STM32C091RBT6, STM32C091RCI6, STM32C091RCT6, STM32C092CBT6, STM32C092CBU6, STM32C092CCT6, STM32C092CCU6, STM32C092ECY6TR, STM32C092FBP6, STM32C092FCP6, STM32C092GBU6, STM32C092GCU6, STM32C092KBT6, STM32C092KBU6, STM32C092KCT6, STM32C092KCU6, STM32C092RBT6, STM32C092RCI6, STM32C092RCT6, STM32G071K8TXN, STM32G071K8UXN, STM32G081GBU6N, STM32G081KBT6N, STM32G081KBUXN, STM32G0B1CCT6N, STM32G0B1KCT6, STM32G0B1NEY6TR, STM32G0B1RCT6N, STM32G0C1CCT6, STM32G0C1CCT6N, STM32G0C1CCU6N, STM32G0C1CET6N, STM32G0C1CEU6N, STM32G0C1KCT6, STM32G0C1NEY6TR, STM32G0C1RCI6N, STM32G0C1RCT6N, STM32G0C1REI6N, STM32G0C1RET6N, STM32G0C1VCI6, STM32G0C1VEI6, STM32G411C6T3, STM32G411C6T6, STM32G411C6U3, STM32G411C6U6, STM32G411C8T3, STM32G411C8T6, STM32G411C8U3, STM32G411C8U6, STM32G411CBT3, STM32G411CBT6, STM32G411CBU3, STM32G411CBU6, STM32G411CCT3, STM32G411CCT6, STM32G411CCU3, STM32G411CCU6, STM32G411K6T3, STM32G411K6T6, STM32G411K6U3, STM32G411K6U6, STM32G411K8T3, STM32G411K8T6, STM32G411K8U3, STM32G411K8U6, STM32G411KBT3, STM32G411KBT6, STM32G411KBU3, STM32G411KBU6, STM32G411M6T3, STM32G411M6T6, STM32G411M8T3, STM32G411M8T6, STM32G411MBT3, STM32G411MBT6, STM32G411MCT3, STM32G411MCT6, STM32G411R6T3, STM32G411R6T6, STM32G411R8T3, STM32G411R8T6, STM32G411RBT3, STM32G411RBT6, STM32G411RCT3, STM32G411RCT6, STM32G414CBT3, STM32G414CBT6, STM32G414CBU3, STM32G414CBU6, STM32G414CCT3, STM32G414CCT6, STM32G414CCU3, STM32G414CCU6, STM32G414MBT3, STM32G414MBT6, STM32G414MCT3, STM32G414MCT6, STM32G414RBT3, STM32G414RBT6, STM32G414RCT3, STM32G414RCT6, STM32G414VBT3, STM32G414VBT6, STM32G414VCT3, STM32G414VCT6, STM32G431CBT3Z, STM32G431RBT3Z, STM32G471CCT6, STM32G471CCU6, STM32G471CET3, STM32G471CET6, STM32G471CEU3, STM32G471CEU6, STM32G471MCT6, STM32G471MET3, STM32G471MET6, STM32G471MEY6TR, STM32G471QCT6, STM32G471QET3, STM32G471RCT6, STM32G471RET3, STM32G471RET6, STM32G471VCH6, STM32G471VCI6, STM32G471VCT6, STM32G471VEH3, STM32G471VEH6, STM32G471VEI3, STM32G471VEI6, STM32G471VET3, STM32G471VET6, STM32G473QET3Z, STM32G473RET3Z, STM32G474CCT6, STM32G491RET3Z, STM32H503CBT6, STM32H503CBU6, STM32H503EBY6TR, STM32H503KBU6, STM32H503RBT6, STM32H523CCT6, STM32H523CCU6, STM32H523CET6, STM32H523CEU6, STM32H523HEY6TR, STM32H523RCT6, STM32H523RET6, STM32H523VCI6, STM32H523VCT6, STM32H523VEI6, STM32H523VET6, STM32H523ZCJ6, STM32H523ZCT6, STM32H523ZEJ6, STM32H523ZET6, STM32H533CET6, STM32H533CEU6, STM32H533HEY6TR, STM32H533RET6, STM32H533VEI6, STM32H533VET6, STM32H533ZEJ6, STM32H533ZET6, STM32H562AGI6, STM32H562AII6, STM32H562IGK6, STM32H562IGT6, STM32H562IIK6, STM32H562IIT6, STM32H562RGT6, STM32H562RGV6, STM32H562RIT6, STM32H562RIV6, STM32H562VGT6, STM32H562VIT6, STM32H562ZGT6, STM32H562ZIT6, STM32H563AGI6, STM32H563AII3Q, STM32H563AII6, STM32H563IGK6, STM32H563IGT6, STM32H563IIK3Q, STM32H563IIK6, STM32H563IIT3Q, STM32H563IIT6, STM32H563MIY3QTR, STM32H563RGT6, STM32H563RGV6, STM32H563RIT6, STM32H563RIV6, STM32H563VGT6, STM32H563VIT3Q, STM32H563VIT6, STM32H563ZGT6, STM32H563ZIT3Q, STM32H563ZIT6, STM32H573AII3Q, STM32H573AII6, STM32H573I-DK, STM32H573IIK3Q, STM32H573IIK6, STM32H573IIT3Q, STM32H573IIT6, STM32H573MIY3QTR, STM32H573RIT6, STM32H573RIV6, STM32H573VIT3Q, STM32H573VIT6, STM32H573ZIT3Q, STM32H573ZIT6, STM32H7R3A8I6, STM32H7R3I8K6, STM32H7R3I8T6, STM32H7R3L8H6, STM32H7R3L8H6H, STM32H7R3R8V6, STM32H7R3V8H6, STM32H7R3V8T6, STM32H7R3V8Y6TR, STM32H7R3Z8J6, STM32H7R3Z8T6, STM32H7R7A8I6, STM32H7R7I8K6, STM32H7R7I8T6, STM32H7R7L8H6, STM32H7R7L8H6H, STM32H7R7Z8J6, STM32H7S3A8I6, STM32H7S3I8K6, STM32H7S3I8T6, STM32H7S3L8H6, STM32H7S3L8H6H, STM32H7S3R8V6, STM32H7S3V8H6, STM32H7S3V8T6, STM32H7S3V8Y6TR, STM32H7S3Z8J6, STM32H7S3Z8T6, STM32H7S78-DK, STM32H7S7A8I6, STM32H7S7I8K6, STM32H7S7I8T6, STM32H7S7L8H6, STM32H7S7L8H6H, STM32H7S7Z8J6, STM32L4R5QGI6STR, STM32MP131AAE3, STM32MP131AAF3, STM32MP131AAG3, STM32MP131CAE3, STM32MP131CAF3, STM32MP131CAG3, STM32MP131DAE7, STM32MP131DAF7, STM32MP131DAG7, STM32MP131FAE7, STM32MP131FAF7, STM32MP131FAG7, STM32MP133AAE3, STM32MP133AAF3, STM32MP133AAG3, STM32MP133CAE3, STM32MP133CAF3, STM32MP133CAG3, STM32MP133DAE7, STM32MP133DAF7, STM32MP133DAG7, STM32MP133FAE7, STM32MP133FAF7, STM32MP133FAG7, STM32MP135AAE3, STM32MP135AAF3, STM32MP135AAG3, STM32MP135CAE3, STM32MP135CAF3, STM32MP135CAG3, STM32MP135DAE7, STM32MP135DAF7, STM32MP135DAG7, STM32MP135F-DK, STM32MP135FAE7, STM32MP135FAF7, STM32MP135FAF7T, STM32MP135FAF7U, STM32MP135FAG7, STM32MP231AAJ3, STM32MP231AAK3, STM32MP231AAL3, STM32MP231CAJ3, STM32MP231CAK3, STM32MP231CAL3, STM32MP231DAJ3, STM32MP231DAK3, STM32MP231DAL3, STM32MP231FAJ3, STM32MP231FAK3, STM32MP231FAL3, STM32MP233AAJ3, STM32MP233AAK3, STM32MP233AAL3, STM32MP233CAJ3, STM32MP233CAK3, STM32MP233CAL3, STM32MP233DAJ3, STM32MP233DAK3, STM32MP233DAL3, STM32MP233FAJ3, STM32MP233FAK3, STM32MP233FAL3, STM32MP235AAJ3, STM32MP235AAK3, STM32MP235AAL3, STM32MP235CAJ3, STM32MP235CAK3, STM32MP235CAL3, STM32MP235DAJ3, STM32MP235DAK3, STM32MP235DAL3, STM32MP235FAJ3, STM32MP235FAK3, STM32MP235FAL3, STM32MP251AAI3, STM32MP251AAJ3, STM32MP251AAK3, STM32MP251AAL3, STM32MP251CAI3, STM32MP251CAJ3, STM32MP251CAK3, STM32MP251CAL3, STM32MP251DAI3, STM32MP251DAJ3, STM32MP251DAK3, STM32MP251DAL3, STM32MP251FAI3, STM32MP251FAJ3, STM32MP251FAK3, STM32MP251FAL3, STM32MP253AAI3, STM32MP253AAJ3, STM32MP253AAK3, STM32MP253AAL3, STM32MP253CAI3, STM32MP253CAJ3, STM32MP253CAK3, STM32MP253CAL3, STM32MP253DAI3, STM32MP253DAJ3, STM32MP253DAK3, STM32MP253DAL3, STM32MP253FAI3, STM32MP253FAJ3, STM32MP253FAK3, STM32MP253FAL3, STM32MP255AAI3, STM32MP255AAJ3, STM32MP255AAK3, STM32MP255AAL3, STM32MP255CAI3, STM32MP255CAJ3, STM32MP255CAK3, STM32MP255CAL3, STM32MP255DAI3, STM32MP255DAJ3, STM32MP255DAK3, STM32MP255DAL3, STM32MP255FAI3, STM32MP255FAJ3, STM32MP255FAK3, STM32MP255FAL3, STM32MP257AAI3, STM32MP257AAJ3, STM32MP257AAK3, STM32MP257AAL3, STM32MP257CAI3, STM32MP257CAJ3, STM32MP257CAK3, STM32MP257CAL3, STM32MP257DAI3, STM32MP257DAJ3, STM32MP257DAK3, STM32MP257DAL3, STM32MP257F-DK, STM32MP257F-EV1, STM32MP257FAI3, STM32MP257FAJ3, STM32MP257FAK3, STM32MP257FAL3, STM32N645A0H3Q, STM32N645B0H3Q, STM32N645I0H3Q, STM32N645L0H3Q, STM32N645X0H3Q, STM32N645Z0H3Q, STM32N647A0H3Q, STM32N647B0H3Q, STM32N647I0H3Q, STM32N647L0H3Q, STM32N647X0H3Q, STM32N647Z0H3Q, STM32N655A0H3Q, STM32N655B0H3Q, STM32N655I0H3Q, STM32N655L0H3Q, STM32N655X0H3Q, STM32N655Z0H3Q, STM32N6570-DK, STM32N657A0H3Q, STM32N657B0H3Q, STM32N657I0H3Q, STM32N657L0H3Q, STM32N657X0H3Q, STM32N657Z0H3Q, STM32U031C6T6, STM32U031C6U6, STM32U031C8T6, STM32U031C8U6, STM32U031F4P6, STM32U031F6P6, STM32U031F8P6, STM32U031G6Y6TR, STM32U031G8Y6TR, STM32U031K4U6, STM32U031K6U6, STM32U031K8U6, STM32U031R6I6, STM32U031R6T6, STM32U031R8I6, STM32U031R8T6, STM32U073C8T6, STM32U073C8U6, STM32U073CBT6, STM32U073CBU6, STM32U073CCT6, STM32U073CCU6, STM32U073H8Y6TR, STM32U073HBY6TR, STM32U073HCY6TR, STM32U073K8U6, STM32U073KBU6, STM32U073KCU6, STM32U073M8I6, STM32U073M8T6, STM32U073MBI6, STM32U073MBT6, STM32U073MCI6, STM32U073MCT6, STM32U073R8I6, STM32U073R8T6, STM32U073RBI6, STM32U073RBT6, STM32U073RCI6, STM32U073RCT6, STM32U083C-DK, STM32U083CCT6, STM32U083CCU6, STM32U083HCY6TR, STM32U083KCU6, STM32U083MCI6, STM32U083MCT6, STM32U083RCI6, STM32U083RCT6, STM32U375CET6, STM32U375CET6Q, STM32U375CEU6, STM32U375CEU6Q, STM32U375CEY6QTR, STM32U375CGT6, STM32U375CGT6Q, STM32U375CGU6, STM32U375CGU6Q, STM32U375CGY6QTR, STM32U375KEU6, STM32U375KGU6, STM32U375REI6, STM32U375REI6Q, STM32U375RET6, STM32U375RET6Q, STM32U375REY6GTR, STM32U375REY6QTR, STM32U375RGI6, STM32U375RGI6Q, STM32U375RGT6, STM32U375RGT6Q, STM32U375RGY6GTR, STM32U375RGY6QTR, STM32U375VEI6, STM32U375VEI6Q, STM32U375VET6, STM32U375VET6Q, STM32U375VGI6, STM32U375VGI6Q, STM32U375VGT6, STM32U375VGT6Q, STM32U385CGT6, STM32U385CGT6Q, STM32U385CGU6, STM32U385CGU6Q, STM32U385CGY6QTR, STM32U385KGU6, STM32U385RGI6, STM32U385RGI6Q, STM32U385RGT6, STM32U385RGT6Q, STM32U385RGY6GTR, STM32U385RGY6QTR, STM32U385VGI6, STM32U385VGI6Q, STM32U385VGT6, STM32U385VGT6Q, STM32U535CBT6, STM32U535CBT6Q, STM32U535CBU6, STM32U535CBU6Q, STM32U535CCT6, STM32U535CCT6Q, STM32U535CCU6, STM32U535CCU6Q, STM32U535CET6, STM32U535CET6Q, STM32U535CEU6, STM32U535CEU6Q, STM32U535JEY6QTR, STM32U535NCY6QTR, STM32U535NEY6QTR, STM32U535RBI6, STM32U535RBI6Q, STM32U535RBT6, STM32U535RBT6Q, STM32U535RCI6, STM32U535RCI6Q, STM32U535RCT6, STM32U535RCT6Q, STM32U535REI6, STM32U535REI6Q, STM32U535RET6, STM32U535RET6Q, STM32U535VCI6, STM32U535VCI6Q, STM32U535VCT6, STM32U535VCT6Q, STM32U535VEI6, STM32U535VEI6Q, STM32U535VET6, STM32U535VET6Q, STM32U545CET6, STM32U545CET6Q, STM32U545CEU6, STM32U545CEU6Q, STM32U545JEY6QTR, STM32U545NEY6QTR, STM32U545REI6, STM32U545REI6Q, STM32U545RET6, STM32U545RET6Q, STM32U545VEI6, STM32U545VEI6Q, STM32U545VET6, STM32U545VET6Q, STM32U595AIH6, STM32U595AIH6Q, STM32U595AJH6, STM32U595AJH6Q, STM32U595QII6, STM32U595QII6Q, STM32U595QJI6, STM32U595QJI6Q, STM32U595RIT6, STM32U595RIT6Q, STM32U595RJT6, STM32U595RJT6Q, STM32U595VIT6, STM32U595VIT6Q, STM32U595VJT6, STM32U595VJT6Q, STM32U595ZIT6, STM32U595ZIT6Q, STM32U595ZIY6QTR, STM32U595ZJT6, STM32U595ZJT6Q, STM32U595ZJY6QTR, STM32U599BJY6QTR, STM32U599NIH6Q, STM32U599NJH6Q, STM32U599VIT6Q, STM32U599VJT6, STM32U599VJT6Q, STM32U599ZIT6Q, STM32U599ZIY6QTR, STM32U599ZJT6Q, STM32U599ZJY6QTR, STM32U5A5AJH6, STM32U5A5AJH6Q, STM32U5A5QII3Q , STM32U5A5QJI6, STM32U5A5QJI6Q, STM32U5A5RJT6, STM32U5A5RJT6Q, STM32U5A5VJT6, STM32U5A5VJT6Q, STM32U5A5ZJT6, STM32U5A5ZJT6Q, STM32U5A5ZJY6QTR, STM32U5A9BJY6QTR, STM32U5A9J-DK, STM32U5A9NJH6Q, STM32U5A9VJT6Q, STM32U5A9ZJT6Q, STM32U5A9ZJY6QTR, STM32U5F7VIT6, STM32U5F7VIT6Q, STM32U5F7VJT6, STM32U5F7VJT6Q, STM32U5F9BJY6QTR, STM32U5F9NJH6Q, STM32U5F9VIT6Q, STM32U5F9VJT6Q, STM32U5F9ZIJ6QTR, STM32U5F9ZIT6Q, STM32U5F9ZJJ6QTR, STM32U5F9ZJT6Q, STM32U5G7VJT6, STM32U5G7VJT6Q, STM32U5G9BJY6QTR, STM32U5G9J-DK1, STM32U5G9J-DK2, STM32U5G9NJH6Q, STM32U5G9VJT6Q, STM32U5G9ZJJ6QTR, STM32U5G9ZJT6Q, STM32WB05KZV6TR, STM32WB05KZV7TR, STM32WB05TZF6TR, STM32WB05TZF7TR, STM32WB06CCF6TR, STM32WB06CCF7TR, STM32WB06CCV6TR, STM32WB06CCV7TR, STM32WB06KCV6TR, STM32WB06KCV7TR, STM32WB07CCF6TR, STM32WB07CCF7TR, STM32WB07CCV6TR, STM32WB07CCV7TR, STM32WB07KCV6TR, STM32WB07KCV7TR, STM32WB09KEV6TR, STM32WB09KEV7TR, STM32WB09TEF6TR, STM32WB09TEF7TR, STM32WB1MMCH6, STM32WBA50KGU6, STM32WBA50KGU6TR, STM32WBA52CEU6, STM32WBA52CEU6TR, STM32WBA52CEU7, STM32WBA52CEU7TR, STM32WBA52CGU6, STM32WBA52CGU6TR, STM32WBA52CGU6U, STM32WBA52CGU7, STM32WBA52CGU7TR, STM32WBA52KEU6, STM32WBA52KEU6TR, STM32WBA52KGU6, STM32WBA52KGU6TR, STM32WBA54CEU6, STM32WBA54CEU6TR, STM32WBA54CEU7, STM32WBA54CEU7TR, STM32WBA54CGU6, STM32WBA54CGU6TR, STM32WBA54CGU7, STM32WBA54CGU7TR, STM32WBA54KEU6, STM32WBA54KEU6TR, STM32WBA54KEU7, STM32WBA54KEU7TR, STM32WBA54KGU6, STM32WBA54KGU6TR, STM32WBA54KGU7, STM32WBA54KGU7TR, STM32WBA55CEU6, STM32WBA55CEU6TR, STM32WBA55CEU7, STM32WBA55CEU7TR, STM32WBA55CGU6, STM32WBA55CGU6TR, STM32WBA55CGU6U, STM32WBA55CGU7, STM32WBA55CGU7TR, STM32WBA55G-DK1, STM32WBA55HEF6, STM32WBA55HEF7, STM32WBA55HGF6, STM32WBA55HGF7, STM32WBA55UEI6, STM32WBA55UEI6TR, STM32WBA55UEI7, STM32WBA55UEI7TR, STM32WBA55UGI6, STM32WBA55UGI6TR, STM32WBA55UGI7, STM32WBA55UGI7TR, STM32WBA5MJGH6TR, STM32WBA62CGU6, STM32WBA62CIU6, STM32WBA62MGF6, STM32WBA62MIF6, STM32WBA62PGI6, STM32WBA62PII6, STM32WBA63CGU6, STM32WBA63CGU7, STM32WBA63CIU6, STM32WBA63CIU7, STM32WBA64CGU6, STM32WBA64CGU7, STM32WBA64CIU6, STM32WBA64CIU7, STM32WBA65CGU6, STM32WBA65CGU7, STM32WBA65CIU6, STM32WBA65CIU7, STM32WBA65I-DK1, STM32WBA65MGF6, STM32WBA65MGF7, STM32WBA65MIF6, STM32WBA65MIF7, STM32WBA65PGI6, STM32WBA65PGI7, STM32WBA65PII6, STM32WBA65PII7, STM32WBA65RGV6, STM32WBA65RGV7, STM32WBA65RIV6, STM32WBA65RIV7, STM32WL30K8V6, STM32WL30KBV6, STM32WL31C8V6, STM32WL31CBV6, STM32WL31K8V6, STM32WL31KBV6, STM32WL33C8V6, STM32WL33C8V6TR, STM32WL33C8V7, STM32WL33C8V7TR, STM32WL33CBV6, STM32WL33CBV6TR, STM32WL33CBV7, STM32WL33CBV7TR, STM32WL33CCV6, STM32WL33CCV6TR, STM32WL33CCV7, STM32WL33CCV7A, STM32WL33CCV7ATR, STM32WL33CCV7TR, STM32WL33K8V6, STM32WL33K8V6TR, STM32WL33K8V7, STM32WL33K8V7TR, STM32WL33KBV6, STM32WL33KBV6TR, STM32WL33KBV7, STM32WL33KBV7TR, STM32WL33KCV6, STM32WL33KCV6TR, STM32WL33KCV7, STM32WL33KCV7TR, STM32WL5MOCH6, STM32WL5MOCH6TR]
2026-08-17 19:18:24,141 [INFO] ApiDb:668 - CubeFinder database Data Model version=2.1
2026-08-17 19:18:24,142 [INFO] ApiDb:669 - CubeFinder database Configuration version=3.0.42
2026-08-17 19:18:24,142 [INFO] ApiDb:670 - CubeFinder database generation date=2026-06-23 (1782213372)
2026-08-17 19:18:24,142 [INFO] ApiDb:671 - CubeFinder database FW Pack versions=[FP-ATR-ASTRA1_V2.0.0, FP-SNS-FLIGHT1_V5.1.0, FP-SNS-MOTENV1_V5.1.0, FP-SNS-MOTENVWB1_V1.5.0, FP-SNS-SMARTAG2_V1.2.0, FP-SNS-STBOX1_V2.1.0, STM32Cube_FW_C0_V1.4.0, STM32Cube_FW_F4_V1.28.3, STM32Cube_FW_F7_V1.17.4, STM32Cube_FW_G0_V1.6.3, STM32Cube_FW_G4_V1.6.2, STM32Cube_FW_H5_V1.7.0, STM32Cube_FW_H7RS_V1.3.0, STM32Cube_FW_H7_V1.13.0, STM32Cube_FW_L0_V1.12.2, STM32Cube_FW_L4_V1.18.2, STM32Cube_FW_L5_V1.6.0, STM32Cube_FW_N6_V1.4.0, STM32Cube_FW_U0_V1.3.0, STM32Cube_FW_U3_V1.4.0, STM32Cube_FW_U5_V1.9.0, STM32Cube_FW_WB0_V1.5.0, STM32Cube_FW_WBA_V1.10.0, STM32Cube_FW_WB_V1.24.0, STM32Cube_FW_WL3_V1.5.0, STM32Cube_FW_WL_V1.6.0, X-CUBE-ALGOBUILD_V1.5.0, X-CUBE-ALS_V1.0.2, X-CUBE-AZRTOS-F4_V1.1.0, X-CUBE-AZRTOS-F7_V1.1.0, X-CUBE-AZRTOS-G0_V1.1.0, X-CUBE-AZRTOS-G4_V2.0.0, X-CUBE-AZRTOS-H7RS_V1.1.0, X-CUBE-AZRTOS-H7_V3.5.0, X-CUBE-AZRTOS-L4_V2.0.0, X-CUBE-AZRTOS-L5_V2.0.0, X-CUBE-AZRTOS-WB_V2.0.0, X-CUBE-AZRTOS-WL_V2.0.0, X-CUBE-BLE1_V7.1.0, X-CUBE-BLE2_V3.3.0, X-CUBE-BLEMGR_V4.1.0, X-CUBE-EEPRMA1_V5.2.0, X-CUBE-FREERTOS_V1.5.0, X-CUBE-GNSS1_V7.1.1, X-CUBE-MEMS1_V12.1.0, X-CUBE-NFC4_V3.0.0, X-CUBE-NFC7_V2.0.0, X-CUBE-SFXS2LP1_V4.0.0, X-CUBE-ST67W61_V1.3.0, X-CUBE-SUBG2_V5.0.0, X-CUBE-TOF1_V3.4.3]
2026-08-17 19:18:25,949 [INFO] ApiDb:240 - Found 895 in-development CPN: [B-G473E-ZEST1S, B-WB1M-WPAN1, B-WBA5M-WPAN, B-WL5M-SUBG1, NUCLEO-C031C6, NUCLEO-C051C8, NUCLEO-C071RB, NUCLEO-C092RC, NUCLEO-H503RB, NUCLEO-H533RE, NUCLEO-H563ZI, NUCLEO-H7S3L8, NUCLEO-N657X0-Q, NUCLEO-U031R8, NUCLEO-U083RC, NUCLEO-U385RG-Q, NUCLEO-U545RE-Q, NUCLEO-U5A5ZJ-Q, NUCLEO-WB05KZ, NUCLEO-WB07CC, NUCLEO-WB09KE, NUCLEO-WBA52CG, NUCLEO-WBA55CG, NUCLEO-WBA65RI, NUCLEO-WL33CC1, NUCLEO-WL33CC2, STEVAL-PROTEUS1, STEVAL-SMARTAG2, STEVAL-STWINBX1, STM320518-EVAL, STM32C0116-DK, STM32C011D6Y3TR, STM32C011D6Y6TR, STM32C011F4P3, STM32C011F4P6, STM32C011F4U3, STM32C011F4U6TR, STM32C011F6P3, STM32C011F6P6, STM32C011F6U3, STM32C011F6U6TR, STM32C011J4M3, STM32C011J4M6, STM32C011J6M3, STM32C011J6M6, STM32C0316-DK, STM32C031C4T3, STM32C031C4T6, STM32C031C4U3, STM32C031C4U6, STM32C031C6T3, STM32C031C6T6, STM32C031C6U3, STM32C031C6U6, STM32C031F4P3, STM32C031F4P6, STM32C031F6P3, STM32C031F6P6, STM32C031G4U3, STM32C031G4U6, STM32C031G6U3, STM32C031G6U6, STM32C031K4T3, STM32C031K4T6, STM32C031K4U3, STM32C031K4U6, STM32C031K6T3, STM32C031K6T6, STM32C031K6U3, STM32C031K6U6, STM32C051C6T6, STM32C051C6U6, STM32C051C8T6, STM32C051C8U6, STM32C051D8Y6TR, STM32C051F6P6, STM32C051F8P6, STM32C051G6U6, STM32C051G8U6, STM32C051K6T6, STM32C051K6U6, STM32C051K8T6, STM32C071C8T6, STM32C071C8T6N, STM32C071C8U6, STM32C071C8U6N, STM32C071CBT6, STM32C071CBT6N, STM32C071CBU6, STM32C071CBU6N, STM32C071F8P6, STM32C071F8P6N, STM32C071FBP6, STM32C071FBP6N, STM32C071FBY6TR, STM32C071G8U6, STM32C071G8U6N, STM32C071GBU6, STM32C071GBU6N, STM32C071K8T6, STM32C071K8T6N, STM32C071K8U6, STM32C071K8U6N, STM32C071KBT6, STM32C071KBT6N, STM32C071KBU6, STM32C071KBU6N, STM32C071R8T6, STM32C071R8T6N, STM32C071RBI6N, STM32C071RBT6, STM32C071RBT6N, STM32C091CBT6, STM32C091CBU6, STM32C091CCT6, STM32C091CCU6, STM32C091ECY6TR, STM32C091FBP6, STM32C091FCP6, STM32C091GBU6, STM32C091GCU6, STM32C091KBT6, STM32C091KBU6, STM32C091KCT6, STM32C091KCU6, STM32C091RBT6, STM32C091RCI6, STM32C091RCT6, STM32C092CBT6, STM32C092CBU6, STM32C092CCT6, STM32C092CCU6, STM32C092ECY6TR, STM32C092FBP6, STM32C092FCP6, STM32C092GBU6, STM32C092GCU6, STM32C092KBT6, STM32C092KBU6, STM32C092KCT6, STM32C092KCU6, STM32C092RBT6, STM32C092RCI6, STM32C092RCT6, STM32G071K8TXN, STM32G071K8UXN, STM32G081GBU6N, STM32G081KBT6N, STM32G081KBUXN, STM32G0B1CCT6N, STM32G0B1KCT6, STM32G0B1NEY6TR, STM32G0B1RCT6N, STM32G0C1CCT6, STM32G0C1CCT6N, STM32G0C1CCU6N, STM32G0C1CET6N, STM32G0C1CEU6N, STM32G0C1KCT6, STM32G0C1NEY6TR, STM32G0C1RCI6N, STM32G0C1RCT6N, STM32G0C1REI6N, STM32G0C1RET6N, STM32G0C1VCI6, STM32G0C1VEI6, STM32G411C6T3, STM32G411C6T6, STM32G411C6U3, STM32G411C6U6, STM32G411C8T3, STM32G411C8T6, STM32G411C8U3, STM32G411C8U6, STM32G411CBT3, STM32G411CBT6, STM32G411CBU3, STM32G411CBU6, STM32G411CCT3, STM32G411CCT6, STM32G411CCU3, STM32G411CCU6, STM32G411K6T3, STM32G411K6T6, STM32G411K6U3, STM32G411K6U6, STM32G411K8T3, STM32G411K8T6, STM32G411K8U3, STM32G411K8U6, STM32G411KBT3, STM32G411KBT6, STM32G411KBU3, STM32G411KBU6, STM32G411M6T3, STM32G411M6T6, STM32G411M8T3, STM32G411M8T6, STM32G411MBT3, STM32G411MBT6, STM32G411MCT3, STM32G411MCT6, STM32G411R6T3, STM32G411R6T6, STM32G411R8T3, STM32G411R8T6, STM32G411RBT3, STM32G411RBT6, STM32G411RCT3, STM32G411RCT6, STM32G414CBT3, STM32G414CBT6, STM32G414CBU3, STM32G414CBU6, STM32G414CCT3, STM32G414CCT6, STM32G414CCU3, STM32G414CCU6, STM32G414MBT3, STM32G414MBT6, STM32G414MCT3, STM32G414MCT6, STM32G414RBT3, STM32G414RBT6, STM32G414RCT3, STM32G414RCT6, STM32G414VBT3, STM32G414VBT6, STM32G414VCT3, STM32G414VCT6, STM32G431CBT3Z, STM32G431RBT3Z, STM32G471CCT6, STM32G471CCU6, STM32G471CET3, STM32G471CET6, STM32G471CEU3, STM32G471CEU6, STM32G471MCT6, STM32G471MET3, STM32G471MET6, STM32G471MEY6TR, STM32G471QCT6, STM32G471QET3, STM32G471RCT6, STM32G471RET3, STM32G471RET6, STM32G471VCH6, STM32G471VCI6, STM32G471VCT6, STM32G471VEH3, STM32G471VEH6, STM32G471VEI3, STM32G471VEI6, STM32G471VET3, STM32G471VET6, STM32G473QET3Z, STM32G473RET3Z, STM32G474CCT6, STM32G491RET3Z, STM32H503CBT6, STM32H503CBU6, STM32H503EBY6TR, STM32H503KBU6, STM32H503RBT6, STM32H523CCT6, STM32H523CCU6, STM32H523CET6, STM32H523CEU6, STM32H523HEY6TR, STM32H523RCT6, STM32H523RET6, STM32H523VCI6, STM32H523VCT6, STM32H523VEI6, STM32H523VET6, STM32H523ZCJ6, STM32H523ZCT6, STM32H523ZEJ6, STM32H523ZET6, STM32H533CET6, STM32H533CEU6, STM32H533HEY6TR, STM32H533RET6, STM32H533VEI6, STM32H533VET6, STM32H533ZEJ6, STM32H533ZET6, STM32H562AGI6, STM32H562AII6, STM32H562IGK6, STM32H562IGT6, STM32H562IIK6, STM32H562IIT6, STM32H562RGT6, STM32H562RGV6, STM32H562RIT6, STM32H562RIV6, STM32H562VGT6, STM32H562VIT6, STM32H562ZGT6, STM32H562ZIT6, STM32H563AGI6, STM32H563AII3Q, STM32H563AII6, STM32H563IGK6, STM32H563IGT6, STM32H563IIK3Q, STM32H563IIK6, STM32H563IIT3Q, STM32H563IIT6, STM32H563MIY3QTR, STM32H563RGT6, STM32H563RGV6, STM32H563RIT6, STM32H563RIV6, STM32H563VGT6, STM32H563VIT3Q, STM32H563VIT6, STM32H563ZGT6, STM32H563ZIT3Q, STM32H563ZIT6, STM32H573AII3Q, STM32H573AII6, STM32H573I-DK, STM32H573IIK3Q, STM32H573IIK6, STM32H573IIT3Q, STM32H573IIT6, STM32H573MIY3QTR, STM32H573RIT6, STM32H573RIV6, STM32H573VIT3Q, STM32H573VIT6, STM32H573ZIT3Q, STM32H573ZIT6, STM32H7R3A8I6, STM32H7R3I8K6, STM32H7R3I8T6, STM32H7R3L8H6, STM32H7R3L8H6H, STM32H7R3R8V6, STM32H7R3V8H6, STM32H7R3V8T6, STM32H7R3V8Y6TR, STM32H7R3Z8J6, STM32H7R3Z8T6, STM32H7R7A8I6, STM32H7R7I8K6, STM32H7R7I8T6, STM32H7R7L8H6, STM32H7R7L8H6H, STM32H7R7Z8J6, STM32H7S3A8I6, STM32H7S3I8K6, STM32H7S3I8T6, STM32H7S3L8H6, STM32H7S3L8H6H, STM32H7S3R8V6, STM32H7S3V8H6, STM32H7S3V8T6, STM32H7S3V8Y6TR, STM32H7S3Z8J6, STM32H7S3Z8T6, STM32H7S78-DK, STM32H7S7A8I6, STM32H7S7I8K6, STM32H7S7I8T6, STM32H7S7L8H6, STM32H7S7L8H6H, STM32H7S7Z8J6, STM32L4R5QGI6STR, STM32MP131AAE3, STM32MP131AAF3, STM32MP131AAG3, STM32MP131CAE3, STM32MP131CAF3, STM32MP131CAG3, STM32MP131DAE7, STM32MP131DAF7, STM32MP131DAG7, STM32MP131FAE7, STM32MP131FAF7, STM32MP131FAG7, STM32MP133AAE3, STM32MP133AAF3, STM32MP133AAG3, STM32MP133CAE3, STM32MP133CAF3, STM32MP133CAG3, STM32MP133DAE7, STM32MP133DAF7, STM32MP133DAG7, STM32MP133FAE7, STM32MP133FAF7, STM32MP133FAG7, STM32MP135AAE3, STM32MP135AAF3, STM32MP135AAG3, STM32MP135CAE3, STM32MP135CAF3, STM32MP135CAG3, STM32MP135DAE7, STM32MP135DAF7, STM32MP135DAG7, STM32MP135F-DK, STM32MP135FAE7, STM32MP135FAF7, STM32MP135FAF7T, STM32MP135FAF7U, STM32MP135FAG7, STM32MP231AAJ3, STM32MP231AAK3, STM32MP231AAL3, STM32MP231CAJ3, STM32MP231CAK3, STM32MP231CAL3, STM32MP231DAJ3, STM32MP231DAK3, STM32MP231DAL3, STM32MP231FAJ3, STM32MP231FAK3, STM32MP231FAL3, STM32MP233AAJ3, STM32MP233AAK3, STM32MP233AAL3, STM32MP233CAJ3, STM32MP233CAK3, STM32MP233CAL3, STM32MP233DAJ3, STM32MP233DAK3, STM32MP233DAL3, STM32MP233FAJ3, STM32MP233FAK3, STM32MP233FAL3, STM32MP235AAJ3, STM32MP235AAK3, STM32MP235AAL3, STM32MP235CAJ3, STM32MP235CAK3, STM32MP235CAL3, STM32MP235DAJ3, STM32MP235DAK3, STM32MP235DAL3, STM32MP235FAJ3, STM32MP235FAK3, STM32MP235FAL3, STM32MP251AAI3, STM32MP251AAJ3, STM32MP251AAK3, STM32MP251AAL3, STM32MP251CAI3, STM32MP251CAJ3, STM32MP251CAK3, STM32MP251CAL3, STM32MP251DAI3, STM32MP251DAJ3, STM32MP251DAK3, STM32MP251DAL3, STM32MP251FAI3, STM32MP251FAJ3, STM32MP251FAK3, STM32MP251FAL3, STM32MP253AAI3, STM32MP253AAJ3, STM32MP253AAK3, STM32MP253AAL3, STM32MP253CAI3, STM32MP253CAJ3, STM32MP253CAK3, STM32MP253CAL3, STM32MP253DAI3, STM32MP253DAJ3, STM32MP253DAK3, STM32MP253DAL3, STM32MP253FAI3, STM32MP253FAJ3, STM32MP253FAK3, STM32MP253FAL3, STM32MP255AAI3, STM32MP255AAJ3, STM32MP255AAK3, STM32MP255AAL3, STM32MP255CAI3, STM32MP255CAJ3, STM32MP255CAK3, STM32MP255CAL3, STM32MP255DAI3, STM32MP255DAJ3, STM32MP255DAK3, STM32MP255DAL3, STM32MP255FAI3, STM32MP255FAJ3, STM32MP255FAK3, STM32MP255FAL3, STM32MP257AAI3, STM32MP257AAJ3, STM32MP257AAK3, STM32MP257AAL3, STM32MP257CAI3, STM32MP257CAJ3, STM32MP257CAK3, STM32MP257CAL3, STM32MP257DAI3, STM32MP257DAJ3, STM32MP257DAK3, STM32MP257DAL3, STM32MP257F-DK, STM32MP257F-EV1, STM32MP257FAI3, STM32MP257FAJ3, STM32MP257FAK3, STM32MP257FAL3, STM32N645A0H3Q, STM32N645B0H3Q, STM32N645I0H3Q, STM32N645L0H3Q, STM32N645X0H3Q, STM32N645Z0H3Q, STM32N647A0H3Q, STM32N647B0H3Q, STM32N647I0H3Q, STM32N647L0H3Q, STM32N647X0H3Q, STM32N647Z0H3Q, STM32N655A0H3Q, STM32N655B0H3Q, STM32N655I0H3Q, STM32N655L0H3Q, STM32N655X0H3Q, STM32N655Z0H3Q, STM32N6570-DK, STM32N657A0H3Q, STM32N657B0H3Q, STM32N657I0H3Q, STM32N657L0H3Q, STM32N657X0H3Q, STM32N657Z0H3Q, STM32U031C6T6, STM32U031C6U6, STM32U031C8T6, STM32U031C8U6, STM32U031F4P6, STM32U031F6P6, STM32U031F8P6, STM32U031G6Y6TR, STM32U031G8Y6TR, STM32U031K4U6, STM32U031K6U6, STM32U031K8U6, STM32U031R6I6, STM32U031R6T6, STM32U031R8I6, STM32U031R8T6, STM32U073C8T6, STM32U073C8U6, STM32U073CBT6, STM32U073CBU6, STM32U073CCT6, STM32U073CCU6, STM32U073H8Y6TR, STM32U073HBY6TR, STM32U073HCY6TR, STM32U073K8U6, STM32U073KBU6, STM32U073KCU6, STM32U073M8I6, STM32U073M8T6, STM32U073MBI6, STM32U073MBT6, STM32U073MCI6, STM32U073MCT6, STM32U073R8I6, STM32U073R8T6, STM32U073RBI6, STM32U073RBT6, STM32U073RCI6, STM32U073RCT6, STM32U083C-DK, STM32U083CCT6, STM32U083CCU6, STM32U083HCY6TR, STM32U083KCU6, STM32U083MCI6, STM32U083MCT6, STM32U083RCI6, STM32U083RCT6, STM32U375CET6, STM32U375CET6Q, STM32U375CEU6, STM32U375CEU6Q, STM32U375CEY6QTR, STM32U375CGT6, STM32U375CGT6Q, STM32U375CGU6, STM32U375CGU6Q, STM32U375CGY6QTR, STM32U375KEU6, STM32U375KGU6, STM32U375REI6, STM32U375REI6Q, STM32U375RET6, STM32U375RET6Q, STM32U375REY6GTR, STM32U375REY6QTR, STM32U375RGI6, STM32U375RGI6Q, STM32U375RGT6, STM32U375RGT6Q, STM32U375RGY6GTR, STM32U375RGY6QTR, STM32U375VEI6, STM32U375VEI6Q, STM32U375VET6, STM32U375VET6Q, STM32U375VGI6, STM32U375VGI6Q, STM32U375VGT6, STM32U375VGT6Q, STM32U385CGT6, STM32U385CGT6Q, STM32U385CGU6, STM32U385CGU6Q, STM32U385CGY6QTR, STM32U385KGU6, STM32U385RGI6, STM32U385RGI6Q, STM32U385RGT6, STM32U385RGT6Q, STM32U385RGY6GTR, STM32U385RGY6QTR, STM32U385VGI6, STM32U385VGI6Q, STM32U385VGT6, STM32U385VGT6Q, STM32U535CBT6, STM32U535CBT6Q, STM32U535CBU6, STM32U535CBU6Q, STM32U535CCT6, STM32U535CCT6Q, STM32U535CCU6, STM32U535CCU6Q, STM32U535CET6, STM32U535CET6Q, STM32U535CEU6, STM32U535CEU6Q, STM32U535JEY6QTR, STM32U535NCY6QTR, STM32U535NEY6QTR, STM32U535RBI6, STM32U535RBI6Q, STM32U535RBT6, STM32U535RBT6Q, STM32U535RCI6, STM32U535RCI6Q, STM32U535RCT6, STM32U535RCT6Q, STM32U535REI6, STM32U535REI6Q, STM32U535RET6, STM32U535RET6Q, STM32U535VCI6, STM32U535VCI6Q, STM32U535VCT6, STM32U535VCT6Q, STM32U535VEI6, STM32U535VEI6Q, STM32U535VET6, STM32U535VET6Q, STM32U545CET6, STM32U545CET6Q, STM32U545CEU6, STM32U545CEU6Q, STM32U545JEY6QTR, STM32U545NEY6QTR, STM32U545REI6, STM32U545REI6Q, STM32U545RET6, STM32U545RET6Q, STM32U545VEI6, STM32U545VEI6Q, STM32U545VET6, STM32U545VET6Q, STM32U595AIH6, STM32U595AIH6Q, STM32U595AJH6, STM32U595AJH6Q, STM32U595QII6, STM32U595QII6Q, STM32U595QJI6, STM32U595QJI6Q, STM32U595RIT6, STM32U595RIT6Q, STM32U595RJT6, STM32U595RJT6Q, STM32U595VIT6, STM32U595VIT6Q, STM32U595VJT6, STM32U595VJT6Q, STM32U595ZIT6, STM32U595ZIT6Q, STM32U595ZIY6QTR, STM32U595ZJT6, STM32U595ZJT6Q, STM32U595ZJY6QTR, STM32U599BJY6QTR, STM32U599NIH6Q, STM32U599NJH6Q, STM32U599VIT6Q, STM32U599VJT6, STM32U599VJT6Q, STM32U599ZIT6Q, STM32U599ZIY6QTR, STM32U599ZJT6Q, STM32U599ZJY6QTR, STM32U5A5AJH6, STM32U5A5AJH6Q, STM32U5A5QII3Q , STM32U5A5QJI6, STM32U5A5QJI6Q, STM32U5A5RJT6, STM32U5A5RJT6Q, STM32U5A5VJT6, STM32U5A5VJT6Q, STM32U5A5ZJT6, STM32U5A5ZJT6Q, STM32U5A5ZJY6QTR, STM32U5A9BJY6QTR, STM32U5A9J-DK, STM32U5A9NJH6Q, STM32U5A9VJT6Q, STM32U5A9ZJT6Q, STM32U5A9ZJY6QTR, STM32U5F7VIT6, STM32U5F7VIT6Q, STM32U5F7VJT6, STM32U5F7VJT6Q, STM32U5F9BJY6QTR, STM32U5F9NJH6Q, STM32U5F9VIT6Q, STM32U5F9VJT6Q, STM32U5F9ZIJ6QTR, STM32U5F9ZIT6Q, STM32U5F9ZJJ6QTR, STM32U5F9ZJT6Q, STM32U5G7VJT6, STM32U5G7VJT6Q, STM32U5G9BJY6QTR, STM32U5G9J-DK1, STM32U5G9J-DK2, STM32U5G9NJH6Q, STM32U5G9VJT6Q, STM32U5G9ZJJ6QTR, STM32U5G9ZJT6Q, STM32WB05KZV6TR, STM32WB05KZV7TR, STM32WB05TZF6TR, STM32WB05TZF7TR, STM32WB06CCF6TR, STM32WB06CCF7TR, STM32WB06CCV6TR, STM32WB06CCV7TR, STM32WB06KCV6TR, STM32WB06KCV7TR, STM32WB07CCF6TR, STM32WB07CCF7TR, STM32WB07CCV6TR, STM32WB07CCV7TR, STM32WB07KCV6TR, STM32WB07KCV7TR, STM32WB09KEV6TR, STM32WB09KEV7TR, STM32WB09TEF6TR, STM32WB09TEF7TR, STM32WB1MMCH6, STM32WBA50KGU6, STM32WBA50KGU6TR, STM32WBA52CEU6, STM32WBA52CEU6TR, STM32WBA52CEU7, STM32WBA52CEU7TR, STM32WBA52CGU6, STM32WBA52CGU6TR, STM32WBA52CGU6U, STM32WBA52CGU7, STM32WBA52CGU7TR, STM32WBA52KEU6, STM32WBA52KEU6TR, STM32WBA52KGU6, STM32WBA52KGU6TR, STM32WBA54CEU6, STM32WBA54CEU6TR, STM32WBA54CEU7, STM32WBA54CEU7TR, STM32WBA54CGU6, STM32WBA54CGU6TR, STM32WBA54CGU7, STM32WBA54CGU7TR, STM32WBA54KEU6, STM32WBA54KEU6TR, STM32WBA54KEU7, STM32WBA54KEU7TR, STM32WBA54KGU6, STM32WBA54KGU6TR, STM32WBA54KGU7, STM32WBA54KGU7TR, STM32WBA55CEU6, STM32WBA55CEU6TR, STM32WBA55CEU7, STM32WBA55CEU7TR, STM32WBA55CGU6, STM32WBA55CGU6TR, STM32WBA55CGU6U, STM32WBA55CGU7, STM32WBA55CGU7TR, STM32WBA55G-DK1, STM32WBA55HEF6, STM32WBA55HEF7, STM32WBA55HGF6, STM32WBA55HGF7, STM32WBA55UEI6, STM32WBA55UEI6TR, STM32WBA55UEI7, STM32WBA55UEI7TR, STM32WBA55UGI6, STM32WBA55UGI6TR, STM32WBA55UGI7, STM32WBA55UGI7TR, STM32WBA5MJGH6TR, STM32WBA62CGU6, STM32WBA62CIU6, STM32WBA62MGF6, STM32WBA62MIF6, STM32WBA62PGI6, STM32WBA62PII6, STM32WBA63CGU6, STM32WBA63CGU7, STM32WBA63CIU6, STM32WBA63CIU7, STM32WBA64CGU6, STM32WBA64CGU7, STM32WBA64CIU6, STM32WBA64CIU7, STM32WBA65CGU6, STM32WBA65CGU7, STM32WBA65CIU6, STM32WBA65CIU7, STM32WBA65I-DK1, STM32WBA65MGF6, STM32WBA65MGF7, STM32WBA65MIF6, STM32WBA65MIF7, STM32WBA65PGI6, STM32WBA65PGI7, STM32WBA65PII6, STM32WBA65PII7, STM32WBA65RGV6, STM32WBA65RGV7, STM32WBA65RIV6, STM32WBA65RIV7, STM32WL30K8V6, STM32WL30KBV6, STM32WL31C8V6, STM32WL31CBV6, STM32WL31K8V6, STM32WL31KBV6, STM32WL33C8V6, STM32WL33C8V6TR, STM32WL33C8V7, STM32WL33C8V7TR, STM32WL33CBV6, STM32WL33CBV6TR, STM32WL33CBV7, STM32WL33CBV7TR, STM32WL33CCV6, STM32WL33CCV6TR, STM32WL33CCV7, STM32WL33CCV7A, STM32WL33CCV7ATR, STM32WL33CCV7TR, STM32WL33K8V6, STM32WL33K8V6TR, STM32WL33K8V7, STM32WL33K8V7TR, STM32WL33KBV6, STM32WL33KBV6TR, STM32WL33KBV7, STM32WL33KBV7TR, STM32WL33KCV6, STM32WL33KCV6TR, STM32WL33KCV7, STM32WL33KCV7TR, STM32WL5MOCH6, STM32WL5MOCH6TR]
2026-08-17 19:18:25,955 [INFO] DbMcus:218 - Found 5246 MCUs, 5093 are supported
2026-08-17 19:18:25,955 [INFO] ApiDb:423 - Load user favorites file /home/thuy/.stm32cubeide/favorites.mcus.txt: 0 item(s)
2026-08-17 19:18:25,955 [INFO] ApiDb:427 - User favorites MCUs=[]
2026-08-17 19:18:25,955 [INFO] DbMcus:224 - Set 0 / 0 favorites MCUs
2026-08-17 19:18:26,310 [INFO] BoardInfo:889 - No configuration file found for board NUCLEO-H5E5ZJ
2026-08-17 19:18:26,310 [INFO] DbBoards:161 - Board is not supported: NUCLEO-H5E5ZJ
2026-08-17 19:18:26,328 [INFO] BoardInfo:889 - No configuration file found for board NUCLEO-U3C5ZI-Q
2026-08-17 19:18:26,328 [INFO] DbBoards:161 - Board is not supported: NUCLEO-U3C5ZI-Q
2026-08-17 19:18:26,333 [INFO] BoardInfo:889 - No configuration file found for board NUCLEO-WBA25CE1
2026-08-17 19:18:26,334 [INFO] DbBoards:161 - Board is not supported: NUCLEO-WBA25CE1
2026-08-17 19:18:26,337 [INFO] BoardInfo:889 - No configuration file found for board NUCLEO-WL3RKB1
2026-08-17 19:18:26,337 [INFO] DbBoards:161 - Board is not supported: NUCLEO-WL3RKB1
2026-08-17 19:18:26,338 [INFO] BoardInfo:889 - No configuration file found for board NUCLEO-WL3RKB2
2026-08-17 19:18:26,338 [INFO] DbBoards:161 - Board is not supported: NUCLEO-WL3RKB2
2026-08-17 19:18:26,340 [INFO] BoardInfo:889 - No configuration file found for board P-NUCLEO-WB55
2026-08-17 19:18:26,341 [INFO] DbBoards:161 - Kit is not supported: P-NUCLEO-WB55
2026-08-17 19:18:26,343 [INFO] BoardInfo:889 - No configuration file found for board STEVAL-BFA001V1B
2026-08-17 19:18:26,343 [INFO] DbBoards:161 - Kit is not supported: STEVAL-BFA001V1B
2026-08-17 19:18:26,344 [INFO] BoardInfo:889 - No configuration file found for board STEVAL-BFA001V2B
2026-08-17 19:18:26,344 [INFO] DbBoards:161 - Kit is not supported: STEVAL-BFA001V2B
2026-08-17 19:18:26,386 [INFO] BoardInfo:889 - No configuration file found for board STM32H5F5J-DK
2026-08-17 19:18:26,386 [INFO] DbBoards:161 - Board is not supported: STM32H5F5J-DK
2026-08-17 19:18:26,406 [INFO] BoardInfo:889 - No configuration file found for board STM32MP215F-DK
2026-08-17 19:18:26,406 [INFO] DbBoards:161 - Board is not supported: STM32MP215F-DK
2026-08-17 19:18:26,413 [INFO] DbBoards:168 - Found 218 boards, 208 are supported
2026-08-17 19:18:26,413 [INFO] DbBoards:169 - Found 218 boards, 43 of them is supported for  Bsp
2026-08-17 19:18:26,416 [INFO] ApiDb:423 - Load user favorites file /home/thuy/.stm32cubeide/favorites.boards.txt: 0 item(s)
2026-08-17 19:18:26,416 [INFO] ApiDb:427 - User favorites Boards=[]
2026-08-17 19:18:26,416 [INFO] DbBoards:198 - Set 0 / 0 favorites Boards
2026-08-17 19:18:26,462 [INFO] UtilMem:75 - End LoadConfig() Used Memory: 299507352 Bytes (381681664)
2026-08-17 19:18:26,539 [WARN] ThirdParty:833 - waiting for thirdparty lock release [change project]
2026-08-17 19:18:26,539 [INFO] ThirdParty:835 - entering critical section [change project]
2026-08-17 19:18:26,540 [INFO] ThirdParty:1030 - CMSIS Pack Vendor :STMicroelectronics X-CUBE-AZRTOS-H7 3.5.0
2026-08-17 19:18:26,540 [INFO] ThirdParty:1030 - CMSIS Pack Vendor :STMicroelectronics X-CUBE-PM33A1 1.0.0
2026-08-17 19:18:26,540 [INFO] ThirdParty:1030 - CMSIS Pack Vendor :STMicroelectronics USBPD 4.1
2026-08-17 19:18:26,540 [INFO] ThirdParty:1030 - CMSIS Pack Vendor :STMicroelectronics X-CUBE-NFC9 1.0.0
2026-08-17 19:18:26,540 [INFO] ThirdParty:1030 - CMSIS Pack Vendor :STMicroelectronics USB_HOST 2.0.0
2026-08-17 19:18:26,540 [INFO] ThirdParty:1030 - CMSIS Pack Vendor :STMicroelectronics FP-ATR-ASTRA1 2.0.3
2026-08-17 19:18:26,540 [INFO] ThirdParty:1030 - CMSIS Pack Vendor :STMicroelectronics X-CUBE-AZRTOS-F4 1.1.0
2026-08-17 19:18:26,540 [INFO] ThirdParty:1030 - CMSIS Pack Vendor :STMicroelectronics LIBJPEG 8.0.0
2026-08-17 19:18:26,540 [INFO] ThirdParty:1030 - CMSIS Pack Vendor :STMicroelectronics FP-ATR-ASTRA1 2.0.2
2026-08-17 19:18:26,540 [INFO] ThirdParty:1030 - CMSIS Pack Vendor :STMicroelectronics X-CUBE-BLE1 7.1.0
2026-08-17 19:18:26,540 [INFO] ThirdParty:1030 - CMSIS Pack Vendor :wolfSSL I-CUBE-wolfMQTT 1.19.2
2026-08-17 19:18:26,540 [INFO] ThirdParty:1030 - CMSIS Pack Vendor :STMicroelectronics USB_DEVICE 3.0.0
2026-08-17 19:18:26,540 [INFO] ThirdParty:1030 - CMSIS Pack Vendor :STMicroelectronics X-CUBE-ISPU 2.1.0
2026-08-17 19:18:26,540 [INFO] ThirdParty:1030 - CMSIS Pack Vendor :STMicroelectronics X-CUBE-EEPRMA1 5.2.0
2026-08-17 19:18:26,540 [INFO] ThirdParty:1030 - CMSIS Pack Vendor :STMicroelectronics eDS-WB_DPC_TT-BIDIR 2.1.1
2026-08-17 19:18:26,540 [INFO] ThirdParty:1030 - CMSIS Pack Vendor :STMicroelectronics X-CUBE-AZRTOS-WB 2.0.0
2026-08-17 19:18:26,540 [INFO] ThirdParty:1030 - CMSIS Pack Vendor :STMicroelectronics X-CUBE-NFC12 1.0.0
2026-08-17 19:18:26,540 [INFO] ThirdParty:1030 - CMSIS Pack Vendor :STMicroelectronics X-CUBE-AZRTOS-F7 1.1.0
2026-08-17 19:18:26,540 [INFO] ThirdParty:1030 - CMSIS Pack Vendor :STMicroelectronics X-CUBE-AZRTOS-L5 2.0.0
2026-08-17 19:18:26,540 [INFO] ThirdParty:1030 - CMSIS Pack Vendor :STMicroelectronics USB_DEVICE 2.0.0
2026-08-17 19:18:26,540 [INFO] ThirdParty:1030 - CMSIS Pack Vendor :quantropi X-CUBE-qispace-sdk-base 2.1.0
2026-08-17 19:18:26,540 [INFO] ThirdParty:1030 - CMSIS Pack Vendor :STMicroelectronics X-CUBE-STSE01 2.0.0
2026-08-17 19:18:26,540 [INFO] ThirdParty:1030 - CMSIS Pack Vendor :STMicroelectronics X-CUBE-ALGOBUILD 1.5.0
2026-08-17 19:18:26,540 [INFO] ThirdParty:1030 - CMSIS Pack Vendor :STMicroelectronics FreeRTOS 0.0.1
2026-08-17 19:18:26,540 [INFO] ThirdParty:1030 - CMSIS Pack Vendor :STMicroelectronics X-CUBE-AZRTOS-H7RS 1.3.0
2026-08-17 19:18:26,540 [INFO] ThirdParty:1030 - CMSIS Pack Vendor :STMicroelectronics X-CUBE-AZRTOS-G0 1.1.0
2026-08-17 19:18:26,540 [INFO] ThirdParty:1030 - CMSIS Pack Vendor :STMicroelectronics X-CUBE-NFC4 3.0.0
2026-08-17 19:18:26,540 [INFO] ThirdParty:1030 - CMSIS Pack Vendor :STMicroelectronics X-CUBE-SUBG2 5.0.0
2026-08-17 19:18:26,540 [INFO] ThirdParty:1030 - CMSIS Pack Vendor :STMicroelectronics STM32_WPAN 1.0.0
2026-08-17 19:18:26,540 [INFO] ThirdParty:1030 - CMSIS Pack Vendor :STMicroelectronics eDS-WB_DPC_VIENNA 1.2.0
2026-08-17 19:18:26,540 [INFO] ThirdParty:1030 - CMSIS Pack Vendor :EmbeddedOffice I-CUBE-FS-RTOS 1.0.1
2026-08-17 19:18:26,541 [INFO] ThirdParty:1030 - CMSIS Pack Vendor :STMicroelectronics lwIP 2.0.3
2026-08-17 19:18:26,541 [INFO] ThirdParty:1030 - CMSIS Pack Vendor :STMicroelectronics X-CUBE-MEMS1 13.0.0
2026-08-17 19:18:26,541 [INFO] ThirdParty:1030 - CMSIS Pack Vendor :STMicroelectronics eDS-WB_DPC_3PH2L-BIDIR 1.1.1
2026-08-17 19:18:26,541 [INFO] ThirdParty:1030 - CMSIS Pack Vendor :STMicroelectronics USB_HOST 1.0.0
2026-08-17 19:18:26,541 [INFO] ThirdParty:1030 - CMSIS Pack Vendor :STMicroelectronics X-CUBE-AZRTOS-G4 2.0.0
2026-08-17 19:18:26,541 [INFO] ThirdParty:1030 - CMSIS Pack Vendor :STMicroelectronics PDM2PCM 3.1.0
2026-08-17 19:18:26,541 [INFO] ThirdParty:1030 - CMSIS Pack Vendor :STMicroelectronics PDM2PCM 3.3.0
2026-08-17 19:18:26,541 [INFO] ThirdParty:1030 - CMSIS Pack Vendor :wolfSSL I-CUBE-wolfTPM 3.8.0
2026-08-17 19:18:26,541 [INFO] ThirdParty:1030 - CMSIS Pack Vendor :STMicroelectronics X-CUBE-DISPLAY 3.0.0
2026-08-17 19:18:26,541 [INFO] ThirdParty:1030 - CMSIS Pack Vendor :wolfSSL I-CUBE-wolfSSH 1.4.20
2026-08-17 19:18:26,541 [INFO] ThirdParty:1030 - CMSIS Pack Vendor :STMicroelectronics X-CUBE-NFC7 2.0.0
2026-08-17 19:18:26,541 [INFO] ThirdParty:1030 - CMSIS Pack Vendor :STMicroelectronics X-CUBE-GNSS1 7.1.1
2026-08-17 19:18:26,541 [INFO] ThirdParty:1030 - CMSIS Pack Vendor :STMicroelectronics X-CUBE-TCPP 4.2.0
2026-08-17 19:18:26,541 [INFO] ThirdParty:1030 - CMSIS Pack Vendor :RealThread X-CUBE-RT-Thread_Nano 4.1.1
2026-08-17 19:18:26,541 [INFO] ThirdParty:1030 - CMSIS Pack Vendor :wolfSSL I-CUBE-wolfSSL 5.9.1
2026-08-17 19:18:26,541 [INFO] ThirdParty:1030 - CMSIS Pack Vendor :STMicroelectronics FP-ATR-SIGFOX1 3.2.0
2026-08-17 19:18:26,541 [INFO] ThirdParty:1030 - CMSIS Pack Vendor :STMicroelectronics X-CUBE-NFC10 1.0.0
2026-08-17 19:18:26,541 [INFO] ThirdParty:1030 - CMSIS Pack Vendor :STMicroelectronics HAL Drivers 0.0.0
2026-08-17 19:18:26,541 [INFO] ThirdParty:1030 - CMSIS Pack Vendor :STMicroelectronics MBEDTLS 2.16.2
2026-08-17 19:18:26,541 [INFO] ThirdParty:1030 - CMSIS Pack Vendor :STMicroelectronics X-CUBE-ST60 1.1.0
2026-08-17 19:18:26,541 [INFO] ThirdParty:1030 - CMSIS Pack Vendor :STMicroelectronics X-CUBE-ALS 1.0.2
2026-08-17 19:18:26,541 [INFO] ThirdParty:1030 - CMSIS Pack Vendor :emotas I-CUBE-CANOPEN 1.3.0
2026-08-17 19:18:26,541 [INFO] ThirdParty:1030 - CMSIS Pack Vendor :STMicroelectronics MBEDTLS 2.14.1
2026-08-17 19:18:26,541 [INFO] ThirdParty:1030 - CMSIS Pack Vendor :ITTIA_DB I-CUBE-ITTIADB 8.9.0
2026-08-17 19:18:26,541 [INFO] ThirdParty:1030 - CMSIS Pack Vendor :Cesanta I-CUBE-Mongoose 7.21.7
2026-08-17 19:18:26,541 [INFO] ThirdParty:1030 - CMSIS Pack Vendor :STMicroelectronics X-CUBE-TOUCHGFX 4.26.1
2026-08-17 19:18:26,541 [INFO] ThirdParty:1030 - CMSIS Pack Vendor :STMicroelectronics X-CUBE-NFC6 3.2.0
2026-08-17 19:18:26,541 [INFO] ThirdParty:1030 - CMSIS Pack Vendor :STMicroelectronics X-CUBE-AI 10.2.1
2026-08-17 19:18:26,541 [INFO] ThirdParty:1030 - CMSIS Pack Vendor :STMicroelectronics ThreadX 1.0.0
2026-08-17 19:18:26,541 [INFO] ThirdParty:1030 - CMSIS Pack Vendor :STMicroelectronics FP-SNS-SMARTAG2 1.2.0
2026-08-17 19:18:26,541 [INFO] ThirdParty:1030 - CMSIS Pack Vendor :STMicroelectronics X-CUBE-MEMS1 12.1.0
2026-08-17 19:18:26,541 [INFO] ThirdParty:1030 - CMSIS Pack Vendor :STMicroelectronics FP-SNS-FLIGHT1 5.1.0
2026-08-17 19:18:26,541 [INFO] ThirdParty:1030 - CMSIS Pack Vendor :STMicroelectronics X-CUBE-AZRTOS-WL 2.0.0
2026-08-17 19:18:26,541 [INFO] ThirdParty:1030 - CMSIS Pack Vendor :SEGGER I-CUBE-embOS 1.3.1
2026-08-17 19:18:26,541 [INFO] ThirdParty:1030 - CMSIS Pack Vendor :STMicroelectronics X-CUBE-DPower 1.3.0
2026-08-17 19:18:26,542 [INFO] ThirdParty:1030 - CMSIS Pack Vendor :STMicroelectronics USB_DEVICE 1.0.0
2026-08-17 19:18:26,542 [INFO] ThirdParty:1030 - CMSIS Pack Vendor :STMicroelectronics X-CUBE-AZRTOS-L4 2.0.0
2026-08-17 19:18:26,542 [INFO] ThirdParty:1030 - CMSIS Pack Vendor :STMicroelectronics ThreadX 0.0.2
2026-08-17 19:18:26,542 [INFO] ThirdParty:1030 - CMSIS Pack Vendor :STMicroelectronics lwIP 2.1.2
2026-08-17 19:18:26,542 [INFO] ThirdParty:1030 - CMSIS Pack Vendor :STMicroelectronics X-CUBE-SFXS2LP1 4.0.0
2026-08-17 19:18:26,542 [INFO] ThirdParty:1030 - CMSIS Pack Vendor :STMicroelectronics X-CUBE-BLE2 3.3.0
2026-08-17 19:18:26,542 [INFO] ThirdParty:1030 - CMSIS Pack Vendor :Avnet-IOTCONNECT X-CUBE-iotc-st67-sdk 1.0.0
2026-08-17 19:18:26,542 [INFO] ThirdParty:1030 - CMSIS Pack Vendor :STMicroelectronics X-CUBE-TOF1 3.4.3
2026-08-17 19:18:26,542 [INFO] ThirdParty:1030 - CMSIS Pack Vendor :Infineon AIROC-Wi-Fi-Bluetooth-STM32 1.8.0
2026-08-17 19:18:26,542 [INFO] ThirdParty:1030 - CMSIS Pack Vendor :STMicroelectronics X-CUBE-NFC13 1.0.0
2026-08-17 19:18:26,542 [INFO] ThirdParty:1030 - CMSIS Pack Vendor :STMicroelectronics PDM2PCM 3.2.0
2026-08-17 19:18:26,542 [INFO] ThirdParty:1030 - CMSIS Pack Vendor :STMicroelectronics X-CUBE-WB05N 2.1.0
2026-08-17 19:18:26,542 [INFO] ThirdParty:841 - exiting critical section [change project]
2026-08-17 19:18:26,793 [INFO] PinOutPanel:1589 - setPackage(No Configuration,No Configuration)
2026-08-17 19:18:26,794 [INFO] PinOutPanel:1589 - setPackage(STM32F411CEUx,UFQFPN48)
2026-08-17 19:18:26,979 [INFO] UtilMem:75 - Before build in PCC Used Memory: 306641736 Bytes (381681664)
2026-08-17 19:18:27,322 [INFO] UtilMem:75 - After build in PCC Used Memory: 275392552 Bytes (381681664)
2026-08-17 19:18:27,345 [INFO] IPUIPlugin:80 - create IPUIPlugin
2026-08-17 19:18:27,346 [INFO] IPUIPlugin:80 - create IPUIPlugin
2026-08-17 19:18:27,346 [INFO] IPUIPlugin:80 - create IPUIPlugin
2026-08-17 19:18:27,346 [INFO] IPUIPlugin:80 - create IPUIPlugin
2026-08-17 19:18:27,346 [INFO] IPUIPlugin:80 - create IPUIPlugin
2026-08-17 19:18:27,346 [INFO] IPUIPlugin:80 - create IPUIPlugin
2026-08-17 19:18:27,346 [INFO] IPUIPlugin:80 - create IPUIPlugin
2026-08-17 19:18:27,346 [INFO] IPUIPlugin:80 - create IPUIPlugin
2026-08-17 19:18:27,346 [INFO] IPUIPlugin:80 - create IPUIPlugin
2026-08-17 19:18:27,346 [INFO] IPUIPlugin:80 - create IPUIPlugin
2026-08-17 19:18:27,346 [INFO] IPUIPlugin:80 - create IPUIPlugin
2026-08-17 19:18:27,346 [INFO] IPUIPlugin:80 - create IPUIPlugin
2026-08-17 19:18:27,346 [INFO] IPUIPlugin:80 - create IPUIPlugin
2026-08-17 19:18:27,346 [INFO] IPUIPlugin:80 - create IPUIPlugin
2026-08-17 19:18:27,346 [INFO] IPUIPlugin:80 - create IPUIPlugin
2026-08-17 19:18:27,346 [INFO] IPUIPlugin:80 - create IPUIPlugin
2026-08-17 19:18:27,347 [INFO] IPUIPlugin:80 - create IPUIPlugin
2026-08-17 19:18:27,347 [INFO] IPUIPlugin:80 - create IPUIPlugin
2026-08-17 19:18:27,347 [INFO] IPUIPlugin:80 - create IPUIPlugin
2026-08-17 19:18:27,347 [INFO] IPUIPlugin:80 - create IPUIPlugin
2026-08-17 19:18:27,347 [INFO] IPUIPlugin:80 - create IPUIPlugin
2026-08-17 19:18:27,347 [INFO] IPUIPlugin:80 - create IPUIPlugin
2026-08-17 19:18:27,347 [INFO] IPUIPlugin:80 - create IPUIPlugin
2026-08-17 19:18:27,347 [INFO] IPUIPlugin:80 - create IPUIPlugin
2026-08-17 19:18:27,347 [INFO] IPUIPlugin:80 - create IPUIPlugin
2026-08-17 19:18:27,347 [INFO] IPUIPlugin:80 - create IPUIPlugin
2026-08-17 19:18:27,347 [INFO] IPUIPlugin:80 - create IPUIPlugin
2026-08-17 19:18:27,348 [INFO] IPUIPlugin:80 - create IPUIPlugin
2026-08-17 19:18:27,348 [INFO] IPUIPlugin:80 - create IPUIPlugin
2026-08-17 19:18:27,348 [INFO] IPUIPlugin:80 - create IPUIPlugin
2026-08-17 19:18:27,348 [INFO] IPUIPlugin:80 - create IPUIPlugin
2026-08-17 19:18:27,348 [INFO] IPUIPlugin:80 - create IPUIPlugin
2026-08-17 19:18:27,348 [INFO] IPUIPlugin:80 - create IPUIPlugin
2026-08-17 19:18:27,348 [INFO] IPUIPlugin:80 - create IPUIPlugin
2026-08-17 19:18:27,349 [INFO] IPUIPlugin:80 - create IPUIPlugin
2026-08-17 19:18:27,349 [INFO] IPUIPlugin:80 - create IPUIPlugin
2026-08-17 19:18:27,349 [INFO] IPUIPlugin:80 - create IPUIPlugin
2026-08-17 19:18:27,349 [INFO] IPUIPlugin:80 - create IPUIPlugin
2026-08-17 19:18:27,349 [INFO] IPUIPlugin:80 - create IPUIPlugin
2026-08-17 19:18:27,349 [INFO] IPUIPlugin:80 - create IPUIPlugin
2026-08-17 19:18:27,350 [INFO] IPUIPlugin:80 - create IPUIPlugin
2026-08-17 19:18:27,350 [INFO] IPUIPlugin:80 - create IPUIPlugin
2026-08-17 19:18:27,350 [INFO] IPUIPlugin:80 - create IPUIPlugin
2026-08-17 19:18:27,371 [INFO] ApiDbMcu:508 - Load IP Config File for PDM2PCM
2026-08-17 19:18:27,376 [WARN] IP:2250 - I2C_Coeff_DF not found: check if there is a RefParameter without a condition.
2026-08-17 19:18:27,376 [WARN] IP:2250 - Analog_Filter not found: check if there is a RefParameter without a condition.
2026-08-17 19:18:27,503 [INFO] CADModel:165 - CPN selected for project levelSTM32F411CEU6
2026-08-17 19:18:27,503 [INFO] CADModel:114 - Register for checkConnection events
2026-08-17 19:18:27,541 [INFO] OpenFileManager:385 - Restore cursor
2026-08-17 19:18:27,708 [WARN] IP:2250 - I2C_Coeff_DF not found: check if there is a RefParameter without a condition.
2026-08-17 19:18:27,709 [WARN] IP:2250 - Analog_Filter not found: check if there is a RefParameter without a condition.
2026-08-17 19:18:27,709 [WARN] IP:2250 - I2C_Coeff_DF not found: check if there is a RefParameter without a condition.
2026-08-17 19:18:27,714 [WARN] IP:2250 - Analog_Filter not found: check if there is a RefParameter without a condition.
2026-08-17 19:18:31,867 [WARN] IP:2250 - I2C_Coeff_DF not found: check if there is a RefParameter without a condition.
2026-08-17 19:18:31,867 [WARN] IP:2250 - Analog_Filter not found: check if there is a RefParameter without a condition.
2026-08-17 19:18:35,169 [ERROR] LogOutputStream:75 - [STDERR_REDIRECT] Aug 17, 2026 7:18:35 PM java.util.prefs.FileSystemPreferences checkLockFile0ErrorCode
2026-08-17 19:18:35,170 [ERROR] LogOutputStream:75 - [STDERR_REDIRECT] WARNING: Could not lock System prefs. Unix error code 2.
2026-08-17 19:18:35,170 [ERROR] LogOutputStream:75 - [STDERR_REDIRECT] 
2026-08-17 19:18:35,171 [ERROR] LogOutputStream:75 - [STDERR_REDIRECT] Aug 17, 2026 7:18:35 PM java.util.prefs.FileSystemPreferences syncWorld
2026-08-17 19:18:35,171 [ERROR] LogOutputStream:75 - [STDERR_REDIRECT] WARNING: Couldn't flush system prefs: java.util.prefs.BackingStoreException: Couldn't get file lock.
2026-08-17 19:18:35,172 [ERROR] LogOutputStream:75 - [STDERR_REDIRECT] 
2026-08-17 19:19:05,162 [ERROR] LogOutputStream:75 - [STDERR_REDIRECT] Aug 17, 2026 7:19:05 PM java.util.prefs.FileSystemPreferences checkLockFile0ErrorCode
2026-08-17 19:19:05,162 [ERROR] LogOutputStream:75 - [STDERR_REDIRECT] WARNING: Could not lock System prefs. Unix error code 2.
2026-08-17 19:19:05,162 [ERROR] LogOutputStream:75 - [STDERR_REDIRECT] 
2026-08-17 19:19:05,163 [ERROR] LogOutputStream:75 - [STDERR_REDIRECT] Aug 17, 2026 7:19:05 PM java.util.prefs.FileSystemPreferences syncWorld
2026-08-17 19:19:05,163 [ERROR] LogOutputStream:75 - [STDERR_REDIRECT] WARNING: Couldn't flush system prefs: java.util.prefs.BackingStoreException: Couldn't get file lock.
2026-08-17 19:19:05,163 [ERROR] LogOutputStream:75 - [STDERR_REDIRECT] 
2026-08-17 19:19:34,992 [ERROR] ConfigurationRetriever:142 - IOException on connection: Connect timed out
2026-08-17 19:19:35,164 [ERROR] LogOutputStream:75 - [STDERR_REDIRECT] Aug 17, 2026 7:19:35 PM java.util.prefs.FileSystemPreferences checkLockFile0ErrorCode
2026-08-17 19:19:35,164 [ERROR] LogOutputStream:75 - [STDERR_REDIRECT] WARNING: Could not lock System prefs. Unix error code 2.
2026-08-17 19:19:35,165 [ERROR] LogOutputStream:75 - [STDERR_REDIRECT] 
2026-08-17 19:19:35,165 [ERROR] LogOutputStream:75 - [STDERR_REDIRECT] Aug 17, 2026 7:19:35 PM java.util.prefs.FileSystemPreferences syncWorld
2026-08-17 19:19:35,165 [ERROR] LogOutputStream:75 - [STDERR_REDIRECT] WARNING: Couldn't flush system prefs: java.util.prefs.BackingStoreException: Couldn't get file lock.
2026-08-17 19:19:35,165 [ERROR] LogOutputStream:75 - [STDERR_REDIRECT] 
2026-08-17 19:19:36,995 [ERROR] ConfigurationRetriever:142 - IOException on connection: Connect timed out
2026-08-17 19:20:05,170 [ERROR] LogOutputStream:75 - [STDERR_REDIRECT] Aug 17, 2026 7:20:05 PM java.util.prefs.FileSystemPreferences checkLockFile0ErrorCode
2026-08-17 19:20:05,170 [ERROR] LogOutputStream:75 - [STDERR_REDIRECT] WARNING: Could not lock System prefs. Unix error code 2.
2026-08-17 19:20:05,170 [ERROR] LogOutputStream:75 - [STDERR_REDIRECT] 
2026-08-17 19:20:05,171 [ERROR] LogOutputStream:75 - [STDERR_REDIRECT] Aug 17, 2026 7:20:05 PM java.util.prefs.FileSystemPreferences syncWorld
2026-08-17 19:20:05,171 [ERROR] LogOutputStream:75 - [STDERR_REDIRECT] WARNING: Couldn't flush system prefs: java.util.prefs.BackingStoreException: Couldn't get file lock.
2026-08-17 19:20:05,172 [ERROR] LogOutputStream:75 - [STDERR_REDIRECT] 
2026-08-17 19:20:35,163 [ERROR] LogOutputStream:75 - [STDERR_REDIRECT] Aug 17, 2026 7:20:35 PM java.util.prefs.FileSystemPreferences checkLockFile0ErrorCode
2026-08-17 19:20:35,164 [ERROR] LogOutputStream:75 - [STDERR_REDIRECT] WARNING: Could not lock System prefs. Unix error code 2.
2026-08-17 19:20:35,164 [ERROR] LogOutputStream:75 - [STDERR_REDIRECT] 
2026-08-17 19:20:35,164 [ERROR] LogOutputStream:75 - [STDERR_REDIRECT] Aug 17, 2026 7:20:35 PM java.util.prefs.FileSystemPreferences syncWorld
2026-08-17 19:20:35,165 [ERROR] LogOutputStream:75 - [STDERR_REDIRECT] WARNING: Couldn't flush system prefs: java.util.prefs.BackingStoreException: Couldn't get file lock.
2026-08-17 19:20:35,165 [ERROR] LogOutputStream:75 - [STDERR_REDIRECT] 
2026-08-17 19:21:05,166 [ERROR] LogOutputStream:75 - [STDERR_REDIRECT] Aug 17, 2026 7:21:05 PM java.util.prefs.FileSystemPreferences checkLockFile0ErrorCode
2026-08-17 19:21:05,166 [ERROR] LogOutputStream:75 - [STDERR_REDIRECT] WARNING: Could not lock System prefs. Unix error code 2.
2026-08-17 19:21:05,167 [ERROR] LogOutputStream:75 - [STDERR_REDIRECT] 
2026-08-17 19:21:05,167 [ERROR] LogOutputStream:75 - [STDERR_REDIRECT] Aug 17, 2026 7:21:05 PM java.util.prefs.FileSystemPreferences syncWorld
2026-08-17 19:21:05,167 [ERROR] LogOutputStream:75 - [STDERR_REDIRECT] WARNING: Couldn't flush system prefs: java.util.prefs.BackingStoreException: Couldn't get file lock.
2026-08-17 19:21:05,167 [ERROR] LogOutputStream:75 - [STDERR_REDIRECT] 
2026-08-17 19:21:35,163 [ERROR] LogOutputStream:75 - [STDERR_REDIRECT] Aug 17, 2026 7:21:35 PM java.util.prefs.FileSystemPreferences checkLockFile0ErrorCode
2026-08-17 19:21:35,164 [ERROR] LogOutputStream:75 - [STDERR_REDIRECT] WARNING: Could not lock System prefs. Unix error code 2.
2026-08-17 19:21:35,164 [ERROR] LogOutputStream:75 - [STDERR_REDIRECT] 
2026-08-17 19:21:35,165 [ERROR] LogOutputStream:75 - [STDERR_REDIRECT] Aug 17, 2026 7:21:35 PM java.util.prefs.FileSystemPreferences syncWorld
2026-08-17 19:21:35,165 [ERROR] LogOutputStream:75 - [STDERR_REDIRECT] WARNING: Couldn't flush system prefs: java.util.prefs.BackingStoreException: Couldn't get file lock.
2026-08-17 19:21:35,165 [ERROR] LogOutputStream:75 - [STDERR_REDIRECT] 
2026-08-17 19:22:05,163 [ERROR] LogOutputStream:75 - [STDERR_REDIRECT] Aug 17, 2026 7:22:05 PM java.util.prefs.FileSystemPreferences checkLockFile0ErrorCode
2026-08-17 19:22:05,164 [ERROR] LogOutputStream:75 - [STDERR_REDIRECT] WARNING: Could not lock System prefs. Unix error code 2.
2026-08-17 19:22:05,164 [ERROR] LogOutputStream:75 - [STDERR_REDIRECT] 
2026-08-17 19:22:05,165 [ERROR] LogOutputStream:75 - [STDERR_REDIRECT] Aug 17, 2026 7:22:05 PM java.util.prefs.FileSystemPreferences syncWorld
2026-08-17 19:22:05,165 [ERROR] LogOutputStream:75 - [STDERR_REDIRECT] WARNING: Couldn't flush system prefs: java.util.prefs.BackingStoreException: Couldn't get file lock.
2026-08-17 19:22:05,166 [ERROR] LogOutputStream:75 - [STDERR_REDIRECT] 
2026-08-17 19:22:35,162 [ERROR] LogOutputStream:75 - [STDERR_REDIRECT] Aug 17, 2026 7:22:35 PM java.util.prefs.FileSystemPreferences checkLockFile0ErrorCode
2026-08-17 19:22:35,162 [ERROR] LogOutputStream:75 - [STDERR_REDIRECT] WARNING: Could not lock System prefs. Unix error code 2.
2026-08-17 19:22:35,162 [ERROR] LogOutputStream:75 - [STDERR_REDIRECT] 
2026-08-17 19:22:35,162 [ERROR] LogOutputStream:75 - [STDERR_REDIRECT] Aug 17, 2026 7:22:35 PM java.util.prefs.FileSystemPreferences syncWorld
2026-08-17 19:22:35,162 [ERROR] LogOutputStream:75 - [STDERR_REDIRECT] WARNING: Couldn't flush system prefs: java.util.prefs.BackingStoreException: Couldn't get file lock.
2026-08-17 19:22:35,162 [ERROR] LogOutputStream:75 - [STDERR_REDIRECT] 
2026-08-17 19:23:05,163 [ERROR] LogOutputStream:75 - [STDERR_REDIRECT] Aug 17, 2026 7:23:05 PM java.util.prefs.FileSystemPreferences checkLockFile0ErrorCode
2026-08-17 19:23:05,163 [ERROR] LogOutputStream:75 - [STDERR_REDIRECT] WARNING: Could not lock System prefs. Unix error code 2.
2026-08-17 19:23:05,164 [ERROR] LogOutputStream:75 - [STDERR_REDIRECT] 
2026-08-17 19:23:05,164 [ERROR] LogOutputStream:75 - [STDERR_REDIRECT] Aug 17, 2026 7:23:05 PM java.util.prefs.FileSystemPreferences syncWorld
2026-08-17 19:23:05,164 [ERROR] LogOutputStream:75 - [STDERR_REDIRECT] WARNING: Couldn't flush system prefs: java.util.prefs.BackingStoreException: Couldn't get file lock.
2026-08-17 19:23:05,165 [ERROR] LogOutputStream:75 - [STDERR_REDIRECT] 
2026-08-17 19:23:35,162 [ERROR] LogOutputStream:75 - [STDERR_REDIRECT] Aug 17, 2026 7:23:35 PM java.util.prefs.FileSystemPreferences checkLockFile0ErrorCode
2026-08-17 19:23:35,163 [ERROR] LogOutputStream:75 - [STDERR_REDIRECT] WARNING: Could not lock System prefs. Unix error code 2.
2026-08-17 19:23:35,163 [ERROR] LogOutputStream:75 - [STDERR_REDIRECT] 
2026-08-17 19:23:35,164 [ERROR] LogOutputStream:75 - [STDERR_REDIRECT] Aug 17, 2026 7:23:35 PM java.util.prefs.FileSystemPreferences syncWorld
2026-08-17 19:23:35,164 [ERROR] LogOutputStream:75 - [STDERR_REDIRECT] WARNING: Couldn't flush system prefs: java.util.prefs.BackingStoreException: Couldn't get file lock.
2026-08-17 19:23:35,164 [ERROR] LogOutputStream:75 - [STDERR_REDIRECT] 
2026-08-17 19:24:05,163 [ERROR] LogOutputStream:75 - [STDERR_REDIRECT] Aug 17, 2026 7:24:05 PM java.util.prefs.FileSystemPreferences checkLockFile0ErrorCode
2026-08-17 19:24:05,164 [ERROR] LogOutputStream:75 - [STDERR_REDIRECT] WARNING: Could not lock System prefs. Unix error code 2.
2026-08-17 19:24:05,164 [ERROR] LogOutputStream:75 - [STDERR_REDIRECT] 
2026-08-17 19:24:05,164 [ERROR] LogOutputStream:75 - [STDERR_REDIRECT] Aug 17, 2026 7:24:05 PM java.util.prefs.FileSystemPreferences syncWorld
2026-08-17 19:24:05,165 [ERROR] LogOutputStream:75 - [STDERR_REDIRECT] WARNING: Couldn't flush system prefs: java.util.prefs.BackingStoreException: Couldn't get file lock.
2026-08-17 19:24:05,165 [ERROR] LogOutputStream:75 - [STDERR_REDIRECT] 
2026-08-17 19:24:35,164 [ERROR] LogOutputStream:75 - [STDERR_REDIRECT] Aug 17, 2026 7:24:35 PM java.util.prefs.FileSystemPreferences checkLockFile0ErrorCode
2026-08-17 19:24:35,164 [ERROR] LogOutputStream:75 - [STDERR_REDIRECT] WARNING: Could not lock System prefs. Unix error code 2.
2026-08-17 19:24:35,164 [ERROR] LogOutputStream:75 - [STDERR_REDIRECT] 
2026-08-17 19:24:35,165 [ERROR] LogOutputStream:75 - [STDERR_REDIRECT] Aug 17, 2026 7:24:35 PM java.util.prefs.FileSystemPreferences syncWorld
2026-08-17 19:24:35,165 [ERROR] LogOutputStream:75 - [STDERR_REDIRECT] WARNING: Couldn't flush system prefs: java.util.prefs.BackingStoreException: Couldn't get file lock.
2026-08-17 19:24:35,165 [ERROR] LogOutputStream:75 - [STDERR_REDIRECT] 
2026-08-17 19:25:05,163 [ERROR] LogOutputStream:75 - [STDERR_REDIRECT] Aug 17, 2026 7:25:05 PM java.util.prefs.FileSystemPreferences checkLockFile0ErrorCode
2026-08-17 19:25:05,164 [ERROR] LogOutputStream:75 - [STDERR_REDIRECT] WARNING: Could not lock System prefs. Unix error code 2.
2026-08-17 19:25:05,164 [ERROR] LogOutputStream:75 - [STDERR_REDIRECT] 
2026-08-17 19:25:05,164 [ERROR] LogOutputStream:75 - [STDERR_REDIRECT] Aug 17, 2026 7:25:05 PM java.util.prefs.FileSystemPreferences syncWorld
2026-08-17 19:25:05,164 [ERROR] LogOutputStream:75 - [STDERR_REDIRECT] WARNING: Couldn't flush system prefs: java.util.prefs.BackingStoreException: Couldn't get file lock.
2026-08-17 19:25:05,164 [ERROR] LogOutputStream:75 - [STDERR_REDIRECT] 
2026-08-17 19:25:35,163 [ERROR] LogOutputStream:75 - [STDERR_REDIRECT] Aug 17, 2026 7:25:35 PM java.util.prefs.FileSystemPreferences checkLockFile0ErrorCode
2026-08-17 19:25:35,163 [ERROR] LogOutputStream:75 - [STDERR_REDIRECT] WARNING: Could not lock System prefs. Unix error code 2.
2026-08-17 19:25:35,163 [ERROR] LogOutputStream:75 - [STDERR_REDIRECT] 
2026-08-17 19:25:35,163 [ERROR] LogOutputStream:75 - [STDERR_REDIRECT] Aug 17, 2026 7:25:35 PM java.util.prefs.FileSystemPreferences syncWorld
2026-08-17 19:25:35,163 [ERROR] LogOutputStream:75 - [STDERR_REDIRECT] WARNING: Couldn't flush system prefs: java.util.prefs.BackingStoreException: Couldn't get file lock.
2026-08-17 19:25:35,163 [ERROR] LogOutputStream:75 - [STDERR_REDIRECT] 
2026-08-17 19:26:05,164 [ERROR] LogOutputStream:75 - [STDERR_REDIRECT] Aug 17, 2026 7:26:05 PM java.util.prefs.FileSystemPreferences checkLockFile0ErrorCode
2026-08-17 19:26:05,164 [ERROR] LogOutputStream:75 - [STDERR_REDIRECT] WARNING: Could not lock System prefs. Unix error code 2.
2026-08-17 19:26:05,164 [ERROR] LogOutputStream:75 - [STDERR_REDIRECT] 
2026-08-17 19:26:05,164 [ERROR] LogOutputStream:75 - [STDERR_REDIRECT] Aug 17, 2026 7:26:05 PM java.util.prefs.FileSystemPreferences syncWorld
2026-08-17 19:26:05,164 [ERROR] LogOutputStream:75 - [STDERR_REDIRECT] WARNING: Couldn't flush system prefs: java.util.prefs.BackingStoreException: Couldn't get file lock.
2026-08-17 19:26:05,164 [ERROR] LogOutputStream:75 - [STDERR_REDIRECT] 
2026-08-17 19:26:35,164 [ERROR] LogOutputStream:75 - [STDERR_REDIRECT] Aug 17, 2026 7:26:35 PM java.util.prefs.FileSystemPreferences checkLockFile0ErrorCode
2026-08-17 19:26:35,164 [ERROR] LogOutputStream:75 - [STDERR_REDIRECT] WARNING: Could not lock System prefs. Unix error code 2.
2026-08-17 19:26:35,164 [ERROR] LogOutputStream:75 - [STDERR_REDIRECT] 
2026-08-17 19:26:35,165 [ERROR] LogOutputStream:75 - [STDERR_REDIRECT] Aug 17, 2026 7:26:35 PM java.util.prefs.FileSystemPreferences syncWorld
2026-08-17 19:26:35,165 [ERROR] LogOutputStream:75 - [STDERR_REDIRECT] WARNING: Couldn't flush system prefs: java.util.prefs.BackingStoreException: Couldn't get file lock.
2026-08-17 19:26:35,165 [ERROR] LogOutputStream:75 - [STDERR_REDIRECT] 
2026-08-17 19:27:05,165 [ERROR] LogOutputStream:75 - [STDERR_REDIRECT] Aug 17, 2026 7:27:05 PM java.util.prefs.FileSystemPreferences checkLockFile0ErrorCode
2026-08-17 19:27:05,165 [ERROR] LogOutputStream:75 - [STDERR_REDIRECT] WARNING: Could not lock System prefs. Unix error code 2.
2026-08-17 19:27:05,165 [ERROR] LogOutputStream:75 - [STDERR_REDIRECT] 
2026-08-17 19:27:05,166 [ERROR] LogOutputStream:75 - [STDERR_REDIRECT] Aug 17, 2026 7:27:05 PM java.util.prefs.FileSystemPreferences syncWorld
2026-08-17 19:27:05,166 [ERROR] LogOutputStream:75 - [STDERR_REDIRECT] WARNING: Couldn't flush system prefs: java.util.prefs.BackingStoreException: Couldn't get file lock.
2026-08-17 19:27:05,166 [ERROR] LogOutputStream:75 - [STDERR_REDIRECT] 
2026-08-17 19:27:32,354 [INFO] MainUpdater:2872 - connection check result : 10
2026-08-17 19:27:32,354 [INFO] MainUpdater:2872 - connection check result : 10
2026-08-17 19:27:32,415 [INFO] MicroXplorer:468 - Change Database Path : 
2026-08-17 19:27:32,415 [INFO] MicroXplorer:498 - Change Database Version : DB.6.0.140
2026-08-17 19:27:32,441 [ERROR] ProjectManagerView:394 - 
java.lang.NullPointerException: Cannot invoke "javax.swing.JTextField.getText()" because the return value of "java.util.List.get(int)" is null
	at com.st.microxplorer.plugins.projectmanager.gui.ProjectChoiceTab$9.caretUpdate(ProjectChoiceTab.java:2678) ~[filemanager.jar:?]
	at javax.swing.text.JTextComponent.fireCaretUpdate(JTextComponent.java:408) ~[?:?]
	at javax.swing.text.JTextComponent$MutableCaretEvent.fire(JTextComponent.java:4484) ~[?:?]
	at javax.swing.text.JTextComponent$MutableCaretEvent.stateChanged(JTextComponent.java:4506) ~[?:?]
	at javax.swing.text.DefaultCaret.fireStateChanged(DefaultCaret.java:857) ~[?:?]
	at javax.swing.text.DefaultCaret.changeCaretPosition(DefaultCaret.java:1343) ~[?:?]
	at javax.swing.text.DefaultCaret.handleSetDot(DefaultCaret.java:1242) ~[?:?]
	at javax.swing.text.DefaultCaret.setDot(DefaultCaret.java:1223) ~[?:?]
	at javax.swing.text.DefaultCaret$Handler.insertUpdate(DefaultCaret.java:1819) ~[?:?]
	at javax.swing.text.AbstractDocument.fireInsertUpdate(AbstractDocument.java:227) ~[?:?]
	at javax.swing.text.AbstractDocument.handleInsertString(AbstractDocument.java:781) ~[?:?]
	at javax.swing.text.AbstractDocument.insertString(AbstractDocument.java:740) ~[?:?]
	at javax.swing.text.PlainDocument.insertString(PlainDocument.java:131) ~[?:?]
	at javax.swing.text.AbstractDocument.replace(AbstractDocument.java:699) ~[?:?]
	at javax.swing.text.JTextComponent.setText(JTextComponent.java:1725) ~[?:?]
	at com.st.microxplorer.plugins.projectmanager.gui.ProjectChoiceTab.createHeapStackFields(ProjectChoiceTab.java:979) ~[filemanager.jar:?]
	at com.st.microxplorer.plugins.projectmanager.gui.ProjectChoiceTab.buildLinkSettingsPanel(ProjectChoiceTab.java:3766) ~[filemanager.jar:?]
	at com.st.microxplorer.plugins.projectmanager.gui.ProjectChoiceTab.defineWindowsFields(ProjectChoiceTab.java:1962) ~[filemanager.jar:?]
	at com.st.microxplorer.plugins.projectmanager.gui.ProjectChoiceTab.updateSettings(ProjectChoiceTab.java:555) ~[filemanager.jar:?]
	at com.st.microxplorer.plugins.projectmanager.gui.ProjectSettingsPanel.UpdateDialog(ProjectSettingsPanel.java:245) ~[filemanager.jar:?]
	at com.st.microxplorer.plugins.projectmanager.ProjectManagerView.propertyChange(ProjectManagerView.java:391) ~[filemanager.jar:?]
	at java.beans.PropertyChangeSupport.fire(PropertyChangeSupport.java:343) ~[?:?]
	at java.beans.PropertyChangeSupport.firePropertyChange(PropertyChangeSupport.java:335) ~[?:?]
	at java.beans.PropertyChangeSupport.firePropertyChange(PropertyChangeSupport.java:268) ~[?:?]
	at com.st.microxplorer.util.MXPropertyChangeSupport.firePropertyChange(MXPropertyChangeSupport.java:54) ~[STM32CubeMX.jar:?]
	at com.st.microxplorer.mxsystem.MxSystem.closeConfig(MxSystem.java:899) ~[STM32CubeMX.jar:?]
	at com.st.microxplorer.maingui.MainPanel.closeConfig(MainPanel.java:789) ~[STM32CubeMX.jar:?]
	at com.st.microxplorer.plugins.filemanager.engine.OpenFileManager.loadConfigurationFile(OpenFileManager.java:287) ~[filemanager.jar:?]
	at com.st.microxplorer.plugins.filemanager.engine.MainFileManager.userLoadConfig(MainFileManager.java:341) ~[filemanager.jar:?]
	at com.st.microxplorer.plugins.filemanager.engine.MainFileManager.userLoadConfig(MainFileManager.java:319) ~[filemanager.jar:?]
	at com.st.microxplorer.plugins.filemanager.FileManagerView.getSpecificTask(FileManagerView.java:246) ~[filemanager.jar:?]
	at com.st.stm32cube.common.mx.editor.CubeMxEditor.getMxTabbedPaneInstance(CubeMxEditor.java:1198) ~[com.st.stm32cube.common.mx_6.14.0.202502271554/:?]
	at com.st.stm32cube.common.mx.editor.CubeMxEditor$12$1.createSwingComponent(CubeMxEditor.java:1068) ~[com.st.stm32cube.common.mx_6.14.0.202502271554/:?]
	at com.st.stm32cube.common.mx.oss.core.awtswtbridge.EmbeddedSwingComposite.doComponentCreation(EmbeddedSwingComposite.java:492) ~[com.st.stm32cube.common.mx.oss_6.14.0.202502271554/:?]
	at com.st.stm32cube.common.mx.oss.core.awtswtbridge.EmbeddedSwingComposite$4.run(EmbeddedSwingComposite.java:291) ~[com.st.stm32cube.common.mx.oss_6.14.0.202502271554/:?]
	at com.st.stm32cube.common.mx.oss.core.awtswtbridge.AwtEnvironment$2.run(AwtEnvironment.java:166) ~[com.st.stm32cube.common.mx.oss_6.14.0.202502271554/:?]
	at java.awt.event.InvocationEvent.dispatch(InvocationEvent.java:318) ~[?:?]
	at java.awt.EventQueue.dispatchEventImpl(EventQueue.java:773) ~[?:?]
	at java.awt.EventQueue$4.run(EventQueue.java:720) ~[?:?]
	at java.awt.EventQueue$4.run(EventQueue.java:714) ~[?:?]
	at java.security.AccessController.doPrivileged(AccessController.java:400) ~[?:?]
	at java.security.ProtectionDomain$JavaSecurityAccessImpl.doIntersectionPrivilege(ProtectionDomain.java:87) ~[?:?]
	at java.awt.EventQueue.dispatchEvent(EventQueue.java:742) ~[?:?]
	at java.awt.EventDispatchThread.pumpOneEventForFilters(EventDispatchThread.java:203) ~[?:?]
	at java.awt.EventDispatchThread.pumpEventsForFilter(EventDispatchThread.java:124) ~[?:?]
	at java.awt.EventDispatchThread.pumpEventsForHierarchy(EventDispatchThread.java:113) ~[?:?]
	at java.awt.EventDispatchThread.pumpEvents(EventDispatchThread.java:109) ~[?:?]
	at java.awt.EventDispatchThread.pumpEvents(EventDispatchThread.java:101) ~[?:?]
	at java.awt.EventDispatchThread.run(EventDispatchThread.java:90) ~[?:?]
2026-08-17 19:27:32,444 [WARN] ThirdParty:871 - waiting for thirdparty lock release [close project]
2026-08-17 19:27:32,445 [INFO] ThirdParty:873 - entering critical section [close project]
2026-08-17 19:27:32,445 [INFO] ThirdParty:883 - exiting critical section [close project]
2026-08-17 19:27:32,447 [INFO] PinOutPanel:1589 - setPackage(No Configuration,No Configuration)
2026-08-17 19:27:32,456 [WARN] IpParametersView:155 - Warning: This peripheral hasn't parameters
2026-08-17 19:27:32,464 [WARN] MainPanel:289 - <html><b><center>Warning: This peripheral has no parameters to be configured<br></b></html>
2026-08-17 19:27:32,471 [INFO] UtilMem:75 - Begin LoadConfig() Used Memory: 784798792 Bytes (1073741824)
2026-08-17 19:27:32,471 [INFO] MicroXplorer:468 - Change Database Path : 
2026-08-17 19:27:32,471 [INFO] MicroXplorer:498 - Change Database Version : DB.6.0.140
2026-08-17 19:27:32,471 [INFO] OpenFileManager:354 - Change cursor
2026-08-17 19:27:32,480 [INFO] Mcu:2011 - Initializing MCU STM32F411C(C-E)Ux STM32F411CEUx STM32F411CEU6
2026-08-17 19:27:32,957 [INFO] Context:756 - Trying to add GPIOservice into a context  which must be forbidden
2026-08-17 19:27:33,320 [INFO] ImportTextPane:218 - (OptionalMessage_ERROR) Pin23 (VP_RIF_VS_RIF1) cannot be retrieved for this MCU
2026-08-17 19:27:33,344 [INFO] RtosManager:558 - Registered RTOS mode: class=CMSIS, group=RTOS, mode=CMSIS_V1, owner=FREERTOS
2026-08-17 19:27:33,344 [INFO] RtosManager:558 - Registered RTOS mode: class=CMSIS, group=RTOS2, mode=CMSIS_V2, owner=FREERTOS
2026-08-17 19:27:33,344 [INFO] RtosManager:558 - Registered RTOS mode: class=RTOS, group=Core, mode=CMSIS_V1, owner=FREERTOS
2026-08-17 19:27:33,344 [INFO] RtosManager:558 - Registered RTOS mode: class=RTOS, group=Core, mode=CMSIS_V2, owner=FREERTOS
2026-08-17 19:27:33,344 [WARN] ModelIntegratedComponent:184 - Missing modes for component STMicroelectronics:FreeRTOS:0.0.1:STMicroelectronics:RTOS:FreeRTOS:Core:::10.2.0:
2026-08-17 19:27:33,398 [WARN] ModelIntegratedComponent:182 - Modes not found for component STMicroelectronics:USB_HOST:1.0.0:STMicroelectronics:USB::USB Host:Audio HS::1.0:USB_HOST_1_0_RESTRICTED_HS
2026-08-17 19:27:33,398 [WARN] ModelIntegratedComponent:188 - Modes not found for component STMicroelectronics:USB_HOST:1.0.0:STMicroelectronics:USB::USB Host:Audio HS::1.0:USB_HOST_1_0_RESTRICTED_HS
2026-08-17 19:27:33,398 [WARN] ModelIntegratedComponent:182 - Modes not found for component STMicroelectronics:USB_HOST:1.0.0:STMicroelectronics:USB::USB Host:CDC HS::1.0:USB_HOST_1_0_RESTRICTED_HS
2026-08-17 19:27:33,398 [WARN] ModelIntegratedComponent:188 - Modes not found for component STMicroelectronics:USB_HOST:1.0.0:STMicroelectronics:USB::USB Host:CDC HS::1.0:USB_HOST_1_0_RESTRICTED_HS
2026-08-17 19:27:33,398 [WARN] ModelIntegratedComponent:182 - Modes not found for component STMicroelectronics:USB_HOST:1.0.0:STMicroelectronics:USB::USB Host:MSC HS::1.0:USB_HOST_1_0_RESTRICTED_HS
2026-08-17 19:27:33,398 [WARN] ModelIntegratedComponent:188 - Modes not found for component STMicroelectronics:USB_HOST:1.0.0:STMicroelectronics:USB::USB Host:MSC HS::1.0:USB_HOST_1_0_RESTRICTED_HS
2026-08-17 19:27:33,398 [WARN] ModelIntegratedComponent:182 - Modes not found for component STMicroelectronics:USB_HOST:1.0.0:STMicroelectronics:USB::USB Host:HID HS::1.0:USB_HOST_1_0_RESTRICTED_HS
2026-08-17 19:27:33,398 [WARN] ModelIntegratedComponent:188 - Modes not found for component STMicroelectronics:USB_HOST:1.0.0:STMicroelectronics:USB::USB Host:HID HS::1.0:USB_HOST_1_0_RESTRICTED_HS
2026-08-17 19:27:33,398 [WARN] ModelIntegratedComponent:182 - Modes not found for component STMicroelectronics:USB_HOST:1.0.0:STMicroelectronics:USB::USB Host:MTP HS::1.0:USB_HOST_1_0_RESTRICTED_HS
2026-08-17 19:27:33,398 [WARN] ModelIntegratedComponent:188 - Modes not found for component STMicroelectronics:USB_HOST:1.0.0:STMicroelectronics:USB::USB Host:MTP HS::1.0:USB_HOST_1_0_RESTRICTED_HS
2026-08-17 19:27:33,400 [WARN] ModelIntegratedComponent:63 - No mode defined for component null
2026-08-17 19:27:33,400 [WARN] ModelIntegratedComponent:63 - No mode defined for component null
2026-08-17 19:27:33,400 [WARN] ModelIntegratedComponent:63 - No mode defined for component null
2026-08-17 19:27:33,400 [WARN] ModelIntegratedComponent:63 - No mode defined for component null
2026-08-17 19:27:33,400 [WARN] ModelIntegratedComponent:63 - No mode defined for component null
2026-08-17 19:27:33,400 [WARN] ModelIntegratedComponent:63 - No mode defined for component null
2026-08-17 19:27:33,401 [WARN] ModelIntegratedComponent:63 - No mode defined for component null
2026-08-17 19:27:33,401 [WARN] ModelIntegratedComponent:63 - No mode defined for component null
2026-08-17 19:27:33,401 [WARN] ModelIntegratedComponent:63 - No mode defined for component null
2026-08-17 19:27:33,401 [WARN] ModelIntegratedComponent:63 - No mode defined for component null
2026-08-17 19:27:33,401 [WARN] ModelIntegratedComponent:63 - No mode defined for component null
2026-08-17 19:27:33,401 [WARN] ModelIntegratedComponent:63 - No mode defined for component null
2026-08-17 19:27:33,401 [WARN] ModelIntegratedComponent:63 - No mode defined for component null
2026-08-17 19:27:33,401 [WARN] ModelIntegratedComponent:63 - No mode defined for component null
2026-08-17 19:27:33,401 [WARN] ModelIntegratedComponent:63 - No mode defined for component null
2026-08-17 19:27:33,401 [WARN] ModelIntegratedComponent:63 - No mode defined for component null
2026-08-17 19:27:33,401 [WARN] ModelIntegratedComponent:63 - No mode defined for component null
2026-08-17 19:27:33,401 [WARN] ModelIntegratedComponent:63 - No mode defined for component null
2026-08-17 19:27:33,401 [WARN] ModelIntegratedComponent:63 - No mode defined for component null
2026-08-17 19:27:33,401 [WARN] ModelIntegratedComponent:63 - No mode defined for component null
2026-08-17 19:27:33,401 [WARN] ModelIntegratedComponent:63 - No mode defined for component null
2026-08-17 19:27:33,401 [WARN] ModelIntegratedComponent:63 - No mode defined for component null
2026-08-17 19:27:33,401 [WARN] ModelIntegratedComponent:63 - No mode defined for component null
2026-08-17 19:27:33,401 [WARN] ModelIntegratedComponent:63 - No mode defined for component null
2026-08-17 19:27:33,401 [WARN] ModelIntegratedComponent:63 - No mode defined for component null
2026-08-17 19:27:33,401 [WARN] ModelIntegratedComponent:63 - No mode defined for component null
2026-08-17 19:27:33,401 [WARN] ModelIntegratedComponent:63 - No mode defined for component null
2026-08-17 19:27:33,401 [WARN] ModelIntegratedComponent:63 - No mode defined for component null
2026-08-17 19:27:33,401 [WARN] ModelIntegratedComponent:63 - No mode defined for component null
2026-08-17 19:27:33,401 [WARN] ModelIntegratedComponent:63 - No mode defined for component null
2026-08-17 19:27:33,401 [WARN] ModelIntegratedComponent:63 - No mode defined for component null
2026-08-17 19:27:33,401 [WARN] ModelIntegratedComponent:63 - No mode defined for component null
2026-08-17 19:27:33,401 [WARN] ModelIntegratedComponent:63 - No mode defined for component null
2026-08-17 19:27:33,401 [WARN] ModelIntegratedComponent:63 - No mode defined for component null
2026-08-17 19:27:33,401 [WARN] ModelIntegratedComponent:63 - No mode defined for component null
2026-08-17 19:27:33,402 [WARN] ModelPack:524 - Component already loaded: STMicroelectronics:HAL Drivers:0.0.0:STMicroelectronics:Device:STMicro_Driver:XSPI:HAL::0.0.1:HAL_XSPI
2026-08-17 19:27:33,436 [WARN] ModelIntegratedComponent:182 - Modes not found for component STMicroelectronics:USB_DEVICE:1.0.0:STMicroelectronics:USB::USB Device:Audio HS::1.0:USB_DEVICE_1_0_RESTRICTED_HS
2026-08-17 19:27:33,436 [WARN] ModelIntegratedComponent:188 - Modes not found for component STMicroelectronics:USB_DEVICE:1.0.0:STMicroelectronics:USB::USB Device:Audio HS::1.0:USB_DEVICE_1_0_RESTRICTED_HS
2026-08-17 19:27:33,436 [WARN] ModelIntegratedComponent:182 - Modes not found for component STMicroelectronics:USB_DEVICE:1.0.0:STMicroelectronics:USB::USB Device:CDC HS::1.0:USB_DEVICE_1_0_RESTRICTED_HS
2026-08-17 19:27:33,436 [WARN] ModelIntegratedComponent:188 - Modes not found for component STMicroelectronics:USB_DEVICE:1.0.0:STMicroelectronics:USB::USB Device:CDC HS::1.0:USB_DEVICE_1_0_RESTRICTED_HS
2026-08-17 19:27:33,436 [WARN] ModelIntegratedComponent:182 - Modes not found for component STMicroelectronics:USB_DEVICE:1.0.0:STMicroelectronics:USB::USB Device:DFU HS::1.0:USB_DEVICE_1_0_RESTRICTED_HS
2026-08-17 19:27:33,436 [WARN] ModelIntegratedComponent:188 - Modes not found for component STMicroelectronics:USB_DEVICE:1.0.0:STMicroelectronics:USB::USB Device:DFU HS::1.0:USB_DEVICE_1_0_RESTRICTED_HS
2026-08-17 19:27:33,436 [WARN] ModelIntegratedComponent:182 - Modes not found for component STMicroelectronics:USB_DEVICE:1.0.0:STMicroelectronics:USB::USB Device:HID HS::1.0:USB_DEVICE_1_0_RESTRICTED_HS
2026-08-17 19:27:33,436 [WARN] ModelIntegratedComponent:188 - Modes not found for component STMicroelectronics:USB_DEVICE:1.0.0:STMicroelectronics:USB::USB Device:HID HS::1.0:USB_DEVICE_1_0_RESTRICTED_HS
2026-08-17 19:27:33,436 [WARN] ModelIntegratedComponent:182 - Modes not found for component STMicroelectronics:USB_DEVICE:1.0.0:STMicroelectronics:USB::USB Device:Custom HID HS::1.0:USB_DEVICE_1_0_RESTRICTED_HS
2026-08-17 19:27:33,436 [WARN] ModelIntegratedComponent:188 - Modes not found for component STMicroelectronics:USB_DEVICE:1.0.0:STMicroelectronics:USB::USB Device:Custom HID HS::1.0:USB_DEVICE_1_0_RESTRICTED_HS
2026-08-17 19:27:33,436 [WARN] ModelIntegratedComponent:182 - Modes not found for component STMicroelectronics:USB_DEVICE:1.0.0:STMicroelectronics:USB::USB Device:MSC HS::1.0:USB_DEVICE_1_0_RESTRICTED_HS
2026-08-17 19:27:33,436 [WARN] ModelIntegratedComponent:188 - Modes not found for component STMicroelectronics:USB_DEVICE:1.0.0:STMicroelectronics:USB::USB Device:MSC HS::1.0:USB_DEVICE_1_0_RESTRICTED_HS
2026-08-17 19:27:33,446 [INFO] ThirdPartyModel:298 - Start build external matchings
2026-08-17 19:27:33,647 [INFO] ThirdPartyModel:316 - End build external matchings
2026-08-17 19:27:33,657 [INFO] ImportTextPane:218 - (OptionalMessage_ERROR) IP (DMA) : Parameter (Instance) has Id (SPI1_RX) currently not set
2026-08-17 19:27:33,657 [INFO] ImportTextPane:218 - (OptionalMessage_ERROR) IP (DMA) : Parameter (Channel) has Id (SPI1_RX) currently not set
2026-08-17 19:27:33,657 [INFO] ImportTextPane:218 - (OptionalMessage_ERROR) IP (DMA) : Parameter (Direction) has Id (SPI1_RX) currently not set
2026-08-17 19:27:33,657 [INFO] ImportTextPane:218 - (OptionalMessage_ERROR) IP (DMA) : Parameter (PeriphInc) has Id (SPI1_RX) currently not set
2026-08-17 19:27:33,657 [INFO] ImportTextPane:218 - (OptionalMessage_ERROR) IP (DMA) : Parameter (MemInc) has Id (SPI1_RX) currently not set
2026-08-17 19:27:33,657 [INFO] ImportTextPane:218 - (OptionalMessage_ERROR) IP (DMA) : Parameter (PeriphDataAlignment) has Id (SPI1_RX) currently not set
2026-08-17 19:27:33,657 [INFO] ImportTextPane:218 - (OptionalMessage_ERROR) IP (DMA) : Parameter (MemDataAlignment) has Id (SPI1_RX) currently not set
2026-08-17 19:27:33,657 [INFO] ImportTextPane:218 - (OptionalMessage_ERROR) IP (DMA) : Parameter (Mode) has Id (SPI1_RX) currently not set
2026-08-17 19:27:33,657 [INFO] ImportTextPane:218 - (OptionalMessage_ERROR) IP (DMA) : Parameter (Priority) has Id (SPI1_RX) currently not set
2026-08-17 19:27:33,657 [INFO] ImportTextPane:218 - (OptionalMessage_ERROR) IP (DMA) : Parameter (FIFOMode) has Id (SPI1_RX) currently not set
2026-08-17 19:27:33,658 [WARN] IP:2250 - I2C_Coeff_DF not found: check if there is a RefParameter without a condition.
2026-08-17 19:27:33,658 [WARN] IP:2250 - Analog_Filter not found: check if there is a RefParameter without a condition.
2026-08-17 19:27:33,658 [INFO] ImportTextPane:218 - (OptionalMessage_ERROR) IP (RCC) : Parameter (48MHZClocksFreq_Value) has invalid value (50000000)
2026-08-17 19:27:33,659 [INFO] ImportTextPane:218 - (OptionalMessage_ERROR) IP (RCC) : Parameter (RTCHSEDivFreq_Value) has invalid value (12500000)
2026-08-17 19:27:33,762 [INFO] UtilMem:75 - End LoadConfig() Used Memory: 693388896 Bytes (1073741824)
2026-08-17 19:27:33,768 [WARN] ThirdParty:833 - waiting for thirdparty lock release [change project]
2026-08-17 19:27:33,769 [INFO] ThirdParty:835 - entering critical section [change project]
2026-08-17 19:27:33,769 [INFO] ThirdParty:1030 - CMSIS Pack Vendor :STMicroelectronics X-CUBE-AZRTOS-H7 3.5.0
2026-08-17 19:27:33,769 [INFO] ThirdParty:1030 - CMSIS Pack Vendor :STMicroelectronics X-CUBE-PM33A1 1.0.0
2026-08-17 19:27:33,769 [INFO] ThirdParty:1030 - CMSIS Pack Vendor :STMicroelectronics USBPD 4.1
2026-08-17 19:27:33,769 [INFO] ThirdParty:1030 - CMSIS Pack Vendor :STMicroelectronics X-CUBE-NFC9 1.0.0
2026-08-17 19:27:33,769 [INFO] ThirdParty:1030 - CMSIS Pack Vendor :STMicroelectronics USB_HOST 2.0.0
2026-08-17 19:27:33,769 [INFO] ThirdParty:1030 - CMSIS Pack Vendor :STMicroelectronics FP-ATR-ASTRA1 2.0.3
2026-08-17 19:27:33,769 [INFO] ThirdParty:1030 - CMSIS Pack Vendor :STMicroelectronics X-CUBE-AZRTOS-F4 1.1.0
2026-08-17 19:27:33,769 [INFO] ThirdParty:1030 - CMSIS Pack Vendor :STMicroelectronics LIBJPEG 8.0.0
2026-08-17 19:27:33,769 [INFO] ThirdParty:1030 - CMSIS Pack Vendor :STMicroelectronics FP-ATR-ASTRA1 2.0.2
2026-08-17 19:27:33,769 [INFO] ThirdParty:1030 - CMSIS Pack Vendor :STMicroelectronics X-CUBE-BLE1 7.1.0
2026-08-17 19:27:33,769 [INFO] ThirdParty:1030 - CMSIS Pack Vendor :wolfSSL I-CUBE-wolfMQTT 1.19.2
2026-08-17 19:27:33,769 [INFO] ThirdParty:1030 - CMSIS Pack Vendor :STMicroelectronics USB_DEVICE 3.0.0
2026-08-17 19:27:33,769 [INFO] ThirdParty:1030 - CMSIS Pack Vendor :STMicroelectronics X-CUBE-ISPU 2.1.0
2026-08-17 19:27:33,769 [INFO] ThirdParty:1030 - CMSIS Pack Vendor :STMicroelectronics X-CUBE-EEPRMA1 5.2.0
2026-08-17 19:27:33,769 [INFO] ThirdParty:1030 - CMSIS Pack Vendor :STMicroelectronics eDS-WB_DPC_TT-BIDIR 2.1.1
2026-08-17 19:27:33,769 [INFO] ThirdParty:1030 - CMSIS Pack Vendor :STMicroelectronics X-CUBE-AZRTOS-WB 2.0.0
2026-08-17 19:27:33,769 [INFO] ThirdParty:1030 - CMSIS Pack Vendor :STMicroelectronics X-CUBE-NFC12 1.0.0
2026-08-17 19:27:33,769 [INFO] ThirdParty:1030 - CMSIS Pack Vendor :STMicroelectronics X-CUBE-AZRTOS-F7 1.1.0
2026-08-17 19:27:33,769 [INFO] ThirdParty:1030 - CMSIS Pack Vendor :STMicroelectronics X-CUBE-AZRTOS-L5 2.0.0
2026-08-17 19:27:33,769 [INFO] ThirdParty:1030 - CMSIS Pack Vendor :STMicroelectronics USB_DEVICE 2.0.0
2026-08-17 19:27:33,769 [INFO] ThirdParty:1030 - CMSIS Pack Vendor :quantropi X-CUBE-qispace-sdk-base 2.1.0
2026-08-17 19:27:33,769 [INFO] ThirdParty:1030 - CMSIS Pack Vendor :STMicroelectronics X-CUBE-STSE01 2.0.0
2026-08-17 19:27:33,770 [INFO] ThirdParty:1030 - CMSIS Pack Vendor :STMicroelectronics X-CUBE-ALGOBUILD 1.5.0
2026-08-17 19:27:33,770 [INFO] ThirdParty:1030 - CMSIS Pack Vendor :STMicroelectronics FreeRTOS 0.0.1
2026-08-17 19:27:33,770 [INFO] ThirdParty:1030 - CMSIS Pack Vendor :STMicroelectronics X-CUBE-AZRTOS-H7RS 1.3.0
2026-08-17 19:27:33,770 [INFO] ThirdParty:1030 - CMSIS Pack Vendor :STMicroelectronics X-CUBE-AZRTOS-G0 1.1.0
2026-08-17 19:27:33,770 [INFO] ThirdParty:1030 - CMSIS Pack Vendor :STMicroelectronics X-CUBE-NFC4 3.0.0
2026-08-17 19:27:33,770 [INFO] ThirdParty:1030 - CMSIS Pack Vendor :STMicroelectronics X-CUBE-SUBG2 5.0.0
2026-08-17 19:27:33,770 [INFO] ThirdParty:1030 - CMSIS Pack Vendor :STMicroelectronics STM32_WPAN 1.0.0
2026-08-17 19:27:33,770 [INFO] ThirdParty:1030 - CMSIS Pack Vendor :STMicroelectronics eDS-WB_DPC_VIENNA 1.2.0
2026-08-17 19:27:33,770 [INFO] ThirdParty:1030 - CMSIS Pack Vendor :EmbeddedOffice I-CUBE-FS-RTOS 1.0.1
2026-08-17 19:27:33,770 [INFO] ThirdParty:1030 - CMSIS Pack Vendor :STMicroelectronics lwIP 2.0.3
2026-08-17 19:27:33,770 [INFO] ThirdParty:1030 - CMSIS Pack Vendor :STMicroelectronics X-CUBE-MEMS1 13.0.0
2026-08-17 19:27:33,770 [INFO] ThirdParty:1030 - CMSIS Pack Vendor :STMicroelectronics eDS-WB_DPC_3PH2L-BIDIR 1.1.1
2026-08-17 19:27:33,770 [INFO] ThirdParty:1030 - CMSIS Pack Vendor :STMicroelectronics USB_HOST 1.0.0
2026-08-17 19:27:33,770 [INFO] ThirdParty:1030 - CMSIS Pack Vendor :STMicroelectronics X-CUBE-AZRTOS-G4 2.0.0
2026-08-17 19:27:33,770 [INFO] ThirdParty:1030 - CMSIS Pack Vendor :STMicroelectronics PDM2PCM 3.1.0
2026-08-17 19:27:33,770 [INFO] ThirdParty:1030 - CMSIS Pack Vendor :STMicroelectronics PDM2PCM 3.3.0
2026-08-17 19:27:33,770 [INFO] ThirdParty:1030 - CMSIS Pack Vendor :wolfSSL I-CUBE-wolfTPM 3.8.0
2026-08-17 19:27:33,770 [INFO] ThirdParty:1030 - CMSIS Pack Vendor :STMicroelectronics X-CUBE-DISPLAY 3.0.0
2026-08-17 19:27:33,770 [INFO] ThirdParty:1030 - CMSIS Pack Vendor :wolfSSL I-CUBE-wolfSSH 1.4.20
2026-08-17 19:27:33,770 [INFO] ThirdParty:1030 - CMSIS Pack Vendor :STMicroelectronics X-CUBE-NFC7 2.0.0
2026-08-17 19:27:33,770 [INFO] ThirdParty:1030 - CMSIS Pack Vendor :STMicroelectronics X-CUBE-GNSS1 7.1.1
2026-08-17 19:27:33,770 [INFO] ThirdParty:1030 - CMSIS Pack Vendor :STMicroelectronics X-CUBE-TCPP 4.2.0
2026-08-17 19:27:33,770 [INFO] ThirdParty:1030 - CMSIS Pack Vendor :RealThread X-CUBE-RT-Thread_Nano 4.1.1
2026-08-17 19:27:33,770 [INFO] ThirdParty:1030 - CMSIS Pack Vendor :wolfSSL I-CUBE-wolfSSL 5.9.1
2026-08-17 19:27:33,770 [INFO] ThirdParty:1030 - CMSIS Pack Vendor :STMicroelectronics FP-ATR-SIGFOX1 3.2.0
2026-08-17 19:27:33,770 [INFO] ThirdParty:1030 - CMSIS Pack Vendor :STMicroelectronics X-CUBE-NFC10 1.0.0
2026-08-17 19:27:33,770 [INFO] ThirdParty:1030 - CMSIS Pack Vendor :STMicroelectronics HAL Drivers 0.0.0
2026-08-17 19:27:33,770 [INFO] ThirdParty:1030 - CMSIS Pack Vendor :STMicroelectronics MBEDTLS 2.16.2
2026-08-17 19:27:33,770 [INFO] ThirdParty:1030 - CMSIS Pack Vendor :STMicroelectronics X-CUBE-ST60 1.1.0
2026-08-17 19:27:33,770 [INFO] ThirdParty:1030 - CMSIS Pack Vendor :STMicroelectronics X-CUBE-ALS 1.0.2
2026-08-17 19:27:33,770 [INFO] ThirdParty:1030 - CMSIS Pack Vendor :emotas I-CUBE-CANOPEN 1.3.0
2026-08-17 19:27:33,770 [INFO] ThirdParty:1030 - CMSIS Pack Vendor :STMicroelectronics MBEDTLS 2.14.1
2026-08-17 19:27:33,770 [INFO] ThirdParty:1030 - CMSIS Pack Vendor :ITTIA_DB I-CUBE-ITTIADB 8.9.0
2026-08-17 19:27:33,770 [INFO] ThirdParty:1030 - CMSIS Pack Vendor :Cesanta I-CUBE-Mongoose 7.21.7
2026-08-17 19:27:33,770 [INFO] ThirdParty:1030 - CMSIS Pack Vendor :STMicroelectronics X-CUBE-TOUCHGFX 4.26.1
2026-08-17 19:27:33,770 [INFO] ThirdParty:1030 - CMSIS Pack Vendor :STMicroelectronics X-CUBE-NFC6 3.2.0
2026-08-17 19:27:33,770 [INFO] ThirdParty:1030 - CMSIS Pack Vendor :STMicroelectronics X-CUBE-AI 10.2.1
2026-08-17 19:27:33,770 [INFO] ThirdParty:1030 - CMSIS Pack Vendor :STMicroelectronics ThreadX 1.0.0
2026-08-17 19:27:33,771 [INFO] ThirdParty:1030 - CMSIS Pack Vendor :STMicroelectronics FP-SNS-SMARTAG2 1.2.0
2026-08-17 19:27:33,771 [INFO] ThirdParty:1030 - CMSIS Pack Vendor :STMicroelectronics X-CUBE-MEMS1 12.1.0
2026-08-17 19:27:33,771 [INFO] ThirdParty:1030 - CMSIS Pack Vendor :STMicroelectronics FP-SNS-FLIGHT1 5.1.0
2026-08-17 19:27:33,771 [INFO] ThirdParty:1030 - CMSIS Pack Vendor :STMicroelectronics X-CUBE-AZRTOS-WL 2.0.0
2026-08-17 19:27:33,771 [INFO] ThirdParty:1030 - CMSIS Pack Vendor :SEGGER I-CUBE-embOS 1.3.1
2026-08-17 19:27:33,771 [INFO] ThirdParty:1030 - CMSIS Pack Vendor :STMicroelectronics X-CUBE-DPower 1.3.0
2026-08-17 19:27:33,771 [INFO] ThirdParty:1030 - CMSIS Pack Vendor :STMicroelectronics USB_DEVICE 1.0.0
2026-08-17 19:27:33,771 [INFO] ThirdParty:1030 - CMSIS Pack Vendor :STMicroelectronics X-CUBE-AZRTOS-L4 2.0.0
2026-08-17 19:27:33,771 [INFO] ThirdParty:1030 - CMSIS Pack Vendor :STMicroelectronics ThreadX 0.0.2
2026-08-17 19:27:33,771 [INFO] ThirdParty:1030 - CMSIS Pack Vendor :STMicroelectronics lwIP 2.1.2
2026-08-17 19:27:33,771 [INFO] ThirdParty:1030 - CMSIS Pack Vendor :STMicroelectronics X-CUBE-SFXS2LP1 4.0.0
2026-08-17 19:27:33,771 [INFO] ThirdParty:1030 - CMSIS Pack Vendor :STMicroelectronics X-CUBE-BLE2 3.3.0
2026-08-17 19:27:33,771 [INFO] ThirdParty:1030 - CMSIS Pack Vendor :Avnet-IOTCONNECT X-CUBE-iotc-st67-sdk 1.0.0
2026-08-17 19:27:33,771 [INFO] ThirdParty:1030 - CMSIS Pack Vendor :STMicroelectronics X-CUBE-TOF1 3.4.3
2026-08-17 19:27:33,771 [INFO] ThirdParty:1030 - CMSIS Pack Vendor :Infineon AIROC-Wi-Fi-Bluetooth-STM32 1.8.0
2026-08-17 19:27:33,771 [INFO] ThirdParty:1030 - CMSIS Pack Vendor :STMicroelectronics X-CUBE-NFC13 1.0.0
2026-08-17 19:27:33,771 [INFO] ThirdParty:1030 - CMSIS Pack Vendor :STMicroelectronics PDM2PCM 3.2.0
2026-08-17 19:27:33,771 [INFO] ThirdParty:1030 - CMSIS Pack Vendor :STMicroelectronics X-CUBE-WB05N 2.1.0
2026-08-17 19:27:33,771 [INFO] ThirdParty:841 - exiting critical section [change project]
2026-08-17 19:27:34,035 [INFO] PinOutPanel:1589 - setPackage(No Configuration,No Configuration)
2026-08-17 19:27:34,036 [INFO] PinOutPanel:1589 - setPackage(STM32F411CEUx,UFQFPN48)
2026-08-17 19:27:34,180 [INFO] UtilMem:75 - Before build in PCC Used Memory: 518067984 Bytes (1073741824)
2026-08-17 19:27:34,324 [INFO] UtilMem:75 - After build in PCC Used Memory: 564211488 Bytes (1073741824)
2026-08-17 19:27:34,338 [INFO] IPUIPlugin:80 - create IPUIPlugin
2026-08-17 19:27:34,338 [INFO] IPUIPlugin:80 - create IPUIPlugin
2026-08-17 19:27:34,338 [INFO] IPUIPlugin:80 - create IPUIPlugin
2026-08-17 19:27:34,338 [INFO] IPUIPlugin:80 - create IPUIPlugin
2026-08-17 19:27:34,338 [INFO] IPUIPlugin:80 - create IPUIPlugin
2026-08-17 19:27:34,338 [INFO] IPUIPlugin:80 - create IPUIPlugin
2026-08-17 19:27:34,338 [INFO] IPUIPlugin:80 - create IPUIPlugin
2026-08-17 19:27:34,338 [INFO] IPUIPlugin:80 - create IPUIPlugin
2026-08-17 19:27:34,338 [INFO] IPUIPlugin:80 - create IPUIPlugin
2026-08-17 19:27:34,338 [INFO] IPUIPlugin:80 - create IPUIPlugin
2026-08-17 19:27:34,338 [INFO] IPUIPlugin:80 - create IPUIPlugin
2026-08-17 19:27:34,338 [INFO] IPUIPlugin:80 - create IPUIPlugin
2026-08-17 19:27:34,338 [INFO] IPUIPlugin:80 - create IPUIPlugin
2026-08-17 19:27:34,338 [INFO] IPUIPlugin:80 - create IPUIPlugin
2026-08-17 19:27:34,338 [INFO] IPUIPlugin:80 - create IPUIPlugin
2026-08-17 19:27:34,339 [INFO] IPUIPlugin:80 - create IPUIPlugin
2026-08-17 19:27:34,339 [INFO] IPUIPlugin:80 - create IPUIPlugin
2026-08-17 19:27:34,339 [INFO] IPUIPlugin:80 - create IPUIPlugin
2026-08-17 19:27:34,339 [INFO] IPUIPlugin:80 - create IPUIPlugin
2026-08-17 19:27:34,339 [INFO] IPUIPlugin:80 - create IPUIPlugin
2026-08-17 19:27:34,339 [INFO] IPUIPlugin:80 - create IPUIPlugin
2026-08-17 19:27:34,339 [INFO] IPUIPlugin:80 - create IPUIPlugin
2026-08-17 19:27:34,339 [INFO] IPUIPlugin:80 - create IPUIPlugin
2026-08-17 19:27:34,339 [INFO] IPUIPlugin:80 - create IPUIPlugin
2026-08-17 19:27:34,339 [INFO] IPUIPlugin:80 - create IPUIPlugin
2026-08-17 19:27:34,339 [INFO] IPUIPlugin:80 - create IPUIPlugin
2026-08-17 19:27:34,339 [INFO] IPUIPlugin:80 - create IPUIPlugin
2026-08-17 19:27:34,340 [INFO] IPUIPlugin:80 - create IPUIPlugin
2026-08-17 19:27:34,340 [INFO] IPUIPlugin:80 - create IPUIPlugin
2026-08-17 19:27:34,340 [INFO] IPUIPlugin:80 - create IPUIPlugin
2026-08-17 19:27:34,340 [INFO] IPUIPlugin:80 - create IPUIPlugin
2026-08-17 19:27:34,340 [INFO] IPUIPlugin:80 - create IPUIPlugin
2026-08-17 19:27:34,340 [INFO] IPUIPlugin:80 - create IPUIPlugin
2026-08-17 19:27:34,340 [INFO] IPUIPlugin:80 - create IPUIPlugin
2026-08-17 19:27:34,340 [INFO] IPUIPlugin:80 - create IPUIPlugin
2026-08-17 19:27:34,341 [INFO] IPUIPlugin:80 - create IPUIPlugin
2026-08-17 19:27:34,341 [INFO] IPUIPlugin:80 - create IPUIPlugin
2026-08-17 19:27:34,341 [INFO] IPUIPlugin:80 - create IPUIPlugin
2026-08-17 19:27:34,341 [INFO] IPUIPlugin:80 - create IPUIPlugin
2026-08-17 19:27:34,341 [INFO] IPUIPlugin:80 - create IPUIPlugin
2026-08-17 19:27:34,341 [INFO] IPUIPlugin:80 - create IPUIPlugin
2026-08-17 19:27:34,341 [INFO] IPUIPlugin:80 - create IPUIPlugin
2026-08-17 19:27:34,342 [INFO] IPUIPlugin:80 - create IPUIPlugin
2026-08-17 19:27:34,343 [INFO] ApiDbMcu:508 - Load IP Config File for PDM2PCM
2026-08-17 19:27:34,344 [WARN] IP:2250 - I2C_Coeff_DF not found: check if there is a RefParameter without a condition.
2026-08-17 19:27:34,344 [WARN] IP:2250 - Analog_Filter not found: check if there is a RefParameter without a condition.
2026-08-17 19:27:34,377 [INFO] CADModel:165 - CPN selected for project levelSTM32F411CEU6
2026-08-17 19:27:34,377 [INFO] CADModel:114 - Register for checkConnection events
2026-08-17 19:27:34,413 [INFO] OpenFileManager:385 - Restore cursor
2026-08-17 19:27:34,495 [WARN] IP:2250 - I2C_Coeff_DF not found: check if there is a RefParameter without a condition.
2026-08-17 19:27:34,495 [WARN] IP:2250 - Analog_Filter not found: check if there is a RefParameter without a condition.
2026-08-17 19:27:34,495 [WARN] IP:2250 - I2C_Coeff_DF not found: check if there is a RefParameter without a condition.
2026-08-17 19:27:34,495 [WARN] IP:2250 - Analog_Filter not found: check if there is a RefParameter without a condition.
2026-08-17 19:27:35,171 [ERROR] LogOutputStream:75 - [STDERR_REDIRECT] Aug 17, 2026 7:27:35 PM java.util.prefs.FileSystemPreferences checkLockFile0ErrorCode
2026-08-17 19:27:35,171 [ERROR] LogOutputStream:75 - [STDERR_REDIRECT] WARNING: Could not lock System prefs. Unix error code 2.
2026-08-17 19:27:35,172 [ERROR] LogOutputStream:75 - [STDERR_REDIRECT] 
2026-08-17 19:27:35,172 [ERROR] LogOutputStream:75 - [STDERR_REDIRECT] Aug 17, 2026 7:27:35 PM java.util.prefs.FileSystemPreferences syncWorld
2026-08-17 19:27:35,172 [ERROR] LogOutputStream:75 - [STDERR_REDIRECT] WARNING: Couldn't flush system prefs: java.util.prefs.BackingStoreException: Couldn't get file lock.
2026-08-17 19:27:35,172 [ERROR] LogOutputStream:75 - [STDERR_REDIRECT] 
2026-08-17 19:28:05,170 [ERROR] LogOutputStream:75 - [STDERR_REDIRECT] Aug 17, 2026 7:28:05 PM java.util.prefs.FileSystemPreferences checkLockFile0ErrorCode
2026-08-17 19:28:05,171 [ERROR] LogOutputStream:75 - [STDERR_REDIRECT] WARNING: Could not lock System prefs. Unix error code 2.
2026-08-17 19:28:05,171 [ERROR] LogOutputStream:75 - [STDERR_REDIRECT] 
2026-08-17 19:28:05,171 [ERROR] LogOutputStream:75 - [STDERR_REDIRECT] Aug 17, 2026 7:28:05 PM java.util.prefs.FileSystemPreferences syncWorld
2026-08-17 19:28:05,172 [ERROR] LogOutputStream:75 - [STDERR_REDIRECT] WARNING: Couldn't flush system prefs: java.util.prefs.BackingStoreException: Couldn't get file lock.
2026-08-17 19:28:05,172 [ERROR] LogOutputStream:75 - [STDERR_REDIRECT] 
2026-08-17 19:28:35,166 [ERROR] LogOutputStream:75 - [STDERR_REDIRECT] Aug 17, 2026 7:28:35 PM java.util.prefs.FileSystemPreferences checkLockFile0ErrorCode
2026-08-17 19:28:35,166 [ERROR] LogOutputStream:75 - [STDERR_REDIRECT] WARNING: Could not lock System prefs. Unix error code 2.
2026-08-17 19:28:35,166 [ERROR] LogOutputStream:75 - [STDERR_REDIRECT] 
2026-08-17 19:28:35,167 [ERROR] LogOutputStream:75 - [STDERR_REDIRECT] Aug 17, 2026 7:28:35 PM java.util.prefs.FileSystemPreferences syncWorld
2026-08-17 19:28:35,167 [ERROR] LogOutputStream:75 - [STDERR_REDIRECT] WARNING: Couldn't flush system prefs: java.util.prefs.BackingStoreException: Couldn't get file lock.
2026-08-17 19:28:35,167 [ERROR] LogOutputStream:75 - [STDERR_REDIRECT] 
2026-08-17 19:29:05,166 [ERROR] LogOutputStream:75 - [STDERR_REDIRECT] Aug 17, 2026 7:29:05 PM java.util.prefs.FileSystemPreferences checkLockFile0ErrorCode
2026-08-17 19:29:05,167 [ERROR] LogOutputStream:75 - [STDERR_REDIRECT] WARNING: Could not lock System prefs. Unix error code 2.
2026-08-17 19:29:05,167 [ERROR] LogOutputStream:75 - [STDERR_REDIRECT] 
2026-08-17 19:29:05,167 [ERROR] LogOutputStream:75 - [STDERR_REDIRECT] Aug 17, 2026 7:29:05 PM java.util.prefs.FileSystemPreferences syncWorld
2026-08-17 19:29:05,168 [ERROR] LogOutputStream:75 - [STDERR_REDIRECT] WARNING: Couldn't flush system prefs: java.util.prefs.BackingStoreException: Couldn't get file lock.
2026-08-17 19:29:05,168 [ERROR] LogOutputStream:75 - [STDERR_REDIRECT] 
2026-08-17 19:29:35,165 [ERROR] LogOutputStream:75 - [STDERR_REDIRECT] Aug 17, 2026 7:29:35 PM java.util.prefs.FileSystemPreferences checkLockFile0ErrorCode
2026-08-17 19:29:35,165 [ERROR] LogOutputStream:75 - [STDERR_REDIRECT] WARNING: Could not lock System prefs. Unix error code 2.
2026-08-17 19:29:35,166 [ERROR] LogOutputStream:75 - [STDERR_REDIRECT] 
2026-08-17 19:29:35,166 [ERROR] LogOutputStream:75 - [STDERR_REDIRECT] Aug 17, 2026 7:29:35 PM java.util.prefs.FileSystemPreferences syncWorld
2026-08-17 19:29:35,166 [ERROR] LogOutputStream:75 - [STDERR_REDIRECT] WARNING: Couldn't flush system prefs: java.util.prefs.BackingStoreException: Couldn't get file lock.
2026-08-17 19:29:35,166 [ERROR] LogOutputStream:75 - [STDERR_REDIRECT] 
2026-08-17 19:30:05,166 [ERROR] LogOutputStream:75 - [STDERR_REDIRECT] Aug 17, 2026 7:30:05 PM java.util.prefs.FileSystemPreferences checkLockFile0ErrorCode
2026-08-17 19:30:05,167 [ERROR] LogOutputStream:75 - [STDERR_REDIRECT] WARNING: Could not lock System prefs. Unix error code 2.
2026-08-17 19:30:05,167 [ERROR] LogOutputStream:75 - [STDERR_REDIRECT] 
2026-08-17 19:30:05,167 [ERROR] LogOutputStream:75 - [STDERR_REDIRECT] Aug 17, 2026 7:30:05 PM java.util.prefs.FileSystemPreferences syncWorld
2026-08-17 19:30:05,167 [ERROR] LogOutputStream:75 - [STDERR_REDIRECT] WARNING: Couldn't flush system prefs: java.util.prefs.BackingStoreException: Couldn't get file lock.
2026-08-17 19:30:05,167 [ERROR] LogOutputStream:75 - [STDERR_REDIRECT] 
2026-08-17 19:30:35,167 [ERROR] LogOutputStream:75 - [STDERR_REDIRECT] Aug 17, 2026 7:30:35 PM java.util.prefs.FileSystemPreferences checkLockFile0ErrorCode
2026-08-17 19:30:35,167 [ERROR] LogOutputStream:75 - [STDERR_REDIRECT] WARNING: Could not lock System prefs. Unix error code 2.
2026-08-17 19:30:35,167 [ERROR] LogOutputStream:75 - [STDERR_REDIRECT] 
2026-08-17 19:30:35,167 [ERROR] LogOutputStream:75 - [STDERR_REDIRECT] Aug 17, 2026 7:30:35 PM java.util.prefs.FileSystemPreferences syncWorld
2026-08-17 19:30:35,167 [ERROR] LogOutputStream:75 - [STDERR_REDIRECT] WARNING: Couldn't flush system prefs: java.util.prefs.BackingStoreException: Couldn't get file lock.
2026-08-17 19:30:35,167 [ERROR] LogOutputStream:75 - [STDERR_REDIRECT] 
2026-08-17 19:31:05,166 [ERROR] LogOutputStream:75 - [STDERR_REDIRECT] Aug 17, 2026 7:31:05 PM java.util.prefs.FileSystemPreferences checkLockFile0ErrorCode
2026-08-17 19:31:05,166 [ERROR] LogOutputStream:75 - [STDERR_REDIRECT] WARNING: Could not lock System prefs. Unix error code 2.
2026-08-17 19:31:05,166 [ERROR] LogOutputStream:75 - [STDERR_REDIRECT] 
2026-08-17 19:31:05,166 [ERROR] LogOutputStream:75 - [STDERR_REDIRECT] Aug 17, 2026 7:31:05 PM java.util.prefs.FileSystemPreferences syncWorld
2026-08-17 19:31:05,166 [ERROR] LogOutputStream:75 - [STDERR_REDIRECT] WARNING: Couldn't flush system prefs: java.util.prefs.BackingStoreException: Couldn't get file lock.
2026-08-17 19:31:05,166 [ERROR] LogOutputStream:75 - [STDERR_REDIRECT] 
2026-08-17 19:31:35,166 [ERROR] LogOutputStream:75 - [STDERR_REDIRECT] Aug 17, 2026 7:31:35 PM java.util.prefs.FileSystemPreferences checkLockFile0ErrorCode
2026-08-17 19:31:35,166 [ERROR] LogOutputStream:75 - [STDERR_REDIRECT] WARNING: Could not lock System prefs. Unix error code 2.
2026-08-17 19:31:35,166 [ERROR] LogOutputStream:75 - [STDERR_REDIRECT] 
2026-08-17 19:31:35,166 [ERROR] LogOutputStream:75 - [STDERR_REDIRECT] Aug 17, 2026 7:31:35 PM java.util.prefs.FileSystemPreferences syncWorld
2026-08-17 19:31:35,167 [ERROR] LogOutputStream:75 - [STDERR_REDIRECT] WARNING: Couldn't flush system prefs: java.util.prefs.BackingStoreException: Couldn't get file lock.
2026-08-17 19:31:35,167 [ERROR] LogOutputStream:75 - [STDERR_REDIRECT] 
2026-08-17 19:32:05,167 [ERROR] LogOutputStream:75 - [STDERR_REDIRECT] Aug 17, 2026 7:32:05 PM java.util.prefs.FileSystemPreferences checkLockFile0ErrorCode
2026-08-17 19:32:05,167 [ERROR] LogOutputStream:75 - [STDERR_REDIRECT] WARNING: Could not lock System prefs. Unix error code 2.
2026-08-17 19:32:05,167 [ERROR] LogOutputStream:75 - [STDERR_REDIRECT] 
2026-08-17 19:32:05,167 [ERROR] LogOutputStream:75 - [STDERR_REDIRECT] Aug 17, 2026 7:32:05 PM java.util.prefs.FileSystemPreferences syncWorld
2026-08-17 19:32:05,167 [ERROR] LogOutputStream:75 - [STDERR_REDIRECT] WARNING: Couldn't flush system prefs: java.util.prefs.BackingStoreException: Couldn't get file lock.
2026-08-17 19:32:05,167 [ERROR] LogOutputStream:75 - [STDERR_REDIRECT] 
2026-08-17 19:32:35,167 [ERROR] LogOutputStream:75 - [STDERR_REDIRECT] Aug 17, 2026 7:32:35 PM java.util.prefs.FileSystemPreferences checkLockFile0ErrorCode
2026-08-17 19:32:35,167 [ERROR] LogOutputStream:75 - [STDERR_REDIRECT] WARNING: Could not lock System prefs. Unix error code 2.
2026-08-17 19:32:35,167 [ERROR] LogOutputStream:75 - [STDERR_REDIRECT] 
2026-08-17 19:32:35,167 [ERROR] LogOutputStream:75 - [STDERR_REDIRECT] Aug 17, 2026 7:32:35 PM java.util.prefs.FileSystemPreferences syncWorld
2026-08-17 19:32:35,167 [ERROR] LogOutputStream:75 - [STDERR_REDIRECT] WARNING: Couldn't flush system prefs: java.util.prefs.BackingStoreException: Couldn't get file lock.
2026-08-17 19:32:35,167 [ERROR] LogOutputStream:75 - [STDERR_REDIRECT] 
2026-08-17 19:33:05,167 [ERROR] LogOutputStream:75 - [STDERR_REDIRECT] Aug 17, 2026 7:33:05 PM java.util.prefs.FileSystemPreferences checkLockFile0ErrorCode
2026-08-17 19:33:05,167 [ERROR] LogOutputStream:75 - [STDERR_REDIRECT] WARNING: Could not lock System prefs. Unix error code 2.
2026-08-17 19:33:05,167 [ERROR] LogOutputStream:75 - [STDERR_REDIRECT] 
2026-08-17 19:33:05,167 [ERROR] LogOutputStream:75 - [STDERR_REDIRECT] Aug 17, 2026 7:33:05 PM java.util.prefs.FileSystemPreferences syncWorld
2026-08-17 19:33:05,167 [ERROR] LogOutputStream:75 - [STDERR_REDIRECT] WARNING: Couldn't flush system prefs: java.util.prefs.BackingStoreException: Couldn't get file lock.
2026-08-17 19:33:05,167 [ERROR] LogOutputStream:75 - [STDERR_REDIRECT] 
2026-08-17 19:33:35,167 [ERROR] LogOutputStream:75 - [STDERR_REDIRECT] Aug 17, 2026 7:33:35 PM java.util.prefs.FileSystemPreferences checkLockFile0ErrorCode
2026-08-17 19:33:35,167 [ERROR] LogOutputStream:75 - [STDERR_REDIRECT] WARNING: Could not lock System prefs. Unix error code 2.
2026-08-17 19:33:35,167 [ERROR] LogOutputStream:75 - [STDERR_REDIRECT] 
2026-08-17 19:33:35,167 [ERROR] LogOutputStream:75 - [STDERR_REDIRECT] Aug 17, 2026 7:33:35 PM java.util.prefs.FileSystemPreferences syncWorld
2026-08-17 19:33:35,167 [ERROR] LogOutputStream:75 - [STDERR_REDIRECT] WARNING: Couldn't flush system prefs: java.util.prefs.BackingStoreException: Couldn't get file lock.
2026-08-17 19:33:35,167 [ERROR] LogOutputStream:75 - [STDERR_REDIRECT] 
2026-08-17 19:34:05,167 [ERROR] LogOutputStream:75 - [STDERR_REDIRECT] Aug 17, 2026 7:34:05 PM java.util.prefs.FileSystemPreferences checkLockFile0ErrorCode
2026-08-17 19:34:05,167 [ERROR] LogOutputStream:75 - [STDERR_REDIRECT] WARNING: Could not lock System prefs. Unix error code 2.
2026-08-17 19:34:05,167 [ERROR] LogOutputStream:75 - [STDERR_REDIRECT] 
2026-08-17 19:34:05,167 [ERROR] LogOutputStream:75 - [STDERR_REDIRECT] Aug 17, 2026 7:34:05 PM java.util.prefs.FileSystemPreferences syncWorld
2026-08-17 19:34:05,167 [ERROR] LogOutputStream:75 - [STDERR_REDIRECT] WARNING: Couldn't flush system prefs: java.util.prefs.BackingStoreException: Couldn't get file lock.
2026-08-17 19:34:05,167 [ERROR] LogOutputStream:75 - [STDERR_REDIRECT] 
2026-08-17 19:34:35,166 [ERROR] LogOutputStream:75 - [STDERR_REDIRECT] Aug 17, 2026 7:34:35 PM java.util.prefs.FileSystemPreferences checkLockFile0ErrorCode
2026-08-17 19:34:35,166 [ERROR] LogOutputStream:75 - [STDERR_REDIRECT] WARNING: Could not lock System prefs. Unix error code 2.
2026-08-17 19:34:35,167 [ERROR] LogOutputStream:75 - [STDERR_REDIRECT] 
2026-08-17 19:34:35,167 [ERROR] LogOutputStream:75 - [STDERR_REDIRECT] Aug 17, 2026 7:34:35 PM java.util.prefs.FileSystemPreferences syncWorld
2026-08-17 19:34:35,167 [ERROR] LogOutputStream:75 - [STDERR_REDIRECT] WARNING: Couldn't flush system prefs: java.util.prefs.BackingStoreException: Couldn't get file lock.
2026-08-17 19:34:35,167 [ERROR] LogOutputStream:75 - [STDERR_REDIRECT] 
2026-08-17 19:35:05,167 [ERROR] LogOutputStream:75 - [STDERR_REDIRECT] Aug 17, 2026 7:35:05 PM java.util.prefs.FileSystemPreferences checkLockFile0ErrorCode
2026-08-17 19:35:05,168 [ERROR] LogOutputStream:75 - [STDERR_REDIRECT] WARNING: Could not lock System prefs. Unix error code 2.
2026-08-17 19:35:05,168 [ERROR] LogOutputStream:75 - [STDERR_REDIRECT] 
2026-08-17 19:35:05,168 [ERROR] LogOutputStream:75 - [STDERR_REDIRECT] Aug 17, 2026 7:35:05 PM java.util.prefs.FileSystemPreferences syncWorld
2026-08-17 19:35:05,168 [ERROR] LogOutputStream:75 - [STDERR_REDIRECT] WARNING: Couldn't flush system prefs: java.util.prefs.BackingStoreException: Couldn't get file lock.
2026-08-17 19:35:05,168 [ERROR] LogOutputStream:75 - [STDERR_REDIRECT] 
2026-08-17 19:35:35,167 [ERROR] LogOutputStream:75 - [STDERR_REDIRECT] Aug 17, 2026 7:35:35 PM java.util.prefs.FileSystemPreferences checkLockFile0ErrorCode
2026-08-17 19:35:35,167 [ERROR] LogOutputStream:75 - [STDERR_REDIRECT] WARNING: Could not lock System prefs. Unix error code 2.
2026-08-17 19:35:35,167 [ERROR] LogOutputStream:75 - [STDERR_REDIRECT] 
2026-08-17 19:35:35,167 [ERROR] LogOutputStream:75 - [STDERR_REDIRECT] Aug 17, 2026 7:35:35 PM java.util.prefs.FileSystemPreferences syncWorld
2026-08-17 19:35:35,167 [ERROR] LogOutputStream:75 - [STDERR_REDIRECT] WARNING: Couldn't flush system prefs: java.util.prefs.BackingStoreException: Couldn't get file lock.
2026-08-17 19:35:35,167 [ERROR] LogOutputStream:75 - [STDERR_REDIRECT] 
2026-08-17 19:36:05,167 [ERROR] LogOutputStream:75 - [STDERR_REDIRECT] Aug 17, 2026 7:36:05 PM java.util.prefs.FileSystemPreferences checkLockFile0ErrorCode
2026-08-17 19:36:05,167 [ERROR] LogOutputStream:75 - [STDERR_REDIRECT] WARNING: Could not lock System prefs. Unix error code 2.
2026-08-17 19:36:05,167 [ERROR] LogOutputStream:75 - [STDERR_REDIRECT] 
2026-08-17 19:36:05,167 [ERROR] LogOutputStream:75 - [STDERR_REDIRECT] Aug 17, 2026 7:36:05 PM java.util.prefs.FileSystemPreferences syncWorld
2026-08-17 19:36:05,167 [ERROR] LogOutputStream:75 - [STDERR_REDIRECT] WARNING: Couldn't flush system prefs: java.util.prefs.BackingStoreException: Couldn't get file lock.
2026-08-17 19:36:05,168 [ERROR] LogOutputStream:75 - [STDERR_REDIRECT] 
2026-08-17 19:36:35,167 [ERROR] LogOutputStream:75 - [STDERR_REDIRECT] Aug 17, 2026 7:36:35 PM java.util.prefs.FileSystemPreferences checkLockFile0ErrorCode
2026-08-17 19:36:35,167 [ERROR] LogOutputStream:75 - [STDERR_REDIRECT] WARNING: Could not lock System prefs. Unix error code 2.
2026-08-17 19:36:35,167 [ERROR] LogOutputStream:75 - [STDERR_REDIRECT] 
2026-08-17 19:36:35,168 [ERROR] LogOutputStream:75 - [STDERR_REDIRECT] Aug 17, 2026 7:36:35 PM java.util.prefs.FileSystemPreferences syncWorld
2026-08-17 19:36:35,168 [ERROR] LogOutputStream:75 - [STDERR_REDIRECT] WARNING: Couldn't flush system prefs: java.util.prefs.BackingStoreException: Couldn't get file lock.
2026-08-17 19:36:35,168 [ERROR] LogOutputStream:75 - [STDERR_REDIRECT] 
2026-08-17 19:37:05,168 [ERROR] LogOutputStream:75 - [STDERR_REDIRECT] Aug 17, 2026 7:37:05 PM java.util.prefs.FileSystemPreferences checkLockFile0ErrorCode
2026-08-17 19:37:05,168 [ERROR] LogOutputStream:75 - [STDERR_REDIRECT] WARNING: Could not lock System prefs. Unix error code 2.
2026-08-17 19:37:05,168 [ERROR] LogOutputStream:75 - [STDERR_REDIRECT] 
2026-08-17 19:37:05,168 [ERROR] LogOutputStream:75 - [STDERR_REDIRECT] Aug 17, 2026 7:37:05 PM java.util.prefs.FileSystemPreferences syncWorld
2026-08-17 19:37:05,169 [ERROR] LogOutputStream:75 - [STDERR_REDIRECT] WARNING: Couldn't flush system prefs: java.util.prefs.BackingStoreException: Couldn't get file lock.
2026-08-17 19:37:05,169 [ERROR] LogOutputStream:75 - [STDERR_REDIRECT] 
2026-08-17 19:37:35,167 [ERROR] LogOutputStream:75 - [STDERR_REDIRECT] Aug 17, 2026 7:37:35 PM java.util.prefs.FileSystemPreferences checkLockFile0ErrorCode
2026-08-17 19:37:35,167 [ERROR] LogOutputStream:75 - [STDERR_REDIRECT] WARNING: Could not lock System prefs. Unix error code 2.
2026-08-17 19:37:35,167 [ERROR] LogOutputStream:75 - [STDERR_REDIRECT] 
2026-08-17 19:37:35,167 [ERROR] LogOutputStream:75 - [STDERR_REDIRECT] Aug 17, 2026 7:37:35 PM java.util.prefs.FileSystemPreferences syncWorld
2026-08-17 19:37:35,168 [ERROR] LogOutputStream:75 - [STDERR_REDIRECT] WARNING: Couldn't flush system prefs: java.util.prefs.BackingStoreException: Couldn't get file lock.
2026-08-17 19:37:35,168 [ERROR] LogOutputStream:75 - [STDERR_REDIRECT] 
2026-08-17 19:38:05,167 [ERROR] LogOutputStream:75 - [STDERR_REDIRECT] Aug 17, 2026 7:38:05 PM java.util.prefs.FileSystemPreferences checkLockFile0ErrorCode
2026-08-17 19:38:05,167 [ERROR] LogOutputStream:75 - [STDERR_REDIRECT] WARNING: Could not lock System prefs. Unix error code 2.
2026-08-17 19:38:05,167 [ERROR] LogOutputStream:75 - [STDERR_REDIRECT] 
2026-08-17 19:38:05,167 [ERROR] LogOutputStream:75 - [STDERR_REDIRECT] Aug 17, 2026 7:38:05 PM java.util.prefs.FileSystemPreferences syncWorld
2026-08-17 19:38:05,167 [ERROR] LogOutputStream:75 - [STDERR_REDIRECT] WARNING: Couldn't flush system prefs: java.util.prefs.BackingStoreException: Couldn't get file lock.
2026-08-17 19:38:05,167 [ERROR] LogOutputStream:75 - [STDERR_REDIRECT] 
2026-08-17 19:38:35,168 [ERROR] LogOutputStream:75 - [STDERR_REDIRECT] Aug 17, 2026 7:38:35 PM java.util.prefs.FileSystemPreferences checkLockFile0ErrorCode
2026-08-17 19:38:35,168 [ERROR] LogOutputStream:75 - [STDERR_REDIRECT] WARNING: Could not lock System prefs. Unix error code 2.
2026-08-17 19:38:35,168 [ERROR] LogOutputStream:75 - [STDERR_REDIRECT] 
2026-08-17 19:38:35,168 [ERROR] LogOutputStream:75 - [STDERR_REDIRECT] Aug 17, 2026 7:38:35 PM java.util.prefs.FileSystemPreferences syncWorld
2026-08-17 19:38:35,168 [ERROR] LogOutputStream:75 - [STDERR_REDIRECT] WARNING: Couldn't flush system prefs: java.util.prefs.BackingStoreException: Couldn't get file lock.
2026-08-17 19:38:35,169 [ERROR] LogOutputStream:75 - [STDERR_REDIRECT] 
2026-08-17 19:39:05,168 [ERROR] LogOutputStream:75 - [STDERR_REDIRECT] Aug 17, 2026 7:39:05 PM java.util.prefs.FileSystemPreferences checkLockFile0ErrorCode
2026-08-17 19:39:05,168 [ERROR] LogOutputStream:75 - [STDERR_REDIRECT] WARNING: Could not lock System prefs. Unix error code 2.
2026-08-17 19:39:05,168 [ERROR] LogOutputStream:75 - [STDERR_REDIRECT] 
2026-08-17 19:39:05,168 [ERROR] LogOutputStream:75 - [STDERR_REDIRECT] Aug 17, 2026 7:39:05 PM java.util.prefs.FileSystemPreferences syncWorld
2026-08-17 19:39:05,168 [ERROR] LogOutputStream:75 - [STDERR_REDIRECT] WARNING: Couldn't flush system prefs: java.util.prefs.BackingStoreException: Couldn't get file lock.
2026-08-17 19:39:05,168 [ERROR] LogOutputStream:75 - [STDERR_REDIRECT] 
2026-08-17 19:39:35,169 [ERROR] LogOutputStream:75 - [STDERR_REDIRECT] Aug 17, 2026 7:39:35 PM java.util.prefs.FileSystemPreferences checkLockFile0ErrorCode
2026-08-17 19:39:35,169 [ERROR] LogOutputStream:75 - [STDERR_REDIRECT] WARNING: Could not lock System prefs. Unix error code 2.
2026-08-17 19:39:35,169 [ERROR] LogOutputStream:75 - [STDERR_REDIRECT] 
2026-08-17 19:39:35,169 [ERROR] LogOutputStream:75 - [STDERR_REDIRECT] Aug 17, 2026 7:39:35 PM java.util.prefs.FileSystemPreferences syncWorld
2026-08-17 19:39:35,169 [ERROR] LogOutputStream:75 - [STDERR_REDIRECT] WARNING: Couldn't flush system prefs: java.util.prefs.BackingStoreException: Couldn't get file lock.
2026-08-17 19:39:35,169 [ERROR] LogOutputStream:75 - [STDERR_REDIRECT] 
2026-08-17 19:40:05,169 [ERROR] LogOutputStream:75 - [STDERR_REDIRECT] Aug 17, 2026 7:40:05 PM java.util.prefs.FileSystemPreferences checkLockFile0ErrorCode
2026-08-17 19:40:05,169 [ERROR] LogOutputStream:75 - [STDERR_REDIRECT] WARNING: Could not lock System prefs. Unix error code 2.
2026-08-17 19:40:05,169 [ERROR] LogOutputStream:75 - [STDERR_REDIRECT] 
2026-08-17 19:40:05,169 [ERROR] LogOutputStream:75 - [STDERR_REDIRECT] Aug 17, 2026 7:40:05 PM java.util.prefs.FileSystemPreferences syncWorld
2026-08-17 19:40:05,169 [ERROR] LogOutputStream:75 - [STDERR_REDIRECT] WARNING: Couldn't flush system prefs: java.util.prefs.BackingStoreException: Couldn't get file lock.
2026-08-17 19:40:05,169 [ERROR] LogOutputStream:75 - [STDERR_REDIRECT] 
2026-08-17 19:40:35,168 [ERROR] LogOutputStream:75 - [STDERR_REDIRECT] Aug 17, 2026 7:40:35 PM java.util.prefs.FileSystemPreferences checkLockFile0ErrorCode
2026-08-17 19:40:35,169 [ERROR] LogOutputStream:75 - [STDERR_REDIRECT] WARNING: Could not lock System prefs. Unix error code 2.
2026-08-17 19:40:35,169 [ERROR] LogOutputStream:75 - [STDERR_REDIRECT] 
2026-08-17 19:40:35,169 [ERROR] LogOutputStream:75 - [STDERR_REDIRECT] Aug 17, 2026 7:40:35 PM java.util.prefs.FileSystemPreferences syncWorld
2026-08-17 19:40:35,169 [ERROR] LogOutputStream:75 - [STDERR_REDIRECT] WARNING: Couldn't flush system prefs: java.util.prefs.BackingStoreException: Couldn't get file lock.
2026-08-17 19:40:35,169 [ERROR] LogOutputStream:75 - [STDERR_REDIRECT] 
2026-08-17 19:41:05,168 [ERROR] LogOutputStream:75 - [STDERR_REDIRECT] Aug 17, 2026 7:41:05 PM java.util.prefs.FileSystemPreferences checkLockFile0ErrorCode
2026-08-17 19:41:05,169 [ERROR] LogOutputStream:75 - [STDERR_REDIRECT] WARNING: Could not lock System prefs. Unix error code 2.
2026-08-17 19:41:05,169 [ERROR] LogOutputStream:75 - [STDERR_REDIRECT] 
2026-08-17 19:41:05,169 [ERROR] LogOutputStream:75 - [STDERR_REDIRECT] Aug 17, 2026 7:41:05 PM java.util.prefs.FileSystemPreferences syncWorld
2026-08-17 19:41:05,169 [ERROR] LogOutputStream:75 - [STDERR_REDIRECT] WARNING: Couldn't flush system prefs: java.util.prefs.BackingStoreException: Couldn't get file lock.
2026-08-17 19:41:05,169 [ERROR] LogOutputStream:75 - [STDERR_REDIRECT] 
2026-08-17 19:41:35,168 [ERROR] LogOutputStream:75 - [STDERR_REDIRECT] Aug 17, 2026 7:41:35 PM java.util.prefs.FileSystemPreferences checkLockFile0ErrorCode
2026-08-17 19:41:35,168 [ERROR] LogOutputStream:75 - [STDERR_REDIRECT] WARNING: Could not lock System prefs. Unix error code 2.
2026-08-17 19:41:35,168 [ERROR] LogOutputStream:75 - [STDERR_REDIRECT] 
2026-08-17 19:41:35,169 [ERROR] LogOutputStream:75 - [STDERR_REDIRECT] Aug 17, 2026 7:41:35 PM java.util.prefs.FileSystemPreferences syncWorld
2026-08-17 19:41:35,169 [ERROR] LogOutputStream:75 - [STDERR_REDIRECT] WARNING: Couldn't flush system prefs: java.util.prefs.BackingStoreException: Couldn't get file lock.
2026-08-17 19:41:35,169 [ERROR] LogOutputStream:75 - [STDERR_REDIRECT] 
2026-08-17 19:42:05,168 [ERROR] LogOutputStream:75 - [STDERR_REDIRECT] Aug 17, 2026 7:42:05 PM java.util.prefs.FileSystemPreferences checkLockFile0ErrorCode
2026-08-17 19:42:05,168 [ERROR] LogOutputStream:75 - [STDERR_REDIRECT] WARNING: Could not lock System prefs. Unix error code 2.
2026-08-17 19:42:05,168 [ERROR] LogOutputStream:75 - [STDERR_REDIRECT] 
2026-08-17 19:42:05,169 [ERROR] LogOutputStream:75 - [STDERR_REDIRECT] Aug 17, 2026 7:42:05 PM java.util.prefs.FileSystemPreferences syncWorld
2026-08-17 19:42:05,169 [ERROR] LogOutputStream:75 - [STDERR_REDIRECT] WARNING: Couldn't flush system prefs: java.util.prefs.BackingStoreException: Couldn't get file lock.
2026-08-17 19:42:05,169 [ERROR] LogOutputStream:75 - [STDERR_REDIRECT] 
2026-08-17 19:42:35,168 [ERROR] LogOutputStream:75 - [STDERR_REDIRECT] Aug 17, 2026 7:42:35 PM java.util.prefs.FileSystemPreferences checkLockFile0ErrorCode
2026-08-17 19:42:35,168 [ERROR] LogOutputStream:75 - [STDERR_REDIRECT] WARNING: Could not lock System prefs. Unix error code 2.
2026-08-17 19:42:35,168 [ERROR] LogOutputStream:75 - [STDERR_REDIRECT] 
2026-08-17 19:42:35,169 [ERROR] LogOutputStream:75 - [STDERR_REDIRECT] Aug 17, 2026 7:42:35 PM java.util.prefs.FileSystemPreferences syncWorld
2026-08-17 19:42:35,169 [ERROR] LogOutputStream:75 - [STDERR_REDIRECT] WARNING: Couldn't flush system prefs: java.util.prefs.BackingStoreException: Couldn't get file lock.
2026-08-17 19:42:35,169 [ERROR] LogOutputStream:75 - [STDERR_REDIRECT] 
2026-08-17 19:43:05,168 [ERROR] LogOutputStream:75 - [STDERR_REDIRECT] Aug 17, 2026 7:43:05 PM java.util.prefs.FileSystemPreferences checkLockFile0ErrorCode
2026-08-17 19:43:05,168 [ERROR] LogOutputStream:75 - [STDERR_REDIRECT] WARNING: Could not lock System prefs. Unix error code 2.
2026-08-17 19:43:05,168 [ERROR] LogOutputStream:75 - [STDERR_REDIRECT] 
2026-08-17 19:43:05,168 [ERROR] LogOutputStream:75 - [STDERR_REDIRECT] Aug 17, 2026 7:43:05 PM java.util.prefs.FileSystemPreferences syncWorld
2026-08-17 19:43:05,168 [ERROR] LogOutputStream:75 - [STDERR_REDIRECT] WARNING: Couldn't flush system prefs: java.util.prefs.BackingStoreException: Couldn't get file lock.
2026-08-17 19:43:05,168 [ERROR] LogOutputStream:75 - [STDERR_REDIRECT] 
2026-08-17 19:43:35,168 [ERROR] LogOutputStream:75 - [STDERR_REDIRECT] Aug 17, 2026 7:43:35 PM java.util.prefs.FileSystemPreferences checkLockFile0ErrorCode
2026-08-17 19:43:35,168 [ERROR] LogOutputStream:75 - [STDERR_REDIRECT] WARNING: Could not lock System prefs. Unix error code 2.
2026-08-17 19:43:35,168 [ERROR] LogOutputStream:75 - [STDERR_REDIRECT] 
2026-08-17 19:43:35,169 [ERROR] LogOutputStream:75 - [STDERR_REDIRECT] Aug 17, 2026 7:43:35 PM java.util.prefs.FileSystemPreferences syncWorld
2026-08-17 19:43:35,169 [ERROR] LogOutputStream:75 - [STDERR_REDIRECT] WARNING: Couldn't flush system prefs: java.util.prefs.BackingStoreException: Couldn't get file lock.
2026-08-17 19:43:35,169 [ERROR] LogOutputStream:75 - [STDERR_REDIRECT] 
2026-08-17 19:44:05,168 [ERROR] LogOutputStream:75 - [STDERR_REDIRECT] Aug 17, 2026 7:44:05 PM java.util.prefs.FileSystemPreferences checkLockFile0ErrorCode
2026-08-17 19:44:05,168 [ERROR] LogOutputStream:75 - [STDERR_REDIRECT] WARNING: Could not lock System prefs. Unix error code 2.
2026-08-17 19:44:05,168 [ERROR] LogOutputStream:75 - [STDERR_REDIRECT] 
2026-08-17 19:44:05,168 [ERROR] LogOutputStream:75 - [STDERR_REDIRECT] Aug 17, 2026 7:44:05 PM java.util.prefs.FileSystemPreferences syncWorld
2026-08-17 19:44:05,168 [ERROR] LogOutputStream:75 - [STDERR_REDIRECT] WARNING: Couldn't flush system prefs: java.util.prefs.BackingStoreException: Couldn't get file lock.
2026-08-17 19:44:05,168 [ERROR] LogOutputStream:75 - [STDERR_REDIRECT] 
2026-08-17 19:44:35,169 [ERROR] LogOutputStream:75 - [STDERR_REDIRECT] Aug 17, 2026 7:44:35 PM java.util.prefs.FileSystemPreferences checkLockFile0ErrorCode
2026-08-17 19:44:35,169 [ERROR] LogOutputStream:75 - [STDERR_REDIRECT] WARNING: Could not lock System prefs. Unix error code 2.
2026-08-17 19:44:35,169 [ERROR] LogOutputStream:75 - [STDERR_REDIRECT] 
2026-08-17 19:44:35,169 [ERROR] LogOutputStream:75 - [STDERR_REDIRECT] Aug 17, 2026 7:44:35 PM java.util.prefs.FileSystemPreferences syncWorld
2026-08-17 19:44:35,169 [ERROR] LogOutputStream:75 - [STDERR_REDIRECT] WARNING: Couldn't flush system prefs: java.util.prefs.BackingStoreException: Couldn't get file lock.
2026-08-17 19:44:35,169 [ERROR] LogOutputStream:75 - [STDERR_REDIRECT] 
2026-08-17 19:45:05,169 [ERROR] LogOutputStream:75 - [STDERR_REDIRECT] Aug 17, 2026 7:45:05 PM java.util.prefs.FileSystemPreferences checkLockFile0ErrorCode
2026-08-17 19:45:05,170 [ERROR] LogOutputStream:75 - [STDERR_REDIRECT] WARNING: Could not lock System prefs. Unix error code 2.
2026-08-17 19:45:05,170 [ERROR] LogOutputStream:75 - [STDERR_REDIRECT] 
2026-08-17 19:45:05,170 [ERROR] LogOutputStream:75 - [STDERR_REDIRECT] Aug 17, 2026 7:45:05 PM java.util.prefs.FileSystemPreferences syncWorld
2026-08-17 19:45:05,170 [ERROR] LogOutputStream:75 - [STDERR_REDIRECT] WARNING: Couldn't flush system prefs: java.util.prefs.BackingStoreException: Couldn't get file lock.
2026-08-17 19:45:05,170 [ERROR] LogOutputStream:75 - [STDERR_REDIRECT] 
2026-08-17 19:45:35,169 [ERROR] LogOutputStream:75 - [STDERR_REDIRECT] Aug 17, 2026 7:45:35 PM java.util.prefs.FileSystemPreferences checkLockFile0ErrorCode
2026-08-17 19:45:35,169 [ERROR] LogOutputStream:75 - [STDERR_REDIRECT] WARNING: Could not lock System prefs. Unix error code 2.
2026-08-17 19:45:35,169 [ERROR] LogOutputStream:75 - [STDERR_REDIRECT] 
2026-08-17 19:45:35,170 [ERROR] LogOutputStream:75 - [STDERR_REDIRECT] Aug 17, 2026 7:45:35 PM java.util.prefs.FileSystemPreferences syncWorld
2026-08-17 19:45:35,170 [ERROR] LogOutputStream:75 - [STDERR_REDIRECT] WARNING: Couldn't flush system prefs: java.util.prefs.BackingStoreException: Couldn't get file lock.
2026-08-17 19:45:35,170 [ERROR] LogOutputStream:75 - [STDERR_REDIRECT] 
2026-08-17 19:46:05,169 [ERROR] LogOutputStream:75 - [STDERR_REDIRECT] Aug 17, 2026 7:46:05 PM java.util.prefs.FileSystemPreferences checkLockFile0ErrorCode
2026-08-17 19:46:05,169 [ERROR] LogOutputStream:75 - [STDERR_REDIRECT] WARNING: Could not lock System prefs. Unix error code 2.
2026-08-17 19:46:05,169 [ERROR] LogOutputStream:75 - [STDERR_REDIRECT] 
2026-08-17 19:46:05,169 [ERROR] LogOutputStream:75 - [STDERR_REDIRECT] Aug 17, 2026 7:46:05 PM java.util.prefs.FileSystemPreferences syncWorld
2026-08-17 19:46:05,169 [ERROR] LogOutputStream:75 - [STDERR_REDIRECT] WARNING: Couldn't flush system prefs: java.util.prefs.BackingStoreException: Couldn't get file lock.
2026-08-17 19:46:05,169 [ERROR] LogOutputStream:75 - [STDERR_REDIRECT] 
2026-08-17 19:46:35,170 [ERROR] LogOutputStream:75 - [STDERR_REDIRECT] Aug 17, 2026 7:46:35 PM java.util.prefs.FileSystemPreferences checkLockFile0ErrorCode
2026-08-17 19:46:35,170 [ERROR] LogOutputStream:75 - [STDERR_REDIRECT] WARNING: Could not lock System prefs. Unix error code 2.
2026-08-17 19:46:35,170 [ERROR] LogOutputStream:75 - [STDERR_REDIRECT] 
2026-08-17 19:46:35,170 [ERROR] LogOutputStream:75 - [STDERR_REDIRECT] Aug 17, 2026 7:46:35 PM java.util.prefs.FileSystemPreferences syncWorld
2026-08-17 19:46:35,170 [ERROR] LogOutputStream:75 - [STDERR_REDIRECT] WARNING: Couldn't flush system prefs: java.util.prefs.BackingStoreException: Couldn't get file lock.
2026-08-17 19:46:35,170 [ERROR] LogOutputStream:75 - [STDERR_REDIRECT] 
2026-08-17 19:47:05,169 [ERROR] LogOutputStream:75 - [STDERR_REDIRECT] Aug 17, 2026 7:47:05 PM java.util.prefs.FileSystemPreferences checkLockFile0ErrorCode
2026-08-17 19:47:05,170 [ERROR] LogOutputStream:75 - [STDERR_REDIRECT] WARNING: Could not lock System prefs. Unix error code 2.
2026-08-17 19:47:05,170 [ERROR] LogOutputStream:75 - [STDERR_REDIRECT] 
2026-08-17 19:47:05,170 [ERROR] LogOutputStream:75 - [STDERR_REDIRECT] Aug 17, 2026 7:47:05 PM java.util.prefs.FileSystemPreferences syncWorld
2026-08-17 19:47:05,170 [ERROR] LogOutputStream:75 - [STDERR_REDIRECT] WARNING: Couldn't flush system prefs: java.util.prefs.BackingStoreException: Couldn't get file lock.
2026-08-17 19:47:05,170 [ERROR] LogOutputStream:75 - [STDERR_REDIRECT] 
2026-08-17 19:47:35,169 [ERROR] LogOutputStream:75 - [STDERR_REDIRECT] Aug 17, 2026 7:47:35 PM java.util.prefs.FileSystemPreferences checkLockFile0ErrorCode
2026-08-17 19:47:35,169 [ERROR] LogOutputStream:75 - [STDERR_REDIRECT] WARNING: Could not lock System prefs. Unix error code 2.
2026-08-17 19:47:35,169 [ERROR] LogOutputStream:75 - [STDERR_REDIRECT] 
2026-08-17 19:47:35,170 [ERROR] LogOutputStream:75 - [STDERR_REDIRECT] Aug 17, 2026 7:47:35 PM java.util.prefs.FileSystemPreferences syncWorld
2026-08-17 19:47:35,170 [ERROR] LogOutputStream:75 - [STDERR_REDIRECT] WARNING: Couldn't flush system prefs: java.util.prefs.BackingStoreException: Couldn't get file lock.
2026-08-17 19:47:35,170 [ERROR] LogOutputStream:75 - [STDERR_REDIRECT] 
2026-08-17 19:48:05,169 [ERROR] LogOutputStream:75 - [STDERR_REDIRECT] Aug 17, 2026 7:48:05 PM java.util.prefs.FileSystemPreferences checkLockFile0ErrorCode
2026-08-17 19:48:05,169 [ERROR] LogOutputStream:75 - [STDERR_REDIRECT] WARNING: Could not lock System prefs. Unix error code 2.
2026-08-17 19:48:05,169 [ERROR] LogOutputStream:75 - [STDERR_REDIRECT] 
2026-08-17 19:48:05,169 [ERROR] LogOutputStream:75 - [STDERR_REDIRECT] Aug 17, 2026 7:48:05 PM java.util.prefs.FileSystemPreferences syncWorld
2026-08-17 19:48:05,169 [ERROR] LogOutputStream:75 - [STDERR_REDIRECT] WARNING: Couldn't flush system prefs: java.util.prefs.BackingStoreException: Couldn't get file lock.
2026-08-17 19:48:05,170 [ERROR] LogOutputStream:75 - [STDERR_REDIRECT] 
2026-08-17 19:48:35,169 [ERROR] LogOutputStream:75 - [STDERR_REDIRECT] Aug 17, 2026 7:48:35 PM java.util.prefs.FileSystemPreferences checkLockFile0ErrorCode
2026-08-17 19:48:35,169 [ERROR] LogOutputStream:75 - [STDERR_REDIRECT] WARNING: Could not lock System prefs. Unix error code 2.
2026-08-17 19:48:35,169 [ERROR] LogOutputStream:75 - [STDERR_REDIRECT] 
2026-08-17 19:48:35,169 [ERROR] LogOutputStream:75 - [STDERR_REDIRECT] Aug 17, 2026 7:48:35 PM java.util.prefs.FileSystemPreferences syncWorld
2026-08-17 19:48:35,169 [ERROR] LogOutputStream:75 - [STDERR_REDIRECT] WARNING: Couldn't flush system prefs: java.util.prefs.BackingStoreException: Couldn't get file lock.
2026-08-17 19:48:35,169 [ERROR] LogOutputStream:75 - [STDERR_REDIRECT] 
2026-08-17 19:49:05,169 [ERROR] LogOutputStream:75 - [STDERR_REDIRECT] Aug 17, 2026 7:49:05 PM java.util.prefs.FileSystemPreferences checkLockFile0ErrorCode
2026-08-17 19:49:05,169 [ERROR] LogOutputStream:75 - [STDERR_REDIRECT] WARNING: Could not lock System prefs. Unix error code 2.
2026-08-17 19:49:05,169 [ERROR] LogOutputStream:75 - [STDERR_REDIRECT] 
2026-08-17 19:49:05,169 [ERROR] LogOutputStream:75 - [STDERR_REDIRECT] Aug 17, 2026 7:49:05 PM java.util.prefs.FileSystemPreferences syncWorld
2026-08-17 19:49:05,170 [ERROR] LogOutputStream:75 - [STDERR_REDIRECT] WARNING: Couldn't flush system prefs: java.util.prefs.BackingStoreException: Couldn't get file lock.
2026-08-17 19:49:05,170 [ERROR] LogOutputStream:75 - [STDERR_REDIRECT] 
2026-08-17 19:49:35,169 [ERROR] LogOutputStream:75 - [STDERR_REDIRECT] Aug 17, 2026 7:49:35 PM java.util.prefs.FileSystemPreferences checkLockFile0ErrorCode
2026-08-17 19:49:35,169 [ERROR] LogOutputStream:75 - [STDERR_REDIRECT] WARNING: Could not lock System prefs. Unix error code 2.
2026-08-17 19:49:35,169 [ERROR] LogOutputStream:75 - [STDERR_REDIRECT] 
2026-08-17 19:49:35,169 [ERROR] LogOutputStream:75 - [STDERR_REDIRECT] Aug 17, 2026 7:49:35 PM java.util.prefs.FileSystemPreferences syncWorld
2026-08-17 19:49:35,169 [ERROR] LogOutputStream:75 - [STDERR_REDIRECT] WARNING: Couldn't flush system prefs: java.util.prefs.BackingStoreException: Couldn't get file lock.
2026-08-17 19:49:35,169 [ERROR] LogOutputStream:75 - [STDERR_REDIRECT] 
2026-08-17 19:50:05,170 [ERROR] LogOutputStream:75 - [STDERR_REDIRECT] Aug 17, 2026 7:50:05 PM java.util.prefs.FileSystemPreferences checkLockFile0ErrorCode
2026-08-17 19:50:05,170 [ERROR] LogOutputStream:75 - [STDERR_REDIRECT] WARNING: Could not lock System prefs. Unix error code 2.
2026-08-17 19:50:05,170 [ERROR] LogOutputStream:75 - [STDERR_REDIRECT] 
2026-08-17 19:50:05,170 [ERROR] LogOutputStream:75 - [STDERR_REDIRECT] Aug 17, 2026 7:50:05 PM java.util.prefs.FileSystemPreferences syncWorld
2026-08-17 19:50:05,170 [ERROR] LogOutputStream:75 - [STDERR_REDIRECT] WARNING: Couldn't flush system prefs: java.util.prefs.BackingStoreException: Couldn't get file lock.
2026-08-17 19:50:05,170 [ERROR] LogOutputStream:75 - [STDERR_REDIRECT] 
2026-08-17 19:50:35,171 [ERROR] LogOutputStream:75 - [STDERR_REDIRECT] Aug 17, 2026 7:50:35 PM java.util.prefs.FileSystemPreferences checkLockFile0ErrorCode
2026-08-17 19:50:35,171 [ERROR] LogOutputStream:75 - [STDERR_REDIRECT] WARNING: Could not lock System prefs. Unix error code 2.
2026-08-17 19:50:35,171 [ERROR] LogOutputStream:75 - [STDERR_REDIRECT] 
2026-08-17 19:50:35,171 [ERROR] LogOutputStream:75 - [STDERR_REDIRECT] Aug 17, 2026 7:50:35 PM java.util.prefs.FileSystemPreferences syncWorld
2026-08-17 19:50:35,171 [ERROR] LogOutputStream:75 - [STDERR_REDIRECT] WARNING: Couldn't flush system prefs: java.util.prefs.BackingStoreException: Couldn't get file lock.
2026-08-17 19:50:35,171 [ERROR] LogOutputStream:75 - [STDERR_REDIRECT] 
2026-08-17 19:51:05,171 [ERROR] LogOutputStream:75 - [STDERR_REDIRECT] Aug 17, 2026 7:51:05 PM java.util.prefs.FileSystemPreferences checkLockFile0ErrorCode
2026-08-17 19:51:05,171 [ERROR] LogOutputStream:75 - [STDERR_REDIRECT] WARNING: Could not lock System prefs. Unix error code 2.
2026-08-17 19:51:05,171 [ERROR] LogOutputStream:75 - [STDERR_REDIRECT] 
2026-08-17 19:51:05,171 [ERROR] LogOutputStream:75 - [STDERR_REDIRECT] Aug 17, 2026 7:51:05 PM java.util.prefs.FileSystemPreferences syncWorld
2026-08-17 19:51:05,171 [ERROR] LogOutputStream:75 - [STDERR_REDIRECT] WARNING: Couldn't flush system prefs: java.util.prefs.BackingStoreException: Couldn't get file lock.
2026-08-17 19:51:05,171 [ERROR] LogOutputStream:75 - [STDERR_REDIRECT] 
2026-08-17 19:51:35,171 [ERROR] LogOutputStream:75 - [STDERR_REDIRECT] Aug 17, 2026 7:51:35 PM java.util.prefs.FileSystemPreferences checkLockFile0ErrorCode
2026-08-17 19:51:35,171 [ERROR] LogOutputStream:75 - [STDERR_REDIRECT] WARNING: Could not lock System prefs. Unix error code 2.
2026-08-17 19:51:35,172 [ERROR] LogOutputStream:75 - [STDERR_REDIRECT] 
2026-08-17 19:51:35,172 [ERROR] LogOutputStream:75 - [STDERR_REDIRECT] Aug 17, 2026 7:51:35 PM java.util.prefs.FileSystemPreferences syncWorld
2026-08-17 19:51:35,172 [ERROR] LogOutputStream:75 - [STDERR_REDIRECT] WARNING: Couldn't flush system prefs: java.util.prefs.BackingStoreException: Couldn't get file lock.
2026-08-17 19:51:35,172 [ERROR] LogOutputStream:75 - [STDERR_REDIRECT] 
2026-08-17 19:52:05,171 [ERROR] LogOutputStream:75 - [STDERR_REDIRECT] Aug 17, 2026 7:52:05 PM java.util.prefs.FileSystemPreferences checkLockFile0ErrorCode
2026-08-17 19:52:05,171 [ERROR] LogOutputStream:75 - [STDERR_REDIRECT] WARNING: Could not lock System prefs. Unix error code 2.
2026-08-17 19:52:05,171 [ERROR] LogOutputStream:75 - [STDERR_REDIRECT] 
2026-08-17 19:52:05,171 [ERROR] LogOutputStream:75 - [STDERR_REDIRECT] Aug 17, 2026 7:52:05 PM java.util.prefs.FileSystemPreferences syncWorld
2026-08-17 19:52:05,171 [ERROR] LogOutputStream:75 - [STDERR_REDIRECT] WARNING: Couldn't flush system prefs: java.util.prefs.BackingStoreException: Couldn't get file lock.
2026-08-17 19:52:05,172 [ERROR] LogOutputStream:75 - [STDERR_REDIRECT] 
2026-08-17 19:52:35,171 [ERROR] LogOutputStream:75 - [STDERR_REDIRECT] Aug 17, 2026 7:52:35 PM java.util.prefs.FileSystemPreferences checkLockFile0ErrorCode
2026-08-17 19:52:35,171 [ERROR] LogOutputStream:75 - [STDERR_REDIRECT] WARNING: Could not lock System prefs. Unix error code 2.
2026-08-17 19:52:35,171 [ERROR] LogOutputStream:75 - [STDERR_REDIRECT] 
2026-08-17 19:52:35,171 [ERROR] LogOutputStream:75 - [STDERR_REDIRECT] Aug 17, 2026 7:52:35 PM java.util.prefs.FileSystemPreferences syncWorld
2026-08-17 19:52:35,171 [ERROR] LogOutputStream:75 - [STDERR_REDIRECT] WARNING: Couldn't flush system prefs: java.util.prefs.BackingStoreException: Couldn't get file lock.
2026-08-17 19:52:35,171 [ERROR] LogOutputStream:75 - [STDERR_REDIRECT] 
2026-08-17 19:53:05,171 [ERROR] LogOutputStream:75 - [STDERR_REDIRECT] Aug 17, 2026 7:53:05 PM java.util.prefs.FileSystemPreferences checkLockFile0ErrorCode
2026-08-17 19:53:05,172 [ERROR] LogOutputStream:75 - [STDERR_REDIRECT] WARNING: Could not lock System prefs. Unix error code 2.
2026-08-17 19:53:05,172 [ERROR] LogOutputStream:75 - [STDERR_REDIRECT] 
2026-08-17 19:53:05,172 [ERROR] LogOutputStream:75 - [STDERR_REDIRECT] Aug 17, 2026 7:53:05 PM java.util.prefs.FileSystemPreferences syncWorld
2026-08-17 19:53:05,172 [ERROR] LogOutputStream:75 - [STDERR_REDIRECT] WARNING: Couldn't flush system prefs: java.util.prefs.BackingStoreException: Couldn't get file lock.
2026-08-17 19:53:05,172 [ERROR] LogOutputStream:75 - [STDERR_REDIRECT] 
2026-08-17 19:53:35,171 [ERROR] LogOutputStream:75 - [STDERR_REDIRECT] Aug 17, 2026 7:53:35 PM java.util.prefs.FileSystemPreferences checkLockFile0ErrorCode
2026-08-17 19:53:35,171 [ERROR] LogOutputStream:75 - [STDERR_REDIRECT] WARNING: Could not lock System prefs. Unix error code 2.
2026-08-17 19:53:35,171 [ERROR] LogOutputStream:75 - [STDERR_REDIRECT] 
2026-08-17 19:53:35,171 [ERROR] LogOutputStream:75 - [STDERR_REDIRECT] Aug 17, 2026 7:53:35 PM java.util.prefs.FileSystemPreferences syncWorld
2026-08-17 19:53:35,171 [ERROR] LogOutputStream:75 - [STDERR_REDIRECT] WARNING: Couldn't flush system prefs: java.util.prefs.BackingStoreException: Couldn't get file lock.
2026-08-17 19:53:35,171 [ERROR] LogOutputStream:75 - [STDERR_REDIRECT] 
2026-08-17 19:54:05,172 [ERROR] LogOutputStream:75 - [STDERR_REDIRECT] Aug 17, 2026 7:54:05 PM java.util.prefs.FileSystemPreferences checkLockFile0ErrorCode
2026-08-17 19:54:05,172 [ERROR] LogOutputStream:75 - [STDERR_REDIRECT] WARNING: Could not lock System prefs. Unix error code 2.
2026-08-17 19:54:05,172 [ERROR] LogOutputStream:75 - [STDERR_REDIRECT] 
2026-08-17 19:54:05,172 [ERROR] LogOutputStream:75 - [STDERR_REDIRECT] Aug 17, 2026 7:54:05 PM java.util.prefs.FileSystemPreferences syncWorld
2026-08-17 19:54:05,172 [ERROR] LogOutputStream:75 - [STDERR_REDIRECT] WARNING: Couldn't flush system prefs: java.util.prefs.BackingStoreException: Couldn't get file lock.
2026-08-17 19:54:05,172 [ERROR] LogOutputStream:75 - [STDERR_REDIRECT] 
2026-08-17 19:54:35,172 [ERROR] LogOutputStream:75 - [STDERR_REDIRECT] Aug 17, 2026 7:54:35 PM java.util.prefs.FileSystemPreferences checkLockFile0ErrorCode
2026-08-17 19:54:35,172 [ERROR] LogOutputStream:75 - [STDERR_REDIRECT] WARNING: Could not lock System prefs. Unix error code 2.
2026-08-17 19:54:35,172 [ERROR] LogOutputStream:75 - [STDERR_REDIRECT] 
2026-08-17 19:54:35,173 [ERROR] LogOutputStream:75 - [STDERR_REDIRECT] Aug 17, 2026 7:54:35 PM java.util.prefs.FileSystemPreferences syncWorld
2026-08-17 19:54:35,173 [ERROR] LogOutputStream:75 - [STDERR_REDIRECT] WARNING: Couldn't flush system prefs: java.util.prefs.BackingStoreException: Couldn't get file lock.
2026-08-17 19:54:35,173 [ERROR] LogOutputStream:75 - [STDERR_REDIRECT] 
2026-08-17 19:55:05,172 [ERROR] LogOutputStream:75 - [STDERR_REDIRECT] Aug 17, 2026 7:55:05 PM java.util.prefs.FileSystemPreferences checkLockFile0ErrorCode
2026-08-17 19:55:05,172 [ERROR] LogOutputStream:75 - [STDERR_REDIRECT] WARNING: Could not lock System prefs. Unix error code 2.
2026-08-17 19:55:05,172 [ERROR] LogOutputStream:75 - [STDERR_REDIRECT] 
2026-08-17 19:55:05,172 [ERROR] LogOutputStream:75 - [STDERR_REDIRECT] Aug 17, 2026 7:55:05 PM java.util.prefs.FileSystemPreferences syncWorld
2026-08-17 19:55:05,172 [ERROR] LogOutputStream:75 - [STDERR_REDIRECT] WARNING: Couldn't flush system prefs: java.util.prefs.BackingStoreException: Couldn't get file lock.
2026-08-17 19:55:05,172 [ERROR] LogOutputStream:75 - [STDERR_REDIRECT] 
2026-08-17 19:55:35,172 [ERROR] LogOutputStream:75 - [STDERR_REDIRECT] Aug 17, 2026 7:55:35 PM java.util.prefs.FileSystemPreferences checkLockFile0ErrorCode
2026-08-17 19:55:35,173 [ERROR] LogOutputStream:75 - [STDERR_REDIRECT] WARNING: Could not lock System prefs. Unix error code 2.
2026-08-17 19:55:35,173 [ERROR] LogOutputStream:75 - [STDERR_REDIRECT] 
2026-08-17 19:55:35,173 [ERROR] LogOutputStream:75 - [STDERR_REDIRECT] Aug 17, 2026 7:55:35 PM java.util.prefs.FileSystemPreferences syncWorld
2026-08-17 19:55:35,173 [ERROR] LogOutputStream:75 - [STDERR_REDIRECT] WARNING: Couldn't flush system prefs: java.util.prefs.BackingStoreException: Couldn't get file lock.
2026-08-17 19:55:35,173 [ERROR] LogOutputStream:75 - [STDERR_REDIRECT] 
2026-08-17 19:56:05,172 [ERROR] LogOutputStream:75 - [STDERR_REDIRECT] Aug 17, 2026 7:56:05 PM java.util.prefs.FileSystemPreferences checkLockFile0ErrorCode
2026-08-17 19:56:05,172 [ERROR] LogOutputStream:75 - [STDERR_REDIRECT] WARNING: Could not lock System prefs. Unix error code 2.
2026-08-17 19:56:05,172 [ERROR] LogOutputStream:75 - [STDERR_REDIRECT] 
2026-08-17 19:56:05,173 [ERROR] LogOutputStream:75 - [STDERR_REDIRECT] Aug 17, 2026 7:56:05 PM java.util.prefs.FileSystemPreferences syncWorld
2026-08-17 19:56:05,173 [ERROR] LogOutputStream:75 - [STDERR_REDIRECT] WARNING: Couldn't flush system prefs: java.util.prefs.BackingStoreException: Couldn't get file lock.
2026-08-17 19:56:05,173 [ERROR] LogOutputStream:75 - [STDERR_REDIRECT] 
2026-08-17 19:56:35,172 [ERROR] LogOutputStream:75 - [STDERR_REDIRECT] Aug 17, 2026 7:56:35 PM java.util.prefs.FileSystemPreferences checkLockFile0ErrorCode
2026-08-17 19:56:35,172 [ERROR] LogOutputStream:75 - [STDERR_REDIRECT] WARNING: Could not lock System prefs. Unix error code 2.
2026-08-17 19:56:35,172 [ERROR] LogOutputStream:75 - [STDERR_REDIRECT] 
2026-08-17 19:56:35,172 [ERROR] LogOutputStream:75 - [STDERR_REDIRECT] Aug 17, 2026 7:56:35 PM java.util.prefs.FileSystemPreferences syncWorld
2026-08-17 19:56:35,172 [ERROR] LogOutputStream:75 - [STDERR_REDIRECT] WARNING: Couldn't flush system prefs: java.util.prefs.BackingStoreException: Couldn't get file lock.
2026-08-17 19:56:35,172 [ERROR] LogOutputStream:75 - [STDERR_REDIRECT] 
2026-08-17 19:57:05,172 [ERROR] LogOutputStream:75 - [STDERR_REDIRECT] Aug 17, 2026 7:57:05 PM java.util.prefs.FileSystemPreferences checkLockFile0ErrorCode
2026-08-17 19:57:05,173 [ERROR] LogOutputStream:75 - [STDERR_REDIRECT] WARNING: Could not lock System prefs. Unix error code 2.
2026-08-17 19:57:05,173 [ERROR] LogOutputStream:75 - [STDERR_REDIRECT] 
2026-08-17 19:57:05,173 [ERROR] LogOutputStream:75 - [STDERR_REDIRECT] Aug 17, 2026 7:57:05 PM java.util.prefs.FileSystemPreferences syncWorld
2026-08-17 19:57:05,173 [ERROR] LogOutputStream:75 - [STDERR_REDIRECT] WARNING: Couldn't flush system prefs: java.util.prefs.BackingStoreException: Couldn't get file lock.
2026-08-17 19:57:05,173 [ERROR] LogOutputStream:75 - [STDERR_REDIRECT] 
2026-08-17 19:57:35,174 [ERROR] LogOutputStream:75 - [STDERR_REDIRECT] Aug 17, 2026 7:57:35 PM java.util.prefs.FileSystemPreferences checkLockFile0ErrorCode
2026-08-17 19:57:35,174 [ERROR] LogOutputStream:75 - [STDERR_REDIRECT] WARNING: Could not lock System prefs. Unix error code 2.
2026-08-17 19:57:35,174 [ERROR] LogOutputStream:75 - [STDERR_REDIRECT] 
2026-08-17 19:57:35,175 [ERROR] LogOutputStream:75 - [STDERR_REDIRECT] Aug 17, 2026 7:57:35 PM java.util.prefs.FileSystemPreferences syncWorld
2026-08-17 19:57:35,175 [ERROR] LogOutputStream:75 - [STDERR_REDIRECT] WARNING: Couldn't flush system prefs: java.util.prefs.BackingStoreException: Couldn't get file lock.
2026-08-17 19:57:35,175 [ERROR] LogOutputStream:75 - [STDERR_REDIRECT] 
2026-08-17 19:58:05,173 [ERROR] LogOutputStream:75 - [STDERR_REDIRECT] Aug 17, 2026 7:58:05 PM java.util.prefs.FileSystemPreferences checkLockFile0ErrorCode
2026-08-17 19:58:05,173 [ERROR] LogOutputStream:75 - [STDERR_REDIRECT] WARNING: Could not lock System prefs. Unix error code 2.
2026-08-17 19:58:05,173 [ERROR] LogOutputStream:75 - [STDERR_REDIRECT] 
2026-08-17 19:58:05,173 [ERROR] LogOutputStream:75 - [STDERR_REDIRECT] Aug 17, 2026 7:58:05 PM java.util.prefs.FileSystemPreferences syncWorld
2026-08-17 19:58:05,173 [ERROR] LogOutputStream:75 - [STDERR_REDIRECT] WARNING: Couldn't flush system prefs: java.util.prefs.BackingStoreException: Couldn't get file lock.
2026-08-17 19:58:05,173 [ERROR] LogOutputStream:75 - [STDERR_REDIRECT] 
2026-08-17 19:58:35,173 [ERROR] LogOutputStream:75 - [STDERR_REDIRECT] Aug 17, 2026 7:58:35 PM java.util.prefs.FileSystemPreferences checkLockFile0ErrorCode
2026-08-17 19:58:35,173 [ERROR] LogOutputStream:75 - [STDERR_REDIRECT] WARNING: Could not lock System prefs. Unix error code 2.
2026-08-17 19:58:35,173 [ERROR] LogOutputStream:75 - [STDERR_REDIRECT] 
2026-08-17 19:58:35,173 [ERROR] LogOutputStream:75 - [STDERR_REDIRECT] Aug 17, 2026 7:58:35 PM java.util.prefs.FileSystemPreferences syncWorld
2026-08-17 19:58:35,174 [ERROR] LogOutputStream:75 - [STDERR_REDIRECT] WARNING: Couldn't flush system prefs: java.util.prefs.BackingStoreException: Couldn't get file lock.
2026-08-17 19:58:35,174 [ERROR] LogOutputStream:75 - [STDERR_REDIRECT] 
2026-08-17 19:59:05,173 [ERROR] LogOutputStream:75 - [STDERR_REDIRECT] Aug 17, 2026 7:59:05 PM java.util.prefs.FileSystemPreferences checkLockFile0ErrorCode
2026-08-17 19:59:05,173 [ERROR] LogOutputStream:75 - [STDERR_REDIRECT] WARNING: Could not lock System prefs. Unix error code 2.
2026-08-17 19:59:05,173 [ERROR] LogOutputStream:75 - [STDERR_REDIRECT] 
2026-08-17 19:59:05,174 [ERROR] LogOutputStream:75 - [STDERR_REDIRECT] Aug 17, 2026 7:59:05 PM java.util.prefs.FileSystemPreferences syncWorld
2026-08-17 19:59:05,174 [ERROR] LogOutputStream:75 - [STDERR_REDIRECT] WARNING: Couldn't flush system prefs: java.util.prefs.BackingStoreException: Couldn't get file lock.
2026-08-17 19:59:05,174 [ERROR] LogOutputStream:75 - [STDERR_REDIRECT] 
2026-08-17 19:59:35,174 [ERROR] LogOutputStream:75 - [STDERR_REDIRECT] Aug 17, 2026 7:59:35 PM java.util.prefs.FileSystemPreferences checkLockFile0ErrorCode
2026-08-17 19:59:35,174 [ERROR] LogOutputStream:75 - [STDERR_REDIRECT] WARNING: Could not lock System prefs. Unix error code 2.
2026-08-17 19:59:35,174 [ERROR] LogOutputStream:75 - [STDERR_REDIRECT] 
2026-08-17 19:59:35,174 [ERROR] LogOutputStream:75 - [STDERR_REDIRECT] Aug 17, 2026 7:59:35 PM java.util.prefs.FileSystemPreferences syncWorld
2026-08-17 19:59:35,175 [ERROR] LogOutputStream:75 - [STDERR_REDIRECT] WARNING: Couldn't flush system prefs: java.util.prefs.BackingStoreException: Couldn't get file lock.
2026-08-17 19:59:35,175 [ERROR] LogOutputStream:75 - [STDERR_REDIRECT] 
2026-08-17 20:00:05,172 [ERROR] LogOutputStream:75 - [STDERR_REDIRECT] Aug 17, 2026 8:00:05 PM java.util.prefs.FileSystemPreferences checkLockFile0ErrorCode
2026-08-17 20:00:05,173 [ERROR] LogOutputStream:75 - [STDERR_REDIRECT] WARNING: Could not lock System prefs. Unix error code 2.
2026-08-17 20:00:05,173 [ERROR] LogOutputStream:75 - [STDERR_REDIRECT] 
2026-08-17 20:00:05,173 [ERROR] LogOutputStream:75 - [STDERR_REDIRECT] Aug 17, 2026 8:00:05 PM java.util.prefs.FileSystemPreferences syncWorld
2026-08-17 20:00:05,173 [ERROR] LogOutputStream:75 - [STDERR_REDIRECT] WARNING: Couldn't flush system prefs: java.util.prefs.BackingStoreException: Couldn't get file lock.
2026-08-17 20:00:05,173 [ERROR] LogOutputStream:75 - [STDERR_REDIRECT] 
2026-08-17 20:00:35,173 [ERROR] LogOutputStream:75 - [STDERR_REDIRECT] Aug 17, 2026 8:00:35 PM java.util.prefs.FileSystemPreferences checkLockFile0ErrorCode
2026-08-17 20:00:35,173 [ERROR] LogOutputStream:75 - [STDERR_REDIRECT] WARNING: Could not lock System prefs. Unix error code 2.
2026-08-17 20:00:35,173 [ERROR] LogOutputStream:75 - [STDERR_REDIRECT] 
2026-08-17 20:00:35,174 [ERROR] LogOutputStream:75 - [STDERR_REDIRECT] Aug 17, 2026 8:00:35 PM java.util.prefs.FileSystemPreferences syncWorld
2026-08-17 20:00:35,174 [ERROR] LogOutputStream:75 - [STDERR_REDIRECT] WARNING: Couldn't flush system prefs: java.util.prefs.BackingStoreException: Couldn't get file lock.
2026-08-17 20:00:35,174 [ERROR] LogOutputStream:75 - [STDERR_REDIRECT] 
2026-08-17 20:01:05,174 [ERROR] LogOutputStream:75 - [STDERR_REDIRECT] Aug 17, 2026 8:01:05 PM java.util.prefs.FileSystemPreferences checkLockFile0ErrorCode
2026-08-17 20:01:05,174 [ERROR] LogOutputStream:75 - [STDERR_REDIRECT] WARNING: Could not lock System prefs. Unix error code 2.
2026-08-17 20:01:05,174 [ERROR] LogOutputStream:75 - [STDERR_REDIRECT] 
2026-08-17 20:01:05,175 [ERROR] LogOutputStream:75 - [STDERR_REDIRECT] Aug 17, 2026 8:01:05 PM java.util.prefs.FileSystemPreferences syncWorld
2026-08-17 20:01:05,175 [ERROR] LogOutputStream:75 - [STDERR_REDIRECT] WARNING: Couldn't flush system prefs: java.util.prefs.BackingStoreException: Couldn't get file lock.
2026-08-17 20:01:05,175 [ERROR] LogOutputStream:75 - [STDERR_REDIRECT] 
2026-08-17 20:01:35,175 [ERROR] LogOutputStream:75 - [STDERR_REDIRECT] Aug 17, 2026 8:01:35 PM java.util.prefs.FileSystemPreferences checkLockFile0ErrorCode
2026-08-17 20:01:35,176 [ERROR] LogOutputStream:75 - [STDERR_REDIRECT] WARNING: Could not lock System prefs. Unix error code 2.
2026-08-17 20:01:35,176 [ERROR] LogOutputStream:75 - [STDERR_REDIRECT] 
2026-08-17 20:01:35,176 [ERROR] LogOutputStream:75 - [STDERR_REDIRECT] Aug 17, 2026 8:01:35 PM java.util.prefs.FileSystemPreferences syncWorld
2026-08-17 20:01:35,176 [ERROR] LogOutputStream:75 - [STDERR_REDIRECT] WARNING: Couldn't flush system prefs: java.util.prefs.BackingStoreException: Couldn't get file lock.
2026-08-17 20:01:35,176 [ERROR] LogOutputStream:75 - [STDERR_REDIRECT] 
2026-08-17 20:02:05,174 [ERROR] LogOutputStream:75 - [STDERR_REDIRECT] Aug 17, 2026 8:02:05 PM java.util.prefs.FileSystemPreferences checkLockFile0ErrorCode
2026-08-17 20:02:05,174 [ERROR] LogOutputStream:75 - [STDERR_REDIRECT] WARNING: Could not lock System prefs. Unix error code 2.
2026-08-17 20:02:05,174 [ERROR] LogOutputStream:75 - [STDERR_REDIRECT] 
2026-08-17 20:02:05,174 [ERROR] LogOutputStream:75 - [STDERR_REDIRECT] Aug 17, 2026 8:02:05 PM java.util.prefs.FileSystemPreferences syncWorld
2026-08-17 20:02:05,174 [ERROR] LogOutputStream:75 - [STDERR_REDIRECT] WARNING: Couldn't flush system prefs: java.util.prefs.BackingStoreException: Couldn't get file lock.
2026-08-17 20:02:05,174 [ERROR] LogOutputStream:75 - [STDERR_REDIRECT] 
2026-08-17 20:02:35,173 [ERROR] LogOutputStream:75 - [STDERR_REDIRECT] Aug 17, 2026 8:02:35 PM java.util.prefs.FileSystemPreferences checkLockFile0ErrorCode
2026-08-17 20:02:35,173 [ERROR] LogOutputStream:75 - [STDERR_REDIRECT] WARNING: Could not lock System prefs. Unix error code 2.
2026-08-17 20:02:35,173 [ERROR] LogOutputStream:75 - [STDERR_REDIRECT] 
2026-08-17 20:02:35,174 [ERROR] LogOutputStream:75 - [STDERR_REDIRECT] Aug 17, 2026 8:02:35 PM java.util.prefs.FileSystemPreferences syncWorld
2026-08-17 20:02:35,174 [ERROR] LogOutputStream:75 - [STDERR_REDIRECT] WARNING: Couldn't flush system prefs: java.util.prefs.BackingStoreException: Couldn't get file lock.
2026-08-17 20:02:35,174 [ERROR] LogOutputStream:75 - [STDERR_REDIRECT] 
2026-08-17 20:03:05,173 [ERROR] LogOutputStream:75 - [STDERR_REDIRECT] Aug 17, 2026 8:03:05 PM java.util.prefs.FileSystemPreferences checkLockFile0ErrorCode
2026-08-17 20:03:05,173 [ERROR] LogOutputStream:75 - [STDERR_REDIRECT] WARNING: Could not lock System prefs. Unix error code 2.
2026-08-17 20:03:05,173 [ERROR] LogOutputStream:75 - [STDERR_REDIRECT] 
2026-08-17 20:03:05,173 [ERROR] LogOutputStream:75 - [STDERR_REDIRECT] Aug 17, 2026 8:03:05 PM java.util.prefs.FileSystemPreferences syncWorld
2026-08-17 20:03:05,173 [ERROR] LogOutputStream:75 - [STDERR_REDIRECT] WARNING: Couldn't flush system prefs: java.util.prefs.BackingStoreException: Couldn't get file lock.
2026-08-17 20:03:05,173 [ERROR] LogOutputStream:75 - [STDERR_REDIRECT] 
2026-08-17 20:03:35,173 [ERROR] LogOutputStream:75 - [STDERR_REDIRECT] Aug 17, 2026 8:03:35 PM java.util.prefs.FileSystemPreferences checkLockFile0ErrorCode
2026-08-17 20:03:35,174 [ERROR] LogOutputStream:75 - [STDERR_REDIRECT] WARNING: Could not lock System prefs. Unix error code 2.
2026-08-17 20:03:35,174 [ERROR] LogOutputStream:75 - [STDERR_REDIRECT] 
2026-08-17 20:03:35,174 [ERROR] LogOutputStream:75 - [STDERR_REDIRECT] Aug 17, 2026 8:03:35 PM java.util.prefs.FileSystemPreferences syncWorld
2026-08-17 20:03:35,174 [ERROR] LogOutputStream:75 - [STDERR_REDIRECT] WARNING: Couldn't flush system prefs: java.util.prefs.BackingStoreException: Couldn't get file lock.
2026-08-17 20:03:35,174 [ERROR] LogOutputStream:75 - [STDERR_REDIRECT] 
2026-08-17 20:04:05,174 [ERROR] LogOutputStream:75 - [STDERR_REDIRECT] Aug 17, 2026 8:04:05 PM java.util.prefs.FileSystemPreferences checkLockFile0ErrorCode
2026-08-17 20:04:05,174 [ERROR] LogOutputStream:75 - [STDERR_REDIRECT] WARNING: Could not lock System prefs. Unix error code 2.
2026-08-17 20:04:05,174 [ERROR] LogOutputStream:75 - [STDERR_REDIRECT] 
2026-08-17 20:04:05,175 [ERROR] LogOutputStream:75 - [STDERR_REDIRECT] Aug 17, 2026 8:04:05 PM java.util.prefs.FileSystemPreferences syncWorld
2026-08-17 20:04:05,175 [ERROR] LogOutputStream:75 - [STDERR_REDIRECT] WARNING: Couldn't flush system prefs: java.util.prefs.BackingStoreException: Couldn't get file lock.
2026-08-17 20:04:05,175 [ERROR] LogOutputStream:75 - [STDERR_REDIRECT] 
2026-08-17 20:04:35,174 [ERROR] LogOutputStream:75 - [STDERR_REDIRECT] Aug 17, 2026 8:04:35 PM java.util.prefs.FileSystemPreferences checkLockFile0ErrorCode
2026-08-17 20:04:35,175 [ERROR] LogOutputStream:75 - [STDERR_REDIRECT] WARNING: Could not lock System prefs. Unix error code 2.
2026-08-17 20:04:35,175 [ERROR] LogOutputStream:75 - [STDERR_REDIRECT] 
2026-08-17 20:04:35,175 [ERROR] LogOutputStream:75 - [STDERR_REDIRECT] Aug 17, 2026 8:04:35 PM java.util.prefs.FileSystemPreferences syncWorld
2026-08-17 20:04:35,176 [ERROR] LogOutputStream:75 - [STDERR_REDIRECT] WARNING: Couldn't flush system prefs: java.util.prefs.BackingStoreException: Couldn't get file lock.
2026-08-17 20:04:35,176 [ERROR] LogOutputStream:75 - [STDERR_REDIRECT] 
2026-08-17 20:05:05,173 [ERROR] LogOutputStream:75 - [STDERR_REDIRECT] Aug 17, 2026 8:05:05 PM java.util.prefs.FileSystemPreferences checkLockFile0ErrorCode
2026-08-17 20:05:05,173 [ERROR] LogOutputStream:75 - [STDERR_REDIRECT] WARNING: Could not lock System prefs. Unix error code 2.
2026-08-17 20:05:05,173 [ERROR] LogOutputStream:75 - [STDERR_REDIRECT] 
2026-08-17 20:05:05,174 [ERROR] LogOutputStream:75 - [STDERR_REDIRECT] Aug 17, 2026 8:05:05 PM java.util.prefs.FileSystemPreferences syncWorld
2026-08-17 20:05:05,174 [ERROR] LogOutputStream:75 - [STDERR_REDIRECT] WARNING: Couldn't flush system prefs: java.util.prefs.BackingStoreException: Couldn't get file lock.
2026-08-17 20:05:05,174 [ERROR] LogOutputStream:75 - [STDERR_REDIRECT] 
2026-08-17 20:05:35,173 [ERROR] LogOutputStream:75 - [STDERR_REDIRECT] Aug 17, 2026 8:05:35 PM java.util.prefs.FileSystemPreferences checkLockFile0ErrorCode
2026-08-17 20:05:35,173 [ERROR] LogOutputStream:75 - [STDERR_REDIRECT] WARNING: Could not lock System prefs. Unix error code 2.
2026-08-17 20:05:35,173 [ERROR] LogOutputStream:75 - [STDERR_REDIRECT] 
2026-08-17 20:05:35,173 [ERROR] LogOutputStream:75 - [STDERR_REDIRECT] Aug 17, 2026 8:05:35 PM java.util.prefs.FileSystemPreferences syncWorld
2026-08-17 20:05:35,173 [ERROR] LogOutputStream:75 - [STDERR_REDIRECT] WARNING: Couldn't flush system prefs: java.util.prefs.BackingStoreException: Couldn't get file lock.
2026-08-17 20:05:35,173 [ERROR] LogOutputStream:75 - [STDERR_REDIRECT] 
2026-08-17 20:06:05,174 [ERROR] LogOutputStream:75 - [STDERR_REDIRECT] Aug 17, 2026 8:06:05 PM java.util.prefs.FileSystemPreferences checkLockFile0ErrorCode
2026-08-17 20:06:05,174 [ERROR] LogOutputStream:75 - [STDERR_REDIRECT] WARNING: Could not lock System prefs. Unix error code 2.
2026-08-17 20:06:05,174 [ERROR] LogOutputStream:75 - [STDERR_REDIRECT] 
2026-08-17 20:06:05,174 [ERROR] LogOutputStream:75 - [STDERR_REDIRECT] Aug 17, 2026 8:06:05 PM java.util.prefs.FileSystemPreferences syncWorld
2026-08-17 20:06:05,174 [ERROR] LogOutputStream:75 - [STDERR_REDIRECT] WARNING: Couldn't flush system prefs: java.util.prefs.BackingStoreException: Couldn't get file lock.
2026-08-17 20:06:05,174 [ERROR] LogOutputStream:75 - [STDERR_REDIRECT] 
2026-08-17 20:06:35,175 [ERROR] LogOutputStream:75 - [STDERR_REDIRECT] Aug 17, 2026 8:06:35 PM java.util.prefs.FileSystemPreferences checkLockFile0ErrorCode
2026-08-17 20:06:35,176 [ERROR] LogOutputStream:75 - [STDERR_REDIRECT] WARNING: Could not lock System prefs. Unix error code 2.
2026-08-17 20:06:35,176 [ERROR] LogOutputStream:75 - [STDERR_REDIRECT] 
2026-08-17 20:06:35,176 [ERROR] LogOutputStream:75 - [STDERR_REDIRECT] Aug 17, 2026 8:06:35 PM java.util.prefs.FileSystemPreferences syncWorld
2026-08-17 20:06:35,176 [ERROR] LogOutputStream:75 - [STDERR_REDIRECT] WARNING: Couldn't flush system prefs: java.util.prefs.BackingStoreException: Couldn't get file lock.
2026-08-17 20:06:35,177 [ERROR] LogOutputStream:75 - [STDERR_REDIRECT] 
2026-08-17 20:07:05,175 [ERROR] LogOutputStream:75 - [STDERR_REDIRECT] Aug 17, 2026 8:07:05 PM java.util.prefs.FileSystemPreferences checkLockFile0ErrorCode
2026-08-17 20:07:05,175 [ERROR] LogOutputStream:75 - [STDERR_REDIRECT] WARNING: Could not lock System prefs. Unix error code 2.
2026-08-17 20:07:05,175 [ERROR] LogOutputStream:75 - [STDERR_REDIRECT] 
2026-08-17 20:07:05,176 [ERROR] LogOutputStream:75 - [STDERR_REDIRECT] Aug 17, 2026 8:07:05 PM java.util.prefs.FileSystemPreferences syncWorld
2026-08-17 20:07:05,176 [ERROR] LogOutputStream:75 - [STDERR_REDIRECT] WARNING: Couldn't flush system prefs: java.util.prefs.BackingStoreException: Couldn't get file lock.
2026-08-17 20:07:05,176 [ERROR] LogOutputStream:75 - [STDERR_REDIRECT] 
2026-08-17 20:07:35,175 [ERROR] LogOutputStream:75 - [STDERR_REDIRECT] Aug 17, 2026 8:07:35 PM java.util.prefs.FileSystemPreferences checkLockFile0ErrorCode
2026-08-17 20:07:35,175 [ERROR] LogOutputStream:75 - [STDERR_REDIRECT] WARNING: Could not lock System prefs. Unix error code 2.
2026-08-17 20:07:35,176 [ERROR] LogOutputStream:75 - [STDERR_REDIRECT] 
2026-08-17 20:07:35,176 [ERROR] LogOutputStream:75 - [STDERR_REDIRECT] Aug 17, 2026 8:07:35 PM java.util.prefs.FileSystemPreferences syncWorld
2026-08-17 20:07:35,176 [ERROR] LogOutputStream:75 - [STDERR_REDIRECT] WARNING: Couldn't flush system prefs: java.util.prefs.BackingStoreException: Couldn't get file lock.
2026-08-17 20:07:35,176 [ERROR] LogOutputStream:75 - [STDERR_REDIRECT] 
2026-08-17 20:08:05,175 [ERROR] LogOutputStream:75 - [STDERR_REDIRECT] Aug 17, 2026 8:08:05 PM java.util.prefs.FileSystemPreferences checkLockFile0ErrorCode
2026-08-17 20:08:05,175 [ERROR] LogOutputStream:75 - [STDERR_REDIRECT] WARNING: Could not lock System prefs. Unix error code 2.
2026-08-17 20:08:05,175 [ERROR] LogOutputStream:75 - [STDERR_REDIRECT] 
2026-08-17 20:08:05,175 [ERROR] LogOutputStream:75 - [STDERR_REDIRECT] Aug 17, 2026 8:08:05 PM java.util.prefs.FileSystemPreferences syncWorld
2026-08-17 20:08:05,175 [ERROR] LogOutputStream:75 - [STDERR_REDIRECT] WARNING: Couldn't flush system prefs: java.util.prefs.BackingStoreException: Couldn't get file lock.
2026-08-17 20:08:05,175 [ERROR] LogOutputStream:75 - [STDERR_REDIRECT] 
2026-08-17 20:08:35,175 [ERROR] LogOutputStream:75 - [STDERR_REDIRECT] Aug 17, 2026 8:08:35 PM java.util.prefs.FileSystemPreferences checkLockFile0ErrorCode
2026-08-17 20:08:35,175 [ERROR] LogOutputStream:75 - [STDERR_REDIRECT] WARNING: Could not lock System prefs. Unix error code 2.
2026-08-17 20:08:35,175 [ERROR] LogOutputStream:75 - [STDERR_REDIRECT] 
2026-08-17 20:08:35,175 [ERROR] LogOutputStream:75 - [STDERR_REDIRECT] Aug 17, 2026 8:08:35 PM java.util.prefs.FileSystemPreferences syncWorld
2026-08-17 20:08:35,175 [ERROR] LogOutputStream:75 - [STDERR_REDIRECT] WARNING: Couldn't flush system prefs: java.util.prefs.BackingStoreException: Couldn't get file lock.
2026-08-17 20:08:35,175 [ERROR] LogOutputStream:75 - [STDERR_REDIRECT] 
2026-08-17 20:09:05,175 [ERROR] LogOutputStream:75 - [STDERR_REDIRECT] Aug 17, 2026 8:09:05 PM java.util.prefs.FileSystemPreferences checkLockFile0ErrorCode
2026-08-17 20:09:05,176 [ERROR] LogOutputStream:75 - [STDERR_REDIRECT] WARNING: Could not lock System prefs. Unix error code 2.
2026-08-17 20:09:05,176 [ERROR] LogOutputStream:75 - [STDERR_REDIRECT] 
2026-08-17 20:09:05,176 [ERROR] LogOutputStream:75 - [STDERR_REDIRECT] Aug 17, 2026 8:09:05 PM java.util.prefs.FileSystemPreferences syncWorld
2026-08-17 20:09:05,176 [ERROR] LogOutputStream:75 - [STDERR_REDIRECT] WARNING: Couldn't flush system prefs: java.util.prefs.BackingStoreException: Couldn't get file lock.
2026-08-17 20:09:05,176 [ERROR] LogOutputStream:75 - [STDERR_REDIRECT] 
2026-08-17 20:09:35,175 [ERROR] LogOutputStream:75 - [STDERR_REDIRECT] Aug 17, 2026 8:09:35 PM java.util.prefs.FileSystemPreferences checkLockFile0ErrorCode
2026-08-17 20:09:35,175 [ERROR] LogOutputStream:75 - [STDERR_REDIRECT] WARNING: Could not lock System prefs. Unix error code 2.
2026-08-17 20:09:35,175 [ERROR] LogOutputStream:75 - [STDERR_REDIRECT] 
2026-08-17 20:09:35,175 [ERROR] LogOutputStream:75 - [STDERR_REDIRECT] Aug 17, 2026 8:09:35 PM java.util.prefs.FileSystemPreferences syncWorld
2026-08-17 20:09:35,175 [ERROR] LogOutputStream:75 - [STDERR_REDIRECT] WARNING: Couldn't flush system prefs: java.util.prefs.BackingStoreException: Couldn't get file lock.
2026-08-17 20:09:35,175 [ERROR] LogOutputStream:75 - [STDERR_REDIRECT] 
2026-08-17 20:10:05,176 [ERROR] LogOutputStream:75 - [STDERR_REDIRECT] Aug 17, 2026 8:10:05 PM java.util.prefs.FileSystemPreferences checkLockFile0ErrorCode
2026-08-17 20:10:05,176 [ERROR] LogOutputStream:75 - [STDERR_REDIRECT] WARNING: Could not lock System prefs. Unix error code 2.
2026-08-17 20:10:05,176 [ERROR] LogOutputStream:75 - [STDERR_REDIRECT] 
2026-08-17 20:10:05,176 [ERROR] LogOutputStream:75 - [STDERR_REDIRECT] Aug 17, 2026 8:10:05 PM java.util.prefs.FileSystemPreferences syncWorld
2026-08-17 20:10:05,176 [ERROR] LogOutputStream:75 - [STDERR_REDIRECT] WARNING: Couldn't flush system prefs: java.util.prefs.BackingStoreException: Couldn't get file lock.
2026-08-17 20:10:05,176 [ERROR] LogOutputStream:75 - [STDERR_REDIRECT] 
2026-08-17 20:10:35,175 [ERROR] LogOutputStream:75 - [STDERR_REDIRECT] Aug 17, 2026 8:10:35 PM java.util.prefs.FileSystemPreferences checkLockFile0ErrorCode
2026-08-17 20:10:35,175 [ERROR] LogOutputStream:75 - [STDERR_REDIRECT] WARNING: Could not lock System prefs. Unix error code 2.
2026-08-17 20:10:35,175 [ERROR] LogOutputStream:75 - [STDERR_REDIRECT] 
2026-08-17 20:10:35,176 [ERROR] LogOutputStream:75 - [STDERR_REDIRECT] Aug 17, 2026 8:10:35 PM java.util.prefs.FileSystemPreferences syncWorld
2026-08-17 20:10:35,176 [ERROR] LogOutputStream:75 - [STDERR_REDIRECT] WARNING: Couldn't flush system prefs: java.util.prefs.BackingStoreException: Couldn't get file lock.
2026-08-17 20:10:35,176 [ERROR] LogOutputStream:75 - [STDERR_REDIRECT] 
2026-08-17 20:11:05,175 [ERROR] LogOutputStream:75 - [STDERR_REDIRECT] Aug 17, 2026 8:11:05 PM java.util.prefs.FileSystemPreferences checkLockFile0ErrorCode
2026-08-17 20:11:05,175 [ERROR] LogOutputStream:75 - [STDERR_REDIRECT] WARNING: Could not lock System prefs. Unix error code 2.
2026-08-17 20:11:05,175 [ERROR] LogOutputStream:75 - [STDERR_REDIRECT] 
2026-08-17 20:11:05,175 [ERROR] LogOutputStream:75 - [STDERR_REDIRECT] Aug 17, 2026 8:11:05 PM java.util.prefs.FileSystemPreferences syncWorld
2026-08-17 20:11:05,175 [ERROR] LogOutputStream:75 - [STDERR_REDIRECT] WARNING: Couldn't flush system prefs: java.util.prefs.BackingStoreException: Couldn't get file lock.
2026-08-17 20:11:05,175 [ERROR] LogOutputStream:75 - [STDERR_REDIRECT] 
2026-08-17 20:11:35,176 [ERROR] LogOutputStream:75 - [STDERR_REDIRECT] Aug 17, 2026 8:11:35 PM java.util.prefs.FileSystemPreferences checkLockFile0ErrorCode
2026-08-17 20:11:35,176 [ERROR] LogOutputStream:75 - [STDERR_REDIRECT] WARNING: Could not lock System prefs. Unix error code 2.
2026-08-17 20:11:35,176 [ERROR] LogOutputStream:75 - [STDERR_REDIRECT] 
2026-08-17 20:11:35,176 [ERROR] LogOutputStream:75 - [STDERR_REDIRECT] Aug 17, 2026 8:11:35 PM java.util.prefs.FileSystemPreferences syncWorld
2026-08-17 20:11:35,176 [ERROR] LogOutputStream:75 - [STDERR_REDIRECT] WARNING: Couldn't flush system prefs: java.util.prefs.BackingStoreException: Couldn't get file lock.
2026-08-17 20:11:35,176 [ERROR] LogOutputStream:75 - [STDERR_REDIRECT] 
2026-08-17 20:12:05,175 [ERROR] LogOutputStream:75 - [STDERR_REDIRECT] Aug 17, 2026 8:12:05 PM java.util.prefs.FileSystemPreferences checkLockFile0ErrorCode
2026-08-17 20:12:05,175 [ERROR] LogOutputStream:75 - [STDERR_REDIRECT] WARNING: Could not lock System prefs. Unix error code 2.
2026-08-17 20:12:05,175 [ERROR] LogOutputStream:75 - [STDERR_REDIRECT] 
2026-08-17 20:12:05,175 [ERROR] LogOutputStream:75 - [STDERR_REDIRECT] Aug 17, 2026 8:12:05 PM java.util.prefs.FileSystemPreferences syncWorld
2026-08-17 20:12:05,176 [ERROR] LogOutputStream:75 - [STDERR_REDIRECT] WARNING: Couldn't flush system prefs: java.util.prefs.BackingStoreException: Couldn't get file lock.
2026-08-17 20:12:05,176 [ERROR] LogOutputStream:75 - [STDERR_REDIRECT] 
2026-08-17 20:12:35,175 [ERROR] LogOutputStream:75 - [STDERR_REDIRECT] Aug 17, 2026 8:12:35 PM java.util.prefs.FileSystemPreferences checkLockFile0ErrorCode
2026-08-17 20:12:35,175 [ERROR] LogOutputStream:75 - [STDERR_REDIRECT] WARNING: Could not lock System prefs. Unix error code 2.
2026-08-17 20:12:35,175 [ERROR] LogOutputStream:75 - [STDERR_REDIRECT] 
2026-08-17 20:12:35,176 [ERROR] LogOutputStream:75 - [STDERR_REDIRECT] Aug 17, 2026 8:12:35 PM java.util.prefs.FileSystemPreferences syncWorld
2026-08-17 20:12:35,176 [ERROR] LogOutputStream:75 - [STDERR_REDIRECT] WARNING: Couldn't flush system prefs: java.util.prefs.BackingStoreException: Couldn't get file lock.
2026-08-17 20:12:35,176 [ERROR] LogOutputStream:75 - [STDERR_REDIRECT] 
2026-08-17 20:13:05,175 [ERROR] LogOutputStream:75 - [STDERR_REDIRECT] Aug 17, 2026 8:13:05 PM java.util.prefs.FileSystemPreferences checkLockFile0ErrorCode
2026-08-17 20:13:05,175 [ERROR] LogOutputStream:75 - [STDERR_REDIRECT] WARNING: Could not lock System prefs. Unix error code 2.
2026-08-17 20:13:05,175 [ERROR] LogOutputStream:75 - [STDERR_REDIRECT] 
2026-08-17 20:13:05,175 [ERROR] LogOutputStream:75 - [STDERR_REDIRECT] Aug 17, 2026 8:13:05 PM java.util.prefs.FileSystemPreferences syncWorld
2026-08-17 20:13:05,175 [ERROR] LogOutputStream:75 - [STDERR_REDIRECT] WARNING: Couldn't flush system prefs: java.util.prefs.BackingStoreException: Couldn't get file lock.
2026-08-17 20:13:05,175 [ERROR] LogOutputStream:75 - [STDERR_REDIRECT] 
2026-08-17 20:13:35,175 [ERROR] LogOutputStream:75 - [STDERR_REDIRECT] Aug 17, 2026 8:13:35 PM java.util.prefs.FileSystemPreferences checkLockFile0ErrorCode
2026-08-17 20:13:35,175 [ERROR] LogOutputStream:75 - [STDERR_REDIRECT] WARNING: Could not lock System prefs. Unix error code 2.
2026-08-17 20:13:35,175 [ERROR] LogOutputStream:75 - [STDERR_REDIRECT] 
2026-08-17 20:13:35,176 [ERROR] LogOutputStream:75 - [STDERR_REDIRECT] Aug 17, 2026 8:13:35 PM java.util.prefs.FileSystemPreferences syncWorld
2026-08-17 20:13:35,176 [ERROR] LogOutputStream:75 - [STDERR_REDIRECT] WARNING: Couldn't flush system prefs: java.util.prefs.BackingStoreException: Couldn't get file lock.
2026-08-17 20:13:35,176 [ERROR] LogOutputStream:75 - [STDERR_REDIRECT] 
2026-08-17 20:14:05,175 [ERROR] LogOutputStream:75 - [STDERR_REDIRECT] Aug 17, 2026 8:14:05 PM java.util.prefs.FileSystemPreferences checkLockFile0ErrorCode
2026-08-17 20:14:05,176 [ERROR] LogOutputStream:75 - [STDERR_REDIRECT] WARNING: Could not lock System prefs. Unix error code 2.
2026-08-17 20:14:05,176 [ERROR] LogOutputStream:75 - [STDERR_REDIRECT] 
2026-08-17 20:14:05,176 [ERROR] LogOutputStream:75 - [STDERR_REDIRECT] Aug 17, 2026 8:14:05 PM java.util.prefs.FileSystemPreferences syncWorld
2026-08-17 20:14:05,176 [ERROR] LogOutputStream:75 - [STDERR_REDIRECT] WARNING: Couldn't flush system prefs: java.util.prefs.BackingStoreException: Couldn't get file lock.
2026-08-17 20:14:05,176 [ERROR] LogOutputStream:75 - [STDERR_REDIRECT] 
2026-08-17 20:14:35,176 [ERROR] LogOutputStream:75 - [STDERR_REDIRECT] Aug 17, 2026 8:14:35 PM java.util.prefs.FileSystemPreferences checkLockFile0ErrorCode
2026-08-17 20:14:35,176 [ERROR] LogOutputStream:75 - [STDERR_REDIRECT] WARNING: Could not lock System prefs. Unix error code 2.
2026-08-17 20:14:35,176 [ERROR] LogOutputStream:75 - [STDERR_REDIRECT] 
2026-08-17 20:14:35,176 [ERROR] LogOutputStream:75 - [STDERR_REDIRECT] Aug 17, 2026 8:14:35 PM java.util.prefs.FileSystemPreferences syncWorld
2026-08-17 20:14:35,176 [ERROR] LogOutputStream:75 - [STDERR_REDIRECT] WARNING: Couldn't flush system prefs: java.util.prefs.BackingStoreException: Couldn't get file lock.
2026-08-17 20:14:35,176 [ERROR] LogOutputStream:75 - [STDERR_REDIRECT] 
2026-08-17 20:15:05,176 [ERROR] LogOutputStream:75 - [STDERR_REDIRECT] Aug 17, 2026 8:15:05 PM java.util.prefs.FileSystemPreferences checkLockFile0ErrorCode
2026-08-17 20:15:05,176 [ERROR] LogOutputStream:75 - [STDERR_REDIRECT] WARNING: Could not lock System prefs. Unix error code 2.
2026-08-17 20:15:05,176 [ERROR] LogOutputStream:75 - [STDERR_REDIRECT] 
2026-08-17 20:15:05,176 [ERROR] LogOutputStream:75 - [STDERR_REDIRECT] Aug 17, 2026 8:15:05 PM java.util.prefs.FileSystemPreferences syncWorld
2026-08-17 20:15:05,176 [ERROR] LogOutputStream:75 - [STDERR_REDIRECT] WARNING: Couldn't flush system prefs: java.util.prefs.BackingStoreException: Couldn't get file lock.
2026-08-17 20:15:05,176 [ERROR] LogOutputStream:75 - [STDERR_REDIRECT] 
2026-08-17 20:15:35,177 [ERROR] LogOutputStream:75 - [STDERR_REDIRECT] Aug 17, 2026 8:15:35 PM java.util.prefs.FileSystemPreferences checkLockFile0ErrorCode
2026-08-17 20:15:35,177 [ERROR] LogOutputStream:75 - [STDERR_REDIRECT] WARNING: Could not lock System prefs. Unix error code 2.
2026-08-17 20:15:35,177 [ERROR] LogOutputStream:75 - [STDERR_REDIRECT] 
2026-08-17 20:15:35,177 [ERROR] LogOutputStream:75 - [STDERR_REDIRECT] Aug 17, 2026 8:15:35 PM java.util.prefs.FileSystemPreferences syncWorld
2026-08-17 20:15:35,177 [ERROR] LogOutputStream:75 - [STDERR_REDIRECT] WARNING: Couldn't flush system prefs: java.util.prefs.BackingStoreException: Couldn't get file lock.
2026-08-17 20:15:35,177 [ERROR] LogOutputStream:75 - [STDERR_REDIRECT] 
2026-08-17 20:16:05,177 [ERROR] LogOutputStream:75 - [STDERR_REDIRECT] Aug 17, 2026 8:16:05 PM java.util.prefs.FileSystemPreferences checkLockFile0ErrorCode
2026-08-17 20:16:05,178 [ERROR] LogOutputStream:75 - [STDERR_REDIRECT] WARNING: Could not lock System prefs. Unix error code 2.
2026-08-17 20:16:05,178 [ERROR] LogOutputStream:75 - [STDERR_REDIRECT] 
2026-08-17 20:16:05,178 [ERROR] LogOutputStream:75 - [STDERR_REDIRECT] Aug 17, 2026 8:16:05 PM java.util.prefs.FileSystemPreferences syncWorld
2026-08-17 20:16:05,178 [ERROR] LogOutputStream:75 - [STDERR_REDIRECT] WARNING: Couldn't flush system prefs: java.util.prefs.BackingStoreException: Couldn't get file lock.
2026-08-17 20:16:05,178 [ERROR] LogOutputStream:75 - [STDERR_REDIRECT] 
2026-08-17 20:16:35,176 [ERROR] LogOutputStream:75 - [STDERR_REDIRECT] Aug 17, 2026 8:16:35 PM java.util.prefs.FileSystemPreferences checkLockFile0ErrorCode
2026-08-17 20:16:35,176 [ERROR] LogOutputStream:75 - [STDERR_REDIRECT] WARNING: Could not lock System prefs. Unix error code 2.
2026-08-17 20:16:35,176 [ERROR] LogOutputStream:75 - [STDERR_REDIRECT] 
2026-08-17 20:16:35,176 [ERROR] LogOutputStream:75 - [STDERR_REDIRECT] Aug 17, 2026 8:16:35 PM java.util.prefs.FileSystemPreferences syncWorld
2026-08-17 20:16:35,176 [ERROR] LogOutputStream:75 - [STDERR_REDIRECT] WARNING: Couldn't flush system prefs: java.util.prefs.BackingStoreException: Couldn't get file lock.
2026-08-17 20:16:35,176 [ERROR] LogOutputStream:75 - [STDERR_REDIRECT] 
2026-08-17 20:17:05,177 [ERROR] LogOutputStream:75 - [STDERR_REDIRECT] Aug 17, 2026 8:17:05 PM java.util.prefs.FileSystemPreferences checkLockFile0ErrorCode
2026-08-17 20:17:05,177 [ERROR] LogOutputStream:75 - [STDERR_REDIRECT] WARNING: Could not lock System prefs. Unix error code 2.
2026-08-17 20:17:05,178 [ERROR] LogOutputStream:75 - [STDERR_REDIRECT] 
2026-08-17 20:17:05,178 [ERROR] LogOutputStream:75 - [STDERR_REDIRECT] Aug 17, 2026 8:17:05 PM java.util.prefs.FileSystemPreferences syncWorld
2026-08-17 20:17:05,178 [ERROR] LogOutputStream:75 - [STDERR_REDIRECT] WARNING: Couldn't flush system prefs: java.util.prefs.BackingStoreException: Couldn't get file lock.
2026-08-17 20:17:05,178 [ERROR] LogOutputStream:75 - [STDERR_REDIRECT] 
2026-08-17 20:17:35,178 [ERROR] LogOutputStream:75 - [STDERR_REDIRECT] Aug 17, 2026 8:17:35 PM java.util.prefs.FileSystemPreferences checkLockFile0ErrorCode
2026-08-17 20:17:35,178 [ERROR] LogOutputStream:75 - [STDERR_REDIRECT] WARNING: Could not lock System prefs. Unix error code 2.
2026-08-17 20:17:35,178 [ERROR] LogOutputStream:75 - [STDERR_REDIRECT] 
2026-08-17 20:17:35,178 [ERROR] LogOutputStream:75 - [STDERR_REDIRECT] Aug 17, 2026 8:17:35 PM java.util.prefs.FileSystemPreferences syncWorld
2026-08-17 20:17:35,178 [ERROR] LogOutputStream:75 - [STDERR_REDIRECT] WARNING: Couldn't flush system prefs: java.util.prefs.BackingStoreException: Couldn't get file lock.
2026-08-17 20:17:35,178 [ERROR] LogOutputStream:75 - [STDERR_REDIRECT] 
2026-08-17 20:18:05,177 [ERROR] LogOutputStream:75 - [STDERR_REDIRECT] Aug 17, 2026 8:18:05 PM java.util.prefs.FileSystemPreferences checkLockFile0ErrorCode
2026-08-17 20:18:05,178 [ERROR] LogOutputStream:75 - [STDERR_REDIRECT] WARNING: Could not lock System prefs. Unix error code 2.
2026-08-17 20:18:05,183 [ERROR] LogOutputStream:75 - [STDERR_REDIRECT] 
2026-08-17 20:18:05,183 [ERROR] LogOutputStream:75 - [STDERR_REDIRECT] Aug 17, 2026 8:18:05 PM java.util.prefs.FileSystemPreferences syncWorld
2026-08-17 20:18:05,183 [ERROR] LogOutputStream:75 - [STDERR_REDIRECT] WARNING: Couldn't flush system prefs: java.util.prefs.BackingStoreException: Couldn't get file lock.
2026-08-17 20:18:05,183 [ERROR] LogOutputStream:75 - [STDERR_REDIRECT] 
2026-08-17 20:18:35,178 [ERROR] LogOutputStream:75 - [STDERR_REDIRECT] Aug 17, 2026 8:18:35 PM java.util.prefs.FileSystemPreferences checkLockFile0ErrorCode
2026-08-17 20:18:35,178 [ERROR] LogOutputStream:75 - [STDERR_REDIRECT] WARNING: Could not lock System prefs. Unix error code 2.
2026-08-17 20:18:35,178 [ERROR] LogOutputStream:75 - [STDERR_REDIRECT] 
2026-08-17 20:18:35,178 [ERROR] LogOutputStream:75 - [STDERR_REDIRECT] Aug 17, 2026 8:18:35 PM java.util.prefs.FileSystemPreferences syncWorld
2026-08-17 20:18:35,178 [ERROR] LogOutputStream:75 - [STDERR_REDIRECT] WARNING: Couldn't flush system prefs: java.util.prefs.BackingStoreException: Couldn't get file lock.
2026-08-17 20:18:35,178 [ERROR] LogOutputStream:75 - [STDERR_REDIRECT] 
2026-08-17 20:19:05,179 [ERROR] LogOutputStream:75 - [STDERR_REDIRECT] Aug 17, 2026 8:19:05 PM java.util.prefs.FileSystemPreferences checkLockFile0ErrorCode
2026-08-17 20:19:05,179 [ERROR] LogOutputStream:75 - [STDERR_REDIRECT] WARNING: Could not lock System prefs. Unix error code 2.
2026-08-17 20:19:05,179 [ERROR] LogOutputStream:75 - [STDERR_REDIRECT] 
2026-08-17 20:19:05,179 [ERROR] LogOutputStream:75 - [STDERR_REDIRECT] Aug 17, 2026 8:19:05 PM java.util.prefs.FileSystemPreferences syncWorld
2026-08-17 20:19:05,179 [ERROR] LogOutputStream:75 - [STDERR_REDIRECT] WARNING: Couldn't flush system prefs: java.util.prefs.BackingStoreException: Couldn't get file lock.
2026-08-17 20:19:05,179 [ERROR] LogOutputStream:75 - [STDERR_REDIRECT] 
2026-08-17 20:19:35,180 [ERROR] LogOutputStream:75 - [STDERR_REDIRECT] Aug 17, 2026 8:19:35 PM java.util.prefs.FileSystemPreferences checkLockFile0ErrorCode
2026-08-17 20:19:35,180 [ERROR] LogOutputStream:75 - [STDERR_REDIRECT] WARNING: Could not lock System prefs. Unix error code 2.
2026-08-17 20:19:35,180 [ERROR] LogOutputStream:75 - [STDERR_REDIRECT] 
2026-08-17 20:19:35,180 [ERROR] LogOutputStream:75 - [STDERR_REDIRECT] Aug 17, 2026 8:19:35 PM java.util.prefs.FileSystemPreferences syncWorld
2026-08-17 20:19:35,180 [ERROR] LogOutputStream:75 - [STDERR_REDIRECT] WARNING: Couldn't flush system prefs: java.util.prefs.BackingStoreException: Couldn't get file lock.
2026-08-17 20:19:35,180 [ERROR] LogOutputStream:75 - [STDERR_REDIRECT] 
2026-08-17 20:20:05,180 [ERROR] LogOutputStream:75 - [STDERR_REDIRECT] Aug 17, 2026 8:20:05 PM java.util.prefs.FileSystemPreferences checkLockFile0ErrorCode
2026-08-17 20:20:05,180 [ERROR] LogOutputStream:75 - [STDERR_REDIRECT] WARNING: Could not lock System prefs. Unix error code 2.
2026-08-17 20:20:05,180 [ERROR] LogOutputStream:75 - [STDERR_REDIRECT] 
2026-08-17 20:20:05,180 [ERROR] LogOutputStream:75 - [STDERR_REDIRECT] Aug 17, 2026 8:20:05 PM java.util.prefs.FileSystemPreferences syncWorld
2026-08-17 20:20:05,180 [ERROR] LogOutputStream:75 - [STDERR_REDIRECT] WARNING: Couldn't flush system prefs: java.util.prefs.BackingStoreException: Couldn't get file lock.
2026-08-17 20:20:05,180 [ERROR] LogOutputStream:75 - [STDERR_REDIRECT] 
2026-08-17 20:20:35,179 [ERROR] LogOutputStream:75 - [STDERR_REDIRECT] Aug 17, 2026 8:20:35 PM java.util.prefs.FileSystemPreferences checkLockFile0ErrorCode
2026-08-17 20:20:35,180 [ERROR] LogOutputStream:75 - [STDERR_REDIRECT] WARNING: Could not lock System prefs. Unix error code 2.
2026-08-17 20:20:35,180 [ERROR] LogOutputStream:75 - [STDERR_REDIRECT] 
2026-08-17 20:20:35,180 [ERROR] LogOutputStream:75 - [STDERR_REDIRECT] Aug 17, 2026 8:20:35 PM java.util.prefs.FileSystemPreferences syncWorld
2026-08-17 20:20:35,180 [ERROR] LogOutputStream:75 - [STDERR_REDIRECT] WARNING: Couldn't flush system prefs: java.util.prefs.BackingStoreException: Couldn't get file lock.
2026-08-17 20:20:35,180 [ERROR] LogOutputStream:75 - [STDERR_REDIRECT] 
2026-08-17 20:21:05,179 [ERROR] LogOutputStream:75 - [STDERR_REDIRECT] Aug 17, 2026 8:21:05 PM java.util.prefs.FileSystemPreferences checkLockFile0ErrorCode
2026-08-17 20:21:05,180 [ERROR] LogOutputStream:75 - [STDERR_REDIRECT] WARNING: Could not lock System prefs. Unix error code 2.
2026-08-17 20:21:05,180 [ERROR] LogOutputStream:75 - [STDERR_REDIRECT] 
2026-08-17 20:21:05,180 [ERROR] LogOutputStream:75 - [STDERR_REDIRECT] Aug 17, 2026 8:21:05 PM java.util.prefs.FileSystemPreferences syncWorld
2026-08-17 20:21:05,180 [ERROR] LogOutputStream:75 - [STDERR_REDIRECT] WARNING: Couldn't flush system prefs: java.util.prefs.BackingStoreException: Couldn't get file lock.
2026-08-17 20:21:05,180 [ERROR] LogOutputStream:75 - [STDERR_REDIRECT] 
2026-08-17 20:21:35,179 [ERROR] LogOutputStream:75 - [STDERR_REDIRECT] Aug 17, 2026 8:21:35 PM java.util.prefs.FileSystemPreferences checkLockFile0ErrorCode
2026-08-17 20:21:35,180 [ERROR] LogOutputStream:75 - [STDERR_REDIRECT] WARNING: Could not lock System prefs. Unix error code 2.
2026-08-17 20:21:35,180 [ERROR] LogOutputStream:75 - [STDERR_REDIRECT] 
2026-08-17 20:21:35,180 [ERROR] LogOutputStream:75 - [STDERR_REDIRECT] Aug 17, 2026 8:21:35 PM java.util.prefs.FileSystemPreferences syncWorld
2026-08-17 20:21:35,180 [ERROR] LogOutputStream:75 - [STDERR_REDIRECT] WARNING: Couldn't flush system prefs: java.util.prefs.BackingStoreException: Couldn't get file lock.
2026-08-17 20:21:35,180 [ERROR] LogOutputStream:75 - [STDERR_REDIRECT] 
2026-08-17 20:22:05,179 [ERROR] LogOutputStream:75 - [STDERR_REDIRECT] Aug 17, 2026 8:22:05 PM java.util.prefs.FileSystemPreferences checkLockFile0ErrorCode
2026-08-17 20:22:05,180 [ERROR] LogOutputStream:75 - [STDERR_REDIRECT] WARNING: Could not lock System prefs. Unix error code 2.
2026-08-17 20:22:05,180 [ERROR] LogOutputStream:75 - [STDERR_REDIRECT] 
2026-08-17 20:22:05,180 [ERROR] LogOutputStream:75 - [STDERR_REDIRECT] Aug 17, 2026 8:22:05 PM java.util.prefs.FileSystemPreferences syncWorld
2026-08-17 20:22:05,180 [ERROR] LogOutputStream:75 - [STDERR_REDIRECT] WARNING: Couldn't flush system prefs: java.util.prefs.BackingStoreException: Couldn't get file lock.
2026-08-17 20:22:05,180 [ERROR] LogOutputStream:75 - [STDERR_REDIRECT] 
2026-08-17 20:22:35,180 [ERROR] LogOutputStream:75 - [STDERR_REDIRECT] Aug 17, 2026 8:22:35 PM java.util.prefs.FileSystemPreferences checkLockFile0ErrorCode
2026-08-17 20:22:35,180 [ERROR] LogOutputStream:75 - [STDERR_REDIRECT] WARNING: Could not lock System prefs. Unix error code 2.
2026-08-17 20:22:35,180 [ERROR] LogOutputStream:75 - [STDERR_REDIRECT] 
2026-08-17 20:22:35,181 [ERROR] LogOutputStream:75 - [STDERR_REDIRECT] Aug 17, 2026 8:22:35 PM java.util.prefs.FileSystemPreferences syncWorld
2026-08-17 20:22:35,181 [ERROR] LogOutputStream:75 - [STDERR_REDIRECT] WARNING: Couldn't flush system prefs: java.util.prefs.BackingStoreException: Couldn't get file lock.
2026-08-17 20:22:35,181 [ERROR] LogOutputStream:75 - [STDERR_REDIRECT] 
2026-08-17 20:23:05,179 [ERROR] LogOutputStream:75 - [STDERR_REDIRECT] Aug 17, 2026 8:23:05 PM java.util.prefs.FileSystemPreferences checkLockFile0ErrorCode
2026-08-17 20:23:05,180 [ERROR] LogOutputStream:75 - [STDERR_REDIRECT] WARNING: Could not lock System prefs. Unix error code 2.
2026-08-17 20:23:05,180 [ERROR] LogOutputStream:75 - [STDERR_REDIRECT] 
2026-08-17 20:23:05,180 [ERROR] LogOutputStream:75 - [STDERR_REDIRECT] Aug 17, 2026 8:23:05 PM java.util.prefs.FileSystemPreferences syncWorld
2026-08-17 20:23:05,180 [ERROR] LogOutputStream:75 - [STDERR_REDIRECT] WARNING: Couldn't flush system prefs: java.util.prefs.BackingStoreException: Couldn't get file lock.
2026-08-17 20:23:05,180 [ERROR] LogOutputStream:75 - [STDERR_REDIRECT] 
2026-08-17 20:23:35,179 [ERROR] LogOutputStream:75 - [STDERR_REDIRECT] Aug 17, 2026 8:23:35 PM java.util.prefs.FileSystemPreferences checkLockFile0ErrorCode
2026-08-17 20:23:35,180 [ERROR] LogOutputStream:75 - [STDERR_REDIRECT] WARNING: Could not lock System prefs. Unix error code 2.
2026-08-17 20:23:35,180 [ERROR] LogOutputStream:75 - [STDERR_REDIRECT] 
2026-08-17 20:23:35,180 [ERROR] LogOutputStream:75 - [STDERR_REDIRECT] Aug 17, 2026 8:23:35 PM java.util.prefs.FileSystemPreferences syncWorld
2026-08-17 20:23:35,180 [ERROR] LogOutputStream:75 - [STDERR_REDIRECT] WARNING: Couldn't flush system prefs: java.util.prefs.BackingStoreException: Couldn't get file lock.
2026-08-17 20:23:35,180 [ERROR] LogOutputStream:75 - [STDERR_REDIRECT] 
2026-08-17 20:24:05,179 [ERROR] LogOutputStream:75 - [STDERR_REDIRECT] Aug 17, 2026 8:24:05 PM java.util.prefs.FileSystemPreferences checkLockFile0ErrorCode
2026-08-17 20:24:05,179 [ERROR] LogOutputStream:75 - [STDERR_REDIRECT] WARNING: Could not lock System prefs. Unix error code 2.
2026-08-17 20:24:05,179 [ERROR] LogOutputStream:75 - [STDERR_REDIRECT] 
2026-08-17 20:24:05,179 [ERROR] LogOutputStream:75 - [STDERR_REDIRECT] Aug 17, 2026 8:24:05 PM java.util.prefs.FileSystemPreferences syncWorld
2026-08-17 20:24:05,179 [ERROR] LogOutputStream:75 - [STDERR_REDIRECT] WARNING: Couldn't flush system prefs: java.util.prefs.BackingStoreException: Couldn't get file lock.
2026-08-17 20:24:05,179 [ERROR] LogOutputStream:75 - [STDERR_REDIRECT] 
2026-08-17 20:24:35,180 [ERROR] LogOutputStream:75 - [STDERR_REDIRECT] Aug 17, 2026 8:24:35 PM java.util.prefs.FileSystemPreferences checkLockFile0ErrorCode
2026-08-17 20:24:35,180 [ERROR] LogOutputStream:75 - [STDERR_REDIRECT] WARNING: Could not lock System prefs. Unix error code 2.
2026-08-17 20:24:35,180 [ERROR] LogOutputStream:75 - [STDERR_REDIRECT] 
2026-08-17 20:24:35,180 [ERROR] LogOutputStream:75 - [STDERR_REDIRECT] Aug 17, 2026 8:24:35 PM java.util.prefs.FileSystemPreferences syncWorld
2026-08-17 20:24:35,180 [ERROR] LogOutputStream:75 - [STDERR_REDIRECT] WARNING: Couldn't flush system prefs: java.util.prefs.BackingStoreException: Couldn't get file lock.
2026-08-17 20:24:35,180 [ERROR] LogOutputStream:75 - [STDERR_REDIRECT] 
2026-08-17 20:25:05,180 [ERROR] LogOutputStream:75 - [STDERR_REDIRECT] Aug 17, 2026 8:25:05 PM java.util.prefs.FileSystemPreferences checkLockFile0ErrorCode
2026-08-17 20:25:05,180 [ERROR] LogOutputStream:75 - [STDERR_REDIRECT] WARNING: Could not lock System prefs. Unix error code 2.
2026-08-17 20:25:05,180 [ERROR] LogOutputStream:75 - [STDERR_REDIRECT] 
2026-08-17 20:25:05,180 [ERROR] LogOutputStream:75 - [STDERR_REDIRECT] Aug 17, 2026 8:25:05 PM java.util.prefs.FileSystemPreferences syncWorld
2026-08-17 20:25:05,180 [ERROR] LogOutputStream:75 - [STDERR_REDIRECT] WARNING: Couldn't flush system prefs: java.util.prefs.BackingStoreException: Couldn't get file lock.
2026-08-17 20:25:05,181 [ERROR] LogOutputStream:75 - [STDERR_REDIRECT] 
2026-08-17 20:25:35,180 [ERROR] LogOutputStream:75 - [STDERR_REDIRECT] Aug 17, 2026 8:25:35 PM java.util.prefs.FileSystemPreferences checkLockFile0ErrorCode
2026-08-17 20:25:35,180 [ERROR] LogOutputStream:75 - [STDERR_REDIRECT] WARNING: Could not lock System prefs. Unix error code 2.
2026-08-17 20:25:35,180 [ERROR] LogOutputStream:75 - [STDERR_REDIRECT] 
2026-08-17 20:25:35,180 [ERROR] LogOutputStream:75 - [STDERR_REDIRECT] Aug 17, 2026 8:25:35 PM java.util.prefs.FileSystemPreferences syncWorld
2026-08-17 20:25:35,180 [ERROR] LogOutputStream:75 - [STDERR_REDIRECT] WARNING: Couldn't flush system prefs: java.util.prefs.BackingStoreException: Couldn't get file lock.
2026-08-17 20:25:35,180 [ERROR] LogOutputStream:75 - [STDERR_REDIRECT] 
2026-08-17 20:26:05,181 [ERROR] LogOutputStream:75 - [STDERR_REDIRECT] Aug 17, 2026 8:26:05 PM java.util.prefs.FileSystemPreferences checkLockFile0ErrorCode
2026-08-17 20:26:05,181 [ERROR] LogOutputStream:75 - [STDERR_REDIRECT] WARNING: Could not lock System prefs. Unix error code 2.
2026-08-17 20:26:05,181 [ERROR] LogOutputStream:75 - [STDERR_REDIRECT] 
2026-08-17 20:26:05,182 [ERROR] LogOutputStream:75 - [STDERR_REDIRECT] Aug 17, 2026 8:26:05 PM java.util.prefs.FileSystemPreferences syncWorld
2026-08-17 20:26:05,182 [ERROR] LogOutputStream:75 - [STDERR_REDIRECT] WARNING: Couldn't flush system prefs: java.util.prefs.BackingStoreException: Couldn't get file lock.
2026-08-17 20:26:05,182 [ERROR] LogOutputStream:75 - [STDERR_REDIRECT] 
2026-08-17 20:26:35,180 [ERROR] LogOutputStream:75 - [STDERR_REDIRECT] Aug 17, 2026 8:26:35 PM java.util.prefs.FileSystemPreferences checkLockFile0ErrorCode
2026-08-17 20:26:35,180 [ERROR] LogOutputStream:75 - [STDERR_REDIRECT] WARNING: Could not lock System prefs. Unix error code 2.
2026-08-17 20:26:35,180 [ERROR] LogOutputStream:75 - [STDERR_REDIRECT] 
2026-08-17 20:26:35,180 [ERROR] LogOutputStream:75 - [STDERR_REDIRECT] Aug 17, 2026 8:26:35 PM java.util.prefs.FileSystemPreferences syncWorld
2026-08-17 20:26:35,180 [ERROR] LogOutputStream:75 - [STDERR_REDIRECT] WARNING: Couldn't flush system prefs: java.util.prefs.BackingStoreException: Couldn't get file lock.
2026-08-17 20:26:35,180 [ERROR] LogOutputStream:75 - [STDERR_REDIRECT] 
2026-08-17 20:27:05,181 [ERROR] LogOutputStream:75 - [STDERR_REDIRECT] Aug 17, 2026 8:27:05 PM java.util.prefs.FileSystemPreferences checkLockFile0ErrorCode
2026-08-17 20:27:05,181 [ERROR] LogOutputStream:75 - [STDERR_REDIRECT] WARNING: Could not lock System prefs. Unix error code 2.
2026-08-17 20:27:05,181 [ERROR] LogOutputStream:75 - [STDERR_REDIRECT] 
2026-08-17 20:27:05,181 [ERROR] LogOutputStream:75 - [STDERR_REDIRECT] Aug 17, 2026 8:27:05 PM java.util.prefs.FileSystemPreferences syncWorld
2026-08-17 20:27:05,182 [ERROR] LogOutputStream:75 - [STDERR_REDIRECT] WARNING: Couldn't flush system prefs: java.util.prefs.BackingStoreException: Couldn't get file lock.
2026-08-17 20:27:05,182 [ERROR] LogOutputStream:75 - [STDERR_REDIRECT] 
2026-08-17 20:27:35,181 [ERROR] LogOutputStream:75 - [STDERR_REDIRECT] Aug 17, 2026 8:27:35 PM java.util.prefs.FileSystemPreferences checkLockFile0ErrorCode
2026-08-17 20:27:35,181 [ERROR] LogOutputStream:75 - [STDERR_REDIRECT] WARNING: Could not lock System prefs. Unix error code 2.
2026-08-17 20:27:35,181 [ERROR] LogOutputStream:75 - [STDERR_REDIRECT] 
2026-08-17 20:27:35,181 [ERROR] LogOutputStream:75 - [STDERR_REDIRECT] Aug 17, 2026 8:27:35 PM java.util.prefs.FileSystemPreferences syncWorld
2026-08-17 20:27:35,181 [ERROR] LogOutputStream:75 - [STDERR_REDIRECT] WARNING: Couldn't flush system prefs: java.util.prefs.BackingStoreException: Couldn't get file lock.
2026-08-17 20:27:35,181 [ERROR] LogOutputStream:75 - [STDERR_REDIRECT] 
2026-08-17 20:28:05,182 [ERROR] LogOutputStream:75 - [STDERR_REDIRECT] Aug 17, 2026 8:28:05 PM java.util.prefs.FileSystemPreferences checkLockFile0ErrorCode
2026-08-17 20:28:05,182 [ERROR] LogOutputStream:75 - [STDERR_REDIRECT] WARNING: Could not lock System prefs. Unix error code 2.
2026-08-17 20:28:05,182 [ERROR] LogOutputStream:75 - [STDERR_REDIRECT] 
2026-08-17 20:28:05,182 [ERROR] LogOutputStream:75 - [STDERR_REDIRECT] Aug 17, 2026 8:28:05 PM java.util.prefs.FileSystemPreferences syncWorld
2026-08-17 20:28:05,182 [ERROR] LogOutputStream:75 - [STDERR_REDIRECT] WARNING: Couldn't flush system prefs: java.util.prefs.BackingStoreException: Couldn't get file lock.
2026-08-17 20:28:05,182 [ERROR] LogOutputStream:75 - [STDERR_REDIRECT] 
2026-08-17 20:28:35,182 [ERROR] LogOutputStream:75 - [STDERR_REDIRECT] Aug 17, 2026 8:28:35 PM java.util.prefs.FileSystemPreferences checkLockFile0ErrorCode
2026-08-17 20:28:35,182 [ERROR] LogOutputStream:75 - [STDERR_REDIRECT] WARNING: Could not lock System prefs. Unix error code 2.
2026-08-17 20:28:35,182 [ERROR] LogOutputStream:75 - [STDERR_REDIRECT] 
2026-08-17 20:28:35,182 [ERROR] LogOutputStream:75 - [STDERR_REDIRECT] Aug 17, 2026 8:28:35 PM java.util.prefs.FileSystemPreferences syncWorld
2026-08-17 20:28:35,182 [ERROR] LogOutputStream:75 - [STDERR_REDIRECT] WARNING: Couldn't flush system prefs: java.util.prefs.BackingStoreException: Couldn't get file lock.
2026-08-17 20:28:35,182 [ERROR] LogOutputStream:75 - [STDERR_REDIRECT] 
2026-08-17 20:29:05,181 [ERROR] LogOutputStream:75 - [STDERR_REDIRECT] Aug 17, 2026 8:29:05 PM java.util.prefs.FileSystemPreferences checkLockFile0ErrorCode
2026-08-17 20:29:05,181 [ERROR] LogOutputStream:75 - [STDERR_REDIRECT] WARNING: Could not lock System prefs. Unix error code 2.
2026-08-17 20:29:05,181 [ERROR] LogOutputStream:75 - [STDERR_REDIRECT] 
2026-08-17 20:29:05,182 [ERROR] LogOutputStream:75 - [STDERR_REDIRECT] Aug 17, 2026 8:29:05 PM java.util.prefs.FileSystemPreferences syncWorld
2026-08-17 20:29:05,182 [ERROR] LogOutputStream:75 - [STDERR_REDIRECT] WARNING: Couldn't flush system prefs: java.util.prefs.BackingStoreException: Couldn't get file lock.
2026-08-17 20:29:05,182 [ERROR] LogOutputStream:75 - [STDERR_REDIRECT] 
2026-08-17 20:29:35,181 [ERROR] LogOutputStream:75 - [STDERR_REDIRECT] Aug 17, 2026 8:29:35 PM java.util.prefs.FileSystemPreferences checkLockFile0ErrorCode
2026-08-17 20:29:35,181 [ERROR] LogOutputStream:75 - [STDERR_REDIRECT] WARNING: Could not lock System prefs. Unix error code 2.
2026-08-17 20:29:35,181 [ERROR] LogOutputStream:75 - [STDERR_REDIRECT] 
2026-08-17 20:29:35,181 [ERROR] LogOutputStream:75 - [STDERR_REDIRECT] Aug 17, 2026 8:29:35 PM java.util.prefs.FileSystemPreferences syncWorld
2026-08-17 20:29:35,182 [ERROR] LogOutputStream:75 - [STDERR_REDIRECT] WARNING: Couldn't flush system prefs: java.util.prefs.BackingStoreException: Couldn't get file lock.
2026-08-17 20:29:35,182 [ERROR] LogOutputStream:75 - [STDERR_REDIRECT] 
2026-08-17 20:30:05,181 [ERROR] LogOutputStream:75 - [STDERR_REDIRECT] Aug 17, 2026 8:30:05 PM java.util.prefs.FileSystemPreferences checkLockFile0ErrorCode
2026-08-17 20:30:05,181 [ERROR] LogOutputStream:75 - [STDERR_REDIRECT] WARNING: Could not lock System prefs. Unix error code 2.
2026-08-17 20:30:05,181 [ERROR] LogOutputStream:75 - [STDERR_REDIRECT] 
2026-08-17 20:30:05,181 [ERROR] LogOutputStream:75 - [STDERR_REDIRECT] Aug 17, 2026 8:30:05 PM java.util.prefs.FileSystemPreferences syncWorld
2026-08-17 20:30:05,181 [ERROR] LogOutputStream:75 - [STDERR_REDIRECT] WARNING: Couldn't flush system prefs: java.util.prefs.BackingStoreException: Couldn't get file lock.
2026-08-17 20:30:05,181 [ERROR] LogOutputStream:75 - [STDERR_REDIRECT] 
2026-08-17 20:30:35,182 [ERROR] LogOutputStream:75 - [STDERR_REDIRECT] Aug 17, 2026 8:30:35 PM java.util.prefs.FileSystemPreferences checkLockFile0ErrorCode
2026-08-17 20:30:35,182 [ERROR] LogOutputStream:75 - [STDERR_REDIRECT] WARNING: Could not lock System prefs. Unix error code 2.
2026-08-17 20:30:35,182 [ERROR] LogOutputStream:75 - [STDERR_REDIRECT] 
2026-08-17 20:30:35,182 [ERROR] LogOutputStream:75 - [STDERR_REDIRECT] Aug 17, 2026 8:30:35 PM java.util.prefs.FileSystemPreferences syncWorld
2026-08-17 20:30:35,182 [ERROR] LogOutputStream:75 - [STDERR_REDIRECT] WARNING: Couldn't flush system prefs: java.util.prefs.BackingStoreException: Couldn't get file lock.
2026-08-17 20:30:35,182 [ERROR] LogOutputStream:75 - [STDERR_REDIRECT] 
2026-08-17 20:31:05,183 [ERROR] LogOutputStream:75 - [STDERR_REDIRECT] Aug 17, 2026 8:31:05 PM java.util.prefs.FileSystemPreferences checkLockFile0ErrorCode
2026-08-17 20:31:05,183 [ERROR] LogOutputStream:75 - [STDERR_REDIRECT] WARNING: Could not lock System prefs. Unix error code 2.
2026-08-17 20:31:05,183 [ERROR] LogOutputStream:75 - [STDERR_REDIRECT] 
2026-08-17 20:31:05,183 [ERROR] LogOutputStream:75 - [STDERR_REDIRECT] Aug 17, 2026 8:31:05 PM java.util.prefs.FileSystemPreferences syncWorld
2026-08-17 20:31:05,183 [ERROR] LogOutputStream:75 - [STDERR_REDIRECT] WARNING: Couldn't flush system prefs: java.util.prefs.BackingStoreException: Couldn't get file lock.
2026-08-17 20:31:05,183 [ERROR] LogOutputStream:75 - [STDERR_REDIRECT] 
2026-08-17 20:31:35,182 [ERROR] LogOutputStream:75 - [STDERR_REDIRECT] Aug 17, 2026 8:31:35 PM java.util.prefs.FileSystemPreferences checkLockFile0ErrorCode
2026-08-17 20:31:35,183 [ERROR] LogOutputStream:75 - [STDERR_REDIRECT] WARNING: Could not lock System prefs. Unix error code 2.
2026-08-17 20:31:35,183 [ERROR] LogOutputStream:75 - [STDERR_REDIRECT] 
2026-08-17 20:31:35,183 [ERROR] LogOutputStream:75 - [STDERR_REDIRECT] Aug 17, 2026 8:31:35 PM java.util.prefs.FileSystemPreferences syncWorld
2026-08-17 20:31:35,183 [ERROR] LogOutputStream:75 - [STDERR_REDIRECT] WARNING: Couldn't flush system prefs: java.util.prefs.BackingStoreException: Couldn't get file lock.
2026-08-17 20:31:35,183 [ERROR] LogOutputStream:75 - [STDERR_REDIRECT] 
2026-08-17 20:32:05,183 [ERROR] LogOutputStream:75 - [STDERR_REDIRECT] Aug 17, 2026 8:32:05 PM java.util.prefs.FileSystemPreferences checkLockFile0ErrorCode
2026-08-17 20:32:05,184 [ERROR] LogOutputStream:75 - [STDERR_REDIRECT] WARNING: Could not lock System prefs. Unix error code 2.
2026-08-17 20:32:05,184 [ERROR] LogOutputStream:75 - [STDERR_REDIRECT] 
2026-08-17 20:32:05,184 [ERROR] LogOutputStream:75 - [STDERR_REDIRECT] Aug 17, 2026 8:32:05 PM java.util.prefs.FileSystemPreferences syncWorld
2026-08-17 20:32:05,184 [ERROR] LogOutputStream:75 - [STDERR_REDIRECT] WARNING: Couldn't flush system prefs: java.util.prefs.BackingStoreException: Couldn't get file lock.
2026-08-17 20:32:05,184 [ERROR] LogOutputStream:75 - [STDERR_REDIRECT] 
2026-08-17 20:32:35,183 [ERROR] LogOutputStream:75 - [STDERR_REDIRECT] Aug 17, 2026 8:32:35 PM java.util.prefs.FileSystemPreferences checkLockFile0ErrorCode
2026-08-17 20:32:35,183 [ERROR] LogOutputStream:75 - [STDERR_REDIRECT] WARNING: Could not lock System prefs. Unix error code 2.
2026-08-17 20:32:35,183 [ERROR] LogOutputStream:75 - [STDERR_REDIRECT] 
2026-08-17 20:32:35,183 [ERROR] LogOutputStream:75 - [STDERR_REDIRECT] Aug 17, 2026 8:32:35 PM java.util.prefs.FileSystemPreferences syncWorld
2026-08-17 20:32:35,183 [ERROR] LogOutputStream:75 - [STDERR_REDIRECT] WARNING: Couldn't flush system prefs: java.util.prefs.BackingStoreException: Couldn't get file lock.
2026-08-17 20:32:35,183 [ERROR] LogOutputStream:75 - [STDERR_REDIRECT] 
2026-08-17 20:33:05,182 [ERROR] LogOutputStream:75 - [STDERR_REDIRECT] Aug 17, 2026 8:33:05 PM java.util.prefs.FileSystemPreferences checkLockFile0ErrorCode
2026-08-17 20:33:05,183 [ERROR] LogOutputStream:75 - [STDERR_REDIRECT] WARNING: Could not lock System prefs. Unix error code 2.
2026-08-17 20:33:05,183 [ERROR] LogOutputStream:75 - [STDERR_REDIRECT] 
2026-08-17 20:33:05,183 [ERROR] LogOutputStream:75 - [STDERR_REDIRECT] Aug 17, 2026 8:33:05 PM java.util.prefs.FileSystemPreferences syncWorld
2026-08-17 20:33:05,183 [ERROR] LogOutputStream:75 - [STDERR_REDIRECT] WARNING: Couldn't flush system prefs: java.util.prefs.BackingStoreException: Couldn't get file lock.
2026-08-17 20:33:05,183 [ERROR] LogOutputStream:75 - [STDERR_REDIRECT] 
2026-08-17 20:33:35,183 [ERROR] LogOutputStream:75 - [STDERR_REDIRECT] Aug 17, 2026 8:33:35 PM java.util.prefs.FileSystemPreferences checkLockFile0ErrorCode
2026-08-17 20:33:35,183 [ERROR] LogOutputStream:75 - [STDERR_REDIRECT] WARNING: Could not lock System prefs. Unix error code 2.
2026-08-17 20:33:35,183 [ERROR] LogOutputStream:75 - [STDERR_REDIRECT] 
2026-08-17 20:33:35,183 [ERROR] LogOutputStream:75 - [STDERR_REDIRECT] Aug 17, 2026 8:33:35 PM java.util.prefs.FileSystemPreferences syncWorld
2026-08-17 20:33:35,183 [ERROR] LogOutputStream:75 - [STDERR_REDIRECT] WARNING: Couldn't flush system prefs: java.util.prefs.BackingStoreException: Couldn't get file lock.
2026-08-17 20:33:35,183 [ERROR] LogOutputStream:75 - [STDERR_REDIRECT] 
2026-08-17 20:34:05,182 [ERROR] LogOutputStream:75 - [STDERR_REDIRECT] Aug 17, 2026 8:34:05 PM java.util.prefs.FileSystemPreferences checkLockFile0ErrorCode
2026-08-17 20:34:05,182 [ERROR] LogOutputStream:75 - [STDERR_REDIRECT] WARNING: Could not lock System prefs. Unix error code 2.
2026-08-17 20:34:05,182 [ERROR] LogOutputStream:75 - [STDERR_REDIRECT] 
2026-08-17 20:34:05,183 [ERROR] LogOutputStream:75 - [STDERR_REDIRECT] Aug 17, 2026 8:34:05 PM java.util.prefs.FileSystemPreferences syncWorld
2026-08-17 20:34:05,183 [ERROR] LogOutputStream:75 - [STDERR_REDIRECT] WARNING: Couldn't flush system prefs: java.util.prefs.BackingStoreException: Couldn't get file lock.
2026-08-17 20:34:05,183 [ERROR] LogOutputStream:75 - [STDERR_REDIRECT] 
2026-08-17 20:34:35,182 [ERROR] LogOutputStream:75 - [STDERR_REDIRECT] Aug 17, 2026 8:34:35 PM java.util.prefs.FileSystemPreferences checkLockFile0ErrorCode
2026-08-17 20:34:35,182 [ERROR] LogOutputStream:75 - [STDERR_REDIRECT] WARNING: Could not lock System prefs. Unix error code 2.
2026-08-17 20:34:35,182 [ERROR] LogOutputStream:75 - [STDERR_REDIRECT] 
2026-08-17 20:34:35,183 [ERROR] LogOutputStream:75 - [STDERR_REDIRECT] Aug 17, 2026 8:34:35 PM java.util.prefs.FileSystemPreferences syncWorld
2026-08-17 20:34:35,183 [ERROR] LogOutputStream:75 - [STDERR_REDIRECT] WARNING: Couldn't flush system prefs: java.util.prefs.BackingStoreException: Couldn't get file lock.
2026-08-17 20:34:35,183 [ERROR] LogOutputStream:75 - [STDERR_REDIRECT] 
2026-08-17 20:35:05,182 [ERROR] LogOutputStream:75 - [STDERR_REDIRECT] Aug 17, 2026 8:35:05 PM java.util.prefs.FileSystemPreferences checkLockFile0ErrorCode
2026-08-17 20:35:05,182 [ERROR] LogOutputStream:75 - [STDERR_REDIRECT] WARNING: Could not lock System prefs. Unix error code 2.
2026-08-17 20:35:05,182 [ERROR] LogOutputStream:75 - [STDERR_REDIRECT] 
2026-08-17 20:35:05,182 [ERROR] LogOutputStream:75 - [STDERR_REDIRECT] Aug 17, 2026 8:35:05 PM java.util.prefs.FileSystemPreferences syncWorld
2026-08-17 20:35:05,183 [ERROR] LogOutputStream:75 - [STDERR_REDIRECT] WARNING: Couldn't flush system prefs: java.util.prefs.BackingStoreException: Couldn't get file lock.
2026-08-17 20:35:05,183 [ERROR] LogOutputStream:75 - [STDERR_REDIRECT] 
2026-08-17 20:35:35,182 [ERROR] LogOutputStream:75 - [STDERR_REDIRECT] Aug 17, 2026 8:35:35 PM java.util.prefs.FileSystemPreferences checkLockFile0ErrorCode
2026-08-17 20:35:35,182 [ERROR] LogOutputStream:75 - [STDERR_REDIRECT] WARNING: Could not lock System prefs. Unix error code 2.
2026-08-17 20:35:35,182 [ERROR] LogOutputStream:75 - [STDERR_REDIRECT] 
2026-08-17 20:35:35,182 [ERROR] LogOutputStream:75 - [STDERR_REDIRECT] Aug 17, 2026 8:35:35 PM java.util.prefs.FileSystemPreferences syncWorld
2026-08-17 20:35:35,182 [ERROR] LogOutputStream:75 - [STDERR_REDIRECT] WARNING: Couldn't flush system prefs: java.util.prefs.BackingStoreException: Couldn't get file lock.
2026-08-17 20:35:35,182 [ERROR] LogOutputStream:75 - [STDERR_REDIRECT] 
2026-08-17 20:36:05,182 [ERROR] LogOutputStream:75 - [STDERR_REDIRECT] Aug 17, 2026 8:36:05 PM java.util.prefs.FileSystemPreferences checkLockFile0ErrorCode
2026-08-17 20:36:05,183 [ERROR] LogOutputStream:75 - [STDERR_REDIRECT] WARNING: Could not lock System prefs. Unix error code 2.
2026-08-17 20:36:05,183 [ERROR] LogOutputStream:75 - [STDERR_REDIRECT] 
2026-08-17 20:36:05,183 [ERROR] LogOutputStream:75 - [STDERR_REDIRECT] Aug 17, 2026 8:36:05 PM java.util.prefs.FileSystemPreferences syncWorld
2026-08-17 20:36:05,183 [ERROR] LogOutputStream:75 - [STDERR_REDIRECT] WARNING: Couldn't flush system prefs: java.util.prefs.BackingStoreException: Couldn't get file lock.
2026-08-17 20:36:05,183 [ERROR] LogOutputStream:75 - [STDERR_REDIRECT] 
2026-08-17 20:36:35,182 [ERROR] LogOutputStream:75 - [STDERR_REDIRECT] Aug 17, 2026 8:36:35 PM java.util.prefs.FileSystemPreferences checkLockFile0ErrorCode
2026-08-17 20:36:35,182 [ERROR] LogOutputStream:75 - [STDERR_REDIRECT] WARNING: Could not lock System prefs. Unix error code 2.
2026-08-17 20:36:35,182 [ERROR] LogOutputStream:75 - [STDERR_REDIRECT] 
2026-08-17 20:36:35,183 [ERROR] LogOutputStream:75 - [STDERR_REDIRECT] Aug 17, 2026 8:36:35 PM java.util.prefs.FileSystemPreferences syncWorld
2026-08-17 20:36:35,183 [ERROR] LogOutputStream:75 - [STDERR_REDIRECT] WARNING: Couldn't flush system prefs: java.util.prefs.BackingStoreException: Couldn't get file lock.
2026-08-17 20:36:35,183 [ERROR] LogOutputStream:75 - [STDERR_REDIRECT] 
2026-08-17 20:37:05,182 [ERROR] LogOutputStream:75 - [STDERR_REDIRECT] Aug 17, 2026 8:37:05 PM java.util.prefs.FileSystemPreferences checkLockFile0ErrorCode
2026-08-17 20:37:05,183 [ERROR] LogOutputStream:75 - [STDERR_REDIRECT] WARNING: Could not lock System prefs. Unix error code 2.
2026-08-17 20:37:05,183 [ERROR] LogOutputStream:75 - [STDERR_REDIRECT] 
2026-08-17 20:37:05,183 [ERROR] LogOutputStream:75 - [STDERR_REDIRECT] Aug 17, 2026 8:37:05 PM java.util.prefs.FileSystemPreferences syncWorld
2026-08-17 20:37:05,183 [ERROR] LogOutputStream:75 - [STDERR_REDIRECT] WARNING: Couldn't flush system prefs: java.util.prefs.BackingStoreException: Couldn't get file lock.
2026-08-17 20:37:05,183 [ERROR] LogOutputStream:75 - [STDERR_REDIRECT] 
2026-08-17 20:37:35,182 [ERROR] LogOutputStream:75 - [STDERR_REDIRECT] Aug 17, 2026 8:37:35 PM java.util.prefs.FileSystemPreferences checkLockFile0ErrorCode
2026-08-17 20:37:35,182 [ERROR] LogOutputStream:75 - [STDERR_REDIRECT] WARNING: Could not lock System prefs. Unix error code 2.
2026-08-17 20:37:35,182 [ERROR] LogOutputStream:75 - [STDERR_REDIRECT] 
2026-08-17 20:37:35,182 [ERROR] LogOutputStream:75 - [STDERR_REDIRECT] Aug 17, 2026 8:37:35 PM java.util.prefs.FileSystemPreferences syncWorld
2026-08-17 20:37:35,182 [ERROR] LogOutputStream:75 - [STDERR_REDIRECT] WARNING: Couldn't flush system prefs: java.util.prefs.BackingStoreException: Couldn't get file lock.
2026-08-17 20:37:35,182 [ERROR] LogOutputStream:75 - [STDERR_REDIRECT] 
2026-08-17 20:38:05,183 [ERROR] LogOutputStream:75 - [STDERR_REDIRECT] Aug 17, 2026 8:38:05 PM java.util.prefs.FileSystemPreferences checkLockFile0ErrorCode
2026-08-17 20:38:05,183 [ERROR] LogOutputStream:75 - [STDERR_REDIRECT] WARNING: Could not lock System prefs. Unix error code 2.
2026-08-17 20:38:05,183 [ERROR] LogOutputStream:75 - [STDERR_REDIRECT] 
2026-08-17 20:38:05,183 [ERROR] LogOutputStream:75 - [STDERR_REDIRECT] Aug 17, 2026 8:38:05 PM java.util.prefs.FileSystemPreferences syncWorld
2026-08-17 20:38:05,183 [ERROR] LogOutputStream:75 - [STDERR_REDIRECT] WARNING: Couldn't flush system prefs: java.util.prefs.BackingStoreException: Couldn't get file lock.
2026-08-17 20:38:05,183 [ERROR] LogOutputStream:75 - [STDERR_REDIRECT] 
2026-08-17 20:38:35,184 [ERROR] LogOutputStream:75 - [STDERR_REDIRECT] Aug 17, 2026 8:38:35 PM java.util.prefs.FileSystemPreferences checkLockFile0ErrorCode
2026-08-17 20:38:35,184 [ERROR] LogOutputStream:75 - [STDERR_REDIRECT] WARNING: Could not lock System prefs. Unix error code 2.
2026-08-17 20:38:35,184 [ERROR] LogOutputStream:75 - [STDERR_REDIRECT] 
2026-08-17 20:38:35,184 [ERROR] LogOutputStream:75 - [STDERR_REDIRECT] Aug 17, 2026 8:38:35 PM java.util.prefs.FileSystemPreferences syncWorld
2026-08-17 20:38:35,184 [ERROR] LogOutputStream:75 - [STDERR_REDIRECT] WARNING: Couldn't flush system prefs: java.util.prefs.BackingStoreException: Couldn't get file lock.
2026-08-17 20:38:35,184 [ERROR] LogOutputStream:75 - [STDERR_REDIRECT] 
2026-08-17 20:39:05,183 [ERROR] LogOutputStream:75 - [STDERR_REDIRECT] Aug 17, 2026 8:39:05 PM java.util.prefs.FileSystemPreferences checkLockFile0ErrorCode
2026-08-17 20:39:05,184 [ERROR] LogOutputStream:75 - [STDERR_REDIRECT] WARNING: Could not lock System prefs. Unix error code 2.
2026-08-17 20:39:05,184 [ERROR] LogOutputStream:75 - [STDERR_REDIRECT] 
2026-08-17 20:39:05,184 [ERROR] LogOutputStream:75 - [STDERR_REDIRECT] Aug 17, 2026 8:39:05 PM java.util.prefs.FileSystemPreferences syncWorld
2026-08-17 20:39:05,184 [ERROR] LogOutputStream:75 - [STDERR_REDIRECT] WARNING: Couldn't flush system prefs: java.util.prefs.BackingStoreException: Couldn't get file lock.
2026-08-17 20:39:05,184 [ERROR] LogOutputStream:75 - [STDERR_REDIRECT] 
2026-08-17 20:39:32,006 [ERROR] LogOutputStream:75 - [STDERR_REDIRECT] 
