2026-08-13 15:27:04,920 [INFO] Activator:176 - 


2026-08-13 15:27:04,921 [INFO] Activator:177 - !SESSION log4j initialized
2026-08-13 15:27:07,260 [INFO] LogOutputStream:77 - [STDOUT_REDIRECT] 
2026-08-13 15:27:08,351 [INFO] ApplicationProperties:184 - Using Application install path: /opt/st/stm32cubeide_1.18.0/plugins/com.st.stm32cube.common.mx_6.14.0.202502271554
2026-08-13 15:27:08,361 [INFO] DbMcusXml:78 - Set database path to: /opt/st/stm32cubeide_1.18.0/plugins/com.st.stm32cube.common.mx_6.14.0.202502271554//db//mcu/
2026-08-13 15:27:08,361 [INFO] ApiDb:274 - Set plugin database path to: /opt/st/stm32cubeide_1.18.0/plugins/com.st.stm32cube.common.mx_6.14.0.202502271554//db//plugins/boardmanager/
2026-08-13 15:27:08,361 [WARN] ApiDb:259 - Overriding images path with different value:  => /opt/st/stm32cubeide_1.18.0/plugins/com.st.stm32cube.common.mx_6.14.0.202502271554//db//plugins/mcufinder/images/
2026-08-13 15:27:08,364 [INFO] ApiDb:250 - Set database path to: /home/thuy/.stmcufinder/plugins/mcufinder//mcu/
2026-08-13 15:27:08,365 [INFO] DbMcusAds:125 - Set database path to: /home/thuy/.stmcufinder/plugins/mcufinder//mcu/
2026-08-13 15:27:08,366 [INFO] CrossReferenceDbSqlite:203 - Set database path to: /home/thuy/.stmcufinder/plugins/mcufinder//mcu/cs/
2026-08-13 15:27:08,430 [INFO] RulesReader:64 - Compatibility file has been processed (301 Rules)
2026-08-13 15:27:08,461 [INFO] DbMcusXml:78 - Set database path to: /opt/st/stm32cubeide_1.18.0/plugins/com.st.stm32cube.common.mx_6.14.0.202502271554//db//mcu/
2026-08-13 15:27:08,462 [INFO] ApiDb:274 - Set plugin database path to: /opt/st/stm32cubeide_1.18.0/plugins/com.st.stm32cube.common.mx_6.14.0.202502271554//db//plugins/boardmanager/
2026-08-13 15:27:08,462 [INFO] ApiDb:261 - Set plugin images path to: /opt/st/stm32cubeide_1.18.0/plugins/com.st.stm32cube.common.mx_6.14.0.202502271554//db//plugins/mcufinder/images/
2026-08-13 15:27:08,462 [WARN] DbFile:41 - Overriding database path with different value: /home/thuy/.stmcufinder/plugins/mcufinder/ => /home/thuy/.stmcufinder/plugins/mcufinder
2026-08-13 15:27:08,462 [INFO] ApiDb:250 - Set database path to: /home/thuy/.stmcufinder/plugins/mcufinder//mcu/
2026-08-13 15:27:08,462 [WARN] DbFile:41 - Overriding database path with different value: /home/thuy/.stmcufinder/plugins/mcufinder/ => /home/thuy/.stmcufinder/plugins/mcufinder
2026-08-13 15:27:08,462 [INFO] DbMcusAds:125 - Set database path to: /home/thuy/.stmcufinder/plugins/mcufinder//mcu/
2026-08-13 15:27:08,462 [WARN] DbFile:41 - Overriding database path with different value: /home/thuy/.stmcufinder/plugins/mcufinder/ => /home/thuy/.stmcufinder/plugins/mcufinder
2026-08-13 15:27:08,462 [WARN] DbFile:41 - Overriding database path with different value: /home/thuy/.stmcufinder/plugins/mcufinder/ => /home/thuy/.stmcufinder/plugins/mcufinder
2026-08-13 15:27:08,462 [INFO] CrossReferenceDbSqlite:203 - Set database path to: /home/thuy/.stmcufinder/plugins/mcufinder//mcu/cs/
2026-08-13 15:27:08,493 [INFO] MainPanel:272 - HeapMemory: 268435456
2026-08-13 15:27:08,553 [INFO] DbMcusXml:78 - Set database path to: /opt/st/stm32cubeide_1.18.0/plugins/com.st.stm32cube.common.mx_6.14.0.202502271554//db//mcu/
2026-08-13 15:27:08,553 [INFO] ApiDb:274 - Set plugin database path to: /opt/st/stm32cubeide_1.18.0/plugins/com.st.stm32cube.common.mx_6.14.0.202502271554//db//plugins/boardmanager/
2026-08-13 15:27:08,553 [INFO] ApiDb:261 - Set plugin images path to: /opt/st/stm32cubeide_1.18.0/plugins/com.st.stm32cube.common.mx_6.14.0.202502271554//db//plugins/mcufinder/images/
2026-08-13 15:27:08,553 [WARN] DbFile:41 - Overriding database path with different value: /home/thuy/.stmcufinder/plugins/mcufinder/ => /home/thuy/.stmcufinder/plugins/mcufinder
2026-08-13 15:27:08,553 [INFO] ApiDb:250 - Set database path to: /home/thuy/.stmcufinder/plugins/mcufinder//mcu/
2026-08-13 15:27:08,553 [WARN] DbFile:41 - Overriding database path with different value: /home/thuy/.stmcufinder/plugins/mcufinder/ => /home/thuy/.stmcufinder/plugins/mcufinder
2026-08-13 15:27:08,553 [INFO] DbMcusAds:125 - Set database path to: /home/thuy/.stmcufinder/plugins/mcufinder//mcu/
2026-08-13 15:27:08,553 [WARN] DbFile:41 - Overriding database path with different value: /home/thuy/.stmcufinder/plugins/mcufinder/ => /home/thuy/.stmcufinder/plugins/mcufinder
2026-08-13 15:27:08,553 [WARN] DbFile:41 - Overriding database path with different value: /home/thuy/.stmcufinder/plugins/mcufinder/ => /home/thuy/.stmcufinder/plugins/mcufinder
2026-08-13 15:27:08,553 [INFO] CrossReferenceDbSqlite:203 - Set database path to: /home/thuy/.stmcufinder/plugins/mcufinder//mcu/cs/
2026-08-13 15:27:08,563 [INFO] ApplicationProperties:184 - Using Application install path: /opt/st/stm32cubeide_1.18.0/plugins/com.st.stm32cube.common.mx_6.14.0.202502271554
2026-08-13 15:27:08,564 [INFO] PluginManage:196 - Search for loadable plugins [exclusion list=, ]
2026-08-13 15:27:08,565 [INFO] PluginManage:310 - Check plugin analytics
2026-08-13 15:27:08,649 [INFO] AnalyticsPlugin:253 - Accepted Software Licenses: STM32CubeMX.6.17.0
2026-08-13 15:27:08,649 [INFO] AnalyticsPlugin:255 - Accepted CMSIS Pack Licenses: 
2026-08-13 15:27:08,649 [INFO] AnalyticsPlugin:257 - Accepted Firmware Licenses: FW.F1.1.8.7,FW.F4.1.28.0,FW.F4.1.28.3
2026-08-13 15:27:08,651 [INFO] PluginManage:359 - Loaded plugin analytics (category:tool,tabindex:-1)
2026-08-13 15:27:08,651 [INFO] PluginManage:310 - Check plugin cadmodel
2026-08-13 15:27:08,653 [INFO] CADModel:105 - Init CAD model plugin
2026-08-13 15:27:08,653 [INFO] PluginManage:359 - Loaded plugin cadmodel (category:power,tabindex:5)
2026-08-13 15:27:08,653 [INFO] PluginManage:310 - Check plugin clock
2026-08-13 15:27:08,658 [INFO] PluginManage:359 - Loaded plugin clock (category:base,tabindex:2)
2026-08-13 15:27:08,658 [INFO] PluginManage:310 - Check plugin ddr
2026-08-13 15:27:08,659 [INFO] PluginManage:359 - Loaded plugin ddr (category:tool,tabindex:6)
2026-08-13 15:27:08,659 [INFO] PluginManage:310 - Check plugin filemanager
2026-08-13 15:27:08,741 [INFO] PluginManage:359 - Loaded plugin filemanager (category:base,tabindex:10)
2026-08-13 15:27:08,742 [INFO] PluginManage:310 - Check plugin ipmanager
2026-08-13 15:27:08,744 [INFO] PluginManage:359 - Loaded plugin ipmanager (category:base,tabindex:5)
2026-08-13 15:27:08,745 [INFO] PluginManage:310 - Check plugin lpbam
2026-08-13 15:27:08,749 [INFO] PluginManage:359 - Loaded plugin lpbam (category:base,tabindex:0)
2026-08-13 15:27:08,750 [INFO] PluginManage:310 - Check plugin memorymap
2026-08-13 15:27:08,755 [INFO] PluginManage:359 - Loaded plugin memorymap (category:base,tabindex:4)
2026-08-13 15:27:08,756 [INFO] PluginManage:310 - Check plugin pinoutandconfiguration
2026-08-13 15:27:08,769 [INFO] PluginManage:359 - Loaded plugin pinoutandconfiguration (category:base,tabindex:1)
2026-08-13 15:27:08,769 [INFO] PluginManage:310 - Check plugin pinoutconfig
2026-08-13 15:27:08,843 [WARN] SupportedApi:132 - Cannot load RTOS API schema: s4s-elt-must-match.1: The content of 'definitions' must match (annotation?, (simpleType | complexType)?, (unique | key | keyref)*)). A problem was found starting at: attribute.
2026-08-13 15:27:08,916 [INFO] PluginManage:359 - Loaded plugin pinoutconfig (category:base,tabindex:0)
2026-08-13 15:27:08,916 [INFO] PluginManage:310 - Check plugin power
2026-08-13 15:27:08,920 [INFO] PluginManage:359 - Loaded plugin power (category:power,tabindex:4)
2026-08-13 15:27:08,920 [INFO] PluginManage:310 - Check plugin projectmanager
2026-08-13 15:27:08,929 [INFO] PluginManage:359 - Loaded plugin projectmanager (category:projectmanager,tabindex:4)
2026-08-13 15:27:08,929 [INFO] PluginManage:310 - Check plugin rif
2026-08-13 15:27:08,932 [INFO] PluginManage:359 - Loaded plugin rif (category:base,tabindex:3)
2026-08-13 15:27:08,932 [INFO] PluginManage:310 - Check plugin thirdparty
2026-08-13 15:27:08,989 [INFO] PluginManage:359 - Loaded plugin thirdparty (category:base,tabindex:-1)
2026-08-13 15:27:08,989 [INFO] PluginManage:310 - Check plugin tools
2026-08-13 15:27:08,989 [WARN] IntegrityCheckThread:84 - waiting for thirdparty lock release [integrity check]
2026-08-13 15:27:08,989 [INFO] IntegrityCheckThread:86 - entering critical section [integrity check]
2026-08-13 15:27:08,989 [INFO] ThirdPartyUpdaterWithRetryManager:70 - Updater plugin not ready yet. [1/15]
2026-08-13 15:27:08,990 [INFO] PluginManage:359 - Loaded plugin tools (category:base,tabindex:7)
2026-08-13 15:27:08,990 [INFO] PluginManage:310 - Check plugin tutovideos
2026-08-13 15:27:09,075 [INFO] PluginManage:359 - Loaded plugin tutovideos (category:base,tabindex:-1)
2026-08-13 15:27:09,075 [INFO] PluginManage:310 - Check plugin updater
2026-08-13 15:27:09,089 [INFO] PluginManage:359 - Loaded plugin updater (category:base,tabindex:12)
2026-08-13 15:27:09,089 [INFO] PluginManage:310 - Check plugin userauth
2026-08-13 15:27:09,091 [INFO] UserAuth:118 - Init User Auth plugin
2026-08-13 15:27:09,091 [INFO] PluginManage:359 - Loaded plugin userauth (category:base,tabindex:14)
2026-08-13 15:27:09,092 [INFO] PluginManage:283 - PluginManage : Loaded plugins [18]
2026-08-13 15:27:09,189 [INFO] PinOutPanel:1589 - setPackage(No Configuration,No Configuration)
2026-08-13 15:27:09,226 [INFO] CADModel:165 - CPN selected for project level
2026-08-13 15:27:09,226 [INFO] CADModel:114 - Register for checkConnection events
2026-08-13 15:27:09,233 [INFO] IPUIPlugin:80 - create IPUIPlugin
2026-08-13 15:27:09,234 [INFO] PluginManager:220 - loadIPPluginJar : add freertos
2026-08-13 15:27:09,235 [INFO] IPUIPlugin:80 - create IPUIPlugin
2026-08-13 15:27:09,235 [INFO] PluginManager:220 - loadIPPluginJar : add quadspi
2026-08-13 15:27:09,237 [INFO] IPUIPlugin:80 - create IPUIPlugin
2026-08-13 15:27:09,237 [INFO] PluginManager:220 - loadIPPluginJar : add i2s
2026-08-13 15:27:09,239 [INFO] IPUIPlugin:80 - create IPUIPlugin
2026-08-13 15:27:09,239 [INFO] PluginManager:220 - loadIPPluginJar : add touchsensing
2026-08-13 15:27:09,241 [INFO] IPUIPlugin:80 - create IPUIPlugin
2026-08-13 15:27:09,241 [INFO] PluginManager:220 - loadIPPluginJar : add ipddr
2026-08-13 15:27:09,242 [INFO] IPUIPlugin:80 - create IPUIPlugin
2026-08-13 15:27:09,242 [INFO] PluginManager:220 - loadIPPluginJar : add pdm2pcm
2026-08-13 15:27:09,243 [INFO] IPUIPlugin:80 - create IPUIPlugin
2026-08-13 15:27:09,243 [INFO] PluginManager:220 - loadIPPluginJar : add dfsdm
2026-08-13 15:27:09,248 [INFO] IPUIPlugin:80 - create IPUIPlugin
2026-08-13 15:27:09,248 [INFO] PluginManager:220 - loadIPPluginJar : add stm32_wpan
2026-08-13 15:27:09,250 [INFO] IPUIPlugin:80 - create IPUIPlugin
2026-08-13 15:27:09,250 [INFO] PluginManager:220 - loadIPPluginJar : add nvic
2026-08-13 15:27:09,252 [INFO] IPUIPlugin:80 - create IPUIPlugin
2026-08-13 15:27:09,252 [INFO] PluginManager:220 - loadIPPluginJar : add gpio
2026-08-13 15:27:09,254 [INFO] IPUIPlugin:80 - create IPUIPlugin
2026-08-13 15:27:09,254 [INFO] PluginManager:220 - loadIPPluginJar : add usbx
2026-08-13 15:27:09,256 [INFO] IPUIPlugin:80 - create IPUIPlugin
2026-08-13 15:27:09,256 [INFO] PluginManager:220 - loadIPPluginJar : add sai
2026-08-13 15:27:09,256 [INFO] IPUIPlugin:80 - create IPUIPlugin
2026-08-13 15:27:09,256 [INFO] PluginManager:220 - loadIPPluginJar : add fatfs
2026-08-13 15:27:09,257 [INFO] IPUIPlugin:80 - create IPUIPlugin
2026-08-13 15:27:09,258 [INFO] PluginManager:220 - loadIPPluginJar : add opamp
2026-08-13 15:27:09,258 [INFO] IPUIPlugin:80 - create IPUIPlugin
2026-08-13 15:27:09,258 [INFO] PluginManager:220 - loadIPPluginJar : add spi
2026-08-13 15:27:09,259 [INFO] IPUIPlugin:80 - create IPUIPlugin
2026-08-13 15:27:09,259 [INFO] PluginManager:220 - loadIPPluginJar : add tsc
2026-08-13 15:27:09,261 [INFO] IPUIPlugin:80 - create IPUIPlugin
2026-08-13 15:27:09,261 [INFO] PluginManager:220 - loadIPPluginJar : add resmgrutility
2026-08-13 15:27:09,262 [INFO] IPUIPlugin:80 - create IPUIPlugin
2026-08-13 15:27:09,262 [INFO] PluginManager:220 - loadIPPluginJar : add can
2026-08-13 15:27:09,263 [INFO] IPUIPlugin:80 - create IPUIPlugin
2026-08-13 15:27:09,263 [INFO] PluginManager:220 - loadIPPluginJar : add ts
2026-08-13 15:27:09,266 [INFO] IPUIPlugin:80 - create IPUIPlugin
2026-08-13 15:27:09,267 [INFO] PluginManager:220 - loadIPPluginJar : add plateformsettings
2026-08-13 15:27:09,268 [INFO] IPUIPlugin:80 - create IPUIPlugin
2026-08-13 15:27:09,268 [INFO] PluginManager:220 - loadIPPluginJar : add tracer_emb
2026-08-13 15:27:09,269 [INFO] IPUIPlugin:80 - create IPUIPlugin
2026-08-13 15:27:09,269 [INFO] PluginManager:220 - loadIPPluginJar : add hash
2026-08-13 15:27:09,270 [INFO] IPUIPlugin:80 - create IPUIPlugin
2026-08-13 15:27:09,270 [INFO] PluginManager:220 - loadIPPluginJar : add i2c
2026-08-13 15:27:09,271 [INFO] IPUIPlugin:80 - create IPUIPlugin
2026-08-13 15:27:09,271 [INFO] PluginManager:220 - loadIPPluginJar : add i3c
2026-08-13 15:27:09,274 [INFO] IPUIPlugin:80 - create IPUIPlugin
2026-08-13 15:27:09,274 [INFO] PluginManager:220 - loadIPPluginJar : add adc
2026-08-13 15:27:09,274 [INFO] IPUIPlugin:80 - create IPUIPlugin
2026-08-13 15:27:09,275 [INFO] PluginManager:220 - loadIPPluginJar : add ltdc
2026-08-13 15:27:09,277 [INFO] IPUIPlugin:80 - create IPUIPlugin
2026-08-13 15:27:09,277 [INFO] PluginManager:220 - loadIPPluginJar : add mdma
2026-08-13 15:27:09,278 [INFO] IPUIPlugin:80 - create IPUIPlugin
2026-08-13 15:27:09,278 [INFO] PluginManager:220 - loadIPPluginJar : add aes
2026-08-13 15:27:09,280 [INFO] IPUIPlugin:80 - create IPUIPlugin
2026-08-13 15:27:09,280 [INFO] PluginManager:220 - loadIPPluginJar : add fmc
2026-08-13 15:27:09,281 [INFO] IPUIPlugin:80 - create IPUIPlugin
2026-08-13 15:27:09,282 [INFO] PluginManager:220 - loadIPPluginJar : add radio
2026-08-13 15:27:09,283 [INFO] IPUIPlugin:80 - create IPUIPlugin
2026-08-13 15:27:09,283 [INFO] PluginManager:220 - loadIPPluginJar : add cryp
2026-08-13 15:27:09,284 [INFO] IPUIPlugin:80 - create IPUIPlugin
2026-08-13 15:27:09,284 [INFO] PluginManager:220 - loadIPPluginJar : add openamp
2026-08-13 15:27:09,284 [INFO] IPUIPlugin:80 - create IPUIPlugin
2026-08-13 15:27:09,284 [INFO] PluginManager:220 - loadIPPluginJar : add comp
2026-08-13 15:27:09,285 [INFO] IPUIPlugin:80 - create IPUIPlugin
2026-08-13 15:27:09,285 [INFO] PluginManager:220 - loadIPPluginJar : add gfxmmu
2026-08-13 15:27:09,286 [INFO] IPUIPlugin:80 - create IPUIPlugin
2026-08-13 15:27:09,286 [INFO] PluginManager:220 - loadIPPluginJar : add gtzc
2026-08-13 15:27:09,288 [INFO] IPUIPlugin:80 - create IPUIPlugin
2026-08-13 15:27:09,289 [INFO] PluginManager:220 - loadIPPluginJar : add gic
2026-08-13 15:27:09,290 [INFO] IPUIPlugin:80 - create IPUIPlugin
2026-08-13 15:27:09,290 [INFO] PluginManager:220 - loadIPPluginJar : add lorawan
2026-08-13 15:27:09,291 [INFO] IPUIPlugin:80 - create IPUIPlugin
2026-08-13 15:27:09,291 [INFO] PluginManager:220 - loadIPPluginJar : add usart
2026-08-13 15:27:09,291 [INFO] IPUIPlugin:80 - create IPUIPlugin
2026-08-13 15:27:09,291 [INFO] PluginManager:220 - loadIPPluginJar : add tim
2026-08-13 15:27:09,292 [INFO] IPUIPlugin:80 - create IPUIPlugin
2026-08-13 15:27:09,292 [INFO] PluginManager:220 - loadIPPluginJar : add ddr_ctrl_phy
2026-08-13 15:27:09,293 [INFO] IPUIPlugin:80 - create IPUIPlugin
2026-08-13 15:27:09,294 [INFO] PluginManager:220 - loadIPPluginJar : add extmemmanager
2026-08-13 15:27:09,294 [INFO] IPUIPlugin:80 - create IPUIPlugin
2026-08-13 15:27:09,294 [INFO] PluginManager:220 - loadIPPluginJar : add dma3
2026-08-13 15:27:09,295 [INFO] IPUIPlugin:80 - create IPUIPlugin
2026-08-13 15:27:09,295 [INFO] PluginManager:220 - loadIPPluginJar : add ucpd
2026-08-13 15:27:09,298 [INFO] IPUIPlugin:80 - create IPUIPlugin
2026-08-13 15:27:09,298 [INFO] PluginManager:220 - loadIPPluginJar : add dma
2026-08-13 15:27:09,299 [INFO] IPUIPlugin:80 - create IPUIPlugin
2026-08-13 15:27:09,299 [INFO] PluginManager:220 - loadIPPluginJar : add genericplugin
2026-08-13 15:27:09,302 [INFO] IPUIPlugin:80 - create IPUIPlugin
2026-08-13 15:27:09,302 [INFO] PluginManager:220 - loadIPPluginJar : add linkedlist
2026-08-13 15:27:09,391 [FATAL] Updater:351 - Updater called before beeing initialized
2026-08-13 15:27:09,405 [INFO] RulesReader:64 - Compatibility file has been processed (301 Rules)
2026-08-13 15:27:09,411 [INFO] RulesReader:64 - Compatibility file has been processed (301 Rules)
2026-08-13 15:27:09,415 [INFO] CADModel:165 - CPN selected for project level
2026-08-13 15:27:09,416 [INFO] CADModel:114 - Register for checkConnection events
2026-08-13 15:27:09,416 [FATAL] Updater:351 - Updater called before beeing initialized
2026-08-13 15:27:09,416 [ERROR] CADModel:125 - Updater not yet initialized, retry later 
2026-08-13 15:27:09,476 [FATAL] Updater:351 - Updater called before beeing initialized
2026-08-13 15:27:09,476 [INFO] CADModel:165 - CPN selected for project level
2026-08-13 15:27:09,476 [INFO] CADModel:114 - Register for checkConnection events
2026-08-13 15:27:09,477 [FATAL] Updater:351 - Updater called before beeing initialized
2026-08-13 15:27:09,477 [ERROR] CADModel:125 - Updater not yet initialized, retry later 
2026-08-13 15:27:09,478 [FATAL] Updater:351 - Updater called before beeing initialized
2026-08-13 15:27:09,525 [FATAL] Updater:351 - Updater called before beeing initialized
2026-08-13 15:27:09,527 [INFO] DbMcusAds:53 - JSON generation date=Wed Jul 15 16:44:54 ICT 2026 (1784108694001)
2026-08-13 15:27:09,527 [FATAL] Updater:351 - Updater called before beeing initialized
2026-08-13 15:27:09,547 [WARN] DetailPanel:346 - Failed to get advertising image, set to default
2026-08-13 15:27:09,702 [FATAL] Updater:351 - Updater called before beeing initialized
2026-08-13 15:27:09,703 [FATAL] Updater:351 - Updater called before beeing initialized
2026-08-13 15:27:09,703 [FATAL] Updater:351 - Updater called before beeing initialized
2026-08-13 15:27:09,703 [WARN] DetailPanel:346 - Failed to get advertising image, set to default
2026-08-13 15:27:09,704 [FATAL] Updater:351 - Updater called before beeing initialized
2026-08-13 15:27:09,724 [ERROR] Updater:1198 - MainUpdater not yet initialized. External WinMGr cannot be set.
2026-08-13 15:27:09,725 [INFO] Updater:1134 - Updater Version found : 6.14.0
2026-08-13 15:27:09,735 [INFO] ApplicationProperties:184 - Using Application install path: /opt/st/stm32cubeide_1.18.0/plugins/com.st.stm32cube.common.mx_6.14.0.202502271554
2026-08-13 15:27:09,742 [ERROR] LogOutputStream:75 - [STDERR_REDIRECT] Aug 13, 2026 3:27:09 PM java.util.prefs.FileSystemPreferences$2 run
2026-08-13 15:27:09,742 [ERROR] LogOutputStream:75 - [STDERR_REDIRECT] WARNING: Could not create system preferences directory. System preferences are unusable.
2026-08-13 15:27:09,742 [ERROR] LogOutputStream:75 - [STDERR_REDIRECT] 
2026-08-13 15:27:10,003 [INFO] MainUpdater:2872 - connection check result : 10
2026-08-13 15:27:10,004 [INFO] MainUpdater:289 - Updater Check For Update Now.
2026-08-13 15:27:10,004 [INFO] MicroXplorer:498 - Change Database Version : DB.6.0.140
2026-08-13 15:27:10,007 [INFO] McuFinderGlobals:63 - Set McuFinder mode to 2 (CubeIDE integrated)
2026-08-13 15:27:10,007 [INFO] UserAuth:171 - activating auth plugin
2026-08-13 15:27:10,009 [INFO] UserAuth:486 - Internet connection configuration mode: 1
2026-08-13 15:27:10,016 [INFO] JxBrowserEngine:152 - Initiate JxBrowser Engine with user profile folder
2026-08-13 15:27:10,157 [INFO] CheckServerUpdateThread:120 - End of CheckServer Thread
2026-08-13 15:27:10,353 [INFO] WebApp:169 - Instantiating new browser for Auth
2026-08-13 15:27:10,708 [INFO] WebApp:463 - Apply proxy settings
2026-08-13 15:27:10,708 [INFO] WebApp:548 - Chromium requires no authentication
2026-08-13 15:27:10,712 [INFO] WebApp:491 - Direct internet connection detected
2026-08-13 15:27:10,723 [INFO] WebApp:894 - Register for checkConnection events
2026-08-13 15:27:10,724 [INFO] WebApp:463 - Apply proxy settings
2026-08-13 15:27:10,724 [INFO] WebApp:548 - Chromium requires no authentication
2026-08-13 15:27:10,724 [INFO] WebApp:491 - Direct internet connection detected
2026-08-13 15:27:10,797 [INFO] WebApp:225 - Starting web application
2026-08-13 15:27:10,797 [INFO] WebApp:593 - Web application path used /opt/st/stm32cubeide_1.18.0/plugins/com.st.stm32cube.common.mx_6.14.0.202502271554/db/plugins/mcufinder/reactClient1/index.html
2026-08-13 15:27:11,077 [INFO] WebApp:191 - Connection restablished
2026-08-13 15:27:12,104 [WARN] PackLoader:240 - Cannot read IP mode file for STMicroelectronics.X-CUBE-AZRTOS-H7.3.5.0
2026-08-13 15:27:12,113 [WARN] PackLoader:240 - Cannot read IP mode file for STMicroelectronics.FP-ATR-ASTRA1.2.0.3
2026-08-13 15:27:12,116 [WARN] PackLoader:240 - Cannot read IP mode file for STMicroelectronics.FP-ATR-ASTRA1.2.0.2
2026-08-13 15:27:12,119 [ERROR] Engine:466 - /home/thuy/.stm32cubemx/thirdparties/pdsc/STMicroelectronics.X-CUBE-SMBUS.2.1.1.pdsc: PDSC version is not supported
2026-08-13 15:27:12,133 [WARN] PackLoader:240 - Cannot read IP mode file for STMicroelectronics.X-CUBE-AZRTOS-F7.1.1.0
2026-08-13 15:27:12,138 [ERROR] Engine:466 - /home/thuy/.stm32cubemx/thirdparties/pdsc/STMicroelectronics.X-CUBE-FREERTOS.1.6.0.pdsc: PDSC version is not supported
2026-08-13 15:27:12,140 [ERROR] Engine:466 - /home/thuy/.stm32cubemx/thirdparties/pdsc/STMicroelectronics.FP-SNS-MOTENV1.5.1.0.pdsc: PDSC version is not supported
2026-08-13 15:27:12,153 [WARN] PackLoader:240 - Cannot read IP mode file for STMicroelectronics.X-CUBE-AZRTOS-H7RS.1.3.0
2026-08-13 15:27:12,160 [ERROR] Engine:466 - /home/thuy/.stm32cubemx/thirdparties/pdsc/WES.I-CUBE-Cesium.1.4.0.pdsc: PDSC version is not supported
2026-08-13 15:27:12,166 [WARN] PackLoader:240 - Cannot read IP mode file for STMicroelectronics.X-CUBE-DISPLAY.3.0.0
2026-08-13 15:27:12,174 [WARN] PackLoader:240 - Cannot read IP mode file for STMicroelectronics.X-CUBE-GNSS1.7.1.1
2026-08-13 15:27:12,176 [ERROR] Engine:466 - /home/thuy/.stm32cubemx/thirdparties/pdsc/STMicroelectronics.FP-SNS-MOTENVWB1.1.5.0.pdsc: PDSC version is not supported
2026-08-13 15:27:12,178 [WARN] PackLoader:240 - Cannot read IP mode file for wolfSSL.I-CUBE-wolfSSL.5.9.1
2026-08-13 15:27:12,181 [WARN] PackLoader:240 - Cannot read IP mode file for STMicroelectronics.X-CUBE-NFC10.1.0.0
2026-08-13 15:27:12,186 [WARN] PackLoader:240 - Cannot read IP mode file for STMicroelectronics.X-CUBE-ST60.1.1.0
2026-08-13 15:27:12,190 [WARN] PackLoader:240 - Cannot read IP mode file for emotas.I-CUBE-CANOPEN.1.3.0
2026-08-13 15:27:12,192 [ERROR] Engine:466 - /home/thuy/.stm32cubemx/thirdparties/pdsc/STMicroelectronics.X-CUBE-WBA.1.1.0.pdsc: PDSC version is not supported
2026-08-13 15:27:12,194 [ERROR] Engine:466 - /home/thuy/.stm32cubemx/thirdparties/pdsc/STMicroelectronics.FP-SNS-STBOX1.2.1.0.pdsc: PDSC version is not supported
2026-08-13 15:27:12,197 [WARN] PackLoader:240 - Cannot read IP mode file for STMicroelectronics.FP-SNS-SMARTAG2.1.2.0
2026-08-13 15:27:12,201 [WARN] PackLoader:240 - Cannot read IP mode file for STMicroelectronics.FP-SNS-FLIGHT1.5.1.0
2026-08-13 15:27:12,206 [INFO] LogOutputStream:77 - [STDOUT_REDIRECT] 1 : Invalid condition id : UX_CORESTACK_Condition cause : null
2026-08-13 15:27:12,207 [INFO] LogOutputStream:77 - [STDOUT_REDIRECT] 1 : Invalid condition id : UX_CORESTACK_Condition cause : null
2026-08-13 15:27:12,207 [INFO] LogOutputStream:77 - [STDOUT_REDIRECT] 1 : Invalid condition id : UX_CORESTACK_Condition cause : null
2026-08-13 15:27:12,207 [INFO] LogOutputStream:77 - [STDOUT_REDIRECT] 1 : Invalid condition id : UX_CORESTACK_Condition cause : null
2026-08-13 15:27:12,207 [INFO] LogOutputStream:77 - [STDOUT_REDIRECT] 1 : Invalid condition id : UX_CORESTACK_Condition cause : null
2026-08-13 15:27:12,209 [WARN] PackLoader:240 - Cannot read IP mode file for STMicroelectronics.X-CUBE-AZRTOS-WL.2.0.0
2026-08-13 15:27:12,212 [WARN] PackLoader:240 - Cannot read IP mode file for STMicroelectronics.X-CUBE-BLE2.3.3.0
2026-08-13 15:27:12,232 [WARN] PackLoader:240 - Cannot read IP mode file for Infineon.AIROC-Wi-Fi-Bluetooth-STM32.1.8.0
2026-08-13 15:27:12,239 [WARN] PackLoader:240 - Cannot read IP mode file for STMicroelectronics.X-CUBE-NFC9.1.0.0
2026-08-13 15:27:12,243 [WARN] PackLoader:240 - Cannot read IP mode file for STMicroelectronics.X-CUBE-BLE1.7.1.0
2026-08-13 15:27:12,245 [WARN] PackLoader:240 - Cannot read IP mode file for wolfSSL.I-CUBE-wolfMQTT.1.19.2
2026-08-13 15:27:12,248 [WARN] PackLoader:240 - Cannot read IP mode file for STMicroelectronics.X-CUBE-EEPRMA1.5.2.0
2026-08-13 15:27:12,250 [ERROR] Engine:466 - /home/thuy/.stm32cubemx/thirdparties/pdsc/STMicroelectronics.FP-SNS-STAIOTCFT.1.1.0.pdsc: PDSC version is not supported
2026-08-13 15:27:12,258 [WARN] PackLoader:240 - Cannot read IP mode file for STMicroelectronics.X-CUBE-AZRTOS-G0.1.1.0
2026-08-13 15:27:12,262 [WARN] PackLoader:240 - Cannot read IP mode file for STMicroelectronics.X-CUBE-NFC4.3.0.0
2026-08-13 15:27:12,266 [WARN] PackLoader:240 - Cannot read IP mode file for EmbeddedOffice.I-CUBE-FS-RTOS.1.0.1
2026-08-13 15:27:12,269 [WARN] PackLoader:240 - Cannot read IP mode file for wolfSSL.I-CUBE-wolfTPM.3.8.0
2026-08-13 15:27:12,271 [WARN] PackLoader:240 - Cannot read IP mode file for STMicroelectronics.X-CUBE-TCPP.4.2.0
2026-08-13 15:27:12,280 [WARN] PackLoader:240 - Cannot read IP mode file for RealThread.X-CUBE-RT-Thread_Nano.4.1.1
2026-08-13 15:27:12,284 [WARN] PackLoader:240 - Cannot read IP mode file for STMicroelectronics.FP-ATR-SIGFOX1.3.2.0
2026-08-13 15:27:12,288 [WARN] PackLoader:240 - Cannot read IP mode file for ITTIA_DB.I-CUBE-ITTIADB.8.9.0
2026-08-13 15:27:12,290 [WARN] PackLoader:240 - Cannot read IP mode file for Cesanta.I-CUBE-Mongoose.7.21.7
2026-08-13 15:27:12,295 [WARN] PackLoader:240 - Cannot read IP mode file for STMicroelectronics.X-CUBE-NFC6.3.2.0
2026-08-13 15:27:12,300 [WARN] PackLoader:240 - Cannot read IP mode file for STMicroelectronics.X-CUBE-AI.10.2.1
2026-08-13 15:27:12,346 [WARN] PackLoader:240 - Cannot read IP mode file for STMicroelectronics.X-CUBE-MEMS1.12.1.0
2026-08-13 15:27:12,408 [WARN] PackLoader:240 - Cannot read IP mode file for SEGGER.I-CUBE-embOS.1.3.1
2026-08-13 15:27:12,431 [WARN] PackLoader:240 - Cannot read IP mode file for STMicroelectronics.X-CUBE-NFC13.1.0.0
2026-08-13 15:27:12,434 [WARN] PackLoader:240 - Cannot read IP mode file for STMicroelectronics.X-CUBE-PM33A1.1.0.0
2026-08-13 15:27:12,441 [WARN] PackLoader:240 - Cannot read IP mode file for STMicroelectronics.X-CUBE-AZRTOS-F4.1.1.0
2026-08-13 15:27:12,445 [WARN] PackLoader:240 - Cannot read IP mode file for STMicroelectronics.X-CUBE-ISPU.2.1.0
2026-08-13 15:27:12,448 [ERROR] Engine:466 - /home/thuy/.stm32cubemx/thirdparties/pdsc/STMicroelectronics.X-CUBE-IPS.3.2.0.pdsc: PDSC version is not supported
2026-08-13 15:27:12,450 [WARN] PackLoader:240 - Cannot read IP mode file for STMicroelectronics.eDS-WB_DPC_TT-BIDIR.2.1.1
2026-08-13 15:27:12,453 [WARN] PackLoader:240 - Cannot read IP mode file for STMicroelectronics.X-CUBE-NFC12.1.0.0
2026-08-13 15:27:12,461 [WARN] PackLoader:240 - Cannot read IP mode file for STMicroelectronics.X-CUBE-AZRTOS-L5.2.0.0
2026-08-13 15:27:12,465 [WARN] PackLoader:240 - Cannot read IP mode file for STMicroelectronics.X-CUBE-ALGOBUILD.1.5.0
2026-08-13 15:27:12,466 [WARN] PackLoader:240 - Cannot read IP mode file for STMicroelectronics.eDS-WB_DPC_VIENNA.1.2.0
2026-08-13 15:27:12,489 [WARN] PackLoader:240 - Cannot read IP mode file for STMicroelectronics.X-CUBE-MEMS1.13.0.0
2026-08-13 15:27:12,532 [WARN] PackLoader:240 - Cannot read IP mode file for STMicroelectronics.eDS-WB_DPC_3PH2L-BIDIR.1.1.1
2026-08-13 15:27:12,534 [ERROR] Engine:466 - /home/thuy/.stm32cubemx/thirdparties/pdsc/STMicroelectronics.X-CUBE-ST67W61.1.3.0.pdsc: PDSC version is not supported
2026-08-13 15:27:12,535 [WARN] PackLoader:240 - Cannot read IP mode file for STMicroelectronics.X-CUBE-TOUCHGFX.4.26.1
2026-08-13 15:27:12,537 [WARN] PackLoader:240 - Cannot read IP mode file for STMicroelectronics.X-CUBE-DPower.1.3.0
2026-08-13 15:27:12,544 [WARN] ConditionMgr:438 - getConditionDescription Invalid condition id : LAN8742 Phy interface Condition cause : null
2026-08-13 15:27:12,545 [WARN] PackLoader:240 - Cannot read IP mode file for STMicroelectronics.X-CUBE-AZRTOS-L4.2.0.0
2026-08-13 15:27:12,546 [WARN] ConditionMgr:1044 - genDependencies : Invalid condition id : LAN8742 Phy interface Condition cause : null
2026-08-13 15:27:12,546 [WARN] ConditionMgr:1044 - genDependencies : Invalid condition id : LAN8742 Phy interface Condition cause : null
2026-08-13 15:27:12,546 [WARN] ConditionMgr:1044 - genDependencies : Invalid condition id : LAN8742 Phy interface Condition cause : null
2026-08-13 15:27:12,549 [WARN] PackLoader:240 - Cannot read IP mode file for STMicroelectronics.X-CUBE-SFXS2LP1.4.0.0
2026-08-13 15:27:12,552 [WARN] PackLoader:240 - Cannot read IP mode file for STMicroelectronics.X-CUBE-WB05N.2.1.0
2026-08-13 15:27:12,557 [WARN] ConditionMgr:438 - getConditionDescription Invalid condition id : UX DEVICE CLASS RTOS Condition cause : null
2026-08-13 15:27:12,557 [WARN] ConditionMgr:438 - getConditionDescription Invalid condition id : UX DEVICE CLASS RTOS Condition cause : null
2026-08-13 15:27:12,558 [WARN] PackLoader:240 - Cannot read IP mode file for STMicroelectronics.X-CUBE-AZRTOS-WB.2.0.0
2026-08-13 15:27:12,558 [WARN] ConditionMgr:1044 - genDependencies : Invalid condition id : UX DEVICE CLASS RTOS Condition cause : null
2026-08-13 15:27:12,558 [WARN] ConditionMgr:1044 - genDependencies : Invalid condition id : UX DEVICE CLASS RTOS Condition cause : null
2026-08-13 15:27:12,558 [WARN] ConditionMgr:1044 - genDependencies : Invalid condition id : UX DEVICE CLASS RTOS Condition cause : null
2026-08-13 15:27:12,558 [WARN] ConditionMgr:1044 - genDependencies : Invalid condition id : UX DEVICE CLASS RTOS Condition cause : null
2026-08-13 15:27:12,558 [WARN] ConditionMgr:1044 - genDependencies : Invalid condition id : UX DEVICE CLASS RTOS Condition cause : null
2026-08-13 15:27:12,560 [WARN] ConditionMgr:438 - getConditionDescription Invalid condition id : Cortex-A Device cause : null
2026-08-13 15:27:12,564 [WARN] ConditionMgr:1044 - genDependencies : Invalid condition id : Cortex-A Device cause : null
2026-08-13 15:27:12,564 [WARN] ConditionMgr:1044 - genDependencies : Invalid condition id : Cortex-A Device cause : null
2026-08-13 15:27:12,564 [WARN] ConditionMgr:1044 - genDependencies : Invalid condition id : Cortex-A Device cause : null
2026-08-13 15:27:12,567 [WARN] PackLoader:240 - Cannot read IP mode file for STMicroelectronics.X-CUBE-STSE01.2.0.0
2026-08-13 15:27:12,572 [WARN] PackLoader:240 - Cannot read IP mode file for STMicroelectronics.X-CUBE-SUBG2.5.0.0
2026-08-13 15:27:12,580 [WARN] PackLoader:240 - Cannot read IP mode file for STMicroelectronics.X-CUBE-AZRTOS-G4.2.0.0
2026-08-13 15:27:12,582 [WARN] PackLoader:240 - Cannot read IP mode file for wolfSSL.I-CUBE-wolfSSH.1.4.20
2026-08-13 15:27:12,584 [WARN] PackLoader:240 - Cannot read IP mode file for STMicroelectronics.X-CUBE-NFC7.2.0.0
2026-08-13 15:27:12,586 [ERROR] Engine:466 - /home/thuy/.stm32cubemx/thirdparties/pdsc/STMicroelectronics.X-CUBE-BLEMGR.4.2.0.pdsc: PDSC version is not supported
2026-08-13 15:27:12,588 [WARN] PackLoader:240 - Cannot read IP mode file for STMicroelectronics.X-CUBE-ALS.1.0.2
2026-08-13 15:27:12,592 [WARN] PackLoader:240 - Cannot read IP mode file for STMicroelectronics.X-CUBE-TOF1.3.4.3
2026-08-13 15:27:12,597 [INFO] ThirdParty:978 - Integrity check success = true
2026-08-13 15:27:12,598 [INFO] IntegrityCheckThread:100 - exiting critical section [integrity check]
2026-08-13 15:27:12,598 [INFO] IntegrityCheckThread:103 - End integrity checks thread
2026-08-13 15:27:36,311 [ERROR] LogOutputStream:75 - [STDERR_REDIRECT] Aug 13, 2026 3:27:36 PM java.util.prefs.FileSystemPreferences checkLockFile0ErrorCode
2026-08-13 15:27:36,312 [ERROR] LogOutputStream:75 - [STDERR_REDIRECT] WARNING: Could not lock System prefs. Unix error code 2.
2026-08-13 15:27:36,312 [ERROR] LogOutputStream:75 - [STDERR_REDIRECT] 
2026-08-13 15:27:36,312 [ERROR] LogOutputStream:75 - [STDERR_REDIRECT] Aug 13, 2026 3:27:36 PM java.util.prefs.FileSystemPreferences syncWorld
2026-08-13 15:27:36,312 [ERROR] LogOutputStream:75 - [STDERR_REDIRECT] WARNING: Couldn't flush system prefs: java.util.prefs.BackingStoreException: Couldn't get file lock.
2026-08-13 15:27:36,312 [ERROR] LogOutputStream:75 - [STDERR_REDIRECT] 
2026-08-13 15:28:06,308 [ERROR] LogOutputStream:75 - [STDERR_REDIRECT] Aug 13, 2026 3:28:06 PM java.util.prefs.FileSystemPreferences checkLockFile0ErrorCode
2026-08-13 15:28:06,309 [ERROR] LogOutputStream:75 - [STDERR_REDIRECT] WARNING: Could not lock System prefs. Unix error code 2.
2026-08-13 15:28:06,309 [ERROR] LogOutputStream:75 - [STDERR_REDIRECT] 
2026-08-13 15:28:06,310 [ERROR] LogOutputStream:75 - [STDERR_REDIRECT] Aug 13, 2026 3:28:06 PM java.util.prefs.FileSystemPreferences syncWorld
2026-08-13 15:28:06,311 [ERROR] LogOutputStream:75 - [STDERR_REDIRECT] WARNING: Couldn't flush system prefs: java.util.prefs.BackingStoreException: Couldn't get file lock.
2026-08-13 15:28:06,311 [ERROR] LogOutputStream:75 - [STDERR_REDIRECT] 
2026-08-13 15:28:36,312 [ERROR] LogOutputStream:75 - [STDERR_REDIRECT] Aug 13, 2026 3:28:36 PM java.util.prefs.FileSystemPreferences checkLockFile0ErrorCode
2026-08-13 15:28:36,313 [ERROR] LogOutputStream:75 - [STDERR_REDIRECT] WARNING: Could not lock System prefs. Unix error code 2.
2026-08-13 15:28:36,313 [ERROR] LogOutputStream:75 - [STDERR_REDIRECT] 
2026-08-13 15:28:36,314 [ERROR] LogOutputStream:75 - [STDERR_REDIRECT] Aug 13, 2026 3:28:36 PM java.util.prefs.FileSystemPreferences syncWorld
2026-08-13 15:28:36,314 [ERROR] LogOutputStream:75 - [STDERR_REDIRECT] WARNING: Couldn't flush system prefs: java.util.prefs.BackingStoreException: Couldn't get file lock.
2026-08-13 15:28:36,315 [ERROR] LogOutputStream:75 - [STDERR_REDIRECT] 
2026-08-13 15:29:06,302 [ERROR] LogOutputStream:75 - [STDERR_REDIRECT] Aug 13, 2026 3:29:06 PM java.util.prefs.FileSystemPreferences checkLockFile0ErrorCode
2026-08-13 15:29:06,302 [ERROR] LogOutputStream:75 - [STDERR_REDIRECT] WARNING: Could not lock System prefs. Unix error code 2.
2026-08-13 15:29:06,307 [ERROR] LogOutputStream:75 - [STDERR_REDIRECT] 
2026-08-13 15:29:06,308 [ERROR] LogOutputStream:75 - [STDERR_REDIRECT] Aug 13, 2026 3:29:06 PM java.util.prefs.FileSystemPreferences syncWorld
2026-08-13 15:29:06,308 [ERROR] LogOutputStream:75 - [STDERR_REDIRECT] WARNING: Couldn't flush system prefs: java.util.prefs.BackingStoreException: Couldn't get file lock.
2026-08-13 15:29:06,308 [ERROR] LogOutputStream:75 - [STDERR_REDIRECT] 
2026-08-13 15:29:24,828 [INFO] WebApp:194 - Connection lost
2026-08-13 15:29:34,257 [INFO] WebApp:191 - Connection restablished
2026-08-13 15:29:36,301 [ERROR] LogOutputStream:75 - [STDERR_REDIRECT] Aug 13, 2026 3:29:36 PM java.util.prefs.FileSystemPreferences checkLockFile0ErrorCode
2026-08-13 15:29:36,301 [ERROR] LogOutputStream:75 - [STDERR_REDIRECT] WARNING: Could not lock System prefs. Unix error code 2.
2026-08-13 15:29:36,302 [ERROR] LogOutputStream:75 - [STDERR_REDIRECT] 
2026-08-13 15:29:36,302 [ERROR] LogOutputStream:75 - [STDERR_REDIRECT] Aug 13, 2026 3:29:36 PM java.util.prefs.FileSystemPreferences syncWorld
2026-08-13 15:29:36,303 [ERROR] LogOutputStream:75 - [STDERR_REDIRECT] WARNING: Couldn't flush system prefs: java.util.prefs.BackingStoreException: Couldn't get file lock.
2026-08-13 15:29:36,303 [ERROR] LogOutputStream:75 - [STDERR_REDIRECT] 
2026-08-13 15:30:06,301 [ERROR] LogOutputStream:75 - [STDERR_REDIRECT] Aug 13, 2026 3:30:06 PM java.util.prefs.FileSystemPreferences checkLockFile0ErrorCode
2026-08-13 15:30:06,301 [ERROR] LogOutputStream:75 - [STDERR_REDIRECT] WARNING: Could not lock System prefs. Unix error code 2.
2026-08-13 15:30:06,301 [ERROR] LogOutputStream:75 - [STDERR_REDIRECT] 
2026-08-13 15:30:06,302 [ERROR] LogOutputStream:75 - [STDERR_REDIRECT] Aug 13, 2026 3:30:06 PM java.util.prefs.FileSystemPreferences syncWorld
2026-08-13 15:30:06,303 [ERROR] LogOutputStream:75 - [STDERR_REDIRECT] WARNING: Couldn't flush system prefs: java.util.prefs.BackingStoreException: Couldn't get file lock.
2026-08-13 15:30:06,303 [ERROR] LogOutputStream:75 - [STDERR_REDIRECT] 
2026-08-13 15:30:36,301 [ERROR] LogOutputStream:75 - [STDERR_REDIRECT] Aug 13, 2026 3:30:36 PM java.util.prefs.FileSystemPreferences checkLockFile0ErrorCode
2026-08-13 15:30:36,302 [ERROR] LogOutputStream:75 - [STDERR_REDIRECT] WARNING: Could not lock System prefs. Unix error code 2.
2026-08-13 15:30:36,302 [ERROR] LogOutputStream:75 - [STDERR_REDIRECT] 
2026-08-13 15:30:36,302 [ERROR] LogOutputStream:75 - [STDERR_REDIRECT] Aug 13, 2026 3:30:36 PM java.util.prefs.FileSystemPreferences syncWorld
2026-08-13 15:30:36,303 [ERROR] LogOutputStream:75 - [STDERR_REDIRECT] WARNING: Couldn't flush system prefs: java.util.prefs.BackingStoreException: Couldn't get file lock.
2026-08-13 15:30:36,303 [ERROR] LogOutputStream:75 - [STDERR_REDIRECT] 
2026-08-13 15:31:06,301 [ERROR] LogOutputStream:75 - [STDERR_REDIRECT] Aug 13, 2026 3:31:06 PM java.util.prefs.FileSystemPreferences checkLockFile0ErrorCode
2026-08-13 15:31:06,301 [ERROR] LogOutputStream:75 - [STDERR_REDIRECT] WARNING: Could not lock System prefs. Unix error code 2.
2026-08-13 15:31:06,301 [ERROR] LogOutputStream:75 - [STDERR_REDIRECT] 
2026-08-13 15:31:06,302 [ERROR] LogOutputStream:75 - [STDERR_REDIRECT] Aug 13, 2026 3:31:06 PM java.util.prefs.FileSystemPreferences syncWorld
2026-08-13 15:31:06,302 [ERROR] LogOutputStream:75 - [STDERR_REDIRECT] WARNING: Couldn't flush system prefs: java.util.prefs.BackingStoreException: Couldn't get file lock.
2026-08-13 15:31:06,303 [ERROR] LogOutputStream:75 - [STDERR_REDIRECT] 
2026-08-13 15:31:36,300 [ERROR] LogOutputStream:75 - [STDERR_REDIRECT] Aug 13, 2026 3:31:36 PM java.util.prefs.FileSystemPreferences checkLockFile0ErrorCode
2026-08-13 15:31:36,301 [ERROR] LogOutputStream:75 - [STDERR_REDIRECT] WARNING: Could not lock System prefs. Unix error code 2.
2026-08-13 15:31:36,301 [ERROR] LogOutputStream:75 - [STDERR_REDIRECT] 
2026-08-13 15:31:36,302 [ERROR] LogOutputStream:75 - [STDERR_REDIRECT] Aug 13, 2026 3:31:36 PM java.util.prefs.FileSystemPreferences syncWorld
2026-08-13 15:31:36,302 [ERROR] LogOutputStream:75 - [STDERR_REDIRECT] WARNING: Couldn't flush system prefs: java.util.prefs.BackingStoreException: Couldn't get file lock.
2026-08-13 15:31:36,302 [ERROR] LogOutputStream:75 - [STDERR_REDIRECT] 
2026-08-13 15:31:45,340 [INFO] WebApp:194 - Connection lost
2026-08-13 15:31:49,128 [INFO] WebApp:191 - Connection restablished
2026-08-13 15:32:06,301 [ERROR] LogOutputStream:75 - [STDERR_REDIRECT] Aug 13, 2026 3:32:06 PM java.util.prefs.FileSystemPreferences checkLockFile0ErrorCode
2026-08-13 15:32:06,302 [ERROR] LogOutputStream:75 - [STDERR_REDIRECT] WARNING: Could not lock System prefs. Unix error code 2.
2026-08-13 15:32:06,302 [ERROR] LogOutputStream:75 - [STDERR_REDIRECT] 
2026-08-13 15:32:06,303 [ERROR] LogOutputStream:75 - [STDERR_REDIRECT] Aug 13, 2026 3:32:06 PM java.util.prefs.FileSystemPreferences syncWorld
2026-08-13 15:32:06,303 [ERROR] LogOutputStream:75 - [STDERR_REDIRECT] WARNING: Couldn't flush system prefs: java.util.prefs.BackingStoreException: Couldn't get file lock.
2026-08-13 15:32:06,304 [ERROR] LogOutputStream:75 - [STDERR_REDIRECT] 
2026-08-13 15:32:36,300 [ERROR] LogOutputStream:75 - [STDERR_REDIRECT] Aug 13, 2026 3:32:36 PM java.util.prefs.FileSystemPreferences checkLockFile0ErrorCode
2026-08-13 15:32:36,300 [ERROR] LogOutputStream:75 - [STDERR_REDIRECT] WARNING: Could not lock System prefs. Unix error code 2.
2026-08-13 15:32:36,300 [ERROR] LogOutputStream:75 - [STDERR_REDIRECT] 
2026-08-13 15:32:36,300 [ERROR] LogOutputStream:75 - [STDERR_REDIRECT] Aug 13, 2026 3:32:36 PM java.util.prefs.FileSystemPreferences syncWorld
2026-08-13 15:32:36,300 [ERROR] LogOutputStream:75 - [STDERR_REDIRECT] WARNING: Couldn't flush system prefs: java.util.prefs.BackingStoreException: Couldn't get file lock.
2026-08-13 15:32:36,300 [ERROR] LogOutputStream:75 - [STDERR_REDIRECT] 
2026-08-13 15:33:06,301 [ERROR] LogOutputStream:75 - [STDERR_REDIRECT] Aug 13, 2026 3:33:06 PM java.util.prefs.FileSystemPreferences checkLockFile0ErrorCode
2026-08-13 15:33:06,301 [ERROR] LogOutputStream:75 - [STDERR_REDIRECT] WARNING: Could not lock System prefs. Unix error code 2.
2026-08-13 15:33:06,301 [ERROR] LogOutputStream:75 - [STDERR_REDIRECT] 
2026-08-13 15:33:06,302 [ERROR] LogOutputStream:75 - [STDERR_REDIRECT] Aug 13, 2026 3:33:06 PM java.util.prefs.FileSystemPreferences syncWorld
2026-08-13 15:33:06,302 [ERROR] LogOutputStream:75 - [STDERR_REDIRECT] WARNING: Couldn't flush system prefs: java.util.prefs.BackingStoreException: Couldn't get file lock.
2026-08-13 15:33:06,303 [ERROR] LogOutputStream:75 - [STDERR_REDIRECT] 
2026-08-13 15:33:36,302 [ERROR] LogOutputStream:75 - [STDERR_REDIRECT] Aug 13, 2026 3:33:36 PM java.util.prefs.FileSystemPreferences checkLockFile0ErrorCode
2026-08-13 15:33:36,302 [ERROR] LogOutputStream:75 - [STDERR_REDIRECT] WARNING: Could not lock System prefs. Unix error code 2.
2026-08-13 15:33:36,302 [ERROR] LogOutputStream:75 - [STDERR_REDIRECT] 
2026-08-13 15:33:36,303 [ERROR] LogOutputStream:75 - [STDERR_REDIRECT] Aug 13, 2026 3:33:36 PM java.util.prefs.FileSystemPreferences syncWorld
2026-08-13 15:33:36,303 [ERROR] LogOutputStream:75 - [STDERR_REDIRECT] WARNING: Couldn't flush system prefs: java.util.prefs.BackingStoreException: Couldn't get file lock.
2026-08-13 15:33:36,303 [ERROR] LogOutputStream:75 - [STDERR_REDIRECT] 
2026-08-13 15:33:43,522 [INFO] WebApp:194 - Connection lost
2026-08-13 15:33:43,734 [INFO] WebApp:191 - Connection restablished
2026-08-13 15:34:06,301 [ERROR] LogOutputStream:75 - [STDERR_REDIRECT] Aug 13, 2026 3:34:06 PM java.util.prefs.FileSystemPreferences checkLockFile0ErrorCode
2026-08-13 15:34:06,301 [ERROR] LogOutputStream:75 - [STDERR_REDIRECT] WARNING: Could not lock System prefs. Unix error code 2.
2026-08-13 15:34:06,301 [ERROR] LogOutputStream:75 - [STDERR_REDIRECT] 
2026-08-13 15:34:06,301 [ERROR] LogOutputStream:75 - [STDERR_REDIRECT] Aug 13, 2026 3:34:06 PM java.util.prefs.FileSystemPreferences syncWorld
2026-08-13 15:34:06,301 [ERROR] LogOutputStream:75 - [STDERR_REDIRECT] WARNING: Couldn't flush system prefs: java.util.prefs.BackingStoreException: Couldn't get file lock.
2026-08-13 15:34:06,301 [ERROR] LogOutputStream:75 - [STDERR_REDIRECT] 
2026-08-13 15:34:36,306 [ERROR] LogOutputStream:75 - [STDERR_REDIRECT] Aug 13, 2026 3:34:36 PM java.util.prefs.FileSystemPreferences checkLockFile0ErrorCode
2026-08-13 15:34:36,307 [ERROR] LogOutputStream:75 - [STDERR_REDIRECT] WARNING: Could not lock System prefs. Unix error code 2.
2026-08-13 15:34:36,307 [ERROR] LogOutputStream:75 - [STDERR_REDIRECT] 
2026-08-13 15:34:36,307 [ERROR] LogOutputStream:75 - [STDERR_REDIRECT] Aug 13, 2026 3:34:36 PM java.util.prefs.FileSystemPreferences syncWorld
2026-08-13 15:34:36,307 [ERROR] LogOutputStream:75 - [STDERR_REDIRECT] WARNING: Couldn't flush system prefs: java.util.prefs.BackingStoreException: Couldn't get file lock.
2026-08-13 15:34:36,307 [ERROR] LogOutputStream:75 - [STDERR_REDIRECT] 
2026-08-13 15:35:06,302 [ERROR] LogOutputStream:75 - [STDERR_REDIRECT] Aug 13, 2026 3:35:06 PM java.util.prefs.FileSystemPreferences checkLockFile0ErrorCode
2026-08-13 15:35:06,302 [ERROR] LogOutputStream:75 - [STDERR_REDIRECT] WARNING: Could not lock System prefs. Unix error code 2.
2026-08-13 15:35:06,307 [ERROR] LogOutputStream:75 - [STDERR_REDIRECT] 
2026-08-13 15:35:06,308 [ERROR] LogOutputStream:75 - [STDERR_REDIRECT] Aug 13, 2026 3:35:06 PM java.util.prefs.FileSystemPreferences syncWorld
2026-08-13 15:35:06,309 [ERROR] LogOutputStream:75 - [STDERR_REDIRECT] WARNING: Couldn't flush system prefs: java.util.prefs.BackingStoreException: Couldn't get file lock.
2026-08-13 15:35:06,309 [ERROR] LogOutputStream:75 - [STDERR_REDIRECT] 
2026-08-13 15:35:36,301 [ERROR] LogOutputStream:75 - [STDERR_REDIRECT] Aug 13, 2026 3:35:36 PM java.util.prefs.FileSystemPreferences checkLockFile0ErrorCode
2026-08-13 15:35:36,302 [ERROR] LogOutputStream:75 - [STDERR_REDIRECT] WARNING: Could not lock System prefs. Unix error code 2.
2026-08-13 15:35:36,302 [ERROR] LogOutputStream:75 - [STDERR_REDIRECT] 
2026-08-13 15:35:36,302 [ERROR] LogOutputStream:75 - [STDERR_REDIRECT] Aug 13, 2026 3:35:36 PM java.util.prefs.FileSystemPreferences syncWorld
2026-08-13 15:35:36,302 [ERROR] LogOutputStream:75 - [STDERR_REDIRECT] WARNING: Couldn't flush system prefs: java.util.prefs.BackingStoreException: Couldn't get file lock.
2026-08-13 15:35:36,302 [ERROR] LogOutputStream:75 - [STDERR_REDIRECT] 
2026-08-13 15:36:06,302 [ERROR] LogOutputStream:75 - [STDERR_REDIRECT] Aug 13, 2026 3:36:06 PM java.util.prefs.FileSystemPreferences checkLockFile0ErrorCode
2026-08-13 15:36:06,302 [ERROR] LogOutputStream:75 - [STDERR_REDIRECT] WARNING: Could not lock System prefs. Unix error code 2.
2026-08-13 15:36:06,303 [ERROR] LogOutputStream:75 - [STDERR_REDIRECT] 
2026-08-13 15:36:06,303 [ERROR] LogOutputStream:75 - [STDERR_REDIRECT] Aug 13, 2026 3:36:06 PM java.util.prefs.FileSystemPreferences syncWorld
2026-08-13 15:36:06,303 [ERROR] LogOutputStream:75 - [STDERR_REDIRECT] WARNING: Couldn't flush system prefs: java.util.prefs.BackingStoreException: Couldn't get file lock.
2026-08-13 15:36:06,303 [ERROR] LogOutputStream:75 - [STDERR_REDIRECT] 
2026-08-13 15:36:36,302 [ERROR] LogOutputStream:75 - [STDERR_REDIRECT] Aug 13, 2026 3:36:36 PM java.util.prefs.FileSystemPreferences checkLockFile0ErrorCode
2026-08-13 15:36:36,303 [ERROR] LogOutputStream:75 - [STDERR_REDIRECT] WARNING: Could not lock System prefs. Unix error code 2.
2026-08-13 15:36:36,303 [ERROR] LogOutputStream:75 - [STDERR_REDIRECT] 
2026-08-13 15:36:36,303 [ERROR] LogOutputStream:75 - [STDERR_REDIRECT] Aug 13, 2026 3:36:36 PM java.util.prefs.FileSystemPreferences syncWorld
2026-08-13 15:36:36,304 [ERROR] LogOutputStream:75 - [STDERR_REDIRECT] WARNING: Couldn't flush system prefs: java.util.prefs.BackingStoreException: Couldn't get file lock.
2026-08-13 15:36:36,304 [ERROR] LogOutputStream:75 - [STDERR_REDIRECT] 
2026-08-13 15:37:06,306 [ERROR] LogOutputStream:75 - [STDERR_REDIRECT] Aug 13, 2026 3:37:06 PM java.util.prefs.FileSystemPreferences checkLockFile0ErrorCode
2026-08-13 15:37:06,307 [ERROR] LogOutputStream:75 - [STDERR_REDIRECT] WARNING: Could not lock System prefs. Unix error code 2.
2026-08-13 15:37:06,307 [ERROR] LogOutputStream:75 - [STDERR_REDIRECT] 
2026-08-13 15:37:06,308 [ERROR] LogOutputStream:75 - [STDERR_REDIRECT] Aug 13, 2026 3:37:06 PM java.util.prefs.FileSystemPreferences syncWorld
2026-08-13 15:37:06,308 [ERROR] LogOutputStream:75 - [STDERR_REDIRECT] WARNING: Couldn't flush system prefs: java.util.prefs.BackingStoreException: Couldn't get file lock.
2026-08-13 15:37:06,308 [ERROR] LogOutputStream:75 - [STDERR_REDIRECT] 
2026-08-13 15:37:36,305 [ERROR] LogOutputStream:75 - [STDERR_REDIRECT] Aug 13, 2026 3:37:36 PM java.util.prefs.FileSystemPreferences checkLockFile0ErrorCode
2026-08-13 15:37:36,306 [ERROR] LogOutputStream:75 - [STDERR_REDIRECT] WARNING: Could not lock System prefs. Unix error code 2.
2026-08-13 15:37:36,306 [ERROR] LogOutputStream:75 - [STDERR_REDIRECT] 
2026-08-13 15:37:36,307 [ERROR] LogOutputStream:75 - [STDERR_REDIRECT] Aug 13, 2026 3:37:36 PM java.util.prefs.FileSystemPreferences syncWorld
2026-08-13 15:37:36,307 [ERROR] LogOutputStream:75 - [STDERR_REDIRECT] WARNING: Couldn't flush system prefs: java.util.prefs.BackingStoreException: Couldn't get file lock.
2026-08-13 15:37:36,307 [ERROR] LogOutputStream:75 - [STDERR_REDIRECT] 
2026-08-13 15:38:06,303 [ERROR] LogOutputStream:75 - [STDERR_REDIRECT] Aug 13, 2026 3:38:06 PM java.util.prefs.FileSystemPreferences checkLockFile0ErrorCode
2026-08-13 15:38:06,304 [ERROR] LogOutputStream:75 - [STDERR_REDIRECT] WARNING: Could not lock System prefs. Unix error code 2.
2026-08-13 15:38:06,304 [ERROR] LogOutputStream:75 - [STDERR_REDIRECT] 
2026-08-13 15:38:06,305 [ERROR] LogOutputStream:75 - [STDERR_REDIRECT] Aug 13, 2026 3:38:06 PM java.util.prefs.FileSystemPreferences syncWorld
2026-08-13 15:38:06,305 [ERROR] LogOutputStream:75 - [STDERR_REDIRECT] WARNING: Couldn't flush system prefs: java.util.prefs.BackingStoreException: Couldn't get file lock.
2026-08-13 15:38:06,305 [ERROR] LogOutputStream:75 - [STDERR_REDIRECT] 
2026-08-13 15:38:36,303 [ERROR] LogOutputStream:75 - [STDERR_REDIRECT] Aug 13, 2026 3:38:36 PM java.util.prefs.FileSystemPreferences checkLockFile0ErrorCode
2026-08-13 15:38:36,303 [ERROR] LogOutputStream:75 - [STDERR_REDIRECT] WARNING: Could not lock System prefs. Unix error code 2.
2026-08-13 15:38:36,303 [ERROR] LogOutputStream:75 - [STDERR_REDIRECT] 
2026-08-13 15:38:36,303 [ERROR] LogOutputStream:75 - [STDERR_REDIRECT] Aug 13, 2026 3:38:36 PM java.util.prefs.FileSystemPreferences syncWorld
2026-08-13 15:38:36,303 [ERROR] LogOutputStream:75 - [STDERR_REDIRECT] WARNING: Couldn't flush system prefs: java.util.prefs.BackingStoreException: Couldn't get file lock.
2026-08-13 15:38:36,303 [ERROR] LogOutputStream:75 - [STDERR_REDIRECT] 
2026-08-13 15:39:06,303 [ERROR] LogOutputStream:75 - [STDERR_REDIRECT] Aug 13, 2026 3:39:06 PM java.util.prefs.FileSystemPreferences checkLockFile0ErrorCode
2026-08-13 15:39:06,303 [ERROR] LogOutputStream:75 - [STDERR_REDIRECT] WARNING: Could not lock System prefs. Unix error code 2.
2026-08-13 15:39:06,303 [ERROR] LogOutputStream:75 - [STDERR_REDIRECT] 
2026-08-13 15:39:06,303 [ERROR] LogOutputStream:75 - [STDERR_REDIRECT] Aug 13, 2026 3:39:06 PM java.util.prefs.FileSystemPreferences syncWorld
2026-08-13 15:39:06,303 [ERROR] LogOutputStream:75 - [STDERR_REDIRECT] WARNING: Couldn't flush system prefs: java.util.prefs.BackingStoreException: Couldn't get file lock.
2026-08-13 15:39:06,303 [ERROR] LogOutputStream:75 - [STDERR_REDIRECT] 
2026-08-13 15:39:36,304 [ERROR] LogOutputStream:75 - [STDERR_REDIRECT] Aug 13, 2026 3:39:36 PM java.util.prefs.FileSystemPreferences checkLockFile0ErrorCode
2026-08-13 15:39:36,304 [ERROR] LogOutputStream:75 - [STDERR_REDIRECT] WARNING: Could not lock System prefs. Unix error code 2.
2026-08-13 15:39:36,304 [ERROR] LogOutputStream:75 - [STDERR_REDIRECT] 
2026-08-13 15:39:36,305 [ERROR] LogOutputStream:75 - [STDERR_REDIRECT] Aug 13, 2026 3:39:36 PM java.util.prefs.FileSystemPreferences syncWorld
2026-08-13 15:39:36,305 [ERROR] LogOutputStream:75 - [STDERR_REDIRECT] WARNING: Couldn't flush system prefs: java.util.prefs.BackingStoreException: Couldn't get file lock.
2026-08-13 15:39:36,305 [ERROR] LogOutputStream:75 - [STDERR_REDIRECT] 
2026-08-13 15:40:06,304 [ERROR] LogOutputStream:75 - [STDERR_REDIRECT] Aug 13, 2026 3:40:06 PM java.util.prefs.FileSystemPreferences checkLockFile0ErrorCode
2026-08-13 15:40:06,304 [ERROR] LogOutputStream:75 - [STDERR_REDIRECT] WARNING: Could not lock System prefs. Unix error code 2.
2026-08-13 15:40:06,304 [ERROR] LogOutputStream:75 - [STDERR_REDIRECT] 
2026-08-13 15:40:06,305 [ERROR] LogOutputStream:75 - [STDERR_REDIRECT] Aug 13, 2026 3:40:06 PM java.util.prefs.FileSystemPreferences syncWorld
2026-08-13 15:40:06,305 [ERROR] LogOutputStream:75 - [STDERR_REDIRECT] WARNING: Couldn't flush system prefs: java.util.prefs.BackingStoreException: Couldn't get file lock.
2026-08-13 15:40:06,305 [ERROR] LogOutputStream:75 - [STDERR_REDIRECT] 
2026-08-13 15:40:36,303 [ERROR] LogOutputStream:75 - [STDERR_REDIRECT] Aug 13, 2026 3:40:36 PM java.util.prefs.FileSystemPreferences checkLockFile0ErrorCode
2026-08-13 15:40:36,303 [ERROR] LogOutputStream:75 - [STDERR_REDIRECT] WARNING: Could not lock System prefs. Unix error code 2.
2026-08-13 15:40:36,303 [ERROR] LogOutputStream:75 - [STDERR_REDIRECT] 
2026-08-13 15:40:36,304 [ERROR] LogOutputStream:75 - [STDERR_REDIRECT] Aug 13, 2026 3:40:36 PM java.util.prefs.FileSystemPreferences syncWorld
2026-08-13 15:40:36,304 [ERROR] LogOutputStream:75 - [STDERR_REDIRECT] WARNING: Couldn't flush system prefs: java.util.prefs.BackingStoreException: Couldn't get file lock.
2026-08-13 15:40:36,304 [ERROR] LogOutputStream:75 - [STDERR_REDIRECT] 
2026-08-13 15:41:06,303 [ERROR] LogOutputStream:75 - [STDERR_REDIRECT] Aug 13, 2026 3:41:06 PM java.util.prefs.FileSystemPreferences checkLockFile0ErrorCode
2026-08-13 15:41:06,304 [ERROR] LogOutputStream:75 - [STDERR_REDIRECT] WARNING: Could not lock System prefs. Unix error code 2.
2026-08-13 15:41:06,304 [ERROR] LogOutputStream:75 - [STDERR_REDIRECT] 
2026-08-13 15:41:06,305 [ERROR] LogOutputStream:75 - [STDERR_REDIRECT] Aug 13, 2026 3:41:06 PM java.util.prefs.FileSystemPreferences syncWorld
2026-08-13 15:41:06,305 [ERROR] LogOutputStream:75 - [STDERR_REDIRECT] WARNING: Couldn't flush system prefs: java.util.prefs.BackingStoreException: Couldn't get file lock.
2026-08-13 15:41:06,306 [ERROR] LogOutputStream:75 - [STDERR_REDIRECT] 
2026-08-13 15:41:36,302 [ERROR] LogOutputStream:75 - [STDERR_REDIRECT] Aug 13, 2026 3:41:36 PM java.util.prefs.FileSystemPreferences checkLockFile0ErrorCode
2026-08-13 15:41:36,303 [ERROR] LogOutputStream:75 - [STDERR_REDIRECT] WARNING: Could not lock System prefs. Unix error code 2.
2026-08-13 15:41:36,303 [ERROR] LogOutputStream:75 - [STDERR_REDIRECT] 
2026-08-13 15:41:36,303 [ERROR] LogOutputStream:75 - [STDERR_REDIRECT] Aug 13, 2026 3:41:36 PM java.util.prefs.FileSystemPreferences syncWorld
2026-08-13 15:41:36,304 [ERROR] LogOutputStream:75 - [STDERR_REDIRECT] WARNING: Couldn't flush system prefs: java.util.prefs.BackingStoreException: Couldn't get file lock.
2026-08-13 15:41:36,304 [ERROR] LogOutputStream:75 - [STDERR_REDIRECT] 
2026-08-13 15:42:06,302 [ERROR] LogOutputStream:75 - [STDERR_REDIRECT] Aug 13, 2026 3:42:06 PM java.util.prefs.FileSystemPreferences checkLockFile0ErrorCode
2026-08-13 15:42:06,303 [ERROR] LogOutputStream:75 - [STDERR_REDIRECT] WARNING: Could not lock System prefs. Unix error code 2.
2026-08-13 15:42:06,303 [ERROR] LogOutputStream:75 - [STDERR_REDIRECT] 
2026-08-13 15:42:06,303 [ERROR] LogOutputStream:75 - [STDERR_REDIRECT] Aug 13, 2026 3:42:06 PM java.util.prefs.FileSystemPreferences syncWorld
2026-08-13 15:42:06,303 [ERROR] LogOutputStream:75 - [STDERR_REDIRECT] WARNING: Couldn't flush system prefs: java.util.prefs.BackingStoreException: Couldn't get file lock.
2026-08-13 15:42:06,303 [ERROR] LogOutputStream:75 - [STDERR_REDIRECT] 
2026-08-13 15:42:36,303 [ERROR] LogOutputStream:75 - [STDERR_REDIRECT] Aug 13, 2026 3:42:36 PM java.util.prefs.FileSystemPreferences checkLockFile0ErrorCode
2026-08-13 15:42:36,304 [ERROR] LogOutputStream:75 - [STDERR_REDIRECT] WARNING: Could not lock System prefs. Unix error code 2.
2026-08-13 15:42:36,304 [ERROR] LogOutputStream:75 - [STDERR_REDIRECT] 
2026-08-13 15:42:36,305 [ERROR] LogOutputStream:75 - [STDERR_REDIRECT] Aug 13, 2026 3:42:36 PM java.util.prefs.FileSystemPreferences syncWorld
2026-08-13 15:42:36,305 [ERROR] LogOutputStream:75 - [STDERR_REDIRECT] WARNING: Couldn't flush system prefs: java.util.prefs.BackingStoreException: Couldn't get file lock.
2026-08-13 15:42:36,305 [ERROR] LogOutputStream:75 - [STDERR_REDIRECT] 
2026-08-13 15:43:06,304 [ERROR] LogOutputStream:75 - [STDERR_REDIRECT] Aug 13, 2026 3:43:06 PM java.util.prefs.FileSystemPreferences checkLockFile0ErrorCode
2026-08-13 15:43:06,304 [ERROR] LogOutputStream:75 - [STDERR_REDIRECT] WARNING: Could not lock System prefs. Unix error code 2.
2026-08-13 15:43:06,304 [ERROR] LogOutputStream:75 - [STDERR_REDIRECT] 
2026-08-13 15:43:06,305 [ERROR] LogOutputStream:75 - [STDERR_REDIRECT] Aug 13, 2026 3:43:06 PM java.util.prefs.FileSystemPreferences syncWorld
2026-08-13 15:43:06,305 [ERROR] LogOutputStream:75 - [STDERR_REDIRECT] WARNING: Couldn't flush system prefs: java.util.prefs.BackingStoreException: Couldn't get file lock.
2026-08-13 15:43:06,305 [ERROR] LogOutputStream:75 - [STDERR_REDIRECT] 
2026-08-13 15:43:36,302 [ERROR] LogOutputStream:75 - [STDERR_REDIRECT] Aug 13, 2026 3:43:36 PM java.util.prefs.FileSystemPreferences checkLockFile0ErrorCode
2026-08-13 15:43:36,302 [ERROR] LogOutputStream:75 - [STDERR_REDIRECT] WARNING: Could not lock System prefs. Unix error code 2.
2026-08-13 15:43:36,302 [ERROR] LogOutputStream:75 - [STDERR_REDIRECT] 
2026-08-13 15:43:36,303 [ERROR] LogOutputStream:75 - [STDERR_REDIRECT] Aug 13, 2026 3:43:36 PM java.util.prefs.FileSystemPreferences syncWorld
2026-08-13 15:43:36,303 [ERROR] LogOutputStream:75 - [STDERR_REDIRECT] WARNING: Couldn't flush system prefs: java.util.prefs.BackingStoreException: Couldn't get file lock.
2026-08-13 15:43:36,303 [ERROR] LogOutputStream:75 - [STDERR_REDIRECT] 
2026-08-13 15:44:06,303 [ERROR] LogOutputStream:75 - [STDERR_REDIRECT] Aug 13, 2026 3:44:06 PM java.util.prefs.FileSystemPreferences checkLockFile0ErrorCode
2026-08-13 15:44:06,304 [ERROR] LogOutputStream:75 - [STDERR_REDIRECT] WARNING: Could not lock System prefs. Unix error code 2.
2026-08-13 15:44:06,304 [ERROR] LogOutputStream:75 - [STDERR_REDIRECT] 
2026-08-13 15:44:06,304 [ERROR] LogOutputStream:75 - [STDERR_REDIRECT] Aug 13, 2026 3:44:06 PM java.util.prefs.FileSystemPreferences syncWorld
2026-08-13 15:44:06,305 [ERROR] LogOutputStream:75 - [STDERR_REDIRECT] WARNING: Couldn't flush system prefs: java.util.prefs.BackingStoreException: Couldn't get file lock.
2026-08-13 15:44:06,305 [ERROR] LogOutputStream:75 - [STDERR_REDIRECT] 
2026-08-13 15:44:36,302 [ERROR] LogOutputStream:75 - [STDERR_REDIRECT] Aug 13, 2026 3:44:36 PM java.util.prefs.FileSystemPreferences checkLockFile0ErrorCode
2026-08-13 15:44:36,302 [ERROR] LogOutputStream:75 - [STDERR_REDIRECT] WARNING: Could not lock System prefs. Unix error code 2.
2026-08-13 15:44:36,302 [ERROR] LogOutputStream:75 - [STDERR_REDIRECT] 
2026-08-13 15:44:36,302 [ERROR] LogOutputStream:75 - [STDERR_REDIRECT] Aug 13, 2026 3:44:36 PM java.util.prefs.FileSystemPreferences syncWorld
2026-08-13 15:44:36,303 [ERROR] LogOutputStream:75 - [STDERR_REDIRECT] WARNING: Couldn't flush system prefs: java.util.prefs.BackingStoreException: Couldn't get file lock.
2026-08-13 15:44:36,303 [ERROR] LogOutputStream:75 - [STDERR_REDIRECT] 
2026-08-13 15:45:06,302 [ERROR] LogOutputStream:75 - [STDERR_REDIRECT] Aug 13, 2026 3:45:06 PM java.util.prefs.FileSystemPreferences checkLockFile0ErrorCode
2026-08-13 15:45:06,302 [ERROR] LogOutputStream:75 - [STDERR_REDIRECT] WARNING: Could not lock System prefs. Unix error code 2.
2026-08-13 15:45:06,302 [ERROR] LogOutputStream:75 - [STDERR_REDIRECT] 
2026-08-13 15:45:06,302 [ERROR] LogOutputStream:75 - [STDERR_REDIRECT] Aug 13, 2026 3:45:06 PM java.util.prefs.FileSystemPreferences syncWorld
2026-08-13 15:45:06,302 [ERROR] LogOutputStream:75 - [STDERR_REDIRECT] WARNING: Couldn't flush system prefs: java.util.prefs.BackingStoreException: Couldn't get file lock.
2026-08-13 15:45:06,302 [ERROR] LogOutputStream:75 - [STDERR_REDIRECT] 
2026-08-13 15:45:36,302 [ERROR] LogOutputStream:75 - [STDERR_REDIRECT] Aug 13, 2026 3:45:36 PM java.util.prefs.FileSystemPreferences checkLockFile0ErrorCode
2026-08-13 15:45:36,302 [ERROR] LogOutputStream:75 - [STDERR_REDIRECT] WARNING: Could not lock System prefs. Unix error code 2.
2026-08-13 15:45:36,302 [ERROR] LogOutputStream:75 - [STDERR_REDIRECT] 
2026-08-13 15:45:36,302 [ERROR] LogOutputStream:75 - [STDERR_REDIRECT] Aug 13, 2026 3:45:36 PM java.util.prefs.FileSystemPreferences syncWorld
2026-08-13 15:45:36,302 [ERROR] LogOutputStream:75 - [STDERR_REDIRECT] WARNING: Couldn't flush system prefs: java.util.prefs.BackingStoreException: Couldn't get file lock.
2026-08-13 15:45:36,302 [ERROR] LogOutputStream:75 - [STDERR_REDIRECT] 
2026-08-13 15:46:06,303 [ERROR] LogOutputStream:75 - [STDERR_REDIRECT] Aug 13, 2026 3:46:06 PM java.util.prefs.FileSystemPreferences checkLockFile0ErrorCode
2026-08-13 15:46:06,303 [ERROR] LogOutputStream:75 - [STDERR_REDIRECT] WARNING: Could not lock System prefs. Unix error code 2.
2026-08-13 15:46:06,303 [ERROR] LogOutputStream:75 - [STDERR_REDIRECT] 
2026-08-13 15:46:06,303 [ERROR] LogOutputStream:75 - [STDERR_REDIRECT] Aug 13, 2026 3:46:06 PM java.util.prefs.FileSystemPreferences syncWorld
2026-08-13 15:46:06,303 [ERROR] LogOutputStream:75 - [STDERR_REDIRECT] WARNING: Couldn't flush system prefs: java.util.prefs.BackingStoreException: Couldn't get file lock.
2026-08-13 15:46:06,303 [ERROR] LogOutputStream:75 - [STDERR_REDIRECT] 
2026-08-13 15:46:36,303 [ERROR] LogOutputStream:75 - [STDERR_REDIRECT] Aug 13, 2026 3:46:36 PM java.util.prefs.FileSystemPreferences checkLockFile0ErrorCode
2026-08-13 15:46:36,303 [ERROR] LogOutputStream:75 - [STDERR_REDIRECT] WARNING: Could not lock System prefs. Unix error code 2.
2026-08-13 15:46:36,303 [ERROR] LogOutputStream:75 - [STDERR_REDIRECT] 
2026-08-13 15:46:36,303 [ERROR] LogOutputStream:75 - [STDERR_REDIRECT] Aug 13, 2026 3:46:36 PM java.util.prefs.FileSystemPreferences syncWorld
2026-08-13 15:46:36,303 [ERROR] LogOutputStream:75 - [STDERR_REDIRECT] WARNING: Couldn't flush system prefs: java.util.prefs.BackingStoreException: Couldn't get file lock.
2026-08-13 15:46:36,303 [ERROR] LogOutputStream:75 - [STDERR_REDIRECT] 
2026-08-13 15:47:06,302 [ERROR] LogOutputStream:75 - [STDERR_REDIRECT] Aug 13, 2026 3:47:06 PM java.util.prefs.FileSystemPreferences checkLockFile0ErrorCode
2026-08-13 15:47:06,302 [ERROR] LogOutputStream:75 - [STDERR_REDIRECT] WARNING: Could not lock System prefs. Unix error code 2.
2026-08-13 15:47:06,303 [ERROR] LogOutputStream:75 - [STDERR_REDIRECT] 
2026-08-13 15:47:06,303 [ERROR] LogOutputStream:75 - [STDERR_REDIRECT] Aug 13, 2026 3:47:06 PM java.util.prefs.FileSystemPreferences syncWorld
2026-08-13 15:47:06,303 [ERROR] LogOutputStream:75 - [STDERR_REDIRECT] WARNING: Couldn't flush system prefs: java.util.prefs.BackingStoreException: Couldn't get file lock.
2026-08-13 15:47:06,303 [ERROR] LogOutputStream:75 - [STDERR_REDIRECT] 
2026-08-13 15:47:36,303 [ERROR] LogOutputStream:75 - [STDERR_REDIRECT] Aug 13, 2026 3:47:36 PM java.util.prefs.FileSystemPreferences checkLockFile0ErrorCode
2026-08-13 15:47:36,303 [ERROR] LogOutputStream:75 - [STDERR_REDIRECT] WARNING: Could not lock System prefs. Unix error code 2.
2026-08-13 15:47:36,303 [ERROR] LogOutputStream:75 - [STDERR_REDIRECT] 
2026-08-13 15:47:36,303 [ERROR] LogOutputStream:75 - [STDERR_REDIRECT] Aug 13, 2026 3:47:36 PM java.util.prefs.FileSystemPreferences syncWorld
2026-08-13 15:47:36,304 [ERROR] LogOutputStream:75 - [STDERR_REDIRECT] WARNING: Couldn't flush system prefs: java.util.prefs.BackingStoreException: Couldn't get file lock.
2026-08-13 15:47:36,304 [ERROR] LogOutputStream:75 - [STDERR_REDIRECT] 
2026-08-13 15:48:06,303 [ERROR] LogOutputStream:75 - [STDERR_REDIRECT] Aug 13, 2026 3:48:06 PM java.util.prefs.FileSystemPreferences checkLockFile0ErrorCode
2026-08-13 15:48:06,304 [ERROR] LogOutputStream:75 - [STDERR_REDIRECT] WARNING: Could not lock System prefs. Unix error code 2.
2026-08-13 15:48:06,309 [ERROR] LogOutputStream:75 - [STDERR_REDIRECT] 
2026-08-13 15:48:06,310 [ERROR] LogOutputStream:75 - [STDERR_REDIRECT] Aug 13, 2026 3:48:06 PM java.util.prefs.FileSystemPreferences syncWorld
2026-08-13 15:48:06,310 [ERROR] LogOutputStream:75 - [STDERR_REDIRECT] WARNING: Couldn't flush system prefs: java.util.prefs.BackingStoreException: Couldn't get file lock.
2026-08-13 15:48:06,310 [ERROR] LogOutputStream:75 - [STDERR_REDIRECT] 
2026-08-13 15:48:36,302 [ERROR] LogOutputStream:75 - [STDERR_REDIRECT] Aug 13, 2026 3:48:36 PM java.util.prefs.FileSystemPreferences checkLockFile0ErrorCode
2026-08-13 15:48:36,303 [ERROR] LogOutputStream:75 - [STDERR_REDIRECT] WARNING: Could not lock System prefs. Unix error code 2.
2026-08-13 15:48:36,303 [ERROR] LogOutputStream:75 - [STDERR_REDIRECT] 
2026-08-13 15:48:36,303 [ERROR] LogOutputStream:75 - [STDERR_REDIRECT] Aug 13, 2026 3:48:36 PM java.util.prefs.FileSystemPreferences syncWorld
2026-08-13 15:48:36,303 [ERROR] LogOutputStream:75 - [STDERR_REDIRECT] WARNING: Couldn't flush system prefs: java.util.prefs.BackingStoreException: Couldn't get file lock.
2026-08-13 15:48:36,303 [ERROR] LogOutputStream:75 - [STDERR_REDIRECT] 
2026-08-13 15:49:06,302 [ERROR] LogOutputStream:75 - [STDERR_REDIRECT] Aug 13, 2026 3:49:06 PM java.util.prefs.FileSystemPreferences checkLockFile0ErrorCode
2026-08-13 15:49:06,302 [ERROR] LogOutputStream:75 - [STDERR_REDIRECT] WARNING: Could not lock System prefs. Unix error code 2.
2026-08-13 15:49:06,303 [ERROR] LogOutputStream:75 - [STDERR_REDIRECT] 
2026-08-13 15:49:06,303 [ERROR] LogOutputStream:75 - [STDERR_REDIRECT] Aug 13, 2026 3:49:06 PM java.util.prefs.FileSystemPreferences syncWorld
2026-08-13 15:49:06,303 [ERROR] LogOutputStream:75 - [STDERR_REDIRECT] WARNING: Couldn't flush system prefs: java.util.prefs.BackingStoreException: Couldn't get file lock.
2026-08-13 15:49:06,303 [ERROR] LogOutputStream:75 - [STDERR_REDIRECT] 
2026-08-13 15:49:36,302 [ERROR] LogOutputStream:75 - [STDERR_REDIRECT] Aug 13, 2026 3:49:36 PM java.util.prefs.FileSystemPreferences checkLockFile0ErrorCode
2026-08-13 15:49:36,302 [ERROR] LogOutputStream:75 - [STDERR_REDIRECT] WARNING: Could not lock System prefs. Unix error code 2.
2026-08-13 15:49:36,302 [ERROR] LogOutputStream:75 - [STDERR_REDIRECT] 
2026-08-13 15:49:36,303 [ERROR] LogOutputStream:75 - [STDERR_REDIRECT] Aug 13, 2026 3:49:36 PM java.util.prefs.FileSystemPreferences syncWorld
2026-08-13 15:49:36,303 [ERROR] LogOutputStream:75 - [STDERR_REDIRECT] WARNING: Couldn't flush system prefs: java.util.prefs.BackingStoreException: Couldn't get file lock.
2026-08-13 15:49:36,303 [ERROR] LogOutputStream:75 - [STDERR_REDIRECT] 
2026-08-13 15:50:06,302 [ERROR] LogOutputStream:75 - [STDERR_REDIRECT] Aug 13, 2026 3:50:06 PM java.util.prefs.FileSystemPreferences checkLockFile0ErrorCode
2026-08-13 15:50:06,302 [ERROR] LogOutputStream:75 - [STDERR_REDIRECT] WARNING: Could not lock System prefs. Unix error code 2.
2026-08-13 15:50:06,302 [ERROR] LogOutputStream:75 - [STDERR_REDIRECT] 
2026-08-13 15:50:06,302 [ERROR] LogOutputStream:75 - [STDERR_REDIRECT] Aug 13, 2026 3:50:06 PM java.util.prefs.FileSystemPreferences syncWorld
2026-08-13 15:50:06,302 [ERROR] LogOutputStream:75 - [STDERR_REDIRECT] WARNING: Couldn't flush system prefs: java.util.prefs.BackingStoreException: Couldn't get file lock.
2026-08-13 15:50:06,302 [ERROR] LogOutputStream:75 - [STDERR_REDIRECT] 
2026-08-13 15:50:36,303 [ERROR] LogOutputStream:75 - [STDERR_REDIRECT] Aug 13, 2026 3:50:36 PM java.util.prefs.FileSystemPreferences checkLockFile0ErrorCode
2026-08-13 15:50:36,303 [ERROR] LogOutputStream:75 - [STDERR_REDIRECT] WARNING: Could not lock System prefs. Unix error code 2.
2026-08-13 15:50:36,303 [ERROR] LogOutputStream:75 - [STDERR_REDIRECT] 
2026-08-13 15:50:36,303 [ERROR] LogOutputStream:75 - [STDERR_REDIRECT] Aug 13, 2026 3:50:36 PM java.util.prefs.FileSystemPreferences syncWorld
2026-08-13 15:50:36,304 [ERROR] LogOutputStream:75 - [STDERR_REDIRECT] WARNING: Couldn't flush system prefs: java.util.prefs.BackingStoreException: Couldn't get file lock.
2026-08-13 15:50:36,304 [ERROR] LogOutputStream:75 - [STDERR_REDIRECT] 
2026-08-13 15:51:06,302 [ERROR] LogOutputStream:75 - [STDERR_REDIRECT] Aug 13, 2026 3:51:06 PM java.util.prefs.FileSystemPreferences checkLockFile0ErrorCode
2026-08-13 15:51:06,302 [ERROR] LogOutputStream:75 - [STDERR_REDIRECT] WARNING: Could not lock System prefs. Unix error code 2.
2026-08-13 15:51:06,302 [ERROR] LogOutputStream:75 - [STDERR_REDIRECT] 
2026-08-13 15:51:06,303 [ERROR] LogOutputStream:75 - [STDERR_REDIRECT] Aug 13, 2026 3:51:06 PM java.util.prefs.FileSystemPreferences syncWorld
2026-08-13 15:51:06,303 [ERROR] LogOutputStream:75 - [STDERR_REDIRECT] WARNING: Couldn't flush system prefs: java.util.prefs.BackingStoreException: Couldn't get file lock.
2026-08-13 15:51:06,303 [ERROR] LogOutputStream:75 - [STDERR_REDIRECT] 
2026-08-13 15:51:36,302 [ERROR] LogOutputStream:75 - [STDERR_REDIRECT] Aug 13, 2026 3:51:36 PM java.util.prefs.FileSystemPreferences checkLockFile0ErrorCode
2026-08-13 15:51:36,302 [ERROR] LogOutputStream:75 - [STDERR_REDIRECT] WARNING: Could not lock System prefs. Unix error code 2.
2026-08-13 15:51:36,303 [ERROR] LogOutputStream:75 - [STDERR_REDIRECT] 
2026-08-13 15:51:36,303 [ERROR] LogOutputStream:75 - [STDERR_REDIRECT] Aug 13, 2026 3:51:36 PM java.util.prefs.FileSystemPreferences syncWorld
2026-08-13 15:51:36,303 [ERROR] LogOutputStream:75 - [STDERR_REDIRECT] WARNING: Couldn't flush system prefs: java.util.prefs.BackingStoreException: Couldn't get file lock.
2026-08-13 15:51:36,303 [ERROR] LogOutputStream:75 - [STDERR_REDIRECT] 
2026-08-13 15:52:06,302 [ERROR] LogOutputStream:75 - [STDERR_REDIRECT] Aug 13, 2026 3:52:06 PM java.util.prefs.FileSystemPreferences checkLockFile0ErrorCode
2026-08-13 15:52:06,303 [ERROR] LogOutputStream:75 - [STDERR_REDIRECT] WARNING: Could not lock System prefs. Unix error code 2.
2026-08-13 15:52:06,303 [ERROR] LogOutputStream:75 - [STDERR_REDIRECT] 
2026-08-13 15:52:06,303 [ERROR] LogOutputStream:75 - [STDERR_REDIRECT] Aug 13, 2026 3:52:06 PM java.util.prefs.FileSystemPreferences syncWorld
2026-08-13 15:52:06,303 [ERROR] LogOutputStream:75 - [STDERR_REDIRECT] WARNING: Couldn't flush system prefs: java.util.prefs.BackingStoreException: Couldn't get file lock.
2026-08-13 15:52:06,303 [ERROR] LogOutputStream:75 - [STDERR_REDIRECT] 
2026-08-13 15:52:36,303 [ERROR] LogOutputStream:75 - [STDERR_REDIRECT] Aug 13, 2026 3:52:36 PM java.util.prefs.FileSystemPreferences checkLockFile0ErrorCode
2026-08-13 15:52:36,304 [ERROR] LogOutputStream:75 - [STDERR_REDIRECT] WARNING: Could not lock System prefs. Unix error code 2.
2026-08-13 15:52:36,304 [ERROR] LogOutputStream:75 - [STDERR_REDIRECT] 
2026-08-13 15:52:36,304 [ERROR] LogOutputStream:75 - [STDERR_REDIRECT] Aug 13, 2026 3:52:36 PM java.util.prefs.FileSystemPreferences syncWorld
2026-08-13 15:52:36,305 [ERROR] LogOutputStream:75 - [STDERR_REDIRECT] WARNING: Couldn't flush system prefs: java.util.prefs.BackingStoreException: Couldn't get file lock.
2026-08-13 15:52:36,305 [ERROR] LogOutputStream:75 - [STDERR_REDIRECT] 
2026-08-13 15:53:06,302 [ERROR] LogOutputStream:75 - [STDERR_REDIRECT] Aug 13, 2026 3:53:06 PM java.util.prefs.FileSystemPreferences checkLockFile0ErrorCode
2026-08-13 15:53:06,303 [ERROR] LogOutputStream:75 - [STDERR_REDIRECT] WARNING: Could not lock System prefs. Unix error code 2.
2026-08-13 15:53:06,303 [ERROR] LogOutputStream:75 - [STDERR_REDIRECT] 
2026-08-13 15:53:06,303 [ERROR] LogOutputStream:75 - [STDERR_REDIRECT] Aug 13, 2026 3:53:06 PM java.util.prefs.FileSystemPreferences syncWorld
2026-08-13 15:53:06,303 [ERROR] LogOutputStream:75 - [STDERR_REDIRECT] WARNING: Couldn't flush system prefs: java.util.prefs.BackingStoreException: Couldn't get file lock.
2026-08-13 15:53:06,303 [ERROR] LogOutputStream:75 - [STDERR_REDIRECT] 
2026-08-13 15:53:36,302 [ERROR] LogOutputStream:75 - [STDERR_REDIRECT] Aug 13, 2026 3:53:36 PM java.util.prefs.FileSystemPreferences checkLockFile0ErrorCode
2026-08-13 15:53:36,302 [ERROR] LogOutputStream:75 - [STDERR_REDIRECT] WARNING: Could not lock System prefs. Unix error code 2.
2026-08-13 15:53:36,302 [ERROR] LogOutputStream:75 - [STDERR_REDIRECT] 
2026-08-13 15:53:36,303 [ERROR] LogOutputStream:75 - [STDERR_REDIRECT] Aug 13, 2026 3:53:36 PM java.util.prefs.FileSystemPreferences syncWorld
2026-08-13 15:53:36,303 [ERROR] LogOutputStream:75 - [STDERR_REDIRECT] WARNING: Couldn't flush system prefs: java.util.prefs.BackingStoreException: Couldn't get file lock.
2026-08-13 15:53:36,303 [ERROR] LogOutputStream:75 - [STDERR_REDIRECT] 
2026-08-13 15:54:06,302 [ERROR] LogOutputStream:75 - [STDERR_REDIRECT] Aug 13, 2026 3:54:06 PM java.util.prefs.FileSystemPreferences checkLockFile0ErrorCode
2026-08-13 15:54:06,302 [ERROR] LogOutputStream:75 - [STDERR_REDIRECT] WARNING: Could not lock System prefs. Unix error code 2.
2026-08-13 15:54:06,302 [ERROR] LogOutputStream:75 - [STDERR_REDIRECT] 
2026-08-13 15:54:06,302 [ERROR] LogOutputStream:75 - [STDERR_REDIRECT] Aug 13, 2026 3:54:06 PM java.util.prefs.FileSystemPreferences syncWorld
2026-08-13 15:54:06,303 [ERROR] LogOutputStream:75 - [STDERR_REDIRECT] WARNING: Couldn't flush system prefs: java.util.prefs.BackingStoreException: Couldn't get file lock.
2026-08-13 15:54:06,303 [ERROR] LogOutputStream:75 - [STDERR_REDIRECT] 
2026-08-13 15:54:36,302 [ERROR] LogOutputStream:75 - [STDERR_REDIRECT] Aug 13, 2026 3:54:36 PM java.util.prefs.FileSystemPreferences checkLockFile0ErrorCode
2026-08-13 15:54:36,302 [ERROR] LogOutputStream:75 - [STDERR_REDIRECT] WARNING: Could not lock System prefs. Unix error code 2.
2026-08-13 15:54:36,302 [ERROR] LogOutputStream:75 - [STDERR_REDIRECT] 
2026-08-13 15:54:36,302 [ERROR] LogOutputStream:75 - [STDERR_REDIRECT] Aug 13, 2026 3:54:36 PM java.util.prefs.FileSystemPreferences syncWorld
2026-08-13 15:54:36,302 [ERROR] LogOutputStream:75 - [STDERR_REDIRECT] WARNING: Couldn't flush system prefs: java.util.prefs.BackingStoreException: Couldn't get file lock.
2026-08-13 15:54:36,302 [ERROR] LogOutputStream:75 - [STDERR_REDIRECT] 
2026-08-13 15:55:06,303 [ERROR] LogOutputStream:75 - [STDERR_REDIRECT] Aug 13, 2026 3:55:06 PM java.util.prefs.FileSystemPreferences checkLockFile0ErrorCode
2026-08-13 15:55:06,303 [ERROR] LogOutputStream:75 - [STDERR_REDIRECT] WARNING: Could not lock System prefs. Unix error code 2.
2026-08-13 15:55:06,308 [ERROR] LogOutputStream:75 - [STDERR_REDIRECT] 
2026-08-13 15:55:06,309 [ERROR] LogOutputStream:75 - [STDERR_REDIRECT] Aug 13, 2026 3:55:06 PM java.util.prefs.FileSystemPreferences syncWorld
2026-08-13 15:55:06,309 [ERROR] LogOutputStream:75 - [STDERR_REDIRECT] WARNING: Couldn't flush system prefs: java.util.prefs.BackingStoreException: Couldn't get file lock.
2026-08-13 15:55:06,309 [ERROR] LogOutputStream:75 - [STDERR_REDIRECT] 
2026-08-13 15:55:36,303 [ERROR] LogOutputStream:75 - [STDERR_REDIRECT] Aug 13, 2026 3:55:36 PM java.util.prefs.FileSystemPreferences checkLockFile0ErrorCode
2026-08-13 15:55:36,303 [ERROR] LogOutputStream:75 - [STDERR_REDIRECT] WARNING: Could not lock System prefs. Unix error code 2.
2026-08-13 15:55:36,303 [ERROR] LogOutputStream:75 - [STDERR_REDIRECT] 
2026-08-13 15:55:36,303 [ERROR] LogOutputStream:75 - [STDERR_REDIRECT] Aug 13, 2026 3:55:36 PM java.util.prefs.FileSystemPreferences syncWorld
2026-08-13 15:55:36,303 [ERROR] LogOutputStream:75 - [STDERR_REDIRECT] WARNING: Couldn't flush system prefs: java.util.prefs.BackingStoreException: Couldn't get file lock.
2026-08-13 15:55:36,303 [ERROR] LogOutputStream:75 - [STDERR_REDIRECT] 
2026-08-13 15:56:06,304 [ERROR] LogOutputStream:75 - [STDERR_REDIRECT] Aug 13, 2026 3:56:06 PM java.util.prefs.FileSystemPreferences checkLockFile0ErrorCode
2026-08-13 15:56:06,304 [ERROR] LogOutputStream:75 - [STDERR_REDIRECT] WARNING: Could not lock System prefs. Unix error code 2.
2026-08-13 15:56:06,304 [ERROR] LogOutputStream:75 - [STDERR_REDIRECT] 
2026-08-13 15:56:06,304 [ERROR] LogOutputStream:75 - [STDERR_REDIRECT] Aug 13, 2026 3:56:06 PM java.util.prefs.FileSystemPreferences syncWorld
2026-08-13 15:56:06,304 [ERROR] LogOutputStream:75 - [STDERR_REDIRECT] WARNING: Couldn't flush system prefs: java.util.prefs.BackingStoreException: Couldn't get file lock.
2026-08-13 15:56:06,304 [ERROR] LogOutputStream:75 - [STDERR_REDIRECT] 
2026-08-13 15:56:36,305 [ERROR] LogOutputStream:75 - [STDERR_REDIRECT] Aug 13, 2026 3:56:36 PM java.util.prefs.FileSystemPreferences checkLockFile0ErrorCode
2026-08-13 15:56:36,305 [ERROR] LogOutputStream:75 - [STDERR_REDIRECT] WARNING: Could not lock System prefs. Unix error code 2.
2026-08-13 15:56:36,305 [ERROR] LogOutputStream:75 - [STDERR_REDIRECT] 
2026-08-13 15:56:36,305 [ERROR] LogOutputStream:75 - [STDERR_REDIRECT] Aug 13, 2026 3:56:36 PM java.util.prefs.FileSystemPreferences syncWorld
2026-08-13 15:56:36,305 [ERROR] LogOutputStream:75 - [STDERR_REDIRECT] WARNING: Couldn't flush system prefs: java.util.prefs.BackingStoreException: Couldn't get file lock.
2026-08-13 15:56:36,305 [ERROR] LogOutputStream:75 - [STDERR_REDIRECT] 
2026-08-13 15:57:06,306 [ERROR] LogOutputStream:75 - [STDERR_REDIRECT] Aug 13, 2026 3:57:06 PM java.util.prefs.FileSystemPreferences checkLockFile0ErrorCode
2026-08-13 15:57:06,306 [ERROR] LogOutputStream:75 - [STDERR_REDIRECT] WARNING: Could not lock System prefs. Unix error code 2.
2026-08-13 15:57:06,306 [ERROR] LogOutputStream:75 - [STDERR_REDIRECT] 
2026-08-13 15:57:06,306 [ERROR] LogOutputStream:75 - [STDERR_REDIRECT] Aug 13, 2026 3:57:06 PM java.util.prefs.FileSystemPreferences syncWorld
2026-08-13 15:57:06,306 [ERROR] LogOutputStream:75 - [STDERR_REDIRECT] WARNING: Couldn't flush system prefs: java.util.prefs.BackingStoreException: Couldn't get file lock.
2026-08-13 15:57:06,306 [ERROR] LogOutputStream:75 - [STDERR_REDIRECT] 
2026-08-13 15:57:36,304 [ERROR] LogOutputStream:75 - [STDERR_REDIRECT] Aug 13, 2026 3:57:36 PM java.util.prefs.FileSystemPreferences checkLockFile0ErrorCode
2026-08-13 15:57:36,304 [ERROR] LogOutputStream:75 - [STDERR_REDIRECT] WARNING: Could not lock System prefs. Unix error code 2.
2026-08-13 15:57:36,304 [ERROR] LogOutputStream:75 - [STDERR_REDIRECT] 
2026-08-13 15:57:36,305 [ERROR] LogOutputStream:75 - [STDERR_REDIRECT] Aug 13, 2026 3:57:36 PM java.util.prefs.FileSystemPreferences syncWorld
2026-08-13 15:57:36,305 [ERROR] LogOutputStream:75 - [STDERR_REDIRECT] WARNING: Couldn't flush system prefs: java.util.prefs.BackingStoreException: Couldn't get file lock.
2026-08-13 15:57:36,305 [ERROR] LogOutputStream:75 - [STDERR_REDIRECT] 
2026-08-13 15:58:06,304 [ERROR] LogOutputStream:75 - [STDERR_REDIRECT] Aug 13, 2026 3:58:06 PM java.util.prefs.FileSystemPreferences checkLockFile0ErrorCode
2026-08-13 15:58:06,304 [ERROR] LogOutputStream:75 - [STDERR_REDIRECT] WARNING: Could not lock System prefs. Unix error code 2.
2026-08-13 15:58:06,304 [ERROR] LogOutputStream:75 - [STDERR_REDIRECT] 
2026-08-13 15:58:06,304 [ERROR] LogOutputStream:75 - [STDERR_REDIRECT] Aug 13, 2026 3:58:06 PM java.util.prefs.FileSystemPreferences syncWorld
2026-08-13 15:58:06,304 [ERROR] LogOutputStream:75 - [STDERR_REDIRECT] WARNING: Couldn't flush system prefs: java.util.prefs.BackingStoreException: Couldn't get file lock.
2026-08-13 15:58:06,304 [ERROR] LogOutputStream:75 - [STDERR_REDIRECT] 
2026-08-13 15:58:36,305 [ERROR] LogOutputStream:75 - [STDERR_REDIRECT] Aug 13, 2026 3:58:36 PM java.util.prefs.FileSystemPreferences checkLockFile0ErrorCode
2026-08-13 15:58:36,305 [ERROR] LogOutputStream:75 - [STDERR_REDIRECT] WARNING: Could not lock System prefs. Unix error code 2.
2026-08-13 15:58:36,305 [ERROR] LogOutputStream:75 - [STDERR_REDIRECT] 
2026-08-13 15:58:36,305 [ERROR] LogOutputStream:75 - [STDERR_REDIRECT] Aug 13, 2026 3:58:36 PM java.util.prefs.FileSystemPreferences syncWorld
2026-08-13 15:58:36,305 [ERROR] LogOutputStream:75 - [STDERR_REDIRECT] WARNING: Couldn't flush system prefs: java.util.prefs.BackingStoreException: Couldn't get file lock.
2026-08-13 15:58:36,305 [ERROR] LogOutputStream:75 - [STDERR_REDIRECT] 
2026-08-13 15:59:06,306 [ERROR] LogOutputStream:75 - [STDERR_REDIRECT] Aug 13, 2026 3:59:06 PM java.util.prefs.FileSystemPreferences checkLockFile0ErrorCode
2026-08-13 15:59:06,306 [ERROR] LogOutputStream:75 - [STDERR_REDIRECT] WARNING: Could not lock System prefs. Unix error code 2.
2026-08-13 15:59:06,306 [ERROR] LogOutputStream:75 - [STDERR_REDIRECT] 
2026-08-13 15:59:06,306 [ERROR] LogOutputStream:75 - [STDERR_REDIRECT] Aug 13, 2026 3:59:06 PM java.util.prefs.FileSystemPreferences syncWorld
2026-08-13 15:59:06,306 [ERROR] LogOutputStream:75 - [STDERR_REDIRECT] WARNING: Couldn't flush system prefs: java.util.prefs.BackingStoreException: Couldn't get file lock.
2026-08-13 15:59:06,306 [ERROR] LogOutputStream:75 - [STDERR_REDIRECT] 
2026-08-13 15:59:36,305 [ERROR] LogOutputStream:75 - [STDERR_REDIRECT] Aug 13, 2026 3:59:36 PM java.util.prefs.FileSystemPreferences checkLockFile0ErrorCode
2026-08-13 15:59:36,306 [ERROR] LogOutputStream:75 - [STDERR_REDIRECT] WARNING: Could not lock System prefs. Unix error code 2.
2026-08-13 15:59:36,306 [ERROR] LogOutputStream:75 - [STDERR_REDIRECT] 
2026-08-13 15:59:36,306 [ERROR] LogOutputStream:75 - [STDERR_REDIRECT] Aug 13, 2026 3:59:36 PM java.util.prefs.FileSystemPreferences syncWorld
2026-08-13 15:59:36,306 [ERROR] LogOutputStream:75 - [STDERR_REDIRECT] WARNING: Couldn't flush system prefs: java.util.prefs.BackingStoreException: Couldn't get file lock.
2026-08-13 15:59:36,306 [ERROR] LogOutputStream:75 - [STDERR_REDIRECT] 
2026-08-13 16:00:06,306 [ERROR] LogOutputStream:75 - [STDERR_REDIRECT] Aug 13, 2026 4:00:06 PM java.util.prefs.FileSystemPreferences checkLockFile0ErrorCode
2026-08-13 16:00:06,306 [ERROR] LogOutputStream:75 - [STDERR_REDIRECT] WARNING: Could not lock System prefs. Unix error code 2.
2026-08-13 16:00:06,306 [ERROR] LogOutputStream:75 - [STDERR_REDIRECT] 
2026-08-13 16:00:06,306 [ERROR] LogOutputStream:75 - [STDERR_REDIRECT] Aug 13, 2026 4:00:06 PM java.util.prefs.FileSystemPreferences syncWorld
2026-08-13 16:00:06,306 [ERROR] LogOutputStream:75 - [STDERR_REDIRECT] WARNING: Couldn't flush system prefs: java.util.prefs.BackingStoreException: Couldn't get file lock.
2026-08-13 16:00:06,306 [ERROR] LogOutputStream:75 - [STDERR_REDIRECT] 
2026-08-13 16:00:36,306 [ERROR] LogOutputStream:75 - [STDERR_REDIRECT] Aug 13, 2026 4:00:36 PM java.util.prefs.FileSystemPreferences checkLockFile0ErrorCode
2026-08-13 16:00:36,306 [ERROR] LogOutputStream:75 - [STDERR_REDIRECT] WARNING: Could not lock System prefs. Unix error code 2.
2026-08-13 16:00:36,306 [ERROR] LogOutputStream:75 - [STDERR_REDIRECT] 
2026-08-13 16:00:36,307 [ERROR] LogOutputStream:75 - [STDERR_REDIRECT] Aug 13, 2026 4:00:36 PM java.util.prefs.FileSystemPreferences syncWorld
2026-08-13 16:00:36,307 [ERROR] LogOutputStream:75 - [STDERR_REDIRECT] WARNING: Couldn't flush system prefs: java.util.prefs.BackingStoreException: Couldn't get file lock.
2026-08-13 16:00:36,307 [ERROR] LogOutputStream:75 - [STDERR_REDIRECT] 
2026-08-13 16:01:06,305 [ERROR] LogOutputStream:75 - [STDERR_REDIRECT] Aug 13, 2026 4:01:06 PM java.util.prefs.FileSystemPreferences checkLockFile0ErrorCode
2026-08-13 16:01:06,305 [ERROR] LogOutputStream:75 - [STDERR_REDIRECT] WARNING: Could not lock System prefs. Unix error code 2.
2026-08-13 16:01:06,306 [ERROR] LogOutputStream:75 - [STDERR_REDIRECT] 
2026-08-13 16:01:06,306 [ERROR] LogOutputStream:75 - [STDERR_REDIRECT] Aug 13, 2026 4:01:06 PM java.util.prefs.FileSystemPreferences syncWorld
2026-08-13 16:01:06,306 [ERROR] LogOutputStream:75 - [STDERR_REDIRECT] WARNING: Couldn't flush system prefs: java.util.prefs.BackingStoreException: Couldn't get file lock.
2026-08-13 16:01:06,306 [ERROR] LogOutputStream:75 - [STDERR_REDIRECT] 
2026-08-13 16:01:36,305 [ERROR] LogOutputStream:75 - [STDERR_REDIRECT] Aug 13, 2026 4:01:36 PM java.util.prefs.FileSystemPreferences checkLockFile0ErrorCode
2026-08-13 16:01:36,305 [ERROR] LogOutputStream:75 - [STDERR_REDIRECT] WARNING: Could not lock System prefs. Unix error code 2.
2026-08-13 16:01:36,306 [ERROR] LogOutputStream:75 - [STDERR_REDIRECT] 
2026-08-13 16:01:36,306 [ERROR] LogOutputStream:75 - [STDERR_REDIRECT] Aug 13, 2026 4:01:36 PM java.util.prefs.FileSystemPreferences syncWorld
2026-08-13 16:01:36,306 [ERROR] LogOutputStream:75 - [STDERR_REDIRECT] WARNING: Couldn't flush system prefs: java.util.prefs.BackingStoreException: Couldn't get file lock.
2026-08-13 16:01:36,306 [ERROR] LogOutputStream:75 - [STDERR_REDIRECT] 
2026-08-13 16:01:59,408 [INFO] WebApp:194 - Connection lost
2026-08-13 16:02:06,305 [ERROR] LogOutputStream:75 - [STDERR_REDIRECT] Aug 13, 2026 4:02:06 PM java.util.prefs.FileSystemPreferences checkLockFile0ErrorCode
2026-08-13 16:02:06,306 [ERROR] LogOutputStream:75 - [STDERR_REDIRECT] WARNING: Could not lock System prefs. Unix error code 2.
2026-08-13 16:02:06,306 [ERROR] LogOutputStream:75 - [STDERR_REDIRECT] 
2026-08-13 16:02:06,306 [ERROR] LogOutputStream:75 - [STDERR_REDIRECT] Aug 13, 2026 4:02:06 PM java.util.prefs.FileSystemPreferences syncWorld
2026-08-13 16:02:06,306 [ERROR] LogOutputStream:75 - [STDERR_REDIRECT] WARNING: Couldn't flush system prefs: java.util.prefs.BackingStoreException: Couldn't get file lock.
2026-08-13 16:02:06,306 [ERROR] LogOutputStream:75 - [STDERR_REDIRECT] 
2026-08-13 16:02:08,641 [INFO] WebApp:191 - Connection restablished
2026-08-13 16:02:36,306 [ERROR] LogOutputStream:75 - [STDERR_REDIRECT] Aug 13, 2026 4:02:36 PM java.util.prefs.FileSystemPreferences checkLockFile0ErrorCode
2026-08-13 16:02:36,306 [ERROR] LogOutputStream:75 - [STDERR_REDIRECT] WARNING: Could not lock System prefs. Unix error code 2.
2026-08-13 16:02:36,306 [ERROR] LogOutputStream:75 - [STDERR_REDIRECT] 
2026-08-13 16:02:36,306 [ERROR] LogOutputStream:75 - [STDERR_REDIRECT] Aug 13, 2026 4:02:36 PM java.util.prefs.FileSystemPreferences syncWorld
2026-08-13 16:02:36,306 [ERROR] LogOutputStream:75 - [STDERR_REDIRECT] WARNING: Couldn't flush system prefs: java.util.prefs.BackingStoreException: Couldn't get file lock.
2026-08-13 16:02:36,306 [ERROR] LogOutputStream:75 - [STDERR_REDIRECT] 
2026-08-13 16:03:06,306 [ERROR] LogOutputStream:75 - [STDERR_REDIRECT] Aug 13, 2026 4:03:06 PM java.util.prefs.FileSystemPreferences checkLockFile0ErrorCode
2026-08-13 16:03:06,306 [ERROR] LogOutputStream:75 - [STDERR_REDIRECT] WARNING: Could not lock System prefs. Unix error code 2.
2026-08-13 16:03:06,306 [ERROR] LogOutputStream:75 - [STDERR_REDIRECT] 
2026-08-13 16:03:06,306 [ERROR] LogOutputStream:75 - [STDERR_REDIRECT] Aug 13, 2026 4:03:06 PM java.util.prefs.FileSystemPreferences syncWorld
2026-08-13 16:03:06,306 [ERROR] LogOutputStream:75 - [STDERR_REDIRECT] WARNING: Couldn't flush system prefs: java.util.prefs.BackingStoreException: Couldn't get file lock.
2026-08-13 16:03:06,306 [ERROR] LogOutputStream:75 - [STDERR_REDIRECT] 
2026-08-13 16:03:36,306 [ERROR] LogOutputStream:75 - [STDERR_REDIRECT] Aug 13, 2026 4:03:36 PM java.util.prefs.FileSystemPreferences checkLockFile0ErrorCode
2026-08-13 16:03:36,306 [ERROR] LogOutputStream:75 - [STDERR_REDIRECT] WARNING: Could not lock System prefs. Unix error code 2.
2026-08-13 16:03:36,306 [ERROR] LogOutputStream:75 - [STDERR_REDIRECT] 
2026-08-13 16:03:36,306 [ERROR] LogOutputStream:75 - [STDERR_REDIRECT] Aug 13, 2026 4:03:36 PM java.util.prefs.FileSystemPreferences syncWorld
2026-08-13 16:03:36,306 [ERROR] LogOutputStream:75 - [STDERR_REDIRECT] WARNING: Couldn't flush system prefs: java.util.prefs.BackingStoreException: Couldn't get file lock.
2026-08-13 16:03:36,306 [ERROR] LogOutputStream:75 - [STDERR_REDIRECT] 
2026-08-13 16:03:57,583 [INFO] WebApp:194 - Connection lost
2026-08-13 16:04:02,190 [INFO] WebApp:191 - Connection restablished
2026-08-13 16:04:06,306 [ERROR] LogOutputStream:75 - [STDERR_REDIRECT] Aug 13, 2026 4:04:06 PM java.util.prefs.FileSystemPreferences checkLockFile0ErrorCode
2026-08-13 16:04:06,306 [ERROR] LogOutputStream:75 - [STDERR_REDIRECT] WARNING: Could not lock System prefs. Unix error code 2.
2026-08-13 16:04:06,307 [ERROR] LogOutputStream:75 - [STDERR_REDIRECT] 
2026-08-13 16:04:06,307 [ERROR] LogOutputStream:75 - [STDERR_REDIRECT] Aug 13, 2026 4:04:06 PM java.util.prefs.FileSystemPreferences syncWorld
2026-08-13 16:04:06,307 [ERROR] LogOutputStream:75 - [STDERR_REDIRECT] WARNING: Couldn't flush system prefs: java.util.prefs.BackingStoreException: Couldn't get file lock.
2026-08-13 16:04:06,307 [ERROR] LogOutputStream:75 - [STDERR_REDIRECT] 
2026-08-13 16:04:33,485 [INFO] WebApp:194 - Connection lost
2026-08-13 16:04:34,003 [INFO] WebApp:191 - Connection restablished
2026-08-13 16:04:36,305 [ERROR] LogOutputStream:75 - [STDERR_REDIRECT] Aug 13, 2026 4:04:36 PM java.util.prefs.FileSystemPreferences checkLockFile0ErrorCode
2026-08-13 16:04:36,305 [ERROR] LogOutputStream:75 - [STDERR_REDIRECT] WARNING: Could not lock System prefs. Unix error code 2.
2026-08-13 16:04:36,305 [ERROR] LogOutputStream:75 - [STDERR_REDIRECT] 
2026-08-13 16:04:36,306 [ERROR] LogOutputStream:75 - [STDERR_REDIRECT] Aug 13, 2026 4:04:36 PM java.util.prefs.FileSystemPreferences syncWorld
2026-08-13 16:04:36,306 [ERROR] LogOutputStream:75 - [STDERR_REDIRECT] WARNING: Couldn't flush system prefs: java.util.prefs.BackingStoreException: Couldn't get file lock.
2026-08-13 16:04:36,306 [ERROR] LogOutputStream:75 - [STDERR_REDIRECT] 
2026-08-13 16:04:46,402 [INFO] McuFinderGlobals:63 - Set McuFinder mode to 2 (CubeIDE integrated)
2026-08-13 16:04:49,283 [INFO] MainUpdater:2872 - connection check result : 10
2026-08-13 16:04:49,284 [INFO] MainUpdater:2872 - connection check result : 10
2026-08-13 16:04:49,304 [INFO] MicroXplorer:468 - Change Database Path : 
2026-08-13 16:04:49,304 [INFO] MicroXplorer:498 - Change Database Version : DB.6.0.140
2026-08-13 16:04:49,309 [WARN] ThirdParty:871 - waiting for thirdparty lock release [close project]
2026-08-13 16:04:49,309 [INFO] ThirdParty:873 - entering critical section [close project]
2026-08-13 16:04:49,310 [INFO] ThirdParty:883 - exiting critical section [close project]
2026-08-13 16:04:49,311 [INFO] PinOutPanel:1589 - setPackage(No Configuration,No Configuration)
2026-08-13 16:04:49,316 [INFO] UtilMem:75 - Begin LoadConfig() Used Memory: 492175280 Bytes (573571072)
2026-08-13 16:04:49,317 [INFO] MicroXplorer:468 - Change Database Path : 
2026-08-13 16:04:49,318 [INFO] MicroXplorer:498 - Change Database Version : DB.6.0.140
2026-08-13 16:04:49,318 [INFO] OpenFileManager:354 - Change cursor
2026-08-13 16:04:49,351 [INFO] Mcu:2011 - Initializing MCU STM32F411C(C-E)Ux STM32F411CEUx STM32F411CEU6
2026-08-13 16:04:49,989 [INFO] Context:756 - Trying to add GPIOservice into a context  which must be forbidden
2026-08-13 16:04:50,265 [INFO] ImportTextPane:218 - (OptionalMessage_ERROR) Pin22 (VP_RIF_VS_RIF1) cannot be retrieved for this MCU
2026-08-13 16:04:50,312 [INFO] RtosManager:558 - Registered RTOS mode: class=CMSIS, group=RTOS, mode=CMSIS_V1, owner=FREERTOS
2026-08-13 16:04:50,312 [INFO] RtosManager:558 - Registered RTOS mode: class=CMSIS, group=RTOS2, mode=CMSIS_V2, owner=FREERTOS
2026-08-13 16:04:50,312 [INFO] RtosManager:558 - Registered RTOS mode: class=RTOS, group=Core, mode=CMSIS_V1, owner=FREERTOS
2026-08-13 16:04:50,312 [INFO] RtosManager:558 - Registered RTOS mode: class=RTOS, group=Core, mode=CMSIS_V2, owner=FREERTOS
2026-08-13 16:04:50,312 [WARN] ModelIntegratedComponent:184 - Missing modes for component STMicroelectronics:FreeRTOS:0.0.1:STMicroelectronics:RTOS:FreeRTOS:Core:::10.2.0:
2026-08-13 16:04:50,354 [WARN] ModelIntegratedComponent:182 - Modes not found for component STMicroelectronics:USB_HOST:1.0.0:STMicroelectronics:USB::USB Host:Audio HS::1.0:USB_HOST_1_0_RESTRICTED_HS
2026-08-13 16:04:50,354 [WARN] ModelIntegratedComponent:188 - Modes not found for component STMicroelectronics:USB_HOST:1.0.0:STMicroelectronics:USB::USB Host:Audio HS::1.0:USB_HOST_1_0_RESTRICTED_HS
2026-08-13 16:04:50,354 [WARN] ModelIntegratedComponent:182 - Modes not found for component STMicroelectronics:USB_HOST:1.0.0:STMicroelectronics:USB::USB Host:CDC HS::1.0:USB_HOST_1_0_RESTRICTED_HS
2026-08-13 16:04:50,355 [WARN] ModelIntegratedComponent:188 - Modes not found for component STMicroelectronics:USB_HOST:1.0.0:STMicroelectronics:USB::USB Host:CDC HS::1.0:USB_HOST_1_0_RESTRICTED_HS
2026-08-13 16:04:50,355 [WARN] ModelIntegratedComponent:182 - Modes not found for component STMicroelectronics:USB_HOST:1.0.0:STMicroelectronics:USB::USB Host:MSC HS::1.0:USB_HOST_1_0_RESTRICTED_HS
2026-08-13 16:04:50,355 [WARN] ModelIntegratedComponent:188 - Modes not found for component STMicroelectronics:USB_HOST:1.0.0:STMicroelectronics:USB::USB Host:MSC HS::1.0:USB_HOST_1_0_RESTRICTED_HS
2026-08-13 16:04:50,355 [WARN] ModelIntegratedComponent:182 - Modes not found for component STMicroelectronics:USB_HOST:1.0.0:STMicroelectronics:USB::USB Host:HID HS::1.0:USB_HOST_1_0_RESTRICTED_HS
2026-08-13 16:04:50,355 [WARN] ModelIntegratedComponent:188 - Modes not found for component STMicroelectronics:USB_HOST:1.0.0:STMicroelectronics:USB::USB Host:HID HS::1.0:USB_HOST_1_0_RESTRICTED_HS
2026-08-13 16:04:50,355 [WARN] ModelIntegratedComponent:182 - Modes not found for component STMicroelectronics:USB_HOST:1.0.0:STMicroelectronics:USB::USB Host:MTP HS::1.0:USB_HOST_1_0_RESTRICTED_HS
2026-08-13 16:04:50,355 [WARN] ModelIntegratedComponent:188 - Modes not found for component STMicroelectronics:USB_HOST:1.0.0:STMicroelectronics:USB::USB Host:MTP HS::1.0:USB_HOST_1_0_RESTRICTED_HS
2026-08-13 16:04:50,358 [WARN] ModelIntegratedComponent:63 - No mode defined for component null
2026-08-13 16:04:50,358 [WARN] ModelIntegratedComponent:63 - No mode defined for component null
2026-08-13 16:04:50,358 [WARN] ModelIntegratedComponent:63 - No mode defined for component null
2026-08-13 16:04:50,358 [WARN] ModelIntegratedComponent:63 - No mode defined for component null
2026-08-13 16:04:50,358 [WARN] ModelIntegratedComponent:63 - No mode defined for component null
2026-08-13 16:04:50,358 [WARN] ModelIntegratedComponent:63 - No mode defined for component null
2026-08-13 16:04:50,358 [WARN] ModelIntegratedComponent:63 - No mode defined for component null
2026-08-13 16:04:50,358 [WARN] ModelIntegratedComponent:63 - No mode defined for component null
2026-08-13 16:04:50,358 [WARN] ModelIntegratedComponent:63 - No mode defined for component null
2026-08-13 16:04:50,358 [WARN] ModelIntegratedComponent:63 - No mode defined for component null
2026-08-13 16:04:50,358 [WARN] ModelIntegratedComponent:63 - No mode defined for component null
2026-08-13 16:04:50,358 [WARN] ModelIntegratedComponent:63 - No mode defined for component null
2026-08-13 16:04:50,358 [WARN] ModelIntegratedComponent:63 - No mode defined for component null
2026-08-13 16:04:50,358 [WARN] ModelIntegratedComponent:63 - No mode defined for component null
2026-08-13 16:04:50,359 [WARN] ModelIntegratedComponent:63 - No mode defined for component null
2026-08-13 16:04:50,359 [WARN] ModelIntegratedComponent:63 - No mode defined for component null
2026-08-13 16:04:50,359 [WARN] ModelIntegratedComponent:63 - No mode defined for component null
2026-08-13 16:04:50,359 [WARN] ModelIntegratedComponent:63 - No mode defined for component null
2026-08-13 16:04:50,359 [WARN] ModelIntegratedComponent:63 - No mode defined for component null
2026-08-13 16:04:50,359 [WARN] ModelIntegratedComponent:63 - No mode defined for component null
2026-08-13 16:04:50,359 [WARN] ModelIntegratedComponent:63 - No mode defined for component null
2026-08-13 16:04:50,359 [WARN] ModelIntegratedComponent:63 - No mode defined for component null
2026-08-13 16:04:50,359 [WARN] ModelIntegratedComponent:63 - No mode defined for component null
2026-08-13 16:04:50,359 [WARN] ModelIntegratedComponent:63 - No mode defined for component null
2026-08-13 16:04:50,359 [WARN] ModelIntegratedComponent:63 - No mode defined for component null
2026-08-13 16:04:50,359 [WARN] ModelIntegratedComponent:63 - No mode defined for component null
2026-08-13 16:04:50,359 [WARN] ModelIntegratedComponent:63 - No mode defined for component null
2026-08-13 16:04:50,359 [WARN] ModelIntegratedComponent:63 - No mode defined for component null
2026-08-13 16:04:50,359 [WARN] ModelIntegratedComponent:63 - No mode defined for component null
2026-08-13 16:04:50,359 [WARN] ModelIntegratedComponent:63 - No mode defined for component null
2026-08-13 16:04:50,359 [WARN] ModelIntegratedComponent:63 - No mode defined for component null
2026-08-13 16:04:50,359 [WARN] ModelIntegratedComponent:63 - No mode defined for component null
2026-08-13 16:04:50,359 [WARN] ModelIntegratedComponent:63 - No mode defined for component null
2026-08-13 16:04:50,359 [WARN] ModelIntegratedComponent:63 - No mode defined for component null
2026-08-13 16:04:50,359 [WARN] ModelIntegratedComponent:63 - No mode defined for component null
2026-08-13 16:04:50,359 [WARN] ModelPack:524 - Component already loaded: STMicroelectronics:HAL Drivers:0.0.0:STMicroelectronics:Device:STMicro_Driver:XSPI:HAL::0.0.1:HAL_XSPI
2026-08-13 16:04:50,392 [WARN] ModelIntegratedComponent:182 - Modes not found for component STMicroelectronics:USB_DEVICE:1.0.0:STMicroelectronics:USB::USB Device:Audio HS::1.0:USB_DEVICE_1_0_RESTRICTED_HS
2026-08-13 16:04:50,393 [WARN] ModelIntegratedComponent:188 - Modes not found for component STMicroelectronics:USB_DEVICE:1.0.0:STMicroelectronics:USB::USB Device:Audio HS::1.0:USB_DEVICE_1_0_RESTRICTED_HS
2026-08-13 16:04:50,393 [WARN] ModelIntegratedComponent:182 - Modes not found for component STMicroelectronics:USB_DEVICE:1.0.0:STMicroelectronics:USB::USB Device:CDC HS::1.0:USB_DEVICE_1_0_RESTRICTED_HS
2026-08-13 16:04:50,393 [WARN] ModelIntegratedComponent:188 - Modes not found for component STMicroelectronics:USB_DEVICE:1.0.0:STMicroelectronics:USB::USB Device:CDC HS::1.0:USB_DEVICE_1_0_RESTRICTED_HS
2026-08-13 16:04:50,393 [WARN] ModelIntegratedComponent:182 - Modes not found for component STMicroelectronics:USB_DEVICE:1.0.0:STMicroelectronics:USB::USB Device:DFU HS::1.0:USB_DEVICE_1_0_RESTRICTED_HS
2026-08-13 16:04:50,393 [WARN] ModelIntegratedComponent:188 - Modes not found for component STMicroelectronics:USB_DEVICE:1.0.0:STMicroelectronics:USB::USB Device:DFU HS::1.0:USB_DEVICE_1_0_RESTRICTED_HS
2026-08-13 16:04:50,393 [WARN] ModelIntegratedComponent:182 - Modes not found for component STMicroelectronics:USB_DEVICE:1.0.0:STMicroelectronics:USB::USB Device:HID HS::1.0:USB_DEVICE_1_0_RESTRICTED_HS
2026-08-13 16:04:50,393 [WARN] ModelIntegratedComponent:188 - Modes not found for component STMicroelectronics:USB_DEVICE:1.0.0:STMicroelectronics:USB::USB Device:HID HS::1.0:USB_DEVICE_1_0_RESTRICTED_HS
2026-08-13 16:04:50,393 [WARN] ModelIntegratedComponent:182 - Modes not found for component STMicroelectronics:USB_DEVICE:1.0.0:STMicroelectronics:USB::USB Device:Custom HID HS::1.0:USB_DEVICE_1_0_RESTRICTED_HS
2026-08-13 16:04:50,393 [WARN] ModelIntegratedComponent:188 - Modes not found for component STMicroelectronics:USB_DEVICE:1.0.0:STMicroelectronics:USB::USB Device:Custom HID HS::1.0:USB_DEVICE_1_0_RESTRICTED_HS
2026-08-13 16:04:50,393 [WARN] ModelIntegratedComponent:182 - Modes not found for component STMicroelectronics:USB_DEVICE:1.0.0:STMicroelectronics:USB::USB Device:MSC HS::1.0:USB_DEVICE_1_0_RESTRICTED_HS
2026-08-13 16:04:50,393 [WARN] ModelIntegratedComponent:188 - Modes not found for component STMicroelectronics:USB_DEVICE:1.0.0:STMicroelectronics:USB::USB Device:MSC HS::1.0:USB_DEVICE_1_0_RESTRICTED_HS
2026-08-13 16:04:50,408 [INFO] ThirdPartyModel:298 - Start build external matchings
2026-08-13 16:04:50,599 [INFO] ThirdPartyModel:316 - End build external matchings
2026-08-13 16:04:50,614 [INFO] ImportTextPane:218 - (OptionalMessage_ERROR) IP (DMA) : Parameter (Instance) has Id (USART1_RX) currently not set
2026-08-13 16:04:50,614 [INFO] ImportTextPane:218 - (OptionalMessage_ERROR) IP (DMA) : Parameter (Channel) has Id (USART1_RX) currently not set
2026-08-13 16:04:50,614 [INFO] ImportTextPane:218 - (OptionalMessage_ERROR) IP (DMA) : Parameter (Direction) has Id (USART1_RX) currently not set
2026-08-13 16:04:50,614 [INFO] ImportTextPane:218 - (OptionalMessage_ERROR) IP (DMA) : Parameter (PeriphInc) has Id (USART1_RX) currently not set
2026-08-13 16:04:50,614 [INFO] ImportTextPane:218 - (OptionalMessage_ERROR) IP (DMA) : Parameter (MemInc) has Id (USART1_RX) currently not set
2026-08-13 16:04:50,614 [INFO] ImportTextPane:218 - (OptionalMessage_ERROR) IP (DMA) : Parameter (PeriphDataAlignment) has Id (USART1_RX) currently not set
2026-08-13 16:04:50,614 [INFO] ImportTextPane:218 - (OptionalMessage_ERROR) IP (DMA) : Parameter (MemDataAlignment) has Id (USART1_RX) currently not set
2026-08-13 16:04:50,614 [INFO] ImportTextPane:218 - (OptionalMessage_ERROR) IP (DMA) : Parameter (Mode) has Id (USART1_RX) currently not set
2026-08-13 16:04:50,614 [INFO] ImportTextPane:218 - (OptionalMessage_ERROR) IP (DMA) : Parameter (Priority) has Id (USART1_RX) currently not set
2026-08-13 16:04:50,614 [INFO] ImportTextPane:218 - (OptionalMessage_ERROR) IP (DMA) : Parameter (FIFOMode) has Id (USART1_RX) currently not set
2026-08-13 16:04:50,614 [INFO] ImportTextPane:218 - (OptionalMessage_ERROR) IP (DMA) : Parameter (Instance) has Id (SPI1_RX) currently not set
2026-08-13 16:04:50,615 [INFO] ImportTextPane:218 - (OptionalMessage_ERROR) IP (DMA) : Parameter (Channel) has Id (SPI1_RX) currently not set
2026-08-13 16:04:50,615 [INFO] ImportTextPane:218 - (OptionalMessage_ERROR) IP (DMA) : Parameter (Direction) has Id (SPI1_RX) currently not set
2026-08-13 16:04:50,615 [INFO] ImportTextPane:218 - (OptionalMessage_ERROR) IP (DMA) : Parameter (PeriphInc) has Id (SPI1_RX) currently not set
2026-08-13 16:04:50,615 [INFO] ImportTextPane:218 - (OptionalMessage_ERROR) IP (DMA) : Parameter (MemInc) has Id (SPI1_RX) currently not set
2026-08-13 16:04:50,615 [INFO] ImportTextPane:218 - (OptionalMessage_ERROR) IP (DMA) : Parameter (PeriphDataAlignment) has Id (SPI1_RX) currently not set
2026-08-13 16:04:50,615 [INFO] ImportTextPane:218 - (OptionalMessage_ERROR) IP (DMA) : Parameter (MemDataAlignment) has Id (SPI1_RX) currently not set
2026-08-13 16:04:50,615 [INFO] ImportTextPane:218 - (OptionalMessage_ERROR) IP (DMA) : Parameter (Mode) has Id (SPI1_RX) currently not set
2026-08-13 16:04:50,615 [INFO] ImportTextPane:218 - (OptionalMessage_ERROR) IP (DMA) : Parameter (Priority) has Id (SPI1_RX) currently not set
2026-08-13 16:04:50,615 [INFO] ImportTextPane:218 - (OptionalMessage_ERROR) IP (DMA) : Parameter (FIFOMode) has Id (SPI1_RX) currently not set
2026-08-13 16:04:50,616 [INFO] ImportTextPane:218 - (OptionalMessage_ERROR) IP (RCC) : Parameter (RTCHSEDivFreq_Value) has invalid value (12500000)
2026-08-13 16:04:50,783 [INFO] ApiDb:581 - Connected to CubeFinder SQLite database (/home/thuy/.stmcufinder/plugins/mcufinder/mcu/cube-finder-db.db)
2026-08-13 16:04:50,821 [INFO] ApiDb:668 - CubeFinder database Data Model version=2.1
2026-08-13 16:04:50,821 [INFO] ApiDb:669 - CubeFinder database Configuration version=3.0.42
2026-08-13 16:04:50,822 [INFO] ApiDb:670 - CubeFinder database generation date=2026-06-23 (1782213372)
2026-08-13 16:04:50,822 [INFO] ApiDb:671 - CubeFinder database FW Pack versions=[FP-ATR-ASTRA1_V2.0.0, FP-SNS-FLIGHT1_V5.1.0, FP-SNS-MOTENV1_V5.1.0, FP-SNS-MOTENVWB1_V1.5.0, FP-SNS-SMARTAG2_V1.2.0, FP-SNS-STBOX1_V2.1.0, STM32Cube_FW_C0_V1.4.0, STM32Cube_FW_F4_V1.28.3, STM32Cube_FW_F7_V1.17.4, STM32Cube_FW_G0_V1.6.3, STM32Cube_FW_G4_V1.6.2, STM32Cube_FW_H5_V1.7.0, STM32Cube_FW_H7RS_V1.3.0, STM32Cube_FW_H7_V1.13.0, STM32Cube_FW_L0_V1.12.2, STM32Cube_FW_L4_V1.18.2, STM32Cube_FW_L5_V1.6.0, STM32Cube_FW_N6_V1.4.0, STM32Cube_FW_U0_V1.3.0, STM32Cube_FW_U3_V1.4.0, STM32Cube_FW_U5_V1.9.0, STM32Cube_FW_WB0_V1.5.0, STM32Cube_FW_WBA_V1.10.0, STM32Cube_FW_WB_V1.24.0, STM32Cube_FW_WL3_V1.5.0, STM32Cube_FW_WL_V1.6.0, X-CUBE-ALGOBUILD_V1.5.0, X-CUBE-ALS_V1.0.2, X-CUBE-AZRTOS-F4_V1.1.0, X-CUBE-AZRTOS-F7_V1.1.0, X-CUBE-AZRTOS-G0_V1.1.0, X-CUBE-AZRTOS-G4_V2.0.0, X-CUBE-AZRTOS-H7RS_V1.1.0, X-CUBE-AZRTOS-H7_V3.5.0, X-CUBE-AZRTOS-L4_V2.0.0, X-CUBE-AZRTOS-L5_V2.0.0, X-CUBE-AZRTOS-WB_V2.0.0, X-CUBE-AZRTOS-WL_V2.0.0, X-CUBE-BLE1_V7.1.0, X-CUBE-BLE2_V3.3.0, X-CUBE-BLEMGR_V4.1.0, X-CUBE-EEPRMA1_V5.2.0, X-CUBE-FREERTOS_V1.5.0, X-CUBE-GNSS1_V7.1.1, X-CUBE-MEMS1_V12.1.0, X-CUBE-NFC4_V3.0.0, X-CUBE-NFC7_V2.0.0, X-CUBE-SFXS2LP1_V4.0.0, X-CUBE-ST67W61_V1.3.0, X-CUBE-SUBG2_V5.0.0, X-CUBE-TOF1_V3.4.3]
2026-08-13 16:04:50,892 [INFO] DbBoardsSqlite:226 - include board P-NUCLEO-WB55-NUCLEO as a kit item of type 'Nucleo-64'
2026-08-13 16:04:50,893 [INFO] DbBoardsSqlite:226 - include board P-NUCLEO-WB55-USBDONGLE as a kit item of type 'Nucleo USB Dongle'
2026-08-13 16:04:50,893 [INFO] DbBoardsSqlite:226 - include board STEVAL-IDP005V1 as a kit item of type 'Evaluation Board'
2026-08-13 16:04:50,893 [INFO] DbBoardsSqlite:226 - include board STEVAL-IDP005V2 as a kit item of type 'Evaluation Board'
2026-08-13 16:04:51,000 [INFO] ApiDb:240 - Found 895 in-development CPN: [B-G473E-ZEST1S, B-WB1M-WPAN1, B-WBA5M-WPAN, B-WL5M-SUBG1, NUCLEO-C031C6, NUCLEO-C051C8, NUCLEO-C071RB, NUCLEO-C092RC, NUCLEO-H503RB, NUCLEO-H533RE, NUCLEO-H563ZI, NUCLEO-H7S3L8, NUCLEO-N657X0-Q, NUCLEO-U031R8, NUCLEO-U083RC, NUCLEO-U385RG-Q, NUCLEO-U545RE-Q, NUCLEO-U5A5ZJ-Q, NUCLEO-WB05KZ, NUCLEO-WB07CC, NUCLEO-WB09KE, NUCLEO-WBA52CG, NUCLEO-WBA55CG, NUCLEO-WBA65RI, NUCLEO-WL33CC1, NUCLEO-WL33CC2, STEVAL-PROTEUS1, STEVAL-SMARTAG2, STEVAL-STWINBX1, STM320518-EVAL, STM32C0116-DK, STM32C011D6Y3TR, STM32C011D6Y6TR, STM32C011F4P3, STM32C011F4P6, STM32C011F4U3, STM32C011F4U6TR, STM32C011F6P3, STM32C011F6P6, STM32C011F6U3, STM32C011F6U6TR, STM32C011J4M3, STM32C011J4M6, STM32C011J6M3, STM32C011J6M6, STM32C0316-DK, STM32C031C4T3, STM32C031C4T6, STM32C031C4U3, STM32C031C4U6, STM32C031C6T3, STM32C031C6T6, STM32C031C6U3, STM32C031C6U6, STM32C031F4P3, STM32C031F4P6, STM32C031F6P3, STM32C031F6P6, STM32C031G4U3, STM32C031G4U6, STM32C031G6U3, STM32C031G6U6, STM32C031K4T3, STM32C031K4T6, STM32C031K4U3, STM32C031K4U6, STM32C031K6T3, STM32C031K6T6, STM32C031K6U3, STM32C031K6U6, STM32C051C6T6, STM32C051C6U6, STM32C051C8T6, STM32C051C8U6, STM32C051D8Y6TR, STM32C051F6P6, STM32C051F8P6, STM32C051G6U6, STM32C051G8U6, STM32C051K6T6, STM32C051K6U6, STM32C051K8T6, STM32C071C8T6, STM32C071C8T6N, STM32C071C8U6, STM32C071C8U6N, STM32C071CBT6, STM32C071CBT6N, STM32C071CBU6, STM32C071CBU6N, STM32C071F8P6, STM32C071F8P6N, STM32C071FBP6, STM32C071FBP6N, STM32C071FBY6TR, STM32C071G8U6, STM32C071G8U6N, STM32C071GBU6, STM32C071GBU6N, STM32C071K8T6, STM32C071K8T6N, STM32C071K8U6, STM32C071K8U6N, STM32C071KBT6, STM32C071KBT6N, STM32C071KBU6, STM32C071KBU6N, STM32C071R8T6, STM32C071R8T6N, STM32C071RBI6N, STM32C071RBT6, STM32C071RBT6N, STM32C091CBT6, STM32C091CBU6, STM32C091CCT6, STM32C091CCU6, STM32C091ECY6TR, STM32C091FBP6, STM32C091FCP6, STM32C091GBU6, STM32C091GCU6, STM32C091KBT6, STM32C091KBU6, STM32C091KCT6, STM32C091KCU6, STM32C091RBT6, STM32C091RCI6, STM32C091RCT6, STM32C092CBT6, STM32C092CBU6, STM32C092CCT6, STM32C092CCU6, STM32C092ECY6TR, STM32C092FBP6, STM32C092FCP6, STM32C092GBU6, STM32C092GCU6, STM32C092KBT6, STM32C092KBU6, STM32C092KCT6, STM32C092KCU6, STM32C092RBT6, STM32C092RCI6, STM32C092RCT6, STM32G071K8TXN, STM32G071K8UXN, STM32G081GBU6N, STM32G081KBT6N, STM32G081KBUXN, STM32G0B1CCT6N, STM32G0B1KCT6, STM32G0B1NEY6TR, STM32G0B1RCT6N, STM32G0C1CCT6, STM32G0C1CCT6N, STM32G0C1CCU6N, STM32G0C1CET6N, STM32G0C1CEU6N, STM32G0C1KCT6, STM32G0C1NEY6TR, STM32G0C1RCI6N, STM32G0C1RCT6N, STM32G0C1REI6N, STM32G0C1RET6N, STM32G0C1VCI6, STM32G0C1VEI6, STM32G411C6T3, STM32G411C6T6, STM32G411C6U3, STM32G411C6U6, STM32G411C8T3, STM32G411C8T6, STM32G411C8U3, STM32G411C8U6, STM32G411CBT3, STM32G411CBT6, STM32G411CBU3, STM32G411CBU6, STM32G411CCT3, STM32G411CCT6, STM32G411CCU3, STM32G411CCU6, STM32G411K6T3, STM32G411K6T6, STM32G411K6U3, STM32G411K6U6, STM32G411K8T3, STM32G411K8T6, STM32G411K8U3, STM32G411K8U6, STM32G411KBT3, STM32G411KBT6, STM32G411KBU3, STM32G411KBU6, STM32G411M6T3, STM32G411M6T6, STM32G411M8T3, STM32G411M8T6, STM32G411MBT3, STM32G411MBT6, STM32G411MCT3, STM32G411MCT6, STM32G411R6T3, STM32G411R6T6, STM32G411R8T3, STM32G411R8T6, STM32G411RBT3, STM32G411RBT6, STM32G411RCT3, STM32G411RCT6, STM32G414CBT3, STM32G414CBT6, STM32G414CBU3, STM32G414CBU6, STM32G414CCT3, STM32G414CCT6, STM32G414CCU3, STM32G414CCU6, STM32G414MBT3, STM32G414MBT6, STM32G414MCT3, STM32G414MCT6, STM32G414RBT3, STM32G414RBT6, STM32G414RCT3, STM32G414RCT6, STM32G414VBT3, STM32G414VBT6, STM32G414VCT3, STM32G414VCT6, STM32G431CBT3Z, STM32G431RBT3Z, STM32G471CCT6, STM32G471CCU6, STM32G471CET3, STM32G471CET6, STM32G471CEU3, STM32G471CEU6, STM32G471MCT6, STM32G471MET3, STM32G471MET6, STM32G471MEY6TR, STM32G471QCT6, STM32G471QET3, STM32G471RCT6, STM32G471RET3, STM32G471RET6, STM32G471VCH6, STM32G471VCI6, STM32G471VCT6, STM32G471VEH3, STM32G471VEH6, STM32G471VEI3, STM32G471VEI6, STM32G471VET3, STM32G471VET6, STM32G473QET3Z, STM32G473RET3Z, STM32G474CCT6, STM32G491RET3Z, STM32H503CBT6, STM32H503CBU6, STM32H503EBY6TR, STM32H503KBU6, STM32H503RBT6, STM32H523CCT6, STM32H523CCU6, STM32H523CET6, STM32H523CEU6, STM32H523HEY6TR, STM32H523RCT6, STM32H523RET6, STM32H523VCI6, STM32H523VCT6, STM32H523VEI6, STM32H523VET6, STM32H523ZCJ6, STM32H523ZCT6, STM32H523ZEJ6, STM32H523ZET6, STM32H533CET6, STM32H533CEU6, STM32H533HEY6TR, STM32H533RET6, STM32H533VEI6, STM32H533VET6, STM32H533ZEJ6, STM32H533ZET6, STM32H562AGI6, STM32H562AII6, STM32H562IGK6, STM32H562IGT6, STM32H562IIK6, STM32H562IIT6, STM32H562RGT6, STM32H562RGV6, STM32H562RIT6, STM32H562RIV6, STM32H562VGT6, STM32H562VIT6, STM32H562ZGT6, STM32H562ZIT6, STM32H563AGI6, STM32H563AII3Q, STM32H563AII6, STM32H563IGK6, STM32H563IGT6, STM32H563IIK3Q, STM32H563IIK6, STM32H563IIT3Q, STM32H563IIT6, STM32H563MIY3QTR, STM32H563RGT6, STM32H563RGV6, STM32H563RIT6, STM32H563RIV6, STM32H563VGT6, STM32H563VIT3Q, STM32H563VIT6, STM32H563ZGT6, STM32H563ZIT3Q, STM32H563ZIT6, STM32H573AII3Q, STM32H573AII6, STM32H573I-DK, STM32H573IIK3Q, STM32H573IIK6, STM32H573IIT3Q, STM32H573IIT6, STM32H573MIY3QTR, STM32H573RIT6, STM32H573RIV6, STM32H573VIT3Q, STM32H573VIT6, STM32H573ZIT3Q, STM32H573ZIT6, STM32H7R3A8I6, STM32H7R3I8K6, STM32H7R3I8T6, STM32H7R3L8H6, STM32H7R3L8H6H, STM32H7R3R8V6, STM32H7R3V8H6, STM32H7R3V8T6, STM32H7R3V8Y6TR, STM32H7R3Z8J6, STM32H7R3Z8T6, STM32H7R7A8I6, STM32H7R7I8K6, STM32H7R7I8T6, STM32H7R7L8H6, STM32H7R7L8H6H, STM32H7R7Z8J6, STM32H7S3A8I6, STM32H7S3I8K6, STM32H7S3I8T6, STM32H7S3L8H6, STM32H7S3L8H6H, STM32H7S3R8V6, STM32H7S3V8H6, STM32H7S3V8T6, STM32H7S3V8Y6TR, STM32H7S3Z8J6, STM32H7S3Z8T6, STM32H7S78-DK, STM32H7S7A8I6, STM32H7S7I8K6, STM32H7S7I8T6, STM32H7S7L8H6, STM32H7S7L8H6H, STM32H7S7Z8J6, STM32L4R5QGI6STR, STM32MP131AAE3, STM32MP131AAF3, STM32MP131AAG3, STM32MP131CAE3, STM32MP131CAF3, STM32MP131CAG3, STM32MP131DAE7, STM32MP131DAF7, STM32MP131DAG7, STM32MP131FAE7, STM32MP131FAF7, STM32MP131FAG7, STM32MP133AAE3, STM32MP133AAF3, STM32MP133AAG3, STM32MP133CAE3, STM32MP133CAF3, STM32MP133CAG3, STM32MP133DAE7, STM32MP133DAF7, STM32MP133DAG7, STM32MP133FAE7, STM32MP133FAF7, STM32MP133FAG7, STM32MP135AAE3, STM32MP135AAF3, STM32MP135AAG3, STM32MP135CAE3, STM32MP135CAF3, STM32MP135CAG3, STM32MP135DAE7, STM32MP135DAF7, STM32MP135DAG7, STM32MP135F-DK, STM32MP135FAE7, STM32MP135FAF7, STM32MP135FAF7T, STM32MP135FAF7U, STM32MP135FAG7, STM32MP231AAJ3, STM32MP231AAK3, STM32MP231AAL3, STM32MP231CAJ3, STM32MP231CAK3, STM32MP231CAL3, STM32MP231DAJ3, STM32MP231DAK3, STM32MP231DAL3, STM32MP231FAJ3, STM32MP231FAK3, STM32MP231FAL3, STM32MP233AAJ3, STM32MP233AAK3, STM32MP233AAL3, STM32MP233CAJ3, STM32MP233CAK3, STM32MP233CAL3, STM32MP233DAJ3, STM32MP233DAK3, STM32MP233DAL3, STM32MP233FAJ3, STM32MP233FAK3, STM32MP233FAL3, STM32MP235AAJ3, STM32MP235AAK3, STM32MP235AAL3, STM32MP235CAJ3, STM32MP235CAK3, STM32MP235CAL3, STM32MP235DAJ3, STM32MP235DAK3, STM32MP235DAL3, STM32MP235FAJ3, STM32MP235FAK3, STM32MP235FAL3, STM32MP251AAI3, STM32MP251AAJ3, STM32MP251AAK3, STM32MP251AAL3, STM32MP251CAI3, STM32MP251CAJ3, STM32MP251CAK3, STM32MP251CAL3, STM32MP251DAI3, STM32MP251DAJ3, STM32MP251DAK3, STM32MP251DAL3, STM32MP251FAI3, STM32MP251FAJ3, STM32MP251FAK3, STM32MP251FAL3, STM32MP253AAI3, STM32MP253AAJ3, STM32MP253AAK3, STM32MP253AAL3, STM32MP253CAI3, STM32MP253CAJ3, STM32MP253CAK3, STM32MP253CAL3, STM32MP253DAI3, STM32MP253DAJ3, STM32MP253DAK3, STM32MP253DAL3, STM32MP253FAI3, STM32MP253FAJ3, STM32MP253FAK3, STM32MP253FAL3, STM32MP255AAI3, STM32MP255AAJ3, STM32MP255AAK3, STM32MP255AAL3, STM32MP255CAI3, STM32MP255CAJ3, STM32MP255CAK3, STM32MP255CAL3, STM32MP255DAI3, STM32MP255DAJ3, STM32MP255DAK3, STM32MP255DAL3, STM32MP255FAI3, STM32MP255FAJ3, STM32MP255FAK3, STM32MP255FAL3, STM32MP257AAI3, STM32MP257AAJ3, STM32MP257AAK3, STM32MP257AAL3, STM32MP257CAI3, STM32MP257CAJ3, STM32MP257CAK3, STM32MP257CAL3, STM32MP257DAI3, STM32MP257DAJ3, STM32MP257DAK3, STM32MP257DAL3, STM32MP257F-DK, STM32MP257F-EV1, STM32MP257FAI3, STM32MP257FAJ3, STM32MP257FAK3, STM32MP257FAL3, STM32N645A0H3Q, STM32N645B0H3Q, STM32N645I0H3Q, STM32N645L0H3Q, STM32N645X0H3Q, STM32N645Z0H3Q, STM32N647A0H3Q, STM32N647B0H3Q, STM32N647I0H3Q, STM32N647L0H3Q, STM32N647X0H3Q, STM32N647Z0H3Q, STM32N655A0H3Q, STM32N655B0H3Q, STM32N655I0H3Q, STM32N655L0H3Q, STM32N655X0H3Q, STM32N655Z0H3Q, STM32N6570-DK, STM32N657A0H3Q, STM32N657B0H3Q, STM32N657I0H3Q, STM32N657L0H3Q, STM32N657X0H3Q, STM32N657Z0H3Q, STM32U031C6T6, STM32U031C6U6, STM32U031C8T6, STM32U031C8U6, STM32U031F4P6, STM32U031F6P6, STM32U031F8P6, STM32U031G6Y6TR, STM32U031G8Y6TR, STM32U031K4U6, STM32U031K6U6, STM32U031K8U6, STM32U031R6I6, STM32U031R6T6, STM32U031R8I6, STM32U031R8T6, STM32U073C8T6, STM32U073C8U6, STM32U073CBT6, STM32U073CBU6, STM32U073CCT6, STM32U073CCU6, STM32U073H8Y6TR, STM32U073HBY6TR, STM32U073HCY6TR, STM32U073K8U6, STM32U073KBU6, STM32U073KCU6, STM32U073M8I6, STM32U073M8T6, STM32U073MBI6, STM32U073MBT6, STM32U073MCI6, STM32U073MCT6, STM32U073R8I6, STM32U073R8T6, STM32U073RBI6, STM32U073RBT6, STM32U073RCI6, STM32U073RCT6, STM32U083C-DK, STM32U083CCT6, STM32U083CCU6, STM32U083HCY6TR, STM32U083KCU6, STM32U083MCI6, STM32U083MCT6, STM32U083RCI6, STM32U083RCT6, STM32U375CET6, STM32U375CET6Q, STM32U375CEU6, STM32U375CEU6Q, STM32U375CEY6QTR, STM32U375CGT6, STM32U375CGT6Q, STM32U375CGU6, STM32U375CGU6Q, STM32U375CGY6QTR, STM32U375KEU6, STM32U375KGU6, STM32U375REI6, STM32U375REI6Q, STM32U375RET6, STM32U375RET6Q, STM32U375REY6GTR, STM32U375REY6QTR, STM32U375RGI6, STM32U375RGI6Q, STM32U375RGT6, STM32U375RGT6Q, STM32U375RGY6GTR, STM32U375RGY6QTR, STM32U375VEI6, STM32U375VEI6Q, STM32U375VET6, STM32U375VET6Q, STM32U375VGI6, STM32U375VGI6Q, STM32U375VGT6, STM32U375VGT6Q, STM32U385CGT6, STM32U385CGT6Q, STM32U385CGU6, STM32U385CGU6Q, STM32U385CGY6QTR, STM32U385KGU6, STM32U385RGI6, STM32U385RGI6Q, STM32U385RGT6, STM32U385RGT6Q, STM32U385RGY6GTR, STM32U385RGY6QTR, STM32U385VGI6, STM32U385VGI6Q, STM32U385VGT6, STM32U385VGT6Q, STM32U535CBT6, STM32U535CBT6Q, STM32U535CBU6, STM32U535CBU6Q, STM32U535CCT6, STM32U535CCT6Q, STM32U535CCU6, STM32U535CCU6Q, STM32U535CET6, STM32U535CET6Q, STM32U535CEU6, STM32U535CEU6Q, STM32U535JEY6QTR, STM32U535NCY6QTR, STM32U535NEY6QTR, STM32U535RBI6, STM32U535RBI6Q, STM32U535RBT6, STM32U535RBT6Q, STM32U535RCI6, STM32U535RCI6Q, STM32U535RCT6, STM32U535RCT6Q, STM32U535REI6, STM32U535REI6Q, STM32U535RET6, STM32U535RET6Q, STM32U535VCI6, STM32U535VCI6Q, STM32U535VCT6, STM32U535VCT6Q, STM32U535VEI6, STM32U535VEI6Q, STM32U535VET6, STM32U535VET6Q, STM32U545CET6, STM32U545CET6Q, STM32U545CEU6, STM32U545CEU6Q, STM32U545JEY6QTR, STM32U545NEY6QTR, STM32U545REI6, STM32U545REI6Q, STM32U545RET6, STM32U545RET6Q, STM32U545VEI6, STM32U545VEI6Q, STM32U545VET6, STM32U545VET6Q, STM32U595AIH6, STM32U595AIH6Q, STM32U595AJH6, STM32U595AJH6Q, STM32U595QII6, STM32U595QII6Q, STM32U595QJI6, STM32U595QJI6Q, STM32U595RIT6, STM32U595RIT6Q, STM32U595RJT6, STM32U595RJT6Q, STM32U595VIT6, STM32U595VIT6Q, STM32U595VJT6, STM32U595VJT6Q, STM32U595ZIT6, STM32U595ZIT6Q, STM32U595ZIY6QTR, STM32U595ZJT6, STM32U595ZJT6Q, STM32U595ZJY6QTR, STM32U599BJY6QTR, STM32U599NIH6Q, STM32U599NJH6Q, STM32U599VIT6Q, STM32U599VJT6, STM32U599VJT6Q, STM32U599ZIT6Q, STM32U599ZIY6QTR, STM32U599ZJT6Q, STM32U599ZJY6QTR, STM32U5A5AJH6, STM32U5A5AJH6Q, STM32U5A5QII3Q , STM32U5A5QJI6, STM32U5A5QJI6Q, STM32U5A5RJT6, STM32U5A5RJT6Q, STM32U5A5VJT6, STM32U5A5VJT6Q, STM32U5A5ZJT6, STM32U5A5ZJT6Q, STM32U5A5ZJY6QTR, STM32U5A9BJY6QTR, STM32U5A9J-DK, STM32U5A9NJH6Q, STM32U5A9VJT6Q, STM32U5A9ZJT6Q, STM32U5A9ZJY6QTR, STM32U5F7VIT6, STM32U5F7VIT6Q, STM32U5F7VJT6, STM32U5F7VJT6Q, STM32U5F9BJY6QTR, STM32U5F9NJH6Q, STM32U5F9VIT6Q, STM32U5F9VJT6Q, STM32U5F9ZIJ6QTR, STM32U5F9ZIT6Q, STM32U5F9ZJJ6QTR, STM32U5F9ZJT6Q, STM32U5G7VJT6, STM32U5G7VJT6Q, STM32U5G9BJY6QTR, STM32U5G9J-DK1, STM32U5G9J-DK2, STM32U5G9NJH6Q, STM32U5G9VJT6Q, STM32U5G9ZJJ6QTR, STM32U5G9ZJT6Q, STM32WB05KZV6TR, STM32WB05KZV7TR, STM32WB05TZF6TR, STM32WB05TZF7TR, STM32WB06CCF6TR, STM32WB06CCF7TR, STM32WB06CCV6TR, STM32WB06CCV7TR, STM32WB06KCV6TR, STM32WB06KCV7TR, STM32WB07CCF6TR, STM32WB07CCF7TR, STM32WB07CCV6TR, STM32WB07CCV7TR, STM32WB07KCV6TR, STM32WB07KCV7TR, STM32WB09KEV6TR, STM32WB09KEV7TR, STM32WB09TEF6TR, STM32WB09TEF7TR, STM32WB1MMCH6, STM32WBA50KGU6, STM32WBA50KGU6TR, STM32WBA52CEU6, STM32WBA52CEU6TR, STM32WBA52CEU7, STM32WBA52CEU7TR, STM32WBA52CGU6, STM32WBA52CGU6TR, STM32WBA52CGU6U, STM32WBA52CGU7, STM32WBA52CGU7TR, STM32WBA52KEU6, STM32WBA52KEU6TR, STM32WBA52KGU6, STM32WBA52KGU6TR, STM32WBA54CEU6, STM32WBA54CEU6TR, STM32WBA54CEU7, STM32WBA54CEU7TR, STM32WBA54CGU6, STM32WBA54CGU6TR, STM32WBA54CGU7, STM32WBA54CGU7TR, STM32WBA54KEU6, STM32WBA54KEU6TR, STM32WBA54KEU7, STM32WBA54KEU7TR, STM32WBA54KGU6, STM32WBA54KGU6TR, STM32WBA54KGU7, STM32WBA54KGU7TR, STM32WBA55CEU6, STM32WBA55CEU6TR, STM32WBA55CEU7, STM32WBA55CEU7TR, STM32WBA55CGU6, STM32WBA55CGU6TR, STM32WBA55CGU6U, STM32WBA55CGU7, STM32WBA55CGU7TR, STM32WBA55G-DK1, STM32WBA55HEF6, STM32WBA55HEF7, STM32WBA55HGF6, STM32WBA55HGF7, STM32WBA55UEI6, STM32WBA55UEI6TR, STM32WBA55UEI7, STM32WBA55UEI7TR, STM32WBA55UGI6, STM32WBA55UGI6TR, STM32WBA55UGI7, STM32WBA55UGI7TR, STM32WBA5MJGH6TR, STM32WBA62CGU6, STM32WBA62CIU6, STM32WBA62MGF6, STM32WBA62MIF6, STM32WBA62PGI6, STM32WBA62PII6, STM32WBA63CGU6, STM32WBA63CGU7, STM32WBA63CIU6, STM32WBA63CIU7, STM32WBA64CGU6, STM32WBA64CGU7, STM32WBA64CIU6, STM32WBA64CIU7, STM32WBA65CGU6, STM32WBA65CGU7, STM32WBA65CIU6, STM32WBA65CIU7, STM32WBA65I-DK1, STM32WBA65MGF6, STM32WBA65MGF7, STM32WBA65MIF6, STM32WBA65MIF7, STM32WBA65PGI6, STM32WBA65PGI7, STM32WBA65PII6, STM32WBA65PII7, STM32WBA65RGV6, STM32WBA65RGV7, STM32WBA65RIV6, STM32WBA65RIV7, STM32WL30K8V6, STM32WL30KBV6, STM32WL31C8V6, STM32WL31CBV6, STM32WL31K8V6, STM32WL31KBV6, STM32WL33C8V6, STM32WL33C8V6TR, STM32WL33C8V7, STM32WL33C8V7TR, STM32WL33CBV6, STM32WL33CBV6TR, STM32WL33CBV7, STM32WL33CBV7TR, STM32WL33CCV6, STM32WL33CCV6TR, STM32WL33CCV7, STM32WL33CCV7A, STM32WL33CCV7ATR, STM32WL33CCV7TR, STM32WL33K8V6, STM32WL33K8V6TR, STM32WL33K8V7, STM32WL33K8V7TR, STM32WL33KBV6, STM32WL33KBV6TR, STM32WL33KBV7, STM32WL33KBV7TR, STM32WL33KCV6, STM32WL33KCV6TR, STM32WL33KCV7, STM32WL33KCV7TR, STM32WL5MOCH6, STM32WL5MOCH6TR]
2026-08-13 16:04:51,002 [INFO] ApiDb:668 - CubeFinder database Data Model version=2.1
2026-08-13 16:04:51,002 [INFO] ApiDb:669 - CubeFinder database Configuration version=3.0.42
2026-08-13 16:04:51,003 [INFO] ApiDb:670 - CubeFinder database generation date=2026-06-23 (1782213372)
2026-08-13 16:04:51,003 [INFO] ApiDb:671 - CubeFinder database FW Pack versions=[FP-ATR-ASTRA1_V2.0.0, FP-SNS-FLIGHT1_V5.1.0, FP-SNS-MOTENV1_V5.1.0, FP-SNS-MOTENVWB1_V1.5.0, FP-SNS-SMARTAG2_V1.2.0, FP-SNS-STBOX1_V2.1.0, STM32Cube_FW_C0_V1.4.0, STM32Cube_FW_F4_V1.28.3, STM32Cube_FW_F7_V1.17.4, STM32Cube_FW_G0_V1.6.3, STM32Cube_FW_G4_V1.6.2, STM32Cube_FW_H5_V1.7.0, STM32Cube_FW_H7RS_V1.3.0, STM32Cube_FW_H7_V1.13.0, STM32Cube_FW_L0_V1.12.2, STM32Cube_FW_L4_V1.18.2, STM32Cube_FW_L5_V1.6.0, STM32Cube_FW_N6_V1.4.0, STM32Cube_FW_U0_V1.3.0, STM32Cube_FW_U3_V1.4.0, STM32Cube_FW_U5_V1.9.0, STM32Cube_FW_WB0_V1.5.0, STM32Cube_FW_WBA_V1.10.0, STM32Cube_FW_WB_V1.24.0, STM32Cube_FW_WL3_V1.5.0, STM32Cube_FW_WL_V1.6.0, X-CUBE-ALGOBUILD_V1.5.0, X-CUBE-ALS_V1.0.2, X-CUBE-AZRTOS-F4_V1.1.0, X-CUBE-AZRTOS-F7_V1.1.0, X-CUBE-AZRTOS-G0_V1.1.0, X-CUBE-AZRTOS-G4_V2.0.0, X-CUBE-AZRTOS-H7RS_V1.1.0, X-CUBE-AZRTOS-H7_V3.5.0, X-CUBE-AZRTOS-L4_V2.0.0, X-CUBE-AZRTOS-L5_V2.0.0, X-CUBE-AZRTOS-WB_V2.0.0, X-CUBE-AZRTOS-WL_V2.0.0, X-CUBE-BLE1_V7.1.0, X-CUBE-BLE2_V3.3.0, X-CUBE-BLEMGR_V4.1.0, X-CUBE-EEPRMA1_V5.2.0, X-CUBE-FREERTOS_V1.5.0, X-CUBE-GNSS1_V7.1.1, X-CUBE-MEMS1_V12.1.0, X-CUBE-NFC4_V3.0.0, X-CUBE-NFC7_V2.0.0, X-CUBE-SFXS2LP1_V4.0.0, X-CUBE-ST67W61_V1.3.0, X-CUBE-SUBG2_V5.0.0, X-CUBE-TOF1_V3.4.3]
2026-08-13 16:04:52,895 [INFO] ApiDb:240 - Found 895 in-development CPN: [B-G473E-ZEST1S, B-WB1M-WPAN1, B-WBA5M-WPAN, B-WL5M-SUBG1, NUCLEO-C031C6, NUCLEO-C051C8, NUCLEO-C071RB, NUCLEO-C092RC, NUCLEO-H503RB, NUCLEO-H533RE, NUCLEO-H563ZI, NUCLEO-H7S3L8, NUCLEO-N657X0-Q, NUCLEO-U031R8, NUCLEO-U083RC, NUCLEO-U385RG-Q, NUCLEO-U545RE-Q, NUCLEO-U5A5ZJ-Q, NUCLEO-WB05KZ, NUCLEO-WB07CC, NUCLEO-WB09KE, NUCLEO-WBA52CG, NUCLEO-WBA55CG, NUCLEO-WBA65RI, NUCLEO-WL33CC1, NUCLEO-WL33CC2, STEVAL-PROTEUS1, STEVAL-SMARTAG2, STEVAL-STWINBX1, STM320518-EVAL, STM32C0116-DK, STM32C011D6Y3TR, STM32C011D6Y6TR, STM32C011F4P3, STM32C011F4P6, STM32C011F4U3, STM32C011F4U6TR, STM32C011F6P3, STM32C011F6P6, STM32C011F6U3, STM32C011F6U6TR, STM32C011J4M3, STM32C011J4M6, STM32C011J6M3, STM32C011J6M6, STM32C0316-DK, STM32C031C4T3, STM32C031C4T6, STM32C031C4U3, STM32C031C4U6, STM32C031C6T3, STM32C031C6T6, STM32C031C6U3, STM32C031C6U6, STM32C031F4P3, STM32C031F4P6, STM32C031F6P3, STM32C031F6P6, STM32C031G4U3, STM32C031G4U6, STM32C031G6U3, STM32C031G6U6, STM32C031K4T3, STM32C031K4T6, STM32C031K4U3, STM32C031K4U6, STM32C031K6T3, STM32C031K6T6, STM32C031K6U3, STM32C031K6U6, STM32C051C6T6, STM32C051C6U6, STM32C051C8T6, STM32C051C8U6, STM32C051D8Y6TR, STM32C051F6P6, STM32C051F8P6, STM32C051G6U6, STM32C051G8U6, STM32C051K6T6, STM32C051K6U6, STM32C051K8T6, STM32C071C8T6, STM32C071C8T6N, STM32C071C8U6, STM32C071C8U6N, STM32C071CBT6, STM32C071CBT6N, STM32C071CBU6, STM32C071CBU6N, STM32C071F8P6, STM32C071F8P6N, STM32C071FBP6, STM32C071FBP6N, STM32C071FBY6TR, STM32C071G8U6, STM32C071G8U6N, STM32C071GBU6, STM32C071GBU6N, STM32C071K8T6, STM32C071K8T6N, STM32C071K8U6, STM32C071K8U6N, STM32C071KBT6, STM32C071KBT6N, STM32C071KBU6, STM32C071KBU6N, STM32C071R8T6, STM32C071R8T6N, STM32C071RBI6N, STM32C071RBT6, STM32C071RBT6N, STM32C091CBT6, STM32C091CBU6, STM32C091CCT6, STM32C091CCU6, STM32C091ECY6TR, STM32C091FBP6, STM32C091FCP6, STM32C091GBU6, STM32C091GCU6, STM32C091KBT6, STM32C091KBU6, STM32C091KCT6, STM32C091KCU6, STM32C091RBT6, STM32C091RCI6, STM32C091RCT6, STM32C092CBT6, STM32C092CBU6, STM32C092CCT6, STM32C092CCU6, STM32C092ECY6TR, STM32C092FBP6, STM32C092FCP6, STM32C092GBU6, STM32C092GCU6, STM32C092KBT6, STM32C092KBU6, STM32C092KCT6, STM32C092KCU6, STM32C092RBT6, STM32C092RCI6, STM32C092RCT6, STM32G071K8TXN, STM32G071K8UXN, STM32G081GBU6N, STM32G081KBT6N, STM32G081KBUXN, STM32G0B1CCT6N, STM32G0B1KCT6, STM32G0B1NEY6TR, STM32G0B1RCT6N, STM32G0C1CCT6, STM32G0C1CCT6N, STM32G0C1CCU6N, STM32G0C1CET6N, STM32G0C1CEU6N, STM32G0C1KCT6, STM32G0C1NEY6TR, STM32G0C1RCI6N, STM32G0C1RCT6N, STM32G0C1REI6N, STM32G0C1RET6N, STM32G0C1VCI6, STM32G0C1VEI6, STM32G411C6T3, STM32G411C6T6, STM32G411C6U3, STM32G411C6U6, STM32G411C8T3, STM32G411C8T6, STM32G411C8U3, STM32G411C8U6, STM32G411CBT3, STM32G411CBT6, STM32G411CBU3, STM32G411CBU6, STM32G411CCT3, STM32G411CCT6, STM32G411CCU3, STM32G411CCU6, STM32G411K6T3, STM32G411K6T6, STM32G411K6U3, STM32G411K6U6, STM32G411K8T3, STM32G411K8T6, STM32G411K8U3, STM32G411K8U6, STM32G411KBT3, STM32G411KBT6, STM32G411KBU3, STM32G411KBU6, STM32G411M6T3, STM32G411M6T6, STM32G411M8T3, STM32G411M8T6, STM32G411MBT3, STM32G411MBT6, STM32G411MCT3, STM32G411MCT6, STM32G411R6T3, STM32G411R6T6, STM32G411R8T3, STM32G411R8T6, STM32G411RBT3, STM32G411RBT6, STM32G411RCT3, STM32G411RCT6, STM32G414CBT3, STM32G414CBT6, STM32G414CBU3, STM32G414CBU6, STM32G414CCT3, STM32G414CCT6, STM32G414CCU3, STM32G414CCU6, STM32G414MBT3, STM32G414MBT6, STM32G414MCT3, STM32G414MCT6, STM32G414RBT3, STM32G414RBT6, STM32G414RCT3, STM32G414RCT6, STM32G414VBT3, STM32G414VBT6, STM32G414VCT3, STM32G414VCT6, STM32G431CBT3Z, STM32G431RBT3Z, STM32G471CCT6, STM32G471CCU6, STM32G471CET3, STM32G471CET6, STM32G471CEU3, STM32G471CEU6, STM32G471MCT6, STM32G471MET3, STM32G471MET6, STM32G471MEY6TR, STM32G471QCT6, STM32G471QET3, STM32G471RCT6, STM32G471RET3, STM32G471RET6, STM32G471VCH6, STM32G471VCI6, STM32G471VCT6, STM32G471VEH3, STM32G471VEH6, STM32G471VEI3, STM32G471VEI6, STM32G471VET3, STM32G471VET6, STM32G473QET3Z, STM32G473RET3Z, STM32G474CCT6, STM32G491RET3Z, STM32H503CBT6, STM32H503CBU6, STM32H503EBY6TR, STM32H503KBU6, STM32H503RBT6, STM32H523CCT6, STM32H523CCU6, STM32H523CET6, STM32H523CEU6, STM32H523HEY6TR, STM32H523RCT6, STM32H523RET6, STM32H523VCI6, STM32H523VCT6, STM32H523VEI6, STM32H523VET6, STM32H523ZCJ6, STM32H523ZCT6, STM32H523ZEJ6, STM32H523ZET6, STM32H533CET6, STM32H533CEU6, STM32H533HEY6TR, STM32H533RET6, STM32H533VEI6, STM32H533VET6, STM32H533ZEJ6, STM32H533ZET6, STM32H562AGI6, STM32H562AII6, STM32H562IGK6, STM32H562IGT6, STM32H562IIK6, STM32H562IIT6, STM32H562RGT6, STM32H562RGV6, STM32H562RIT6, STM32H562RIV6, STM32H562VGT6, STM32H562VIT6, STM32H562ZGT6, STM32H562ZIT6, STM32H563AGI6, STM32H563AII3Q, STM32H563AII6, STM32H563IGK6, STM32H563IGT6, STM32H563IIK3Q, STM32H563IIK6, STM32H563IIT3Q, STM32H563IIT6, STM32H563MIY3QTR, STM32H563RGT6, STM32H563RGV6, STM32H563RIT6, STM32H563RIV6, STM32H563VGT6, STM32H563VIT3Q, STM32H563VIT6, STM32H563ZGT6, STM32H563ZIT3Q, STM32H563ZIT6, STM32H573AII3Q, STM32H573AII6, STM32H573I-DK, STM32H573IIK3Q, STM32H573IIK6, STM32H573IIT3Q, STM32H573IIT6, STM32H573MIY3QTR, STM32H573RIT6, STM32H573RIV6, STM32H573VIT3Q, STM32H573VIT6, STM32H573ZIT3Q, STM32H573ZIT6, STM32H7R3A8I6, STM32H7R3I8K6, STM32H7R3I8T6, STM32H7R3L8H6, STM32H7R3L8H6H, STM32H7R3R8V6, STM32H7R3V8H6, STM32H7R3V8T6, STM32H7R3V8Y6TR, STM32H7R3Z8J6, STM32H7R3Z8T6, STM32H7R7A8I6, STM32H7R7I8K6, STM32H7R7I8T6, STM32H7R7L8H6, STM32H7R7L8H6H, STM32H7R7Z8J6, STM32H7S3A8I6, STM32H7S3I8K6, STM32H7S3I8T6, STM32H7S3L8H6, STM32H7S3L8H6H, STM32H7S3R8V6, STM32H7S3V8H6, STM32H7S3V8T6, STM32H7S3V8Y6TR, STM32H7S3Z8J6, STM32H7S3Z8T6, STM32H7S78-DK, STM32H7S7A8I6, STM32H7S7I8K6, STM32H7S7I8T6, STM32H7S7L8H6, STM32H7S7L8H6H, STM32H7S7Z8J6, STM32L4R5QGI6STR, STM32MP131AAE3, STM32MP131AAF3, STM32MP131AAG3, STM32MP131CAE3, STM32MP131CAF3, STM32MP131CAG3, STM32MP131DAE7, STM32MP131DAF7, STM32MP131DAG7, STM32MP131FAE7, STM32MP131FAF7, STM32MP131FAG7, STM32MP133AAE3, STM32MP133AAF3, STM32MP133AAG3, STM32MP133CAE3, STM32MP133CAF3, STM32MP133CAG3, STM32MP133DAE7, STM32MP133DAF7, STM32MP133DAG7, STM32MP133FAE7, STM32MP133FAF7, STM32MP133FAG7, STM32MP135AAE3, STM32MP135AAF3, STM32MP135AAG3, STM32MP135CAE3, STM32MP135CAF3, STM32MP135CAG3, STM32MP135DAE7, STM32MP135DAF7, STM32MP135DAG7, STM32MP135F-DK, STM32MP135FAE7, STM32MP135FAF7, STM32MP135FAF7T, STM32MP135FAF7U, STM32MP135FAG7, STM32MP231AAJ3, STM32MP231AAK3, STM32MP231AAL3, STM32MP231CAJ3, STM32MP231CAK3, STM32MP231CAL3, STM32MP231DAJ3, STM32MP231DAK3, STM32MP231DAL3, STM32MP231FAJ3, STM32MP231FAK3, STM32MP231FAL3, STM32MP233AAJ3, STM32MP233AAK3, STM32MP233AAL3, STM32MP233CAJ3, STM32MP233CAK3, STM32MP233CAL3, STM32MP233DAJ3, STM32MP233DAK3, STM32MP233DAL3, STM32MP233FAJ3, STM32MP233FAK3, STM32MP233FAL3, STM32MP235AAJ3, STM32MP235AAK3, STM32MP235AAL3, STM32MP235CAJ3, STM32MP235CAK3, STM32MP235CAL3, STM32MP235DAJ3, STM32MP235DAK3, STM32MP235DAL3, STM32MP235FAJ3, STM32MP235FAK3, STM32MP235FAL3, STM32MP251AAI3, STM32MP251AAJ3, STM32MP251AAK3, STM32MP251AAL3, STM32MP251CAI3, STM32MP251CAJ3, STM32MP251CAK3, STM32MP251CAL3, STM32MP251DAI3, STM32MP251DAJ3, STM32MP251DAK3, STM32MP251DAL3, STM32MP251FAI3, STM32MP251FAJ3, STM32MP251FAK3, STM32MP251FAL3, STM32MP253AAI3, STM32MP253AAJ3, STM32MP253AAK3, STM32MP253AAL3, STM32MP253CAI3, STM32MP253CAJ3, STM32MP253CAK3, STM32MP253CAL3, STM32MP253DAI3, STM32MP253DAJ3, STM32MP253DAK3, STM32MP253DAL3, STM32MP253FAI3, STM32MP253FAJ3, STM32MP253FAK3, STM32MP253FAL3, STM32MP255AAI3, STM32MP255AAJ3, STM32MP255AAK3, STM32MP255AAL3, STM32MP255CAI3, STM32MP255CAJ3, STM32MP255CAK3, STM32MP255CAL3, STM32MP255DAI3, STM32MP255DAJ3, STM32MP255DAK3, STM32MP255DAL3, STM32MP255FAI3, STM32MP255FAJ3, STM32MP255FAK3, STM32MP255FAL3, STM32MP257AAI3, STM32MP257AAJ3, STM32MP257AAK3, STM32MP257AAL3, STM32MP257CAI3, STM32MP257CAJ3, STM32MP257CAK3, STM32MP257CAL3, STM32MP257DAI3, STM32MP257DAJ3, STM32MP257DAK3, STM32MP257DAL3, STM32MP257F-DK, STM32MP257F-EV1, STM32MP257FAI3, STM32MP257FAJ3, STM32MP257FAK3, STM32MP257FAL3, STM32N645A0H3Q, STM32N645B0H3Q, STM32N645I0H3Q, STM32N645L0H3Q, STM32N645X0H3Q, STM32N645Z0H3Q, STM32N647A0H3Q, STM32N647B0H3Q, STM32N647I0H3Q, STM32N647L0H3Q, STM32N647X0H3Q, STM32N647Z0H3Q, STM32N655A0H3Q, STM32N655B0H3Q, STM32N655I0H3Q, STM32N655L0H3Q, STM32N655X0H3Q, STM32N655Z0H3Q, STM32N6570-DK, STM32N657A0H3Q, STM32N657B0H3Q, STM32N657I0H3Q, STM32N657L0H3Q, STM32N657X0H3Q, STM32N657Z0H3Q, STM32U031C6T6, STM32U031C6U6, STM32U031C8T6, STM32U031C8U6, STM32U031F4P6, STM32U031F6P6, STM32U031F8P6, STM32U031G6Y6TR, STM32U031G8Y6TR, STM32U031K4U6, STM32U031K6U6, STM32U031K8U6, STM32U031R6I6, STM32U031R6T6, STM32U031R8I6, STM32U031R8T6, STM32U073C8T6, STM32U073C8U6, STM32U073CBT6, STM32U073CBU6, STM32U073CCT6, STM32U073CCU6, STM32U073H8Y6TR, STM32U073HBY6TR, STM32U073HCY6TR, STM32U073K8U6, STM32U073KBU6, STM32U073KCU6, STM32U073M8I6, STM32U073M8T6, STM32U073MBI6, STM32U073MBT6, STM32U073MCI6, STM32U073MCT6, STM32U073R8I6, STM32U073R8T6, STM32U073RBI6, STM32U073RBT6, STM32U073RCI6, STM32U073RCT6, STM32U083C-DK, STM32U083CCT6, STM32U083CCU6, STM32U083HCY6TR, STM32U083KCU6, STM32U083MCI6, STM32U083MCT6, STM32U083RCI6, STM32U083RCT6, STM32U375CET6, STM32U375CET6Q, STM32U375CEU6, STM32U375CEU6Q, STM32U375CEY6QTR, STM32U375CGT6, STM32U375CGT6Q, STM32U375CGU6, STM32U375CGU6Q, STM32U375CGY6QTR, STM32U375KEU6, STM32U375KGU6, STM32U375REI6, STM32U375REI6Q, STM32U375RET6, STM32U375RET6Q, STM32U375REY6GTR, STM32U375REY6QTR, STM32U375RGI6, STM32U375RGI6Q, STM32U375RGT6, STM32U375RGT6Q, STM32U375RGY6GTR, STM32U375RGY6QTR, STM32U375VEI6, STM32U375VEI6Q, STM32U375VET6, STM32U375VET6Q, STM32U375VGI6, STM32U375VGI6Q, STM32U375VGT6, STM32U375VGT6Q, STM32U385CGT6, STM32U385CGT6Q, STM32U385CGU6, STM32U385CGU6Q, STM32U385CGY6QTR, STM32U385KGU6, STM32U385RGI6, STM32U385RGI6Q, STM32U385RGT6, STM32U385RGT6Q, STM32U385RGY6GTR, STM32U385RGY6QTR, STM32U385VGI6, STM32U385VGI6Q, STM32U385VGT6, STM32U385VGT6Q, STM32U535CBT6, STM32U535CBT6Q, STM32U535CBU6, STM32U535CBU6Q, STM32U535CCT6, STM32U535CCT6Q, STM32U535CCU6, STM32U535CCU6Q, STM32U535CET6, STM32U535CET6Q, STM32U535CEU6, STM32U535CEU6Q, STM32U535JEY6QTR, STM32U535NCY6QTR, STM32U535NEY6QTR, STM32U535RBI6, STM32U535RBI6Q, STM32U535RBT6, STM32U535RBT6Q, STM32U535RCI6, STM32U535RCI6Q, STM32U535RCT6, STM32U535RCT6Q, STM32U535REI6, STM32U535REI6Q, STM32U535RET6, STM32U535RET6Q, STM32U535VCI6, STM32U535VCI6Q, STM32U535VCT6, STM32U535VCT6Q, STM32U535VEI6, STM32U535VEI6Q, STM32U535VET6, STM32U535VET6Q, STM32U545CET6, STM32U545CET6Q, STM32U545CEU6, STM32U545CEU6Q, STM32U545JEY6QTR, STM32U545NEY6QTR, STM32U545REI6, STM32U545REI6Q, STM32U545RET6, STM32U545RET6Q, STM32U545VEI6, STM32U545VEI6Q, STM32U545VET6, STM32U545VET6Q, STM32U595AIH6, STM32U595AIH6Q, STM32U595AJH6, STM32U595AJH6Q, STM32U595QII6, STM32U595QII6Q, STM32U595QJI6, STM32U595QJI6Q, STM32U595RIT6, STM32U595RIT6Q, STM32U595RJT6, STM32U595RJT6Q, STM32U595VIT6, STM32U595VIT6Q, STM32U595VJT6, STM32U595VJT6Q, STM32U595ZIT6, STM32U595ZIT6Q, STM32U595ZIY6QTR, STM32U595ZJT6, STM32U595ZJT6Q, STM32U595ZJY6QTR, STM32U599BJY6QTR, STM32U599NIH6Q, STM32U599NJH6Q, STM32U599VIT6Q, STM32U599VJT6, STM32U599VJT6Q, STM32U599ZIT6Q, STM32U599ZIY6QTR, STM32U599ZJT6Q, STM32U599ZJY6QTR, STM32U5A5AJH6, STM32U5A5AJH6Q, STM32U5A5QII3Q , STM32U5A5QJI6, STM32U5A5QJI6Q, STM32U5A5RJT6, STM32U5A5RJT6Q, STM32U5A5VJT6, STM32U5A5VJT6Q, STM32U5A5ZJT6, STM32U5A5ZJT6Q, STM32U5A5ZJY6QTR, STM32U5A9BJY6QTR, STM32U5A9J-DK, STM32U5A9NJH6Q, STM32U5A9VJT6Q, STM32U5A9ZJT6Q, STM32U5A9ZJY6QTR, STM32U5F7VIT6, STM32U5F7VIT6Q, STM32U5F7VJT6, STM32U5F7VJT6Q, STM32U5F9BJY6QTR, STM32U5F9NJH6Q, STM32U5F9VIT6Q, STM32U5F9VJT6Q, STM32U5F9ZIJ6QTR, STM32U5F9ZIT6Q, STM32U5F9ZJJ6QTR, STM32U5F9ZJT6Q, STM32U5G7VJT6, STM32U5G7VJT6Q, STM32U5G9BJY6QTR, STM32U5G9J-DK1, STM32U5G9J-DK2, STM32U5G9NJH6Q, STM32U5G9VJT6Q, STM32U5G9ZJJ6QTR, STM32U5G9ZJT6Q, STM32WB05KZV6TR, STM32WB05KZV7TR, STM32WB05TZF6TR, STM32WB05TZF7TR, STM32WB06CCF6TR, STM32WB06CCF7TR, STM32WB06CCV6TR, STM32WB06CCV7TR, STM32WB06KCV6TR, STM32WB06KCV7TR, STM32WB07CCF6TR, STM32WB07CCF7TR, STM32WB07CCV6TR, STM32WB07CCV7TR, STM32WB07KCV6TR, STM32WB07KCV7TR, STM32WB09KEV6TR, STM32WB09KEV7TR, STM32WB09TEF6TR, STM32WB09TEF7TR, STM32WB1MMCH6, STM32WBA50KGU6, STM32WBA50KGU6TR, STM32WBA52CEU6, STM32WBA52CEU6TR, STM32WBA52CEU7, STM32WBA52CEU7TR, STM32WBA52CGU6, STM32WBA52CGU6TR, STM32WBA52CGU6U, STM32WBA52CGU7, STM32WBA52CGU7TR, STM32WBA52KEU6, STM32WBA52KEU6TR, STM32WBA52KGU6, STM32WBA52KGU6TR, STM32WBA54CEU6, STM32WBA54CEU6TR, STM32WBA54CEU7, STM32WBA54CEU7TR, STM32WBA54CGU6, STM32WBA54CGU6TR, STM32WBA54CGU7, STM32WBA54CGU7TR, STM32WBA54KEU6, STM32WBA54KEU6TR, STM32WBA54KEU7, STM32WBA54KEU7TR, STM32WBA54KGU6, STM32WBA54KGU6TR, STM32WBA54KGU7, STM32WBA54KGU7TR, STM32WBA55CEU6, STM32WBA55CEU6TR, STM32WBA55CEU7, STM32WBA55CEU7TR, STM32WBA55CGU6, STM32WBA55CGU6TR, STM32WBA55CGU6U, STM32WBA55CGU7, STM32WBA55CGU7TR, STM32WBA55G-DK1, STM32WBA55HEF6, STM32WBA55HEF7, STM32WBA55HGF6, STM32WBA55HGF7, STM32WBA55UEI6, STM32WBA55UEI6TR, STM32WBA55UEI7, STM32WBA55UEI7TR, STM32WBA55UGI6, STM32WBA55UGI6TR, STM32WBA55UGI7, STM32WBA55UGI7TR, STM32WBA5MJGH6TR, STM32WBA62CGU6, STM32WBA62CIU6, STM32WBA62MGF6, STM32WBA62MIF6, STM32WBA62PGI6, STM32WBA62PII6, STM32WBA63CGU6, STM32WBA63CGU7, STM32WBA63CIU6, STM32WBA63CIU7, STM32WBA64CGU6, STM32WBA64CGU7, STM32WBA64CIU6, STM32WBA64CIU7, STM32WBA65CGU6, STM32WBA65CGU7, STM32WBA65CIU6, STM32WBA65CIU7, STM32WBA65I-DK1, STM32WBA65MGF6, STM32WBA65MGF7, STM32WBA65MIF6, STM32WBA65MIF7, STM32WBA65PGI6, STM32WBA65PGI7, STM32WBA65PII6, STM32WBA65PII7, STM32WBA65RGV6, STM32WBA65RGV7, STM32WBA65RIV6, STM32WBA65RIV7, STM32WL30K8V6, STM32WL30KBV6, STM32WL31C8V6, STM32WL31CBV6, STM32WL31K8V6, STM32WL31KBV6, STM32WL33C8V6, STM32WL33C8V6TR, STM32WL33C8V7, STM32WL33C8V7TR, STM32WL33CBV6, STM32WL33CBV6TR, STM32WL33CBV7, STM32WL33CBV7TR, STM32WL33CCV6, STM32WL33CCV6TR, STM32WL33CCV7, STM32WL33CCV7A, STM32WL33CCV7ATR, STM32WL33CCV7TR, STM32WL33K8V6, STM32WL33K8V6TR, STM32WL33K8V7, STM32WL33K8V7TR, STM32WL33KBV6, STM32WL33KBV6TR, STM32WL33KBV7, STM32WL33KBV7TR, STM32WL33KCV6, STM32WL33KCV6TR, STM32WL33KCV7, STM32WL33KCV7TR, STM32WL5MOCH6, STM32WL5MOCH6TR]
2026-08-13 16:04:52,899 [INFO] DbMcus:218 - Found 5246 MCUs, 5093 are supported
2026-08-13 16:04:52,899 [INFO] ApiDb:423 - Load user favorites file /home/thuy/.stm32cubeide/favorites.mcus.txt: 0 item(s)
2026-08-13 16:04:52,899 [INFO] ApiDb:427 - User favorites MCUs=[]
2026-08-13 16:04:52,899 [INFO] DbMcus:224 - Set 0 / 0 favorites MCUs
2026-08-13 16:04:53,220 [INFO] BoardInfo:889 - No configuration file found for board NUCLEO-H5E5ZJ
2026-08-13 16:04:53,220 [INFO] DbBoards:161 - Board is not supported: NUCLEO-H5E5ZJ
2026-08-13 16:04:53,239 [INFO] BoardInfo:889 - No configuration file found for board NUCLEO-U3C5ZI-Q
2026-08-13 16:04:53,240 [INFO] DbBoards:161 - Board is not supported: NUCLEO-U3C5ZI-Q
2026-08-13 16:04:53,245 [INFO] BoardInfo:889 - No configuration file found for board NUCLEO-WBA25CE1
2026-08-13 16:04:53,245 [INFO] DbBoards:161 - Board is not supported: NUCLEO-WBA25CE1
2026-08-13 16:04:53,248 [INFO] BoardInfo:889 - No configuration file found for board NUCLEO-WL3RKB1
2026-08-13 16:04:53,249 [INFO] DbBoards:161 - Board is not supported: NUCLEO-WL3RKB1
2026-08-13 16:04:53,249 [INFO] BoardInfo:889 - No configuration file found for board NUCLEO-WL3RKB2
2026-08-13 16:04:53,249 [INFO] DbBoards:161 - Board is not supported: NUCLEO-WL3RKB2
2026-08-13 16:04:53,252 [INFO] BoardInfo:889 - No configuration file found for board P-NUCLEO-WB55
2026-08-13 16:04:53,252 [INFO] DbBoards:161 - Kit is not supported: P-NUCLEO-WB55
2026-08-13 16:04:53,254 [INFO] BoardInfo:889 - No configuration file found for board STEVAL-BFA001V1B
2026-08-13 16:04:53,255 [INFO] DbBoards:161 - Kit is not supported: STEVAL-BFA001V1B
2026-08-13 16:04:53,255 [INFO] BoardInfo:889 - No configuration file found for board STEVAL-BFA001V2B
2026-08-13 16:04:53,255 [INFO] DbBoards:161 - Kit is not supported: STEVAL-BFA001V2B
2026-08-13 16:04:53,289 [INFO] BoardInfo:889 - No configuration file found for board STM32H5F5J-DK
2026-08-13 16:04:53,289 [INFO] DbBoards:161 - Board is not supported: STM32H5F5J-DK
2026-08-13 16:04:53,308 [INFO] BoardInfo:889 - No configuration file found for board STM32MP215F-DK
2026-08-13 16:04:53,308 [INFO] DbBoards:161 - Board is not supported: STM32MP215F-DK
2026-08-13 16:04:53,329 [INFO] DbBoards:168 - Found 218 boards, 208 are supported
2026-08-13 16:04:53,330 [INFO] DbBoards:169 - Found 218 boards, 43 of them is supported for  Bsp
2026-08-13 16:04:53,334 [INFO] ApiDb:423 - Load user favorites file /home/thuy/.stm32cubeide/favorites.boards.txt: 0 item(s)
2026-08-13 16:04:53,334 [INFO] ApiDb:427 - User favorites Boards=[]
2026-08-13 16:04:53,334 [INFO] DbBoards:198 - Set 0 / 0 favorites Boards
2026-08-13 16:04:53,385 [INFO] UtilMem:75 - End LoadConfig() Used Memory: 220554648 Bytes (573571072)
2026-08-13 16:04:53,467 [WARN] ThirdParty:833 - waiting for thirdparty lock release [change project]
2026-08-13 16:04:53,467 [INFO] ThirdParty:835 - entering critical section [change project]
2026-08-13 16:04:53,467 [INFO] ThirdParty:1030 - CMSIS Pack Vendor :STMicroelectronics X-CUBE-AZRTOS-H7 3.5.0
2026-08-13 16:04:53,467 [INFO] ThirdParty:1030 - CMSIS Pack Vendor :STMicroelectronics X-CUBE-PM33A1 1.0.0
2026-08-13 16:04:53,467 [INFO] ThirdParty:1030 - CMSIS Pack Vendor :STMicroelectronics USBPD 4.1
2026-08-13 16:04:53,467 [INFO] ThirdParty:1030 - CMSIS Pack Vendor :STMicroelectronics X-CUBE-NFC9 1.0.0
2026-08-13 16:04:53,467 [INFO] ThirdParty:1030 - CMSIS Pack Vendor :STMicroelectronics USB_HOST 2.0.0
2026-08-13 16:04:53,468 [INFO] ThirdParty:1030 - CMSIS Pack Vendor :STMicroelectronics FP-ATR-ASTRA1 2.0.3
2026-08-13 16:04:53,468 [INFO] ThirdParty:1030 - CMSIS Pack Vendor :STMicroelectronics X-CUBE-AZRTOS-F4 1.1.0
2026-08-13 16:04:53,468 [INFO] ThirdParty:1030 - CMSIS Pack Vendor :STMicroelectronics LIBJPEG 8.0.0
2026-08-13 16:04:53,468 [INFO] ThirdParty:1030 - CMSIS Pack Vendor :STMicroelectronics FP-ATR-ASTRA1 2.0.2
2026-08-13 16:04:53,468 [INFO] ThirdParty:1030 - CMSIS Pack Vendor :STMicroelectronics X-CUBE-BLE1 7.1.0
2026-08-13 16:04:53,468 [INFO] ThirdParty:1030 - CMSIS Pack Vendor :wolfSSL I-CUBE-wolfMQTT 1.19.2
2026-08-13 16:04:53,468 [INFO] ThirdParty:1030 - CMSIS Pack Vendor :STMicroelectronics USB_DEVICE 3.0.0
2026-08-13 16:04:53,468 [INFO] ThirdParty:1030 - CMSIS Pack Vendor :STMicroelectronics X-CUBE-ISPU 2.1.0
2026-08-13 16:04:53,468 [INFO] ThirdParty:1030 - CMSIS Pack Vendor :STMicroelectronics X-CUBE-EEPRMA1 5.2.0
2026-08-13 16:04:53,468 [INFO] ThirdParty:1030 - CMSIS Pack Vendor :STMicroelectronics eDS-WB_DPC_TT-BIDIR 2.1.1
2026-08-13 16:04:53,468 [INFO] ThirdParty:1030 - CMSIS Pack Vendor :STMicroelectronics X-CUBE-AZRTOS-WB 2.0.0
2026-08-13 16:04:53,468 [INFO] ThirdParty:1030 - CMSIS Pack Vendor :STMicroelectronics X-CUBE-NFC12 1.0.0
2026-08-13 16:04:53,468 [INFO] ThirdParty:1030 - CMSIS Pack Vendor :STMicroelectronics X-CUBE-AZRTOS-F7 1.1.0
2026-08-13 16:04:53,468 [INFO] ThirdParty:1030 - CMSIS Pack Vendor :STMicroelectronics X-CUBE-AZRTOS-L5 2.0.0
2026-08-13 16:04:53,468 [INFO] ThirdParty:1030 - CMSIS Pack Vendor :STMicroelectronics USB_DEVICE 2.0.0
2026-08-13 16:04:53,468 [INFO] ThirdParty:1030 - CMSIS Pack Vendor :quantropi X-CUBE-qispace-sdk-base 2.1.0
2026-08-13 16:04:53,468 [INFO] ThirdParty:1030 - CMSIS Pack Vendor :STMicroelectronics X-CUBE-STSE01 2.0.0
2026-08-13 16:04:53,468 [INFO] ThirdParty:1030 - CMSIS Pack Vendor :STMicroelectronics X-CUBE-ALGOBUILD 1.5.0
2026-08-13 16:04:53,468 [INFO] ThirdParty:1030 - CMSIS Pack Vendor :STMicroelectronics FreeRTOS 0.0.1
2026-08-13 16:04:53,468 [INFO] ThirdParty:1030 - CMSIS Pack Vendor :STMicroelectronics X-CUBE-AZRTOS-H7RS 1.3.0
2026-08-13 16:04:53,468 [INFO] ThirdParty:1030 - CMSIS Pack Vendor :STMicroelectronics X-CUBE-AZRTOS-G0 1.1.0
2026-08-13 16:04:53,468 [INFO] ThirdParty:1030 - CMSIS Pack Vendor :STMicroelectronics X-CUBE-NFC4 3.0.0
2026-08-13 16:04:53,468 [INFO] ThirdParty:1030 - CMSIS Pack Vendor :STMicroelectronics X-CUBE-SUBG2 5.0.0
2026-08-13 16:04:53,468 [INFO] ThirdParty:1030 - CMSIS Pack Vendor :STMicroelectronics STM32_WPAN 1.0.0
2026-08-13 16:04:53,468 [INFO] ThirdParty:1030 - CMSIS Pack Vendor :STMicroelectronics eDS-WB_DPC_VIENNA 1.2.0
2026-08-13 16:04:53,468 [INFO] ThirdParty:1030 - CMSIS Pack Vendor :EmbeddedOffice I-CUBE-FS-RTOS 1.0.1
2026-08-13 16:04:53,468 [INFO] ThirdParty:1030 - CMSIS Pack Vendor :STMicroelectronics lwIP 2.0.3
2026-08-13 16:04:53,468 [INFO] ThirdParty:1030 - CMSIS Pack Vendor :STMicroelectronics X-CUBE-MEMS1 13.0.0
2026-08-13 16:04:53,468 [INFO] ThirdParty:1030 - CMSIS Pack Vendor :STMicroelectronics eDS-WB_DPC_3PH2L-BIDIR 1.1.1
2026-08-13 16:04:53,468 [INFO] ThirdParty:1030 - CMSIS Pack Vendor :STMicroelectronics USB_HOST 1.0.0
2026-08-13 16:04:53,468 [INFO] ThirdParty:1030 - CMSIS Pack Vendor :STMicroelectronics X-CUBE-AZRTOS-G4 2.0.0
2026-08-13 16:04:53,468 [INFO] ThirdParty:1030 - CMSIS Pack Vendor :STMicroelectronics PDM2PCM 3.1.0
2026-08-13 16:04:53,468 [INFO] ThirdParty:1030 - CMSIS Pack Vendor :STMicroelectronics PDM2PCM 3.3.0
2026-08-13 16:04:53,468 [INFO] ThirdParty:1030 - CMSIS Pack Vendor :wolfSSL I-CUBE-wolfTPM 3.8.0
2026-08-13 16:04:53,468 [INFO] ThirdParty:1030 - CMSIS Pack Vendor :STMicroelectronics X-CUBE-DISPLAY 3.0.0
2026-08-13 16:04:53,468 [INFO] ThirdParty:1030 - CMSIS Pack Vendor :wolfSSL I-CUBE-wolfSSH 1.4.20
2026-08-13 16:04:53,468 [INFO] ThirdParty:1030 - CMSIS Pack Vendor :STMicroelectronics X-CUBE-NFC7 2.0.0
2026-08-13 16:04:53,468 [INFO] ThirdParty:1030 - CMSIS Pack Vendor :STMicroelectronics X-CUBE-GNSS1 7.1.1
2026-08-13 16:04:53,468 [INFO] ThirdParty:1030 - CMSIS Pack Vendor :STMicroelectronics X-CUBE-TCPP 4.2.0
2026-08-13 16:04:53,468 [INFO] ThirdParty:1030 - CMSIS Pack Vendor :RealThread X-CUBE-RT-Thread_Nano 4.1.1
2026-08-13 16:04:53,468 [INFO] ThirdParty:1030 - CMSIS Pack Vendor :wolfSSL I-CUBE-wolfSSL 5.9.1
2026-08-13 16:04:53,469 [INFO] ThirdParty:1030 - CMSIS Pack Vendor :STMicroelectronics FP-ATR-SIGFOX1 3.2.0
2026-08-13 16:04:53,469 [INFO] ThirdParty:1030 - CMSIS Pack Vendor :STMicroelectronics X-CUBE-NFC10 1.0.0
2026-08-13 16:04:53,469 [INFO] ThirdParty:1030 - CMSIS Pack Vendor :STMicroelectronics HAL Drivers 0.0.0
2026-08-13 16:04:53,469 [INFO] ThirdParty:1030 - CMSIS Pack Vendor :STMicroelectronics MBEDTLS 2.16.2
2026-08-13 16:04:53,469 [INFO] ThirdParty:1030 - CMSIS Pack Vendor :STMicroelectronics X-CUBE-ST60 1.1.0
2026-08-13 16:04:53,469 [INFO] ThirdParty:1030 - CMSIS Pack Vendor :STMicroelectronics X-CUBE-ALS 1.0.2
2026-08-13 16:04:53,469 [INFO] ThirdParty:1030 - CMSIS Pack Vendor :emotas I-CUBE-CANOPEN 1.3.0
2026-08-13 16:04:53,469 [INFO] ThirdParty:1030 - CMSIS Pack Vendor :STMicroelectronics MBEDTLS 2.14.1
2026-08-13 16:04:53,469 [INFO] ThirdParty:1030 - CMSIS Pack Vendor :ITTIA_DB I-CUBE-ITTIADB 8.9.0
2026-08-13 16:04:53,469 [INFO] ThirdParty:1030 - CMSIS Pack Vendor :Cesanta I-CUBE-Mongoose 7.21.7
2026-08-13 16:04:53,469 [INFO] ThirdParty:1030 - CMSIS Pack Vendor :STMicroelectronics X-CUBE-TOUCHGFX 4.26.1
2026-08-13 16:04:53,469 [INFO] ThirdParty:1030 - CMSIS Pack Vendor :STMicroelectronics X-CUBE-NFC6 3.2.0
2026-08-13 16:04:53,469 [INFO] ThirdParty:1030 - CMSIS Pack Vendor :STMicroelectronics X-CUBE-AI 10.2.1
2026-08-13 16:04:53,469 [INFO] ThirdParty:1030 - CMSIS Pack Vendor :STMicroelectronics ThreadX 1.0.0
2026-08-13 16:04:53,469 [INFO] ThirdParty:1030 - CMSIS Pack Vendor :STMicroelectronics FP-SNS-SMARTAG2 1.2.0
2026-08-13 16:04:53,469 [INFO] ThirdParty:1030 - CMSIS Pack Vendor :STMicroelectronics X-CUBE-MEMS1 12.1.0
2026-08-13 16:04:53,469 [INFO] ThirdParty:1030 - CMSIS Pack Vendor :STMicroelectronics FP-SNS-FLIGHT1 5.1.0
2026-08-13 16:04:53,469 [INFO] ThirdParty:1030 - CMSIS Pack Vendor :STMicroelectronics X-CUBE-AZRTOS-WL 2.0.0
2026-08-13 16:04:53,469 [INFO] ThirdParty:1030 - CMSIS Pack Vendor :SEGGER I-CUBE-embOS 1.3.1
2026-08-13 16:04:53,469 [INFO] ThirdParty:1030 - CMSIS Pack Vendor :STMicroelectronics X-CUBE-DPower 1.3.0
2026-08-13 16:04:53,469 [INFO] ThirdParty:1030 - CMSIS Pack Vendor :STMicroelectronics USB_DEVICE 1.0.0
2026-08-13 16:04:53,469 [INFO] ThirdParty:1030 - CMSIS Pack Vendor :STMicroelectronics X-CUBE-AZRTOS-L4 2.0.0
2026-08-13 16:04:53,469 [INFO] ThirdParty:1030 - CMSIS Pack Vendor :STMicroelectronics ThreadX 0.0.2
2026-08-13 16:04:53,469 [INFO] ThirdParty:1030 - CMSIS Pack Vendor :STMicroelectronics lwIP 2.1.2
2026-08-13 16:04:53,469 [INFO] ThirdParty:1030 - CMSIS Pack Vendor :STMicroelectronics X-CUBE-SFXS2LP1 4.0.0
2026-08-13 16:04:53,469 [INFO] ThirdParty:1030 - CMSIS Pack Vendor :STMicroelectronics X-CUBE-BLE2 3.3.0
2026-08-13 16:04:53,469 [INFO] ThirdParty:1030 - CMSIS Pack Vendor :Avnet-IOTCONNECT X-CUBE-iotc-st67-sdk 1.0.0
2026-08-13 16:04:53,469 [INFO] ThirdParty:1030 - CMSIS Pack Vendor :STMicroelectronics X-CUBE-TOF1 3.4.3
2026-08-13 16:04:53,469 [INFO] ThirdParty:1030 - CMSIS Pack Vendor :Infineon AIROC-Wi-Fi-Bluetooth-STM32 1.8.0
2026-08-13 16:04:53,469 [INFO] ThirdParty:1030 - CMSIS Pack Vendor :STMicroelectronics X-CUBE-NFC13 1.0.0
2026-08-13 16:04:53,469 [INFO] ThirdParty:1030 - CMSIS Pack Vendor :STMicroelectronics PDM2PCM 3.2.0
2026-08-13 16:04:53,469 [INFO] ThirdParty:1030 - CMSIS Pack Vendor :STMicroelectronics X-CUBE-WB05N 2.1.0
2026-08-13 16:04:53,470 [INFO] ThirdParty:841 - exiting critical section [change project]
2026-08-13 16:04:53,734 [INFO] PinOutPanel:1589 - setPackage(No Configuration,No Configuration)
2026-08-13 16:04:53,735 [INFO] PinOutPanel:1589 - setPackage(STM32F411CEUx,UFQFPN48)
2026-08-13 16:04:53,960 [INFO] UtilMem:75 - Before build in PCC Used Memory: 399167368 Bytes (573571072)
2026-08-13 16:04:54,331 [INFO] UtilMem:75 - After build in PCC Used Memory: 527916016 Bytes (573571072)
2026-08-13 16:04:54,357 [INFO] IPUIPlugin:80 - create IPUIPlugin
2026-08-13 16:04:54,358 [INFO] IPUIPlugin:80 - create IPUIPlugin
2026-08-13 16:04:54,358 [INFO] IPUIPlugin:80 - create IPUIPlugin
2026-08-13 16:04:54,358 [INFO] IPUIPlugin:80 - create IPUIPlugin
2026-08-13 16:04:54,358 [INFO] IPUIPlugin:80 - create IPUIPlugin
2026-08-13 16:04:54,358 [INFO] IPUIPlugin:80 - create IPUIPlugin
2026-08-13 16:04:54,358 [INFO] IPUIPlugin:80 - create IPUIPlugin
2026-08-13 16:04:54,358 [INFO] IPUIPlugin:80 - create IPUIPlugin
2026-08-13 16:04:54,358 [INFO] IPUIPlugin:80 - create IPUIPlugin
2026-08-13 16:04:54,358 [INFO] IPUIPlugin:80 - create IPUIPlugin
2026-08-13 16:04:54,358 [INFO] IPUIPlugin:80 - create IPUIPlugin
2026-08-13 16:04:54,358 [INFO] IPUIPlugin:80 - create IPUIPlugin
2026-08-13 16:04:54,358 [INFO] IPUIPlugin:80 - create IPUIPlugin
2026-08-13 16:04:54,359 [INFO] IPUIPlugin:80 - create IPUIPlugin
2026-08-13 16:04:54,359 [INFO] IPUIPlugin:80 - create IPUIPlugin
2026-08-13 16:04:54,359 [INFO] IPUIPlugin:80 - create IPUIPlugin
2026-08-13 16:04:54,359 [INFO] IPUIPlugin:80 - create IPUIPlugin
2026-08-13 16:04:54,359 [INFO] IPUIPlugin:80 - create IPUIPlugin
2026-08-13 16:04:54,359 [INFO] IPUIPlugin:80 - create IPUIPlugin
2026-08-13 16:04:54,359 [INFO] IPUIPlugin:80 - create IPUIPlugin
2026-08-13 16:04:54,359 [INFO] IPUIPlugin:80 - create IPUIPlugin
2026-08-13 16:04:54,359 [INFO] IPUIPlugin:80 - create IPUIPlugin
2026-08-13 16:04:54,359 [INFO] IPUIPlugin:80 - create IPUIPlugin
2026-08-13 16:04:54,359 [INFO] IPUIPlugin:80 - create IPUIPlugin
2026-08-13 16:04:54,360 [INFO] IPUIPlugin:80 - create IPUIPlugin
2026-08-13 16:04:54,360 [INFO] IPUIPlugin:80 - create IPUIPlugin
2026-08-13 16:04:54,360 [INFO] IPUIPlugin:80 - create IPUIPlugin
2026-08-13 16:04:54,360 [INFO] IPUIPlugin:80 - create IPUIPlugin
2026-08-13 16:04:54,360 [INFO] IPUIPlugin:80 - create IPUIPlugin
2026-08-13 16:04:54,360 [INFO] IPUIPlugin:80 - create IPUIPlugin
2026-08-13 16:04:54,360 [INFO] IPUIPlugin:80 - create IPUIPlugin
2026-08-13 16:04:54,360 [INFO] IPUIPlugin:80 - create IPUIPlugin
2026-08-13 16:04:54,360 [INFO] IPUIPlugin:80 - create IPUIPlugin
2026-08-13 16:04:54,361 [INFO] IPUIPlugin:80 - create IPUIPlugin
2026-08-13 16:04:54,361 [INFO] IPUIPlugin:80 - create IPUIPlugin
2026-08-13 16:04:54,361 [INFO] IPUIPlugin:80 - create IPUIPlugin
2026-08-13 16:04:54,361 [INFO] IPUIPlugin:80 - create IPUIPlugin
2026-08-13 16:04:54,361 [INFO] IPUIPlugin:80 - create IPUIPlugin
2026-08-13 16:04:54,361 [INFO] IPUIPlugin:80 - create IPUIPlugin
2026-08-13 16:04:54,361 [INFO] IPUIPlugin:80 - create IPUIPlugin
2026-08-13 16:04:54,362 [INFO] IPUIPlugin:80 - create IPUIPlugin
2026-08-13 16:04:54,362 [INFO] IPUIPlugin:80 - create IPUIPlugin
2026-08-13 16:04:54,362 [INFO] IPUIPlugin:80 - create IPUIPlugin
2026-08-13 16:04:54,383 [INFO] ApiDbMcu:508 - Load IP Config File for PDM2PCM
2026-08-13 16:04:54,389 [WARN] IP:2250 - I2C_Coeff_DF not found: check if there is a RefParameter without a condition.
2026-08-13 16:04:54,389 [WARN] IP:2250 - Analog_Filter not found: check if there is a RefParameter without a condition.
2026-08-13 16:04:54,486 [INFO] CADModel:165 - CPN selected for project levelSTM32F411CEU6
2026-08-13 16:04:54,486 [INFO] CADModel:114 - Register for checkConnection events
2026-08-13 16:04:54,524 [INFO] OpenFileManager:385 - Restore cursor
2026-08-13 16:04:54,686 [WARN] IP:2250 - I2C_Coeff_DF not found: check if there is a RefParameter without a condition.
2026-08-13 16:04:54,687 [WARN] IP:2250 - Analog_Filter not found: check if there is a RefParameter without a condition.
2026-08-13 16:04:54,687 [WARN] IP:2250 - I2C_Coeff_DF not found: check if there is a RefParameter without a condition.
2026-08-13 16:04:54,687 [WARN] IP:2250 - Analog_Filter not found: check if there is a RefParameter without a condition.
2026-08-13 16:05:06,309 [ERROR] LogOutputStream:75 - [STDERR_REDIRECT] Aug 13, 2026 4:05:06 PM java.util.prefs.FileSystemPreferences checkLockFile0ErrorCode
2026-08-13 16:05:06,310 [ERROR] LogOutputStream:75 - [STDERR_REDIRECT] WARNING: Could not lock System prefs. Unix error code 2.
2026-08-13 16:05:06,310 [ERROR] LogOutputStream:75 - [STDERR_REDIRECT] 
2026-08-13 16:05:06,310 [ERROR] LogOutputStream:75 - [STDERR_REDIRECT] Aug 13, 2026 4:05:06 PM java.util.prefs.FileSystemPreferences syncWorld
2026-08-13 16:05:06,310 [ERROR] LogOutputStream:75 - [STDERR_REDIRECT] WARNING: Couldn't flush system prefs: java.util.prefs.BackingStoreException: Couldn't get file lock.
2026-08-13 16:05:06,310 [ERROR] LogOutputStream:75 - [STDERR_REDIRECT] 
2026-08-13 16:05:36,305 [ERROR] LogOutputStream:75 - [STDERR_REDIRECT] Aug 13, 2026 4:05:36 PM java.util.prefs.FileSystemPreferences checkLockFile0ErrorCode
2026-08-13 16:05:36,306 [ERROR] LogOutputStream:75 - [STDERR_REDIRECT] WARNING: Could not lock System prefs. Unix error code 2.
2026-08-13 16:05:36,306 [ERROR] LogOutputStream:75 - [STDERR_REDIRECT] 
2026-08-13 16:05:36,306 [ERROR] LogOutputStream:75 - [STDERR_REDIRECT] Aug 13, 2026 4:05:36 PM java.util.prefs.FileSystemPreferences syncWorld
2026-08-13 16:05:36,306 [ERROR] LogOutputStream:75 - [STDERR_REDIRECT] WARNING: Couldn't flush system prefs: java.util.prefs.BackingStoreException: Couldn't get file lock.
2026-08-13 16:05:36,306 [ERROR] LogOutputStream:75 - [STDERR_REDIRECT] 
2026-08-13 16:06:01,377 [INFO] WebApp:194 - Connection lost
2026-08-13 16:06:04,421 [INFO] WebApp:191 - Connection restablished
2026-08-13 16:06:06,306 [ERROR] LogOutputStream:75 - [STDERR_REDIRECT] Aug 13, 2026 4:06:06 PM java.util.prefs.FileSystemPreferences checkLockFile0ErrorCode
2026-08-13 16:06:06,306 [ERROR] LogOutputStream:75 - [STDERR_REDIRECT] WARNING: Could not lock System prefs. Unix error code 2.
2026-08-13 16:06:06,306 [ERROR] LogOutputStream:75 - [STDERR_REDIRECT] 
2026-08-13 16:06:06,306 [ERROR] LogOutputStream:75 - [STDERR_REDIRECT] Aug 13, 2026 4:06:06 PM java.util.prefs.FileSystemPreferences syncWorld
2026-08-13 16:06:06,306 [ERROR] LogOutputStream:75 - [STDERR_REDIRECT] WARNING: Couldn't flush system prefs: java.util.prefs.BackingStoreException: Couldn't get file lock.
2026-08-13 16:06:06,306 [ERROR] LogOutputStream:75 - [STDERR_REDIRECT] 
2026-08-13 16:06:24,020 [INFO] WebApp:194 - Connection lost
2026-08-13 16:06:24,276 [INFO] WebApp:191 - Connection restablished
2026-08-13 16:06:36,306 [ERROR] LogOutputStream:75 - [STDERR_REDIRECT] Aug 13, 2026 4:06:36 PM java.util.prefs.FileSystemPreferences checkLockFile0ErrorCode
2026-08-13 16:06:36,306 [ERROR] LogOutputStream:75 - [STDERR_REDIRECT] WARNING: Could not lock System prefs. Unix error code 2.
2026-08-13 16:06:36,306 [ERROR] LogOutputStream:75 - [STDERR_REDIRECT] 
2026-08-13 16:06:36,306 [ERROR] LogOutputStream:75 - [STDERR_REDIRECT] Aug 13, 2026 4:06:36 PM java.util.prefs.FileSystemPreferences syncWorld
2026-08-13 16:06:36,306 [ERROR] LogOutputStream:75 - [STDERR_REDIRECT] WARNING: Couldn't flush system prefs: java.util.prefs.BackingStoreException: Couldn't get file lock.
2026-08-13 16:06:36,306 [ERROR] LogOutputStream:75 - [STDERR_REDIRECT] 
2026-08-13 16:07:06,306 [ERROR] LogOutputStream:75 - [STDERR_REDIRECT] Aug 13, 2026 4:07:06 PM java.util.prefs.FileSystemPreferences checkLockFile0ErrorCode
2026-08-13 16:07:06,306 [ERROR] LogOutputStream:75 - [STDERR_REDIRECT] WARNING: Could not lock System prefs. Unix error code 2.
2026-08-13 16:07:06,311 [ERROR] LogOutputStream:75 - [STDERR_REDIRECT] 
2026-08-13 16:07:06,311 [ERROR] LogOutputStream:75 - [STDERR_REDIRECT] Aug 13, 2026 4:07:06 PM java.util.prefs.FileSystemPreferences syncWorld
2026-08-13 16:07:06,312 [ERROR] LogOutputStream:75 - [STDERR_REDIRECT] WARNING: Couldn't flush system prefs: java.util.prefs.BackingStoreException: Couldn't get file lock.
2026-08-13 16:07:06,312 [ERROR] LogOutputStream:75 - [STDERR_REDIRECT] 
2026-08-13 16:07:36,306 [ERROR] LogOutputStream:75 - [STDERR_REDIRECT] Aug 13, 2026 4:07:36 PM java.util.prefs.FileSystemPreferences checkLockFile0ErrorCode
2026-08-13 16:07:36,306 [ERROR] LogOutputStream:75 - [STDERR_REDIRECT] WARNING: Could not lock System prefs. Unix error code 2.
2026-08-13 16:07:36,306 [ERROR] LogOutputStream:75 - [STDERR_REDIRECT] 
2026-08-13 16:07:36,306 [ERROR] LogOutputStream:75 - [STDERR_REDIRECT] Aug 13, 2026 4:07:36 PM java.util.prefs.FileSystemPreferences syncWorld
2026-08-13 16:07:36,306 [ERROR] LogOutputStream:75 - [STDERR_REDIRECT] WARNING: Couldn't flush system prefs: java.util.prefs.BackingStoreException: Couldn't get file lock.
2026-08-13 16:07:36,306 [ERROR] LogOutputStream:75 - [STDERR_REDIRECT] 
2026-08-13 16:08:06,306 [ERROR] LogOutputStream:75 - [STDERR_REDIRECT] Aug 13, 2026 4:08:06 PM java.util.prefs.FileSystemPreferences checkLockFile0ErrorCode
2026-08-13 16:08:06,306 [ERROR] LogOutputStream:75 - [STDERR_REDIRECT] WARNING: Could not lock System prefs. Unix error code 2.
2026-08-13 16:08:06,306 [ERROR] LogOutputStream:75 - [STDERR_REDIRECT] 
2026-08-13 16:08:06,306 [ERROR] LogOutputStream:75 - [STDERR_REDIRECT] Aug 13, 2026 4:08:06 PM java.util.prefs.FileSystemPreferences syncWorld
2026-08-13 16:08:06,307 [ERROR] LogOutputStream:75 - [STDERR_REDIRECT] WARNING: Couldn't flush system prefs: java.util.prefs.BackingStoreException: Couldn't get file lock.
2026-08-13 16:08:06,307 [ERROR] LogOutputStream:75 - [STDERR_REDIRECT] 
2026-08-13 16:08:06,862 [INFO] WebApp:194 - Connection lost
2026-08-13 16:08:07,500 [INFO] WebApp:191 - Connection restablished
2026-08-13 16:08:36,306 [ERROR] LogOutputStream:75 - [STDERR_REDIRECT] Aug 13, 2026 4:08:36 PM java.util.prefs.FileSystemPreferences checkLockFile0ErrorCode
2026-08-13 16:08:36,306 [ERROR] LogOutputStream:75 - [STDERR_REDIRECT] WARNING: Could not lock System prefs. Unix error code 2.
2026-08-13 16:08:36,306 [ERROR] LogOutputStream:75 - [STDERR_REDIRECT] 
2026-08-13 16:08:36,306 [ERROR] LogOutputStream:75 - [STDERR_REDIRECT] Aug 13, 2026 4:08:36 PM java.util.prefs.FileSystemPreferences syncWorld
2026-08-13 16:08:36,306 [ERROR] LogOutputStream:75 - [STDERR_REDIRECT] WARNING: Couldn't flush system prefs: java.util.prefs.BackingStoreException: Couldn't get file lock.
2026-08-13 16:08:36,307 [ERROR] LogOutputStream:75 - [STDERR_REDIRECT] 
2026-08-13 16:09:06,306 [ERROR] LogOutputStream:75 - [STDERR_REDIRECT] Aug 13, 2026 4:09:06 PM java.util.prefs.FileSystemPreferences checkLockFile0ErrorCode
2026-08-13 16:09:06,306 [ERROR] LogOutputStream:75 - [STDERR_REDIRECT] WARNING: Could not lock System prefs. Unix error code 2.
2026-08-13 16:09:06,306 [ERROR] LogOutputStream:75 - [STDERR_REDIRECT] 
2026-08-13 16:09:06,307 [ERROR] LogOutputStream:75 - [STDERR_REDIRECT] Aug 13, 2026 4:09:06 PM java.util.prefs.FileSystemPreferences syncWorld
2026-08-13 16:09:06,307 [ERROR] LogOutputStream:75 - [STDERR_REDIRECT] WARNING: Couldn't flush system prefs: java.util.prefs.BackingStoreException: Couldn't get file lock.
2026-08-13 16:09:06,307 [ERROR] LogOutputStream:75 - [STDERR_REDIRECT] 
2026-08-13 16:09:36,307 [ERROR] LogOutputStream:75 - [STDERR_REDIRECT] Aug 13, 2026 4:09:36 PM java.util.prefs.FileSystemPreferences checkLockFile0ErrorCode
2026-08-13 16:09:36,307 [ERROR] LogOutputStream:75 - [STDERR_REDIRECT] WARNING: Could not lock System prefs. Unix error code 2.
2026-08-13 16:09:36,307 [ERROR] LogOutputStream:75 - [STDERR_REDIRECT] 
2026-08-13 16:09:36,307 [ERROR] LogOutputStream:75 - [STDERR_REDIRECT] Aug 13, 2026 4:09:36 PM java.util.prefs.FileSystemPreferences syncWorld
2026-08-13 16:09:36,307 [ERROR] LogOutputStream:75 - [STDERR_REDIRECT] WARNING: Couldn't flush system prefs: java.util.prefs.BackingStoreException: Couldn't get file lock.
2026-08-13 16:09:36,307 [ERROR] LogOutputStream:75 - [STDERR_REDIRECT] 
2026-08-13 16:10:06,307 [ERROR] LogOutputStream:75 - [STDERR_REDIRECT] Aug 13, 2026 4:10:06 PM java.util.prefs.FileSystemPreferences checkLockFile0ErrorCode
2026-08-13 16:10:06,307 [ERROR] LogOutputStream:75 - [STDERR_REDIRECT] WARNING: Could not lock System prefs. Unix error code 2.
2026-08-13 16:10:06,307 [ERROR] LogOutputStream:75 - [STDERR_REDIRECT] 
2026-08-13 16:10:06,307 [ERROR] LogOutputStream:75 - [STDERR_REDIRECT] Aug 13, 2026 4:10:06 PM java.util.prefs.FileSystemPreferences syncWorld
2026-08-13 16:10:06,307 [ERROR] LogOutputStream:75 - [STDERR_REDIRECT] WARNING: Couldn't flush system prefs: java.util.prefs.BackingStoreException: Couldn't get file lock.
2026-08-13 16:10:06,307 [ERROR] LogOutputStream:75 - [STDERR_REDIRECT] 
2026-08-13 16:10:36,308 [ERROR] LogOutputStream:75 - [STDERR_REDIRECT] Aug 13, 2026 4:10:36 PM java.util.prefs.FileSystemPreferences checkLockFile0ErrorCode
2026-08-13 16:10:36,308 [ERROR] LogOutputStream:75 - [STDERR_REDIRECT] WARNING: Could not lock System prefs. Unix error code 2.
2026-08-13 16:10:36,308 [ERROR] LogOutputStream:75 - [STDERR_REDIRECT] 
2026-08-13 16:10:36,309 [ERROR] LogOutputStream:75 - [STDERR_REDIRECT] Aug 13, 2026 4:10:36 PM java.util.prefs.FileSystemPreferences syncWorld
2026-08-13 16:10:36,309 [ERROR] LogOutputStream:75 - [STDERR_REDIRECT] WARNING: Couldn't flush system prefs: java.util.prefs.BackingStoreException: Couldn't get file lock.
2026-08-13 16:10:36,309 [ERROR] LogOutputStream:75 - [STDERR_REDIRECT] 
2026-08-13 16:11:06,308 [ERROR] LogOutputStream:75 - [STDERR_REDIRECT] Aug 13, 2026 4:11:06 PM java.util.prefs.FileSystemPreferences checkLockFile0ErrorCode
2026-08-13 16:11:06,308 [ERROR] LogOutputStream:75 - [STDERR_REDIRECT] WARNING: Could not lock System prefs. Unix error code 2.
2026-08-13 16:11:06,308 [ERROR] LogOutputStream:75 - [STDERR_REDIRECT] 
2026-08-13 16:11:06,308 [ERROR] LogOutputStream:75 - [STDERR_REDIRECT] Aug 13, 2026 4:11:06 PM java.util.prefs.FileSystemPreferences syncWorld
2026-08-13 16:11:06,309 [ERROR] LogOutputStream:75 - [STDERR_REDIRECT] WARNING: Couldn't flush system prefs: java.util.prefs.BackingStoreException: Couldn't get file lock.
2026-08-13 16:11:06,309 [ERROR] LogOutputStream:75 - [STDERR_REDIRECT] 
2026-08-13 16:11:36,308 [ERROR] LogOutputStream:75 - [STDERR_REDIRECT] Aug 13, 2026 4:11:36 PM java.util.prefs.FileSystemPreferences checkLockFile0ErrorCode
2026-08-13 16:11:36,308 [ERROR] LogOutputStream:75 - [STDERR_REDIRECT] WARNING: Could not lock System prefs. Unix error code 2.
2026-08-13 16:11:36,308 [ERROR] LogOutputStream:75 - [STDERR_REDIRECT] 
2026-08-13 16:11:36,308 [ERROR] LogOutputStream:75 - [STDERR_REDIRECT] Aug 13, 2026 4:11:36 PM java.util.prefs.FileSystemPreferences syncWorld
2026-08-13 16:11:36,308 [ERROR] LogOutputStream:75 - [STDERR_REDIRECT] WARNING: Couldn't flush system prefs: java.util.prefs.BackingStoreException: Couldn't get file lock.
2026-08-13 16:11:36,308 [ERROR] LogOutputStream:75 - [STDERR_REDIRECT] 
2026-08-13 16:12:06,309 [ERROR] LogOutputStream:75 - [STDERR_REDIRECT] Aug 13, 2026 4:12:06 PM java.util.prefs.FileSystemPreferences checkLockFile0ErrorCode
2026-08-13 16:12:06,309 [ERROR] LogOutputStream:75 - [STDERR_REDIRECT] WARNING: Could not lock System prefs. Unix error code 2.
2026-08-13 16:12:06,309 [ERROR] LogOutputStream:75 - [STDERR_REDIRECT] 
2026-08-13 16:12:06,309 [ERROR] LogOutputStream:75 - [STDERR_REDIRECT] Aug 13, 2026 4:12:06 PM java.util.prefs.FileSystemPreferences syncWorld
2026-08-13 16:12:06,309 [ERROR] LogOutputStream:75 - [STDERR_REDIRECT] WARNING: Couldn't flush system prefs: java.util.prefs.BackingStoreException: Couldn't get file lock.
2026-08-13 16:12:06,309 [ERROR] LogOutputStream:75 - [STDERR_REDIRECT] 
2026-08-13 16:12:36,310 [ERROR] LogOutputStream:75 - [STDERR_REDIRECT] Aug 13, 2026 4:12:36 PM java.util.prefs.FileSystemPreferences checkLockFile0ErrorCode
2026-08-13 16:12:36,310 [ERROR] LogOutputStream:75 - [STDERR_REDIRECT] WARNING: Could not lock System prefs. Unix error code 2.
2026-08-13 16:12:36,310 [ERROR] LogOutputStream:75 - [STDERR_REDIRECT] 
2026-08-13 16:12:36,310 [ERROR] LogOutputStream:75 - [STDERR_REDIRECT] Aug 13, 2026 4:12:36 PM java.util.prefs.FileSystemPreferences syncWorld
2026-08-13 16:12:36,310 [ERROR] LogOutputStream:75 - [STDERR_REDIRECT] WARNING: Couldn't flush system prefs: java.util.prefs.BackingStoreException: Couldn't get file lock.
2026-08-13 16:12:36,310 [ERROR] LogOutputStream:75 - [STDERR_REDIRECT] 
2026-08-13 16:13:06,311 [ERROR] LogOutputStream:75 - [STDERR_REDIRECT] Aug 13, 2026 4:13:06 PM java.util.prefs.FileSystemPreferences checkLockFile0ErrorCode
2026-08-13 16:13:06,311 [ERROR] LogOutputStream:75 - [STDERR_REDIRECT] WARNING: Could not lock System prefs. Unix error code 2.
2026-08-13 16:13:06,311 [ERROR] LogOutputStream:75 - [STDERR_REDIRECT] 
2026-08-13 16:13:06,311 [ERROR] LogOutputStream:75 - [STDERR_REDIRECT] Aug 13, 2026 4:13:06 PM java.util.prefs.FileSystemPreferences syncWorld
2026-08-13 16:13:06,311 [ERROR] LogOutputStream:75 - [STDERR_REDIRECT] WARNING: Couldn't flush system prefs: java.util.prefs.BackingStoreException: Couldn't get file lock.
2026-08-13 16:13:06,311 [ERROR] LogOutputStream:75 - [STDERR_REDIRECT] 
2026-08-13 16:13:36,313 [ERROR] LogOutputStream:75 - [STDERR_REDIRECT] Aug 13, 2026 4:13:36 PM java.util.prefs.FileSystemPreferences checkLockFile0ErrorCode
2026-08-13 16:13:36,313 [ERROR] LogOutputStream:75 - [STDERR_REDIRECT] WARNING: Could not lock System prefs. Unix error code 2.
2026-08-13 16:13:36,313 [ERROR] LogOutputStream:75 - [STDERR_REDIRECT] 
2026-08-13 16:13:36,314 [ERROR] LogOutputStream:75 - [STDERR_REDIRECT] Aug 13, 2026 4:13:36 PM java.util.prefs.FileSystemPreferences syncWorld
2026-08-13 16:13:36,314 [ERROR] LogOutputStream:75 - [STDERR_REDIRECT] WARNING: Couldn't flush system prefs: java.util.prefs.BackingStoreException: Couldn't get file lock.
2026-08-13 16:13:36,314 [ERROR] LogOutputStream:75 - [STDERR_REDIRECT] 
2026-08-13 16:14:06,311 [ERROR] LogOutputStream:75 - [STDERR_REDIRECT] Aug 13, 2026 4:14:06 PM java.util.prefs.FileSystemPreferences checkLockFile0ErrorCode
2026-08-13 16:14:06,311 [ERROR] LogOutputStream:75 - [STDERR_REDIRECT] WARNING: Could not lock System prefs. Unix error code 2.
2026-08-13 16:14:06,311 [ERROR] LogOutputStream:75 - [STDERR_REDIRECT] 
2026-08-13 16:14:06,311 [ERROR] LogOutputStream:75 - [STDERR_REDIRECT] Aug 13, 2026 4:14:06 PM java.util.prefs.FileSystemPreferences syncWorld
2026-08-13 16:14:06,311 [ERROR] LogOutputStream:75 - [STDERR_REDIRECT] WARNING: Couldn't flush system prefs: java.util.prefs.BackingStoreException: Couldn't get file lock.
2026-08-13 16:14:06,311 [ERROR] LogOutputStream:75 - [STDERR_REDIRECT] 
2026-08-13 16:14:36,311 [ERROR] LogOutputStream:75 - [STDERR_REDIRECT] Aug 13, 2026 4:14:36 PM java.util.prefs.FileSystemPreferences checkLockFile0ErrorCode
2026-08-13 16:14:36,311 [ERROR] LogOutputStream:75 - [STDERR_REDIRECT] WARNING: Could not lock System prefs. Unix error code 2.
2026-08-13 16:14:36,311 [ERROR] LogOutputStream:75 - [STDERR_REDIRECT] 
2026-08-13 16:14:36,312 [ERROR] LogOutputStream:75 - [STDERR_REDIRECT] Aug 13, 2026 4:14:36 PM java.util.prefs.FileSystemPreferences syncWorld
2026-08-13 16:14:36,312 [ERROR] LogOutputStream:75 - [STDERR_REDIRECT] WARNING: Couldn't flush system prefs: java.util.prefs.BackingStoreException: Couldn't get file lock.
2026-08-13 16:14:36,312 [ERROR] LogOutputStream:75 - [STDERR_REDIRECT] 
2026-08-13 16:15:06,311 [ERROR] LogOutputStream:75 - [STDERR_REDIRECT] Aug 13, 2026 4:15:06 PM java.util.prefs.FileSystemPreferences checkLockFile0ErrorCode
2026-08-13 16:15:06,311 [ERROR] LogOutputStream:75 - [STDERR_REDIRECT] WARNING: Could not lock System prefs. Unix error code 2.
2026-08-13 16:15:06,311 [ERROR] LogOutputStream:75 - [STDERR_REDIRECT] 
2026-08-13 16:15:06,312 [ERROR] LogOutputStream:75 - [STDERR_REDIRECT] Aug 13, 2026 4:15:06 PM java.util.prefs.FileSystemPreferences syncWorld
2026-08-13 16:15:06,312 [ERROR] LogOutputStream:75 - [STDERR_REDIRECT] WARNING: Couldn't flush system prefs: java.util.prefs.BackingStoreException: Couldn't get file lock.
2026-08-13 16:15:06,312 [ERROR] LogOutputStream:75 - [STDERR_REDIRECT] 
2026-08-13 16:15:36,311 [ERROR] LogOutputStream:75 - [STDERR_REDIRECT] Aug 13, 2026 4:15:36 PM java.util.prefs.FileSystemPreferences checkLockFile0ErrorCode
2026-08-13 16:15:36,312 [ERROR] LogOutputStream:75 - [STDERR_REDIRECT] WARNING: Could not lock System prefs. Unix error code 2.
2026-08-13 16:15:36,312 [ERROR] LogOutputStream:75 - [STDERR_REDIRECT] 
2026-08-13 16:15:36,312 [ERROR] LogOutputStream:75 - [STDERR_REDIRECT] Aug 13, 2026 4:15:36 PM java.util.prefs.FileSystemPreferences syncWorld
2026-08-13 16:15:36,312 [ERROR] LogOutputStream:75 - [STDERR_REDIRECT] WARNING: Couldn't flush system prefs: java.util.prefs.BackingStoreException: Couldn't get file lock.
2026-08-13 16:15:36,312 [ERROR] LogOutputStream:75 - [STDERR_REDIRECT] 
2026-08-13 16:16:06,312 [ERROR] LogOutputStream:75 - [STDERR_REDIRECT] Aug 13, 2026 4:16:06 PM java.util.prefs.FileSystemPreferences checkLockFile0ErrorCode
2026-08-13 16:16:06,312 [ERROR] LogOutputStream:75 - [STDERR_REDIRECT] WARNING: Could not lock System prefs. Unix error code 2.
2026-08-13 16:16:06,312 [ERROR] LogOutputStream:75 - [STDERR_REDIRECT] 
2026-08-13 16:16:06,312 [ERROR] LogOutputStream:75 - [STDERR_REDIRECT] Aug 13, 2026 4:16:06 PM java.util.prefs.FileSystemPreferences syncWorld
2026-08-13 16:16:06,312 [ERROR] LogOutputStream:75 - [STDERR_REDIRECT] WARNING: Couldn't flush system prefs: java.util.prefs.BackingStoreException: Couldn't get file lock.
2026-08-13 16:16:06,312 [ERROR] LogOutputStream:75 - [STDERR_REDIRECT] 
2026-08-13 16:16:36,312 [ERROR] LogOutputStream:75 - [STDERR_REDIRECT] Aug 13, 2026 4:16:36 PM java.util.prefs.FileSystemPreferences checkLockFile0ErrorCode
2026-08-13 16:16:36,312 [ERROR] LogOutputStream:75 - [STDERR_REDIRECT] WARNING: Could not lock System prefs. Unix error code 2.
2026-08-13 16:16:36,312 [ERROR] LogOutputStream:75 - [STDERR_REDIRECT] 
2026-08-13 16:16:36,312 [ERROR] LogOutputStream:75 - [STDERR_REDIRECT] Aug 13, 2026 4:16:36 PM java.util.prefs.FileSystemPreferences syncWorld
2026-08-13 16:16:36,312 [ERROR] LogOutputStream:75 - [STDERR_REDIRECT] WARNING: Couldn't flush system prefs: java.util.prefs.BackingStoreException: Couldn't get file lock.
2026-08-13 16:16:36,313 [ERROR] LogOutputStream:75 - [STDERR_REDIRECT] 
2026-08-13 16:17:06,311 [ERROR] LogOutputStream:75 - [STDERR_REDIRECT] Aug 13, 2026 4:17:06 PM java.util.prefs.FileSystemPreferences checkLockFile0ErrorCode
2026-08-13 16:17:06,311 [ERROR] LogOutputStream:75 - [STDERR_REDIRECT] WARNING: Could not lock System prefs. Unix error code 2.
2026-08-13 16:17:06,311 [ERROR] LogOutputStream:75 - [STDERR_REDIRECT] 
2026-08-13 16:17:06,311 [ERROR] LogOutputStream:75 - [STDERR_REDIRECT] Aug 13, 2026 4:17:06 PM java.util.prefs.FileSystemPreferences syncWorld
2026-08-13 16:17:06,311 [ERROR] LogOutputStream:75 - [STDERR_REDIRECT] WARNING: Couldn't flush system prefs: java.util.prefs.BackingStoreException: Couldn't get file lock.
2026-08-13 16:17:06,311 [ERROR] LogOutputStream:75 - [STDERR_REDIRECT] 
2026-08-13 16:17:36,312 [ERROR] LogOutputStream:75 - [STDERR_REDIRECT] Aug 13, 2026 4:17:36 PM java.util.prefs.FileSystemPreferences checkLockFile0ErrorCode
2026-08-13 16:17:36,312 [ERROR] LogOutputStream:75 - [STDERR_REDIRECT] WARNING: Could not lock System prefs. Unix error code 2.
2026-08-13 16:17:36,312 [ERROR] LogOutputStream:75 - [STDERR_REDIRECT] 
2026-08-13 16:17:36,312 [ERROR] LogOutputStream:75 - [STDERR_REDIRECT] Aug 13, 2026 4:17:36 PM java.util.prefs.FileSystemPreferences syncWorld
2026-08-13 16:17:36,312 [ERROR] LogOutputStream:75 - [STDERR_REDIRECT] WARNING: Couldn't flush system prefs: java.util.prefs.BackingStoreException: Couldn't get file lock.
2026-08-13 16:17:36,312 [ERROR] LogOutputStream:75 - [STDERR_REDIRECT] 
2026-08-13 16:18:06,312 [ERROR] LogOutputStream:75 - [STDERR_REDIRECT] Aug 13, 2026 4:18:06 PM java.util.prefs.FileSystemPreferences checkLockFile0ErrorCode
2026-08-13 16:18:06,312 [ERROR] LogOutputStream:75 - [STDERR_REDIRECT] WARNING: Could not lock System prefs. Unix error code 2.
2026-08-13 16:18:06,312 [ERROR] LogOutputStream:75 - [STDERR_REDIRECT] 
2026-08-13 16:18:06,312 [ERROR] LogOutputStream:75 - [STDERR_REDIRECT] Aug 13, 2026 4:18:06 PM java.util.prefs.FileSystemPreferences syncWorld
2026-08-13 16:18:06,312 [ERROR] LogOutputStream:75 - [STDERR_REDIRECT] WARNING: Couldn't flush system prefs: java.util.prefs.BackingStoreException: Couldn't get file lock.
2026-08-13 16:18:06,312 [ERROR] LogOutputStream:75 - [STDERR_REDIRECT] 
2026-08-13 16:18:36,313 [ERROR] LogOutputStream:75 - [STDERR_REDIRECT] Aug 13, 2026 4:18:36 PM java.util.prefs.FileSystemPreferences checkLockFile0ErrorCode
2026-08-13 16:18:36,313 [ERROR] LogOutputStream:75 - [STDERR_REDIRECT] WARNING: Could not lock System prefs. Unix error code 2.
2026-08-13 16:18:36,313 [ERROR] LogOutputStream:75 - [STDERR_REDIRECT] 
2026-08-13 16:18:36,314 [ERROR] LogOutputStream:75 - [STDERR_REDIRECT] Aug 13, 2026 4:18:36 PM java.util.prefs.FileSystemPreferences syncWorld
2026-08-13 16:18:36,314 [ERROR] LogOutputStream:75 - [STDERR_REDIRECT] WARNING: Couldn't flush system prefs: java.util.prefs.BackingStoreException: Couldn't get file lock.
2026-08-13 16:18:36,314 [ERROR] LogOutputStream:75 - [STDERR_REDIRECT] 
2026-08-13 16:19:06,313 [ERROR] LogOutputStream:75 - [STDERR_REDIRECT] Aug 13, 2026 4:19:06 PM java.util.prefs.FileSystemPreferences checkLockFile0ErrorCode
2026-08-13 16:19:06,313 [ERROR] LogOutputStream:75 - [STDERR_REDIRECT] WARNING: Could not lock System prefs. Unix error code 2.
2026-08-13 16:19:06,313 [ERROR] LogOutputStream:75 - [STDERR_REDIRECT] 
2026-08-13 16:19:06,314 [ERROR] LogOutputStream:75 - [STDERR_REDIRECT] Aug 13, 2026 4:19:06 PM java.util.prefs.FileSystemPreferences syncWorld
2026-08-13 16:19:06,314 [ERROR] LogOutputStream:75 - [STDERR_REDIRECT] WARNING: Couldn't flush system prefs: java.util.prefs.BackingStoreException: Couldn't get file lock.
2026-08-13 16:19:06,314 [ERROR] LogOutputStream:75 - [STDERR_REDIRECT] 
2026-08-13 16:19:36,313 [ERROR] LogOutputStream:75 - [STDERR_REDIRECT] Aug 13, 2026 4:19:36 PM java.util.prefs.FileSystemPreferences checkLockFile0ErrorCode
2026-08-13 16:19:36,313 [ERROR] LogOutputStream:75 - [STDERR_REDIRECT] WARNING: Could not lock System prefs. Unix error code 2.
2026-08-13 16:19:36,313 [ERROR] LogOutputStream:75 - [STDERR_REDIRECT] 
2026-08-13 16:19:36,314 [ERROR] LogOutputStream:75 - [STDERR_REDIRECT] Aug 13, 2026 4:19:36 PM java.util.prefs.FileSystemPreferences syncWorld
2026-08-13 16:19:36,314 [ERROR] LogOutputStream:75 - [STDERR_REDIRECT] WARNING: Couldn't flush system prefs: java.util.prefs.BackingStoreException: Couldn't get file lock.
2026-08-13 16:19:36,314 [ERROR] LogOutputStream:75 - [STDERR_REDIRECT] 
2026-08-13 16:20:06,314 [ERROR] LogOutputStream:75 - [STDERR_REDIRECT] Aug 13, 2026 4:20:06 PM java.util.prefs.FileSystemPreferences checkLockFile0ErrorCode
2026-08-13 16:20:06,314 [ERROR] LogOutputStream:75 - [STDERR_REDIRECT] WARNING: Could not lock System prefs. Unix error code 2.
2026-08-13 16:20:06,314 [ERROR] LogOutputStream:75 - [STDERR_REDIRECT] 
2026-08-13 16:20:06,314 [ERROR] LogOutputStream:75 - [STDERR_REDIRECT] Aug 13, 2026 4:20:06 PM java.util.prefs.FileSystemPreferences syncWorld
2026-08-13 16:20:06,314 [ERROR] LogOutputStream:75 - [STDERR_REDIRECT] WARNING: Couldn't flush system prefs: java.util.prefs.BackingStoreException: Couldn't get file lock.
2026-08-13 16:20:06,314 [ERROR] LogOutputStream:75 - [STDERR_REDIRECT] 
2026-08-13 16:20:10,847 [INFO] WebApp:194 - Connection lost
2026-08-13 16:20:31,950 [INFO] WebApp:191 - Connection restablished
2026-08-13 16:20:36,314 [ERROR] LogOutputStream:75 - [STDERR_REDIRECT] Aug 13, 2026 4:20:36 PM java.util.prefs.FileSystemPreferences checkLockFile0ErrorCode
2026-08-13 16:20:36,314 [ERROR] LogOutputStream:75 - [STDERR_REDIRECT] WARNING: Could not lock System prefs. Unix error code 2.
2026-08-13 16:20:36,314 [ERROR] LogOutputStream:75 - [STDERR_REDIRECT] 
2026-08-13 16:20:36,315 [ERROR] LogOutputStream:75 - [STDERR_REDIRECT] Aug 13, 2026 4:20:36 PM java.util.prefs.FileSystemPreferences syncWorld
2026-08-13 16:20:36,315 [ERROR] LogOutputStream:75 - [STDERR_REDIRECT] WARNING: Couldn't flush system prefs: java.util.prefs.BackingStoreException: Couldn't get file lock.
2026-08-13 16:20:36,315 [ERROR] LogOutputStream:75 - [STDERR_REDIRECT] 
2026-08-13 16:21:06,313 [ERROR] LogOutputStream:75 - [STDERR_REDIRECT] Aug 13, 2026 4:21:06 PM java.util.prefs.FileSystemPreferences checkLockFile0ErrorCode
2026-08-13 16:21:06,313 [ERROR] LogOutputStream:75 - [STDERR_REDIRECT] WARNING: Could not lock System prefs. Unix error code 2.
2026-08-13 16:21:06,313 [ERROR] LogOutputStream:75 - [STDERR_REDIRECT] 
2026-08-13 16:21:06,313 [ERROR] LogOutputStream:75 - [STDERR_REDIRECT] Aug 13, 2026 4:21:06 PM java.util.prefs.FileSystemPreferences syncWorld
2026-08-13 16:21:06,314 [ERROR] LogOutputStream:75 - [STDERR_REDIRECT] WARNING: Couldn't flush system prefs: java.util.prefs.BackingStoreException: Couldn't get file lock.
2026-08-13 16:21:06,314 [ERROR] LogOutputStream:75 - [STDERR_REDIRECT] 
2026-08-13 16:21:36,313 [ERROR] LogOutputStream:75 - [STDERR_REDIRECT] Aug 13, 2026 4:21:36 PM java.util.prefs.FileSystemPreferences checkLockFile0ErrorCode
2026-08-13 16:21:36,313 [ERROR] LogOutputStream:75 - [STDERR_REDIRECT] WARNING: Could not lock System prefs. Unix error code 2.
2026-08-13 16:21:36,313 [ERROR] LogOutputStream:75 - [STDERR_REDIRECT] 
2026-08-13 16:21:36,314 [ERROR] LogOutputStream:75 - [STDERR_REDIRECT] Aug 13, 2026 4:21:36 PM java.util.prefs.FileSystemPreferences syncWorld
2026-08-13 16:21:36,314 [ERROR] LogOutputStream:75 - [STDERR_REDIRECT] WARNING: Couldn't flush system prefs: java.util.prefs.BackingStoreException: Couldn't get file lock.
2026-08-13 16:21:36,314 [ERROR] LogOutputStream:75 - [STDERR_REDIRECT] 
2026-08-13 16:22:06,313 [ERROR] LogOutputStream:75 - [STDERR_REDIRECT] Aug 13, 2026 4:22:06 PM java.util.prefs.FileSystemPreferences checkLockFile0ErrorCode
2026-08-13 16:22:06,314 [ERROR] LogOutputStream:75 - [STDERR_REDIRECT] WARNING: Could not lock System prefs. Unix error code 2.
2026-08-13 16:22:06,314 [ERROR] LogOutputStream:75 - [STDERR_REDIRECT] 
2026-08-13 16:22:06,314 [ERROR] LogOutputStream:75 - [STDERR_REDIRECT] Aug 13, 2026 4:22:06 PM java.util.prefs.FileSystemPreferences syncWorld
2026-08-13 16:22:06,314 [ERROR] LogOutputStream:75 - [STDERR_REDIRECT] WARNING: Couldn't flush system prefs: java.util.prefs.BackingStoreException: Couldn't get file lock.
2026-08-13 16:22:06,314 [ERROR] LogOutputStream:75 - [STDERR_REDIRECT] 
2026-08-13 16:22:13,701 [INFO] WebApp:194 - Connection lost
2026-08-13 16:22:17,519 [INFO] WebApp:191 - Connection restablished
2026-08-13 16:22:36,313 [ERROR] LogOutputStream:75 - [STDERR_REDIRECT] Aug 13, 2026 4:22:36 PM java.util.prefs.FileSystemPreferences checkLockFile0ErrorCode
2026-08-13 16:22:36,313 [ERROR] LogOutputStream:75 - [STDERR_REDIRECT] WARNING: Could not lock System prefs. Unix error code 2.
2026-08-13 16:22:36,313 [ERROR] LogOutputStream:75 - [STDERR_REDIRECT] 
2026-08-13 16:22:36,314 [ERROR] LogOutputStream:75 - [STDERR_REDIRECT] Aug 13, 2026 4:22:36 PM java.util.prefs.FileSystemPreferences syncWorld
2026-08-13 16:22:36,314 [ERROR] LogOutputStream:75 - [STDERR_REDIRECT] WARNING: Couldn't flush system prefs: java.util.prefs.BackingStoreException: Couldn't get file lock.
2026-08-13 16:22:36,314 [ERROR] LogOutputStream:75 - [STDERR_REDIRECT] 
2026-08-13 16:23:06,313 [ERROR] LogOutputStream:75 - [STDERR_REDIRECT] Aug 13, 2026 4:23:06 PM java.util.prefs.FileSystemPreferences checkLockFile0ErrorCode
2026-08-13 16:23:06,313 [ERROR] LogOutputStream:75 - [STDERR_REDIRECT] WARNING: Could not lock System prefs. Unix error code 2.
2026-08-13 16:23:06,313 [ERROR] LogOutputStream:75 - [STDERR_REDIRECT] 
2026-08-13 16:23:06,313 [ERROR] LogOutputStream:75 - [STDERR_REDIRECT] Aug 13, 2026 4:23:06 PM java.util.prefs.FileSystemPreferences syncWorld
2026-08-13 16:23:06,314 [ERROR] LogOutputStream:75 - [STDERR_REDIRECT] WARNING: Couldn't flush system prefs: java.util.prefs.BackingStoreException: Couldn't get file lock.
2026-08-13 16:23:06,314 [ERROR] LogOutputStream:75 - [STDERR_REDIRECT] 
2026-08-13 16:23:36,313 [ERROR] LogOutputStream:75 - [STDERR_REDIRECT] Aug 13, 2026 4:23:36 PM java.util.prefs.FileSystemPreferences checkLockFile0ErrorCode
2026-08-13 16:23:36,314 [ERROR] LogOutputStream:75 - [STDERR_REDIRECT] WARNING: Could not lock System prefs. Unix error code 2.
2026-08-13 16:23:36,314 [ERROR] LogOutputStream:75 - [STDERR_REDIRECT] 
2026-08-13 16:23:36,314 [ERROR] LogOutputStream:75 - [STDERR_REDIRECT] Aug 13, 2026 4:23:36 PM java.util.prefs.FileSystemPreferences syncWorld
2026-08-13 16:23:36,314 [ERROR] LogOutputStream:75 - [STDERR_REDIRECT] WARNING: Couldn't flush system prefs: java.util.prefs.BackingStoreException: Couldn't get file lock.
2026-08-13 16:23:36,314 [ERROR] LogOutputStream:75 - [STDERR_REDIRECT] 
2026-08-13 16:24:06,314 [ERROR] LogOutputStream:75 - [STDERR_REDIRECT] Aug 13, 2026 4:24:06 PM java.util.prefs.FileSystemPreferences checkLockFile0ErrorCode
2026-08-13 16:24:06,314 [ERROR] LogOutputStream:75 - [STDERR_REDIRECT] WARNING: Could not lock System prefs. Unix error code 2.
2026-08-13 16:24:06,314 [ERROR] LogOutputStream:75 - [STDERR_REDIRECT] 
2026-08-13 16:24:06,314 [ERROR] LogOutputStream:75 - [STDERR_REDIRECT] Aug 13, 2026 4:24:06 PM java.util.prefs.FileSystemPreferences syncWorld
2026-08-13 16:24:06,314 [ERROR] LogOutputStream:75 - [STDERR_REDIRECT] WARNING: Couldn't flush system prefs: java.util.prefs.BackingStoreException: Couldn't get file lock.
2026-08-13 16:24:06,314 [ERROR] LogOutputStream:75 - [STDERR_REDIRECT] 
2026-08-13 16:24:36,314 [ERROR] LogOutputStream:75 - [STDERR_REDIRECT] Aug 13, 2026 4:24:36 PM java.util.prefs.FileSystemPreferences checkLockFile0ErrorCode
2026-08-13 16:24:36,314 [ERROR] LogOutputStream:75 - [STDERR_REDIRECT] WARNING: Could not lock System prefs. Unix error code 2.
2026-08-13 16:24:36,314 [ERROR] LogOutputStream:75 - [STDERR_REDIRECT] 
2026-08-13 16:24:36,315 [ERROR] LogOutputStream:75 - [STDERR_REDIRECT] Aug 13, 2026 4:24:36 PM java.util.prefs.FileSystemPreferences syncWorld
2026-08-13 16:24:36,315 [ERROR] LogOutputStream:75 - [STDERR_REDIRECT] WARNING: Couldn't flush system prefs: java.util.prefs.BackingStoreException: Couldn't get file lock.
2026-08-13 16:24:36,315 [ERROR] LogOutputStream:75 - [STDERR_REDIRECT] 
2026-08-13 16:24:41,373 [ERROR] ConfigurationRetriever:142 - IOException on connection: sw-center.st.com
2026-08-13 16:24:41,373 [ERROR] ConfigurationRetriever:142 - IOException on connection: sw-center.st.com
2026-08-13 16:24:41,374 [ERROR] ConfigurationRetriever:142 - IOException on connection: sw-center.st.com
2026-08-13 16:25:06,317 [ERROR] LogOutputStream:75 - [STDERR_REDIRECT] Aug 13, 2026 4:25:06 PM java.util.prefs.FileSystemPreferences checkLockFile0ErrorCode
2026-08-13 16:25:06,317 [ERROR] LogOutputStream:75 - [STDERR_REDIRECT] WARNING: Could not lock System prefs. Unix error code 2.
2026-08-13 16:25:06,317 [ERROR] LogOutputStream:75 - [STDERR_REDIRECT] 
2026-08-13 16:25:06,317 [ERROR] LogOutputStream:75 - [STDERR_REDIRECT] Aug 13, 2026 4:25:06 PM java.util.prefs.FileSystemPreferences syncWorld
2026-08-13 16:25:06,317 [ERROR] LogOutputStream:75 - [STDERR_REDIRECT] WARNING: Couldn't flush system prefs: java.util.prefs.BackingStoreException: Couldn't get file lock.
2026-08-13 16:25:06,317 [ERROR] LogOutputStream:75 - [STDERR_REDIRECT] 
2026-08-13 16:25:36,314 [ERROR] LogOutputStream:75 - [STDERR_REDIRECT] Aug 13, 2026 4:25:36 PM java.util.prefs.FileSystemPreferences checkLockFile0ErrorCode
2026-08-13 16:25:36,314 [ERROR] LogOutputStream:75 - [STDERR_REDIRECT] WARNING: Could not lock System prefs. Unix error code 2.
2026-08-13 16:25:36,314 [ERROR] LogOutputStream:75 - [STDERR_REDIRECT] 
2026-08-13 16:25:36,314 [ERROR] LogOutputStream:75 - [STDERR_REDIRECT] Aug 13, 2026 4:25:36 PM java.util.prefs.FileSystemPreferences syncWorld
2026-08-13 16:25:36,314 [ERROR] LogOutputStream:75 - [STDERR_REDIRECT] WARNING: Couldn't flush system prefs: java.util.prefs.BackingStoreException: Couldn't get file lock.
2026-08-13 16:25:36,314 [ERROR] LogOutputStream:75 - [STDERR_REDIRECT] 
2026-08-13 16:26:06,314 [ERROR] LogOutputStream:75 - [STDERR_REDIRECT] Aug 13, 2026 4:26:06 PM java.util.prefs.FileSystemPreferences checkLockFile0ErrorCode
2026-08-13 16:26:06,314 [ERROR] LogOutputStream:75 - [STDERR_REDIRECT] WARNING: Could not lock System prefs. Unix error code 2.
2026-08-13 16:26:06,314 [ERROR] LogOutputStream:75 - [STDERR_REDIRECT] 
2026-08-13 16:26:06,314 [ERROR] LogOutputStream:75 - [STDERR_REDIRECT] Aug 13, 2026 4:26:06 PM java.util.prefs.FileSystemPreferences syncWorld
2026-08-13 16:26:06,314 [ERROR] LogOutputStream:75 - [STDERR_REDIRECT] WARNING: Couldn't flush system prefs: java.util.prefs.BackingStoreException: Couldn't get file lock.
2026-08-13 16:26:06,314 [ERROR] LogOutputStream:75 - [STDERR_REDIRECT] 
2026-08-13 16:26:15,025 [INFO] WebApp:194 - Connection lost
2026-08-13 16:26:36,313 [ERROR] LogOutputStream:75 - [STDERR_REDIRECT] Aug 13, 2026 4:26:36 PM java.util.prefs.FileSystemPreferences checkLockFile0ErrorCode
2026-08-13 16:26:36,314 [ERROR] LogOutputStream:75 - [STDERR_REDIRECT] WARNING: Could not lock System prefs. Unix error code 2.
2026-08-13 16:26:36,314 [ERROR] LogOutputStream:75 - [STDERR_REDIRECT] 
2026-08-13 16:26:36,314 [ERROR] LogOutputStream:75 - [STDERR_REDIRECT] Aug 13, 2026 4:26:36 PM java.util.prefs.FileSystemPreferences syncWorld
2026-08-13 16:26:36,314 [ERROR] LogOutputStream:75 - [STDERR_REDIRECT] WARNING: Couldn't flush system prefs: java.util.prefs.BackingStoreException: Couldn't get file lock.
2026-08-13 16:26:36,314 [ERROR] LogOutputStream:75 - [STDERR_REDIRECT] 
2026-08-13 16:26:37,796 [INFO] WebApp:191 - Connection restablished
2026-08-13 16:27:06,314 [ERROR] LogOutputStream:75 - [STDERR_REDIRECT] Aug 13, 2026 4:27:06 PM java.util.prefs.FileSystemPreferences checkLockFile0ErrorCode
2026-08-13 16:27:06,314 [ERROR] LogOutputStream:75 - [STDERR_REDIRECT] WARNING: Could not lock System prefs. Unix error code 2.
2026-08-13 16:27:06,314 [ERROR] LogOutputStream:75 - [STDERR_REDIRECT] 
2026-08-13 16:27:06,314 [ERROR] LogOutputStream:75 - [STDERR_REDIRECT] Aug 13, 2026 4:27:06 PM java.util.prefs.FileSystemPreferences syncWorld
2026-08-13 16:27:06,314 [ERROR] LogOutputStream:75 - [STDERR_REDIRECT] WARNING: Couldn't flush system prefs: java.util.prefs.BackingStoreException: Couldn't get file lock.
2026-08-13 16:27:06,314 [ERROR] LogOutputStream:75 - [STDERR_REDIRECT] 
2026-08-13 16:27:36,313 [ERROR] LogOutputStream:75 - [STDERR_REDIRECT] Aug 13, 2026 4:27:36 PM java.util.prefs.FileSystemPreferences checkLockFile0ErrorCode
2026-08-13 16:27:36,313 [ERROR] LogOutputStream:75 - [STDERR_REDIRECT] WARNING: Could not lock System prefs. Unix error code 2.
2026-08-13 16:27:36,313 [ERROR] LogOutputStream:75 - [STDERR_REDIRECT] 
2026-08-13 16:27:36,314 [ERROR] LogOutputStream:75 - [STDERR_REDIRECT] Aug 13, 2026 4:27:36 PM java.util.prefs.FileSystemPreferences syncWorld
2026-08-13 16:27:36,314 [ERROR] LogOutputStream:75 - [STDERR_REDIRECT] WARNING: Couldn't flush system prefs: java.util.prefs.BackingStoreException: Couldn't get file lock.
2026-08-13 16:27:36,314 [ERROR] LogOutputStream:75 - [STDERR_REDIRECT] 
2026-08-13 16:28:01,786 [INFO] MainUpdater:2872 - connection check result : 10
2026-08-13 16:28:01,786 [INFO] MainUpdater:2872 - connection check result : 10
2026-08-13 16:28:01,871 [INFO] MicroXplorer:468 - Change Database Path : 
2026-08-13 16:28:01,871 [INFO] MicroXplorer:498 - Change Database Version : DB.6.0.140
2026-08-13 16:28:01,898 [ERROR] ProjectManagerView:394 - 
java.lang.NullPointerException: Cannot invoke "javax.swing.JTextField.getText()" because the return value of "java.util.List.get(int)" is null
	at com.st.microxplorer.plugins.projectmanager.gui.ProjectChoiceTab$9.caretUpdate(ProjectChoiceTab.java:2678) ~[filemanager.jar:?]
	at javax.swing.text.JTextComponent.fireCaretUpdate(JTextComponent.java:408) ~[?:?]
	at javax.swing.text.JTextComponent$MutableCaretEvent.fire(JTextComponent.java:4484) ~[?:?]
	at javax.swing.text.JTextComponent$MutableCaretEvent.stateChanged(JTextComponent.java:4506) ~[?:?]
	at javax.swing.text.DefaultCaret.fireStateChanged(DefaultCaret.java:857) ~[?:?]
	at javax.swing.text.DefaultCaret.changeCaretPosition(DefaultCaret.java:1343) ~[?:?]
	at javax.swing.text.DefaultCaret.handleSetDot(DefaultCaret.java:1242) ~[?:?]
	at javax.swing.text.DefaultCaret.setDot(DefaultCaret.java:1223) ~[?:?]
	at javax.swing.text.DefaultCaret$Handler.insertUpdate(DefaultCaret.java:1819) ~[?:?]
	at javax.swing.text.AbstractDocument.fireInsertUpdate(AbstractDocument.java:227) ~[?:?]
	at javax.swing.text.AbstractDocument.handleInsertString(AbstractDocument.java:781) ~[?:?]
	at javax.swing.text.AbstractDocument.insertString(AbstractDocument.java:740) ~[?:?]
	at javax.swing.text.PlainDocument.insertString(PlainDocument.java:131) ~[?:?]
	at javax.swing.text.AbstractDocument.replace(AbstractDocument.java:699) ~[?:?]
	at javax.swing.text.JTextComponent.setText(JTextComponent.java:1725) ~[?:?]
	at com.st.microxplorer.plugins.projectmanager.gui.ProjectChoiceTab.createHeapStackFields(ProjectChoiceTab.java:979) ~[filemanager.jar:?]
	at com.st.microxplorer.plugins.projectmanager.gui.ProjectChoiceTab.buildLinkSettingsPanel(ProjectChoiceTab.java:3766) ~[filemanager.jar:?]
	at com.st.microxplorer.plugins.projectmanager.gui.ProjectChoiceTab.defineWindowsFields(ProjectChoiceTab.java:1962) ~[filemanager.jar:?]
	at com.st.microxplorer.plugins.projectmanager.gui.ProjectChoiceTab.updateSettings(ProjectChoiceTab.java:555) ~[filemanager.jar:?]
	at com.st.microxplorer.plugins.projectmanager.gui.ProjectSettingsPanel.UpdateDialog(ProjectSettingsPanel.java:245) ~[filemanager.jar:?]
	at com.st.microxplorer.plugins.projectmanager.ProjectManagerView.propertyChange(ProjectManagerView.java:391) ~[filemanager.jar:?]
	at java.beans.PropertyChangeSupport.fire(PropertyChangeSupport.java:343) ~[?:?]
	at java.beans.PropertyChangeSupport.firePropertyChange(PropertyChangeSupport.java:335) ~[?:?]
	at java.beans.PropertyChangeSupport.firePropertyChange(PropertyChangeSupport.java:268) ~[?:?]
	at com.st.microxplorer.util.MXPropertyChangeSupport.firePropertyChange(MXPropertyChangeSupport.java:54) ~[STM32CubeMX.jar:?]
	at com.st.microxplorer.mxsystem.MxSystem.closeConfig(MxSystem.java:899) ~[STM32CubeMX.jar:?]
	at com.st.microxplorer.maingui.MainPanel.closeConfig(MainPanel.java:789) ~[STM32CubeMX.jar:?]
	at com.st.microxplorer.plugins.filemanager.engine.OpenFileManager.loadConfigurationFile(OpenFileManager.java:287) ~[filemanager.jar:?]
	at com.st.microxplorer.plugins.filemanager.engine.MainFileManager.userLoadConfig(MainFileManager.java:341) ~[filemanager.jar:?]
	at com.st.microxplorer.plugins.filemanager.engine.MainFileManager.userLoadConfig(MainFileManager.java:319) ~[filemanager.jar:?]
	at com.st.microxplorer.plugins.filemanager.FileManagerView.getSpecificTask(FileManagerView.java:246) ~[filemanager.jar:?]
	at com.st.stm32cube.common.mx.editor.CubeMxEditor.getMxTabbedPaneInstance(CubeMxEditor.java:1198) ~[com.st.stm32cube.common.mx_6.14.0.202502271554/:?]
	at com.st.stm32cube.common.mx.editor.CubeMxEditor$12$1.createSwingComponent(CubeMxEditor.java:1068) ~[com.st.stm32cube.common.mx_6.14.0.202502271554/:?]
	at com.st.stm32cube.common.mx.oss.core.awtswtbridge.EmbeddedSwingComposite.doComponentCreation(EmbeddedSwingComposite.java:492) ~[com.st.stm32cube.common.mx.oss_6.14.0.202502271554/:?]
	at com.st.stm32cube.common.mx.oss.core.awtswtbridge.EmbeddedSwingComposite$4.run(EmbeddedSwingComposite.java:291) ~[com.st.stm32cube.common.mx.oss_6.14.0.202502271554/:?]
	at com.st.stm32cube.common.mx.oss.core.awtswtbridge.AwtEnvironment$2.run(AwtEnvironment.java:166) ~[com.st.stm32cube.common.mx.oss_6.14.0.202502271554/:?]
	at java.awt.event.InvocationEvent.dispatch(InvocationEvent.java:318) ~[?:?]
	at java.awt.EventQueue.dispatchEventImpl(EventQueue.java:773) ~[?:?]
	at java.awt.EventQueue$4.run(EventQueue.java:720) ~[?:?]
	at java.awt.EventQueue$4.run(EventQueue.java:714) ~[?:?]
	at java.security.AccessController.doPrivileged(AccessController.java:400) ~[?:?]
	at java.security.ProtectionDomain$JavaSecurityAccessImpl.doIntersectionPrivilege(ProtectionDomain.java:87) ~[?:?]
	at java.awt.EventQueue.dispatchEvent(EventQueue.java:742) ~[?:?]
	at java.awt.EventDispatchThread.pumpOneEventForFilters(EventDispatchThread.java:203) ~[?:?]
	at java.awt.EventDispatchThread.pumpEventsForFilter(EventDispatchThread.java:124) ~[?:?]
	at java.awt.EventDispatchThread.pumpEventsForHierarchy(EventDispatchThread.java:113) ~[?:?]
	at java.awt.EventDispatchThread.pumpEvents(EventDispatchThread.java:109) ~[?:?]
	at java.awt.EventDispatchThread.pumpEvents(EventDispatchThread.java:101) ~[?:?]
	at java.awt.EventDispatchThread.run(EventDispatchThread.java:90) ~[?:?]
2026-08-13 16:28:01,902 [WARN] ThirdParty:871 - waiting for thirdparty lock release [close project]
2026-08-13 16:28:01,902 [INFO] ThirdParty:873 - entering critical section [close project]
2026-08-13 16:28:01,903 [INFO] ThirdParty:883 - exiting critical section [close project]
2026-08-13 16:28:01,904 [INFO] PinOutPanel:1589 - setPackage(No Configuration,No Configuration)
2026-08-13 16:28:01,919 [WARN] IpParametersView:155 - Warning: This peripheral hasn't parameters
2026-08-13 16:28:01,932 [WARN] MainPanel:289 - <html><b><center>Warning: This peripheral has no parameters to be configured<br></b></html>
2026-08-13 16:28:01,940 [INFO] UtilMem:75 - Begin LoadConfig() Used Memory: 307376776 Bytes (573571072)
2026-08-13 16:28:01,941 [INFO] MicroXplorer:468 - Change Database Path : 
2026-08-13 16:28:01,941 [INFO] MicroXplorer:498 - Change Database Version : DB.6.0.140
2026-08-13 16:28:01,941 [INFO] OpenFileManager:354 - Change cursor
2026-08-13 16:28:01,950 [INFO] Mcu:2011 - Initializing MCU STM32F411C(C-E)Ux STM32F411CEUx STM32F411CEU6
2026-08-13 16:28:02,550 [INFO] Context:756 - Trying to add GPIOservice into a context  which must be forbidden
2026-08-13 16:28:02,883 [INFO] ImportTextPane:218 - (OptionalMessage_ERROR) Pin22 (VP_RIF_VS_RIF1) cannot be retrieved for this MCU
2026-08-13 16:28:02,908 [INFO] RtosManager:558 - Registered RTOS mode: class=CMSIS, group=RTOS, mode=CMSIS_V1, owner=FREERTOS
2026-08-13 16:28:02,908 [INFO] RtosManager:558 - Registered RTOS mode: class=CMSIS, group=RTOS2, mode=CMSIS_V2, owner=FREERTOS
2026-08-13 16:28:02,908 [INFO] RtosManager:558 - Registered RTOS mode: class=RTOS, group=Core, mode=CMSIS_V1, owner=FREERTOS
2026-08-13 16:28:02,908 [INFO] RtosManager:558 - Registered RTOS mode: class=RTOS, group=Core, mode=CMSIS_V2, owner=FREERTOS
2026-08-13 16:28:02,908 [WARN] ModelIntegratedComponent:184 - Missing modes for component STMicroelectronics:FreeRTOS:0.0.1:STMicroelectronics:RTOS:FreeRTOS:Core:::10.2.0:
2026-08-13 16:28:03,007 [WARN] ModelIntegratedComponent:182 - Modes not found for component STMicroelectronics:USB_HOST:1.0.0:STMicroelectronics:USB::USB Host:Audio HS::1.0:USB_HOST_1_0_RESTRICTED_HS
2026-08-13 16:28:03,007 [WARN] ModelIntegratedComponent:188 - Modes not found for component STMicroelectronics:USB_HOST:1.0.0:STMicroelectronics:USB::USB Host:Audio HS::1.0:USB_HOST_1_0_RESTRICTED_HS
2026-08-13 16:28:03,007 [WARN] ModelIntegratedComponent:182 - Modes not found for component STMicroelectronics:USB_HOST:1.0.0:STMicroelectronics:USB::USB Host:CDC HS::1.0:USB_HOST_1_0_RESTRICTED_HS
2026-08-13 16:28:03,007 [WARN] ModelIntegratedComponent:188 - Modes not found for component STMicroelectronics:USB_HOST:1.0.0:STMicroelectronics:USB::USB Host:CDC HS::1.0:USB_HOST_1_0_RESTRICTED_HS
2026-08-13 16:28:03,007 [WARN] ModelIntegratedComponent:182 - Modes not found for component STMicroelectronics:USB_HOST:1.0.0:STMicroelectronics:USB::USB Host:MSC HS::1.0:USB_HOST_1_0_RESTRICTED_HS
2026-08-13 16:28:03,007 [WARN] ModelIntegratedComponent:188 - Modes not found for component STMicroelectronics:USB_HOST:1.0.0:STMicroelectronics:USB::USB Host:MSC HS::1.0:USB_HOST_1_0_RESTRICTED_HS
2026-08-13 16:28:03,007 [WARN] ModelIntegratedComponent:182 - Modes not found for component STMicroelectronics:USB_HOST:1.0.0:STMicroelectronics:USB::USB Host:HID HS::1.0:USB_HOST_1_0_RESTRICTED_HS
2026-08-13 16:28:03,007 [WARN] ModelIntegratedComponent:188 - Modes not found for component STMicroelectronics:USB_HOST:1.0.0:STMicroelectronics:USB::USB Host:HID HS::1.0:USB_HOST_1_0_RESTRICTED_HS
2026-08-13 16:28:03,007 [WARN] ModelIntegratedComponent:182 - Modes not found for component STMicroelectronics:USB_HOST:1.0.0:STMicroelectronics:USB::USB Host:MTP HS::1.0:USB_HOST_1_0_RESTRICTED_HS
2026-08-13 16:28:03,007 [WARN] ModelIntegratedComponent:188 - Modes not found for component STMicroelectronics:USB_HOST:1.0.0:STMicroelectronics:USB::USB Host:MTP HS::1.0:USB_HOST_1_0_RESTRICTED_HS
2026-08-13 16:28:03,010 [WARN] ModelIntegratedComponent:63 - No mode defined for component null
2026-08-13 16:28:03,010 [WARN] ModelIntegratedComponent:63 - No mode defined for component null
2026-08-13 16:28:03,010 [WARN] ModelIntegratedComponent:63 - No mode defined for component null
2026-08-13 16:28:03,010 [WARN] ModelIntegratedComponent:63 - No mode defined for component null
2026-08-13 16:28:03,010 [WARN] ModelIntegratedComponent:63 - No mode defined for component null
2026-08-13 16:28:03,010 [WARN] ModelIntegratedComponent:63 - No mode defined for component null
2026-08-13 16:28:03,010 [WARN] ModelIntegratedComponent:63 - No mode defined for component null
2026-08-13 16:28:03,010 [WARN] ModelIntegratedComponent:63 - No mode defined for component null
2026-08-13 16:28:03,010 [WARN] ModelIntegratedComponent:63 - No mode defined for component null
2026-08-13 16:28:03,010 [WARN] ModelIntegratedComponent:63 - No mode defined for component null
2026-08-13 16:28:03,010 [WARN] ModelIntegratedComponent:63 - No mode defined for component null
2026-08-13 16:28:03,010 [WARN] ModelIntegratedComponent:63 - No mode defined for component null
2026-08-13 16:28:03,010 [WARN] ModelIntegratedComponent:63 - No mode defined for component null
2026-08-13 16:28:03,010 [WARN] ModelIntegratedComponent:63 - No mode defined for component null
2026-08-13 16:28:03,010 [WARN] ModelIntegratedComponent:63 - No mode defined for component null
2026-08-13 16:28:03,010 [WARN] ModelIntegratedComponent:63 - No mode defined for component null
2026-08-13 16:28:03,010 [WARN] ModelIntegratedComponent:63 - No mode defined for component null
2026-08-13 16:28:03,010 [WARN] ModelIntegratedComponent:63 - No mode defined for component null
2026-08-13 16:28:03,010 [WARN] ModelIntegratedComponent:63 - No mode defined for component null
2026-08-13 16:28:03,010 [WARN] ModelIntegratedComponent:63 - No mode defined for component null
2026-08-13 16:28:03,010 [WARN] ModelIntegratedComponent:63 - No mode defined for component null
2026-08-13 16:28:03,010 [WARN] ModelIntegratedComponent:63 - No mode defined for component null
2026-08-13 16:28:03,010 [WARN] ModelIntegratedComponent:63 - No mode defined for component null
2026-08-13 16:28:03,010 [WARN] ModelIntegratedComponent:63 - No mode defined for component null
2026-08-13 16:28:03,011 [WARN] ModelIntegratedComponent:63 - No mode defined for component null
2026-08-13 16:28:03,011 [WARN] ModelIntegratedComponent:63 - No mode defined for component null
2026-08-13 16:28:03,011 [WARN] ModelIntegratedComponent:63 - No mode defined for component null
2026-08-13 16:28:03,011 [WARN] ModelIntegratedComponent:63 - No mode defined for component null
2026-08-13 16:28:03,011 [WARN] ModelIntegratedComponent:63 - No mode defined for component null
2026-08-13 16:28:03,011 [WARN] ModelIntegratedComponent:63 - No mode defined for component null
2026-08-13 16:28:03,011 [WARN] ModelIntegratedComponent:63 - No mode defined for component null
2026-08-13 16:28:03,011 [WARN] ModelIntegratedComponent:63 - No mode defined for component null
2026-08-13 16:28:03,011 [WARN] ModelIntegratedComponent:63 - No mode defined for component null
2026-08-13 16:28:03,011 [WARN] ModelIntegratedComponent:63 - No mode defined for component null
2026-08-13 16:28:03,011 [WARN] ModelIntegratedComponent:63 - No mode defined for component null
2026-08-13 16:28:03,011 [WARN] ModelPack:524 - Component already loaded: STMicroelectronics:HAL Drivers:0.0.0:STMicroelectronics:Device:STMicro_Driver:XSPI:HAL::0.0.1:HAL_XSPI
2026-08-13 16:28:03,070 [WARN] ModelIntegratedComponent:182 - Modes not found for component STMicroelectronics:USB_DEVICE:1.0.0:STMicroelectronics:USB::USB Device:Audio HS::1.0:USB_DEVICE_1_0_RESTRICTED_HS
2026-08-13 16:28:03,070 [WARN] ModelIntegratedComponent:188 - Modes not found for component STMicroelectronics:USB_DEVICE:1.0.0:STMicroelectronics:USB::USB Device:Audio HS::1.0:USB_DEVICE_1_0_RESTRICTED_HS
2026-08-13 16:28:03,070 [WARN] ModelIntegratedComponent:182 - Modes not found for component STMicroelectronics:USB_DEVICE:1.0.0:STMicroelectronics:USB::USB Device:CDC HS::1.0:USB_DEVICE_1_0_RESTRICTED_HS
2026-08-13 16:28:03,070 [WARN] ModelIntegratedComponent:188 - Modes not found for component STMicroelectronics:USB_DEVICE:1.0.0:STMicroelectronics:USB::USB Device:CDC HS::1.0:USB_DEVICE_1_0_RESTRICTED_HS
2026-08-13 16:28:03,070 [WARN] ModelIntegratedComponent:182 - Modes not found for component STMicroelectronics:USB_DEVICE:1.0.0:STMicroelectronics:USB::USB Device:DFU HS::1.0:USB_DEVICE_1_0_RESTRICTED_HS
2026-08-13 16:28:03,070 [WARN] ModelIntegratedComponent:188 - Modes not found for component STMicroelectronics:USB_DEVICE:1.0.0:STMicroelectronics:USB::USB Device:DFU HS::1.0:USB_DEVICE_1_0_RESTRICTED_HS
2026-08-13 16:28:03,070 [WARN] ModelIntegratedComponent:182 - Modes not found for component STMicroelectronics:USB_DEVICE:1.0.0:STMicroelectronics:USB::USB Device:HID HS::1.0:USB_DEVICE_1_0_RESTRICTED_HS
2026-08-13 16:28:03,070 [WARN] ModelIntegratedComponent:188 - Modes not found for component STMicroelectronics:USB_DEVICE:1.0.0:STMicroelectronics:USB::USB Device:HID HS::1.0:USB_DEVICE_1_0_RESTRICTED_HS
2026-08-13 16:28:03,070 [WARN] ModelIntegratedComponent:182 - Modes not found for component STMicroelectronics:USB_DEVICE:1.0.0:STMicroelectronics:USB::USB Device:Custom HID HS::1.0:USB_DEVICE_1_0_RESTRICTED_HS
2026-08-13 16:28:03,070 [WARN] ModelIntegratedComponent:188 - Modes not found for component STMicroelectronics:USB_DEVICE:1.0.0:STMicroelectronics:USB::USB Device:Custom HID HS::1.0:USB_DEVICE_1_0_RESTRICTED_HS
2026-08-13 16:28:03,070 [WARN] ModelIntegratedComponent:182 - Modes not found for component STMicroelectronics:USB_DEVICE:1.0.0:STMicroelectronics:USB::USB Device:MSC HS::1.0:USB_DEVICE_1_0_RESTRICTED_HS
2026-08-13 16:28:03,070 [WARN] ModelIntegratedComponent:188 - Modes not found for component STMicroelectronics:USB_DEVICE:1.0.0:STMicroelectronics:USB::USB Device:MSC HS::1.0:USB_DEVICE_1_0_RESTRICTED_HS
2026-08-13 16:28:03,086 [INFO] ThirdPartyModel:298 - Start build external matchings
2026-08-13 16:28:03,301 [INFO] ThirdPartyModel:316 - End build external matchings
2026-08-13 16:28:03,309 [INFO] ImportTextPane:218 - (OptionalMessage_ERROR) IP (DMA) : Parameter (Instance) has Id (USART1_RX) currently not set
2026-08-13 16:28:03,309 [INFO] ImportTextPane:218 - (OptionalMessage_ERROR) IP (DMA) : Parameter (Channel) has Id (USART1_RX) currently not set
2026-08-13 16:28:03,309 [INFO] ImportTextPane:218 - (OptionalMessage_ERROR) IP (DMA) : Parameter (Direction) has Id (USART1_RX) currently not set
2026-08-13 16:28:03,309 [INFO] ImportTextPane:218 - (OptionalMessage_ERROR) IP (DMA) : Parameter (PeriphInc) has Id (USART1_RX) currently not set
2026-08-13 16:28:03,309 [INFO] ImportTextPane:218 - (OptionalMessage_ERROR) IP (DMA) : Parameter (MemInc) has Id (USART1_RX) currently not set
2026-08-13 16:28:03,309 [INFO] ImportTextPane:218 - (OptionalMessage_ERROR) IP (DMA) : Parameter (PeriphDataAlignment) has Id (USART1_RX) currently not set
2026-08-13 16:28:03,309 [INFO] ImportTextPane:218 - (OptionalMessage_ERROR) IP (DMA) : Parameter (MemDataAlignment) has Id (USART1_RX) currently not set
2026-08-13 16:28:03,309 [INFO] ImportTextPane:218 - (OptionalMessage_ERROR) IP (DMA) : Parameter (Mode) has Id (USART1_RX) currently not set
2026-08-13 16:28:03,309 [INFO] ImportTextPane:218 - (OptionalMessage_ERROR) IP (DMA) : Parameter (Priority) has Id (USART1_RX) currently not set
2026-08-13 16:28:03,310 [INFO] ImportTextPane:218 - (OptionalMessage_ERROR) IP (DMA) : Parameter (FIFOMode) has Id (USART1_RX) currently not set
2026-08-13 16:28:03,310 [INFO] ImportTextPane:218 - (OptionalMessage_ERROR) IP (DMA) : Parameter (Instance) has Id (SPI1_RX) currently not set
2026-08-13 16:28:03,310 [INFO] ImportTextPane:218 - (OptionalMessage_ERROR) IP (DMA) : Parameter (Channel) has Id (SPI1_RX) currently not set
2026-08-13 16:28:03,310 [INFO] ImportTextPane:218 - (OptionalMessage_ERROR) IP (DMA) : Parameter (Direction) has Id (SPI1_RX) currently not set
2026-08-13 16:28:03,310 [INFO] ImportTextPane:218 - (OptionalMessage_ERROR) IP (DMA) : Parameter (PeriphInc) has Id (SPI1_RX) currently not set
2026-08-13 16:28:03,310 [INFO] ImportTextPane:218 - (OptionalMessage_ERROR) IP (DMA) : Parameter (MemInc) has Id (SPI1_RX) currently not set
2026-08-13 16:28:03,310 [INFO] ImportTextPane:218 - (OptionalMessage_ERROR) IP (DMA) : Parameter (PeriphDataAlignment) has Id (SPI1_RX) currently not set
2026-08-13 16:28:03,310 [INFO] ImportTextPane:218 - (OptionalMessage_ERROR) IP (DMA) : Parameter (MemDataAlignment) has Id (SPI1_RX) currently not set
2026-08-13 16:28:03,310 [INFO] ImportTextPane:218 - (OptionalMessage_ERROR) IP (DMA) : Parameter (Mode) has Id (SPI1_RX) currently not set
2026-08-13 16:28:03,310 [INFO] ImportTextPane:218 - (OptionalMessage_ERROR) IP (DMA) : Parameter (Priority) has Id (SPI1_RX) currently not set
2026-08-13 16:28:03,310 [INFO] ImportTextPane:218 - (OptionalMessage_ERROR) IP (DMA) : Parameter (FIFOMode) has Id (SPI1_RX) currently not set
2026-08-13 16:28:03,311 [INFO] ImportTextPane:218 - (OptionalMessage_ERROR) IP (RCC) : Parameter (RTCHSEDivFreq_Value) has invalid value (12500000)
2026-08-13 16:28:03,422 [INFO] UtilMem:75 - End LoadConfig() Used Memory: 271103144 Bytes (573571072)
2026-08-13 16:28:03,430 [WARN] ThirdParty:833 - waiting for thirdparty lock release [change project]
2026-08-13 16:28:03,430 [INFO] ThirdParty:835 - entering critical section [change project]
2026-08-13 16:28:03,430 [INFO] ThirdParty:1030 - CMSIS Pack Vendor :STMicroelectronics X-CUBE-AZRTOS-H7 3.5.0
2026-08-13 16:28:03,430 [INFO] ThirdParty:1030 - CMSIS Pack Vendor :STMicroelectronics X-CUBE-PM33A1 1.0.0
2026-08-13 16:28:03,430 [INFO] ThirdParty:1030 - CMSIS Pack Vendor :STMicroelectronics USBPD 4.1
2026-08-13 16:28:03,430 [INFO] ThirdParty:1030 - CMSIS Pack Vendor :STMicroelectronics X-CUBE-NFC9 1.0.0
2026-08-13 16:28:03,430 [INFO] ThirdParty:1030 - CMSIS Pack Vendor :STMicroelectronics USB_HOST 2.0.0
2026-08-13 16:28:03,430 [INFO] ThirdParty:1030 - CMSIS Pack Vendor :STMicroelectronics FP-ATR-ASTRA1 2.0.3
2026-08-13 16:28:03,431 [INFO] ThirdParty:1030 - CMSIS Pack Vendor :STMicroelectronics X-CUBE-AZRTOS-F4 1.1.0
2026-08-13 16:28:03,431 [INFO] ThirdParty:1030 - CMSIS Pack Vendor :STMicroelectronics LIBJPEG 8.0.0
2026-08-13 16:28:03,431 [INFO] ThirdParty:1030 - CMSIS Pack Vendor :STMicroelectronics FP-ATR-ASTRA1 2.0.2
2026-08-13 16:28:03,431 [INFO] ThirdParty:1030 - CMSIS Pack Vendor :STMicroelectronics X-CUBE-BLE1 7.1.0
2026-08-13 16:28:03,431 [INFO] ThirdParty:1030 - CMSIS Pack Vendor :wolfSSL I-CUBE-wolfMQTT 1.19.2
2026-08-13 16:28:03,431 [INFO] ThirdParty:1030 - CMSIS Pack Vendor :STMicroelectronics USB_DEVICE 3.0.0
2026-08-13 16:28:03,431 [INFO] ThirdParty:1030 - CMSIS Pack Vendor :STMicroelectronics X-CUBE-ISPU 2.1.0
2026-08-13 16:28:03,431 [INFO] ThirdParty:1030 - CMSIS Pack Vendor :STMicroelectronics X-CUBE-EEPRMA1 5.2.0
2026-08-13 16:28:03,431 [INFO] ThirdParty:1030 - CMSIS Pack Vendor :STMicroelectronics eDS-WB_DPC_TT-BIDIR 2.1.1
2026-08-13 16:28:03,431 [INFO] ThirdParty:1030 - CMSIS Pack Vendor :STMicroelectronics X-CUBE-AZRTOS-WB 2.0.0
2026-08-13 16:28:03,431 [INFO] ThirdParty:1030 - CMSIS Pack Vendor :STMicroelectronics X-CUBE-NFC12 1.0.0
2026-08-13 16:28:03,431 [INFO] ThirdParty:1030 - CMSIS Pack Vendor :STMicroelectronics X-CUBE-AZRTOS-F7 1.1.0
2026-08-13 16:28:03,431 [INFO] ThirdParty:1030 - CMSIS Pack Vendor :STMicroelectronics X-CUBE-AZRTOS-L5 2.0.0
2026-08-13 16:28:03,431 [INFO] ThirdParty:1030 - CMSIS Pack Vendor :STMicroelectronics USB_DEVICE 2.0.0
2026-08-13 16:28:03,431 [INFO] ThirdParty:1030 - CMSIS Pack Vendor :quantropi X-CUBE-qispace-sdk-base 2.1.0
2026-08-13 16:28:03,431 [INFO] ThirdParty:1030 - CMSIS Pack Vendor :STMicroelectronics X-CUBE-STSE01 2.0.0
2026-08-13 16:28:03,431 [INFO] ThirdParty:1030 - CMSIS Pack Vendor :STMicroelectronics X-CUBE-ALGOBUILD 1.5.0
2026-08-13 16:28:03,431 [INFO] ThirdParty:1030 - CMSIS Pack Vendor :STMicroelectronics FreeRTOS 0.0.1
2026-08-13 16:28:03,431 [INFO] ThirdParty:1030 - CMSIS Pack Vendor :STMicroelectronics X-CUBE-AZRTOS-H7RS 1.3.0
2026-08-13 16:28:03,431 [INFO] ThirdParty:1030 - CMSIS Pack Vendor :STMicroelectronics X-CUBE-AZRTOS-G0 1.1.0
2026-08-13 16:28:03,431 [INFO] ThirdParty:1030 - CMSIS Pack Vendor :STMicroelectronics X-CUBE-NFC4 3.0.0
2026-08-13 16:28:03,431 [INFO] ThirdParty:1030 - CMSIS Pack Vendor :STMicroelectronics X-CUBE-SUBG2 5.0.0
2026-08-13 16:28:03,431 [INFO] ThirdParty:1030 - CMSIS Pack Vendor :STMicroelectronics STM32_WPAN 1.0.0
2026-08-13 16:28:03,431 [INFO] ThirdParty:1030 - CMSIS Pack Vendor :STMicroelectronics eDS-WB_DPC_VIENNA 1.2.0
2026-08-13 16:28:03,432 [INFO] ThirdParty:1030 - CMSIS Pack Vendor :EmbeddedOffice I-CUBE-FS-RTOS 1.0.1
2026-08-13 16:28:03,432 [INFO] ThirdParty:1030 - CMSIS Pack Vendor :STMicroelectronics lwIP 2.0.3
2026-08-13 16:28:03,432 [INFO] ThirdParty:1030 - CMSIS Pack Vendor :STMicroelectronics X-CUBE-MEMS1 13.0.0
2026-08-13 16:28:03,432 [INFO] ThirdParty:1030 - CMSIS Pack Vendor :STMicroelectronics eDS-WB_DPC_3PH2L-BIDIR 1.1.1
2026-08-13 16:28:03,432 [INFO] ThirdParty:1030 - CMSIS Pack Vendor :STMicroelectronics USB_HOST 1.0.0
2026-08-13 16:28:03,432 [INFO] ThirdParty:1030 - CMSIS Pack Vendor :STMicroelectronics X-CUBE-AZRTOS-G4 2.0.0
2026-08-13 16:28:03,432 [INFO] ThirdParty:1030 - CMSIS Pack Vendor :STMicroelectronics PDM2PCM 3.1.0
2026-08-13 16:28:03,432 [INFO] ThirdParty:1030 - CMSIS Pack Vendor :STMicroelectronics PDM2PCM 3.3.0
2026-08-13 16:28:03,432 [INFO] ThirdParty:1030 - CMSIS Pack Vendor :wolfSSL I-CUBE-wolfTPM 3.8.0
2026-08-13 16:28:03,432 [INFO] ThirdParty:1030 - CMSIS Pack Vendor :STMicroelectronics X-CUBE-DISPLAY 3.0.0
2026-08-13 16:28:03,432 [INFO] ThirdParty:1030 - CMSIS Pack Vendor :wolfSSL I-CUBE-wolfSSH 1.4.20
2026-08-13 16:28:03,432 [INFO] ThirdParty:1030 - CMSIS Pack Vendor :STMicroelectronics X-CUBE-NFC7 2.0.0
2026-08-13 16:28:03,432 [INFO] ThirdParty:1030 - CMSIS Pack Vendor :STMicroelectronics X-CUBE-GNSS1 7.1.1
2026-08-13 16:28:03,432 [INFO] ThirdParty:1030 - CMSIS Pack Vendor :STMicroelectronics X-CUBE-TCPP 4.2.0
2026-08-13 16:28:03,432 [INFO] ThirdParty:1030 - CMSIS Pack Vendor :RealThread X-CUBE-RT-Thread_Nano 4.1.1
2026-08-13 16:28:03,432 [INFO] ThirdParty:1030 - CMSIS Pack Vendor :wolfSSL I-CUBE-wolfSSL 5.9.1
2026-08-13 16:28:03,432 [INFO] ThirdParty:1030 - CMSIS Pack Vendor :STMicroelectronics FP-ATR-SIGFOX1 3.2.0
2026-08-13 16:28:03,432 [INFO] ThirdParty:1030 - CMSIS Pack Vendor :STMicroelectronics X-CUBE-NFC10 1.0.0
2026-08-13 16:28:03,432 [INFO] ThirdParty:1030 - CMSIS Pack Vendor :STMicroelectronics HAL Drivers 0.0.0
2026-08-13 16:28:03,432 [INFO] ThirdParty:1030 - CMSIS Pack Vendor :STMicroelectronics MBEDTLS 2.16.2
2026-08-13 16:28:03,432 [INFO] ThirdParty:1030 - CMSIS Pack Vendor :STMicroelectronics X-CUBE-ST60 1.1.0
2026-08-13 16:28:03,432 [INFO] ThirdParty:1030 - CMSIS Pack Vendor :STMicroelectronics X-CUBE-ALS 1.0.2
2026-08-13 16:28:03,432 [INFO] ThirdParty:1030 - CMSIS Pack Vendor :emotas I-CUBE-CANOPEN 1.3.0
2026-08-13 16:28:03,432 [INFO] ThirdParty:1030 - CMSIS Pack Vendor :STMicroelectronics MBEDTLS 2.14.1
2026-08-13 16:28:03,432 [INFO] ThirdParty:1030 - CMSIS Pack Vendor :ITTIA_DB I-CUBE-ITTIADB 8.9.0
2026-08-13 16:28:03,432 [INFO] ThirdParty:1030 - CMSIS Pack Vendor :Cesanta I-CUBE-Mongoose 7.21.7
2026-08-13 16:28:03,432 [INFO] ThirdParty:1030 - CMSIS Pack Vendor :STMicroelectronics X-CUBE-TOUCHGFX 4.26.1
2026-08-13 16:28:03,432 [INFO] ThirdParty:1030 - CMSIS Pack Vendor :STMicroelectronics X-CUBE-NFC6 3.2.0
2026-08-13 16:28:03,432 [INFO] ThirdParty:1030 - CMSIS Pack Vendor :STMicroelectronics X-CUBE-AI 10.2.1
2026-08-13 16:28:03,433 [INFO] ThirdParty:1030 - CMSIS Pack Vendor :STMicroelectronics ThreadX 1.0.0
2026-08-13 16:28:03,433 [INFO] ThirdParty:1030 - CMSIS Pack Vendor :STMicroelectronics FP-SNS-SMARTAG2 1.2.0
2026-08-13 16:28:03,433 [INFO] ThirdParty:1030 - CMSIS Pack Vendor :STMicroelectronics X-CUBE-MEMS1 12.1.0
2026-08-13 16:28:03,433 [INFO] ThirdParty:1030 - CMSIS Pack Vendor :STMicroelectronics FP-SNS-FLIGHT1 5.1.0
2026-08-13 16:28:03,433 [INFO] ThirdParty:1030 - CMSIS Pack Vendor :STMicroelectronics X-CUBE-AZRTOS-WL 2.0.0
2026-08-13 16:28:03,433 [INFO] ThirdParty:1030 - CMSIS Pack Vendor :SEGGER I-CUBE-embOS 1.3.1
2026-08-13 16:28:03,433 [INFO] ThirdParty:1030 - CMSIS Pack Vendor :STMicroelectronics X-CUBE-DPower 1.3.0
2026-08-13 16:28:03,433 [INFO] ThirdParty:1030 - CMSIS Pack Vendor :STMicroelectronics USB_DEVICE 1.0.0
2026-08-13 16:28:03,433 [INFO] ThirdParty:1030 - CMSIS Pack Vendor :STMicroelectronics X-CUBE-AZRTOS-L4 2.0.0
2026-08-13 16:28:03,433 [INFO] ThirdParty:1030 - CMSIS Pack Vendor :STMicroelectronics ThreadX 0.0.2
2026-08-13 16:28:03,433 [INFO] ThirdParty:1030 - CMSIS Pack Vendor :STMicroelectronics lwIP 2.1.2
2026-08-13 16:28:03,433 [INFO] ThirdParty:1030 - CMSIS Pack Vendor :STMicroelectronics X-CUBE-SFXS2LP1 4.0.0
2026-08-13 16:28:03,433 [INFO] ThirdParty:1030 - CMSIS Pack Vendor :STMicroelectronics X-CUBE-BLE2 3.3.0
2026-08-13 16:28:03,433 [INFO] ThirdParty:1030 - CMSIS Pack Vendor :Avnet-IOTCONNECT X-CUBE-iotc-st67-sdk 1.0.0
2026-08-13 16:28:03,433 [INFO] ThirdParty:1030 - CMSIS Pack Vendor :STMicroelectronics X-CUBE-TOF1 3.4.3
2026-08-13 16:28:03,433 [INFO] ThirdParty:1030 - CMSIS Pack Vendor :Infineon AIROC-Wi-Fi-Bluetooth-STM32 1.8.0
2026-08-13 16:28:03,433 [INFO] ThirdParty:1030 - CMSIS Pack Vendor :STMicroelectronics X-CUBE-NFC13 1.0.0
2026-08-13 16:28:03,433 [INFO] ThirdParty:1030 - CMSIS Pack Vendor :STMicroelectronics PDM2PCM 3.2.0
2026-08-13 16:28:03,433 [INFO] ThirdParty:1030 - CMSIS Pack Vendor :STMicroelectronics X-CUBE-WB05N 2.1.0
2026-08-13 16:28:03,433 [INFO] ThirdParty:841 - exiting critical section [change project]
2026-08-13 16:28:03,678 [INFO] PinOutPanel:1589 - setPackage(No Configuration,No Configuration)
2026-08-13 16:28:03,679 [INFO] PinOutPanel:1589 - setPackage(STM32F411CEUx,UFQFPN48)
2026-08-13 16:28:03,825 [INFO] UtilMem:75 - Before build in PCC Used Memory: 404488040 Bytes (573571072)
2026-08-13 16:28:03,963 [INFO] UtilMem:75 - After build in PCC Used Memory: 448528152 Bytes (573571072)
2026-08-13 16:28:03,976 [INFO] IPUIPlugin:80 - create IPUIPlugin
2026-08-13 16:28:03,976 [INFO] IPUIPlugin:80 - create IPUIPlugin
2026-08-13 16:28:03,976 [INFO] IPUIPlugin:80 - create IPUIPlugin
2026-08-13 16:28:03,976 [INFO] IPUIPlugin:80 - create IPUIPlugin
2026-08-13 16:28:03,976 [INFO] IPUIPlugin:80 - create IPUIPlugin
2026-08-13 16:28:03,976 [INFO] IPUIPlugin:80 - create IPUIPlugin
2026-08-13 16:28:03,976 [INFO] IPUIPlugin:80 - create IPUIPlugin
2026-08-13 16:28:03,977 [INFO] IPUIPlugin:80 - create IPUIPlugin
2026-08-13 16:28:03,977 [INFO] IPUIPlugin:80 - create IPUIPlugin
2026-08-13 16:28:03,977 [INFO] IPUIPlugin:80 - create IPUIPlugin
2026-08-13 16:28:03,977 [INFO] IPUIPlugin:80 - create IPUIPlugin
2026-08-13 16:28:03,977 [INFO] IPUIPlugin:80 - create IPUIPlugin
2026-08-13 16:28:03,977 [INFO] IPUIPlugin:80 - create IPUIPlugin
2026-08-13 16:28:03,977 [INFO] IPUIPlugin:80 - create IPUIPlugin
2026-08-13 16:28:03,977 [INFO] IPUIPlugin:80 - create IPUIPlugin
2026-08-13 16:28:03,977 [INFO] IPUIPlugin:80 - create IPUIPlugin
2026-08-13 16:28:03,977 [INFO] IPUIPlugin:80 - create IPUIPlugin
2026-08-13 16:28:03,977 [INFO] IPUIPlugin:80 - create IPUIPlugin
2026-08-13 16:28:03,977 [INFO] IPUIPlugin:80 - create IPUIPlugin
2026-08-13 16:28:03,977 [INFO] IPUIPlugin:80 - create IPUIPlugin
2026-08-13 16:28:03,977 [INFO] IPUIPlugin:80 - create IPUIPlugin
2026-08-13 16:28:03,977 [INFO] IPUIPlugin:80 - create IPUIPlugin
2026-08-13 16:28:03,978 [INFO] IPUIPlugin:80 - create IPUIPlugin
2026-08-13 16:28:03,978 [INFO] IPUIPlugin:80 - create IPUIPlugin
2026-08-13 16:28:03,978 [INFO] IPUIPlugin:80 - create IPUIPlugin
2026-08-13 16:28:03,978 [INFO] IPUIPlugin:80 - create IPUIPlugin
2026-08-13 16:28:03,978 [INFO] IPUIPlugin:80 - create IPUIPlugin
2026-08-13 16:28:03,978 [INFO] IPUIPlugin:80 - create IPUIPlugin
2026-08-13 16:28:03,978 [INFO] IPUIPlugin:80 - create IPUIPlugin
2026-08-13 16:28:03,978 [INFO] IPUIPlugin:80 - create IPUIPlugin
2026-08-13 16:28:03,978 [INFO] IPUIPlugin:80 - create IPUIPlugin
2026-08-13 16:28:03,978 [INFO] IPUIPlugin:80 - create IPUIPlugin
2026-08-13 16:28:03,978 [INFO] IPUIPlugin:80 - create IPUIPlugin
2026-08-13 16:28:03,979 [INFO] IPUIPlugin:80 - create IPUIPlugin
2026-08-13 16:28:03,979 [INFO] IPUIPlugin:80 - create IPUIPlugin
2026-08-13 16:28:03,979 [INFO] IPUIPlugin:80 - create IPUIPlugin
2026-08-13 16:28:03,979 [INFO] IPUIPlugin:80 - create IPUIPlugin
2026-08-13 16:28:03,979 [INFO] IPUIPlugin:80 - create IPUIPlugin
2026-08-13 16:28:03,979 [INFO] IPUIPlugin:80 - create IPUIPlugin
2026-08-13 16:28:03,979 [INFO] IPUIPlugin:80 - create IPUIPlugin
2026-08-13 16:28:03,979 [INFO] IPUIPlugin:80 - create IPUIPlugin
2026-08-13 16:28:03,980 [INFO] IPUIPlugin:80 - create IPUIPlugin
2026-08-13 16:28:03,980 [INFO] IPUIPlugin:80 - create IPUIPlugin
2026-08-13 16:28:03,982 [INFO] ApiDbMcu:508 - Load IP Config File for PDM2PCM
2026-08-13 16:28:03,982 [WARN] IP:2250 - I2C_Coeff_DF not found: check if there is a RefParameter without a condition.
2026-08-13 16:28:03,982 [WARN] IP:2250 - Analog_Filter not found: check if there is a RefParameter without a condition.
2026-08-13 16:28:04,014 [INFO] CADModel:165 - CPN selected for project levelSTM32F411CEU6
2026-08-13 16:28:04,014 [INFO] CADModel:114 - Register for checkConnection events
2026-08-13 16:28:04,050 [INFO] OpenFileManager:385 - Restore cursor
2026-08-13 16:28:04,200 [WARN] IP:2250 - I2C_Coeff_DF not found: check if there is a RefParameter without a condition.
2026-08-13 16:28:04,200 [WARN] IP:2250 - Analog_Filter not found: check if there is a RefParameter without a condition.
2026-08-13 16:28:04,200 [WARN] IP:2250 - I2C_Coeff_DF not found: check if there is a RefParameter without a condition.
2026-08-13 16:28:04,200 [WARN] IP:2250 - Analog_Filter not found: check if there is a RefParameter without a condition.
2026-08-13 16:28:06,316 [ERROR] LogOutputStream:75 - [STDERR_REDIRECT] Aug 13, 2026 4:28:06 PM java.util.prefs.FileSystemPreferences checkLockFile0ErrorCode
2026-08-13 16:28:06,316 [ERROR] LogOutputStream:75 - [STDERR_REDIRECT] WARNING: Could not lock System prefs. Unix error code 2.
2026-08-13 16:28:06,316 [ERROR] LogOutputStream:75 - [STDERR_REDIRECT] 
2026-08-13 16:28:06,317 [ERROR] LogOutputStream:75 - [STDERR_REDIRECT] Aug 13, 2026 4:28:06 PM java.util.prefs.FileSystemPreferences syncWorld
2026-08-13 16:28:06,317 [ERROR] LogOutputStream:75 - [STDERR_REDIRECT] WARNING: Couldn't flush system prefs: java.util.prefs.BackingStoreException: Couldn't get file lock.
2026-08-13 16:28:06,317 [ERROR] LogOutputStream:75 - [STDERR_REDIRECT] 
2026-08-13 16:28:36,314 [ERROR] LogOutputStream:75 - [STDERR_REDIRECT] Aug 13, 2026 4:28:36 PM java.util.prefs.FileSystemPreferences checkLockFile0ErrorCode
2026-08-13 16:28:36,314 [ERROR] LogOutputStream:75 - [STDERR_REDIRECT] WARNING: Could not lock System prefs. Unix error code 2.
2026-08-13 16:28:36,314 [ERROR] LogOutputStream:75 - [STDERR_REDIRECT] 
2026-08-13 16:28:36,314 [ERROR] LogOutputStream:75 - [STDERR_REDIRECT] Aug 13, 2026 4:28:36 PM java.util.prefs.FileSystemPreferences syncWorld
2026-08-13 16:28:36,314 [ERROR] LogOutputStream:75 - [STDERR_REDIRECT] WARNING: Couldn't flush system prefs: java.util.prefs.BackingStoreException: Couldn't get file lock.
2026-08-13 16:28:36,314 [ERROR] LogOutputStream:75 - [STDERR_REDIRECT] 
2026-08-13 16:29:06,314 [ERROR] LogOutputStream:75 - [STDERR_REDIRECT] Aug 13, 2026 4:29:06 PM java.util.prefs.FileSystemPreferences checkLockFile0ErrorCode
2026-08-13 16:29:06,314 [ERROR] LogOutputStream:75 - [STDERR_REDIRECT] WARNING: Could not lock System prefs. Unix error code 2.
2026-08-13 16:29:06,314 [ERROR] LogOutputStream:75 - [STDERR_REDIRECT] 
2026-08-13 16:29:06,314 [ERROR] LogOutputStream:75 - [STDERR_REDIRECT] Aug 13, 2026 4:29:06 PM java.util.prefs.FileSystemPreferences syncWorld
2026-08-13 16:29:06,314 [ERROR] LogOutputStream:75 - [STDERR_REDIRECT] WARNING: Couldn't flush system prefs: java.util.prefs.BackingStoreException: Couldn't get file lock.
2026-08-13 16:29:06,314 [ERROR] LogOutputStream:75 - [STDERR_REDIRECT] 
2026-08-13 16:29:27,043 [INFO] NvicIntPanel:101 - NVIC parent = com.st.microxplorer.plugins.ip.nvic.MultiNvicIntPanel[,0,0,502x257,layout=javax.swing.BoxLayout,alignmentX=0.0,alignmentY=0.0,border=,flags=9,maximumSize=,minimumSize=,preferredSize=]
2026-08-13 16:29:32,991 [INFO] UtilMem:75 - End SaveConfig() Used Memory: 372735072 Bytes (573571072)
2026-08-13 16:29:34,427 [INFO] UtilMem:75 - End SaveConfig() Used Memory: 406289504 Bytes (573571072)
2026-08-13 16:29:35,873 [INFO] UtilMem:75 - End SaveConfig() Used Memory: 491224160 Bytes (573571072)
2026-08-13 16:29:36,185 [INFO] BlockDiagram:2775 - set Specific Code input for plugin: SPI
2026-08-13 16:29:36,185 [INFO] BlockDiagram:2775 - set Specific Code input for plugin: NVIC
2026-08-13 16:29:36,185 [INFO] BlockDiagram:2775 - set Specific Code input for plugin: USART
2026-08-13 16:29:36,185 [INFO] BlockDiagram:2775 - set Specific Code input for plugin: DMA
2026-08-13 16:29:36,185 [INFO] BlockDiagram:2775 - set Specific Code input for plugin: TIM1_8
2026-08-13 16:29:36,185 [INFO] BlockDiagram:2775 - set Specific Code input for plugin: SYS
2026-08-13 16:29:36,186 [INFO] BlockDiagram:2775 - set Specific Code input for plugin: GPIO
2026-08-13 16:29:36,186 [INFO] BlockDiagram:2775 - set Specific Code input for plugin: ADC
2026-08-13 16:29:36,186 [INFO] BlockDiagram:2775 - set Specific Code input for plugin: RCC
2026-08-13 16:29:36,186 [INFO] BlockDiagram:2775 - set Specific Code input for plugin: I2C
2026-08-13 16:29:36,186 [INFO] CodeGenerator:882 - code generatio: config db path: /opt/st/stm32cubeide_1.18.0/plugins/com.st.stm32cube.common.mx_6.14.0.202502271554//db/
2026-08-13 16:29:36,194 [WARN] IP:2250 - I2C_Coeff_DF not found: check if there is a RefParameter without a condition.
2026-08-13 16:29:36,194 [WARN] IP:2250 - Analog_Filter not found: check if there is a RefParameter without a condition.
2026-08-13 16:29:36,316 [ERROR] LogOutputStream:75 - [STDERR_REDIRECT] Aug 13, 2026 4:29:36 PM java.util.prefs.FileSystemPreferences checkLockFile0ErrorCode
2026-08-13 16:29:36,317 [ERROR] LogOutputStream:75 - [STDERR_REDIRECT] WARNING: Could not lock System prefs. Unix error code 2.
2026-08-13 16:29:36,317 [ERROR] LogOutputStream:75 - [STDERR_REDIRECT] 
2026-08-13 16:29:36,317 [ERROR] LogOutputStream:75 - [STDERR_REDIRECT] Aug 13, 2026 4:29:36 PM java.util.prefs.FileSystemPreferences syncWorld
2026-08-13 16:29:36,317 [ERROR] LogOutputStream:75 - [STDERR_REDIRECT] WARNING: Couldn't flush system prefs: java.util.prefs.BackingStoreException: Couldn't get file lock.
2026-08-13 16:29:36,317 [ERROR] LogOutputStream:75 - [STDERR_REDIRECT] 
2026-08-13 16:29:36,353 [INFO] CodeEngine:263 - oldGeneratedFile, /home/thuy/embedded/project/Quadcopter-STM32F4/STM32-Fly_Controller/MXTmpFiles/license.tmp_save
2026-08-13 16:29:36,560 [INFO] CodeEngine:287 - Generated code: /home/thuy/embedded/project/Quadcopter-STM32F4/STM32-Fly_Controller/MXTmpFiles/license.tmp
2026-08-13 16:29:36,591 [INFO] CodeEngine:263 - oldGeneratedFile, /home/thuy/embedded/project/Quadcopter-STM32F4/STM32-Fly_Controller/MXTmpFiles/gpio.tmp_save
2026-08-13 16:29:36,669 [INFO] CodeEngine:287 - Generated code: /home/thuy/embedded/project/Quadcopter-STM32F4/STM32-Fly_Controller/MXTmpFiles/gpio.tmp
2026-08-13 16:29:36,882 [INFO] CodeEngine:263 - oldGeneratedFile, /home/thuy/embedded/project/Quadcopter-STM32F4/STM32-Fly_Controller/MXTmpFiles/dma.tmp_save
2026-08-13 16:29:36,931 [INFO] CodeEngine:287 - Generated code: /home/thuy/embedded/project/Quadcopter-STM32F4/STM32-Fly_Controller/MXTmpFiles/dma.tmp
2026-08-13 16:29:36,932 [INFO] CodeEngine:263 - oldGeneratedFile, /home/thuy/embedded/project/Quadcopter-STM32F4/STM32-Fly_Controller/MXTmpFiles/dma_GV.tmp_save
2026-08-13 16:29:36,973 [INFO] CodeEngine:287 - Generated code: /home/thuy/embedded/project/Quadcopter-STM32F4/STM32-Fly_Controller/MXTmpFiles/dma_GV.tmp
2026-08-13 16:29:36,978 [INFO] CodeEngine:263 - oldGeneratedFile, /home/thuy/embedded/project/Quadcopter-STM32F4/STM32-Fly_Controller/Core/Src/stm32f4xx_it.c_save
2026-08-13 16:29:37,044 [INFO] CodeEngine:287 - Generated code: /home/thuy/embedded/project/Quadcopter-STM32F4/STM32-Fly_Controller/Core/Src/stm32f4xx_it.c
2026-08-13 16:29:37,045 [INFO] CodeEngine:263 - oldGeneratedFile, /home/thuy/embedded/project/Quadcopter-STM32F4/STM32-Fly_Controller/Core/Inc/stm32f4xx_it.h_save
2026-08-13 16:29:37,087 [INFO] CodeEngine:287 - Generated code: /home/thuy/embedded/project/Quadcopter-STM32F4/STM32-Fly_Controller/Core/Inc/stm32f4xx_it.h
2026-08-13 16:29:37,091 [INFO] CodeEngine:263 - oldGeneratedFile, /home/thuy/embedded/project/Quadcopter-STM32F4/STM32-Fly_Controller/Core/Src/stm32f4xx_hal_msp.c_save
2026-08-13 16:29:37,189 [INFO] CodeEngine:287 - Generated code: /home/thuy/embedded/project/Quadcopter-STM32F4/STM32-Fly_Controller/Core/Src/stm32f4xx_hal_msp.c
2026-08-13 16:29:37,190 [INFO] CodeEngine:263 - oldGeneratedFile, /home/thuy/embedded/project/Quadcopter-STM32F4/STM32-Fly_Controller/MXTmpFiles/system.tmp_save
2026-08-13 16:29:37,229 [INFO] CodeEngine:287 - Generated code: /home/thuy/embedded/project/Quadcopter-STM32F4/STM32-Fly_Controller/MXTmpFiles/system.tmp
2026-08-13 16:29:37,231 [INFO] CodeEngine:319 - oldGeneratedFile, /home/thuy/embedded/project/Quadcopter-STM32F4/STM32-Fly_Controller/Core/Inc/stm32f4xx_hal_conf.h_save
2026-08-13 16:29:37,277 [INFO] CodeEngine:343 - Generated code: /home/thuy/embedded/project/Quadcopter-STM32F4/STM32-Fly_Controller/Core/Inc/stm32f4xx_hal_conf.h
2026-08-13 16:29:37,302 [INFO] ApiDbMcu:508 - Load IP Config File for ADC1
2026-08-13 16:29:37,306 [INFO] ApiDbMcu:508 - Load IP Config File for I2C1
2026-08-13 16:29:37,308 [INFO] ApiDbMcu:508 - Load IP Config File for SPI1
2026-08-13 16:29:37,342 [INFO] ApiDbMcu:508 - Load IP Config File for TIM2
2026-08-13 16:29:37,347 [INFO] ApiDbMcu:508 - Load IP Config File for USART1
2026-08-13 16:29:37,352 [INFO] ApiDbMcu:508 - Load IP Config File for RCC
2026-08-13 16:29:37,354 [WARN] IPConfigManager:3747 - IP not found : TIM
2026-08-13 16:29:37,354 [WARN] CodeGenerator:4198 - IP not found : null
2026-08-13 16:29:37,356 [INFO] CodeEngine:263 - oldGeneratedFile, /home/thuy/embedded/project/Quadcopter-STM32F4/STM32-Fly_Controller/Core/Inc/main.h_save
2026-08-13 16:29:37,411 [INFO] CodeEngine:287 - Generated code: /home/thuy/embedded/project/Quadcopter-STM32F4/STM32-Fly_Controller/Core/Inc/main.h
2026-08-13 16:29:37,412 [INFO] CodeEngine:263 - oldGeneratedFile, /home/thuy/embedded/project/Quadcopter-STM32F4/STM32-Fly_Controller/Core/Src/main.c_save
2026-08-13 16:29:37,510 [INFO] CodeEngine:287 - Generated code: /home/thuy/embedded/project/Quadcopter-STM32F4/STM32-Fly_Controller/Core/Src/main.c
2026-08-13 16:29:37,720 [INFO] ProjectBuilder:3324 - Time for Copy HAL[1] : 41mS.
2026-08-13 16:29:37,723 [INFO] ProjectBuilder:4912 - Project Generator version: 4.6.0-B36
2026-08-13 16:29:37,777 [INFO] ConfigFileManager:1590 - The Die is : DIE431
2026-08-13 16:29:37,784 [INFO] ApiDbMcu:508 - Load IP Config File for FATFS
2026-08-13 16:29:37,797 [INFO] ApiDbMcu:508 - Load IP Config File for FREERTOS
2026-08-13 16:29:37,800 [INFO] ApiDbMcu:508 - Load IP Config File for LIBJPEG
2026-08-13 16:29:37,820 [INFO] ApiDbMcu:508 - Load IP Config File for MBEDTLS
2026-08-13 16:29:37,838 [INFO] ApiDbMcu:508 - Load IP Config File for USB_DEVICE
2026-08-13 16:29:37,844 [INFO] ApiDbMcu:508 - Load IP Config File for USB_HOST
2026-08-13 16:29:38,052 [INFO] LogOutputStream:77 - [STDOUT_REDIRECT] 
2026-08-13 16:29:38,393 [INFO] ProjectBuilder:5191 - Time for Generating toolchain IDE Files: 670mS.
2026-08-13 16:29:38,394 [INFO] ProjectBuilder:3181 - Time for Copy CMSIS : 0mS.
2026-08-13 16:29:38,395 [INFO] ProjectBuilder:3181 - Time for Copy CMSIS : 0mS.
2026-08-13 16:30:06,316 [ERROR] LogOutputStream:75 - [STDERR_REDIRECT] Aug 13, 2026 4:30:06 PM java.util.prefs.FileSystemPreferences checkLockFile0ErrorCode
2026-08-13 16:30:06,316 [ERROR] LogOutputStream:75 - [STDERR_REDIRECT] WARNING: Could not lock System prefs. Unix error code 2.
2026-08-13 16:30:06,316 [ERROR] LogOutputStream:75 - [STDERR_REDIRECT] 
2026-08-13 16:30:06,317 [ERROR] LogOutputStream:75 - [STDERR_REDIRECT] Aug 13, 2026 4:30:06 PM java.util.prefs.FileSystemPreferences syncWorld
2026-08-13 16:30:06,317 [ERROR] LogOutputStream:75 - [STDERR_REDIRECT] WARNING: Couldn't flush system prefs: java.util.prefs.BackingStoreException: Couldn't get file lock.
2026-08-13 16:30:06,318 [ERROR] LogOutputStream:75 - [STDERR_REDIRECT] 
2026-08-13 16:30:36,313 [ERROR] LogOutputStream:75 - [STDERR_REDIRECT] Aug 13, 2026 4:30:36 PM java.util.prefs.FileSystemPreferences checkLockFile0ErrorCode
2026-08-13 16:30:36,313 [ERROR] LogOutputStream:75 - [STDERR_REDIRECT] WARNING: Could not lock System prefs. Unix error code 2.
2026-08-13 16:30:36,313 [ERROR] LogOutputStream:75 - [STDERR_REDIRECT] 
2026-08-13 16:30:36,314 [ERROR] LogOutputStream:75 - [STDERR_REDIRECT] Aug 13, 2026 4:30:36 PM java.util.prefs.FileSystemPreferences syncWorld
2026-08-13 16:30:36,314 [ERROR] LogOutputStream:75 - [STDERR_REDIRECT] WARNING: Couldn't flush system prefs: java.util.prefs.BackingStoreException: Couldn't get file lock.
2026-08-13 16:30:36,314 [ERROR] LogOutputStream:75 - [STDERR_REDIRECT] 
2026-08-13 16:31:06,314 [ERROR] LogOutputStream:75 - [STDERR_REDIRECT] Aug 13, 2026 4:31:06 PM java.util.prefs.FileSystemPreferences checkLockFile0ErrorCode
2026-08-13 16:31:06,315 [ERROR] LogOutputStream:75 - [STDERR_REDIRECT] WARNING: Could not lock System prefs. Unix error code 2.
2026-08-13 16:31:06,315 [ERROR] LogOutputStream:75 - [STDERR_REDIRECT] 
2026-08-13 16:31:06,315 [ERROR] LogOutputStream:75 - [STDERR_REDIRECT] Aug 13, 2026 4:31:06 PM java.util.prefs.FileSystemPreferences syncWorld
2026-08-13 16:31:06,315 [ERROR] LogOutputStream:75 - [STDERR_REDIRECT] WARNING: Couldn't flush system prefs: java.util.prefs.BackingStoreException: Couldn't get file lock.
2026-08-13 16:31:06,315 [ERROR] LogOutputStream:75 - [STDERR_REDIRECT] 
2026-08-13 16:31:36,314 [ERROR] LogOutputStream:75 - [STDERR_REDIRECT] Aug 13, 2026 4:31:36 PM java.util.prefs.FileSystemPreferences checkLockFile0ErrorCode
2026-08-13 16:31:36,314 [ERROR] LogOutputStream:75 - [STDERR_REDIRECT] WARNING: Could not lock System prefs. Unix error code 2.
2026-08-13 16:31:36,314 [ERROR] LogOutputStream:75 - [STDERR_REDIRECT] 
2026-08-13 16:31:36,315 [ERROR] LogOutputStream:75 - [STDERR_REDIRECT] Aug 13, 2026 4:31:36 PM java.util.prefs.FileSystemPreferences syncWorld
2026-08-13 16:31:36,315 [ERROR] LogOutputStream:75 - [STDERR_REDIRECT] WARNING: Couldn't flush system prefs: java.util.prefs.BackingStoreException: Couldn't get file lock.
2026-08-13 16:31:36,315 [ERROR] LogOutputStream:75 - [STDERR_REDIRECT] 
2026-08-13 16:32:06,313 [ERROR] LogOutputStream:75 - [STDERR_REDIRECT] Aug 13, 2026 4:32:06 PM java.util.prefs.FileSystemPreferences checkLockFile0ErrorCode
2026-08-13 16:32:06,313 [ERROR] LogOutputStream:75 - [STDERR_REDIRECT] WARNING: Could not lock System prefs. Unix error code 2.
2026-08-13 16:32:06,313 [ERROR] LogOutputStream:75 - [STDERR_REDIRECT] 
2026-08-13 16:32:06,313 [ERROR] LogOutputStream:75 - [STDERR_REDIRECT] Aug 13, 2026 4:32:06 PM java.util.prefs.FileSystemPreferences syncWorld
2026-08-13 16:32:06,314 [ERROR] LogOutputStream:75 - [STDERR_REDIRECT] WARNING: Couldn't flush system prefs: java.util.prefs.BackingStoreException: Couldn't get file lock.
2026-08-13 16:32:06,314 [ERROR] LogOutputStream:75 - [STDERR_REDIRECT] 
2026-08-13 16:32:15,394 [INFO] WebApp:194 - Connection lost
2026-08-13 16:32:27,624 [INFO] WebApp:191 - Connection restablished
2026-08-13 16:32:36,313 [ERROR] LogOutputStream:75 - [STDERR_REDIRECT] Aug 13, 2026 4:32:36 PM java.util.prefs.FileSystemPreferences checkLockFile0ErrorCode
2026-08-13 16:32:36,313 [ERROR] LogOutputStream:75 - [STDERR_REDIRECT] WARNING: Could not lock System prefs. Unix error code 2.
2026-08-13 16:32:36,313 [ERROR] LogOutputStream:75 - [STDERR_REDIRECT] 
2026-08-13 16:32:36,313 [ERROR] LogOutputStream:75 - [STDERR_REDIRECT] Aug 13, 2026 4:32:36 PM java.util.prefs.FileSystemPreferences syncWorld
2026-08-13 16:32:36,313 [ERROR] LogOutputStream:75 - [STDERR_REDIRECT] WARNING: Couldn't flush system prefs: java.util.prefs.BackingStoreException: Couldn't get file lock.
2026-08-13 16:32:36,313 [ERROR] LogOutputStream:75 - [STDERR_REDIRECT] 
2026-08-13 16:33:02,615 [ERROR] LogOutputStream:75 - [STDERR_REDIRECT] 
2026-08-13 16:33:02,616 [ERROR] LogOutputStream:75 - [STDERR_REDIRECT] 
2026-08-13 17:53:57,579 [INFO] Activator:176 - 


2026-08-13 17:53:57,580 [INFO] Activator:177 - !SESSION log4j initialized
2026-08-13 17:54:00,391 [INFO] LogOutputStream:77 - [STDOUT_REDIRECT] 
2026-08-13 17:54:00,918 [INFO] ApplicationProperties:184 - Using Application install path: /opt/st/stm32cubeide_1.18.0/plugins/com.st.stm32cube.common.mx_6.14.0.202502271554
2026-08-13 17:54:00,930 [INFO] DbMcusXml:78 - Set database path to: /opt/st/stm32cubeide_1.18.0/plugins/com.st.stm32cube.common.mx_6.14.0.202502271554//db//mcu/
2026-08-13 17:54:00,930 [INFO] ApiDb:274 - Set plugin database path to: /opt/st/stm32cubeide_1.18.0/plugins/com.st.stm32cube.common.mx_6.14.0.202502271554//db//plugins/boardmanager/
2026-08-13 17:54:00,930 [WARN] ApiDb:259 - Overriding images path with different value:  => /opt/st/stm32cubeide_1.18.0/plugins/com.st.stm32cube.common.mx_6.14.0.202502271554//db//plugins/mcufinder/images/
2026-08-13 17:54:00,935 [INFO] ApiDb:250 - Set database path to: /home/thuy/.stmcufinder/plugins/mcufinder//mcu/
2026-08-13 17:54:00,936 [INFO] DbMcusAds:125 - Set database path to: /home/thuy/.stmcufinder/plugins/mcufinder//mcu/
2026-08-13 17:54:00,937 [INFO] CrossReferenceDbSqlite:203 - Set database path to: /home/thuy/.stmcufinder/plugins/mcufinder//mcu/cs/
2026-08-13 17:54:01,006 [INFO] RulesReader:64 - Compatibility file has been processed (301 Rules)
2026-08-13 17:54:01,046 [INFO] DbMcusXml:78 - Set database path to: /opt/st/stm32cubeide_1.18.0/plugins/com.st.stm32cube.common.mx_6.14.0.202502271554//db//mcu/
2026-08-13 17:54:01,046 [INFO] ApiDb:274 - Set plugin database path to: /opt/st/stm32cubeide_1.18.0/plugins/com.st.stm32cube.common.mx_6.14.0.202502271554//db//plugins/boardmanager/
2026-08-13 17:54:01,046 [INFO] ApiDb:261 - Set plugin images path to: /opt/st/stm32cubeide_1.18.0/plugins/com.st.stm32cube.common.mx_6.14.0.202502271554//db//plugins/mcufinder/images/
2026-08-13 17:54:01,046 [WARN] DbFile:41 - Overriding database path with different value: /home/thuy/.stmcufinder/plugins/mcufinder/ => /home/thuy/.stmcufinder/plugins/mcufinder
2026-08-13 17:54:01,046 [INFO] ApiDb:250 - Set database path to: /home/thuy/.stmcufinder/plugins/mcufinder//mcu/
2026-08-13 17:54:01,046 [WARN] DbFile:41 - Overriding database path with different value: /home/thuy/.stmcufinder/plugins/mcufinder/ => /home/thuy/.stmcufinder/plugins/mcufinder
2026-08-13 17:54:01,047 [INFO] DbMcusAds:125 - Set database path to: /home/thuy/.stmcufinder/plugins/mcufinder//mcu/
2026-08-13 17:54:01,047 [WARN] DbFile:41 - Overriding database path with different value: /home/thuy/.stmcufinder/plugins/mcufinder/ => /home/thuy/.stmcufinder/plugins/mcufinder
2026-08-13 17:54:01,047 [WARN] DbFile:41 - Overriding database path with different value: /home/thuy/.stmcufinder/plugins/mcufinder/ => /home/thuy/.stmcufinder/plugins/mcufinder
2026-08-13 17:54:01,047 [INFO] CrossReferenceDbSqlite:203 - Set database path to: /home/thuy/.stmcufinder/plugins/mcufinder//mcu/cs/
2026-08-13 17:54:01,091 [INFO] MainPanel:272 - HeapMemory: 268435456
2026-08-13 17:54:01,175 [INFO] DbMcusXml:78 - Set database path to: /opt/st/stm32cubeide_1.18.0/plugins/com.st.stm32cube.common.mx_6.14.0.202502271554//db//mcu/
2026-08-13 17:54:01,175 [INFO] ApiDb:274 - Set plugin database path to: /opt/st/stm32cubeide_1.18.0/plugins/com.st.stm32cube.common.mx_6.14.0.202502271554//db//plugins/boardmanager/
2026-08-13 17:54:01,175 [INFO] ApiDb:261 - Set plugin images path to: /opt/st/stm32cubeide_1.18.0/plugins/com.st.stm32cube.common.mx_6.14.0.202502271554//db//plugins/mcufinder/images/
2026-08-13 17:54:01,175 [WARN] DbFile:41 - Overriding database path with different value: /home/thuy/.stmcufinder/plugins/mcufinder/ => /home/thuy/.stmcufinder/plugins/mcufinder
2026-08-13 17:54:01,175 [INFO] ApiDb:250 - Set database path to: /home/thuy/.stmcufinder/plugins/mcufinder//mcu/
2026-08-13 17:54:01,175 [WARN] DbFile:41 - Overriding database path with different value: /home/thuy/.stmcufinder/plugins/mcufinder/ => /home/thuy/.stmcufinder/plugins/mcufinder
2026-08-13 17:54:01,175 [INFO] DbMcusAds:125 - Set database path to: /home/thuy/.stmcufinder/plugins/mcufinder//mcu/
2026-08-13 17:54:01,175 [WARN] DbFile:41 - Overriding database path with different value: /home/thuy/.stmcufinder/plugins/mcufinder/ => /home/thuy/.stmcufinder/plugins/mcufinder
2026-08-13 17:54:01,175 [WARN] DbFile:41 - Overriding database path with different value: /home/thuy/.stmcufinder/plugins/mcufinder/ => /home/thuy/.stmcufinder/plugins/mcufinder
2026-08-13 17:54:01,175 [INFO] CrossReferenceDbSqlite:203 - Set database path to: /home/thuy/.stmcufinder/plugins/mcufinder//mcu/cs/
2026-08-13 17:54:01,186 [INFO] ApplicationProperties:184 - Using Application install path: /opt/st/stm32cubeide_1.18.0/plugins/com.st.stm32cube.common.mx_6.14.0.202502271554
2026-08-13 17:54:01,187 [INFO] PluginManage:196 - Search for loadable plugins [exclusion list=, ]
2026-08-13 17:54:01,188 [INFO] PluginManage:310 - Check plugin analytics
2026-08-13 17:54:01,286 [INFO] AnalyticsPlugin:253 - Accepted Software Licenses: STM32CubeMX.6.17.0
2026-08-13 17:54:01,286 [INFO] AnalyticsPlugin:255 - Accepted CMSIS Pack Licenses: 
2026-08-13 17:54:01,286 [INFO] AnalyticsPlugin:257 - Accepted Firmware Licenses: FW.F1.1.8.7,FW.F4.1.28.0,FW.F4.1.28.3
2026-08-13 17:54:01,288 [INFO] PluginManage:359 - Loaded plugin analytics (category:tool,tabindex:-1)
2026-08-13 17:54:01,288 [INFO] PluginManage:310 - Check plugin cadmodel
2026-08-13 17:54:01,292 [INFO] CADModel:105 - Init CAD model plugin
2026-08-13 17:54:01,292 [INFO] PluginManage:359 - Loaded plugin cadmodel (category:power,tabindex:5)
2026-08-13 17:54:01,292 [INFO] PluginManage:310 - Check plugin clock
2026-08-13 17:54:01,300 [INFO] PluginManage:359 - Loaded plugin clock (category:base,tabindex:2)
2026-08-13 17:54:01,300 [INFO] PluginManage:310 - Check plugin ddr
2026-08-13 17:54:01,301 [INFO] PluginManage:359 - Loaded plugin ddr (category:tool,tabindex:6)
2026-08-13 17:54:01,302 [INFO] PluginManage:310 - Check plugin filemanager
2026-08-13 17:54:01,405 [INFO] PluginManage:359 - Loaded plugin filemanager (category:base,tabindex:10)
2026-08-13 17:54:01,405 [INFO] PluginManage:310 - Check plugin ipmanager
2026-08-13 17:54:01,409 [INFO] PluginManage:359 - Loaded plugin ipmanager (category:base,tabindex:5)
2026-08-13 17:54:01,409 [INFO] PluginManage:310 - Check plugin lpbam
2026-08-13 17:54:01,416 [INFO] PluginManage:359 - Loaded plugin lpbam (category:base,tabindex:0)
2026-08-13 17:54:01,416 [INFO] PluginManage:310 - Check plugin memorymap
2026-08-13 17:54:01,424 [INFO] PluginManage:359 - Loaded plugin memorymap (category:base,tabindex:4)
2026-08-13 17:54:01,424 [INFO] PluginManage:310 - Check plugin pinoutandconfiguration
2026-08-13 17:54:01,429 [INFO] PluginManage:359 - Loaded plugin pinoutandconfiguration (category:base,tabindex:1)
2026-08-13 17:54:01,430 [INFO] PluginManage:310 - Check plugin pinoutconfig
2026-08-13 17:54:01,485 [WARN] SupportedApi:132 - Cannot load RTOS API schema: s4s-elt-must-match.1: The content of 'definitions' must match (annotation?, (simpleType | complexType)?, (unique | key | keyref)*)). A problem was found starting at: attribute.
2026-08-13 17:54:01,567 [INFO] PluginManage:359 - Loaded plugin pinoutconfig (category:base,tabindex:0)
2026-08-13 17:54:01,567 [INFO] PluginManage:310 - Check plugin power
2026-08-13 17:54:01,573 [INFO] PluginManage:359 - Loaded plugin power (category:power,tabindex:4)
2026-08-13 17:54:01,574 [INFO] PluginManage:310 - Check plugin projectmanager
2026-08-13 17:54:01,583 [INFO] PluginManage:359 - Loaded plugin projectmanager (category:projectmanager,tabindex:4)
2026-08-13 17:54:01,583 [INFO] PluginManage:310 - Check plugin rif
2026-08-13 17:54:01,588 [INFO] PluginManage:359 - Loaded plugin rif (category:base,tabindex:3)
2026-08-13 17:54:01,589 [INFO] PluginManage:310 - Check plugin thirdparty
2026-08-13 17:54:01,666 [INFO] PluginManage:359 - Loaded plugin thirdparty (category:base,tabindex:-1)
2026-08-13 17:54:01,666 [WARN] IntegrityCheckThread:84 - waiting for thirdparty lock release [integrity check]
2026-08-13 17:54:01,667 [INFO] PluginManage:310 - Check plugin tools
2026-08-13 17:54:01,667 [INFO] IntegrityCheckThread:86 - entering critical section [integrity check]
2026-08-13 17:54:01,667 [INFO] ThirdPartyUpdaterWithRetryManager:70 - Updater plugin not ready yet. [1/15]
2026-08-13 17:54:01,668 [INFO] PluginManage:359 - Loaded plugin tools (category:base,tabindex:7)
2026-08-13 17:54:01,668 [INFO] PluginManage:310 - Check plugin tutovideos
2026-08-13 17:54:01,798 [INFO] PluginManage:359 - Loaded plugin tutovideos (category:base,tabindex:-1)
2026-08-13 17:54:01,798 [INFO] PluginManage:310 - Check plugin updater
2026-08-13 17:54:01,816 [INFO] PluginManage:359 - Loaded plugin updater (category:base,tabindex:12)
2026-08-13 17:54:01,816 [INFO] PluginManage:310 - Check plugin userauth
2026-08-13 17:54:01,820 [INFO] UserAuth:118 - Init User Auth plugin
2026-08-13 17:54:01,820 [INFO] PluginManage:359 - Loaded plugin userauth (category:base,tabindex:14)
2026-08-13 17:54:01,821 [INFO] PluginManage:283 - PluginManage : Loaded plugins [18]
2026-08-13 17:54:01,939 [INFO] PinOutPanel:1589 - setPackage(No Configuration,No Configuration)
2026-08-13 17:54:01,984 [INFO] CADModel:165 - CPN selected for project level
2026-08-13 17:54:01,984 [INFO] CADModel:114 - Register for checkConnection events
2026-08-13 17:54:01,994 [INFO] IPUIPlugin:80 - create IPUIPlugin
2026-08-13 17:54:01,995 [INFO] PluginManager:220 - loadIPPluginJar : add freertos
2026-08-13 17:54:01,995 [INFO] IPUIPlugin:80 - create IPUIPlugin
2026-08-13 17:54:01,996 [INFO] PluginManager:220 - loadIPPluginJar : add quadspi
2026-08-13 17:54:01,999 [INFO] IPUIPlugin:80 - create IPUIPlugin
2026-08-13 17:54:01,999 [INFO] PluginManager:220 - loadIPPluginJar : add i2s
2026-08-13 17:54:02,001 [INFO] IPUIPlugin:80 - create IPUIPlugin
2026-08-13 17:54:02,001 [INFO] PluginManager:220 - loadIPPluginJar : add touchsensing
2026-08-13 17:54:02,004 [INFO] IPUIPlugin:80 - create IPUIPlugin
2026-08-13 17:54:02,004 [INFO] PluginManager:220 - loadIPPluginJar : add ipddr
2026-08-13 17:54:02,005 [INFO] IPUIPlugin:80 - create IPUIPlugin
2026-08-13 17:54:02,005 [INFO] PluginManager:220 - loadIPPluginJar : add pdm2pcm
2026-08-13 17:54:02,007 [INFO] IPUIPlugin:80 - create IPUIPlugin
2026-08-13 17:54:02,007 [INFO] PluginManager:220 - loadIPPluginJar : add dfsdm
2026-08-13 17:54:02,012 [INFO] IPUIPlugin:80 - create IPUIPlugin
2026-08-13 17:54:02,012 [INFO] PluginManager:220 - loadIPPluginJar : add stm32_wpan
2026-08-13 17:54:02,014 [INFO] IPUIPlugin:80 - create IPUIPlugin
2026-08-13 17:54:02,014 [INFO] PluginManager:220 - loadIPPluginJar : add nvic
2026-08-13 17:54:02,018 [INFO] IPUIPlugin:80 - create IPUIPlugin
2026-08-13 17:54:02,018 [INFO] PluginManager:220 - loadIPPluginJar : add gpio
2026-08-13 17:54:02,020 [INFO] IPUIPlugin:80 - create IPUIPlugin
2026-08-13 17:54:02,020 [INFO] PluginManager:220 - loadIPPluginJar : add usbx
2026-08-13 17:54:02,023 [INFO] IPUIPlugin:80 - create IPUIPlugin
2026-08-13 17:54:02,023 [INFO] PluginManager:220 - loadIPPluginJar : add sai
2026-08-13 17:54:02,023 [INFO] IPUIPlugin:80 - create IPUIPlugin
2026-08-13 17:54:02,024 [INFO] PluginManager:220 - loadIPPluginJar : add fatfs
2026-08-13 17:54:02,025 [INFO] IPUIPlugin:80 - create IPUIPlugin
2026-08-13 17:54:02,025 [INFO] PluginManager:220 - loadIPPluginJar : add opamp
2026-08-13 17:54:02,026 [INFO] IPUIPlugin:80 - create IPUIPlugin
2026-08-13 17:54:02,027 [INFO] PluginManager:220 - loadIPPluginJar : add spi
2026-08-13 17:54:02,028 [INFO] IPUIPlugin:80 - create IPUIPlugin
2026-08-13 17:54:02,028 [INFO] PluginManager:220 - loadIPPluginJar : add tsc
2026-08-13 17:54:02,030 [INFO] IPUIPlugin:80 - create IPUIPlugin
2026-08-13 17:54:02,030 [INFO] PluginManager:220 - loadIPPluginJar : add resmgrutility
2026-08-13 17:54:02,032 [INFO] IPUIPlugin:80 - create IPUIPlugin
2026-08-13 17:54:02,032 [INFO] PluginManager:220 - loadIPPluginJar : add can
2026-08-13 17:54:02,033 [INFO] IPUIPlugin:80 - create IPUIPlugin
2026-08-13 17:54:02,033 [INFO] PluginManager:220 - loadIPPluginJar : add ts
2026-08-13 17:54:02,037 [INFO] IPUIPlugin:80 - create IPUIPlugin
2026-08-13 17:54:02,039 [INFO] PluginManager:220 - loadIPPluginJar : add plateformsettings
2026-08-13 17:54:02,041 [INFO] IPUIPlugin:80 - create IPUIPlugin
2026-08-13 17:54:02,041 [INFO] PluginManager:220 - loadIPPluginJar : add tracer_emb
2026-08-13 17:54:02,043 [INFO] IPUIPlugin:80 - create IPUIPlugin
2026-08-13 17:54:02,043 [INFO] PluginManager:220 - loadIPPluginJar : add hash
2026-08-13 17:54:02,045 [INFO] IPUIPlugin:80 - create IPUIPlugin
2026-08-13 17:54:02,045 [INFO] PluginManager:220 - loadIPPluginJar : add i2c
2026-08-13 17:54:02,046 [INFO] IPUIPlugin:80 - create IPUIPlugin
2026-08-13 17:54:02,046 [INFO] PluginManager:220 - loadIPPluginJar : add i3c
2026-08-13 17:54:02,051 [INFO] IPUIPlugin:80 - create IPUIPlugin
2026-08-13 17:54:02,051 [INFO] PluginManager:220 - loadIPPluginJar : add adc
2026-08-13 17:54:02,052 [INFO] IPUIPlugin:80 - create IPUIPlugin
2026-08-13 17:54:02,052 [INFO] PluginManager:220 - loadIPPluginJar : add ltdc
2026-08-13 17:54:02,057 [INFO] IPUIPlugin:80 - create IPUIPlugin
2026-08-13 17:54:02,057 [INFO] PluginManager:220 - loadIPPluginJar : add mdma
2026-08-13 17:54:02,058 [INFO] IPUIPlugin:80 - create IPUIPlugin
2026-08-13 17:54:02,059 [INFO] PluginManager:220 - loadIPPluginJar : add aes
2026-08-13 17:54:02,062 [INFO] IPUIPlugin:80 - create IPUIPlugin
2026-08-13 17:54:02,062 [INFO] PluginManager:220 - loadIPPluginJar : add fmc
2026-08-13 17:54:02,063 [INFO] IPUIPlugin:80 - create IPUIPlugin
2026-08-13 17:54:02,063 [INFO] PluginManager:220 - loadIPPluginJar : add radio
2026-08-13 17:54:02,065 [INFO] IPUIPlugin:80 - create IPUIPlugin
2026-08-13 17:54:02,065 [INFO] PluginManager:220 - loadIPPluginJar : add cryp
2026-08-13 17:54:02,067 [INFO] IPUIPlugin:80 - create IPUIPlugin
2026-08-13 17:54:02,067 [INFO] PluginManager:220 - loadIPPluginJar : add openamp
2026-08-13 17:54:02,068 [INFO] IPUIPlugin:80 - create IPUIPlugin
2026-08-13 17:54:02,068 [INFO] PluginManager:220 - loadIPPluginJar : add comp
2026-08-13 17:54:02,069 [INFO] IPUIPlugin:80 - create IPUIPlugin
2026-08-13 17:54:02,069 [INFO] PluginManager:220 - loadIPPluginJar : add gfxmmu
2026-08-13 17:54:02,071 [INFO] IPUIPlugin:80 - create IPUIPlugin
2026-08-13 17:54:02,072 [INFO] PluginManager:220 - loadIPPluginJar : add gtzc
2026-08-13 17:54:02,075 [INFO] IPUIPlugin:80 - create IPUIPlugin
2026-08-13 17:54:02,075 [INFO] PluginManager:220 - loadIPPluginJar : add gic
2026-08-13 17:54:02,077 [INFO] IPUIPlugin:80 - create IPUIPlugin
2026-08-13 17:54:02,077 [INFO] PluginManager:220 - loadIPPluginJar : add lorawan
2026-08-13 17:54:02,078 [INFO] IPUIPlugin:80 - create IPUIPlugin
2026-08-13 17:54:02,078 [INFO] PluginManager:220 - loadIPPluginJar : add usart
2026-08-13 17:54:02,079 [INFO] IPUIPlugin:80 - create IPUIPlugin
2026-08-13 17:54:02,079 [INFO] PluginManager:220 - loadIPPluginJar : add tim
2026-08-13 17:54:02,081 [INFO] IPUIPlugin:80 - create IPUIPlugin
2026-08-13 17:54:02,081 [INFO] PluginManager:220 - loadIPPluginJar : add ddr_ctrl_phy
2026-08-13 17:54:02,083 [INFO] IPUIPlugin:80 - create IPUIPlugin
2026-08-13 17:54:02,083 [INFO] PluginManager:220 - loadIPPluginJar : add extmemmanager
2026-08-13 17:54:02,084 [INFO] IPUIPlugin:80 - create IPUIPlugin
2026-08-13 17:54:02,085 [INFO] PluginManager:220 - loadIPPluginJar : add dma3
2026-08-13 17:54:02,086 [INFO] IPUIPlugin:80 - create IPUIPlugin
2026-08-13 17:54:02,086 [INFO] PluginManager:220 - loadIPPluginJar : add ucpd
2026-08-13 17:54:02,090 [INFO] IPUIPlugin:80 - create IPUIPlugin
2026-08-13 17:54:02,090 [INFO] PluginManager:220 - loadIPPluginJar : add dma
2026-08-13 17:54:02,091 [INFO] IPUIPlugin:80 - create IPUIPlugin
2026-08-13 17:54:02,091 [INFO] PluginManager:220 - loadIPPluginJar : add genericplugin
2026-08-13 17:54:02,096 [INFO] IPUIPlugin:80 - create IPUIPlugin
2026-08-13 17:54:02,096 [INFO] PluginManager:220 - loadIPPluginJar : add linkedlist
2026-08-13 17:54:02,190 [FATAL] Updater:351 - Updater called before beeing initialized
2026-08-13 17:54:02,210 [INFO] RulesReader:64 - Compatibility file has been processed (301 Rules)
2026-08-13 17:54:02,217 [INFO] RulesReader:64 - Compatibility file has been processed (301 Rules)
2026-08-13 17:54:02,222 [INFO] CADModel:165 - CPN selected for project level
2026-08-13 17:54:02,222 [INFO] CADModel:114 - Register for checkConnection events
2026-08-13 17:54:02,222 [FATAL] Updater:351 - Updater called before beeing initialized
2026-08-13 17:54:02,222 [ERROR] CADModel:125 - Updater not yet initialized, retry later 
2026-08-13 17:54:02,317 [FATAL] Updater:351 - Updater called before beeing initialized
2026-08-13 17:54:02,318 [INFO] CADModel:165 - CPN selected for project level
2026-08-13 17:54:02,318 [INFO] CADModel:114 - Register for checkConnection events
2026-08-13 17:54:02,318 [FATAL] Updater:351 - Updater called before beeing initialized
2026-08-13 17:54:02,318 [ERROR] CADModel:125 - Updater not yet initialized, retry later 
2026-08-13 17:54:02,321 [FATAL] Updater:351 - Updater called before beeing initialized
2026-08-13 17:54:02,375 [FATAL] Updater:351 - Updater called before beeing initialized
2026-08-13 17:54:02,378 [INFO] DbMcusAds:53 - JSON generation date=Wed Jul 15 16:44:54 ICT 2026 (1784108694001)
2026-08-13 17:54:02,378 [FATAL] Updater:351 - Updater called before beeing initialized
2026-08-13 17:54:02,401 [WARN] DetailPanel:346 - Failed to get advertising image, set to default
2026-08-13 17:54:02,575 [FATAL] Updater:351 - Updater called before beeing initialized
2026-08-13 17:54:02,576 [FATAL] Updater:351 - Updater called before beeing initialized
2026-08-13 17:54:02,576 [FATAL] Updater:351 - Updater called before beeing initialized
2026-08-13 17:54:02,576 [WARN] DetailPanel:346 - Failed to get advertising image, set to default
2026-08-13 17:54:02,577 [FATAL] Updater:351 - Updater called before beeing initialized
2026-08-13 17:54:02,597 [ERROR] Updater:1198 - MainUpdater not yet initialized. External WinMGr cannot be set.
2026-08-13 17:54:02,599 [INFO] Updater:1134 - Updater Version found : 6.14.0
2026-08-13 17:54:02,613 [INFO] ApplicationProperties:184 - Using Application install path: /opt/st/stm32cubeide_1.18.0/plugins/com.st.stm32cube.common.mx_6.14.0.202502271554
2026-08-13 17:54:02,621 [ERROR] LogOutputStream:75 - [STDERR_REDIRECT] Aug 13, 2026 5:54:02 PM java.util.prefs.FileSystemPreferences$2 run
2026-08-13 17:54:02,621 [ERROR] LogOutputStream:75 - [STDERR_REDIRECT] WARNING: Could not create system preferences directory. System preferences are unusable.
2026-08-13 17:54:02,621 [ERROR] LogOutputStream:75 - [STDERR_REDIRECT] 
2026-08-13 17:54:02,872 [INFO] MainUpdater:2872 - connection check result : 10
2026-08-13 17:54:02,873 [INFO] MainUpdater:289 - Updater Check For Update Now.
2026-08-13 17:54:02,873 [INFO] MicroXplorer:498 - Change Database Version : DB.6.0.140
2026-08-13 17:54:02,878 [INFO] McuFinderGlobals:63 - Set McuFinder mode to 2 (CubeIDE integrated)
2026-08-13 17:54:02,878 [INFO] UserAuth:171 - activating auth plugin
2026-08-13 17:54:02,881 [INFO] UserAuth:486 - Internet connection configuration mode: 1
2026-08-13 17:54:02,894 [INFO] JxBrowserEngine:152 - Initiate JxBrowser Engine with user profile folder
2026-08-13 17:54:03,031 [INFO] CheckServerUpdateThread:120 - End of CheckServer Thread
2026-08-13 17:54:03,608 [INFO] WebApp:169 - Instantiating new browser for Auth
2026-08-13 17:54:04,104 [INFO] WebApp:463 - Apply proxy settings
2026-08-13 17:54:04,104 [INFO] WebApp:548 - Chromium requires no authentication
2026-08-13 17:54:04,109 [INFO] WebApp:491 - Direct internet connection detected
2026-08-13 17:54:04,120 [INFO] WebApp:894 - Register for checkConnection events
2026-08-13 17:54:04,120 [INFO] WebApp:463 - Apply proxy settings
2026-08-13 17:54:04,120 [INFO] WebApp:548 - Chromium requires no authentication
2026-08-13 17:54:04,120 [INFO] WebApp:491 - Direct internet connection detected
2026-08-13 17:54:04,208 [INFO] WebApp:225 - Starting web application
2026-08-13 17:54:04,208 [INFO] WebApp:593 - Web application path used /opt/st/stm32cubeide_1.18.0/plugins/com.st.stm32cube.common.mx_6.14.0.202502271554/db/plugins/mcufinder/reactClient1/index.html
2026-08-13 17:54:04,807 [WARN] PackLoader:240 - Cannot read IP mode file for STMicroelectronics.X-CUBE-AZRTOS-H7.3.5.0
2026-08-13 17:54:04,817 [WARN] PackLoader:240 - Cannot read IP mode file for STMicroelectronics.FP-ATR-ASTRA1.2.0.3
2026-08-13 17:54:04,820 [WARN] PackLoader:240 - Cannot read IP mode file for STMicroelectronics.FP-ATR-ASTRA1.2.0.2
2026-08-13 17:54:04,824 [ERROR] Engine:466 - /home/thuy/.stm32cubemx/thirdparties/pdsc/STMicroelectronics.X-CUBE-SMBUS.2.1.1.pdsc: PDSC version is not supported
2026-08-13 17:54:04,841 [WARN] PackLoader:240 - Cannot read IP mode file for STMicroelectronics.X-CUBE-AZRTOS-F7.1.1.0
2026-08-13 17:54:04,847 [ERROR] Engine:466 - /home/thuy/.stm32cubemx/thirdparties/pdsc/STMicroelectronics.X-CUBE-FREERTOS.1.6.0.pdsc: PDSC version is not supported
2026-08-13 17:54:04,849 [ERROR] Engine:466 - /home/thuy/.stm32cubemx/thirdparties/pdsc/STMicroelectronics.FP-SNS-MOTENV1.5.1.0.pdsc: PDSC version is not supported
2026-08-13 17:54:04,866 [WARN] PackLoader:240 - Cannot read IP mode file for STMicroelectronics.X-CUBE-AZRTOS-H7RS.1.3.0
2026-08-13 17:54:04,873 [ERROR] Engine:466 - /home/thuy/.stm32cubemx/thirdparties/pdsc/WES.I-CUBE-Cesium.1.4.0.pdsc: PDSC version is not supported
2026-08-13 17:54:04,879 [WARN] PackLoader:240 - Cannot read IP mode file for STMicroelectronics.X-CUBE-DISPLAY.3.0.0
2026-08-13 17:54:04,889 [WARN] PackLoader:240 - Cannot read IP mode file for STMicroelectronics.X-CUBE-GNSS1.7.1.1
2026-08-13 17:54:04,892 [ERROR] Engine:466 - /home/thuy/.stm32cubemx/thirdparties/pdsc/STMicroelectronics.FP-SNS-MOTENVWB1.1.5.0.pdsc: PDSC version is not supported
2026-08-13 17:54:04,894 [WARN] PackLoader:240 - Cannot read IP mode file for wolfSSL.I-CUBE-wolfSSL.5.9.1
2026-08-13 17:54:04,899 [WARN] PackLoader:240 - Cannot read IP mode file for STMicroelectronics.X-CUBE-NFC10.1.0.0
2026-08-13 17:54:04,902 [INFO] WebApp:191 - Connection restablished
2026-08-13 17:54:04,904 [WARN] PackLoader:240 - Cannot read IP mode file for STMicroelectronics.X-CUBE-ST60.1.1.0
2026-08-13 17:54:04,908 [WARN] PackLoader:240 - Cannot read IP mode file for emotas.I-CUBE-CANOPEN.1.3.0
2026-08-13 17:54:04,910 [ERROR] Engine:466 - /home/thuy/.stm32cubemx/thirdparties/pdsc/STMicroelectronics.X-CUBE-WBA.1.1.0.pdsc: PDSC version is not supported
2026-08-13 17:54:04,911 [ERROR] Engine:466 - /home/thuy/.stm32cubemx/thirdparties/pdsc/STMicroelectronics.FP-SNS-STBOX1.2.1.0.pdsc: PDSC version is not supported
2026-08-13 17:54:04,913 [WARN] PackLoader:240 - Cannot read IP mode file for STMicroelectronics.FP-SNS-SMARTAG2.1.2.0
2026-08-13 17:54:04,916 [WARN] PackLoader:240 - Cannot read IP mode file for STMicroelectronics.FP-SNS-FLIGHT1.5.1.0
2026-08-13 17:54:04,921 [INFO] LogOutputStream:77 - [STDOUT_REDIRECT] 1 : Invalid condition id : UX_CORESTACK_Condition cause : null
2026-08-13 17:54:04,922 [INFO] LogOutputStream:77 - [STDOUT_REDIRECT] 1 : Invalid condition id : UX_CORESTACK_Condition cause : null
2026-08-13 17:54:04,922 [INFO] LogOutputStream:77 - [STDOUT_REDIRECT] 1 : Invalid condition id : UX_CORESTACK_Condition cause : null
2026-08-13 17:54:04,922 [INFO] LogOutputStream:77 - [STDOUT_REDIRECT] 1 : Invalid condition id : UX_CORESTACK_Condition cause : null
2026-08-13 17:54:04,922 [INFO] LogOutputStream:77 - [STDOUT_REDIRECT] 1 : Invalid condition id : UX_CORESTACK_Condition cause : null
2026-08-13 17:54:04,925 [WARN] PackLoader:240 - Cannot read IP mode file for STMicroelectronics.X-CUBE-AZRTOS-WL.2.0.0
2026-08-13 17:54:04,928 [WARN] PackLoader:240 - Cannot read IP mode file for STMicroelectronics.X-CUBE-BLE2.3.3.0
2026-08-13 17:54:04,949 [WARN] PackLoader:240 - Cannot read IP mode file for Infineon.AIROC-Wi-Fi-Bluetooth-STM32.1.8.0
2026-08-13 17:54:04,955 [WARN] PackLoader:240 - Cannot read IP mode file for STMicroelectronics.X-CUBE-NFC9.1.0.0
2026-08-13 17:54:04,958 [WARN] PackLoader:240 - Cannot read IP mode file for STMicroelectronics.X-CUBE-BLE1.7.1.0
2026-08-13 17:54:04,960 [WARN] PackLoader:240 - Cannot read IP mode file for wolfSSL.I-CUBE-wolfMQTT.1.19.2
2026-08-13 17:54:04,963 [WARN] PackLoader:240 - Cannot read IP mode file for STMicroelectronics.X-CUBE-EEPRMA1.5.2.0
2026-08-13 17:54:04,966 [ERROR] Engine:466 - /home/thuy/.stm32cubemx/thirdparties/pdsc/STMicroelectronics.FP-SNS-STAIOTCFT.1.1.0.pdsc: PDSC version is not supported
2026-08-13 17:54:04,974 [WARN] PackLoader:240 - Cannot read IP mode file for STMicroelectronics.X-CUBE-AZRTOS-G0.1.1.0
2026-08-13 17:54:04,982 [WARN] PackLoader:240 - Cannot read IP mode file for STMicroelectronics.X-CUBE-NFC4.3.0.0
2026-08-13 17:54:04,990 [WARN] PackLoader:240 - Cannot read IP mode file for EmbeddedOffice.I-CUBE-FS-RTOS.1.0.1
2026-08-13 17:54:04,992 [WARN] PackLoader:240 - Cannot read IP mode file for wolfSSL.I-CUBE-wolfTPM.3.8.0
2026-08-13 17:54:04,995 [WARN] PackLoader:240 - Cannot read IP mode file for STMicroelectronics.X-CUBE-TCPP.4.2.0
2026-08-13 17:54:04,999 [WARN] PackLoader:240 - Cannot read IP mode file for RealThread.X-CUBE-RT-Thread_Nano.4.1.1
2026-08-13 17:54:05,002 [WARN] PackLoader:240 - Cannot read IP mode file for STMicroelectronics.FP-ATR-SIGFOX1.3.2.0
2026-08-13 17:54:05,005 [WARN] PackLoader:240 - Cannot read IP mode file for ITTIA_DB.I-CUBE-ITTIADB.8.9.0
2026-08-13 17:54:05,007 [WARN] PackLoader:240 - Cannot read IP mode file for Cesanta.I-CUBE-Mongoose.7.21.7
2026-08-13 17:54:05,011 [WARN] PackLoader:240 - Cannot read IP mode file for STMicroelectronics.X-CUBE-NFC6.3.2.0
2026-08-13 17:54:05,014 [WARN] PackLoader:240 - Cannot read IP mode file for STMicroelectronics.X-CUBE-AI.10.2.1
2026-08-13 17:54:05,060 [WARN] PackLoader:240 - Cannot read IP mode file for STMicroelectronics.X-CUBE-MEMS1.12.1.0
2026-08-13 17:54:05,125 [WARN] PackLoader:240 - Cannot read IP mode file for SEGGER.I-CUBE-embOS.1.3.1
2026-08-13 17:54:05,152 [WARN] PackLoader:240 - Cannot read IP mode file for STMicroelectronics.X-CUBE-NFC13.1.0.0
2026-08-13 17:54:05,156 [WARN] PackLoader:240 - Cannot read IP mode file for STMicroelectronics.X-CUBE-PM33A1.1.0.0
2026-08-13 17:54:05,167 [WARN] PackLoader:240 - Cannot read IP mode file for STMicroelectronics.X-CUBE-AZRTOS-F4.1.1.0
2026-08-13 17:54:05,172 [WARN] PackLoader:240 - Cannot read IP mode file for STMicroelectronics.X-CUBE-ISPU.2.1.0
2026-08-13 17:54:05,176 [ERROR] Engine:466 - /home/thuy/.stm32cubemx/thirdparties/pdsc/STMicroelectronics.X-CUBE-IPS.3.2.0.pdsc: PDSC version is not supported
2026-08-13 17:54:05,178 [WARN] PackLoader:240 - Cannot read IP mode file for STMicroelectronics.eDS-WB_DPC_TT-BIDIR.2.1.1
2026-08-13 17:54:05,182 [WARN] PackLoader:240 - Cannot read IP mode file for STMicroelectronics.X-CUBE-NFC12.1.0.0
2026-08-13 17:54:05,192 [WARN] PackLoader:240 - Cannot read IP mode file for STMicroelectronics.X-CUBE-AZRTOS-L5.2.0.0
2026-08-13 17:54:05,197 [WARN] PackLoader:240 - Cannot read IP mode file for STMicroelectronics.X-CUBE-ALGOBUILD.1.5.0
2026-08-13 17:54:05,199 [WARN] PackLoader:240 - Cannot read IP mode file for STMicroelectronics.eDS-WB_DPC_VIENNA.1.2.0
2026-08-13 17:54:05,221 [WARN] PackLoader:240 - Cannot read IP mode file for STMicroelectronics.X-CUBE-MEMS1.13.0.0
2026-08-13 17:54:05,271 [WARN] PackLoader:240 - Cannot read IP mode file for STMicroelectronics.eDS-WB_DPC_3PH2L-BIDIR.1.1.1
2026-08-13 17:54:05,273 [ERROR] Engine:466 - /home/thuy/.stm32cubemx/thirdparties/pdsc/STMicroelectronics.X-CUBE-ST67W61.1.3.0.pdsc: PDSC version is not supported
2026-08-13 17:54:05,275 [WARN] PackLoader:240 - Cannot read IP mode file for STMicroelectronics.X-CUBE-TOUCHGFX.4.26.1
2026-08-13 17:54:05,277 [WARN] PackLoader:240 - Cannot read IP mode file for STMicroelectronics.X-CUBE-DPower.1.3.0
2026-08-13 17:54:05,285 [WARN] ConditionMgr:438 - getConditionDescription Invalid condition id : LAN8742 Phy interface Condition cause : null
2026-08-13 17:54:05,285 [WARN] PackLoader:240 - Cannot read IP mode file for STMicroelectronics.X-CUBE-AZRTOS-L4.2.0.0
2026-08-13 17:54:05,286 [WARN] ConditionMgr:1044 - genDependencies : Invalid condition id : LAN8742 Phy interface Condition cause : null
2026-08-13 17:54:05,286 [WARN] ConditionMgr:1044 - genDependencies : Invalid condition id : LAN8742 Phy interface Condition cause : null
2026-08-13 17:54:05,286 [WARN] ConditionMgr:1044 - genDependencies : Invalid condition id : LAN8742 Phy interface Condition cause : null
2026-08-13 17:54:05,290 [WARN] PackLoader:240 - Cannot read IP mode file for STMicroelectronics.X-CUBE-SFXS2LP1.4.0.0
2026-08-13 17:54:05,293 [WARN] PackLoader:240 - Cannot read IP mode file for STMicroelectronics.X-CUBE-WB05N.2.1.0
2026-08-13 17:54:05,298 [WARN] ConditionMgr:438 - getConditionDescription Invalid condition id : UX DEVICE CLASS RTOS Condition cause : null
2026-08-13 17:54:05,298 [WARN] ConditionMgr:438 - getConditionDescription Invalid condition id : UX DEVICE CLASS RTOS Condition cause : null
2026-08-13 17:54:05,299 [WARN] PackLoader:240 - Cannot read IP mode file for STMicroelectronics.X-CUBE-AZRTOS-WB.2.0.0
2026-08-13 17:54:05,300 [WARN] ConditionMgr:1044 - genDependencies : Invalid condition id : UX DEVICE CLASS RTOS Condition cause : null
2026-08-13 17:54:05,300 [WARN] ConditionMgr:1044 - genDependencies : Invalid condition id : UX DEVICE CLASS RTOS Condition cause : null
2026-08-13 17:54:05,300 [WARN] ConditionMgr:1044 - genDependencies : Invalid condition id : UX DEVICE CLASS RTOS Condition cause : null
2026-08-13 17:54:05,300 [WARN] ConditionMgr:1044 - genDependencies : Invalid condition id : UX DEVICE CLASS RTOS Condition cause : null
2026-08-13 17:54:05,300 [WARN] ConditionMgr:1044 - genDependencies : Invalid condition id : UX DEVICE CLASS RTOS Condition cause : null
2026-08-13 17:54:05,302 [WARN] ConditionMgr:438 - getConditionDescription Invalid condition id : Cortex-A Device cause : null
2026-08-13 17:54:05,306 [WARN] ConditionMgr:1044 - genDependencies : Invalid condition id : Cortex-A Device cause : null
2026-08-13 17:54:05,306 [WARN] ConditionMgr:1044 - genDependencies : Invalid condition id : Cortex-A Device cause : null
2026-08-13 17:54:05,306 [WARN] ConditionMgr:1044 - genDependencies : Invalid condition id : Cortex-A Device cause : null
2026-08-13 17:54:05,309 [WARN] PackLoader:240 - Cannot read IP mode file for STMicroelectronics.X-CUBE-STSE01.2.0.0
2026-08-13 17:54:05,316 [WARN] PackLoader:240 - Cannot read IP mode file for STMicroelectronics.X-CUBE-SUBG2.5.0.0
2026-08-13 17:54:05,324 [WARN] PackLoader:240 - Cannot read IP mode file for STMicroelectronics.X-CUBE-AZRTOS-G4.2.0.0
2026-08-13 17:54:05,327 [WARN] PackLoader:240 - Cannot read IP mode file for wolfSSL.I-CUBE-wolfSSH.1.4.20
2026-08-13 17:54:05,329 [WARN] PackLoader:240 - Cannot read IP mode file for STMicroelectronics.X-CUBE-NFC7.2.0.0
2026-08-13 17:54:05,332 [ERROR] Engine:466 - /home/thuy/.stm32cubemx/thirdparties/pdsc/STMicroelectronics.X-CUBE-BLEMGR.4.2.0.pdsc: PDSC version is not supported
2026-08-13 17:54:05,334 [WARN] PackLoader:240 - Cannot read IP mode file for STMicroelectronics.X-CUBE-ALS.1.0.2
2026-08-13 17:54:05,340 [WARN] PackLoader:240 - Cannot read IP mode file for STMicroelectronics.X-CUBE-TOF1.3.4.3
2026-08-13 17:54:05,345 [INFO] ThirdParty:978 - Integrity check success = true
2026-08-13 17:54:05,345 [INFO] IntegrityCheckThread:100 - exiting critical section [integrity check]
2026-08-13 17:54:05,345 [INFO] IntegrityCheckThread:103 - End integrity checks thread
2026-08-13 17:54:30,732 [ERROR] LogOutputStream:75 - [STDERR_REDIRECT] Aug 13, 2026 5:54:30 PM java.util.prefs.FileSystemPreferences checkLockFile0ErrorCode
2026-08-13 17:54:30,733 [ERROR] LogOutputStream:75 - [STDERR_REDIRECT] WARNING: Could not lock System prefs. Unix error code 2.
2026-08-13 17:54:30,733 [ERROR] LogOutputStream:75 - [STDERR_REDIRECT] 
2026-08-13 17:54:30,734 [ERROR] LogOutputStream:75 - [STDERR_REDIRECT] Aug 13, 2026 5:54:30 PM java.util.prefs.FileSystemPreferences syncWorld
2026-08-13 17:54:30,734 [ERROR] LogOutputStream:75 - [STDERR_REDIRECT] WARNING: Couldn't flush system prefs: java.util.prefs.BackingStoreException: Couldn't get file lock.
2026-08-13 17:54:30,734 [ERROR] LogOutputStream:75 - [STDERR_REDIRECT] 
2026-08-13 18:50:35,966 [INFO] Activator:176 - 


2026-08-13 18:50:35,967 [INFO] Activator:177 - !SESSION log4j initialized
2026-08-13 18:50:42,749 [INFO] LogOutputStream:77 - [STDOUT_REDIRECT] 
2026-08-13 18:50:48,335 [INFO] ApplicationProperties:184 - Using Application install path: /opt/st/stm32cubeide_1.18.0/plugins/com.st.stm32cube.common.mx_6.14.0.202502271554
2026-08-13 18:50:48,348 [INFO] DbMcusXml:78 - Set database path to: /opt/st/stm32cubeide_1.18.0/plugins/com.st.stm32cube.common.mx_6.14.0.202502271554//db//mcu/
2026-08-13 18:50:48,348 [INFO] ApiDb:274 - Set plugin database path to: /opt/st/stm32cubeide_1.18.0/plugins/com.st.stm32cube.common.mx_6.14.0.202502271554//db//plugins/boardmanager/
2026-08-13 18:50:48,348 [WARN] ApiDb:259 - Overriding images path with different value:  => /opt/st/stm32cubeide_1.18.0/plugins/com.st.stm32cube.common.mx_6.14.0.202502271554//db//plugins/mcufinder/images/
2026-08-13 18:50:48,355 [INFO] ApiDb:250 - Set database path to: /home/thuy/.stmcufinder/plugins/mcufinder//mcu/
2026-08-13 18:50:48,356 [INFO] DbMcusAds:125 - Set database path to: /home/thuy/.stmcufinder/plugins/mcufinder//mcu/
2026-08-13 18:50:48,358 [INFO] CrossReferenceDbSqlite:203 - Set database path to: /home/thuy/.stmcufinder/plugins/mcufinder//mcu/cs/
2026-08-13 18:50:48,434 [INFO] RulesReader:64 - Compatibility file has been processed (301 Rules)
2026-08-13 18:50:48,473 [INFO] DbMcusXml:78 - Set database path to: /opt/st/stm32cubeide_1.18.0/plugins/com.st.stm32cube.common.mx_6.14.0.202502271554//db//mcu/
2026-08-13 18:50:48,473 [INFO] ApiDb:274 - Set plugin database path to: /opt/st/stm32cubeide_1.18.0/plugins/com.st.stm32cube.common.mx_6.14.0.202502271554//db//plugins/boardmanager/
2026-08-13 18:50:48,473 [INFO] ApiDb:261 - Set plugin images path to: /opt/st/stm32cubeide_1.18.0/plugins/com.st.stm32cube.common.mx_6.14.0.202502271554//db//plugins/mcufinder/images/
2026-08-13 18:50:48,473 [WARN] DbFile:41 - Overriding database path with different value: /home/thuy/.stmcufinder/plugins/mcufinder/ => /home/thuy/.stmcufinder/plugins/mcufinder
2026-08-13 18:50:48,474 [INFO] ApiDb:250 - Set database path to: /home/thuy/.stmcufinder/plugins/mcufinder//mcu/
2026-08-13 18:50:48,474 [WARN] DbFile:41 - Overriding database path with different value: /home/thuy/.stmcufinder/plugins/mcufinder/ => /home/thuy/.stmcufinder/plugins/mcufinder
2026-08-13 18:50:48,474 [INFO] DbMcusAds:125 - Set database path to: /home/thuy/.stmcufinder/plugins/mcufinder//mcu/
2026-08-13 18:50:48,474 [WARN] DbFile:41 - Overriding database path with different value: /home/thuy/.stmcufinder/plugins/mcufinder/ => /home/thuy/.stmcufinder/plugins/mcufinder
2026-08-13 18:50:48,474 [WARN] DbFile:41 - Overriding database path with different value: /home/thuy/.stmcufinder/plugins/mcufinder/ => /home/thuy/.stmcufinder/plugins/mcufinder
2026-08-13 18:50:48,474 [INFO] CrossReferenceDbSqlite:203 - Set database path to: /home/thuy/.stmcufinder/plugins/mcufinder//mcu/cs/
2026-08-13 18:50:48,518 [INFO] MainPanel:272 - HeapMemory: 268435456
2026-08-13 18:50:48,607 [INFO] DbMcusXml:78 - Set database path to: /opt/st/stm32cubeide_1.18.0/plugins/com.st.stm32cube.common.mx_6.14.0.202502271554//db//mcu/
2026-08-13 18:50:48,608 [INFO] ApiDb:274 - Set plugin database path to: /opt/st/stm32cubeide_1.18.0/plugins/com.st.stm32cube.common.mx_6.14.0.202502271554//db//plugins/boardmanager/
2026-08-13 18:50:48,608 [INFO] ApiDb:261 - Set plugin images path to: /opt/st/stm32cubeide_1.18.0/plugins/com.st.stm32cube.common.mx_6.14.0.202502271554//db//plugins/mcufinder/images/
2026-08-13 18:50:48,608 [WARN] DbFile:41 - Overriding database path with different value: /home/thuy/.stmcufinder/plugins/mcufinder/ => /home/thuy/.stmcufinder/plugins/mcufinder
2026-08-13 18:50:48,608 [INFO] ApiDb:250 - Set database path to: /home/thuy/.stmcufinder/plugins/mcufinder//mcu/
2026-08-13 18:50:48,608 [WARN] DbFile:41 - Overriding database path with different value: /home/thuy/.stmcufinder/plugins/mcufinder/ => /home/thuy/.stmcufinder/plugins/mcufinder
2026-08-13 18:50:48,608 [INFO] DbMcusAds:125 - Set database path to: /home/thuy/.stmcufinder/plugins/mcufinder//mcu/
2026-08-13 18:50:48,608 [WARN] DbFile:41 - Overriding database path with different value: /home/thuy/.stmcufinder/plugins/mcufinder/ => /home/thuy/.stmcufinder/plugins/mcufinder
2026-08-13 18:50:48,608 [WARN] DbFile:41 - Overriding database path with different value: /home/thuy/.stmcufinder/plugins/mcufinder/ => /home/thuy/.stmcufinder/plugins/mcufinder
2026-08-13 18:50:48,608 [INFO] CrossReferenceDbSqlite:203 - Set database path to: /home/thuy/.stmcufinder/plugins/mcufinder//mcu/cs/
2026-08-13 18:50:48,618 [INFO] ApplicationProperties:184 - Using Application install path: /opt/st/stm32cubeide_1.18.0/plugins/com.st.stm32cube.common.mx_6.14.0.202502271554
2026-08-13 18:50:48,619 [INFO] PluginManage:196 - Search for loadable plugins [exclusion list=, ]
2026-08-13 18:50:48,620 [INFO] PluginManage:310 - Check plugin analytics
2026-08-13 18:50:48,712 [INFO] AnalyticsPlugin:253 - Accepted Software Licenses: STM32CubeMX.6.17.0
2026-08-13 18:50:48,712 [INFO] AnalyticsPlugin:255 - Accepted CMSIS Pack Licenses: 
2026-08-13 18:50:48,712 [INFO] AnalyticsPlugin:257 - Accepted Firmware Licenses: FW.F1.1.8.7,FW.F4.1.28.0,FW.F4.1.28.3
2026-08-13 18:50:48,713 [INFO] PluginManage:359 - Loaded plugin analytics (category:tool,tabindex:-1)
2026-08-13 18:50:48,713 [INFO] PluginManage:310 - Check plugin cadmodel
2026-08-13 18:50:48,717 [INFO] CADModel:105 - Init CAD model plugin
2026-08-13 18:50:48,717 [INFO] PluginManage:359 - Loaded plugin cadmodel (category:power,tabindex:5)
2026-08-13 18:50:48,717 [INFO] PluginManage:310 - Check plugin clock
2026-08-13 18:50:48,723 [INFO] PluginManage:359 - Loaded plugin clock (category:base,tabindex:2)
2026-08-13 18:50:48,723 [INFO] PluginManage:310 - Check plugin ddr
2026-08-13 18:50:48,725 [INFO] PluginManage:359 - Loaded plugin ddr (category:tool,tabindex:6)
2026-08-13 18:50:48,725 [INFO] PluginManage:310 - Check plugin filemanager
2026-08-13 18:50:48,818 [INFO] PluginManage:359 - Loaded plugin filemanager (category:base,tabindex:10)
2026-08-13 18:50:48,818 [INFO] PluginManage:310 - Check plugin ipmanager
2026-08-13 18:50:48,822 [INFO] PluginManage:359 - Loaded plugin ipmanager (category:base,tabindex:5)
2026-08-13 18:50:48,822 [INFO] PluginManage:310 - Check plugin lpbam
2026-08-13 18:50:48,828 [INFO] PluginManage:359 - Loaded plugin lpbam (category:base,tabindex:0)
2026-08-13 18:50:48,829 [INFO] PluginManage:310 - Check plugin memorymap
2026-08-13 18:50:48,837 [INFO] PluginManage:359 - Loaded plugin memorymap (category:base,tabindex:4)
2026-08-13 18:50:48,837 [INFO] PluginManage:310 - Check plugin pinoutandconfiguration
2026-08-13 18:50:48,842 [INFO] PluginManage:359 - Loaded plugin pinoutandconfiguration (category:base,tabindex:1)
2026-08-13 18:50:48,842 [INFO] PluginManage:310 - Check plugin pinoutconfig
2026-08-13 18:50:48,898 [WARN] SupportedApi:132 - Cannot load RTOS API schema: s4s-elt-must-match.1: The content of 'definitions' must match (annotation?, (simpleType | complexType)?, (unique | key | keyref)*)). A problem was found starting at: attribute.
2026-08-13 18:50:48,982 [INFO] PluginManage:359 - Loaded plugin pinoutconfig (category:base,tabindex:0)
2026-08-13 18:50:48,983 [INFO] PluginManage:310 - Check plugin power
2026-08-13 18:50:48,990 [INFO] PluginManage:359 - Loaded plugin power (category:power,tabindex:4)
2026-08-13 18:50:48,990 [INFO] PluginManage:310 - Check plugin projectmanager
2026-08-13 18:50:49,000 [INFO] PluginManage:359 - Loaded plugin projectmanager (category:projectmanager,tabindex:4)
2026-08-13 18:50:49,000 [INFO] PluginManage:310 - Check plugin rif
2026-08-13 18:50:49,005 [INFO] PluginManage:359 - Loaded plugin rif (category:base,tabindex:3)
2026-08-13 18:50:49,005 [INFO] PluginManage:310 - Check plugin thirdparty
2026-08-13 18:50:49,083 [INFO] PluginManage:359 - Loaded plugin thirdparty (category:base,tabindex:-1)
2026-08-13 18:50:49,083 [WARN] IntegrityCheckThread:84 - waiting for thirdparty lock release [integrity check]
2026-08-13 18:50:49,084 [INFO] PluginManage:310 - Check plugin tools
2026-08-13 18:50:49,084 [INFO] IntegrityCheckThread:86 - entering critical section [integrity check]
2026-08-13 18:50:49,084 [INFO] ThirdPartyUpdaterWithRetryManager:70 - Updater plugin not ready yet. [1/15]
2026-08-13 18:50:49,085 [INFO] PluginManage:359 - Loaded plugin tools (category:base,tabindex:7)
2026-08-13 18:50:49,085 [INFO] PluginManage:310 - Check plugin tutovideos
2026-08-13 18:50:49,195 [INFO] PluginManage:359 - Loaded plugin tutovideos (category:base,tabindex:-1)
2026-08-13 18:50:49,195 [INFO] PluginManage:310 - Check plugin updater
2026-08-13 18:50:49,211 [INFO] PluginManage:359 - Loaded plugin updater (category:base,tabindex:12)
2026-08-13 18:50:49,211 [INFO] PluginManage:310 - Check plugin userauth
2026-08-13 18:50:49,214 [INFO] UserAuth:118 - Init User Auth plugin
2026-08-13 18:50:49,215 [INFO] PluginManage:359 - Loaded plugin userauth (category:base,tabindex:14)
2026-08-13 18:50:49,215 [INFO] PluginManage:283 - PluginManage : Loaded plugins [18]
2026-08-13 18:50:49,339 [INFO] PinOutPanel:1589 - setPackage(No Configuration,No Configuration)
2026-08-13 18:50:49,384 [INFO] CADModel:165 - CPN selected for project level
2026-08-13 18:50:49,384 [INFO] CADModel:114 - Register for checkConnection events
2026-08-13 18:50:49,394 [INFO] IPUIPlugin:80 - create IPUIPlugin
2026-08-13 18:50:49,394 [INFO] PluginManager:220 - loadIPPluginJar : add freertos
2026-08-13 18:50:49,395 [INFO] IPUIPlugin:80 - create IPUIPlugin
2026-08-13 18:50:49,395 [INFO] PluginManager:220 - loadIPPluginJar : add quadspi
2026-08-13 18:50:49,399 [INFO] IPUIPlugin:80 - create IPUIPlugin
2026-08-13 18:50:49,399 [INFO] PluginManager:220 - loadIPPluginJar : add i2s
2026-08-13 18:50:49,401 [INFO] IPUIPlugin:80 - create IPUIPlugin
2026-08-13 18:50:49,402 [INFO] PluginManager:220 - loadIPPluginJar : add touchsensing
2026-08-13 18:50:49,404 [INFO] IPUIPlugin:80 - create IPUIPlugin
2026-08-13 18:50:49,404 [INFO] PluginManager:220 - loadIPPluginJar : add ipddr
2026-08-13 18:50:49,406 [INFO] IPUIPlugin:80 - create IPUIPlugin
2026-08-13 18:50:49,406 [INFO] PluginManager:220 - loadIPPluginJar : add pdm2pcm
2026-08-13 18:50:49,408 [INFO] IPUIPlugin:80 - create IPUIPlugin
2026-08-13 18:50:49,408 [INFO] PluginManager:220 - loadIPPluginJar : add dfsdm
2026-08-13 18:50:49,413 [INFO] IPUIPlugin:80 - create IPUIPlugin
2026-08-13 18:50:49,413 [INFO] PluginManager:220 - loadIPPluginJar : add stm32_wpan
2026-08-13 18:50:49,415 [INFO] IPUIPlugin:80 - create IPUIPlugin
2026-08-13 18:50:49,416 [INFO] PluginManager:220 - loadIPPluginJar : add nvic
2026-08-13 18:50:49,420 [INFO] IPUIPlugin:80 - create IPUIPlugin
2026-08-13 18:50:49,420 [INFO] PluginManager:220 - loadIPPluginJar : add gpio
2026-08-13 18:50:49,423 [INFO] IPUIPlugin:80 - create IPUIPlugin
2026-08-13 18:50:49,423 [INFO] PluginManager:220 - loadIPPluginJar : add usbx
2026-08-13 18:50:49,425 [INFO] IPUIPlugin:80 - create IPUIPlugin
2026-08-13 18:50:49,426 [INFO] PluginManager:220 - loadIPPluginJar : add sai
2026-08-13 18:50:49,427 [INFO] IPUIPlugin:80 - create IPUIPlugin
2026-08-13 18:50:49,427 [INFO] PluginManager:220 - loadIPPluginJar : add fatfs
2026-08-13 18:50:49,429 [INFO] IPUIPlugin:80 - create IPUIPlugin
2026-08-13 18:50:49,429 [INFO] PluginManager:220 - loadIPPluginJar : add opamp
2026-08-13 18:50:49,431 [INFO] IPUIPlugin:80 - create IPUIPlugin
2026-08-13 18:50:49,431 [INFO] PluginManager:220 - loadIPPluginJar : add spi
2026-08-13 18:50:49,432 [INFO] IPUIPlugin:80 - create IPUIPlugin
2026-08-13 18:50:49,432 [INFO] PluginManager:220 - loadIPPluginJar : add tsc
2026-08-13 18:50:49,436 [INFO] IPUIPlugin:80 - create IPUIPlugin
2026-08-13 18:50:49,436 [INFO] PluginManager:220 - loadIPPluginJar : add resmgrutility
2026-08-13 18:50:49,437 [INFO] IPUIPlugin:80 - create IPUIPlugin
2026-08-13 18:50:49,438 [INFO] PluginManager:220 - loadIPPluginJar : add can
2026-08-13 18:50:49,439 [INFO] IPUIPlugin:80 - create IPUIPlugin
2026-08-13 18:50:49,439 [INFO] PluginManager:220 - loadIPPluginJar : add ts
2026-08-13 18:50:49,444 [INFO] IPUIPlugin:80 - create IPUIPlugin
2026-08-13 18:50:49,447 [INFO] PluginManager:220 - loadIPPluginJar : add plateformsettings
2026-08-13 18:50:49,449 [INFO] IPUIPlugin:80 - create IPUIPlugin
2026-08-13 18:50:49,449 [INFO] PluginManager:220 - loadIPPluginJar : add tracer_emb
2026-08-13 18:50:49,451 [INFO] IPUIPlugin:80 - create IPUIPlugin
2026-08-13 18:50:49,451 [INFO] PluginManager:220 - loadIPPluginJar : add hash
2026-08-13 18:50:49,454 [INFO] IPUIPlugin:80 - create IPUIPlugin
2026-08-13 18:50:49,454 [INFO] PluginManager:220 - loadIPPluginJar : add i2c
2026-08-13 18:50:49,456 [INFO] IPUIPlugin:80 - create IPUIPlugin
2026-08-13 18:50:49,457 [INFO] PluginManager:220 - loadIPPluginJar : add i3c
2026-08-13 18:50:49,462 [INFO] IPUIPlugin:80 - create IPUIPlugin
2026-08-13 18:50:49,462 [INFO] PluginManager:220 - loadIPPluginJar : add adc
2026-08-13 18:50:49,463 [INFO] IPUIPlugin:80 - create IPUIPlugin
2026-08-13 18:50:49,463 [INFO] PluginManager:220 - loadIPPluginJar : add ltdc
2026-08-13 18:50:49,467 [INFO] IPUIPlugin:80 - create IPUIPlugin
2026-08-13 18:50:49,467 [INFO] PluginManager:220 - loadIPPluginJar : add mdma
2026-08-13 18:50:49,469 [INFO] IPUIPlugin:80 - create IPUIPlugin
2026-08-13 18:50:49,469 [INFO] PluginManager:220 - loadIPPluginJar : add aes
2026-08-13 18:50:49,472 [INFO] IPUIPlugin:80 - create IPUIPlugin
2026-08-13 18:50:49,472 [INFO] PluginManager:220 - loadIPPluginJar : add fmc
2026-08-13 18:50:49,473 [INFO] IPUIPlugin:80 - create IPUIPlugin
2026-08-13 18:50:49,473 [INFO] PluginManager:220 - loadIPPluginJar : add radio
2026-08-13 18:50:49,474 [INFO] IPUIPlugin:80 - create IPUIPlugin
2026-08-13 18:50:49,474 [INFO] PluginManager:220 - loadIPPluginJar : add cryp
2026-08-13 18:50:49,475 [INFO] IPUIPlugin:80 - create IPUIPlugin
2026-08-13 18:50:49,476 [INFO] PluginManager:220 - loadIPPluginJar : add openamp
2026-08-13 18:50:49,476 [INFO] IPUIPlugin:80 - create IPUIPlugin
2026-08-13 18:50:49,477 [INFO] PluginManager:220 - loadIPPluginJar : add comp
2026-08-13 18:50:49,478 [INFO] IPUIPlugin:80 - create IPUIPlugin
2026-08-13 18:50:49,478 [INFO] PluginManager:220 - loadIPPluginJar : add gfxmmu
2026-08-13 18:50:49,480 [INFO] IPUIPlugin:80 - create IPUIPlugin
2026-08-13 18:50:49,481 [INFO] PluginManager:220 - loadIPPluginJar : add gtzc
2026-08-13 18:50:49,484 [INFO] IPUIPlugin:80 - create IPUIPlugin
2026-08-13 18:50:49,485 [INFO] PluginManager:220 - loadIPPluginJar : add gic
2026-08-13 18:50:49,486 [INFO] IPUIPlugin:80 - create IPUIPlugin
2026-08-13 18:50:49,486 [INFO] PluginManager:220 - loadIPPluginJar : add lorawan
2026-08-13 18:50:49,488 [INFO] IPUIPlugin:80 - create IPUIPlugin
2026-08-13 18:50:49,488 [INFO] PluginManager:220 - loadIPPluginJar : add usart
2026-08-13 18:50:49,489 [INFO] IPUIPlugin:80 - create IPUIPlugin
2026-08-13 18:50:49,489 [INFO] PluginManager:220 - loadIPPluginJar : add tim
2026-08-13 18:50:49,491 [INFO] IPUIPlugin:80 - create IPUIPlugin
2026-08-13 18:50:49,491 [INFO] PluginManager:220 - loadIPPluginJar : add ddr_ctrl_phy
2026-08-13 18:50:49,493 [INFO] IPUIPlugin:80 - create IPUIPlugin
2026-08-13 18:50:49,493 [INFO] PluginManager:220 - loadIPPluginJar : add extmemmanager
2026-08-13 18:50:49,494 [INFO] IPUIPlugin:80 - create IPUIPlugin
2026-08-13 18:50:49,494 [INFO] PluginManager:220 - loadIPPluginJar : add dma3
2026-08-13 18:50:49,496 [INFO] IPUIPlugin:80 - create IPUIPlugin
2026-08-13 18:50:49,496 [INFO] PluginManager:220 - loadIPPluginJar : add ucpd
2026-08-13 18:50:49,500 [INFO] IPUIPlugin:80 - create IPUIPlugin
2026-08-13 18:50:49,500 [INFO] PluginManager:220 - loadIPPluginJar : add dma
2026-08-13 18:50:49,501 [INFO] IPUIPlugin:80 - create IPUIPlugin
2026-08-13 18:50:49,501 [INFO] PluginManager:220 - loadIPPluginJar : add genericplugin
2026-08-13 18:50:49,506 [INFO] IPUIPlugin:80 - create IPUIPlugin
2026-08-13 18:50:49,507 [INFO] PluginManager:220 - loadIPPluginJar : add linkedlist
2026-08-13 18:50:49,598 [FATAL] Updater:351 - Updater called before beeing initialized
2026-08-13 18:50:49,616 [INFO] RulesReader:64 - Compatibility file has been processed (301 Rules)
2026-08-13 18:50:49,623 [INFO] RulesReader:64 - Compatibility file has been processed (301 Rules)
2026-08-13 18:50:49,627 [INFO] CADModel:165 - CPN selected for project level
2026-08-13 18:50:49,627 [INFO] CADModel:114 - Register for checkConnection events
2026-08-13 18:50:49,627 [FATAL] Updater:351 - Updater called before beeing initialized
2026-08-13 18:50:49,627 [ERROR] CADModel:125 - Updater not yet initialized, retry later 
2026-08-13 18:50:49,706 [FATAL] Updater:351 - Updater called before beeing initialized
2026-08-13 18:50:49,707 [INFO] CADModel:165 - CPN selected for project level
2026-08-13 18:50:49,707 [INFO] CADModel:114 - Register for checkConnection events
2026-08-13 18:50:49,707 [FATAL] Updater:351 - Updater called before beeing initialized
2026-08-13 18:50:49,707 [ERROR] CADModel:125 - Updater not yet initialized, retry later 
2026-08-13 18:50:49,710 [FATAL] Updater:351 - Updater called before beeing initialized
2026-08-13 18:50:49,759 [FATAL] Updater:351 - Updater called before beeing initialized
2026-08-13 18:50:49,762 [INFO] DbMcusAds:53 - JSON generation date=Wed Jul 15 16:44:54 ICT 2026 (1784108694001)
2026-08-13 18:50:49,762 [FATAL] Updater:351 - Updater called before beeing initialized
2026-08-13 18:50:49,784 [WARN] DetailPanel:346 - Failed to get advertising image, set to default
2026-08-13 18:50:49,938 [FATAL] Updater:351 - Updater called before beeing initialized
2026-08-13 18:50:49,940 [FATAL] Updater:351 - Updater called before beeing initialized
2026-08-13 18:50:49,940 [FATAL] Updater:351 - Updater called before beeing initialized
2026-08-13 18:50:49,940 [WARN] DetailPanel:346 - Failed to get advertising image, set to default
2026-08-13 18:50:49,940 [FATAL] Updater:351 - Updater called before beeing initialized
2026-08-13 18:50:49,966 [ERROR] Updater:1198 - MainUpdater not yet initialized. External WinMGr cannot be set.
2026-08-13 18:50:49,968 [INFO] Updater:1134 - Updater Version found : 6.14.0
2026-08-13 18:50:49,985 [INFO] ApplicationProperties:184 - Using Application install path: /opt/st/stm32cubeide_1.18.0/plugins/com.st.stm32cube.common.mx_6.14.0.202502271554
2026-08-13 18:50:49,993 [ERROR] LogOutputStream:75 - [STDERR_REDIRECT] Aug 13, 2026 6:50:49 PM java.util.prefs.FileSystemPreferences$2 run
2026-08-13 18:50:49,993 [ERROR] LogOutputStream:75 - [STDERR_REDIRECT] WARNING: Could not create system preferences directory. System preferences are unusable.
2026-08-13 18:50:49,993 [ERROR] LogOutputStream:75 - [STDERR_REDIRECT] 
2026-08-13 18:50:51,914 [ERROR] ConfigurationRetriever:142 - IOException on connection: Read timed out
2026-08-13 18:50:52,084 [INFO] ThirdPartyUpdaterWithRetryManager:70 - Updater plugin not ready yet. [2/15]
2026-08-13 18:50:55,085 [FATAL] Updater:351 - Updater called before beeing initialized
2026-08-13 18:50:55,085 [ERROR] IntegrityCheckThread:130 - Cannot retrieve database content from updater: error 21
2026-08-13 18:50:55,085 [INFO] ThirdParty:978 - Integrity check success = false
2026-08-13 18:50:55,085 [INFO] IntegrityCheckThread:100 - exiting critical section [integrity check]
2026-08-13 18:50:55,085 [INFO] IntegrityCheckThread:103 - End integrity checks thread
2026-08-13 18:50:55,269 [ERROR] ConfigurationRetriever:142 - IOException on connection: Read timed out
2026-08-13 18:50:55,626 [WARN] CheckConnectionManager:291 - Warning during Server Connection :  timeout Read timed out
2026-08-13 18:50:56,753 [ERROR] ConfigurationRetriever:142 - IOException on connection: Connect timed out
2026-08-13 18:50:57,751 [ERROR] ConfigurationRetriever:142 - IOException on connection: Read timed out
2026-08-13 18:50:59,117 [INFO] RetryExec:97 - I/O exception (java.net.SocketException) caught when processing request to {s}->https://sw-center.st.com:443: Network is unreachable
2026-08-13 18:50:59,118 [INFO] RetryExec:113 - Retrying request to {s}->https://sw-center.st.com:443
2026-08-13 18:51:02,758 [ERROR] ConfigurationRetriever:142 - IOException on connection: Connect timed out
2026-08-13 18:51:03,123 [INFO] RetryExec:97 - I/O exception (java.net.SocketException) caught when processing request to {s}->https://sw-center.st.com:443: Network is unreachable
2026-08-13 18:51:03,123 [INFO] RetryExec:113 - Retrying request to {s}->https://sw-center.st.com:443
2026-08-13 18:51:07,128 [INFO] RetryExec:97 - I/O exception (java.net.SocketException) caught when processing request to {s}->https://sw-center.st.com:443: Network is unreachable
2026-08-13 18:51:07,128 [INFO] RetryExec:113 - Retrying request to {s}->https://sw-center.st.com:443
2026-08-13 18:51:09,096 [ERROR] LogOutputStream:75 - [STDERR_REDIRECT] Aug 13, 2026 6:51:09 PM java.util.prefs.FileSystemPreferences checkLockFile0ErrorCode
2026-08-13 18:51:09,097 [ERROR] LogOutputStream:75 - [STDERR_REDIRECT] WARNING: Could not lock System prefs. Unix error code 2.
2026-08-13 18:51:09,097 [ERROR] LogOutputStream:75 - [STDERR_REDIRECT] 
2026-08-13 18:51:09,098 [ERROR] LogOutputStream:75 - [STDERR_REDIRECT] Aug 13, 2026 6:51:09 PM java.util.prefs.FileSystemPreferences syncWorld
2026-08-13 18:51:09,099 [ERROR] LogOutputStream:75 - [STDERR_REDIRECT] WARNING: Couldn't flush system prefs: java.util.prefs.BackingStoreException: Couldn't get file lock.
2026-08-13 18:51:09,099 [ERROR] LogOutputStream:75 - [STDERR_REDIRECT] 
2026-08-13 18:51:09,559 [INFO] MainUpdater:2872 - connection check result : 10
2026-08-13 18:51:09,560 [INFO] MainUpdater:289 - Updater Check For Update Now.
2026-08-13 18:51:09,560 [INFO] MicroXplorer:498 - Change Database Version : DB.6.0.140
2026-08-13 18:51:09,568 [INFO] McuFinderGlobals:63 - Set McuFinder mode to 2 (CubeIDE integrated)
2026-08-13 18:51:09,568 [INFO] UserAuth:171 - activating auth plugin
2026-08-13 18:51:09,570 [INFO] UserAuth:486 - Internet connection configuration mode: 1
2026-08-13 18:51:09,582 [INFO] JxBrowserEngine:152 - Initiate JxBrowser Engine with user profile folder
2026-08-13 18:51:09,709 [INFO] CheckServerUpdateThread:120 - End of CheckServer Thread
2026-08-13 18:51:10,302 [INFO] WebApp:169 - Instantiating new browser for Auth
2026-08-13 18:51:10,812 [INFO] WebApp:463 - Apply proxy settings
2026-08-13 18:51:10,812 [INFO] WebApp:548 - Chromium requires no authentication
2026-08-13 18:51:10,817 [INFO] WebApp:491 - Direct internet connection detected
2026-08-13 18:51:10,828 [INFO] WebApp:894 - Register for checkConnection events
2026-08-13 18:51:10,829 [INFO] WebApp:463 - Apply proxy settings
2026-08-13 18:51:10,829 [INFO] WebApp:548 - Chromium requires no authentication
2026-08-13 18:51:10,829 [INFO] WebApp:491 - Direct internet connection detected
2026-08-13 18:51:10,911 [INFO] WebApp:225 - Starting web application
2026-08-13 18:51:10,911 [INFO] WebApp:593 - Web application path used /opt/st/stm32cubeide_1.18.0/plugins/com.st.stm32cube.common.mx_6.14.0.202502271554/db/plugins/mcufinder/reactClient1/index.html
2026-08-13 18:51:39,090 [ERROR] LogOutputStream:75 - [STDERR_REDIRECT] Aug 13, 2026 6:51:39 PM java.util.prefs.FileSystemPreferences checkLockFile0ErrorCode
2026-08-13 18:51:39,090 [ERROR] LogOutputStream:75 - [STDERR_REDIRECT] WARNING: Could not lock System prefs. Unix error code 2.
2026-08-13 18:51:39,091 [ERROR] LogOutputStream:75 - [STDERR_REDIRECT] 
2026-08-13 18:51:39,091 [ERROR] LogOutputStream:75 - [STDERR_REDIRECT] Aug 13, 2026 6:51:39 PM java.util.prefs.FileSystemPreferences syncWorld
2026-08-13 18:51:39,092 [ERROR] LogOutputStream:75 - [STDERR_REDIRECT] WARNING: Couldn't flush system prefs: java.util.prefs.BackingStoreException: Couldn't get file lock.
2026-08-13 18:51:39,092 [ERROR] LogOutputStream:75 - [STDERR_REDIRECT] 
2026-08-13 18:51:54,590 [ERROR] ConfigurationRetriever:142 - IOException on connection: Connect timed out
2026-08-13 18:51:56,592 [ERROR] ConfigurationRetriever:142 - IOException on connection: Connect timed out
2026-08-13 18:51:58,594 [ERROR] ConfigurationRetriever:142 - IOException on connection: Connect timed out
2026-08-13 18:52:09,083 [ERROR] LogOutputStream:75 - [STDERR_REDIRECT] Aug 13, 2026 6:52:09 PM java.util.prefs.FileSystemPreferences checkLockFile0ErrorCode
2026-08-13 18:52:09,083 [ERROR] LogOutputStream:75 - [STDERR_REDIRECT] WARNING: Could not lock System prefs. Unix error code 2.
2026-08-13 18:52:09,083 [ERROR] LogOutputStream:75 - [STDERR_REDIRECT] 
2026-08-13 18:52:09,083 [ERROR] LogOutputStream:75 - [STDERR_REDIRECT] Aug 13, 2026 6:52:09 PM java.util.prefs.FileSystemPreferences syncWorld
2026-08-13 18:52:09,083 [ERROR] LogOutputStream:75 - [STDERR_REDIRECT] WARNING: Couldn't flush system prefs: java.util.prefs.BackingStoreException: Couldn't get file lock.
2026-08-13 18:52:09,083 [ERROR] LogOutputStream:75 - [STDERR_REDIRECT] 
2026-08-13 18:52:28,020 [ERROR] ConfigurationRetriever:142 - IOException on connection: sw-center.st.com
2026-08-13 18:52:28,021 [ERROR] ConfigurationRetriever:142 - IOException on connection: sw-center.st.com
2026-08-13 18:52:28,022 [ERROR] ConfigurationRetriever:142 - IOException on connection: sw-center.st.com
2026-08-13 18:52:39,086 [ERROR] LogOutputStream:75 - [STDERR_REDIRECT] Aug 13, 2026 6:52:39 PM java.util.prefs.FileSystemPreferences checkLockFile0ErrorCode
2026-08-13 18:52:39,087 [ERROR] LogOutputStream:75 - [STDERR_REDIRECT] WARNING: Could not lock System prefs. Unix error code 2.
2026-08-13 18:52:39,087 [ERROR] LogOutputStream:75 - [STDERR_REDIRECT] 
2026-08-13 18:52:39,088 [ERROR] LogOutputStream:75 - [STDERR_REDIRECT] Aug 13, 2026 6:52:39 PM java.util.prefs.FileSystemPreferences syncWorld
2026-08-13 18:52:39,088 [ERROR] LogOutputStream:75 - [STDERR_REDIRECT] WARNING: Couldn't flush system prefs: java.util.prefs.BackingStoreException: Couldn't get file lock.
2026-08-13 18:52:39,088 [ERROR] LogOutputStream:75 - [STDERR_REDIRECT] 
2026-08-13 18:53:09,081 [ERROR] LogOutputStream:75 - [STDERR_REDIRECT] Aug 13, 2026 6:53:09 PM java.util.prefs.FileSystemPreferences checkLockFile0ErrorCode
2026-08-13 18:53:09,082 [ERROR] LogOutputStream:75 - [STDERR_REDIRECT] WARNING: Could not lock System prefs. Unix error code 2.
2026-08-13 18:53:09,082 [ERROR] LogOutputStream:75 - [STDERR_REDIRECT] 
2026-08-13 18:53:09,082 [ERROR] LogOutputStream:75 - [STDERR_REDIRECT] Aug 13, 2026 6:53:09 PM java.util.prefs.FileSystemPreferences syncWorld
2026-08-13 18:53:09,083 [ERROR] LogOutputStream:75 - [STDERR_REDIRECT] WARNING: Couldn't flush system prefs: java.util.prefs.BackingStoreException: Couldn't get file lock.
2026-08-13 18:53:09,083 [ERROR] LogOutputStream:75 - [STDERR_REDIRECT] 
2026-08-13 18:53:20,365 [INFO] McuFinderGlobals:63 - Set McuFinder mode to 2 (CubeIDE integrated)
2026-08-13 18:53:20,367 [INFO] MainUpdater:2872 - connection check result : 10
2026-08-13 18:53:20,367 [INFO] MainUpdater:2872 - connection check result : 10
2026-08-13 18:53:20,384 [INFO] MicroXplorer:468 - Change Database Path : 
2026-08-13 18:53:20,384 [INFO] MicroXplorer:498 - Change Database Version : DB.6.0.140
2026-08-13 18:53:20,388 [WARN] ThirdParty:871 - waiting for thirdparty lock release [close project]
2026-08-13 18:53:20,388 [INFO] ThirdParty:873 - entering critical section [close project]
2026-08-13 18:53:20,389 [INFO] ThirdParty:883 - exiting critical section [close project]
2026-08-13 18:53:20,390 [INFO] PinOutPanel:1589 - setPackage(No Configuration,No Configuration)
2026-08-13 18:53:20,393 [INFO] UtilMem:75 - Begin LoadConfig() Used Memory: 200501616 Bytes (276824064)
2026-08-13 18:53:20,394 [INFO] MicroXplorer:468 - Change Database Path : 
2026-08-13 18:53:20,394 [INFO] MicroXplorer:498 - Change Database Version : DB.6.0.140
2026-08-13 18:53:20,394 [INFO] OpenFileManager:354 - Change cursor
2026-08-13 18:53:20,402 [WARN] IntegrityCheckThread:84 - waiting for thirdparty lock release [integrity check]
2026-08-13 18:53:20,403 [INFO] IntegrityCheckThread:86 - entering critical section [integrity check]
2026-08-13 18:53:20,505 [WARN] PackLoader:240 - Cannot read IP mode file for STMicroelectronics.X-CUBE-AZRTOS-H7.3.5.0
2026-08-13 18:53:20,512 [WARN] PackLoader:240 - Cannot read IP mode file for STMicroelectronics.FP-ATR-ASTRA1.2.0.3
2026-08-13 18:53:20,514 [WARN] PackLoader:240 - Cannot read IP mode file for STMicroelectronics.FP-ATR-ASTRA1.2.0.2
2026-08-13 18:53:20,518 [ERROR] Engine:466 - /home/thuy/.stm32cubemx/thirdparties/pdsc/STMicroelectronics.X-CUBE-SMBUS.2.1.1.pdsc: PDSC version is not supported
2026-08-13 18:53:20,530 [WARN] PackLoader:240 - Cannot read IP mode file for STMicroelectronics.X-CUBE-AZRTOS-F7.1.1.0
2026-08-13 18:53:20,534 [ERROR] Engine:466 - /home/thuy/.stm32cubemx/thirdparties/pdsc/STMicroelectronics.X-CUBE-FREERTOS.1.6.0.pdsc: PDSC version is not supported
2026-08-13 18:53:20,536 [ERROR] Engine:466 - /home/thuy/.stm32cubemx/thirdparties/pdsc/STMicroelectronics.FP-SNS-MOTENV1.5.1.0.pdsc: PDSC version is not supported
2026-08-13 18:53:20,554 [WARN] PackLoader:240 - Cannot read IP mode file for STMicroelectronics.X-CUBE-AZRTOS-H7RS.1.3.0
2026-08-13 18:53:20,563 [ERROR] Engine:466 - /home/thuy/.stm32cubemx/thirdparties/pdsc/WES.I-CUBE-Cesium.1.4.0.pdsc: PDSC version is not supported
2026-08-13 18:53:20,570 [WARN] PackLoader:240 - Cannot read IP mode file for STMicroelectronics.X-CUBE-DISPLAY.3.0.0
2026-08-13 18:53:20,580 [WARN] PackLoader:240 - Cannot read IP mode file for STMicroelectronics.X-CUBE-GNSS1.7.1.1
2026-08-13 18:53:20,584 [ERROR] Engine:466 - /home/thuy/.stm32cubemx/thirdparties/pdsc/STMicroelectronics.FP-SNS-MOTENVWB1.1.5.0.pdsc: PDSC version is not supported
2026-08-13 18:53:20,587 [WARN] PackLoader:240 - Cannot read IP mode file for wolfSSL.I-CUBE-wolfSSL.5.9.1
2026-08-13 18:53:20,592 [WARN] PackLoader:240 - Cannot read IP mode file for STMicroelectronics.X-CUBE-NFC10.1.0.0
2026-08-13 18:53:20,597 [WARN] PackLoader:240 - Cannot read IP mode file for STMicroelectronics.X-CUBE-ST60.1.1.0
2026-08-13 18:53:20,602 [WARN] PackLoader:240 - Cannot read IP mode file for emotas.I-CUBE-CANOPEN.1.3.0
2026-08-13 18:53:20,604 [ERROR] Engine:466 - /home/thuy/.stm32cubemx/thirdparties/pdsc/STMicroelectronics.X-CUBE-WBA.1.1.0.pdsc: PDSC version is not supported
2026-08-13 18:53:20,607 [ERROR] Engine:466 - /home/thuy/.stm32cubemx/thirdparties/pdsc/STMicroelectronics.FP-SNS-STBOX1.2.1.0.pdsc: PDSC version is not supported
2026-08-13 18:53:20,624 [WARN] PackLoader:240 - Cannot read IP mode file for STMicroelectronics.FP-SNS-SMARTAG2.1.2.0
2026-08-13 18:53:20,628 [WARN] PackLoader:240 - Cannot read IP mode file for STMicroelectronics.FP-SNS-FLIGHT1.5.1.0
2026-08-13 18:53:20,634 [INFO] LogOutputStream:77 - [STDOUT_REDIRECT] 1 : Invalid condition id : UX_CORESTACK_Condition cause : null
2026-08-13 18:53:20,635 [INFO] LogOutputStream:77 - [STDOUT_REDIRECT] 1 : Invalid condition id : UX_CORESTACK_Condition cause : null
2026-08-13 18:53:20,635 [INFO] LogOutputStream:77 - [STDOUT_REDIRECT] 1 : Invalid condition id : UX_CORESTACK_Condition cause : null
2026-08-13 18:53:20,635 [INFO] LogOutputStream:77 - [STDOUT_REDIRECT] 1 : Invalid condition id : UX_CORESTACK_Condition cause : null
2026-08-13 18:53:20,635 [INFO] LogOutputStream:77 - [STDOUT_REDIRECT] 1 : Invalid condition id : UX_CORESTACK_Condition cause : null
2026-08-13 18:53:20,637 [WARN] PackLoader:240 - Cannot read IP mode file for STMicroelectronics.X-CUBE-AZRTOS-WL.2.0.0
2026-08-13 18:53:20,641 [WARN] PackLoader:240 - Cannot read IP mode file for STMicroelectronics.X-CUBE-BLE2.3.3.0
2026-08-13 18:53:20,667 [WARN] PackLoader:240 - Cannot read IP mode file for Infineon.AIROC-Wi-Fi-Bluetooth-STM32.1.8.0
2026-08-13 18:53:20,673 [WARN] PackLoader:240 - Cannot read IP mode file for STMicroelectronics.X-CUBE-NFC9.1.0.0
2026-08-13 18:53:20,677 [WARN] PackLoader:240 - Cannot read IP mode file for STMicroelectronics.X-CUBE-BLE1.7.1.0
2026-08-13 18:53:20,679 [WARN] PackLoader:240 - Cannot read IP mode file for wolfSSL.I-CUBE-wolfMQTT.1.19.2
2026-08-13 18:53:20,682 [WARN] PackLoader:240 - Cannot read IP mode file for STMicroelectronics.X-CUBE-EEPRMA1.5.2.0
2026-08-13 18:53:20,685 [ERROR] Engine:466 - /home/thuy/.stm32cubemx/thirdparties/pdsc/STMicroelectronics.FP-SNS-STAIOTCFT.1.1.0.pdsc: PDSC version is not supported
2026-08-13 18:53:20,693 [WARN] PackLoader:240 - Cannot read IP mode file for STMicroelectronics.X-CUBE-AZRTOS-G0.1.1.0
2026-08-13 18:53:20,697 [WARN] PackLoader:240 - Cannot read IP mode file for STMicroelectronics.X-CUBE-NFC4.3.0.0
2026-08-13 18:53:20,701 [WARN] PackLoader:240 - Cannot read IP mode file for EmbeddedOffice.I-CUBE-FS-RTOS.1.0.1
2026-08-13 18:53:20,703 [WARN] PackLoader:240 - Cannot read IP mode file for wolfSSL.I-CUBE-wolfTPM.3.8.0
2026-08-13 18:53:20,706 [WARN] PackLoader:240 - Cannot read IP mode file for STMicroelectronics.X-CUBE-TCPP.4.2.0
2026-08-13 18:53:20,709 [WARN] PackLoader:240 - Cannot read IP mode file for RealThread.X-CUBE-RT-Thread_Nano.4.1.1
2026-08-13 18:53:20,712 [WARN] PackLoader:240 - Cannot read IP mode file for STMicroelectronics.FP-ATR-SIGFOX1.3.2.0
2026-08-13 18:53:20,714 [WARN] PackLoader:240 - Cannot read IP mode file for ITTIA_DB.I-CUBE-ITTIADB.8.9.0
2026-08-13 18:53:20,716 [WARN] PackLoader:240 - Cannot read IP mode file for Cesanta.I-CUBE-Mongoose.7.21.7
2026-08-13 18:53:20,719 [WARN] PackLoader:240 - Cannot read IP mode file for STMicroelectronics.X-CUBE-NFC6.3.2.0
2026-08-13 18:53:20,722 [WARN] PackLoader:240 - Cannot read IP mode file for STMicroelectronics.X-CUBE-AI.10.2.1
2026-08-13 18:53:20,750 [WARN] PackLoader:240 - Cannot read IP mode file for STMicroelectronics.X-CUBE-MEMS1.12.1.0
2026-08-13 18:53:20,813 [WARN] PackLoader:240 - Cannot read IP mode file for SEGGER.I-CUBE-embOS.1.3.1
2026-08-13 18:53:20,836 [WARN] PackLoader:240 - Cannot read IP mode file for STMicroelectronics.X-CUBE-NFC13.1.0.0
2026-08-13 18:53:20,839 [WARN] PackLoader:240 - Cannot read IP mode file for STMicroelectronics.X-CUBE-PM33A1.1.0.0
2026-08-13 18:53:20,847 [WARN] PackLoader:240 - Cannot read IP mode file for STMicroelectronics.X-CUBE-AZRTOS-F4.1.1.0
2026-08-13 18:53:20,858 [WARN] PackLoader:240 - Cannot read IP mode file for STMicroelectronics.X-CUBE-ISPU.2.1.0
2026-08-13 18:53:20,863 [ERROR] Engine:466 - /home/thuy/.stm32cubemx/thirdparties/pdsc/STMicroelectronics.X-CUBE-IPS.3.2.0.pdsc: PDSC version is not supported
2026-08-13 18:53:20,865 [WARN] PackLoader:240 - Cannot read IP mode file for STMicroelectronics.eDS-WB_DPC_TT-BIDIR.2.1.1
2026-08-13 18:53:20,870 [WARN] PackLoader:240 - Cannot read IP mode file for STMicroelectronics.X-CUBE-NFC12.1.0.0
2026-08-13 18:53:20,882 [WARN] PackLoader:240 - Cannot read IP mode file for STMicroelectronics.X-CUBE-AZRTOS-L5.2.0.0
2026-08-13 18:53:20,888 [WARN] PackLoader:240 - Cannot read IP mode file for STMicroelectronics.X-CUBE-ALGOBUILD.1.5.0
2026-08-13 18:53:20,890 [WARN] PackLoader:240 - Cannot read IP mode file for STMicroelectronics.eDS-WB_DPC_VIENNA.1.2.0
2026-08-13 18:53:20,912 [WARN] PackLoader:240 - Cannot read IP mode file for STMicroelectronics.X-CUBE-MEMS1.13.0.0
2026-08-13 18:53:20,950 [WARN] PackLoader:240 - Cannot read IP mode file for STMicroelectronics.eDS-WB_DPC_3PH2L-BIDIR.1.1.1
2026-08-13 18:53:20,952 [ERROR] Engine:466 - /home/thuy/.stm32cubemx/thirdparties/pdsc/STMicroelectronics.X-CUBE-ST67W61.1.3.0.pdsc: PDSC version is not supported
2026-08-13 18:53:20,954 [WARN] PackLoader:240 - Cannot read IP mode file for STMicroelectronics.X-CUBE-TOUCHGFX.4.26.1
2026-08-13 18:53:20,957 [WARN] PackLoader:240 - Cannot read IP mode file for STMicroelectronics.X-CUBE-DPower.1.3.0
2026-08-13 18:53:20,966 [WARN] ConditionMgr:438 - getConditionDescription Invalid condition id : LAN8742 Phy interface Condition cause : null
2026-08-13 18:53:20,966 [WARN] PackLoader:240 - Cannot read IP mode file for STMicroelectronics.X-CUBE-AZRTOS-L4.2.0.0
2026-08-13 18:53:20,967 [WARN] ConditionMgr:1044 - genDependencies : Invalid condition id : LAN8742 Phy interface Condition cause : null
2026-08-13 18:53:20,967 [WARN] ConditionMgr:1044 - genDependencies : Invalid condition id : LAN8742 Phy interface Condition cause : null
2026-08-13 18:53:20,967 [WARN] ConditionMgr:1044 - genDependencies : Invalid condition id : LAN8742 Phy interface Condition cause : null
2026-08-13 18:53:20,971 [WARN] PackLoader:240 - Cannot read IP mode file for STMicroelectronics.X-CUBE-SFXS2LP1.4.0.0
2026-08-13 18:53:20,974 [WARN] PackLoader:240 - Cannot read IP mode file for STMicroelectronics.X-CUBE-WB05N.2.1.0
2026-08-13 18:53:20,980 [WARN] ConditionMgr:438 - getConditionDescription Invalid condition id : UX DEVICE CLASS RTOS Condition cause : null
2026-08-13 18:53:20,980 [WARN] ConditionMgr:438 - getConditionDescription Invalid condition id : UX DEVICE CLASS RTOS Condition cause : null
2026-08-13 18:53:20,981 [WARN] PackLoader:240 - Cannot read IP mode file for STMicroelectronics.X-CUBE-AZRTOS-WB.2.0.0
2026-08-13 18:53:20,982 [WARN] ConditionMgr:1044 - genDependencies : Invalid condition id : UX DEVICE CLASS RTOS Condition cause : null
2026-08-13 18:53:20,982 [WARN] ConditionMgr:1044 - genDependencies : Invalid condition id : UX DEVICE CLASS RTOS Condition cause : null
2026-08-13 18:53:20,982 [WARN] ConditionMgr:1044 - genDependencies : Invalid condition id : UX DEVICE CLASS RTOS Condition cause : null
2026-08-13 18:53:20,982 [WARN] ConditionMgr:1044 - genDependencies : Invalid condition id : UX DEVICE CLASS RTOS Condition cause : null
2026-08-13 18:53:20,982 [WARN] ConditionMgr:1044 - genDependencies : Invalid condition id : UX DEVICE CLASS RTOS Condition cause : null
2026-08-13 18:53:20,984 [WARN] ConditionMgr:438 - getConditionDescription Invalid condition id : Cortex-A Device cause : null
2026-08-13 18:53:20,990 [WARN] ConditionMgr:1044 - genDependencies : Invalid condition id : Cortex-A Device cause : null
2026-08-13 18:53:20,990 [WARN] ConditionMgr:1044 - genDependencies : Invalid condition id : Cortex-A Device cause : null
2026-08-13 18:53:20,990 [WARN] ConditionMgr:1044 - genDependencies : Invalid condition id : Cortex-A Device cause : null
2026-08-13 18:53:21,001 [WARN] PackLoader:240 - Cannot read IP mode file for STMicroelectronics.X-CUBE-STSE01.2.0.0
2026-08-13 18:53:21,009 [WARN] PackLoader:240 - Cannot read IP mode file for STMicroelectronics.X-CUBE-SUBG2.5.0.0
2026-08-13 18:53:21,021 [WARN] PackLoader:240 - Cannot read IP mode file for STMicroelectronics.X-CUBE-AZRTOS-G4.2.0.0
2026-08-13 18:53:21,025 [WARN] PackLoader:240 - Cannot read IP mode file for wolfSSL.I-CUBE-wolfSSH.1.4.20
2026-08-13 18:53:21,027 [WARN] PackLoader:240 - Cannot read IP mode file for STMicroelectronics.X-CUBE-NFC7.2.0.0
2026-08-13 18:53:21,031 [ERROR] Engine:466 - /home/thuy/.stm32cubemx/thirdparties/pdsc/STMicroelectronics.X-CUBE-BLEMGR.4.2.0.pdsc: PDSC version is not supported
2026-08-13 18:53:21,033 [WARN] PackLoader:240 - Cannot read IP mode file for STMicroelectronics.X-CUBE-ALS.1.0.2
2026-08-13 18:53:21,040 [WARN] PackLoader:240 - Cannot read IP mode file for STMicroelectronics.X-CUBE-TOF1.3.4.3
2026-08-13 18:53:21,054 [INFO] ThirdParty:978 - Integrity check success = true
2026-08-13 18:53:21,054 [INFO] IntegrityCheckThread:100 - exiting critical section [integrity check]
2026-08-13 18:53:21,054 [INFO] IntegrityCheckThread:103 - End integrity checks thread
2026-08-13 18:53:21,079 [INFO] Mcu:2011 - Initializing MCU STM32F411C(C-E)Ux STM32F411CEUx STM32F411CEU6
2026-08-13 18:53:21,727 [INFO] Context:756 - Trying to add GPIOservice into a context  which must be forbidden
2026-08-13 18:53:21,945 [INFO] ImportTextPane:218 - (OptionalMessage_ERROR) Pin22 (VP_RIF_VS_RIF1) cannot be retrieved for this MCU
2026-08-13 18:53:21,993 [INFO] RtosManager:558 - Registered RTOS mode: class=CMSIS, group=RTOS, mode=CMSIS_V1, owner=FREERTOS
2026-08-13 18:53:21,993 [INFO] RtosManager:558 - Registered RTOS mode: class=CMSIS, group=RTOS2, mode=CMSIS_V2, owner=FREERTOS
2026-08-13 18:53:21,993 [INFO] RtosManager:558 - Registered RTOS mode: class=RTOS, group=Core, mode=CMSIS_V1, owner=FREERTOS
2026-08-13 18:53:21,993 [INFO] RtosManager:558 - Registered RTOS mode: class=RTOS, group=Core, mode=CMSIS_V2, owner=FREERTOS
2026-08-13 18:53:21,993 [WARN] ModelIntegratedComponent:184 - Missing modes for component STMicroelectronics:FreeRTOS:0.0.1:STMicroelectronics:RTOS:FreeRTOS:Core:::10.2.0:
2026-08-13 18:53:22,033 [WARN] ModelIntegratedComponent:182 - Modes not found for component STMicroelectronics:USB_HOST:1.0.0:STMicroelectronics:USB::USB Host:Audio HS::1.0:USB_HOST_1_0_RESTRICTED_HS
2026-08-13 18:53:22,033 [WARN] ModelIntegratedComponent:188 - Modes not found for component STMicroelectronics:USB_HOST:1.0.0:STMicroelectronics:USB::USB Host:Audio HS::1.0:USB_HOST_1_0_RESTRICTED_HS
2026-08-13 18:53:22,033 [WARN] ModelIntegratedComponent:182 - Modes not found for component STMicroelectronics:USB_HOST:1.0.0:STMicroelectronics:USB::USB Host:CDC HS::1.0:USB_HOST_1_0_RESTRICTED_HS
2026-08-13 18:53:22,033 [WARN] ModelIntegratedComponent:188 - Modes not found for component STMicroelectronics:USB_HOST:1.0.0:STMicroelectronics:USB::USB Host:CDC HS::1.0:USB_HOST_1_0_RESTRICTED_HS
2026-08-13 18:53:22,033 [WARN] ModelIntegratedComponent:182 - Modes not found for component STMicroelectronics:USB_HOST:1.0.0:STMicroelectronics:USB::USB Host:MSC HS::1.0:USB_HOST_1_0_RESTRICTED_HS
2026-08-13 18:53:22,033 [WARN] ModelIntegratedComponent:188 - Modes not found for component STMicroelectronics:USB_HOST:1.0.0:STMicroelectronics:USB::USB Host:MSC HS::1.0:USB_HOST_1_0_RESTRICTED_HS
2026-08-13 18:53:22,033 [WARN] ModelIntegratedComponent:182 - Modes not found for component STMicroelectronics:USB_HOST:1.0.0:STMicroelectronics:USB::USB Host:HID HS::1.0:USB_HOST_1_0_RESTRICTED_HS
2026-08-13 18:53:22,033 [WARN] ModelIntegratedComponent:188 - Modes not found for component STMicroelectronics:USB_HOST:1.0.0:STMicroelectronics:USB::USB Host:HID HS::1.0:USB_HOST_1_0_RESTRICTED_HS
2026-08-13 18:53:22,033 [WARN] ModelIntegratedComponent:182 - Modes not found for component STMicroelectronics:USB_HOST:1.0.0:STMicroelectronics:USB::USB Host:MTP HS::1.0:USB_HOST_1_0_RESTRICTED_HS
2026-08-13 18:53:22,033 [WARN] ModelIntegratedComponent:188 - Modes not found for component STMicroelectronics:USB_HOST:1.0.0:STMicroelectronics:USB::USB Host:MTP HS::1.0:USB_HOST_1_0_RESTRICTED_HS
2026-08-13 18:53:22,036 [WARN] ModelIntegratedComponent:63 - No mode defined for component null
2026-08-13 18:53:22,036 [WARN] ModelIntegratedComponent:63 - No mode defined for component null
2026-08-13 18:53:22,036 [WARN] ModelIntegratedComponent:63 - No mode defined for component null
2026-08-13 18:53:22,036 [WARN] ModelIntegratedComponent:63 - No mode defined for component null
2026-08-13 18:53:22,036 [WARN] ModelIntegratedComponent:63 - No mode defined for component null
2026-08-13 18:53:22,036 [WARN] ModelIntegratedComponent:63 - No mode defined for component null
2026-08-13 18:53:22,036 [WARN] ModelIntegratedComponent:63 - No mode defined for component null
2026-08-13 18:53:22,036 [WARN] ModelIntegratedComponent:63 - No mode defined for component null
2026-08-13 18:53:22,036 [WARN] ModelIntegratedComponent:63 - No mode defined for component null
2026-08-13 18:53:22,036 [WARN] ModelIntegratedComponent:63 - No mode defined for component null
2026-08-13 18:53:22,036 [WARN] ModelIntegratedComponent:63 - No mode defined for component null
2026-08-13 18:53:22,036 [WARN] ModelIntegratedComponent:63 - No mode defined for component null
2026-08-13 18:53:22,036 [WARN] ModelIntegratedComponent:63 - No mode defined for component null
2026-08-13 18:53:22,036 [WARN] ModelIntegratedComponent:63 - No mode defined for component null
2026-08-13 18:53:22,036 [WARN] ModelIntegratedComponent:63 - No mode defined for component null
2026-08-13 18:53:22,037 [WARN] ModelIntegratedComponent:63 - No mode defined for component null
2026-08-13 18:53:22,037 [WARN] ModelIntegratedComponent:63 - No mode defined for component null
2026-08-13 18:53:22,037 [WARN] ModelIntegratedComponent:63 - No mode defined for component null
2026-08-13 18:53:22,037 [WARN] ModelIntegratedComponent:63 - No mode defined for component null
2026-08-13 18:53:22,037 [WARN] ModelIntegratedComponent:63 - No mode defined for component null
2026-08-13 18:53:22,037 [WARN] ModelIntegratedComponent:63 - No mode defined for component null
2026-08-13 18:53:22,037 [WARN] ModelIntegratedComponent:63 - No mode defined for component null
2026-08-13 18:53:22,037 [WARN] ModelIntegratedComponent:63 - No mode defined for component null
2026-08-13 18:53:22,037 [WARN] ModelIntegratedComponent:63 - No mode defined for component null
2026-08-13 18:53:22,037 [WARN] ModelIntegratedComponent:63 - No mode defined for component null
2026-08-13 18:53:22,037 [WARN] ModelIntegratedComponent:63 - No mode defined for component null
2026-08-13 18:53:22,037 [WARN] ModelIntegratedComponent:63 - No mode defined for component null
2026-08-13 18:53:22,037 [WARN] ModelIntegratedComponent:63 - No mode defined for component null
2026-08-13 18:53:22,037 [WARN] ModelIntegratedComponent:63 - No mode defined for component null
2026-08-13 18:53:22,037 [WARN] ModelIntegratedComponent:63 - No mode defined for component null
2026-08-13 18:53:22,037 [WARN] ModelIntegratedComponent:63 - No mode defined for component null
2026-08-13 18:53:22,037 [WARN] ModelIntegratedComponent:63 - No mode defined for component null
2026-08-13 18:53:22,037 [WARN] ModelIntegratedComponent:63 - No mode defined for component null
2026-08-13 18:53:22,037 [WARN] ModelIntegratedComponent:63 - No mode defined for component null
2026-08-13 18:53:22,037 [WARN] ModelIntegratedComponent:63 - No mode defined for component null
2026-08-13 18:53:22,037 [WARN] ModelPack:524 - Component already loaded: STMicroelectronics:HAL Drivers:0.0.0:STMicroelectronics:Device:STMicro_Driver:XSPI:HAL::0.0.1:HAL_XSPI
2026-08-13 18:53:22,072 [WARN] ModelIntegratedComponent:182 - Modes not found for component STMicroelectronics:USB_DEVICE:1.0.0:STMicroelectronics:USB::USB Device:Audio HS::1.0:USB_DEVICE_1_0_RESTRICTED_HS
2026-08-13 18:53:22,072 [WARN] ModelIntegratedComponent:188 - Modes not found for component STMicroelectronics:USB_DEVICE:1.0.0:STMicroelectronics:USB::USB Device:Audio HS::1.0:USB_DEVICE_1_0_RESTRICTED_HS
2026-08-13 18:53:22,072 [WARN] ModelIntegratedComponent:182 - Modes not found for component STMicroelectronics:USB_DEVICE:1.0.0:STMicroelectronics:USB::USB Device:CDC HS::1.0:USB_DEVICE_1_0_RESTRICTED_HS
2026-08-13 18:53:22,072 [WARN] ModelIntegratedComponent:188 - Modes not found for component STMicroelectronics:USB_DEVICE:1.0.0:STMicroelectronics:USB::USB Device:CDC HS::1.0:USB_DEVICE_1_0_RESTRICTED_HS
2026-08-13 18:53:22,072 [WARN] ModelIntegratedComponent:182 - Modes not found for component STMicroelectronics:USB_DEVICE:1.0.0:STMicroelectronics:USB::USB Device:DFU HS::1.0:USB_DEVICE_1_0_RESTRICTED_HS
2026-08-13 18:53:22,072 [WARN] ModelIntegratedComponent:188 - Modes not found for component STMicroelectronics:USB_DEVICE:1.0.0:STMicroelectronics:USB::USB Device:DFU HS::1.0:USB_DEVICE_1_0_RESTRICTED_HS
2026-08-13 18:53:22,072 [WARN] ModelIntegratedComponent:182 - Modes not found for component STMicroelectronics:USB_DEVICE:1.0.0:STMicroelectronics:USB::USB Device:HID HS::1.0:USB_DEVICE_1_0_RESTRICTED_HS
2026-08-13 18:53:22,072 [WARN] ModelIntegratedComponent:188 - Modes not found for component STMicroelectronics:USB_DEVICE:1.0.0:STMicroelectronics:USB::USB Device:HID HS::1.0:USB_DEVICE_1_0_RESTRICTED_HS
2026-08-13 18:53:22,073 [WARN] ModelIntegratedComponent:182 - Modes not found for component STMicroelectronics:USB_DEVICE:1.0.0:STMicroelectronics:USB::USB Device:Custom HID HS::1.0:USB_DEVICE_1_0_RESTRICTED_HS
2026-08-13 18:53:22,073 [WARN] ModelIntegratedComponent:188 - Modes not found for component STMicroelectronics:USB_DEVICE:1.0.0:STMicroelectronics:USB::USB Device:Custom HID HS::1.0:USB_DEVICE_1_0_RESTRICTED_HS
2026-08-13 18:53:22,073 [WARN] ModelIntegratedComponent:182 - Modes not found for component STMicroelectronics:USB_DEVICE:1.0.0:STMicroelectronics:USB::USB Device:MSC HS::1.0:USB_DEVICE_1_0_RESTRICTED_HS
2026-08-13 18:53:22,073 [WARN] ModelIntegratedComponent:188 - Modes not found for component STMicroelectronics:USB_DEVICE:1.0.0:STMicroelectronics:USB::USB Device:MSC HS::1.0:USB_DEVICE_1_0_RESTRICTED_HS
2026-08-13 18:53:22,086 [INFO] ThirdPartyModel:298 - Start build external matchings
2026-08-13 18:53:22,279 [INFO] ThirdPartyModel:316 - End build external matchings
2026-08-13 18:53:22,293 [INFO] ImportTextPane:218 - (OptionalMessage_ERROR) IP (DMA) : Parameter (Instance) has Id (SPI1_RX) currently not set
2026-08-13 18:53:22,293 [INFO] ImportTextPane:218 - (OptionalMessage_ERROR) IP (DMA) : Parameter (Channel) has Id (SPI1_RX) currently not set
2026-08-13 18:53:22,293 [INFO] ImportTextPane:218 - (OptionalMessage_ERROR) IP (DMA) : Parameter (Direction) has Id (SPI1_RX) currently not set
2026-08-13 18:53:22,293 [INFO] ImportTextPane:218 - (OptionalMessage_ERROR) IP (DMA) : Parameter (PeriphInc) has Id (SPI1_RX) currently not set
2026-08-13 18:53:22,293 [INFO] ImportTextPane:218 - (OptionalMessage_ERROR) IP (DMA) : Parameter (MemInc) has Id (SPI1_RX) currently not set
2026-08-13 18:53:22,294 [INFO] ImportTextPane:218 - (OptionalMessage_ERROR) IP (DMA) : Parameter (PeriphDataAlignment) has Id (SPI1_RX) currently not set
2026-08-13 18:53:22,294 [INFO] ImportTextPane:218 - (OptionalMessage_ERROR) IP (DMA) : Parameter (MemDataAlignment) has Id (SPI1_RX) currently not set
2026-08-13 18:53:22,294 [INFO] ImportTextPane:218 - (OptionalMessage_ERROR) IP (DMA) : Parameter (Mode) has Id (SPI1_RX) currently not set
2026-08-13 18:53:22,294 [INFO] ImportTextPane:218 - (OptionalMessage_ERROR) IP (DMA) : Parameter (Priority) has Id (SPI1_RX) currently not set
2026-08-13 18:53:22,294 [INFO] ImportTextPane:218 - (OptionalMessage_ERROR) IP (DMA) : Parameter (FIFOMode) has Id (SPI1_RX) currently not set
2026-08-13 18:53:22,295 [INFO] ImportTextPane:218 - (OptionalMessage_ERROR) IP (RCC) : Parameter (RTCHSEDivFreq_Value) has invalid value (12500000)
2026-08-13 18:53:22,480 [INFO] ApiDb:581 - Connected to CubeFinder SQLite database (/home/thuy/.stmcufinder/plugins/mcufinder/mcu/cube-finder-db.db)
2026-08-13 18:53:22,518 [INFO] ApiDb:668 - CubeFinder database Data Model version=2.1
2026-08-13 18:53:22,519 [INFO] ApiDb:669 - CubeFinder database Configuration version=3.0.42
2026-08-13 18:53:22,519 [INFO] ApiDb:670 - CubeFinder database generation date=2026-06-23 (1782213372)
2026-08-13 18:53:22,519 [INFO] ApiDb:671 - CubeFinder database FW Pack versions=[FP-ATR-ASTRA1_V2.0.0, FP-SNS-FLIGHT1_V5.1.0, FP-SNS-MOTENV1_V5.1.0, FP-SNS-MOTENVWB1_V1.5.0, FP-SNS-SMARTAG2_V1.2.0, FP-SNS-STBOX1_V2.1.0, STM32Cube_FW_C0_V1.4.0, STM32Cube_FW_F4_V1.28.3, STM32Cube_FW_F7_V1.17.4, STM32Cube_FW_G0_V1.6.3, STM32Cube_FW_G4_V1.6.2, STM32Cube_FW_H5_V1.7.0, STM32Cube_FW_H7RS_V1.3.0, STM32Cube_FW_H7_V1.13.0, STM32Cube_FW_L0_V1.12.2, STM32Cube_FW_L4_V1.18.2, STM32Cube_FW_L5_V1.6.0, STM32Cube_FW_N6_V1.4.0, STM32Cube_FW_U0_V1.3.0, STM32Cube_FW_U3_V1.4.0, STM32Cube_FW_U5_V1.9.0, STM32Cube_FW_WB0_V1.5.0, STM32Cube_FW_WBA_V1.10.0, STM32Cube_FW_WB_V1.24.0, STM32Cube_FW_WL3_V1.5.0, STM32Cube_FW_WL_V1.6.0, X-CUBE-ALGOBUILD_V1.5.0, X-CUBE-ALS_V1.0.2, X-CUBE-AZRTOS-F4_V1.1.0, X-CUBE-AZRTOS-F7_V1.1.0, X-CUBE-AZRTOS-G0_V1.1.0, X-CUBE-AZRTOS-G4_V2.0.0, X-CUBE-AZRTOS-H7RS_V1.1.0, X-CUBE-AZRTOS-H7_V3.5.0, X-CUBE-AZRTOS-L4_V2.0.0, X-CUBE-AZRTOS-L5_V2.0.0, X-CUBE-AZRTOS-WB_V2.0.0, X-CUBE-AZRTOS-WL_V2.0.0, X-CUBE-BLE1_V7.1.0, X-CUBE-BLE2_V3.3.0, X-CUBE-BLEMGR_V4.1.0, X-CUBE-EEPRMA1_V5.2.0, X-CUBE-FREERTOS_V1.5.0, X-CUBE-GNSS1_V7.1.1, X-CUBE-MEMS1_V12.1.0, X-CUBE-NFC4_V3.0.0, X-CUBE-NFC7_V2.0.0, X-CUBE-SFXS2LP1_V4.0.0, X-CUBE-ST67W61_V1.3.0, X-CUBE-SUBG2_V5.0.0, X-CUBE-TOF1_V3.4.3]
2026-08-13 18:53:22,593 [INFO] DbBoardsSqlite:226 - include board P-NUCLEO-WB55-NUCLEO as a kit item of type 'Nucleo-64'
2026-08-13 18:53:22,593 [INFO] DbBoardsSqlite:226 - include board P-NUCLEO-WB55-USBDONGLE as a kit item of type 'Nucleo USB Dongle'
2026-08-13 18:53:22,594 [INFO] DbBoardsSqlite:226 - include board STEVAL-IDP005V1 as a kit item of type 'Evaluation Board'
2026-08-13 18:53:22,594 [INFO] DbBoardsSqlite:226 - include board STEVAL-IDP005V2 as a kit item of type 'Evaluation Board'
2026-08-13 18:53:22,701 [INFO] ApiDb:240 - Found 895 in-development CPN: [B-G473E-ZEST1S, B-WB1M-WPAN1, B-WBA5M-WPAN, B-WL5M-SUBG1, NUCLEO-C031C6, NUCLEO-C051C8, NUCLEO-C071RB, NUCLEO-C092RC, NUCLEO-H503RB, NUCLEO-H533RE, NUCLEO-H563ZI, NUCLEO-H7S3L8, NUCLEO-N657X0-Q, NUCLEO-U031R8, NUCLEO-U083RC, NUCLEO-U385RG-Q, NUCLEO-U545RE-Q, NUCLEO-U5A5ZJ-Q, NUCLEO-WB05KZ, NUCLEO-WB07CC, NUCLEO-WB09KE, NUCLEO-WBA52CG, NUCLEO-WBA55CG, NUCLEO-WBA65RI, NUCLEO-WL33CC1, NUCLEO-WL33CC2, STEVAL-PROTEUS1, STEVAL-SMARTAG2, STEVAL-STWINBX1, STM320518-EVAL, STM32C0116-DK, STM32C011D6Y3TR, STM32C011D6Y6TR, STM32C011F4P3, STM32C011F4P6, STM32C011F4U3, STM32C011F4U6TR, STM32C011F6P3, STM32C011F6P6, STM32C011F6U3, STM32C011F6U6TR, STM32C011J4M3, STM32C011J4M6, STM32C011J6M3, STM32C011J6M6, STM32C0316-DK, STM32C031C4T3, STM32C031C4T6, STM32C031C4U3, STM32C031C4U6, STM32C031C6T3, STM32C031C6T6, STM32C031C6U3, STM32C031C6U6, STM32C031F4P3, STM32C031F4P6, STM32C031F6P3, STM32C031F6P6, STM32C031G4U3, STM32C031G4U6, STM32C031G6U3, STM32C031G6U6, STM32C031K4T3, STM32C031K4T6, STM32C031K4U3, STM32C031K4U6, STM32C031K6T3, STM32C031K6T6, STM32C031K6U3, STM32C031K6U6, STM32C051C6T6, STM32C051C6U6, STM32C051C8T6, STM32C051C8U6, STM32C051D8Y6TR, STM32C051F6P6, STM32C051F8P6, STM32C051G6U6, STM32C051G8U6, STM32C051K6T6, STM32C051K6U6, STM32C051K8T6, STM32C071C8T6, STM32C071C8T6N, STM32C071C8U6, STM32C071C8U6N, STM32C071CBT6, STM32C071CBT6N, STM32C071CBU6, STM32C071CBU6N, STM32C071F8P6, STM32C071F8P6N, STM32C071FBP6, STM32C071FBP6N, STM32C071FBY6TR, STM32C071G8U6, STM32C071G8U6N, STM32C071GBU6, STM32C071GBU6N, STM32C071K8T6, STM32C071K8T6N, STM32C071K8U6, STM32C071K8U6N, STM32C071KBT6, STM32C071KBT6N, STM32C071KBU6, STM32C071KBU6N, STM32C071R8T6, STM32C071R8T6N, STM32C071RBI6N, STM32C071RBT6, STM32C071RBT6N, STM32C091CBT6, STM32C091CBU6, STM32C091CCT6, STM32C091CCU6, STM32C091ECY6TR, STM32C091FBP6, STM32C091FCP6, STM32C091GBU6, STM32C091GCU6, STM32C091KBT6, STM32C091KBU6, STM32C091KCT6, STM32C091KCU6, STM32C091RBT6, STM32C091RCI6, STM32C091RCT6, STM32C092CBT6, STM32C092CBU6, STM32C092CCT6, STM32C092CCU6, STM32C092ECY6TR, STM32C092FBP6, STM32C092FCP6, STM32C092GBU6, STM32C092GCU6, STM32C092KBT6, STM32C092KBU6, STM32C092KCT6, STM32C092KCU6, STM32C092RBT6, STM32C092RCI6, STM32C092RCT6, STM32G071K8TXN, STM32G071K8UXN, STM32G081GBU6N, STM32G081KBT6N, STM32G081KBUXN, STM32G0B1CCT6N, STM32G0B1KCT6, STM32G0B1NEY6TR, STM32G0B1RCT6N, STM32G0C1CCT6, STM32G0C1CCT6N, STM32G0C1CCU6N, STM32G0C1CET6N, STM32G0C1CEU6N, STM32G0C1KCT6, STM32G0C1NEY6TR, STM32G0C1RCI6N, STM32G0C1RCT6N, STM32G0C1REI6N, STM32G0C1RET6N, STM32G0C1VCI6, STM32G0C1VEI6, STM32G411C6T3, STM32G411C6T6, STM32G411C6U3, STM32G411C6U6, STM32G411C8T3, STM32G411C8T6, STM32G411C8U3, STM32G411C8U6, STM32G411CBT3, STM32G411CBT6, STM32G411CBU3, STM32G411CBU6, STM32G411CCT3, STM32G411CCT6, STM32G411CCU3, STM32G411CCU6, STM32G411K6T3, STM32G411K6T6, STM32G411K6U3, STM32G411K6U6, STM32G411K8T3, STM32G411K8T6, STM32G411K8U3, STM32G411K8U6, STM32G411KBT3, STM32G411KBT6, STM32G411KBU3, STM32G411KBU6, STM32G411M6T3, STM32G411M6T6, STM32G411M8T3, STM32G411M8T6, STM32G411MBT3, STM32G411MBT6, STM32G411MCT3, STM32G411MCT6, STM32G411R6T3, STM32G411R6T6, STM32G411R8T3, STM32G411R8T6, STM32G411RBT3, STM32G411RBT6, STM32G411RCT3, STM32G411RCT6, STM32G414CBT3, STM32G414CBT6, STM32G414CBU3, STM32G414CBU6, STM32G414CCT3, STM32G414CCT6, STM32G414CCU3, STM32G414CCU6, STM32G414MBT3, STM32G414MBT6, STM32G414MCT3, STM32G414MCT6, STM32G414RBT3, STM32G414RBT6, STM32G414RCT3, STM32G414RCT6, STM32G414VBT3, STM32G414VBT6, STM32G414VCT3, STM32G414VCT6, STM32G431CBT3Z, STM32G431RBT3Z, STM32G471CCT6, STM32G471CCU6, STM32G471CET3, STM32G471CET6, STM32G471CEU3, STM32G471CEU6, STM32G471MCT6, STM32G471MET3, STM32G471MET6, STM32G471MEY6TR, STM32G471QCT6, STM32G471QET3, STM32G471RCT6, STM32G471RET3, STM32G471RET6, STM32G471VCH6, STM32G471VCI6, STM32G471VCT6, STM32G471VEH3, STM32G471VEH6, STM32G471VEI3, STM32G471VEI6, STM32G471VET3, STM32G471VET6, STM32G473QET3Z, STM32G473RET3Z, STM32G474CCT6, STM32G491RET3Z, STM32H503CBT6, STM32H503CBU6, STM32H503EBY6TR, STM32H503KBU6, STM32H503RBT6, STM32H523CCT6, STM32H523CCU6, STM32H523CET6, STM32H523CEU6, STM32H523HEY6TR, STM32H523RCT6, STM32H523RET6, STM32H523VCI6, STM32H523VCT6, STM32H523VEI6, STM32H523VET6, STM32H523ZCJ6, STM32H523ZCT6, STM32H523ZEJ6, STM32H523ZET6, STM32H533CET6, STM32H533CEU6, STM32H533HEY6TR, STM32H533RET6, STM32H533VEI6, STM32H533VET6, STM32H533ZEJ6, STM32H533ZET6, STM32H562AGI6, STM32H562AII6, STM32H562IGK6, STM32H562IGT6, STM32H562IIK6, STM32H562IIT6, STM32H562RGT6, STM32H562RGV6, STM32H562RIT6, STM32H562RIV6, STM32H562VGT6, STM32H562VIT6, STM32H562ZGT6, STM32H562ZIT6, STM32H563AGI6, STM32H563AII3Q, STM32H563AII6, STM32H563IGK6, STM32H563IGT6, STM32H563IIK3Q, STM32H563IIK6, STM32H563IIT3Q, STM32H563IIT6, STM32H563MIY3QTR, STM32H563RGT6, STM32H563RGV6, STM32H563RIT6, STM32H563RIV6, STM32H563VGT6, STM32H563VIT3Q, STM32H563VIT6, STM32H563ZGT6, STM32H563ZIT3Q, STM32H563ZIT6, STM32H573AII3Q, STM32H573AII6, STM32H573I-DK, STM32H573IIK3Q, STM32H573IIK6, STM32H573IIT3Q, STM32H573IIT6, STM32H573MIY3QTR, STM32H573RIT6, STM32H573RIV6, STM32H573VIT3Q, STM32H573VIT6, STM32H573ZIT3Q, STM32H573ZIT6, STM32H7R3A8I6, STM32H7R3I8K6, STM32H7R3I8T6, STM32H7R3L8H6, STM32H7R3L8H6H, STM32H7R3R8V6, STM32H7R3V8H6, STM32H7R3V8T6, STM32H7R3V8Y6TR, STM32H7R3Z8J6, STM32H7R3Z8T6, STM32H7R7A8I6, STM32H7R7I8K6, STM32H7R7I8T6, STM32H7R7L8H6, STM32H7R7L8H6H, STM32H7R7Z8J6, STM32H7S3A8I6, STM32H7S3I8K6, STM32H7S3I8T6, STM32H7S3L8H6, STM32H7S3L8H6H, STM32H7S3R8V6, STM32H7S3V8H6, STM32H7S3V8T6, STM32H7S3V8Y6TR, STM32H7S3Z8J6, STM32H7S3Z8T6, STM32H7S78-DK, STM32H7S7A8I6, STM32H7S7I8K6, STM32H7S7I8T6, STM32H7S7L8H6, STM32H7S7L8H6H, STM32H7S7Z8J6, STM32L4R5QGI6STR, STM32MP131AAE3, STM32MP131AAF3, STM32MP131AAG3, STM32MP131CAE3, STM32MP131CAF3, STM32MP131CAG3, STM32MP131DAE7, STM32MP131DAF7, STM32MP131DAG7, STM32MP131FAE7, STM32MP131FAF7, STM32MP131FAG7, STM32MP133AAE3, STM32MP133AAF3, STM32MP133AAG3, STM32MP133CAE3, STM32MP133CAF3, STM32MP133CAG3, STM32MP133DAE7, STM32MP133DAF7, STM32MP133DAG7, STM32MP133FAE7, STM32MP133FAF7, STM32MP133FAG7, STM32MP135AAE3, STM32MP135AAF3, STM32MP135AAG3, STM32MP135CAE3, STM32MP135CAF3, STM32MP135CAG3, STM32MP135DAE7, STM32MP135DAF7, STM32MP135DAG7, STM32MP135F-DK, STM32MP135FAE7, STM32MP135FAF7, STM32MP135FAF7T, STM32MP135FAF7U, STM32MP135FAG7, STM32MP231AAJ3, STM32MP231AAK3, STM32MP231AAL3, STM32MP231CAJ3, STM32MP231CAK3, STM32MP231CAL3, STM32MP231DAJ3, STM32MP231DAK3, STM32MP231DAL3, STM32MP231FAJ3, STM32MP231FAK3, STM32MP231FAL3, STM32MP233AAJ3, STM32MP233AAK3, STM32MP233AAL3, STM32MP233CAJ3, STM32MP233CAK3, STM32MP233CAL3, STM32MP233DAJ3, STM32MP233DAK3, STM32MP233DAL3, STM32MP233FAJ3, STM32MP233FAK3, STM32MP233FAL3, STM32MP235AAJ3, STM32MP235AAK3, STM32MP235AAL3, STM32MP235CAJ3, STM32MP235CAK3, STM32MP235CAL3, STM32MP235DAJ3, STM32MP235DAK3, STM32MP235DAL3, STM32MP235FAJ3, STM32MP235FAK3, STM32MP235FAL3, STM32MP251AAI3, STM32MP251AAJ3, STM32MP251AAK3, STM32MP251AAL3, STM32MP251CAI3, STM32MP251CAJ3, STM32MP251CAK3, STM32MP251CAL3, STM32MP251DAI3, STM32MP251DAJ3, STM32MP251DAK3, STM32MP251DAL3, STM32MP251FAI3, STM32MP251FAJ3, STM32MP251FAK3, STM32MP251FAL3, STM32MP253AAI3, STM32MP253AAJ3, STM32MP253AAK3, STM32MP253AAL3, STM32MP253CAI3, STM32MP253CAJ3, STM32MP253CAK3, STM32MP253CAL3, STM32MP253DAI3, STM32MP253DAJ3, STM32MP253DAK3, STM32MP253DAL3, STM32MP253FAI3, STM32MP253FAJ3, STM32MP253FAK3, STM32MP253FAL3, STM32MP255AAI3, STM32MP255AAJ3, STM32MP255AAK3, STM32MP255AAL3, STM32MP255CAI3, STM32MP255CAJ3, STM32MP255CAK3, STM32MP255CAL3, STM32MP255DAI3, STM32MP255DAJ3, STM32MP255DAK3, STM32MP255DAL3, STM32MP255FAI3, STM32MP255FAJ3, STM32MP255FAK3, STM32MP255FAL3, STM32MP257AAI3, STM32MP257AAJ3, STM32MP257AAK3, STM32MP257AAL3, STM32MP257CAI3, STM32MP257CAJ3, STM32MP257CAK3, STM32MP257CAL3, STM32MP257DAI3, STM32MP257DAJ3, STM32MP257DAK3, STM32MP257DAL3, STM32MP257F-DK, STM32MP257F-EV1, STM32MP257FAI3, STM32MP257FAJ3, STM32MP257FAK3, STM32MP257FAL3, STM32N645A0H3Q, STM32N645B0H3Q, STM32N645I0H3Q, STM32N645L0H3Q, STM32N645X0H3Q, STM32N645Z0H3Q, STM32N647A0H3Q, STM32N647B0H3Q, STM32N647I0H3Q, STM32N647L0H3Q, STM32N647X0H3Q, STM32N647Z0H3Q, STM32N655A0H3Q, STM32N655B0H3Q, STM32N655I0H3Q, STM32N655L0H3Q, STM32N655X0H3Q, STM32N655Z0H3Q, STM32N6570-DK, STM32N657A0H3Q, STM32N657B0H3Q, STM32N657I0H3Q, STM32N657L0H3Q, STM32N657X0H3Q, STM32N657Z0H3Q, STM32U031C6T6, STM32U031C6U6, STM32U031C8T6, STM32U031C8U6, STM32U031F4P6, STM32U031F6P6, STM32U031F8P6, STM32U031G6Y6TR, STM32U031G8Y6TR, STM32U031K4U6, STM32U031K6U6, STM32U031K8U6, STM32U031R6I6, STM32U031R6T6, STM32U031R8I6, STM32U031R8T6, STM32U073C8T6, STM32U073C8U6, STM32U073CBT6, STM32U073CBU6, STM32U073CCT6, STM32U073CCU6, STM32U073H8Y6TR, STM32U073HBY6TR, STM32U073HCY6TR, STM32U073K8U6, STM32U073KBU6, STM32U073KCU6, STM32U073M8I6, STM32U073M8T6, STM32U073MBI6, STM32U073MBT6, STM32U073MCI6, STM32U073MCT6, STM32U073R8I6, STM32U073R8T6, STM32U073RBI6, STM32U073RBT6, STM32U073RCI6, STM32U073RCT6, STM32U083C-DK, STM32U083CCT6, STM32U083CCU6, STM32U083HCY6TR, STM32U083KCU6, STM32U083MCI6, STM32U083MCT6, STM32U083RCI6, STM32U083RCT6, STM32U375CET6, STM32U375CET6Q, STM32U375CEU6, STM32U375CEU6Q, STM32U375CEY6QTR, STM32U375CGT6, STM32U375CGT6Q, STM32U375CGU6, STM32U375CGU6Q, STM32U375CGY6QTR, STM32U375KEU6, STM32U375KGU6, STM32U375REI6, STM32U375REI6Q, STM32U375RET6, STM32U375RET6Q, STM32U375REY6GTR, STM32U375REY6QTR, STM32U375RGI6, STM32U375RGI6Q, STM32U375RGT6, STM32U375RGT6Q, STM32U375RGY6GTR, STM32U375RGY6QTR, STM32U375VEI6, STM32U375VEI6Q, STM32U375VET6, STM32U375VET6Q, STM32U375VGI6, STM32U375VGI6Q, STM32U375VGT6, STM32U375VGT6Q, STM32U385CGT6, STM32U385CGT6Q, STM32U385CGU6, STM32U385CGU6Q, STM32U385CGY6QTR, STM32U385KGU6, STM32U385RGI6, STM32U385RGI6Q, STM32U385RGT6, STM32U385RGT6Q, STM32U385RGY6GTR, STM32U385RGY6QTR, STM32U385VGI6, STM32U385VGI6Q, STM32U385VGT6, STM32U385VGT6Q, STM32U535CBT6, STM32U535CBT6Q, STM32U535CBU6, STM32U535CBU6Q, STM32U535CCT6, STM32U535CCT6Q, STM32U535CCU6, STM32U535CCU6Q, STM32U535CET6, STM32U535CET6Q, STM32U535CEU6, STM32U535CEU6Q, STM32U535JEY6QTR, STM32U535NCY6QTR, STM32U535NEY6QTR, STM32U535RBI6, STM32U535RBI6Q, STM32U535RBT6, STM32U535RBT6Q, STM32U535RCI6, STM32U535RCI6Q, STM32U535RCT6, STM32U535RCT6Q, STM32U535REI6, STM32U535REI6Q, STM32U535RET6, STM32U535RET6Q, STM32U535VCI6, STM32U535VCI6Q, STM32U535VCT6, STM32U535VCT6Q, STM32U535VEI6, STM32U535VEI6Q, STM32U535VET6, STM32U535VET6Q, STM32U545CET6, STM32U545CET6Q, STM32U545CEU6, STM32U545CEU6Q, STM32U545JEY6QTR, STM32U545NEY6QTR, STM32U545REI6, STM32U545REI6Q, STM32U545RET6, STM32U545RET6Q, STM32U545VEI6, STM32U545VEI6Q, STM32U545VET6, STM32U545VET6Q, STM32U595AIH6, STM32U595AIH6Q, STM32U595AJH6, STM32U595AJH6Q, STM32U595QII6, STM32U595QII6Q, STM32U595QJI6, STM32U595QJI6Q, STM32U595RIT6, STM32U595RIT6Q, STM32U595RJT6, STM32U595RJT6Q, STM32U595VIT6, STM32U595VIT6Q, STM32U595VJT6, STM32U595VJT6Q, STM32U595ZIT6, STM32U595ZIT6Q, STM32U595ZIY6QTR, STM32U595ZJT6, STM32U595ZJT6Q, STM32U595ZJY6QTR, STM32U599BJY6QTR, STM32U599NIH6Q, STM32U599NJH6Q, STM32U599VIT6Q, STM32U599VJT6, STM32U599VJT6Q, STM32U599ZIT6Q, STM32U599ZIY6QTR, STM32U599ZJT6Q, STM32U599ZJY6QTR, STM32U5A5AJH6, STM32U5A5AJH6Q, STM32U5A5QII3Q , STM32U5A5QJI6, STM32U5A5QJI6Q, STM32U5A5RJT6, STM32U5A5RJT6Q, STM32U5A5VJT6, STM32U5A5VJT6Q, STM32U5A5ZJT6, STM32U5A5ZJT6Q, STM32U5A5ZJY6QTR, STM32U5A9BJY6QTR, STM32U5A9J-DK, STM32U5A9NJH6Q, STM32U5A9VJT6Q, STM32U5A9ZJT6Q, STM32U5A9ZJY6QTR, STM32U5F7VIT6, STM32U5F7VIT6Q, STM32U5F7VJT6, STM32U5F7VJT6Q, STM32U5F9BJY6QTR, STM32U5F9NJH6Q, STM32U5F9VIT6Q, STM32U5F9VJT6Q, STM32U5F9ZIJ6QTR, STM32U5F9ZIT6Q, STM32U5F9ZJJ6QTR, STM32U5F9ZJT6Q, STM32U5G7VJT6, STM32U5G7VJT6Q, STM32U5G9BJY6QTR, STM32U5G9J-DK1, STM32U5G9J-DK2, STM32U5G9NJH6Q, STM32U5G9VJT6Q, STM32U5G9ZJJ6QTR, STM32U5G9ZJT6Q, STM32WB05KZV6TR, STM32WB05KZV7TR, STM32WB05TZF6TR, STM32WB05TZF7TR, STM32WB06CCF6TR, STM32WB06CCF7TR, STM32WB06CCV6TR, STM32WB06CCV7TR, STM32WB06KCV6TR, STM32WB06KCV7TR, STM32WB07CCF6TR, STM32WB07CCF7TR, STM32WB07CCV6TR, STM32WB07CCV7TR, STM32WB07KCV6TR, STM32WB07KCV7TR, STM32WB09KEV6TR, STM32WB09KEV7TR, STM32WB09TEF6TR, STM32WB09TEF7TR, STM32WB1MMCH6, STM32WBA50KGU6, STM32WBA50KGU6TR, STM32WBA52CEU6, STM32WBA52CEU6TR, STM32WBA52CEU7, STM32WBA52CEU7TR, STM32WBA52CGU6, STM32WBA52CGU6TR, STM32WBA52CGU6U, STM32WBA52CGU7, STM32WBA52CGU7TR, STM32WBA52KEU6, STM32WBA52KEU6TR, STM32WBA52KGU6, STM32WBA52KGU6TR, STM32WBA54CEU6, STM32WBA54CEU6TR, STM32WBA54CEU7, STM32WBA54CEU7TR, STM32WBA54CGU6, STM32WBA54CGU6TR, STM32WBA54CGU7, STM32WBA54CGU7TR, STM32WBA54KEU6, STM32WBA54KEU6TR, STM32WBA54KEU7, STM32WBA54KEU7TR, STM32WBA54KGU6, STM32WBA54KGU6TR, STM32WBA54KGU7, STM32WBA54KGU7TR, STM32WBA55CEU6, STM32WBA55CEU6TR, STM32WBA55CEU7, STM32WBA55CEU7TR, STM32WBA55CGU6, STM32WBA55CGU6TR, STM32WBA55CGU6U, STM32WBA55CGU7, STM32WBA55CGU7TR, STM32WBA55G-DK1, STM32WBA55HEF6, STM32WBA55HEF7, STM32WBA55HGF6, STM32WBA55HGF7, STM32WBA55UEI6, STM32WBA55UEI6TR, STM32WBA55UEI7, STM32WBA55UEI7TR, STM32WBA55UGI6, STM32WBA55UGI6TR, STM32WBA55UGI7, STM32WBA55UGI7TR, STM32WBA5MJGH6TR, STM32WBA62CGU6, STM32WBA62CIU6, STM32WBA62MGF6, STM32WBA62MIF6, STM32WBA62PGI6, STM32WBA62PII6, STM32WBA63CGU6, STM32WBA63CGU7, STM32WBA63CIU6, STM32WBA63CIU7, STM32WBA64CGU6, STM32WBA64CGU7, STM32WBA64CIU6, STM32WBA64CIU7, STM32WBA65CGU6, STM32WBA65CGU7, STM32WBA65CIU6, STM32WBA65CIU7, STM32WBA65I-DK1, STM32WBA65MGF6, STM32WBA65MGF7, STM32WBA65MIF6, STM32WBA65MIF7, STM32WBA65PGI6, STM32WBA65PGI7, STM32WBA65PII6, STM32WBA65PII7, STM32WBA65RGV6, STM32WBA65RGV7, STM32WBA65RIV6, STM32WBA65RIV7, STM32WL30K8V6, STM32WL30KBV6, STM32WL31C8V6, STM32WL31CBV6, STM32WL31K8V6, STM32WL31KBV6, STM32WL33C8V6, STM32WL33C8V6TR, STM32WL33C8V7, STM32WL33C8V7TR, STM32WL33CBV6, STM32WL33CBV6TR, STM32WL33CBV7, STM32WL33CBV7TR, STM32WL33CCV6, STM32WL33CCV6TR, STM32WL33CCV7, STM32WL33CCV7A, STM32WL33CCV7ATR, STM32WL33CCV7TR, STM32WL33K8V6, STM32WL33K8V6TR, STM32WL33K8V7, STM32WL33K8V7TR, STM32WL33KBV6, STM32WL33KBV6TR, STM32WL33KBV7, STM32WL33KBV7TR, STM32WL33KCV6, STM32WL33KCV6TR, STM32WL33KCV7, STM32WL33KCV7TR, STM32WL5MOCH6, STM32WL5MOCH6TR]
2026-08-13 18:53:22,704 [INFO] ApiDb:668 - CubeFinder database Data Model version=2.1
2026-08-13 18:53:22,704 [INFO] ApiDb:669 - CubeFinder database Configuration version=3.0.42
2026-08-13 18:53:22,704 [INFO] ApiDb:670 - CubeFinder database generation date=2026-06-23 (1782213372)
2026-08-13 18:53:22,704 [INFO] ApiDb:671 - CubeFinder database FW Pack versions=[FP-ATR-ASTRA1_V2.0.0, FP-SNS-FLIGHT1_V5.1.0, FP-SNS-MOTENV1_V5.1.0, FP-SNS-MOTENVWB1_V1.5.0, FP-SNS-SMARTAG2_V1.2.0, FP-SNS-STBOX1_V2.1.0, STM32Cube_FW_C0_V1.4.0, STM32Cube_FW_F4_V1.28.3, STM32Cube_FW_F7_V1.17.4, STM32Cube_FW_G0_V1.6.3, STM32Cube_FW_G4_V1.6.2, STM32Cube_FW_H5_V1.7.0, STM32Cube_FW_H7RS_V1.3.0, STM32Cube_FW_H7_V1.13.0, STM32Cube_FW_L0_V1.12.2, STM32Cube_FW_L4_V1.18.2, STM32Cube_FW_L5_V1.6.0, STM32Cube_FW_N6_V1.4.0, STM32Cube_FW_U0_V1.3.0, STM32Cube_FW_U3_V1.4.0, STM32Cube_FW_U5_V1.9.0, STM32Cube_FW_WB0_V1.5.0, STM32Cube_FW_WBA_V1.10.0, STM32Cube_FW_WB_V1.24.0, STM32Cube_FW_WL3_V1.5.0, STM32Cube_FW_WL_V1.6.0, X-CUBE-ALGOBUILD_V1.5.0, X-CUBE-ALS_V1.0.2, X-CUBE-AZRTOS-F4_V1.1.0, X-CUBE-AZRTOS-F7_V1.1.0, X-CUBE-AZRTOS-G0_V1.1.0, X-CUBE-AZRTOS-G4_V2.0.0, X-CUBE-AZRTOS-H7RS_V1.1.0, X-CUBE-AZRTOS-H7_V3.5.0, X-CUBE-AZRTOS-L4_V2.0.0, X-CUBE-AZRTOS-L5_V2.0.0, X-CUBE-AZRTOS-WB_V2.0.0, X-CUBE-AZRTOS-WL_V2.0.0, X-CUBE-BLE1_V7.1.0, X-CUBE-BLE2_V3.3.0, X-CUBE-BLEMGR_V4.1.0, X-CUBE-EEPRMA1_V5.2.0, X-CUBE-FREERTOS_V1.5.0, X-CUBE-GNSS1_V7.1.1, X-CUBE-MEMS1_V12.1.0, X-CUBE-NFC4_V3.0.0, X-CUBE-NFC7_V2.0.0, X-CUBE-SFXS2LP1_V4.0.0, X-CUBE-ST67W61_V1.3.0, X-CUBE-SUBG2_V5.0.0, X-CUBE-TOF1_V3.4.3]
2026-08-13 18:53:24,544 [INFO] ApiDb:240 - Found 895 in-development CPN: [B-G473E-ZEST1S, B-WB1M-WPAN1, B-WBA5M-WPAN, B-WL5M-SUBG1, NUCLEO-C031C6, NUCLEO-C051C8, NUCLEO-C071RB, NUCLEO-C092RC, NUCLEO-H503RB, NUCLEO-H533RE, NUCLEO-H563ZI, NUCLEO-H7S3L8, NUCLEO-N657X0-Q, NUCLEO-U031R8, NUCLEO-U083RC, NUCLEO-U385RG-Q, NUCLEO-U545RE-Q, NUCLEO-U5A5ZJ-Q, NUCLEO-WB05KZ, NUCLEO-WB07CC, NUCLEO-WB09KE, NUCLEO-WBA52CG, NUCLEO-WBA55CG, NUCLEO-WBA65RI, NUCLEO-WL33CC1, NUCLEO-WL33CC2, STEVAL-PROTEUS1, STEVAL-SMARTAG2, STEVAL-STWINBX1, STM320518-EVAL, STM32C0116-DK, STM32C011D6Y3TR, STM32C011D6Y6TR, STM32C011F4P3, STM32C011F4P6, STM32C011F4U3, STM32C011F4U6TR, STM32C011F6P3, STM32C011F6P6, STM32C011F6U3, STM32C011F6U6TR, STM32C011J4M3, STM32C011J4M6, STM32C011J6M3, STM32C011J6M6, STM32C0316-DK, STM32C031C4T3, STM32C031C4T6, STM32C031C4U3, STM32C031C4U6, STM32C031C6T3, STM32C031C6T6, STM32C031C6U3, STM32C031C6U6, STM32C031F4P3, STM32C031F4P6, STM32C031F6P3, STM32C031F6P6, STM32C031G4U3, STM32C031G4U6, STM32C031G6U3, STM32C031G6U6, STM32C031K4T3, STM32C031K4T6, STM32C031K4U3, STM32C031K4U6, STM32C031K6T3, STM32C031K6T6, STM32C031K6U3, STM32C031K6U6, STM32C051C6T6, STM32C051C6U6, STM32C051C8T6, STM32C051C8U6, STM32C051D8Y6TR, STM32C051F6P6, STM32C051F8P6, STM32C051G6U6, STM32C051G8U6, STM32C051K6T6, STM32C051K6U6, STM32C051K8T6, STM32C071C8T6, STM32C071C8T6N, STM32C071C8U6, STM32C071C8U6N, STM32C071CBT6, STM32C071CBT6N, STM32C071CBU6, STM32C071CBU6N, STM32C071F8P6, STM32C071F8P6N, STM32C071FBP6, STM32C071FBP6N, STM32C071FBY6TR, STM32C071G8U6, STM32C071G8U6N, STM32C071GBU6, STM32C071GBU6N, STM32C071K8T6, STM32C071K8T6N, STM32C071K8U6, STM32C071K8U6N, STM32C071KBT6, STM32C071KBT6N, STM32C071KBU6, STM32C071KBU6N, STM32C071R8T6, STM32C071R8T6N, STM32C071RBI6N, STM32C071RBT6, STM32C071RBT6N, STM32C091CBT6, STM32C091CBU6, STM32C091CCT6, STM32C091CCU6, STM32C091ECY6TR, STM32C091FBP6, STM32C091FCP6, STM32C091GBU6, STM32C091GCU6, STM32C091KBT6, STM32C091KBU6, STM32C091KCT6, STM32C091KCU6, STM32C091RBT6, STM32C091RCI6, STM32C091RCT6, STM32C092CBT6, STM32C092CBU6, STM32C092CCT6, STM32C092CCU6, STM32C092ECY6TR, STM32C092FBP6, STM32C092FCP6, STM32C092GBU6, STM32C092GCU6, STM32C092KBT6, STM32C092KBU6, STM32C092KCT6, STM32C092KCU6, STM32C092RBT6, STM32C092RCI6, STM32C092RCT6, STM32G071K8TXN, STM32G071K8UXN, STM32G081GBU6N, STM32G081KBT6N, STM32G081KBUXN, STM32G0B1CCT6N, STM32G0B1KCT6, STM32G0B1NEY6TR, STM32G0B1RCT6N, STM32G0C1CCT6, STM32G0C1CCT6N, STM32G0C1CCU6N, STM32G0C1CET6N, STM32G0C1CEU6N, STM32G0C1KCT6, STM32G0C1NEY6TR, STM32G0C1RCI6N, STM32G0C1RCT6N, STM32G0C1REI6N, STM32G0C1RET6N, STM32G0C1VCI6, STM32G0C1VEI6, STM32G411C6T3, STM32G411C6T6, STM32G411C6U3, STM32G411C6U6, STM32G411C8T3, STM32G411C8T6, STM32G411C8U3, STM32G411C8U6, STM32G411CBT3, STM32G411CBT6, STM32G411CBU3, STM32G411CBU6, STM32G411CCT3, STM32G411CCT6, STM32G411CCU3, STM32G411CCU6, STM32G411K6T3, STM32G411K6T6, STM32G411K6U3, STM32G411K6U6, STM32G411K8T3, STM32G411K8T6, STM32G411K8U3, STM32G411K8U6, STM32G411KBT3, STM32G411KBT6, STM32G411KBU3, STM32G411KBU6, STM32G411M6T3, STM32G411M6T6, STM32G411M8T3, STM32G411M8T6, STM32G411MBT3, STM32G411MBT6, STM32G411MCT3, STM32G411MCT6, STM32G411R6T3, STM32G411R6T6, STM32G411R8T3, STM32G411R8T6, STM32G411RBT3, STM32G411RBT6, STM32G411RCT3, STM32G411RCT6, STM32G414CBT3, STM32G414CBT6, STM32G414CBU3, STM32G414CBU6, STM32G414CCT3, STM32G414CCT6, STM32G414CCU3, STM32G414CCU6, STM32G414MBT3, STM32G414MBT6, STM32G414MCT3, STM32G414MCT6, STM32G414RBT3, STM32G414RBT6, STM32G414RCT3, STM32G414RCT6, STM32G414VBT3, STM32G414VBT6, STM32G414VCT3, STM32G414VCT6, STM32G431CBT3Z, STM32G431RBT3Z, STM32G471CCT6, STM32G471CCU6, STM32G471CET3, STM32G471CET6, STM32G471CEU3, STM32G471CEU6, STM32G471MCT6, STM32G471MET3, STM32G471MET6, STM32G471MEY6TR, STM32G471QCT6, STM32G471QET3, STM32G471RCT6, STM32G471RET3, STM32G471RET6, STM32G471VCH6, STM32G471VCI6, STM32G471VCT6, STM32G471VEH3, STM32G471VEH6, STM32G471VEI3, STM32G471VEI6, STM32G471VET3, STM32G471VET6, STM32G473QET3Z, STM32G473RET3Z, STM32G474CCT6, STM32G491RET3Z, STM32H503CBT6, STM32H503CBU6, STM32H503EBY6TR, STM32H503KBU6, STM32H503RBT6, STM32H523CCT6, STM32H523CCU6, STM32H523CET6, STM32H523CEU6, STM32H523HEY6TR, STM32H523RCT6, STM32H523RET6, STM32H523VCI6, STM32H523VCT6, STM32H523VEI6, STM32H523VET6, STM32H523ZCJ6, STM32H523ZCT6, STM32H523ZEJ6, STM32H523ZET6, STM32H533CET6, STM32H533CEU6, STM32H533HEY6TR, STM32H533RET6, STM32H533VEI6, STM32H533VET6, STM32H533ZEJ6, STM32H533ZET6, STM32H562AGI6, STM32H562AII6, STM32H562IGK6, STM32H562IGT6, STM32H562IIK6, STM32H562IIT6, STM32H562RGT6, STM32H562RGV6, STM32H562RIT6, STM32H562RIV6, STM32H562VGT6, STM32H562VIT6, STM32H562ZGT6, STM32H562ZIT6, STM32H563AGI6, STM32H563AII3Q, STM32H563AII6, STM32H563IGK6, STM32H563IGT6, STM32H563IIK3Q, STM32H563IIK6, STM32H563IIT3Q, STM32H563IIT6, STM32H563MIY3QTR, STM32H563RGT6, STM32H563RGV6, STM32H563RIT6, STM32H563RIV6, STM32H563VGT6, STM32H563VIT3Q, STM32H563VIT6, STM32H563ZGT6, STM32H563ZIT3Q, STM32H563ZIT6, STM32H573AII3Q, STM32H573AII6, STM32H573I-DK, STM32H573IIK3Q, STM32H573IIK6, STM32H573IIT3Q, STM32H573IIT6, STM32H573MIY3QTR, STM32H573RIT6, STM32H573RIV6, STM32H573VIT3Q, STM32H573VIT6, STM32H573ZIT3Q, STM32H573ZIT6, STM32H7R3A8I6, STM32H7R3I8K6, STM32H7R3I8T6, STM32H7R3L8H6, STM32H7R3L8H6H, STM32H7R3R8V6, STM32H7R3V8H6, STM32H7R3V8T6, STM32H7R3V8Y6TR, STM32H7R3Z8J6, STM32H7R3Z8T6, STM32H7R7A8I6, STM32H7R7I8K6, STM32H7R7I8T6, STM32H7R7L8H6, STM32H7R7L8H6H, STM32H7R7Z8J6, STM32H7S3A8I6, STM32H7S3I8K6, STM32H7S3I8T6, STM32H7S3L8H6, STM32H7S3L8H6H, STM32H7S3R8V6, STM32H7S3V8H6, STM32H7S3V8T6, STM32H7S3V8Y6TR, STM32H7S3Z8J6, STM32H7S3Z8T6, STM32H7S78-DK, STM32H7S7A8I6, STM32H7S7I8K6, STM32H7S7I8T6, STM32H7S7L8H6, STM32H7S7L8H6H, STM32H7S7Z8J6, STM32L4R5QGI6STR, STM32MP131AAE3, STM32MP131AAF3, STM32MP131AAG3, STM32MP131CAE3, STM32MP131CAF3, STM32MP131CAG3, STM32MP131DAE7, STM32MP131DAF7, STM32MP131DAG7, STM32MP131FAE7, STM32MP131FAF7, STM32MP131FAG7, STM32MP133AAE3, STM32MP133AAF3, STM32MP133AAG3, STM32MP133CAE3, STM32MP133CAF3, STM32MP133CAG3, STM32MP133DAE7, STM32MP133DAF7, STM32MP133DAG7, STM32MP133FAE7, STM32MP133FAF7, STM32MP133FAG7, STM32MP135AAE3, STM32MP135AAF3, STM32MP135AAG3, STM32MP135CAE3, STM32MP135CAF3, STM32MP135CAG3, STM32MP135DAE7, STM32MP135DAF7, STM32MP135DAG7, STM32MP135F-DK, STM32MP135FAE7, STM32MP135FAF7, STM32MP135FAF7T, STM32MP135FAF7U, STM32MP135FAG7, STM32MP231AAJ3, STM32MP231AAK3, STM32MP231AAL3, STM32MP231CAJ3, STM32MP231CAK3, STM32MP231CAL3, STM32MP231DAJ3, STM32MP231DAK3, STM32MP231DAL3, STM32MP231FAJ3, STM32MP231FAK3, STM32MP231FAL3, STM32MP233AAJ3, STM32MP233AAK3, STM32MP233AAL3, STM32MP233CAJ3, STM32MP233CAK3, STM32MP233CAL3, STM32MP233DAJ3, STM32MP233DAK3, STM32MP233DAL3, STM32MP233FAJ3, STM32MP233FAK3, STM32MP233FAL3, STM32MP235AAJ3, STM32MP235AAK3, STM32MP235AAL3, STM32MP235CAJ3, STM32MP235CAK3, STM32MP235CAL3, STM32MP235DAJ3, STM32MP235DAK3, STM32MP235DAL3, STM32MP235FAJ3, STM32MP235FAK3, STM32MP235FAL3, STM32MP251AAI3, STM32MP251AAJ3, STM32MP251AAK3, STM32MP251AAL3, STM32MP251CAI3, STM32MP251CAJ3, STM32MP251CAK3, STM32MP251CAL3, STM32MP251DAI3, STM32MP251DAJ3, STM32MP251DAK3, STM32MP251DAL3, STM32MP251FAI3, STM32MP251FAJ3, STM32MP251FAK3, STM32MP251FAL3, STM32MP253AAI3, STM32MP253AAJ3, STM32MP253AAK3, STM32MP253AAL3, STM32MP253CAI3, STM32MP253CAJ3, STM32MP253CAK3, STM32MP253CAL3, STM32MP253DAI3, STM32MP253DAJ3, STM32MP253DAK3, STM32MP253DAL3, STM32MP253FAI3, STM32MP253FAJ3, STM32MP253FAK3, STM32MP253FAL3, STM32MP255AAI3, STM32MP255AAJ3, STM32MP255AAK3, STM32MP255AAL3, STM32MP255CAI3, STM32MP255CAJ3, STM32MP255CAK3, STM32MP255CAL3, STM32MP255DAI3, STM32MP255DAJ3, STM32MP255DAK3, STM32MP255DAL3, STM32MP255FAI3, STM32MP255FAJ3, STM32MP255FAK3, STM32MP255FAL3, STM32MP257AAI3, STM32MP257AAJ3, STM32MP257AAK3, STM32MP257AAL3, STM32MP257CAI3, STM32MP257CAJ3, STM32MP257CAK3, STM32MP257CAL3, STM32MP257DAI3, STM32MP257DAJ3, STM32MP257DAK3, STM32MP257DAL3, STM32MP257F-DK, STM32MP257F-EV1, STM32MP257FAI3, STM32MP257FAJ3, STM32MP257FAK3, STM32MP257FAL3, STM32N645A0H3Q, STM32N645B0H3Q, STM32N645I0H3Q, STM32N645L0H3Q, STM32N645X0H3Q, STM32N645Z0H3Q, STM32N647A0H3Q, STM32N647B0H3Q, STM32N647I0H3Q, STM32N647L0H3Q, STM32N647X0H3Q, STM32N647Z0H3Q, STM32N655A0H3Q, STM32N655B0H3Q, STM32N655I0H3Q, STM32N655L0H3Q, STM32N655X0H3Q, STM32N655Z0H3Q, STM32N6570-DK, STM32N657A0H3Q, STM32N657B0H3Q, STM32N657I0H3Q, STM32N657L0H3Q, STM32N657X0H3Q, STM32N657Z0H3Q, STM32U031C6T6, STM32U031C6U6, STM32U031C8T6, STM32U031C8U6, STM32U031F4P6, STM32U031F6P6, STM32U031F8P6, STM32U031G6Y6TR, STM32U031G8Y6TR, STM32U031K4U6, STM32U031K6U6, STM32U031K8U6, STM32U031R6I6, STM32U031R6T6, STM32U031R8I6, STM32U031R8T6, STM32U073C8T6, STM32U073C8U6, STM32U073CBT6, STM32U073CBU6, STM32U073CCT6, STM32U073CCU6, STM32U073H8Y6TR, STM32U073HBY6TR, STM32U073HCY6TR, STM32U073K8U6, STM32U073KBU6, STM32U073KCU6, STM32U073M8I6, STM32U073M8T6, STM32U073MBI6, STM32U073MBT6, STM32U073MCI6, STM32U073MCT6, STM32U073R8I6, STM32U073R8T6, STM32U073RBI6, STM32U073RBT6, STM32U073RCI6, STM32U073RCT6, STM32U083C-DK, STM32U083CCT6, STM32U083CCU6, STM32U083HCY6TR, STM32U083KCU6, STM32U083MCI6, STM32U083MCT6, STM32U083RCI6, STM32U083RCT6, STM32U375CET6, STM32U375CET6Q, STM32U375CEU6, STM32U375CEU6Q, STM32U375CEY6QTR, STM32U375CGT6, STM32U375CGT6Q, STM32U375CGU6, STM32U375CGU6Q, STM32U375CGY6QTR, STM32U375KEU6, STM32U375KGU6, STM32U375REI6, STM32U375REI6Q, STM32U375RET6, STM32U375RET6Q, STM32U375REY6GTR, STM32U375REY6QTR, STM32U375RGI6, STM32U375RGI6Q, STM32U375RGT6, STM32U375RGT6Q, STM32U375RGY6GTR, STM32U375RGY6QTR, STM32U375VEI6, STM32U375VEI6Q, STM32U375VET6, STM32U375VET6Q, STM32U375VGI6, STM32U375VGI6Q, STM32U375VGT6, STM32U375VGT6Q, STM32U385CGT6, STM32U385CGT6Q, STM32U385CGU6, STM32U385CGU6Q, STM32U385CGY6QTR, STM32U385KGU6, STM32U385RGI6, STM32U385RGI6Q, STM32U385RGT6, STM32U385RGT6Q, STM32U385RGY6GTR, STM32U385RGY6QTR, STM32U385VGI6, STM32U385VGI6Q, STM32U385VGT6, STM32U385VGT6Q, STM32U535CBT6, STM32U535CBT6Q, STM32U535CBU6, STM32U535CBU6Q, STM32U535CCT6, STM32U535CCT6Q, STM32U535CCU6, STM32U535CCU6Q, STM32U535CET6, STM32U535CET6Q, STM32U535CEU6, STM32U535CEU6Q, STM32U535JEY6QTR, STM32U535NCY6QTR, STM32U535NEY6QTR, STM32U535RBI6, STM32U535RBI6Q, STM32U535RBT6, STM32U535RBT6Q, STM32U535RCI6, STM32U535RCI6Q, STM32U535RCT6, STM32U535RCT6Q, STM32U535REI6, STM32U535REI6Q, STM32U535RET6, STM32U535RET6Q, STM32U535VCI6, STM32U535VCI6Q, STM32U535VCT6, STM32U535VCT6Q, STM32U535VEI6, STM32U535VEI6Q, STM32U535VET6, STM32U535VET6Q, STM32U545CET6, STM32U545CET6Q, STM32U545CEU6, STM32U545CEU6Q, STM32U545JEY6QTR, STM32U545NEY6QTR, STM32U545REI6, STM32U545REI6Q, STM32U545RET6, STM32U545RET6Q, STM32U545VEI6, STM32U545VEI6Q, STM32U545VET6, STM32U545VET6Q, STM32U595AIH6, STM32U595AIH6Q, STM32U595AJH6, STM32U595AJH6Q, STM32U595QII6, STM32U595QII6Q, STM32U595QJI6, STM32U595QJI6Q, STM32U595RIT6, STM32U595RIT6Q, STM32U595RJT6, STM32U595RJT6Q, STM32U595VIT6, STM32U595VIT6Q, STM32U595VJT6, STM32U595VJT6Q, STM32U595ZIT6, STM32U595ZIT6Q, STM32U595ZIY6QTR, STM32U595ZJT6, STM32U595ZJT6Q, STM32U595ZJY6QTR, STM32U599BJY6QTR, STM32U599NIH6Q, STM32U599NJH6Q, STM32U599VIT6Q, STM32U599VJT6, STM32U599VJT6Q, STM32U599ZIT6Q, STM32U599ZIY6QTR, STM32U599ZJT6Q, STM32U599ZJY6QTR, STM32U5A5AJH6, STM32U5A5AJH6Q, STM32U5A5QII3Q , STM32U5A5QJI6, STM32U5A5QJI6Q, STM32U5A5RJT6, STM32U5A5RJT6Q, STM32U5A5VJT6, STM32U5A5VJT6Q, STM32U5A5ZJT6, STM32U5A5ZJT6Q, STM32U5A5ZJY6QTR, STM32U5A9BJY6QTR, STM32U5A9J-DK, STM32U5A9NJH6Q, STM32U5A9VJT6Q, STM32U5A9ZJT6Q, STM32U5A9ZJY6QTR, STM32U5F7VIT6, STM32U5F7VIT6Q, STM32U5F7VJT6, STM32U5F7VJT6Q, STM32U5F9BJY6QTR, STM32U5F9NJH6Q, STM32U5F9VIT6Q, STM32U5F9VJT6Q, STM32U5F9ZIJ6QTR, STM32U5F9ZIT6Q, STM32U5F9ZJJ6QTR, STM32U5F9ZJT6Q, STM32U5G7VJT6, STM32U5G7VJT6Q, STM32U5G9BJY6QTR, STM32U5G9J-DK1, STM32U5G9J-DK2, STM32U5G9NJH6Q, STM32U5G9VJT6Q, STM32U5G9ZJJ6QTR, STM32U5G9ZJT6Q, STM32WB05KZV6TR, STM32WB05KZV7TR, STM32WB05TZF6TR, STM32WB05TZF7TR, STM32WB06CCF6TR, STM32WB06CCF7TR, STM32WB06CCV6TR, STM32WB06CCV7TR, STM32WB06KCV6TR, STM32WB06KCV7TR, STM32WB07CCF6TR, STM32WB07CCF7TR, STM32WB07CCV6TR, STM32WB07CCV7TR, STM32WB07KCV6TR, STM32WB07KCV7TR, STM32WB09KEV6TR, STM32WB09KEV7TR, STM32WB09TEF6TR, STM32WB09TEF7TR, STM32WB1MMCH6, STM32WBA50KGU6, STM32WBA50KGU6TR, STM32WBA52CEU6, STM32WBA52CEU6TR, STM32WBA52CEU7, STM32WBA52CEU7TR, STM32WBA52CGU6, STM32WBA52CGU6TR, STM32WBA52CGU6U, STM32WBA52CGU7, STM32WBA52CGU7TR, STM32WBA52KEU6, STM32WBA52KEU6TR, STM32WBA52KGU6, STM32WBA52KGU6TR, STM32WBA54CEU6, STM32WBA54CEU6TR, STM32WBA54CEU7, STM32WBA54CEU7TR, STM32WBA54CGU6, STM32WBA54CGU6TR, STM32WBA54CGU7, STM32WBA54CGU7TR, STM32WBA54KEU6, STM32WBA54KEU6TR, STM32WBA54KEU7, STM32WBA54KEU7TR, STM32WBA54KGU6, STM32WBA54KGU6TR, STM32WBA54KGU7, STM32WBA54KGU7TR, STM32WBA55CEU6, STM32WBA55CEU6TR, STM32WBA55CEU7, STM32WBA55CEU7TR, STM32WBA55CGU6, STM32WBA55CGU6TR, STM32WBA55CGU6U, STM32WBA55CGU7, STM32WBA55CGU7TR, STM32WBA55G-DK1, STM32WBA55HEF6, STM32WBA55HEF7, STM32WBA55HGF6, STM32WBA55HGF7, STM32WBA55UEI6, STM32WBA55UEI6TR, STM32WBA55UEI7, STM32WBA55UEI7TR, STM32WBA55UGI6, STM32WBA55UGI6TR, STM32WBA55UGI7, STM32WBA55UGI7TR, STM32WBA5MJGH6TR, STM32WBA62CGU6, STM32WBA62CIU6, STM32WBA62MGF6, STM32WBA62MIF6, STM32WBA62PGI6, STM32WBA62PII6, STM32WBA63CGU6, STM32WBA63CGU7, STM32WBA63CIU6, STM32WBA63CIU7, STM32WBA64CGU6, STM32WBA64CGU7, STM32WBA64CIU6, STM32WBA64CIU7, STM32WBA65CGU6, STM32WBA65CGU7, STM32WBA65CIU6, STM32WBA65CIU7, STM32WBA65I-DK1, STM32WBA65MGF6, STM32WBA65MGF7, STM32WBA65MIF6, STM32WBA65MIF7, STM32WBA65PGI6, STM32WBA65PGI7, STM32WBA65PII6, STM32WBA65PII7, STM32WBA65RGV6, STM32WBA65RGV7, STM32WBA65RIV6, STM32WBA65RIV7, STM32WL30K8V6, STM32WL30KBV6, STM32WL31C8V6, STM32WL31CBV6, STM32WL31K8V6, STM32WL31KBV6, STM32WL33C8V6, STM32WL33C8V6TR, STM32WL33C8V7, STM32WL33C8V7TR, STM32WL33CBV6, STM32WL33CBV6TR, STM32WL33CBV7, STM32WL33CBV7TR, STM32WL33CCV6, STM32WL33CCV6TR, STM32WL33CCV7, STM32WL33CCV7A, STM32WL33CCV7ATR, STM32WL33CCV7TR, STM32WL33K8V6, STM32WL33K8V6TR, STM32WL33K8V7, STM32WL33K8V7TR, STM32WL33KBV6, STM32WL33KBV6TR, STM32WL33KBV7, STM32WL33KBV7TR, STM32WL33KCV6, STM32WL33KCV6TR, STM32WL33KCV7, STM32WL33KCV7TR, STM32WL5MOCH6, STM32WL5MOCH6TR]
2026-08-13 18:53:24,549 [INFO] DbMcus:218 - Found 5246 MCUs, 5093 are supported
2026-08-13 18:53:24,549 [INFO] ApiDb:423 - Load user favorites file /home/thuy/.stm32cubeide/favorites.mcus.txt: 0 item(s)
2026-08-13 18:53:24,549 [INFO] ApiDb:427 - User favorites MCUs=[]
2026-08-13 18:53:24,549 [INFO] DbMcus:224 - Set 0 / 0 favorites MCUs
2026-08-13 18:53:24,890 [INFO] BoardInfo:889 - No configuration file found for board NUCLEO-H5E5ZJ
2026-08-13 18:53:24,890 [INFO] DbBoards:161 - Board is not supported: NUCLEO-H5E5ZJ
2026-08-13 18:53:24,917 [INFO] BoardInfo:889 - No configuration file found for board NUCLEO-U3C5ZI-Q
2026-08-13 18:53:24,917 [INFO] DbBoards:161 - Board is not supported: NUCLEO-U3C5ZI-Q
2026-08-13 18:53:24,922 [INFO] BoardInfo:889 - No configuration file found for board NUCLEO-WBA25CE1
2026-08-13 18:53:24,923 [INFO] DbBoards:161 - Board is not supported: NUCLEO-WBA25CE1
2026-08-13 18:53:24,926 [INFO] BoardInfo:889 - No configuration file found for board NUCLEO-WL3RKB1
2026-08-13 18:53:24,926 [INFO] DbBoards:161 - Board is not supported: NUCLEO-WL3RKB1
2026-08-13 18:53:24,927 [INFO] BoardInfo:889 - No configuration file found for board NUCLEO-WL3RKB2
2026-08-13 18:53:24,927 [INFO] DbBoards:161 - Board is not supported: NUCLEO-WL3RKB2
2026-08-13 18:53:24,930 [INFO] BoardInfo:889 - No configuration file found for board P-NUCLEO-WB55
2026-08-13 18:53:24,930 [INFO] DbBoards:161 - Kit is not supported: P-NUCLEO-WB55
2026-08-13 18:53:24,932 [INFO] BoardInfo:889 - No configuration file found for board STEVAL-BFA001V1B
2026-08-13 18:53:24,932 [INFO] DbBoards:161 - Kit is not supported: STEVAL-BFA001V1B
2026-08-13 18:53:24,933 [INFO] BoardInfo:889 - No configuration file found for board STEVAL-BFA001V2B
2026-08-13 18:53:24,933 [INFO] DbBoards:161 - Kit is not supported: STEVAL-BFA001V2B
2026-08-13 18:53:24,968 [INFO] BoardInfo:889 - No configuration file found for board STM32H5F5J-DK
2026-08-13 18:53:24,968 [INFO] DbBoards:161 - Board is not supported: STM32H5F5J-DK
2026-08-13 18:53:24,987 [INFO] BoardInfo:889 - No configuration file found for board STM32MP215F-DK
2026-08-13 18:53:24,987 [INFO] DbBoards:161 - Board is not supported: STM32MP215F-DK
2026-08-13 18:53:24,997 [INFO] DbBoards:168 - Found 218 boards, 208 are supported
2026-08-13 18:53:24,997 [INFO] DbBoards:169 - Found 218 boards, 43 of them is supported for  Bsp
2026-08-13 18:53:25,000 [INFO] ApiDb:423 - Load user favorites file /home/thuy/.stm32cubeide/favorites.boards.txt: 0 item(s)
2026-08-13 18:53:25,000 [INFO] ApiDb:427 - User favorites Boards=[]
2026-08-13 18:53:25,001 [INFO] DbBoards:198 - Set 0 / 0 favorites Boards
2026-08-13 18:53:25,053 [INFO] UtilMem:75 - End LoadConfig() Used Memory: 192066712 Bytes (355467264)
2026-08-13 18:53:25,137 [WARN] ThirdParty:833 - waiting for thirdparty lock release [change project]
2026-08-13 18:53:25,137 [INFO] ThirdParty:835 - entering critical section [change project]
2026-08-13 18:53:25,138 [INFO] ThirdParty:1030 - CMSIS Pack Vendor :STMicroelectronics X-CUBE-AZRTOS-H7 3.5.0
2026-08-13 18:53:25,138 [INFO] ThirdParty:1030 - CMSIS Pack Vendor :STMicroelectronics X-CUBE-PM33A1 1.0.0
2026-08-13 18:53:25,138 [INFO] ThirdParty:1030 - CMSIS Pack Vendor :STMicroelectronics USBPD 4.1
2026-08-13 18:53:25,138 [INFO] ThirdParty:1030 - CMSIS Pack Vendor :STMicroelectronics X-CUBE-NFC9 1.0.0
2026-08-13 18:53:25,138 [INFO] ThirdParty:1030 - CMSIS Pack Vendor :STMicroelectronics USB_HOST 2.0.0
2026-08-13 18:53:25,138 [INFO] ThirdParty:1030 - CMSIS Pack Vendor :STMicroelectronics FP-ATR-ASTRA1 2.0.3
2026-08-13 18:53:25,138 [INFO] ThirdParty:1030 - CMSIS Pack Vendor :STMicroelectronics X-CUBE-AZRTOS-F4 1.1.0
2026-08-13 18:53:25,138 [INFO] ThirdParty:1030 - CMSIS Pack Vendor :STMicroelectronics LIBJPEG 8.0.0
2026-08-13 18:53:25,138 [INFO] ThirdParty:1030 - CMSIS Pack Vendor :STMicroelectronics FP-ATR-ASTRA1 2.0.2
2026-08-13 18:53:25,138 [INFO] ThirdParty:1030 - CMSIS Pack Vendor :STMicroelectronics X-CUBE-BLE1 7.1.0
2026-08-13 18:53:25,138 [INFO] ThirdParty:1030 - CMSIS Pack Vendor :wolfSSL I-CUBE-wolfMQTT 1.19.2
2026-08-13 18:53:25,138 [INFO] ThirdParty:1030 - CMSIS Pack Vendor :STMicroelectronics USB_DEVICE 3.0.0
2026-08-13 18:53:25,138 [INFO] ThirdParty:1030 - CMSIS Pack Vendor :STMicroelectronics X-CUBE-ISPU 2.1.0
2026-08-13 18:53:25,138 [INFO] ThirdParty:1030 - CMSIS Pack Vendor :STMicroelectronics X-CUBE-EEPRMA1 5.2.0
2026-08-13 18:53:25,138 [INFO] ThirdParty:1030 - CMSIS Pack Vendor :STMicroelectronics eDS-WB_DPC_TT-BIDIR 2.1.1
2026-08-13 18:53:25,138 [INFO] ThirdParty:1030 - CMSIS Pack Vendor :STMicroelectronics X-CUBE-AZRTOS-WB 2.0.0
2026-08-13 18:53:25,138 [INFO] ThirdParty:1030 - CMSIS Pack Vendor :STMicroelectronics X-CUBE-NFC12 1.0.0
2026-08-13 18:53:25,138 [INFO] ThirdParty:1030 - CMSIS Pack Vendor :STMicroelectronics X-CUBE-AZRTOS-F7 1.1.0
2026-08-13 18:53:25,138 [INFO] ThirdParty:1030 - CMSIS Pack Vendor :STMicroelectronics X-CUBE-AZRTOS-L5 2.0.0
2026-08-13 18:53:25,138 [INFO] ThirdParty:1030 - CMSIS Pack Vendor :STMicroelectronics USB_DEVICE 2.0.0
2026-08-13 18:53:25,138 [INFO] ThirdParty:1030 - CMSIS Pack Vendor :quantropi X-CUBE-qispace-sdk-base 2.1.0
2026-08-13 18:53:25,138 [INFO] ThirdParty:1030 - CMSIS Pack Vendor :STMicroelectronics X-CUBE-STSE01 2.0.0
2026-08-13 18:53:25,138 [INFO] ThirdParty:1030 - CMSIS Pack Vendor :STMicroelectronics X-CUBE-ALGOBUILD 1.5.0
2026-08-13 18:53:25,138 [INFO] ThirdParty:1030 - CMSIS Pack Vendor :STMicroelectronics FreeRTOS 0.0.1
2026-08-13 18:53:25,138 [INFO] ThirdParty:1030 - CMSIS Pack Vendor :STMicroelectronics X-CUBE-AZRTOS-H7RS 1.3.0
2026-08-13 18:53:25,138 [INFO] ThirdParty:1030 - CMSIS Pack Vendor :STMicroelectronics X-CUBE-AZRTOS-G0 1.1.0
2026-08-13 18:53:25,138 [INFO] ThirdParty:1030 - CMSIS Pack Vendor :STMicroelectronics X-CUBE-NFC4 3.0.0
2026-08-13 18:53:25,138 [INFO] ThirdParty:1030 - CMSIS Pack Vendor :STMicroelectronics X-CUBE-SUBG2 5.0.0
2026-08-13 18:53:25,138 [INFO] ThirdParty:1030 - CMSIS Pack Vendor :STMicroelectronics STM32_WPAN 1.0.0
2026-08-13 18:53:25,138 [INFO] ThirdParty:1030 - CMSIS Pack Vendor :STMicroelectronics eDS-WB_DPC_VIENNA 1.2.0
2026-08-13 18:53:25,138 [INFO] ThirdParty:1030 - CMSIS Pack Vendor :EmbeddedOffice I-CUBE-FS-RTOS 1.0.1
2026-08-13 18:53:25,138 [INFO] ThirdParty:1030 - CMSIS Pack Vendor :STMicroelectronics lwIP 2.0.3
2026-08-13 18:53:25,138 [INFO] ThirdParty:1030 - CMSIS Pack Vendor :STMicroelectronics X-CUBE-MEMS1 13.0.0
2026-08-13 18:53:25,138 [INFO] ThirdParty:1030 - CMSIS Pack Vendor :STMicroelectronics eDS-WB_DPC_3PH2L-BIDIR 1.1.1
2026-08-13 18:53:25,138 [INFO] ThirdParty:1030 - CMSIS Pack Vendor :STMicroelectronics USB_HOST 1.0.0
2026-08-13 18:53:25,138 [INFO] ThirdParty:1030 - CMSIS Pack Vendor :STMicroelectronics X-CUBE-AZRTOS-G4 2.0.0
2026-08-13 18:53:25,138 [INFO] ThirdParty:1030 - CMSIS Pack Vendor :STMicroelectronics PDM2PCM 3.1.0
2026-08-13 18:53:25,138 [INFO] ThirdParty:1030 - CMSIS Pack Vendor :STMicroelectronics PDM2PCM 3.3.0
2026-08-13 18:53:25,138 [INFO] ThirdParty:1030 - CMSIS Pack Vendor :wolfSSL I-CUBE-wolfTPM 3.8.0
2026-08-13 18:53:25,138 [INFO] ThirdParty:1030 - CMSIS Pack Vendor :STMicroelectronics X-CUBE-DISPLAY 3.0.0
2026-08-13 18:53:25,138 [INFO] ThirdParty:1030 - CMSIS Pack Vendor :wolfSSL I-CUBE-wolfSSH 1.4.20
2026-08-13 18:53:25,139 [INFO] ThirdParty:1030 - CMSIS Pack Vendor :STMicroelectronics X-CUBE-NFC7 2.0.0
2026-08-13 18:53:25,139 [INFO] ThirdParty:1030 - CMSIS Pack Vendor :STMicroelectronics X-CUBE-GNSS1 7.1.1
2026-08-13 18:53:25,139 [INFO] ThirdParty:1030 - CMSIS Pack Vendor :STMicroelectronics X-CUBE-TCPP 4.2.0
2026-08-13 18:53:25,139 [INFO] ThirdParty:1030 - CMSIS Pack Vendor :RealThread X-CUBE-RT-Thread_Nano 4.1.1
2026-08-13 18:53:25,139 [INFO] ThirdParty:1030 - CMSIS Pack Vendor :wolfSSL I-CUBE-wolfSSL 5.9.1
2026-08-13 18:53:25,139 [INFO] ThirdParty:1030 - CMSIS Pack Vendor :STMicroelectronics FP-ATR-SIGFOX1 3.2.0
2026-08-13 18:53:25,139 [INFO] ThirdParty:1030 - CMSIS Pack Vendor :STMicroelectronics X-CUBE-NFC10 1.0.0
2026-08-13 18:53:25,139 [INFO] ThirdParty:1030 - CMSIS Pack Vendor :STMicroelectronics HAL Drivers 0.0.0
2026-08-13 18:53:25,139 [INFO] ThirdParty:1030 - CMSIS Pack Vendor :STMicroelectronics MBEDTLS 2.16.2
2026-08-13 18:53:25,139 [INFO] ThirdParty:1030 - CMSIS Pack Vendor :STMicroelectronics X-CUBE-ST60 1.1.0
2026-08-13 18:53:25,139 [INFO] ThirdParty:1030 - CMSIS Pack Vendor :STMicroelectronics X-CUBE-ALS 1.0.2
2026-08-13 18:53:25,139 [INFO] ThirdParty:1030 - CMSIS Pack Vendor :emotas I-CUBE-CANOPEN 1.3.0
2026-08-13 18:53:25,139 [INFO] ThirdParty:1030 - CMSIS Pack Vendor :STMicroelectronics MBEDTLS 2.14.1
2026-08-13 18:53:25,139 [INFO] ThirdParty:1030 - CMSIS Pack Vendor :ITTIA_DB I-CUBE-ITTIADB 8.9.0
2026-08-13 18:53:25,139 [INFO] ThirdParty:1030 - CMSIS Pack Vendor :Cesanta I-CUBE-Mongoose 7.21.7
2026-08-13 18:53:25,139 [INFO] ThirdParty:1030 - CMSIS Pack Vendor :STMicroelectronics X-CUBE-TOUCHGFX 4.26.1
2026-08-13 18:53:25,139 [INFO] ThirdParty:1030 - CMSIS Pack Vendor :STMicroelectronics X-CUBE-NFC6 3.2.0
2026-08-13 18:53:25,139 [INFO] ThirdParty:1030 - CMSIS Pack Vendor :STMicroelectronics X-CUBE-AI 10.2.1
2026-08-13 18:53:25,139 [INFO] ThirdParty:1030 - CMSIS Pack Vendor :STMicroelectronics ThreadX 1.0.0
2026-08-13 18:53:25,139 [INFO] ThirdParty:1030 - CMSIS Pack Vendor :STMicroelectronics FP-SNS-SMARTAG2 1.2.0
2026-08-13 18:53:25,139 [INFO] ThirdParty:1030 - CMSIS Pack Vendor :STMicroelectronics X-CUBE-MEMS1 12.1.0
2026-08-13 18:53:25,139 [INFO] ThirdParty:1030 - CMSIS Pack Vendor :STMicroelectronics FP-SNS-FLIGHT1 5.1.0
2026-08-13 18:53:25,139 [INFO] ThirdParty:1030 - CMSIS Pack Vendor :STMicroelectronics X-CUBE-AZRTOS-WL 2.0.0
2026-08-13 18:53:25,139 [INFO] ThirdParty:1030 - CMSIS Pack Vendor :SEGGER I-CUBE-embOS 1.3.1
2026-08-13 18:53:25,139 [INFO] ThirdParty:1030 - CMSIS Pack Vendor :STMicroelectronics X-CUBE-DPower 1.3.0
2026-08-13 18:53:25,139 [INFO] ThirdParty:1030 - CMSIS Pack Vendor :STMicroelectronics USB_DEVICE 1.0.0
2026-08-13 18:53:25,139 [INFO] ThirdParty:1030 - CMSIS Pack Vendor :STMicroelectronics X-CUBE-AZRTOS-L4 2.0.0
2026-08-13 18:53:25,139 [INFO] ThirdParty:1030 - CMSIS Pack Vendor :STMicroelectronics ThreadX 0.0.2
2026-08-13 18:53:25,139 [INFO] ThirdParty:1030 - CMSIS Pack Vendor :STMicroelectronics lwIP 2.1.2
2026-08-13 18:53:25,139 [INFO] ThirdParty:1030 - CMSIS Pack Vendor :STMicroelectronics X-CUBE-SFXS2LP1 4.0.0
2026-08-13 18:53:25,139 [INFO] ThirdParty:1030 - CMSIS Pack Vendor :STMicroelectronics X-CUBE-BLE2 3.3.0
2026-08-13 18:53:25,139 [INFO] ThirdParty:1030 - CMSIS Pack Vendor :Avnet-IOTCONNECT X-CUBE-iotc-st67-sdk 1.0.0
2026-08-13 18:53:25,140 [INFO] ThirdParty:1030 - CMSIS Pack Vendor :STMicroelectronics X-CUBE-TOF1 3.4.3
2026-08-13 18:53:25,140 [INFO] ThirdParty:1030 - CMSIS Pack Vendor :Infineon AIROC-Wi-Fi-Bluetooth-STM32 1.8.0
2026-08-13 18:53:25,140 [INFO] ThirdParty:1030 - CMSIS Pack Vendor :STMicroelectronics X-CUBE-NFC13 1.0.0
2026-08-13 18:53:25,140 [INFO] ThirdParty:1030 - CMSIS Pack Vendor :STMicroelectronics PDM2PCM 3.2.0
2026-08-13 18:53:25,140 [INFO] ThirdParty:1030 - CMSIS Pack Vendor :STMicroelectronics X-CUBE-WB05N 2.1.0
2026-08-13 18:53:25,140 [INFO] ThirdParty:841 - exiting critical section [change project]
2026-08-13 18:53:25,406 [INFO] PinOutPanel:1589 - setPackage(No Configuration,No Configuration)
2026-08-13 18:53:25,407 [INFO] PinOutPanel:1589 - setPackage(STM32F411CEUx,UFQFPN48)
2026-08-13 18:53:25,643 [INFO] UtilMem:75 - Before build in PCC Used Memory: 234222336 Bytes (355467264)
2026-08-13 18:53:26,043 [INFO] UtilMem:75 - After build in PCC Used Memory: 240855232 Bytes (355467264)
2026-08-13 18:53:26,065 [INFO] IPUIPlugin:80 - create IPUIPlugin
2026-08-13 18:53:26,066 [INFO] IPUIPlugin:80 - create IPUIPlugin
2026-08-13 18:53:26,066 [INFO] IPUIPlugin:80 - create IPUIPlugin
2026-08-13 18:53:26,066 [INFO] IPUIPlugin:80 - create IPUIPlugin
2026-08-13 18:53:26,066 [INFO] IPUIPlugin:80 - create IPUIPlugin
2026-08-13 18:53:26,066 [INFO] IPUIPlugin:80 - create IPUIPlugin
2026-08-13 18:53:26,066 [INFO] IPUIPlugin:80 - create IPUIPlugin
2026-08-13 18:53:26,066 [INFO] IPUIPlugin:80 - create IPUIPlugin
2026-08-13 18:53:26,066 [INFO] IPUIPlugin:80 - create IPUIPlugin
2026-08-13 18:53:26,066 [INFO] IPUIPlugin:80 - create IPUIPlugin
2026-08-13 18:53:26,066 [INFO] IPUIPlugin:80 - create IPUIPlugin
2026-08-13 18:53:26,067 [INFO] IPUIPlugin:80 - create IPUIPlugin
2026-08-13 18:53:26,067 [INFO] IPUIPlugin:80 - create IPUIPlugin
2026-08-13 18:53:26,067 [INFO] IPUIPlugin:80 - create IPUIPlugin
2026-08-13 18:53:26,067 [INFO] IPUIPlugin:80 - create IPUIPlugin
2026-08-13 18:53:26,067 [INFO] IPUIPlugin:80 - create IPUIPlugin
2026-08-13 18:53:26,067 [INFO] IPUIPlugin:80 - create IPUIPlugin
2026-08-13 18:53:26,067 [INFO] IPUIPlugin:80 - create IPUIPlugin
2026-08-13 18:53:26,067 [INFO] IPUIPlugin:80 - create IPUIPlugin
2026-08-13 18:53:26,067 [INFO] IPUIPlugin:80 - create IPUIPlugin
2026-08-13 18:53:26,067 [INFO] IPUIPlugin:80 - create IPUIPlugin
2026-08-13 18:53:26,067 [INFO] IPUIPlugin:80 - create IPUIPlugin
2026-08-13 18:53:26,067 [INFO] IPUIPlugin:80 - create IPUIPlugin
2026-08-13 18:53:26,068 [INFO] IPUIPlugin:80 - create IPUIPlugin
2026-08-13 18:53:26,068 [INFO] IPUIPlugin:80 - create IPUIPlugin
2026-08-13 18:53:26,068 [INFO] IPUIPlugin:80 - create IPUIPlugin
2026-08-13 18:53:26,068 [INFO] IPUIPlugin:80 - create IPUIPlugin
2026-08-13 18:53:26,068 [INFO] IPUIPlugin:80 - create IPUIPlugin
2026-08-13 18:53:26,068 [INFO] IPUIPlugin:80 - create IPUIPlugin
2026-08-13 18:53:26,068 [INFO] IPUIPlugin:80 - create IPUIPlugin
2026-08-13 18:53:26,068 [INFO] IPUIPlugin:80 - create IPUIPlugin
2026-08-13 18:53:26,068 [INFO] IPUIPlugin:80 - create IPUIPlugin
2026-08-13 18:53:26,068 [INFO] IPUIPlugin:80 - create IPUIPlugin
2026-08-13 18:53:26,069 [INFO] IPUIPlugin:80 - create IPUIPlugin
2026-08-13 18:53:26,069 [INFO] IPUIPlugin:80 - create IPUIPlugin
2026-08-13 18:53:26,069 [INFO] IPUIPlugin:80 - create IPUIPlugin
2026-08-13 18:53:26,069 [INFO] IPUIPlugin:80 - create IPUIPlugin
2026-08-13 18:53:26,069 [INFO] IPUIPlugin:80 - create IPUIPlugin
2026-08-13 18:53:26,069 [INFO] IPUIPlugin:80 - create IPUIPlugin
2026-08-13 18:53:26,069 [INFO] IPUIPlugin:80 - create IPUIPlugin
2026-08-13 18:53:26,070 [INFO] IPUIPlugin:80 - create IPUIPlugin
2026-08-13 18:53:26,070 [INFO] IPUIPlugin:80 - create IPUIPlugin
2026-08-13 18:53:26,070 [INFO] IPUIPlugin:80 - create IPUIPlugin
2026-08-13 18:53:26,092 [INFO] ApiDbMcu:508 - Load IP Config File for PDM2PCM
2026-08-13 18:53:26,098 [WARN] IP:2250 - I2C_Coeff_DF not found: check if there is a RefParameter without a condition.
2026-08-13 18:53:26,098 [WARN] IP:2250 - Analog_Filter not found: check if there is a RefParameter without a condition.
2026-08-13 18:53:26,210 [INFO] CADModel:165 - CPN selected for project levelSTM32F411CEU6
2026-08-13 18:53:26,210 [INFO] CADModel:114 - Register for checkConnection events
2026-08-13 18:53:26,248 [INFO] OpenFileManager:385 - Restore cursor
2026-08-13 18:53:26,397 [WARN] IP:2250 - I2C_Coeff_DF not found: check if there is a RefParameter without a condition.
2026-08-13 18:53:26,397 [WARN] IP:2250 - Analog_Filter not found: check if there is a RefParameter without a condition.
2026-08-13 18:53:26,397 [WARN] IP:2250 - I2C_Coeff_DF not found: check if there is a RefParameter without a condition.
2026-08-13 18:53:26,397 [WARN] IP:2250 - Analog_Filter not found: check if there is a RefParameter without a condition.
2026-08-13 18:53:39,086 [ERROR] LogOutputStream:75 - [STDERR_REDIRECT] Aug 13, 2026 6:53:39 PM java.util.prefs.FileSystemPreferences checkLockFile0ErrorCode
2026-08-13 18:53:39,086 [ERROR] LogOutputStream:75 - [STDERR_REDIRECT] WARNING: Could not lock System prefs. Unix error code 2.
2026-08-13 18:53:39,086 [ERROR] LogOutputStream:75 - [STDERR_REDIRECT] 
2026-08-13 18:53:39,086 [ERROR] LogOutputStream:75 - [STDERR_REDIRECT] Aug 13, 2026 6:53:39 PM java.util.prefs.FileSystemPreferences syncWorld
2026-08-13 18:53:39,086 [ERROR] LogOutputStream:75 - [STDERR_REDIRECT] WARNING: Couldn't flush system prefs: java.util.prefs.BackingStoreException: Couldn't get file lock.
2026-08-13 18:53:39,086 [ERROR] LogOutputStream:75 - [STDERR_REDIRECT] 
2026-08-13 18:54:09,080 [ERROR] LogOutputStream:75 - [STDERR_REDIRECT] Aug 13, 2026 6:54:09 PM java.util.prefs.FileSystemPreferences checkLockFile0ErrorCode
2026-08-13 18:54:09,080 [ERROR] LogOutputStream:75 - [STDERR_REDIRECT] WARNING: Could not lock System prefs. Unix error code 2.
2026-08-13 18:54:09,080 [ERROR] LogOutputStream:75 - [STDERR_REDIRECT] 
2026-08-13 18:54:09,080 [ERROR] LogOutputStream:75 - [STDERR_REDIRECT] Aug 13, 2026 6:54:09 PM java.util.prefs.FileSystemPreferences syncWorld
2026-08-13 18:54:09,080 [ERROR] LogOutputStream:75 - [STDERR_REDIRECT] WARNING: Couldn't flush system prefs: java.util.prefs.BackingStoreException: Couldn't get file lock.
2026-08-13 18:54:09,080 [ERROR] LogOutputStream:75 - [STDERR_REDIRECT] 
2026-08-13 18:54:13,872 [INFO] WebApp:191 - Connection restablished
2026-08-13 18:54:39,080 [ERROR] LogOutputStream:75 - [STDERR_REDIRECT] Aug 13, 2026 6:54:39 PM java.util.prefs.FileSystemPreferences checkLockFile0ErrorCode
2026-08-13 18:54:39,080 [ERROR] LogOutputStream:75 - [STDERR_REDIRECT] WARNING: Could not lock System prefs. Unix error code 2.
2026-08-13 18:54:39,080 [ERROR] LogOutputStream:75 - [STDERR_REDIRECT] 
2026-08-13 18:54:39,081 [ERROR] LogOutputStream:75 - [STDERR_REDIRECT] Aug 13, 2026 6:54:39 PM java.util.prefs.FileSystemPreferences syncWorld
2026-08-13 18:54:39,081 [ERROR] LogOutputStream:75 - [STDERR_REDIRECT] WARNING: Couldn't flush system prefs: java.util.prefs.BackingStoreException: Couldn't get file lock.
2026-08-13 18:54:39,081 [ERROR] LogOutputStream:75 - [STDERR_REDIRECT] 
2026-08-13 18:54:50,965 [ERROR] ConfigurationRetriever:142 - IOException on connection: Connect timed out
2026-08-13 18:54:52,968 [ERROR] ConfigurationRetriever:142 - IOException on connection: Connect timed out
2026-08-13 18:55:09,083 [ERROR] LogOutputStream:75 - [STDERR_REDIRECT] Aug 13, 2026 6:55:09 PM java.util.prefs.FileSystemPreferences checkLockFile0ErrorCode
2026-08-13 18:55:09,083 [ERROR] LogOutputStream:75 - [STDERR_REDIRECT] WARNING: Could not lock System prefs. Unix error code 2.
2026-08-13 18:55:09,083 [ERROR] LogOutputStream:75 - [STDERR_REDIRECT] 
2026-08-13 18:55:09,083 [ERROR] LogOutputStream:75 - [STDERR_REDIRECT] Aug 13, 2026 6:55:09 PM java.util.prefs.FileSystemPreferences syncWorld
2026-08-13 18:55:09,083 [ERROR] LogOutputStream:75 - [STDERR_REDIRECT] WARNING: Couldn't flush system prefs: java.util.prefs.BackingStoreException: Couldn't get file lock.
2026-08-13 18:55:09,083 [ERROR] LogOutputStream:75 - [STDERR_REDIRECT] 
2026-08-13 18:55:30,717 [ERROR] ConfigurationRetriever:142 - IOException on connection: Connect timed out
2026-08-13 18:55:32,720 [ERROR] ConfigurationRetriever:142 - IOException on connection: Connect timed out
2026-08-13 18:55:34,721 [ERROR] ConfigurationRetriever:142 - IOException on connection: Connect timed out
2026-08-13 18:55:39,086 [ERROR] LogOutputStream:75 - [STDERR_REDIRECT] Aug 13, 2026 6:55:39 PM java.util.prefs.FileSystemPreferences checkLockFile0ErrorCode
2026-08-13 18:55:39,086 [ERROR] LogOutputStream:75 - [STDERR_REDIRECT] WARNING: Could not lock System prefs. Unix error code 2.
2026-08-13 18:55:39,086 [ERROR] LogOutputStream:75 - [STDERR_REDIRECT] 
2026-08-13 18:55:39,087 [ERROR] LogOutputStream:75 - [STDERR_REDIRECT] Aug 13, 2026 6:55:39 PM java.util.prefs.FileSystemPreferences syncWorld
2026-08-13 18:55:39,087 [ERROR] LogOutputStream:75 - [STDERR_REDIRECT] WARNING: Couldn't flush system prefs: java.util.prefs.BackingStoreException: Couldn't get file lock.
2026-08-13 18:55:39,087 [ERROR] LogOutputStream:75 - [STDERR_REDIRECT] 
2026-08-13 18:56:09,081 [ERROR] LogOutputStream:75 - [STDERR_REDIRECT] Aug 13, 2026 6:56:09 PM java.util.prefs.FileSystemPreferences checkLockFile0ErrorCode
2026-08-13 18:56:09,081 [ERROR] LogOutputStream:75 - [STDERR_REDIRECT] WARNING: Could not lock System prefs. Unix error code 2.
2026-08-13 18:56:09,081 [ERROR] LogOutputStream:75 - [STDERR_REDIRECT] 
2026-08-13 18:56:09,081 [ERROR] LogOutputStream:75 - [STDERR_REDIRECT] Aug 13, 2026 6:56:09 PM java.util.prefs.FileSystemPreferences syncWorld
2026-08-13 18:56:09,081 [ERROR] LogOutputStream:75 - [STDERR_REDIRECT] WARNING: Couldn't flush system prefs: java.util.prefs.BackingStoreException: Couldn't get file lock.
2026-08-13 18:56:09,082 [ERROR] LogOutputStream:75 - [STDERR_REDIRECT] 
2026-08-13 18:56:39,080 [ERROR] LogOutputStream:75 - [STDERR_REDIRECT] Aug 13, 2026 6:56:39 PM java.util.prefs.FileSystemPreferences checkLockFile0ErrorCode
2026-08-13 18:56:39,080 [ERROR] LogOutputStream:75 - [STDERR_REDIRECT] WARNING: Could not lock System prefs. Unix error code 2.
2026-08-13 18:56:39,080 [ERROR] LogOutputStream:75 - [STDERR_REDIRECT] 
2026-08-13 18:56:39,080 [ERROR] LogOutputStream:75 - [STDERR_REDIRECT] Aug 13, 2026 6:56:39 PM java.util.prefs.FileSystemPreferences syncWorld
2026-08-13 18:56:39,081 [ERROR] LogOutputStream:75 - [STDERR_REDIRECT] WARNING: Couldn't flush system prefs: java.util.prefs.BackingStoreException: Couldn't get file lock.
2026-08-13 18:56:39,081 [ERROR] LogOutputStream:75 - [STDERR_REDIRECT] 
2026-08-13 18:57:09,082 [ERROR] LogOutputStream:75 - [STDERR_REDIRECT] Aug 13, 2026 6:57:09 PM java.util.prefs.FileSystemPreferences checkLockFile0ErrorCode
2026-08-13 18:57:09,082 [ERROR] LogOutputStream:75 - [STDERR_REDIRECT] WARNING: Could not lock System prefs. Unix error code 2.
2026-08-13 18:57:09,082 [ERROR] LogOutputStream:75 - [STDERR_REDIRECT] 
2026-08-13 18:57:09,083 [ERROR] LogOutputStream:75 - [STDERR_REDIRECT] Aug 13, 2026 6:57:09 PM java.util.prefs.FileSystemPreferences syncWorld
2026-08-13 18:57:09,083 [ERROR] LogOutputStream:75 - [STDERR_REDIRECT] WARNING: Couldn't flush system prefs: java.util.prefs.BackingStoreException: Couldn't get file lock.
2026-08-13 18:57:09,083 [ERROR] LogOutputStream:75 - [STDERR_REDIRECT] 
2026-08-13 18:57:39,081 [ERROR] LogOutputStream:75 - [STDERR_REDIRECT] Aug 13, 2026 6:57:39 PM java.util.prefs.FileSystemPreferences checkLockFile0ErrorCode
2026-08-13 18:57:39,081 [ERROR] LogOutputStream:75 - [STDERR_REDIRECT] WARNING: Could not lock System prefs. Unix error code 2.
2026-08-13 18:57:39,081 [ERROR] LogOutputStream:75 - [STDERR_REDIRECT] 
2026-08-13 18:57:39,082 [ERROR] LogOutputStream:75 - [STDERR_REDIRECT] Aug 13, 2026 6:57:39 PM java.util.prefs.FileSystemPreferences syncWorld
2026-08-13 18:57:39,082 [ERROR] LogOutputStream:75 - [STDERR_REDIRECT] WARNING: Couldn't flush system prefs: java.util.prefs.BackingStoreException: Couldn't get file lock.
2026-08-13 18:57:39,082 [ERROR] LogOutputStream:75 - [STDERR_REDIRECT] 
2026-08-13 18:58:09,083 [ERROR] LogOutputStream:75 - [STDERR_REDIRECT] Aug 13, 2026 6:58:09 PM java.util.prefs.FileSystemPreferences checkLockFile0ErrorCode
2026-08-13 18:58:09,083 [ERROR] LogOutputStream:75 - [STDERR_REDIRECT] WARNING: Could not lock System prefs. Unix error code 2.
2026-08-13 18:58:09,083 [ERROR] LogOutputStream:75 - [STDERR_REDIRECT] 
2026-08-13 18:58:09,083 [ERROR] LogOutputStream:75 - [STDERR_REDIRECT] Aug 13, 2026 6:58:09 PM java.util.prefs.FileSystemPreferences syncWorld
2026-08-13 18:58:09,083 [ERROR] LogOutputStream:75 - [STDERR_REDIRECT] WARNING: Couldn't flush system prefs: java.util.prefs.BackingStoreException: Couldn't get file lock.
2026-08-13 18:58:09,083 [ERROR] LogOutputStream:75 - [STDERR_REDIRECT] 
2026-08-13 18:58:39,083 [ERROR] LogOutputStream:75 - [STDERR_REDIRECT] Aug 13, 2026 6:58:39 PM java.util.prefs.FileSystemPreferences checkLockFile0ErrorCode
2026-08-13 18:58:39,083 [ERROR] LogOutputStream:75 - [STDERR_REDIRECT] WARNING: Could not lock System prefs. Unix error code 2.
2026-08-13 18:58:39,083 [ERROR] LogOutputStream:75 - [STDERR_REDIRECT] 
2026-08-13 18:58:39,084 [ERROR] LogOutputStream:75 - [STDERR_REDIRECT] Aug 13, 2026 6:58:39 PM java.util.prefs.FileSystemPreferences syncWorld
2026-08-13 18:58:39,084 [ERROR] LogOutputStream:75 - [STDERR_REDIRECT] WARNING: Couldn't flush system prefs: java.util.prefs.BackingStoreException: Couldn't get file lock.
2026-08-13 18:58:39,084 [ERROR] LogOutputStream:75 - [STDERR_REDIRECT] 
2026-08-13 18:59:09,083 [ERROR] LogOutputStream:75 - [STDERR_REDIRECT] Aug 13, 2026 6:59:09 PM java.util.prefs.FileSystemPreferences checkLockFile0ErrorCode
2026-08-13 18:59:09,083 [ERROR] LogOutputStream:75 - [STDERR_REDIRECT] WARNING: Could not lock System prefs. Unix error code 2.
2026-08-13 18:59:09,083 [ERROR] LogOutputStream:75 - [STDERR_REDIRECT] 
2026-08-13 18:59:09,083 [ERROR] LogOutputStream:75 - [STDERR_REDIRECT] Aug 13, 2026 6:59:09 PM java.util.prefs.FileSystemPreferences syncWorld
2026-08-13 18:59:09,083 [ERROR] LogOutputStream:75 - [STDERR_REDIRECT] WARNING: Couldn't flush system prefs: java.util.prefs.BackingStoreException: Couldn't get file lock.
2026-08-13 18:59:09,083 [ERROR] LogOutputStream:75 - [STDERR_REDIRECT] 
2026-08-13 18:59:39,083 [ERROR] LogOutputStream:75 - [STDERR_REDIRECT] Aug 13, 2026 6:59:39 PM java.util.prefs.FileSystemPreferences checkLockFile0ErrorCode
2026-08-13 18:59:39,084 [ERROR] LogOutputStream:75 - [STDERR_REDIRECT] WARNING: Could not lock System prefs. Unix error code 2.
2026-08-13 18:59:39,084 [ERROR] LogOutputStream:75 - [STDERR_REDIRECT] 
2026-08-13 18:59:39,084 [ERROR] LogOutputStream:75 - [STDERR_REDIRECT] Aug 13, 2026 6:59:39 PM java.util.prefs.FileSystemPreferences syncWorld
2026-08-13 18:59:39,085 [ERROR] LogOutputStream:75 - [STDERR_REDIRECT] WARNING: Couldn't flush system prefs: java.util.prefs.BackingStoreException: Couldn't get file lock.
2026-08-13 18:59:39,085 [ERROR] LogOutputStream:75 - [STDERR_REDIRECT] 
2026-08-13 19:00:09,084 [ERROR] LogOutputStream:75 - [STDERR_REDIRECT] Aug 13, 2026 7:00:09 PM java.util.prefs.FileSystemPreferences checkLockFile0ErrorCode
2026-08-13 19:00:09,084 [ERROR] LogOutputStream:75 - [STDERR_REDIRECT] WARNING: Could not lock System prefs. Unix error code 2.
2026-08-13 19:00:09,084 [ERROR] LogOutputStream:75 - [STDERR_REDIRECT] 
2026-08-13 19:00:09,085 [ERROR] LogOutputStream:75 - [STDERR_REDIRECT] Aug 13, 2026 7:00:09 PM java.util.prefs.FileSystemPreferences syncWorld
2026-08-13 19:00:09,085 [ERROR] LogOutputStream:75 - [STDERR_REDIRECT] WARNING: Couldn't flush system prefs: java.util.prefs.BackingStoreException: Couldn't get file lock.
2026-08-13 19:00:09,085 [ERROR] LogOutputStream:75 - [STDERR_REDIRECT] 
2026-08-13 19:00:11,835 [ERROR] ConfigurationRetriever:142 - IOException on connection: sw-center.st.com
2026-08-13 19:00:11,836 [ERROR] ConfigurationRetriever:142 - IOException on connection: sw-center.st.com
2026-08-13 19:00:11,836 [ERROR] ConfigurationRetriever:142 - IOException on connection: sw-center.st.com
2026-08-13 19:00:11,846 [ERROR] ConfigurationRetriever:142 - IOException on connection: sw-center.st.com
2026-08-13 19:00:11,846 [ERROR] ConfigurationRetriever:142 - IOException on connection: sw-center.st.com
2026-08-13 19:00:11,846 [ERROR] ConfigurationRetriever:142 - IOException on connection: sw-center.st.com
2026-08-13 19:00:39,095 [ERROR] LogOutputStream:75 - [STDERR_REDIRECT] Aug 13, 2026 7:00:39 PM java.util.prefs.FileSystemPreferences checkLockFile0ErrorCode
2026-08-13 19:00:39,095 [ERROR] LogOutputStream:75 - [STDERR_REDIRECT] WARNING: Could not lock System prefs. Unix error code 2.
2026-08-13 19:00:39,095 [ERROR] LogOutputStream:75 - [STDERR_REDIRECT] 
2026-08-13 19:00:39,096 [ERROR] LogOutputStream:75 - [STDERR_REDIRECT] Aug 13, 2026 7:00:39 PM java.util.prefs.FileSystemPreferences syncWorld
2026-08-13 19:00:39,096 [ERROR] LogOutputStream:75 - [STDERR_REDIRECT] WARNING: Couldn't flush system prefs: java.util.prefs.BackingStoreException: Couldn't get file lock.
2026-08-13 19:00:39,096 [ERROR] LogOutputStream:75 - [STDERR_REDIRECT] 
2026-08-13 19:01:09,084 [ERROR] LogOutputStream:75 - [STDERR_REDIRECT] Aug 13, 2026 7:01:09 PM java.util.prefs.FileSystemPreferences checkLockFile0ErrorCode
2026-08-13 19:01:09,084 [ERROR] LogOutputStream:75 - [STDERR_REDIRECT] WARNING: Could not lock System prefs. Unix error code 2.
2026-08-13 19:01:09,084 [ERROR] LogOutputStream:75 - [STDERR_REDIRECT] 
2026-08-13 19:01:09,085 [ERROR] LogOutputStream:75 - [STDERR_REDIRECT] Aug 13, 2026 7:01:09 PM java.util.prefs.FileSystemPreferences syncWorld
2026-08-13 19:01:09,085 [ERROR] LogOutputStream:75 - [STDERR_REDIRECT] WARNING: Couldn't flush system prefs: java.util.prefs.BackingStoreException: Couldn't get file lock.
2026-08-13 19:01:09,085 [ERROR] LogOutputStream:75 - [STDERR_REDIRECT] 
2026-08-13 19:01:39,086 [ERROR] LogOutputStream:75 - [STDERR_REDIRECT] Aug 13, 2026 7:01:39 PM java.util.prefs.FileSystemPreferences checkLockFile0ErrorCode
2026-08-13 19:01:39,087 [ERROR] LogOutputStream:75 - [STDERR_REDIRECT] WARNING: Could not lock System prefs. Unix error code 2.
2026-08-13 19:01:39,092 [ERROR] LogOutputStream:75 - [STDERR_REDIRECT] 
2026-08-13 19:01:39,093 [ERROR] LogOutputStream:75 - [STDERR_REDIRECT] Aug 13, 2026 7:01:39 PM java.util.prefs.FileSystemPreferences syncWorld
2026-08-13 19:01:39,094 [ERROR] LogOutputStream:75 - [STDERR_REDIRECT] WARNING: Couldn't flush system prefs: java.util.prefs.BackingStoreException: Couldn't get file lock.
2026-08-13 19:01:39,094 [ERROR] LogOutputStream:75 - [STDERR_REDIRECT] 
2026-08-13 19:02:09,085 [ERROR] LogOutputStream:75 - [STDERR_REDIRECT] Aug 13, 2026 7:02:09 PM java.util.prefs.FileSystemPreferences checkLockFile0ErrorCode
2026-08-13 19:02:09,086 [ERROR] LogOutputStream:75 - [STDERR_REDIRECT] WARNING: Could not lock System prefs. Unix error code 2.
2026-08-13 19:02:09,086 [ERROR] LogOutputStream:75 - [STDERR_REDIRECT] 
2026-08-13 19:02:09,086 [ERROR] LogOutputStream:75 - [STDERR_REDIRECT] Aug 13, 2026 7:02:09 PM java.util.prefs.FileSystemPreferences syncWorld
2026-08-13 19:02:09,086 [ERROR] LogOutputStream:75 - [STDERR_REDIRECT] WARNING: Couldn't flush system prefs: java.util.prefs.BackingStoreException: Couldn't get file lock.
2026-08-13 19:02:09,086 [ERROR] LogOutputStream:75 - [STDERR_REDIRECT] 
2026-08-13 19:02:39,089 [ERROR] LogOutputStream:75 - [STDERR_REDIRECT] Aug 13, 2026 7:02:39 PM java.util.prefs.FileSystemPreferences checkLockFile0ErrorCode
2026-08-13 19:02:39,089 [ERROR] LogOutputStream:75 - [STDERR_REDIRECT] WARNING: Could not lock System prefs. Unix error code 2.
2026-08-13 19:02:39,090 [ERROR] LogOutputStream:75 - [STDERR_REDIRECT] 
2026-08-13 19:02:39,090 [ERROR] LogOutputStream:75 - [STDERR_REDIRECT] Aug 13, 2026 7:02:39 PM java.util.prefs.FileSystemPreferences syncWorld
2026-08-13 19:02:39,090 [ERROR] LogOutputStream:75 - [STDERR_REDIRECT] WARNING: Couldn't flush system prefs: java.util.prefs.BackingStoreException: Couldn't get file lock.
2026-08-13 19:02:39,090 [ERROR] LogOutputStream:75 - [STDERR_REDIRECT] 
2026-08-13 19:03:09,086 [ERROR] LogOutputStream:75 - [STDERR_REDIRECT] Aug 13, 2026 7:03:09 PM java.util.prefs.FileSystemPreferences checkLockFile0ErrorCode
2026-08-13 19:03:09,086 [ERROR] LogOutputStream:75 - [STDERR_REDIRECT] WARNING: Could not lock System prefs. Unix error code 2.
2026-08-13 19:03:09,086 [ERROR] LogOutputStream:75 - [STDERR_REDIRECT] 
2026-08-13 19:03:09,087 [ERROR] LogOutputStream:75 - [STDERR_REDIRECT] Aug 13, 2026 7:03:09 PM java.util.prefs.FileSystemPreferences syncWorld
2026-08-13 19:03:09,087 [ERROR] LogOutputStream:75 - [STDERR_REDIRECT] WARNING: Couldn't flush system prefs: java.util.prefs.BackingStoreException: Couldn't get file lock.
2026-08-13 19:03:09,087 [ERROR] LogOutputStream:75 - [STDERR_REDIRECT] 
2026-08-13 19:03:39,086 [ERROR] LogOutputStream:75 - [STDERR_REDIRECT] Aug 13, 2026 7:03:39 PM java.util.prefs.FileSystemPreferences checkLockFile0ErrorCode
2026-08-13 19:03:39,086 [ERROR] LogOutputStream:75 - [STDERR_REDIRECT] WARNING: Could not lock System prefs. Unix error code 2.
2026-08-13 19:03:39,086 [ERROR] LogOutputStream:75 - [STDERR_REDIRECT] 
2026-08-13 19:03:39,086 [ERROR] LogOutputStream:75 - [STDERR_REDIRECT] Aug 13, 2026 7:03:39 PM java.util.prefs.FileSystemPreferences syncWorld
2026-08-13 19:03:39,087 [ERROR] LogOutputStream:75 - [STDERR_REDIRECT] WARNING: Couldn't flush system prefs: java.util.prefs.BackingStoreException: Couldn't get file lock.
2026-08-13 19:03:39,087 [ERROR] LogOutputStream:75 - [STDERR_REDIRECT] 
2026-08-13 19:04:09,086 [ERROR] LogOutputStream:75 - [STDERR_REDIRECT] Aug 13, 2026 7:04:09 PM java.util.prefs.FileSystemPreferences checkLockFile0ErrorCode
2026-08-13 19:04:09,086 [ERROR] LogOutputStream:75 - [STDERR_REDIRECT] WARNING: Could not lock System prefs. Unix error code 2.
2026-08-13 19:04:09,086 [ERROR] LogOutputStream:75 - [STDERR_REDIRECT] 
2026-08-13 19:04:09,087 [ERROR] LogOutputStream:75 - [STDERR_REDIRECT] Aug 13, 2026 7:04:09 PM java.util.prefs.FileSystemPreferences syncWorld
2026-08-13 19:04:09,087 [ERROR] LogOutputStream:75 - [STDERR_REDIRECT] WARNING: Couldn't flush system prefs: java.util.prefs.BackingStoreException: Couldn't get file lock.
2026-08-13 19:04:09,087 [ERROR] LogOutputStream:75 - [STDERR_REDIRECT] 
2026-08-13 19:04:39,089 [ERROR] LogOutputStream:75 - [STDERR_REDIRECT] Aug 13, 2026 7:04:39 PM java.util.prefs.FileSystemPreferences checkLockFile0ErrorCode
2026-08-13 19:04:39,090 [ERROR] LogOutputStream:75 - [STDERR_REDIRECT] WARNING: Could not lock System prefs. Unix error code 2.
2026-08-13 19:04:39,090 [ERROR] LogOutputStream:75 - [STDERR_REDIRECT] 
2026-08-13 19:04:39,090 [ERROR] LogOutputStream:75 - [STDERR_REDIRECT] Aug 13, 2026 7:04:39 PM java.util.prefs.FileSystemPreferences syncWorld
2026-08-13 19:04:39,091 [ERROR] LogOutputStream:75 - [STDERR_REDIRECT] WARNING: Couldn't flush system prefs: java.util.prefs.BackingStoreException: Couldn't get file lock.
2026-08-13 19:04:39,091 [ERROR] LogOutputStream:75 - [STDERR_REDIRECT] 
2026-08-13 19:05:09,087 [ERROR] LogOutputStream:75 - [STDERR_REDIRECT] Aug 13, 2026 7:05:09 PM java.util.prefs.FileSystemPreferences checkLockFile0ErrorCode
2026-08-13 19:05:09,087 [ERROR] LogOutputStream:75 - [STDERR_REDIRECT] WARNING: Could not lock System prefs. Unix error code 2.
2026-08-13 19:05:09,092 [ERROR] LogOutputStream:75 - [STDERR_REDIRECT] 
2026-08-13 19:05:09,093 [ERROR] LogOutputStream:75 - [STDERR_REDIRECT] Aug 13, 2026 7:05:09 PM java.util.prefs.FileSystemPreferences syncWorld
2026-08-13 19:05:09,094 [ERROR] LogOutputStream:75 - [STDERR_REDIRECT] WARNING: Couldn't flush system prefs: java.util.prefs.BackingStoreException: Couldn't get file lock.
2026-08-13 19:05:09,094 [ERROR] LogOutputStream:75 - [STDERR_REDIRECT] 
2026-08-13 19:05:39,087 [ERROR] LogOutputStream:75 - [STDERR_REDIRECT] Aug 13, 2026 7:05:39 PM java.util.prefs.FileSystemPreferences checkLockFile0ErrorCode
2026-08-13 19:05:39,087 [ERROR] LogOutputStream:75 - [STDERR_REDIRECT] WARNING: Could not lock System prefs. Unix error code 2.
2026-08-13 19:05:39,087 [ERROR] LogOutputStream:75 - [STDERR_REDIRECT] 
2026-08-13 19:05:39,088 [ERROR] LogOutputStream:75 - [STDERR_REDIRECT] Aug 13, 2026 7:05:39 PM java.util.prefs.FileSystemPreferences syncWorld
2026-08-13 19:05:39,088 [ERROR] LogOutputStream:75 - [STDERR_REDIRECT] WARNING: Couldn't flush system prefs: java.util.prefs.BackingStoreException: Couldn't get file lock.
2026-08-13 19:05:39,088 [ERROR] LogOutputStream:75 - [STDERR_REDIRECT] 
2026-08-13 19:06:09,087 [ERROR] LogOutputStream:75 - [STDERR_REDIRECT] Aug 13, 2026 7:06:09 PM java.util.prefs.FileSystemPreferences checkLockFile0ErrorCode
2026-08-13 19:06:09,088 [ERROR] LogOutputStream:75 - [STDERR_REDIRECT] WARNING: Could not lock System prefs. Unix error code 2.
2026-08-13 19:06:09,088 [ERROR] LogOutputStream:75 - [STDERR_REDIRECT] 
2026-08-13 19:06:09,088 [ERROR] LogOutputStream:75 - [STDERR_REDIRECT] Aug 13, 2026 7:06:09 PM java.util.prefs.FileSystemPreferences syncWorld
2026-08-13 19:06:09,088 [ERROR] LogOutputStream:75 - [STDERR_REDIRECT] WARNING: Couldn't flush system prefs: java.util.prefs.BackingStoreException: Couldn't get file lock.
2026-08-13 19:06:09,089 [ERROR] LogOutputStream:75 - [STDERR_REDIRECT] 
2026-08-13 19:06:39,087 [ERROR] LogOutputStream:75 - [STDERR_REDIRECT] Aug 13, 2026 7:06:39 PM java.util.prefs.FileSystemPreferences checkLockFile0ErrorCode
2026-08-13 19:06:39,088 [ERROR] LogOutputStream:75 - [STDERR_REDIRECT] WARNING: Could not lock System prefs. Unix error code 2.
2026-08-13 19:06:39,088 [ERROR] LogOutputStream:75 - [STDERR_REDIRECT] 
2026-08-13 19:06:39,088 [ERROR] LogOutputStream:75 - [STDERR_REDIRECT] Aug 13, 2026 7:06:39 PM java.util.prefs.FileSystemPreferences syncWorld
2026-08-13 19:06:39,088 [ERROR] LogOutputStream:75 - [STDERR_REDIRECT] WARNING: Couldn't flush system prefs: java.util.prefs.BackingStoreException: Couldn't get file lock.
2026-08-13 19:06:39,089 [ERROR] LogOutputStream:75 - [STDERR_REDIRECT] 
2026-08-13 19:07:09,088 [ERROR] LogOutputStream:75 - [STDERR_REDIRECT] Aug 13, 2026 7:07:09 PM java.util.prefs.FileSystemPreferences checkLockFile0ErrorCode
2026-08-13 19:07:09,088 [ERROR] LogOutputStream:75 - [STDERR_REDIRECT] WARNING: Could not lock System prefs. Unix error code 2.
2026-08-13 19:07:09,089 [ERROR] LogOutputStream:75 - [STDERR_REDIRECT] 
2026-08-13 19:07:09,089 [ERROR] LogOutputStream:75 - [STDERR_REDIRECT] Aug 13, 2026 7:07:09 PM java.util.prefs.FileSystemPreferences syncWorld
2026-08-13 19:07:09,089 [ERROR] LogOutputStream:75 - [STDERR_REDIRECT] WARNING: Couldn't flush system prefs: java.util.prefs.BackingStoreException: Couldn't get file lock.
2026-08-13 19:07:09,089 [ERROR] LogOutputStream:75 - [STDERR_REDIRECT] 
2026-08-13 19:07:39,088 [ERROR] LogOutputStream:75 - [STDERR_REDIRECT] Aug 13, 2026 7:07:39 PM java.util.prefs.FileSystemPreferences checkLockFile0ErrorCode
2026-08-13 19:07:39,088 [ERROR] LogOutputStream:75 - [STDERR_REDIRECT] WARNING: Could not lock System prefs. Unix error code 2.
2026-08-13 19:07:39,089 [ERROR] LogOutputStream:75 - [STDERR_REDIRECT] 
2026-08-13 19:07:39,089 [ERROR] LogOutputStream:75 - [STDERR_REDIRECT] Aug 13, 2026 7:07:39 PM java.util.prefs.FileSystemPreferences syncWorld
2026-08-13 19:07:39,089 [ERROR] LogOutputStream:75 - [STDERR_REDIRECT] WARNING: Couldn't flush system prefs: java.util.prefs.BackingStoreException: Couldn't get file lock.
2026-08-13 19:07:39,089 [ERROR] LogOutputStream:75 - [STDERR_REDIRECT] 
2026-08-13 19:08:09,089 [ERROR] LogOutputStream:75 - [STDERR_REDIRECT] Aug 13, 2026 7:08:09 PM java.util.prefs.FileSystemPreferences checkLockFile0ErrorCode
2026-08-13 19:08:09,090 [ERROR] LogOutputStream:75 - [STDERR_REDIRECT] WARNING: Could not lock System prefs. Unix error code 2.
2026-08-13 19:08:09,090 [ERROR] LogOutputStream:75 - [STDERR_REDIRECT] 
2026-08-13 19:08:09,090 [ERROR] LogOutputStream:75 - [STDERR_REDIRECT] Aug 13, 2026 7:08:09 PM java.util.prefs.FileSystemPreferences syncWorld
2026-08-13 19:08:09,090 [ERROR] LogOutputStream:75 - [STDERR_REDIRECT] WARNING: Couldn't flush system prefs: java.util.prefs.BackingStoreException: Couldn't get file lock.
2026-08-13 19:08:09,090 [ERROR] LogOutputStream:75 - [STDERR_REDIRECT] 
2026-08-13 19:08:39,089 [ERROR] LogOutputStream:75 - [STDERR_REDIRECT] Aug 13, 2026 7:08:39 PM java.util.prefs.FileSystemPreferences checkLockFile0ErrorCode
2026-08-13 19:08:39,089 [ERROR] LogOutputStream:75 - [STDERR_REDIRECT] WARNING: Could not lock System prefs. Unix error code 2.
2026-08-13 19:08:39,089 [ERROR] LogOutputStream:75 - [STDERR_REDIRECT] 
2026-08-13 19:08:39,089 [ERROR] LogOutputStream:75 - [STDERR_REDIRECT] Aug 13, 2026 7:08:39 PM java.util.prefs.FileSystemPreferences syncWorld
2026-08-13 19:08:39,090 [ERROR] LogOutputStream:75 - [STDERR_REDIRECT] WARNING: Couldn't flush system prefs: java.util.prefs.BackingStoreException: Couldn't get file lock.
2026-08-13 19:08:39,090 [ERROR] LogOutputStream:75 - [STDERR_REDIRECT] 
2026-08-13 19:09:09,091 [ERROR] LogOutputStream:75 - [STDERR_REDIRECT] Aug 13, 2026 7:09:09 PM java.util.prefs.FileSystemPreferences checkLockFile0ErrorCode
2026-08-13 19:09:09,091 [ERROR] LogOutputStream:75 - [STDERR_REDIRECT] WARNING: Could not lock System prefs. Unix error code 2.
2026-08-13 19:09:09,091 [ERROR] LogOutputStream:75 - [STDERR_REDIRECT] 
2026-08-13 19:09:09,091 [ERROR] LogOutputStream:75 - [STDERR_REDIRECT] Aug 13, 2026 7:09:09 PM java.util.prefs.FileSystemPreferences syncWorld
2026-08-13 19:09:09,091 [ERROR] LogOutputStream:75 - [STDERR_REDIRECT] WARNING: Couldn't flush system prefs: java.util.prefs.BackingStoreException: Couldn't get file lock.
2026-08-13 19:09:09,091 [ERROR] LogOutputStream:75 - [STDERR_REDIRECT] 
2026-08-13 19:09:39,090 [ERROR] LogOutputStream:75 - [STDERR_REDIRECT] Aug 13, 2026 7:09:39 PM java.util.prefs.FileSystemPreferences checkLockFile0ErrorCode
2026-08-13 19:09:39,091 [ERROR] LogOutputStream:75 - [STDERR_REDIRECT] WARNING: Could not lock System prefs. Unix error code 2.
2026-08-13 19:09:39,096 [ERROR] LogOutputStream:75 - [STDERR_REDIRECT] 
2026-08-13 19:09:39,097 [ERROR] LogOutputStream:75 - [STDERR_REDIRECT] Aug 13, 2026 7:09:39 PM java.util.prefs.FileSystemPreferences syncWorld
2026-08-13 19:09:39,098 [ERROR] LogOutputStream:75 - [STDERR_REDIRECT] WARNING: Couldn't flush system prefs: java.util.prefs.BackingStoreException: Couldn't get file lock.
2026-08-13 19:09:39,098 [ERROR] LogOutputStream:75 - [STDERR_REDIRECT] 
2026-08-13 19:10:09,090 [ERROR] LogOutputStream:75 - [STDERR_REDIRECT] Aug 13, 2026 7:10:09 PM java.util.prefs.FileSystemPreferences checkLockFile0ErrorCode
2026-08-13 19:10:09,090 [ERROR] LogOutputStream:75 - [STDERR_REDIRECT] WARNING: Could not lock System prefs. Unix error code 2.
2026-08-13 19:10:09,091 [ERROR] LogOutputStream:75 - [STDERR_REDIRECT] 
2026-08-13 19:10:09,091 [ERROR] LogOutputStream:75 - [STDERR_REDIRECT] Aug 13, 2026 7:10:09 PM java.util.prefs.FileSystemPreferences syncWorld
2026-08-13 19:10:09,091 [ERROR] LogOutputStream:75 - [STDERR_REDIRECT] WARNING: Couldn't flush system prefs: java.util.prefs.BackingStoreException: Couldn't get file lock.
2026-08-13 19:10:09,091 [ERROR] LogOutputStream:75 - [STDERR_REDIRECT] 
2026-08-13 19:10:39,091 [ERROR] LogOutputStream:75 - [STDERR_REDIRECT] Aug 13, 2026 7:10:39 PM java.util.prefs.FileSystemPreferences checkLockFile0ErrorCode
2026-08-13 19:10:39,092 [ERROR] LogOutputStream:75 - [STDERR_REDIRECT] WARNING: Could not lock System prefs. Unix error code 2.
2026-08-13 19:10:39,092 [ERROR] LogOutputStream:75 - [STDERR_REDIRECT] 
2026-08-13 19:10:39,093 [ERROR] LogOutputStream:75 - [STDERR_REDIRECT] Aug 13, 2026 7:10:39 PM java.util.prefs.FileSystemPreferences syncWorld
2026-08-13 19:10:39,093 [ERROR] LogOutputStream:75 - [STDERR_REDIRECT] WARNING: Couldn't flush system prefs: java.util.prefs.BackingStoreException: Couldn't get file lock.
2026-08-13 19:10:39,093 [ERROR] LogOutputStream:75 - [STDERR_REDIRECT] 
2026-08-13 19:11:09,092 [ERROR] LogOutputStream:75 - [STDERR_REDIRECT] Aug 13, 2026 7:11:09 PM java.util.prefs.FileSystemPreferences checkLockFile0ErrorCode
2026-08-13 19:11:09,092 [ERROR] LogOutputStream:75 - [STDERR_REDIRECT] WARNING: Could not lock System prefs. Unix error code 2.
2026-08-13 19:11:09,092 [ERROR] LogOutputStream:75 - [STDERR_REDIRECT] 
2026-08-13 19:11:09,093 [ERROR] LogOutputStream:75 - [STDERR_REDIRECT] Aug 13, 2026 7:11:09 PM java.util.prefs.FileSystemPreferences syncWorld
2026-08-13 19:11:09,093 [ERROR] LogOutputStream:75 - [STDERR_REDIRECT] WARNING: Couldn't flush system prefs: java.util.prefs.BackingStoreException: Couldn't get file lock.
2026-08-13 19:11:09,094 [ERROR] LogOutputStream:75 - [STDERR_REDIRECT] 
2026-08-13 19:11:39,092 [ERROR] LogOutputStream:75 - [STDERR_REDIRECT] Aug 13, 2026 7:11:39 PM java.util.prefs.FileSystemPreferences checkLockFile0ErrorCode
2026-08-13 19:11:39,092 [ERROR] LogOutputStream:75 - [STDERR_REDIRECT] WARNING: Could not lock System prefs. Unix error code 2.
2026-08-13 19:11:39,092 [ERROR] LogOutputStream:75 - [STDERR_REDIRECT] 
2026-08-13 19:11:39,093 [ERROR] LogOutputStream:75 - [STDERR_REDIRECT] Aug 13, 2026 7:11:39 PM java.util.prefs.FileSystemPreferences syncWorld
2026-08-13 19:11:39,093 [ERROR] LogOutputStream:75 - [STDERR_REDIRECT] WARNING: Couldn't flush system prefs: java.util.prefs.BackingStoreException: Couldn't get file lock.
2026-08-13 19:11:39,093 [ERROR] LogOutputStream:75 - [STDERR_REDIRECT] 
2026-08-13 19:12:09,092 [ERROR] LogOutputStream:75 - [STDERR_REDIRECT] Aug 13, 2026 7:12:09 PM java.util.prefs.FileSystemPreferences checkLockFile0ErrorCode
2026-08-13 19:12:09,092 [ERROR] LogOutputStream:75 - [STDERR_REDIRECT] WARNING: Could not lock System prefs. Unix error code 2.
2026-08-13 19:12:09,098 [ERROR] LogOutputStream:75 - [STDERR_REDIRECT] 
2026-08-13 19:12:09,098 [ERROR] LogOutputStream:75 - [STDERR_REDIRECT] Aug 13, 2026 7:12:09 PM java.util.prefs.FileSystemPreferences syncWorld
2026-08-13 19:12:09,098 [ERROR] LogOutputStream:75 - [STDERR_REDIRECT] WARNING: Couldn't flush system prefs: java.util.prefs.BackingStoreException: Couldn't get file lock.
2026-08-13 19:12:09,099 [ERROR] LogOutputStream:75 - [STDERR_REDIRECT] 
2026-08-13 19:12:39,091 [ERROR] LogOutputStream:75 - [STDERR_REDIRECT] Aug 13, 2026 7:12:39 PM java.util.prefs.FileSystemPreferences checkLockFile0ErrorCode
2026-08-13 19:12:39,092 [ERROR] LogOutputStream:75 - [STDERR_REDIRECT] WARNING: Could not lock System prefs. Unix error code 2.
2026-08-13 19:12:39,092 [ERROR] LogOutputStream:75 - [STDERR_REDIRECT] 
2026-08-13 19:12:39,093 [ERROR] LogOutputStream:75 - [STDERR_REDIRECT] Aug 13, 2026 7:12:39 PM java.util.prefs.FileSystemPreferences syncWorld
2026-08-13 19:12:39,093 [ERROR] LogOutputStream:75 - [STDERR_REDIRECT] WARNING: Couldn't flush system prefs: java.util.prefs.BackingStoreException: Couldn't get file lock.
2026-08-13 19:12:39,093 [ERROR] LogOutputStream:75 - [STDERR_REDIRECT] 
2026-08-13 19:13:09,091 [ERROR] LogOutputStream:75 - [STDERR_REDIRECT] Aug 13, 2026 7:13:09 PM java.util.prefs.FileSystemPreferences checkLockFile0ErrorCode
2026-08-13 19:13:09,091 [ERROR] LogOutputStream:75 - [STDERR_REDIRECT] WARNING: Could not lock System prefs. Unix error code 2.
2026-08-13 19:13:09,091 [ERROR] LogOutputStream:75 - [STDERR_REDIRECT] 
2026-08-13 19:13:09,091 [ERROR] LogOutputStream:75 - [STDERR_REDIRECT] Aug 13, 2026 7:13:09 PM java.util.prefs.FileSystemPreferences syncWorld
2026-08-13 19:13:09,092 [ERROR] LogOutputStream:75 - [STDERR_REDIRECT] WARNING: Couldn't flush system prefs: java.util.prefs.BackingStoreException: Couldn't get file lock.
2026-08-13 19:13:09,092 [ERROR] LogOutputStream:75 - [STDERR_REDIRECT] 
2026-08-13 19:13:39,090 [ERROR] LogOutputStream:75 - [STDERR_REDIRECT] Aug 13, 2026 7:13:39 PM java.util.prefs.FileSystemPreferences checkLockFile0ErrorCode
2026-08-13 19:13:39,090 [ERROR] LogOutputStream:75 - [STDERR_REDIRECT] WARNING: Could not lock System prefs. Unix error code 2.
2026-08-13 19:13:39,090 [ERROR] LogOutputStream:75 - [STDERR_REDIRECT] 
2026-08-13 19:13:39,090 [ERROR] LogOutputStream:75 - [STDERR_REDIRECT] Aug 13, 2026 7:13:39 PM java.util.prefs.FileSystemPreferences syncWorld
2026-08-13 19:13:39,090 [ERROR] LogOutputStream:75 - [STDERR_REDIRECT] WARNING: Couldn't flush system prefs: java.util.prefs.BackingStoreException: Couldn't get file lock.
2026-08-13 19:13:39,090 [ERROR] LogOutputStream:75 - [STDERR_REDIRECT] 
2026-08-13 19:14:09,092 [ERROR] LogOutputStream:75 - [STDERR_REDIRECT] Aug 13, 2026 7:14:09 PM java.util.prefs.FileSystemPreferences checkLockFile0ErrorCode
2026-08-13 19:14:09,092 [ERROR] LogOutputStream:75 - [STDERR_REDIRECT] WARNING: Could not lock System prefs. Unix error code 2.
2026-08-13 19:14:09,092 [ERROR] LogOutputStream:75 - [STDERR_REDIRECT] 
2026-08-13 19:14:09,092 [ERROR] LogOutputStream:75 - [STDERR_REDIRECT] Aug 13, 2026 7:14:09 PM java.util.prefs.FileSystemPreferences syncWorld
2026-08-13 19:14:09,093 [ERROR] LogOutputStream:75 - [STDERR_REDIRECT] WARNING: Couldn't flush system prefs: java.util.prefs.BackingStoreException: Couldn't get file lock.
2026-08-13 19:14:09,093 [ERROR] LogOutputStream:75 - [STDERR_REDIRECT] 
2026-08-13 19:14:39,091 [ERROR] LogOutputStream:75 - [STDERR_REDIRECT] Aug 13, 2026 7:14:39 PM java.util.prefs.FileSystemPreferences checkLockFile0ErrorCode
2026-08-13 19:14:39,091 [ERROR] LogOutputStream:75 - [STDERR_REDIRECT] WARNING: Could not lock System prefs. Unix error code 2.
2026-08-13 19:14:39,092 [ERROR] LogOutputStream:75 - [STDERR_REDIRECT] 
2026-08-13 19:14:39,092 [ERROR] LogOutputStream:75 - [STDERR_REDIRECT] Aug 13, 2026 7:14:39 PM java.util.prefs.FileSystemPreferences syncWorld
2026-08-13 19:14:39,092 [ERROR] LogOutputStream:75 - [STDERR_REDIRECT] WARNING: Couldn't flush system prefs: java.util.prefs.BackingStoreException: Couldn't get file lock.
2026-08-13 19:14:39,093 [ERROR] LogOutputStream:75 - [STDERR_REDIRECT] 
2026-08-13 19:15:09,091 [ERROR] LogOutputStream:75 - [STDERR_REDIRECT] Aug 13, 2026 7:15:09 PM java.util.prefs.FileSystemPreferences checkLockFile0ErrorCode
2026-08-13 19:15:09,091 [ERROR] LogOutputStream:75 - [STDERR_REDIRECT] WARNING: Could not lock System prefs. Unix error code 2.
2026-08-13 19:15:09,091 [ERROR] LogOutputStream:75 - [STDERR_REDIRECT] 
2026-08-13 19:15:09,092 [ERROR] LogOutputStream:75 - [STDERR_REDIRECT] Aug 13, 2026 7:15:09 PM java.util.prefs.FileSystemPreferences syncWorld
2026-08-13 19:15:09,092 [ERROR] LogOutputStream:75 - [STDERR_REDIRECT] WARNING: Couldn't flush system prefs: java.util.prefs.BackingStoreException: Couldn't get file lock.
2026-08-13 19:15:09,092 [ERROR] LogOutputStream:75 - [STDERR_REDIRECT] 
2026-08-13 19:15:39,091 [ERROR] LogOutputStream:75 - [STDERR_REDIRECT] Aug 13, 2026 7:15:39 PM java.util.prefs.FileSystemPreferences checkLockFile0ErrorCode
2026-08-13 19:15:39,092 [ERROR] LogOutputStream:75 - [STDERR_REDIRECT] WARNING: Could not lock System prefs. Unix error code 2.
2026-08-13 19:15:39,092 [ERROR] LogOutputStream:75 - [STDERR_REDIRECT] 
2026-08-13 19:15:39,092 [ERROR] LogOutputStream:75 - [STDERR_REDIRECT] Aug 13, 2026 7:15:39 PM java.util.prefs.FileSystemPreferences syncWorld
2026-08-13 19:15:39,093 [ERROR] LogOutputStream:75 - [STDERR_REDIRECT] WARNING: Couldn't flush system prefs: java.util.prefs.BackingStoreException: Couldn't get file lock.
2026-08-13 19:15:39,093 [ERROR] LogOutputStream:75 - [STDERR_REDIRECT] 
2026-08-13 19:16:09,091 [ERROR] LogOutputStream:75 - [STDERR_REDIRECT] Aug 13, 2026 7:16:09 PM java.util.prefs.FileSystemPreferences checkLockFile0ErrorCode
2026-08-13 19:16:09,092 [ERROR] LogOutputStream:75 - [STDERR_REDIRECT] WARNING: Could not lock System prefs. Unix error code 2.
2026-08-13 19:16:09,092 [ERROR] LogOutputStream:75 - [STDERR_REDIRECT] 
2026-08-13 19:16:09,092 [ERROR] LogOutputStream:75 - [STDERR_REDIRECT] Aug 13, 2026 7:16:09 PM java.util.prefs.FileSystemPreferences syncWorld
2026-08-13 19:16:09,093 [ERROR] LogOutputStream:75 - [STDERR_REDIRECT] WARNING: Couldn't flush system prefs: java.util.prefs.BackingStoreException: Couldn't get file lock.
2026-08-13 19:16:09,093 [ERROR] LogOutputStream:75 - [STDERR_REDIRECT] 
2026-08-13 19:16:39,091 [ERROR] LogOutputStream:75 - [STDERR_REDIRECT] Aug 13, 2026 7:16:39 PM java.util.prefs.FileSystemPreferences checkLockFile0ErrorCode
2026-08-13 19:16:39,092 [ERROR] LogOutputStream:75 - [STDERR_REDIRECT] WARNING: Could not lock System prefs. Unix error code 2.
2026-08-13 19:16:39,092 [ERROR] LogOutputStream:75 - [STDERR_REDIRECT] 
2026-08-13 19:16:39,092 [ERROR] LogOutputStream:75 - [STDERR_REDIRECT] Aug 13, 2026 7:16:39 PM java.util.prefs.FileSystemPreferences syncWorld
2026-08-13 19:16:39,093 [ERROR] LogOutputStream:75 - [STDERR_REDIRECT] WARNING: Couldn't flush system prefs: java.util.prefs.BackingStoreException: Couldn't get file lock.
2026-08-13 19:16:39,093 [ERROR] LogOutputStream:75 - [STDERR_REDIRECT] 
2026-08-13 19:17:09,091 [ERROR] LogOutputStream:75 - [STDERR_REDIRECT] Aug 13, 2026 7:17:09 PM java.util.prefs.FileSystemPreferences checkLockFile0ErrorCode
2026-08-13 19:17:09,092 [ERROR] LogOutputStream:75 - [STDERR_REDIRECT] WARNING: Could not lock System prefs. Unix error code 2.
2026-08-13 19:17:09,092 [ERROR] LogOutputStream:75 - [STDERR_REDIRECT] 
2026-08-13 19:17:09,092 [ERROR] LogOutputStream:75 - [STDERR_REDIRECT] Aug 13, 2026 7:17:09 PM java.util.prefs.FileSystemPreferences syncWorld
2026-08-13 19:17:09,093 [ERROR] LogOutputStream:75 - [STDERR_REDIRECT] WARNING: Couldn't flush system prefs: java.util.prefs.BackingStoreException: Couldn't get file lock.
2026-08-13 19:17:09,093 [ERROR] LogOutputStream:75 - [STDERR_REDIRECT] 
2026-08-13 19:17:39,091 [ERROR] LogOutputStream:75 - [STDERR_REDIRECT] Aug 13, 2026 7:17:39 PM java.util.prefs.FileSystemPreferences checkLockFile0ErrorCode
2026-08-13 19:17:39,092 [ERROR] LogOutputStream:75 - [STDERR_REDIRECT] WARNING: Could not lock System prefs. Unix error code 2.
2026-08-13 19:17:39,092 [ERROR] LogOutputStream:75 - [STDERR_REDIRECT] 
2026-08-13 19:17:39,092 [ERROR] LogOutputStream:75 - [STDERR_REDIRECT] Aug 13, 2026 7:17:39 PM java.util.prefs.FileSystemPreferences syncWorld
2026-08-13 19:17:39,093 [ERROR] LogOutputStream:75 - [STDERR_REDIRECT] WARNING: Couldn't flush system prefs: java.util.prefs.BackingStoreException: Couldn't get file lock.
2026-08-13 19:17:39,093 [ERROR] LogOutputStream:75 - [STDERR_REDIRECT] 
2026-08-13 19:18:09,091 [ERROR] LogOutputStream:75 - [STDERR_REDIRECT] Aug 13, 2026 7:18:09 PM java.util.prefs.FileSystemPreferences checkLockFile0ErrorCode
2026-08-13 19:18:09,092 [ERROR] LogOutputStream:75 - [STDERR_REDIRECT] WARNING: Could not lock System prefs. Unix error code 2.
2026-08-13 19:18:09,092 [ERROR] LogOutputStream:75 - [STDERR_REDIRECT] 
2026-08-13 19:18:09,092 [ERROR] LogOutputStream:75 - [STDERR_REDIRECT] Aug 13, 2026 7:18:09 PM java.util.prefs.FileSystemPreferences syncWorld
2026-08-13 19:18:09,093 [ERROR] LogOutputStream:75 - [STDERR_REDIRECT] WARNING: Couldn't flush system prefs: java.util.prefs.BackingStoreException: Couldn't get file lock.
2026-08-13 19:18:09,093 [ERROR] LogOutputStream:75 - [STDERR_REDIRECT] 
2026-08-13 19:18:39,091 [ERROR] LogOutputStream:75 - [STDERR_REDIRECT] Aug 13, 2026 7:18:39 PM java.util.prefs.FileSystemPreferences checkLockFile0ErrorCode
2026-08-13 19:18:39,092 [ERROR] LogOutputStream:75 - [STDERR_REDIRECT] WARNING: Could not lock System prefs. Unix error code 2.
2026-08-13 19:18:39,092 [ERROR] LogOutputStream:75 - [STDERR_REDIRECT] 
2026-08-13 19:18:39,092 [ERROR] LogOutputStream:75 - [STDERR_REDIRECT] Aug 13, 2026 7:18:39 PM java.util.prefs.FileSystemPreferences syncWorld
2026-08-13 19:18:39,093 [ERROR] LogOutputStream:75 - [STDERR_REDIRECT] WARNING: Couldn't flush system prefs: java.util.prefs.BackingStoreException: Couldn't get file lock.
2026-08-13 19:18:39,093 [ERROR] LogOutputStream:75 - [STDERR_REDIRECT] 
2026-08-13 19:19:09,091 [ERROR] LogOutputStream:75 - [STDERR_REDIRECT] Aug 13, 2026 7:19:09 PM java.util.prefs.FileSystemPreferences checkLockFile0ErrorCode
2026-08-13 19:19:09,092 [ERROR] LogOutputStream:75 - [STDERR_REDIRECT] WARNING: Could not lock System prefs. Unix error code 2.
2026-08-13 19:19:09,092 [ERROR] LogOutputStream:75 - [STDERR_REDIRECT] 
2026-08-13 19:19:09,092 [ERROR] LogOutputStream:75 - [STDERR_REDIRECT] Aug 13, 2026 7:19:09 PM java.util.prefs.FileSystemPreferences syncWorld
2026-08-13 19:19:09,092 [ERROR] LogOutputStream:75 - [STDERR_REDIRECT] WARNING: Couldn't flush system prefs: java.util.prefs.BackingStoreException: Couldn't get file lock.
2026-08-13 19:19:09,093 [ERROR] LogOutputStream:75 - [STDERR_REDIRECT] 
2026-08-13 19:19:39,091 [ERROR] LogOutputStream:75 - [STDERR_REDIRECT] Aug 13, 2026 7:19:39 PM java.util.prefs.FileSystemPreferences checkLockFile0ErrorCode
2026-08-13 19:19:39,091 [ERROR] LogOutputStream:75 - [STDERR_REDIRECT] WARNING: Could not lock System prefs. Unix error code 2.
2026-08-13 19:19:39,091 [ERROR] LogOutputStream:75 - [STDERR_REDIRECT] 
2026-08-13 19:19:39,092 [ERROR] LogOutputStream:75 - [STDERR_REDIRECT] Aug 13, 2026 7:19:39 PM java.util.prefs.FileSystemPreferences syncWorld
2026-08-13 19:19:39,092 [ERROR] LogOutputStream:75 - [STDERR_REDIRECT] WARNING: Couldn't flush system prefs: java.util.prefs.BackingStoreException: Couldn't get file lock.
2026-08-13 19:19:39,092 [ERROR] LogOutputStream:75 - [STDERR_REDIRECT] 
2026-08-13 19:20:09,091 [ERROR] LogOutputStream:75 - [STDERR_REDIRECT] Aug 13, 2026 7:20:09 PM java.util.prefs.FileSystemPreferences checkLockFile0ErrorCode
2026-08-13 19:20:09,091 [ERROR] LogOutputStream:75 - [STDERR_REDIRECT] WARNING: Could not lock System prefs. Unix error code 2.
2026-08-13 19:20:09,091 [ERROR] LogOutputStream:75 - [STDERR_REDIRECT] 
2026-08-13 19:20:09,092 [ERROR] LogOutputStream:75 - [STDERR_REDIRECT] Aug 13, 2026 7:20:09 PM java.util.prefs.FileSystemPreferences syncWorld
2026-08-13 19:20:09,092 [ERROR] LogOutputStream:75 - [STDERR_REDIRECT] WARNING: Couldn't flush system prefs: java.util.prefs.BackingStoreException: Couldn't get file lock.
2026-08-13 19:20:09,092 [ERROR] LogOutputStream:75 - [STDERR_REDIRECT] 
2026-08-13 19:20:14,639 [INFO] WebApp:194 - Connection lost
2026-08-13 19:20:39,092 [ERROR] LogOutputStream:75 - [STDERR_REDIRECT] Aug 13, 2026 7:20:39 PM java.util.prefs.FileSystemPreferences checkLockFile0ErrorCode
2026-08-13 19:20:39,092 [ERROR] LogOutputStream:75 - [STDERR_REDIRECT] WARNING: Could not lock System prefs. Unix error code 2.
2026-08-13 19:20:39,093 [ERROR] LogOutputStream:75 - [STDERR_REDIRECT] 
2026-08-13 19:20:39,093 [ERROR] LogOutputStream:75 - [STDERR_REDIRECT] Aug 13, 2026 7:20:39 PM java.util.prefs.FileSystemPreferences syncWorld
2026-08-13 19:20:39,093 [ERROR] LogOutputStream:75 - [STDERR_REDIRECT] WARNING: Couldn't flush system prefs: java.util.prefs.BackingStoreException: Couldn't get file lock.
2026-08-13 19:20:39,093 [ERROR] LogOutputStream:75 - [STDERR_REDIRECT] 
2026-08-13 19:21:09,091 [ERROR] LogOutputStream:75 - [STDERR_REDIRECT] Aug 13, 2026 7:21:09 PM java.util.prefs.FileSystemPreferences checkLockFile0ErrorCode
2026-08-13 19:21:09,091 [ERROR] LogOutputStream:75 - [STDERR_REDIRECT] WARNING: Could not lock System prefs. Unix error code 2.
2026-08-13 19:21:09,091 [ERROR] LogOutputStream:75 - [STDERR_REDIRECT] 
2026-08-13 19:21:09,092 [ERROR] LogOutputStream:75 - [STDERR_REDIRECT] Aug 13, 2026 7:21:09 PM java.util.prefs.FileSystemPreferences syncWorld
2026-08-13 19:21:09,092 [ERROR] LogOutputStream:75 - [STDERR_REDIRECT] WARNING: Couldn't flush system prefs: java.util.prefs.BackingStoreException: Couldn't get file lock.
2026-08-13 19:21:09,092 [ERROR] LogOutputStream:75 - [STDERR_REDIRECT] 
2026-08-13 19:21:39,091 [ERROR] LogOutputStream:75 - [STDERR_REDIRECT] Aug 13, 2026 7:21:39 PM java.util.prefs.FileSystemPreferences checkLockFile0ErrorCode
2026-08-13 19:21:39,091 [ERROR] LogOutputStream:75 - [STDERR_REDIRECT] WARNING: Could not lock System prefs. Unix error code 2.
2026-08-13 19:21:39,092 [ERROR] LogOutputStream:75 - [STDERR_REDIRECT] 
2026-08-13 19:21:39,092 [ERROR] LogOutputStream:75 - [STDERR_REDIRECT] Aug 13, 2026 7:21:39 PM java.util.prefs.FileSystemPreferences syncWorld
2026-08-13 19:21:39,092 [ERROR] LogOutputStream:75 - [STDERR_REDIRECT] WARNING: Couldn't flush system prefs: java.util.prefs.BackingStoreException: Couldn't get file lock.
2026-08-13 19:21:39,092 [ERROR] LogOutputStream:75 - [STDERR_REDIRECT] 
2026-08-13 19:22:04,037 [ERROR] ConfigurationRetriever:142 - IOException on connection: sw-center.st.com
2026-08-13 19:22:04,038 [ERROR] ConfigurationRetriever:142 - IOException on connection: sw-center.st.com
2026-08-13 19:22:04,038 [ERROR] ConfigurationRetriever:142 - IOException on connection: sw-center.st.com
2026-08-13 19:22:04,455 [ERROR] LogOutputStream:75 - [STDERR_REDIRECT] 
2026-08-13 19:22:04,456 [ERROR] LogOutputStream:75 - [STDERR_REDIRECT] 
2026-08-13 22:23:19,874 [INFO] Activator:176 - 


2026-08-13 22:23:19,875 [INFO] Activator:177 - !SESSION log4j initialized
2026-08-13 22:23:22,736 [INFO] LogOutputStream:77 - [STDOUT_REDIRECT] 
2026-08-13 22:23:23,283 [INFO] ApplicationProperties:184 - Using Application install path: /opt/st/stm32cubeide_1.18.0/plugins/com.st.stm32cube.common.mx_6.14.0.202502271554
2026-08-13 22:23:23,294 [INFO] DbMcusXml:78 - Set database path to: /opt/st/stm32cubeide_1.18.0/plugins/com.st.stm32cube.common.mx_6.14.0.202502271554//db//mcu/
2026-08-13 22:23:23,294 [INFO] ApiDb:274 - Set plugin database path to: /opt/st/stm32cubeide_1.18.0/plugins/com.st.stm32cube.common.mx_6.14.0.202502271554//db//plugins/boardmanager/
2026-08-13 22:23:23,295 [WARN] ApiDb:259 - Overriding images path with different value:  => /opt/st/stm32cubeide_1.18.0/plugins/com.st.stm32cube.common.mx_6.14.0.202502271554//db//plugins/mcufinder/images/
2026-08-13 22:23:23,300 [INFO] ApiDb:250 - Set database path to: /home/thuy/.stmcufinder/plugins/mcufinder//mcu/
2026-08-13 22:23:23,300 [INFO] DbMcusAds:125 - Set database path to: /home/thuy/.stmcufinder/plugins/mcufinder//mcu/
2026-08-13 22:23:23,302 [INFO] CrossReferenceDbSqlite:203 - Set database path to: /home/thuy/.stmcufinder/plugins/mcufinder//mcu/cs/
2026-08-13 22:23:23,374 [INFO] RulesReader:64 - Compatibility file has been processed (301 Rules)
2026-08-13 22:23:23,414 [INFO] DbMcusXml:78 - Set database path to: /opt/st/stm32cubeide_1.18.0/plugins/com.st.stm32cube.common.mx_6.14.0.202502271554//db//mcu/
2026-08-13 22:23:23,414 [INFO] ApiDb:274 - Set plugin database path to: /opt/st/stm32cubeide_1.18.0/plugins/com.st.stm32cube.common.mx_6.14.0.202502271554//db//plugins/boardmanager/
2026-08-13 22:23:23,414 [INFO] ApiDb:261 - Set plugin images path to: /opt/st/stm32cubeide_1.18.0/plugins/com.st.stm32cube.common.mx_6.14.0.202502271554//db//plugins/mcufinder/images/
2026-08-13 22:23:23,414 [WARN] DbFile:41 - Overriding database path with different value: /home/thuy/.stmcufinder/plugins/mcufinder/ => /home/thuy/.stmcufinder/plugins/mcufinder
2026-08-13 22:23:23,414 [INFO] ApiDb:250 - Set database path to: /home/thuy/.stmcufinder/plugins/mcufinder//mcu/
2026-08-13 22:23:23,414 [WARN] DbFile:41 - Overriding database path with different value: /home/thuy/.stmcufinder/plugins/mcufinder/ => /home/thuy/.stmcufinder/plugins/mcufinder
2026-08-13 22:23:23,414 [INFO] DbMcusAds:125 - Set database path to: /home/thuy/.stmcufinder/plugins/mcufinder//mcu/
2026-08-13 22:23:23,414 [WARN] DbFile:41 - Overriding database path with different value: /home/thuy/.stmcufinder/plugins/mcufinder/ => /home/thuy/.stmcufinder/plugins/mcufinder
2026-08-13 22:23:23,415 [WARN] DbFile:41 - Overriding database path with different value: /home/thuy/.stmcufinder/plugins/mcufinder/ => /home/thuy/.stmcufinder/plugins/mcufinder
2026-08-13 22:23:23,415 [INFO] CrossReferenceDbSqlite:203 - Set database path to: /home/thuy/.stmcufinder/plugins/mcufinder//mcu/cs/
2026-08-13 22:23:23,460 [INFO] MainPanel:272 - HeapMemory: 268435456
2026-08-13 22:23:23,550 [INFO] DbMcusXml:78 - Set database path to: /opt/st/stm32cubeide_1.18.0/plugins/com.st.stm32cube.common.mx_6.14.0.202502271554//db//mcu/
2026-08-13 22:23:23,550 [INFO] ApiDb:274 - Set plugin database path to: /opt/st/stm32cubeide_1.18.0/plugins/com.st.stm32cube.common.mx_6.14.0.202502271554//db//plugins/boardmanager/
2026-08-13 22:23:23,550 [INFO] ApiDb:261 - Set plugin images path to: /opt/st/stm32cubeide_1.18.0/plugins/com.st.stm32cube.common.mx_6.14.0.202502271554//db//plugins/mcufinder/images/
2026-08-13 22:23:23,550 [WARN] DbFile:41 - Overriding database path with different value: /home/thuy/.stmcufinder/plugins/mcufinder/ => /home/thuy/.stmcufinder/plugins/mcufinder
2026-08-13 22:23:23,550 [INFO] ApiDb:250 - Set database path to: /home/thuy/.stmcufinder/plugins/mcufinder//mcu/
2026-08-13 22:23:23,550 [WARN] DbFile:41 - Overriding database path with different value: /home/thuy/.stmcufinder/plugins/mcufinder/ => /home/thuy/.stmcufinder/plugins/mcufinder
2026-08-13 22:23:23,550 [INFO] DbMcusAds:125 - Set database path to: /home/thuy/.stmcufinder/plugins/mcufinder//mcu/
2026-08-13 22:23:23,550 [WARN] DbFile:41 - Overriding database path with different value: /home/thuy/.stmcufinder/plugins/mcufinder/ => /home/thuy/.stmcufinder/plugins/mcufinder
2026-08-13 22:23:23,550 [WARN] DbFile:41 - Overriding database path with different value: /home/thuy/.stmcufinder/plugins/mcufinder/ => /home/thuy/.stmcufinder/plugins/mcufinder
2026-08-13 22:23:23,550 [INFO] CrossReferenceDbSqlite:203 - Set database path to: /home/thuy/.stmcufinder/plugins/mcufinder//mcu/cs/
2026-08-13 22:23:23,560 [INFO] ApplicationProperties:184 - Using Application install path: /opt/st/stm32cubeide_1.18.0/plugins/com.st.stm32cube.common.mx_6.14.0.202502271554
2026-08-13 22:23:23,561 [INFO] PluginManage:196 - Search for loadable plugins [exclusion list=, ]
2026-08-13 22:23:23,562 [INFO] PluginManage:310 - Check plugin analytics
2026-08-13 22:23:23,657 [INFO] AnalyticsPlugin:253 - Accepted Software Licenses: STM32CubeMX.6.17.0
2026-08-13 22:23:23,657 [INFO] AnalyticsPlugin:255 - Accepted CMSIS Pack Licenses: 
2026-08-13 22:23:23,657 [INFO] AnalyticsPlugin:257 - Accepted Firmware Licenses: FW.F1.1.8.7,FW.F4.1.28.0,FW.F4.1.28.3
2026-08-13 22:23:23,658 [INFO] PluginManage:359 - Loaded plugin analytics (category:tool,tabindex:-1)
2026-08-13 22:23:23,659 [INFO] PluginManage:310 - Check plugin cadmodel
2026-08-13 22:23:23,662 [INFO] CADModel:105 - Init CAD model plugin
2026-08-13 22:23:23,662 [INFO] PluginManage:359 - Loaded plugin cadmodel (category:power,tabindex:5)
2026-08-13 22:23:23,662 [INFO] PluginManage:310 - Check plugin clock
2026-08-13 22:23:23,668 [INFO] PluginManage:359 - Loaded plugin clock (category:base,tabindex:2)
2026-08-13 22:23:23,668 [INFO] PluginManage:310 - Check plugin ddr
2026-08-13 22:23:23,670 [INFO] PluginManage:359 - Loaded plugin ddr (category:tool,tabindex:6)
2026-08-13 22:23:23,670 [INFO] PluginManage:310 - Check plugin filemanager
2026-08-13 22:23:23,759 [INFO] PluginManage:359 - Loaded plugin filemanager (category:base,tabindex:10)
2026-08-13 22:23:23,759 [INFO] PluginManage:310 - Check plugin ipmanager
2026-08-13 22:23:23,762 [INFO] PluginManage:359 - Loaded plugin ipmanager (category:base,tabindex:5)
2026-08-13 22:23:23,763 [INFO] PluginManage:310 - Check plugin lpbam
2026-08-13 22:23:23,769 [INFO] PluginManage:359 - Loaded plugin lpbam (category:base,tabindex:0)
2026-08-13 22:23:23,769 [INFO] PluginManage:310 - Check plugin memorymap
2026-08-13 22:23:23,777 [INFO] PluginManage:359 - Loaded plugin memorymap (category:base,tabindex:4)
2026-08-13 22:23:23,777 [INFO] PluginManage:310 - Check plugin pinoutandconfiguration
2026-08-13 22:23:23,782 [INFO] PluginManage:359 - Loaded plugin pinoutandconfiguration (category:base,tabindex:1)
2026-08-13 22:23:23,782 [INFO] PluginManage:310 - Check plugin pinoutconfig
2026-08-13 22:23:23,830 [WARN] SupportedApi:132 - Cannot load RTOS API schema: s4s-elt-must-match.1: The content of 'definitions' must match (annotation?, (simpleType | complexType)?, (unique | key | keyref)*)). A problem was found starting at: attribute.
2026-08-13 22:23:23,903 [INFO] PluginManage:359 - Loaded plugin pinoutconfig (category:base,tabindex:0)
2026-08-13 22:23:23,904 [INFO] PluginManage:310 - Check plugin power
2026-08-13 22:23:23,910 [INFO] PluginManage:359 - Loaded plugin power (category:power,tabindex:4)
2026-08-13 22:23:23,910 [INFO] PluginManage:310 - Check plugin projectmanager
2026-08-13 22:23:23,919 [INFO] PluginManage:359 - Loaded plugin projectmanager (category:projectmanager,tabindex:4)
2026-08-13 22:23:23,919 [INFO] PluginManage:310 - Check plugin rif
2026-08-13 22:23:23,924 [INFO] PluginManage:359 - Loaded plugin rif (category:base,tabindex:3)
2026-08-13 22:23:23,924 [INFO] PluginManage:310 - Check plugin thirdparty
2026-08-13 22:23:23,990 [INFO] PluginManage:359 - Loaded plugin thirdparty (category:base,tabindex:-1)
2026-08-13 22:23:23,990 [WARN] IntegrityCheckThread:84 - waiting for thirdparty lock release [integrity check]
2026-08-13 22:23:23,990 [INFO] PluginManage:310 - Check plugin tools
2026-08-13 22:23:23,990 [INFO] IntegrityCheckThread:86 - entering critical section [integrity check]
2026-08-13 22:23:23,990 [INFO] ThirdPartyUpdaterWithRetryManager:70 - Updater plugin not ready yet. [1/15]
2026-08-13 22:23:23,992 [INFO] PluginManage:359 - Loaded plugin tools (category:base,tabindex:7)
2026-08-13 22:23:23,992 [INFO] PluginManage:310 - Check plugin tutovideos
2026-08-13 22:23:24,104 [INFO] PluginManage:359 - Loaded plugin tutovideos (category:base,tabindex:-1)
2026-08-13 22:23:24,104 [INFO] PluginManage:310 - Check plugin updater
2026-08-13 22:23:24,122 [INFO] PluginManage:359 - Loaded plugin updater (category:base,tabindex:12)
2026-08-13 22:23:24,122 [INFO] PluginManage:310 - Check plugin userauth
2026-08-13 22:23:24,125 [INFO] UserAuth:118 - Init User Auth plugin
2026-08-13 22:23:24,126 [INFO] PluginManage:359 - Loaded plugin userauth (category:base,tabindex:14)
2026-08-13 22:23:24,126 [INFO] PluginManage:283 - PluginManage : Loaded plugins [18]
2026-08-13 22:23:24,251 [INFO] PinOutPanel:1589 - setPackage(No Configuration,No Configuration)
2026-08-13 22:23:24,294 [INFO] CADModel:165 - CPN selected for project level
2026-08-13 22:23:24,294 [INFO] CADModel:114 - Register for checkConnection events
2026-08-13 22:23:24,303 [INFO] IPUIPlugin:80 - create IPUIPlugin
2026-08-13 22:23:24,303 [INFO] PluginManager:220 - loadIPPluginJar : add freertos
2026-08-13 22:23:24,304 [INFO] IPUIPlugin:80 - create IPUIPlugin
2026-08-13 22:23:24,304 [INFO] PluginManager:220 - loadIPPluginJar : add quadspi
2026-08-13 22:23:24,307 [INFO] IPUIPlugin:80 - create IPUIPlugin
2026-08-13 22:23:24,307 [INFO] PluginManager:220 - loadIPPluginJar : add i2s
2026-08-13 22:23:24,309 [INFO] IPUIPlugin:80 - create IPUIPlugin
2026-08-13 22:23:24,309 [INFO] PluginManager:220 - loadIPPluginJar : add touchsensing
2026-08-13 22:23:24,312 [INFO] IPUIPlugin:80 - create IPUIPlugin
2026-08-13 22:23:24,312 [INFO] PluginManager:220 - loadIPPluginJar : add ipddr
2026-08-13 22:23:24,313 [INFO] IPUIPlugin:80 - create IPUIPlugin
2026-08-13 22:23:24,313 [INFO] PluginManager:220 - loadIPPluginJar : add pdm2pcm
2026-08-13 22:23:24,314 [INFO] IPUIPlugin:80 - create IPUIPlugin
2026-08-13 22:23:24,314 [INFO] PluginManager:220 - loadIPPluginJar : add dfsdm
2026-08-13 22:23:24,319 [INFO] IPUIPlugin:80 - create IPUIPlugin
2026-08-13 22:23:24,319 [INFO] PluginManager:220 - loadIPPluginJar : add stm32_wpan
2026-08-13 22:23:24,321 [INFO] IPUIPlugin:80 - create IPUIPlugin
2026-08-13 22:23:24,321 [INFO] PluginManager:220 - loadIPPluginJar : add nvic
2026-08-13 22:23:24,324 [INFO] IPUIPlugin:80 - create IPUIPlugin
2026-08-13 22:23:24,325 [INFO] PluginManager:220 - loadIPPluginJar : add gpio
2026-08-13 22:23:24,326 [INFO] IPUIPlugin:80 - create IPUIPlugin
2026-08-13 22:23:24,326 [INFO] PluginManager:220 - loadIPPluginJar : add usbx
2026-08-13 22:23:24,328 [INFO] IPUIPlugin:80 - create IPUIPlugin
2026-08-13 22:23:24,328 [INFO] PluginManager:220 - loadIPPluginJar : add sai
2026-08-13 22:23:24,329 [INFO] IPUIPlugin:80 - create IPUIPlugin
2026-08-13 22:23:24,329 [INFO] PluginManager:220 - loadIPPluginJar : add fatfs
2026-08-13 22:23:24,330 [INFO] IPUIPlugin:80 - create IPUIPlugin
2026-08-13 22:23:24,330 [INFO] PluginManager:220 - loadIPPluginJar : add opamp
2026-08-13 22:23:24,332 [INFO] IPUIPlugin:80 - create IPUIPlugin
2026-08-13 22:23:24,332 [INFO] PluginManager:220 - loadIPPluginJar : add spi
2026-08-13 22:23:24,332 [INFO] IPUIPlugin:80 - create IPUIPlugin
2026-08-13 22:23:24,333 [INFO] PluginManager:220 - loadIPPluginJar : add tsc
2026-08-13 22:23:24,335 [INFO] IPUIPlugin:80 - create IPUIPlugin
2026-08-13 22:23:24,335 [INFO] PluginManager:220 - loadIPPluginJar : add resmgrutility
2026-08-13 22:23:24,336 [INFO] IPUIPlugin:80 - create IPUIPlugin
2026-08-13 22:23:24,336 [INFO] PluginManager:220 - loadIPPluginJar : add can
2026-08-13 22:23:24,338 [INFO] IPUIPlugin:80 - create IPUIPlugin
2026-08-13 22:23:24,338 [INFO] PluginManager:220 - loadIPPluginJar : add ts
2026-08-13 22:23:24,341 [INFO] IPUIPlugin:80 - create IPUIPlugin
2026-08-13 22:23:24,343 [INFO] PluginManager:220 - loadIPPluginJar : add plateformsettings
2026-08-13 22:23:24,344 [INFO] IPUIPlugin:80 - create IPUIPlugin
2026-08-13 22:23:24,345 [INFO] PluginManager:220 - loadIPPluginJar : add tracer_emb
2026-08-13 22:23:24,346 [INFO] IPUIPlugin:80 - create IPUIPlugin
2026-08-13 22:23:24,346 [INFO] PluginManager:220 - loadIPPluginJar : add hash
2026-08-13 22:23:24,348 [INFO] IPUIPlugin:80 - create IPUIPlugin
2026-08-13 22:23:24,348 [INFO] PluginManager:220 - loadIPPluginJar : add i2c
2026-08-13 22:23:24,349 [INFO] IPUIPlugin:80 - create IPUIPlugin
2026-08-13 22:23:24,349 [INFO] PluginManager:220 - loadIPPluginJar : add i3c
2026-08-13 22:23:24,354 [INFO] IPUIPlugin:80 - create IPUIPlugin
2026-08-13 22:23:24,354 [INFO] PluginManager:220 - loadIPPluginJar : add adc
2026-08-13 22:23:24,355 [INFO] IPUIPlugin:80 - create IPUIPlugin
2026-08-13 22:23:24,355 [INFO] PluginManager:220 - loadIPPluginJar : add ltdc
2026-08-13 22:23:24,359 [INFO] IPUIPlugin:80 - create IPUIPlugin
2026-08-13 22:23:24,359 [INFO] PluginManager:220 - loadIPPluginJar : add mdma
2026-08-13 22:23:24,361 [INFO] IPUIPlugin:80 - create IPUIPlugin
2026-08-13 22:23:24,361 [INFO] PluginManager:220 - loadIPPluginJar : add aes
2026-08-13 22:23:24,363 [INFO] IPUIPlugin:80 - create IPUIPlugin
2026-08-13 22:23:24,363 [INFO] PluginManager:220 - loadIPPluginJar : add fmc
2026-08-13 22:23:24,364 [INFO] IPUIPlugin:80 - create IPUIPlugin
2026-08-13 22:23:24,365 [INFO] PluginManager:220 - loadIPPluginJar : add radio
2026-08-13 22:23:24,366 [INFO] IPUIPlugin:80 - create IPUIPlugin
2026-08-13 22:23:24,366 [INFO] PluginManager:220 - loadIPPluginJar : add cryp
2026-08-13 22:23:24,368 [INFO] IPUIPlugin:80 - create IPUIPlugin
2026-08-13 22:23:24,368 [INFO] PluginManager:220 - loadIPPluginJar : add openamp
2026-08-13 22:23:24,368 [INFO] IPUIPlugin:80 - create IPUIPlugin
2026-08-13 22:23:24,368 [INFO] PluginManager:220 - loadIPPluginJar : add comp
2026-08-13 22:23:24,369 [INFO] IPUIPlugin:80 - create IPUIPlugin
2026-08-13 22:23:24,370 [INFO] PluginManager:220 - loadIPPluginJar : add gfxmmu
2026-08-13 22:23:24,372 [INFO] IPUIPlugin:80 - create IPUIPlugin
2026-08-13 22:23:24,372 [INFO] PluginManager:220 - loadIPPluginJar : add gtzc
2026-08-13 22:23:24,375 [INFO] IPUIPlugin:80 - create IPUIPlugin
2026-08-13 22:23:24,375 [INFO] PluginManager:220 - loadIPPluginJar : add gic
2026-08-13 22:23:24,377 [INFO] IPUIPlugin:80 - create IPUIPlugin
2026-08-13 22:23:24,377 [INFO] PluginManager:220 - loadIPPluginJar : add lorawan
2026-08-13 22:23:24,378 [INFO] IPUIPlugin:80 - create IPUIPlugin
2026-08-13 22:23:24,378 [INFO] PluginManager:220 - loadIPPluginJar : add usart
2026-08-13 22:23:24,379 [INFO] IPUIPlugin:80 - create IPUIPlugin
2026-08-13 22:23:24,380 [INFO] PluginManager:220 - loadIPPluginJar : add tim
2026-08-13 22:23:24,381 [INFO] IPUIPlugin:80 - create IPUIPlugin
2026-08-13 22:23:24,382 [INFO] PluginManager:220 - loadIPPluginJar : add ddr_ctrl_phy
2026-08-13 22:23:24,383 [INFO] IPUIPlugin:80 - create IPUIPlugin
2026-08-13 22:23:24,383 [INFO] PluginManager:220 - loadIPPluginJar : add extmemmanager
2026-08-13 22:23:24,385 [INFO] IPUIPlugin:80 - create IPUIPlugin
2026-08-13 22:23:24,385 [INFO] PluginManager:220 - loadIPPluginJar : add dma3
2026-08-13 22:23:24,386 [INFO] IPUIPlugin:80 - create IPUIPlugin
2026-08-13 22:23:24,386 [INFO] PluginManager:220 - loadIPPluginJar : add ucpd
2026-08-13 22:23:24,390 [INFO] IPUIPlugin:80 - create IPUIPlugin
2026-08-13 22:23:24,390 [INFO] PluginManager:220 - loadIPPluginJar : add dma
2026-08-13 22:23:24,391 [INFO] IPUIPlugin:80 - create IPUIPlugin
2026-08-13 22:23:24,391 [INFO] PluginManager:220 - loadIPPluginJar : add genericplugin
2026-08-13 22:23:24,396 [INFO] IPUIPlugin:80 - create IPUIPlugin
2026-08-13 22:23:24,396 [INFO] PluginManager:220 - loadIPPluginJar : add linkedlist
2026-08-13 22:23:24,487 [FATAL] Updater:351 - Updater called before beeing initialized
2026-08-13 22:23:24,512 [INFO] RulesReader:64 - Compatibility file has been processed (301 Rules)
2026-08-13 22:23:24,517 [INFO] RulesReader:64 - Compatibility file has been processed (301 Rules)
2026-08-13 22:23:24,521 [INFO] CADModel:165 - CPN selected for project level
2026-08-13 22:23:24,522 [INFO] CADModel:114 - Register for checkConnection events
2026-08-13 22:23:24,522 [FATAL] Updater:351 - Updater called before beeing initialized
2026-08-13 22:23:24,522 [ERROR] CADModel:125 - Updater not yet initialized, retry later 
2026-08-13 22:23:24,597 [FATAL] Updater:351 - Updater called before beeing initialized
2026-08-13 22:23:24,598 [INFO] CADModel:165 - CPN selected for project level
2026-08-13 22:23:24,598 [INFO] CADModel:114 - Register for checkConnection events
2026-08-13 22:23:24,598 [FATAL] Updater:351 - Updater called before beeing initialized
2026-08-13 22:23:24,598 [ERROR] CADModel:125 - Updater not yet initialized, retry later 
2026-08-13 22:23:24,600 [FATAL] Updater:351 - Updater called before beeing initialized
2026-08-13 22:23:24,647 [FATAL] Updater:351 - Updater called before beeing initialized
2026-08-13 22:23:24,649 [INFO] DbMcusAds:53 - JSON generation date=Wed Jul 15 16:44:54 ICT 2026 (1784108694001)
2026-08-13 22:23:24,650 [FATAL] Updater:351 - Updater called before beeing initialized
2026-08-13 22:23:24,671 [WARN] DetailPanel:346 - Failed to get advertising image, set to default
2026-08-13 22:23:24,833 [FATAL] Updater:351 - Updater called before beeing initialized
2026-08-13 22:23:24,835 [FATAL] Updater:351 - Updater called before beeing initialized
2026-08-13 22:23:24,835 [FATAL] Updater:351 - Updater called before beeing initialized
2026-08-13 22:23:24,835 [WARN] DetailPanel:346 - Failed to get advertising image, set to default
2026-08-13 22:23:24,835 [FATAL] Updater:351 - Updater called before beeing initialized
2026-08-13 22:23:24,856 [ERROR] Updater:1198 - MainUpdater not yet initialized. External WinMGr cannot be set.
2026-08-13 22:23:24,857 [INFO] Updater:1134 - Updater Version found : 6.14.0
2026-08-13 22:23:24,871 [INFO] ApplicationProperties:184 - Using Application install path: /opt/st/stm32cubeide_1.18.0/plugins/com.st.stm32cube.common.mx_6.14.0.202502271554
2026-08-13 22:23:24,879 [ERROR] LogOutputStream:75 - [STDERR_REDIRECT] Aug 13, 2026 10:23:24 PM java.util.prefs.FileSystemPreferences$2 run
2026-08-13 22:23:24,879 [ERROR] LogOutputStream:75 - [STDERR_REDIRECT] WARNING: Could not create system preferences directory. System preferences are unusable.
2026-08-13 22:23:24,879 [ERROR] LogOutputStream:75 - [STDERR_REDIRECT] 
2026-08-13 22:23:25,150 [INFO] MainUpdater:2872 - connection check result : 10
2026-08-13 22:23:25,151 [INFO] MainUpdater:289 - Updater Check For Update Now.
2026-08-13 22:23:25,151 [INFO] MicroXplorer:498 - Change Database Version : DB.6.0.140
2026-08-13 22:23:25,157 [INFO] McuFinderGlobals:63 - Set McuFinder mode to 2 (CubeIDE integrated)
2026-08-13 22:23:25,157 [INFO] UserAuth:171 - activating auth plugin
2026-08-13 22:23:25,160 [INFO] UserAuth:486 - Internet connection configuration mode: 1
2026-08-13 22:23:25,172 [INFO] JxBrowserEngine:152 - Initiate JxBrowser Engine with user profile folder
2026-08-13 22:23:25,307 [INFO] CheckServerUpdateThread:120 - End of CheckServer Thread
2026-08-13 22:23:25,954 [INFO] WebApp:169 - Instantiating new browser for Auth
2026-08-13 22:23:26,488 [INFO] WebApp:463 - Apply proxy settings
2026-08-13 22:23:26,488 [INFO] WebApp:548 - Chromium requires no authentication
2026-08-13 22:23:26,494 [INFO] WebApp:491 - Direct internet connection detected
2026-08-13 22:23:26,511 [INFO] WebApp:894 - Register for checkConnection events
2026-08-13 22:23:26,511 [INFO] WebApp:463 - Apply proxy settings
2026-08-13 22:23:26,511 [INFO] WebApp:548 - Chromium requires no authentication
2026-08-13 22:23:26,511 [INFO] WebApp:491 - Direct internet connection detected
2026-08-13 22:23:26,628 [INFO] WebApp:225 - Starting web application
2026-08-13 22:23:26,628 [INFO] WebApp:593 - Web application path used /opt/st/stm32cubeide_1.18.0/plugins/com.st.stm32cube.common.mx_6.14.0.202502271554/db/plugins/mcufinder/reactClient1/index.html
2026-08-13 22:23:27,114 [WARN] PackLoader:240 - Cannot read IP mode file for STMicroelectronics.X-CUBE-AZRTOS-H7.3.5.0
2026-08-13 22:23:27,124 [WARN] PackLoader:240 - Cannot read IP mode file for STMicroelectronics.FP-ATR-ASTRA1.2.0.3
2026-08-13 22:23:27,127 [WARN] PackLoader:240 - Cannot read IP mode file for STMicroelectronics.FP-ATR-ASTRA1.2.0.2
2026-08-13 22:23:27,132 [ERROR] Engine:466 - /home/thuy/.stm32cubemx/thirdparties/pdsc/STMicroelectronics.X-CUBE-SMBUS.2.1.1.pdsc: PDSC version is not supported
2026-08-13 22:23:27,148 [WARN] PackLoader:240 - Cannot read IP mode file for STMicroelectronics.X-CUBE-AZRTOS-F7.1.1.0
2026-08-13 22:23:27,155 [ERROR] Engine:466 - /home/thuy/.stm32cubemx/thirdparties/pdsc/STMicroelectronics.X-CUBE-FREERTOS.1.6.0.pdsc: PDSC version is not supported
2026-08-13 22:23:27,158 [ERROR] Engine:466 - /home/thuy/.stm32cubemx/thirdparties/pdsc/STMicroelectronics.FP-SNS-MOTENV1.5.1.0.pdsc: PDSC version is not supported
2026-08-13 22:23:27,176 [WARN] PackLoader:240 - Cannot read IP mode file for STMicroelectronics.X-CUBE-AZRTOS-H7RS.1.3.0
2026-08-13 22:23:27,185 [ERROR] Engine:466 - /home/thuy/.stm32cubemx/thirdparties/pdsc/WES.I-CUBE-Cesium.1.4.0.pdsc: PDSC version is not supported
2026-08-13 22:23:27,190 [WARN] PackLoader:240 - Cannot read IP mode file for STMicroelectronics.X-CUBE-DISPLAY.3.0.0
2026-08-13 22:23:27,198 [WARN] PackLoader:240 - Cannot read IP mode file for STMicroelectronics.X-CUBE-GNSS1.7.1.1
2026-08-13 22:23:27,202 [ERROR] Engine:466 - /home/thuy/.stm32cubemx/thirdparties/pdsc/STMicroelectronics.FP-SNS-MOTENVWB1.1.5.0.pdsc: PDSC version is not supported
2026-08-13 22:23:27,204 [WARN] PackLoader:240 - Cannot read IP mode file for wolfSSL.I-CUBE-wolfSSL.5.9.1
2026-08-13 22:23:27,208 [WARN] PackLoader:240 - Cannot read IP mode file for STMicroelectronics.X-CUBE-NFC10.1.0.0
2026-08-13 22:23:27,212 [WARN] PackLoader:240 - Cannot read IP mode file for STMicroelectronics.X-CUBE-ST60.1.1.0
2026-08-13 22:23:27,216 [WARN] PackLoader:240 - Cannot read IP mode file for emotas.I-CUBE-CANOPEN.1.3.0
2026-08-13 22:23:27,217 [ERROR] Engine:466 - /home/thuy/.stm32cubemx/thirdparties/pdsc/STMicroelectronics.X-CUBE-WBA.1.1.0.pdsc: PDSC version is not supported
2026-08-13 22:23:27,220 [ERROR] Engine:466 - /home/thuy/.stm32cubemx/thirdparties/pdsc/STMicroelectronics.FP-SNS-STBOX1.2.1.0.pdsc: PDSC version is not supported
2026-08-13 22:23:27,223 [WARN] PackLoader:240 - Cannot read IP mode file for STMicroelectronics.FP-SNS-SMARTAG2.1.2.0
2026-08-13 22:23:27,226 [WARN] PackLoader:240 - Cannot read IP mode file for STMicroelectronics.FP-SNS-FLIGHT1.5.1.0
2026-08-13 22:23:27,233 [INFO] LogOutputStream:77 - [STDOUT_REDIRECT] 1 : Invalid condition id : UX_CORESTACK_Condition cause : null
2026-08-13 22:23:27,234 [INFO] LogOutputStream:77 - [STDOUT_REDIRECT] 1 : Invalid condition id : UX_CORESTACK_Condition cause : null
2026-08-13 22:23:27,234 [INFO] LogOutputStream:77 - [STDOUT_REDIRECT] 1 : Invalid condition id : UX_CORESTACK_Condition cause : null
2026-08-13 22:23:27,234 [INFO] LogOutputStream:77 - [STDOUT_REDIRECT] 1 : Invalid condition id : UX_CORESTACK_Condition cause : null
2026-08-13 22:23:27,235 [INFO] LogOutputStream:77 - [STDOUT_REDIRECT] 1 : Invalid condition id : UX_CORESTACK_Condition cause : null
2026-08-13 22:23:27,238 [WARN] PackLoader:240 - Cannot read IP mode file for STMicroelectronics.X-CUBE-AZRTOS-WL.2.0.0
2026-08-13 22:23:27,243 [WARN] PackLoader:240 - Cannot read IP mode file for STMicroelectronics.X-CUBE-BLE2.3.3.0
2026-08-13 22:23:27,279 [WARN] PackLoader:240 - Cannot read IP mode file for Infineon.AIROC-Wi-Fi-Bluetooth-STM32.1.8.0
2026-08-13 22:23:27,286 [WARN] PackLoader:240 - Cannot read IP mode file for STMicroelectronics.X-CUBE-NFC9.1.0.0
2026-08-13 22:23:27,299 [WARN] PackLoader:240 - Cannot read IP mode file for STMicroelectronics.X-CUBE-BLE1.7.1.0
2026-08-13 22:23:27,299 [INFO] WebApp:191 - Connection restablished
2026-08-13 22:23:27,302 [WARN] PackLoader:240 - Cannot read IP mode file for wolfSSL.I-CUBE-wolfMQTT.1.19.2
2026-08-13 22:23:27,305 [WARN] PackLoader:240 - Cannot read IP mode file for STMicroelectronics.X-CUBE-EEPRMA1.5.2.0
2026-08-13 22:23:27,309 [ERROR] Engine:466 - /home/thuy/.stm32cubemx/thirdparties/pdsc/STMicroelectronics.FP-SNS-STAIOTCFT.1.1.0.pdsc: PDSC version is not supported
2026-08-13 22:23:27,319 [WARN] PackLoader:240 - Cannot read IP mode file for STMicroelectronics.X-CUBE-AZRTOS-G0.1.1.0
2026-08-13 22:23:27,323 [WARN] PackLoader:240 - Cannot read IP mode file for STMicroelectronics.X-CUBE-NFC4.3.0.0
2026-08-13 22:23:27,329 [WARN] PackLoader:240 - Cannot read IP mode file for EmbeddedOffice.I-CUBE-FS-RTOS.1.0.1
2026-08-13 22:23:27,332 [WARN] PackLoader:240 - Cannot read IP mode file for wolfSSL.I-CUBE-wolfTPM.3.8.0
2026-08-13 22:23:27,336 [WARN] PackLoader:240 - Cannot read IP mode file for STMicroelectronics.X-CUBE-TCPP.4.2.0
2026-08-13 22:23:27,354 [WARN] PackLoader:240 - Cannot read IP mode file for RealThread.X-CUBE-RT-Thread_Nano.4.1.1
2026-08-13 22:23:27,359 [WARN] PackLoader:240 - Cannot read IP mode file for STMicroelectronics.FP-ATR-SIGFOX1.3.2.0
2026-08-13 22:23:27,363 [WARN] PackLoader:240 - Cannot read IP mode file for ITTIA_DB.I-CUBE-ITTIADB.8.9.0
2026-08-13 22:23:27,365 [WARN] PackLoader:240 - Cannot read IP mode file for Cesanta.I-CUBE-Mongoose.7.21.7
2026-08-13 22:23:27,369 [WARN] PackLoader:240 - Cannot read IP mode file for STMicroelectronics.X-CUBE-NFC6.3.2.0
2026-08-13 22:23:27,374 [WARN] PackLoader:240 - Cannot read IP mode file for STMicroelectronics.X-CUBE-AI.10.2.1
2026-08-13 22:23:27,397 [WARN] PackLoader:240 - Cannot read IP mode file for STMicroelectronics.X-CUBE-MEMS1.12.1.0
2026-08-13 22:23:27,461 [WARN] PackLoader:240 - Cannot read IP mode file for SEGGER.I-CUBE-embOS.1.3.1
2026-08-13 22:23:27,483 [WARN] PackLoader:240 - Cannot read IP mode file for STMicroelectronics.X-CUBE-NFC13.1.0.0
2026-08-13 22:23:27,486 [WARN] PackLoader:240 - Cannot read IP mode file for STMicroelectronics.X-CUBE-PM33A1.1.0.0
2026-08-13 22:23:27,493 [WARN] PackLoader:240 - Cannot read IP mode file for STMicroelectronics.X-CUBE-AZRTOS-F4.1.1.0
2026-08-13 22:23:27,497 [WARN] PackLoader:240 - Cannot read IP mode file for STMicroelectronics.X-CUBE-ISPU.2.1.0
2026-08-13 22:23:27,501 [ERROR] Engine:466 - /home/thuy/.stm32cubemx/thirdparties/pdsc/STMicroelectronics.X-CUBE-IPS.3.2.0.pdsc: PDSC version is not supported
2026-08-13 22:23:27,502 [WARN] PackLoader:240 - Cannot read IP mode file for STMicroelectronics.eDS-WB_DPC_TT-BIDIR.2.1.1
2026-08-13 22:23:27,506 [WARN] PackLoader:240 - Cannot read IP mode file for STMicroelectronics.X-CUBE-NFC12.1.0.0
2026-08-13 22:23:27,518 [WARN] PackLoader:240 - Cannot read IP mode file for STMicroelectronics.X-CUBE-AZRTOS-L5.2.0.0
2026-08-13 22:23:27,522 [WARN] PackLoader:240 - Cannot read IP mode file for STMicroelectronics.X-CUBE-ALGOBUILD.1.5.0
2026-08-13 22:23:27,525 [WARN] PackLoader:240 - Cannot read IP mode file for STMicroelectronics.eDS-WB_DPC_VIENNA.1.2.0
2026-08-13 22:23:27,551 [WARN] PackLoader:240 - Cannot read IP mode file for STMicroelectronics.X-CUBE-MEMS1.13.0.0
2026-08-13 22:23:27,614 [WARN] PackLoader:240 - Cannot read IP mode file for STMicroelectronics.eDS-WB_DPC_3PH2L-BIDIR.1.1.1
2026-08-13 22:23:27,617 [ERROR] Engine:466 - /home/thuy/.stm32cubemx/thirdparties/pdsc/STMicroelectronics.X-CUBE-ST67W61.1.3.0.pdsc: PDSC version is not supported
2026-08-13 22:23:27,620 [WARN] PackLoader:240 - Cannot read IP mode file for STMicroelectronics.X-CUBE-TOUCHGFX.4.26.1
2026-08-13 22:23:27,623 [WARN] PackLoader:240 - Cannot read IP mode file for STMicroelectronics.X-CUBE-DPower.1.3.0
2026-08-13 22:23:27,634 [WARN] ConditionMgr:438 - getConditionDescription Invalid condition id : LAN8742 Phy interface Condition cause : null
2026-08-13 22:23:27,635 [WARN] PackLoader:240 - Cannot read IP mode file for STMicroelectronics.X-CUBE-AZRTOS-L4.2.0.0
2026-08-13 22:23:27,636 [WARN] ConditionMgr:1044 - genDependencies : Invalid condition id : LAN8742 Phy interface Condition cause : null
2026-08-13 22:23:27,636 [WARN] ConditionMgr:1044 - genDependencies : Invalid condition id : LAN8742 Phy interface Condition cause : null
2026-08-13 22:23:27,636 [WARN] ConditionMgr:1044 - genDependencies : Invalid condition id : LAN8742 Phy interface Condition cause : null
2026-08-13 22:23:27,642 [WARN] PackLoader:240 - Cannot read IP mode file for STMicroelectronics.X-CUBE-SFXS2LP1.4.0.0
2026-08-13 22:23:27,646 [WARN] PackLoader:240 - Cannot read IP mode file for STMicroelectronics.X-CUBE-WB05N.2.1.0
2026-08-13 22:23:27,654 [WARN] ConditionMgr:438 - getConditionDescription Invalid condition id : UX DEVICE CLASS RTOS Condition cause : null
2026-08-13 22:23:27,655 [WARN] ConditionMgr:438 - getConditionDescription Invalid condition id : UX DEVICE CLASS RTOS Condition cause : null
2026-08-13 22:23:27,656 [WARN] PackLoader:240 - Cannot read IP mode file for STMicroelectronics.X-CUBE-AZRTOS-WB.2.0.0
2026-08-13 22:23:27,657 [WARN] ConditionMgr:1044 - genDependencies : Invalid condition id : UX DEVICE CLASS RTOS Condition cause : null
2026-08-13 22:23:27,657 [WARN] ConditionMgr:1044 - genDependencies : Invalid condition id : UX DEVICE CLASS RTOS Condition cause : null
2026-08-13 22:23:27,657 [WARN] ConditionMgr:1044 - genDependencies : Invalid condition id : UX DEVICE CLASS RTOS Condition cause : null
2026-08-13 22:23:27,657 [WARN] ConditionMgr:1044 - genDependencies : Invalid condition id : UX DEVICE CLASS RTOS Condition cause : null
2026-08-13 22:23:27,657 [WARN] ConditionMgr:1044 - genDependencies : Invalid condition id : UX DEVICE CLASS RTOS Condition cause : null
2026-08-13 22:23:27,660 [WARN] ConditionMgr:438 - getConditionDescription Invalid condition id : Cortex-A Device cause : null
2026-08-13 22:23:27,665 [WARN] ConditionMgr:1044 - genDependencies : Invalid condition id : Cortex-A Device cause : null
2026-08-13 22:23:27,665 [WARN] ConditionMgr:1044 - genDependencies : Invalid condition id : Cortex-A Device cause : null
2026-08-13 22:23:27,665 [WARN] ConditionMgr:1044 - genDependencies : Invalid condition id : Cortex-A Device cause : null
2026-08-13 22:23:27,668 [WARN] PackLoader:240 - Cannot read IP mode file for STMicroelectronics.X-CUBE-STSE01.2.0.0
2026-08-13 22:23:27,674 [WARN] PackLoader:240 - Cannot read IP mode file for STMicroelectronics.X-CUBE-SUBG2.5.0.0
2026-08-13 22:23:27,682 [WARN] PackLoader:240 - Cannot read IP mode file for STMicroelectronics.X-CUBE-AZRTOS-G4.2.0.0
2026-08-13 22:23:27,685 [WARN] PackLoader:240 - Cannot read IP mode file for wolfSSL.I-CUBE-wolfSSH.1.4.20
2026-08-13 22:23:27,687 [WARN] PackLoader:240 - Cannot read IP mode file for STMicroelectronics.X-CUBE-NFC7.2.0.0
2026-08-13 22:23:27,690 [ERROR] Engine:466 - /home/thuy/.stm32cubemx/thirdparties/pdsc/STMicroelectronics.X-CUBE-BLEMGR.4.2.0.pdsc: PDSC version is not supported
2026-08-13 22:23:27,691 [WARN] PackLoader:240 - Cannot read IP mode file for STMicroelectronics.X-CUBE-ALS.1.0.2
2026-08-13 22:23:27,698 [WARN] PackLoader:240 - Cannot read IP mode file for STMicroelectronics.X-CUBE-TOF1.3.4.3
2026-08-13 22:23:27,703 [INFO] ThirdParty:978 - Integrity check success = true
2026-08-13 22:23:27,703 [INFO] IntegrityCheckThread:100 - exiting critical section [integrity check]
2026-08-13 22:23:27,703 [INFO] IntegrityCheckThread:103 - End integrity checks thread
2026-08-13 22:23:53,074 [ERROR] LogOutputStream:75 - [STDERR_REDIRECT] Aug 13, 2026 10:23:53 PM java.util.prefs.FileSystemPreferences checkLockFile0ErrorCode
2026-08-13 22:23:53,074 [ERROR] LogOutputStream:75 - [STDERR_REDIRECT] WARNING: Could not lock System prefs. Unix error code 2.
2026-08-13 22:23:53,074 [ERROR] LogOutputStream:75 - [STDERR_REDIRECT] 
2026-08-13 22:23:53,074 [ERROR] LogOutputStream:75 - [STDERR_REDIRECT] Aug 13, 2026 10:23:53 PM java.util.prefs.FileSystemPreferences syncWorld
2026-08-13 22:23:53,075 [ERROR] LogOutputStream:75 - [STDERR_REDIRECT] WARNING: Couldn't flush system prefs: java.util.prefs.BackingStoreException: Couldn't get file lock.
2026-08-13 22:23:53,075 [ERROR] LogOutputStream:75 - [STDERR_REDIRECT] 
2026-08-13 22:24:23,067 [ERROR] LogOutputStream:75 - [STDERR_REDIRECT] Aug 13, 2026 10:24:23 PM java.util.prefs.FileSystemPreferences checkLockFile0ErrorCode
2026-08-13 22:24:23,067 [ERROR] LogOutputStream:75 - [STDERR_REDIRECT] WARNING: Could not lock System prefs. Unix error code 2.
2026-08-13 22:24:23,067 [ERROR] LogOutputStream:75 - [STDERR_REDIRECT] 
2026-08-13 22:24:23,068 [ERROR] LogOutputStream:75 - [STDERR_REDIRECT] Aug 13, 2026 10:24:23 PM java.util.prefs.FileSystemPreferences syncWorld
2026-08-13 22:24:23,068 [ERROR] LogOutputStream:75 - [STDERR_REDIRECT] WARNING: Couldn't flush system prefs: java.util.prefs.BackingStoreException: Couldn't get file lock.
2026-08-13 22:24:23,068 [ERROR] LogOutputStream:75 - [STDERR_REDIRECT] 
2026-08-13 22:24:30,643 [INFO] WebApp:194 - Connection lost
2026-08-13 22:24:53,067 [ERROR] LogOutputStream:75 - [STDERR_REDIRECT] Aug 13, 2026 10:24:53 PM java.util.prefs.FileSystemPreferences checkLockFile0ErrorCode
2026-08-13 22:24:53,067 [ERROR] LogOutputStream:75 - [STDERR_REDIRECT] WARNING: Could not lock System prefs. Unix error code 2.
2026-08-13 22:24:53,067 [ERROR] LogOutputStream:75 - [STDERR_REDIRECT] 
2026-08-13 22:24:53,068 [ERROR] LogOutputStream:75 - [STDERR_REDIRECT] Aug 13, 2026 10:24:53 PM java.util.prefs.FileSystemPreferences syncWorld
2026-08-13 22:24:53,068 [ERROR] LogOutputStream:75 - [STDERR_REDIRECT] WARNING: Couldn't flush system prefs: java.util.prefs.BackingStoreException: Couldn't get file lock.
2026-08-13 22:24:53,068 [ERROR] LogOutputStream:75 - [STDERR_REDIRECT] 
2026-08-13 22:25:23,067 [ERROR] LogOutputStream:75 - [STDERR_REDIRECT] Aug 13, 2026 10:25:23 PM java.util.prefs.FileSystemPreferences checkLockFile0ErrorCode
2026-08-13 22:25:23,067 [ERROR] LogOutputStream:75 - [STDERR_REDIRECT] WARNING: Could not lock System prefs. Unix error code 2.
2026-08-13 22:25:23,068 [ERROR] LogOutputStream:75 - [STDERR_REDIRECT] 
2026-08-13 22:25:23,068 [ERROR] LogOutputStream:75 - [STDERR_REDIRECT] Aug 13, 2026 10:25:23 PM java.util.prefs.FileSystemPreferences syncWorld
2026-08-13 22:25:23,068 [ERROR] LogOutputStream:75 - [STDERR_REDIRECT] WARNING: Couldn't flush system prefs: java.util.prefs.BackingStoreException: Couldn't get file lock.
2026-08-13 22:25:23,068 [ERROR] LogOutputStream:75 - [STDERR_REDIRECT] 
2026-08-13 22:25:53,068 [ERROR] LogOutputStream:75 - [STDERR_REDIRECT] Aug 13, 2026 10:25:53 PM java.util.prefs.FileSystemPreferences checkLockFile0ErrorCode
2026-08-13 22:25:53,068 [ERROR] LogOutputStream:75 - [STDERR_REDIRECT] WARNING: Could not lock System prefs. Unix error code 2.
2026-08-13 22:25:53,068 [ERROR] LogOutputStream:75 - [STDERR_REDIRECT] 
2026-08-13 22:25:53,069 [ERROR] LogOutputStream:75 - [STDERR_REDIRECT] Aug 13, 2026 10:25:53 PM java.util.prefs.FileSystemPreferences syncWorld
2026-08-13 22:25:53,069 [ERROR] LogOutputStream:75 - [STDERR_REDIRECT] WARNING: Couldn't flush system prefs: java.util.prefs.BackingStoreException: Couldn't get file lock.
2026-08-13 22:25:53,069 [ERROR] LogOutputStream:75 - [STDERR_REDIRECT] 
2026-08-13 22:26:23,067 [ERROR] LogOutputStream:75 - [STDERR_REDIRECT] Aug 13, 2026 10:26:23 PM java.util.prefs.FileSystemPreferences checkLockFile0ErrorCode
2026-08-13 22:26:23,067 [ERROR] LogOutputStream:75 - [STDERR_REDIRECT] WARNING: Could not lock System prefs. Unix error code 2.
2026-08-13 22:26:23,067 [ERROR] LogOutputStream:75 - [STDERR_REDIRECT] 
2026-08-13 22:26:23,067 [ERROR] LogOutputStream:75 - [STDERR_REDIRECT] Aug 13, 2026 10:26:23 PM java.util.prefs.FileSystemPreferences syncWorld
2026-08-13 22:26:23,067 [ERROR] LogOutputStream:75 - [STDERR_REDIRECT] WARNING: Couldn't flush system prefs: java.util.prefs.BackingStoreException: Couldn't get file lock.
2026-08-13 22:26:23,068 [ERROR] LogOutputStream:75 - [STDERR_REDIRECT] 
2026-08-13 22:26:53,067 [ERROR] LogOutputStream:75 - [STDERR_REDIRECT] Aug 13, 2026 10:26:53 PM java.util.prefs.FileSystemPreferences checkLockFile0ErrorCode
2026-08-13 22:26:53,067 [ERROR] LogOutputStream:75 - [STDERR_REDIRECT] WARNING: Could not lock System prefs. Unix error code 2.
2026-08-13 22:26:53,067 [ERROR] LogOutputStream:75 - [STDERR_REDIRECT] 
2026-08-13 22:26:53,067 [ERROR] LogOutputStream:75 - [STDERR_REDIRECT] Aug 13, 2026 10:26:53 PM java.util.prefs.FileSystemPreferences syncWorld
2026-08-13 22:26:53,067 [ERROR] LogOutputStream:75 - [STDERR_REDIRECT] WARNING: Couldn't flush system prefs: java.util.prefs.BackingStoreException: Couldn't get file lock.
2026-08-13 22:26:53,067 [ERROR] LogOutputStream:75 - [STDERR_REDIRECT] 
2026-08-13 22:27:23,068 [ERROR] LogOutputStream:75 - [STDERR_REDIRECT] Aug 13, 2026 10:27:23 PM java.util.prefs.FileSystemPreferences checkLockFile0ErrorCode
2026-08-13 22:27:23,068 [ERROR] LogOutputStream:75 - [STDERR_REDIRECT] WARNING: Could not lock System prefs. Unix error code 2.
2026-08-13 22:27:23,073 [ERROR] LogOutputStream:75 - [STDERR_REDIRECT] 
2026-08-13 22:27:23,073 [ERROR] LogOutputStream:75 - [STDERR_REDIRECT] Aug 13, 2026 10:27:23 PM java.util.prefs.FileSystemPreferences syncWorld
2026-08-13 22:27:23,073 [ERROR] LogOutputStream:75 - [STDERR_REDIRECT] WARNING: Couldn't flush system prefs: java.util.prefs.BackingStoreException: Couldn't get file lock.
2026-08-13 22:27:23,074 [ERROR] LogOutputStream:75 - [STDERR_REDIRECT] 
2026-08-13 22:27:53,068 [ERROR] LogOutputStream:75 - [STDERR_REDIRECT] Aug 13, 2026 10:27:53 PM java.util.prefs.FileSystemPreferences checkLockFile0ErrorCode
2026-08-13 22:27:53,069 [ERROR] LogOutputStream:75 - [STDERR_REDIRECT] WARNING: Could not lock System prefs. Unix error code 2.
2026-08-13 22:27:53,069 [ERROR] LogOutputStream:75 - [STDERR_REDIRECT] 
2026-08-13 22:27:53,069 [ERROR] LogOutputStream:75 - [STDERR_REDIRECT] Aug 13, 2026 10:27:53 PM java.util.prefs.FileSystemPreferences syncWorld
2026-08-13 22:27:53,069 [ERROR] LogOutputStream:75 - [STDERR_REDIRECT] WARNING: Couldn't flush system prefs: java.util.prefs.BackingStoreException: Couldn't get file lock.
2026-08-13 22:27:53,069 [ERROR] LogOutputStream:75 - [STDERR_REDIRECT] 
2026-08-13 22:28:11,728 [INFO] WebApp:191 - Connection restablished
2026-08-13 22:28:23,069 [ERROR] LogOutputStream:75 - [STDERR_REDIRECT] Aug 13, 2026 10:28:23 PM java.util.prefs.FileSystemPreferences checkLockFile0ErrorCode
2026-08-13 22:28:23,069 [ERROR] LogOutputStream:75 - [STDERR_REDIRECT] WARNING: Could not lock System prefs. Unix error code 2.
2026-08-13 22:28:23,069 [ERROR] LogOutputStream:75 - [STDERR_REDIRECT] 
2026-08-13 22:28:23,069 [ERROR] LogOutputStream:75 - [STDERR_REDIRECT] Aug 13, 2026 10:28:23 PM java.util.prefs.FileSystemPreferences syncWorld
2026-08-13 22:28:23,069 [ERROR] LogOutputStream:75 - [STDERR_REDIRECT] WARNING: Couldn't flush system prefs: java.util.prefs.BackingStoreException: Couldn't get file lock.
2026-08-13 22:28:23,069 [ERROR] LogOutputStream:75 - [STDERR_REDIRECT] 
2026-08-13 22:28:53,069 [ERROR] LogOutputStream:75 - [STDERR_REDIRECT] Aug 13, 2026 10:28:53 PM java.util.prefs.FileSystemPreferences checkLockFile0ErrorCode
2026-08-13 22:28:53,069 [ERROR] LogOutputStream:75 - [STDERR_REDIRECT] WARNING: Could not lock System prefs. Unix error code 2.
2026-08-13 22:28:53,069 [ERROR] LogOutputStream:75 - [STDERR_REDIRECT] 
2026-08-13 22:28:53,069 [ERROR] LogOutputStream:75 - [STDERR_REDIRECT] Aug 13, 2026 10:28:53 PM java.util.prefs.FileSystemPreferences syncWorld
2026-08-13 22:28:53,069 [ERROR] LogOutputStream:75 - [STDERR_REDIRECT] WARNING: Couldn't flush system prefs: java.util.prefs.BackingStoreException: Couldn't get file lock.
2026-08-13 22:28:53,070 [ERROR] LogOutputStream:75 - [STDERR_REDIRECT] 
2026-08-13 22:29:23,068 [ERROR] LogOutputStream:75 - [STDERR_REDIRECT] Aug 13, 2026 10:29:23 PM java.util.prefs.FileSystemPreferences checkLockFile0ErrorCode
2026-08-13 22:29:23,068 [ERROR] LogOutputStream:75 - [STDERR_REDIRECT] WARNING: Could not lock System prefs. Unix error code 2.
2026-08-13 22:29:23,068 [ERROR] LogOutputStream:75 - [STDERR_REDIRECT] 
2026-08-13 22:29:23,069 [ERROR] LogOutputStream:75 - [STDERR_REDIRECT] Aug 13, 2026 10:29:23 PM java.util.prefs.FileSystemPreferences syncWorld
2026-08-13 22:29:23,069 [ERROR] LogOutputStream:75 - [STDERR_REDIRECT] WARNING: Couldn't flush system prefs: java.util.prefs.BackingStoreException: Couldn't get file lock.
2026-08-13 22:29:23,069 [ERROR] LogOutputStream:75 - [STDERR_REDIRECT] 
2026-08-13 22:29:53,069 [ERROR] LogOutputStream:75 - [STDERR_REDIRECT] Aug 13, 2026 10:29:53 PM java.util.prefs.FileSystemPreferences checkLockFile0ErrorCode
2026-08-13 22:29:53,069 [ERROR] LogOutputStream:75 - [STDERR_REDIRECT] WARNING: Could not lock System prefs. Unix error code 2.
2026-08-13 22:29:53,069 [ERROR] LogOutputStream:75 - [STDERR_REDIRECT] 
2026-08-13 22:29:53,069 [ERROR] LogOutputStream:75 - [STDERR_REDIRECT] Aug 13, 2026 10:29:53 PM java.util.prefs.FileSystemPreferences syncWorld
2026-08-13 22:29:53,069 [ERROR] LogOutputStream:75 - [STDERR_REDIRECT] WARNING: Couldn't flush system prefs: java.util.prefs.BackingStoreException: Couldn't get file lock.
2026-08-13 22:29:53,069 [ERROR] LogOutputStream:75 - [STDERR_REDIRECT] 
2026-08-13 22:30:23,069 [ERROR] LogOutputStream:75 - [STDERR_REDIRECT] Aug 13, 2026 10:30:23 PM java.util.prefs.FileSystemPreferences checkLockFile0ErrorCode
2026-08-13 22:30:23,069 [ERROR] LogOutputStream:75 - [STDERR_REDIRECT] WARNING: Could not lock System prefs. Unix error code 2.
2026-08-13 22:30:23,069 [ERROR] LogOutputStream:75 - [STDERR_REDIRECT] 
2026-08-13 22:30:23,069 [ERROR] LogOutputStream:75 - [STDERR_REDIRECT] Aug 13, 2026 10:30:23 PM java.util.prefs.FileSystemPreferences syncWorld
2026-08-13 22:30:23,070 [ERROR] LogOutputStream:75 - [STDERR_REDIRECT] WARNING: Couldn't flush system prefs: java.util.prefs.BackingStoreException: Couldn't get file lock.
2026-08-13 22:30:23,070 [ERROR] LogOutputStream:75 - [STDERR_REDIRECT] 
2026-08-13 22:30:53,069 [ERROR] LogOutputStream:75 - [STDERR_REDIRECT] Aug 13, 2026 10:30:53 PM java.util.prefs.FileSystemPreferences checkLockFile0ErrorCode
2026-08-13 22:30:53,070 [ERROR] LogOutputStream:75 - [STDERR_REDIRECT] WARNING: Could not lock System prefs. Unix error code 2.
2026-08-13 22:30:53,070 [ERROR] LogOutputStream:75 - [STDERR_REDIRECT] 
2026-08-13 22:30:53,070 [ERROR] LogOutputStream:75 - [STDERR_REDIRECT] Aug 13, 2026 10:30:53 PM java.util.prefs.FileSystemPreferences syncWorld
2026-08-13 22:30:53,070 [ERROR] LogOutputStream:75 - [STDERR_REDIRECT] WARNING: Couldn't flush system prefs: java.util.prefs.BackingStoreException: Couldn't get file lock.
2026-08-13 22:30:53,070 [ERROR] LogOutputStream:75 - [STDERR_REDIRECT] 
2026-08-13 22:31:23,069 [ERROR] LogOutputStream:75 - [STDERR_REDIRECT] Aug 13, 2026 10:31:23 PM java.util.prefs.FileSystemPreferences checkLockFile0ErrorCode
2026-08-13 22:31:23,070 [ERROR] LogOutputStream:75 - [STDERR_REDIRECT] WARNING: Could not lock System prefs. Unix error code 2.
2026-08-13 22:31:23,070 [ERROR] LogOutputStream:75 - [STDERR_REDIRECT] 
2026-08-13 22:31:23,070 [ERROR] LogOutputStream:75 - [STDERR_REDIRECT] Aug 13, 2026 10:31:23 PM java.util.prefs.FileSystemPreferences syncWorld
2026-08-13 22:31:23,070 [ERROR] LogOutputStream:75 - [STDERR_REDIRECT] WARNING: Couldn't flush system prefs: java.util.prefs.BackingStoreException: Couldn't get file lock.
2026-08-13 22:31:23,070 [ERROR] LogOutputStream:75 - [STDERR_REDIRECT] 
2026-08-13 22:31:53,070 [ERROR] LogOutputStream:75 - [STDERR_REDIRECT] Aug 13, 2026 10:31:53 PM java.util.prefs.FileSystemPreferences checkLockFile0ErrorCode
2026-08-13 22:31:53,070 [ERROR] LogOutputStream:75 - [STDERR_REDIRECT] WARNING: Could not lock System prefs. Unix error code 2.
2026-08-13 22:31:53,070 [ERROR] LogOutputStream:75 - [STDERR_REDIRECT] 
2026-08-13 22:31:53,070 [ERROR] LogOutputStream:75 - [STDERR_REDIRECT] Aug 13, 2026 10:31:53 PM java.util.prefs.FileSystemPreferences syncWorld
2026-08-13 22:31:53,070 [ERROR] LogOutputStream:75 - [STDERR_REDIRECT] WARNING: Couldn't flush system prefs: java.util.prefs.BackingStoreException: Couldn't get file lock.
2026-08-13 22:31:53,070 [ERROR] LogOutputStream:75 - [STDERR_REDIRECT] 
2026-08-13 22:32:23,070 [ERROR] LogOutputStream:75 - [STDERR_REDIRECT] Aug 13, 2026 10:32:23 PM java.util.prefs.FileSystemPreferences checkLockFile0ErrorCode
2026-08-13 22:32:23,070 [ERROR] LogOutputStream:75 - [STDERR_REDIRECT] WARNING: Could not lock System prefs. Unix error code 2.
2026-08-13 22:32:23,070 [ERROR] LogOutputStream:75 - [STDERR_REDIRECT] 
2026-08-13 22:32:23,070 [ERROR] LogOutputStream:75 - [STDERR_REDIRECT] Aug 13, 2026 10:32:23 PM java.util.prefs.FileSystemPreferences syncWorld
2026-08-13 22:32:23,070 [ERROR] LogOutputStream:75 - [STDERR_REDIRECT] WARNING: Couldn't flush system prefs: java.util.prefs.BackingStoreException: Couldn't get file lock.
2026-08-13 22:32:23,070 [ERROR] LogOutputStream:75 - [STDERR_REDIRECT] 
2026-08-13 22:32:53,070 [ERROR] LogOutputStream:75 - [STDERR_REDIRECT] Aug 13, 2026 10:32:53 PM java.util.prefs.FileSystemPreferences checkLockFile0ErrorCode
2026-08-13 22:32:53,070 [ERROR] LogOutputStream:75 - [STDERR_REDIRECT] WARNING: Could not lock System prefs. Unix error code 2.
2026-08-13 22:32:53,070 [ERROR] LogOutputStream:75 - [STDERR_REDIRECT] 
2026-08-13 22:32:53,070 [ERROR] LogOutputStream:75 - [STDERR_REDIRECT] Aug 13, 2026 10:32:53 PM java.util.prefs.FileSystemPreferences syncWorld
2026-08-13 22:32:53,070 [ERROR] LogOutputStream:75 - [STDERR_REDIRECT] WARNING: Couldn't flush system prefs: java.util.prefs.BackingStoreException: Couldn't get file lock.
2026-08-13 22:32:53,070 [ERROR] LogOutputStream:75 - [STDERR_REDIRECT] 
2026-08-13 22:33:23,070 [ERROR] LogOutputStream:75 - [STDERR_REDIRECT] Aug 13, 2026 10:33:23 PM java.util.prefs.FileSystemPreferences checkLockFile0ErrorCode
2026-08-13 22:33:23,070 [ERROR] LogOutputStream:75 - [STDERR_REDIRECT] WARNING: Could not lock System prefs. Unix error code 2.
2026-08-13 22:33:23,070 [ERROR] LogOutputStream:75 - [STDERR_REDIRECT] 
2026-08-13 22:33:23,070 [ERROR] LogOutputStream:75 - [STDERR_REDIRECT] Aug 13, 2026 10:33:23 PM java.util.prefs.FileSystemPreferences syncWorld
2026-08-13 22:33:23,070 [ERROR] LogOutputStream:75 - [STDERR_REDIRECT] WARNING: Couldn't flush system prefs: java.util.prefs.BackingStoreException: Couldn't get file lock.
2026-08-13 22:33:23,070 [ERROR] LogOutputStream:75 - [STDERR_REDIRECT] 
2026-08-13 22:33:53,070 [ERROR] LogOutputStream:75 - [STDERR_REDIRECT] Aug 13, 2026 10:33:53 PM java.util.prefs.FileSystemPreferences checkLockFile0ErrorCode
2026-08-13 22:33:53,070 [ERROR] LogOutputStream:75 - [STDERR_REDIRECT] WARNING: Could not lock System prefs. Unix error code 2.
2026-08-13 22:33:53,070 [ERROR] LogOutputStream:75 - [STDERR_REDIRECT] 
2026-08-13 22:33:53,070 [ERROR] LogOutputStream:75 - [STDERR_REDIRECT] Aug 13, 2026 10:33:53 PM java.util.prefs.FileSystemPreferences syncWorld
2026-08-13 22:33:53,070 [ERROR] LogOutputStream:75 - [STDERR_REDIRECT] WARNING: Couldn't flush system prefs: java.util.prefs.BackingStoreException: Couldn't get file lock.
2026-08-13 22:33:53,070 [ERROR] LogOutputStream:75 - [STDERR_REDIRECT] 
2026-08-13 22:34:23,069 [ERROR] LogOutputStream:75 - [STDERR_REDIRECT] Aug 13, 2026 10:34:23 PM java.util.prefs.FileSystemPreferences checkLockFile0ErrorCode
2026-08-13 22:34:23,070 [ERROR] LogOutputStream:75 - [STDERR_REDIRECT] WARNING: Could not lock System prefs. Unix error code 2.
2026-08-13 22:34:23,070 [ERROR] LogOutputStream:75 - [STDERR_REDIRECT] 
2026-08-13 22:34:23,070 [ERROR] LogOutputStream:75 - [STDERR_REDIRECT] Aug 13, 2026 10:34:23 PM java.util.prefs.FileSystemPreferences syncWorld
2026-08-13 22:34:23,070 [ERROR] LogOutputStream:75 - [STDERR_REDIRECT] WARNING: Couldn't flush system prefs: java.util.prefs.BackingStoreException: Couldn't get file lock.
2026-08-13 22:34:23,070 [ERROR] LogOutputStream:75 - [STDERR_REDIRECT] 
2026-08-13 22:34:53,070 [ERROR] LogOutputStream:75 - [STDERR_REDIRECT] Aug 13, 2026 10:34:53 PM java.util.prefs.FileSystemPreferences checkLockFile0ErrorCode
2026-08-13 22:34:53,070 [ERROR] LogOutputStream:75 - [STDERR_REDIRECT] WARNING: Could not lock System prefs. Unix error code 2.
2026-08-13 22:34:53,070 [ERROR] LogOutputStream:75 - [STDERR_REDIRECT] 
2026-08-13 22:34:53,070 [ERROR] LogOutputStream:75 - [STDERR_REDIRECT] Aug 13, 2026 10:34:53 PM java.util.prefs.FileSystemPreferences syncWorld
2026-08-13 22:34:53,070 [ERROR] LogOutputStream:75 - [STDERR_REDIRECT] WARNING: Couldn't flush system prefs: java.util.prefs.BackingStoreException: Couldn't get file lock.
2026-08-13 22:34:53,070 [ERROR] LogOutputStream:75 - [STDERR_REDIRECT] 
2026-08-13 22:35:23,070 [ERROR] LogOutputStream:75 - [STDERR_REDIRECT] Aug 13, 2026 10:35:23 PM java.util.prefs.FileSystemPreferences checkLockFile0ErrorCode
2026-08-13 22:35:23,070 [ERROR] LogOutputStream:75 - [STDERR_REDIRECT] WARNING: Could not lock System prefs. Unix error code 2.
2026-08-13 22:35:23,070 [ERROR] LogOutputStream:75 - [STDERR_REDIRECT] 
2026-08-13 22:35:23,070 [ERROR] LogOutputStream:75 - [STDERR_REDIRECT] Aug 13, 2026 10:35:23 PM java.util.prefs.FileSystemPreferences syncWorld
2026-08-13 22:35:23,070 [ERROR] LogOutputStream:75 - [STDERR_REDIRECT] WARNING: Couldn't flush system prefs: java.util.prefs.BackingStoreException: Couldn't get file lock.
2026-08-13 22:35:23,070 [ERROR] LogOutputStream:75 - [STDERR_REDIRECT] 
2026-08-13 22:35:53,069 [ERROR] LogOutputStream:75 - [STDERR_REDIRECT] Aug 13, 2026 10:35:53 PM java.util.prefs.FileSystemPreferences checkLockFile0ErrorCode
2026-08-13 22:35:53,069 [ERROR] LogOutputStream:75 - [STDERR_REDIRECT] WARNING: Could not lock System prefs. Unix error code 2.
2026-08-13 22:35:53,069 [ERROR] LogOutputStream:75 - [STDERR_REDIRECT] 
2026-08-13 22:35:53,069 [ERROR] LogOutputStream:75 - [STDERR_REDIRECT] Aug 13, 2026 10:35:53 PM java.util.prefs.FileSystemPreferences syncWorld
2026-08-13 22:35:53,070 [ERROR] LogOutputStream:75 - [STDERR_REDIRECT] WARNING: Couldn't flush system prefs: java.util.prefs.BackingStoreException: Couldn't get file lock.
2026-08-13 22:35:53,070 [ERROR] LogOutputStream:75 - [STDERR_REDIRECT] 
2026-08-13 22:36:23,069 [ERROR] LogOutputStream:75 - [STDERR_REDIRECT] Aug 13, 2026 10:36:23 PM java.util.prefs.FileSystemPreferences checkLockFile0ErrorCode
2026-08-13 22:36:23,069 [ERROR] LogOutputStream:75 - [STDERR_REDIRECT] WARNING: Could not lock System prefs. Unix error code 2.
2026-08-13 22:36:23,069 [ERROR] LogOutputStream:75 - [STDERR_REDIRECT] 
2026-08-13 22:36:23,070 [ERROR] LogOutputStream:75 - [STDERR_REDIRECT] Aug 13, 2026 10:36:23 PM java.util.prefs.FileSystemPreferences syncWorld
2026-08-13 22:36:23,070 [ERROR] LogOutputStream:75 - [STDERR_REDIRECT] WARNING: Couldn't flush system prefs: java.util.prefs.BackingStoreException: Couldn't get file lock.
2026-08-13 22:36:23,070 [ERROR] LogOutputStream:75 - [STDERR_REDIRECT] 
2026-08-13 22:36:53,069 [ERROR] LogOutputStream:75 - [STDERR_REDIRECT] Aug 13, 2026 10:36:53 PM java.util.prefs.FileSystemPreferences checkLockFile0ErrorCode
2026-08-13 22:36:53,070 [ERROR] LogOutputStream:75 - [STDERR_REDIRECT] WARNING: Could not lock System prefs. Unix error code 2.
2026-08-13 22:36:53,070 [ERROR] LogOutputStream:75 - [STDERR_REDIRECT] 
2026-08-13 22:36:53,070 [ERROR] LogOutputStream:75 - [STDERR_REDIRECT] Aug 13, 2026 10:36:53 PM java.util.prefs.FileSystemPreferences syncWorld
2026-08-13 22:36:53,070 [ERROR] LogOutputStream:75 - [STDERR_REDIRECT] WARNING: Couldn't flush system prefs: java.util.prefs.BackingStoreException: Couldn't get file lock.
2026-08-13 22:36:53,070 [ERROR] LogOutputStream:75 - [STDERR_REDIRECT] 
2026-08-13 22:37:23,070 [ERROR] LogOutputStream:75 - [STDERR_REDIRECT] Aug 13, 2026 10:37:23 PM java.util.prefs.FileSystemPreferences checkLockFile0ErrorCode
2026-08-13 22:37:23,070 [ERROR] LogOutputStream:75 - [STDERR_REDIRECT] WARNING: Could not lock System prefs. Unix error code 2.
2026-08-13 22:37:23,070 [ERROR] LogOutputStream:75 - [STDERR_REDIRECT] 
2026-08-13 22:37:23,070 [ERROR] LogOutputStream:75 - [STDERR_REDIRECT] Aug 13, 2026 10:37:23 PM java.util.prefs.FileSystemPreferences syncWorld
2026-08-13 22:37:23,070 [ERROR] LogOutputStream:75 - [STDERR_REDIRECT] WARNING: Couldn't flush system prefs: java.util.prefs.BackingStoreException: Couldn't get file lock.
2026-08-13 22:37:23,070 [ERROR] LogOutputStream:75 - [STDERR_REDIRECT] 
2026-08-13 22:37:53,070 [ERROR] LogOutputStream:75 - [STDERR_REDIRECT] Aug 13, 2026 10:37:53 PM java.util.prefs.FileSystemPreferences checkLockFile0ErrorCode
2026-08-13 22:37:53,070 [ERROR] LogOutputStream:75 - [STDERR_REDIRECT] WARNING: Could not lock System prefs. Unix error code 2.
2026-08-13 22:37:53,070 [ERROR] LogOutputStream:75 - [STDERR_REDIRECT] 
2026-08-13 22:37:53,070 [ERROR] LogOutputStream:75 - [STDERR_REDIRECT] Aug 13, 2026 10:37:53 PM java.util.prefs.FileSystemPreferences syncWorld
2026-08-13 22:37:53,070 [ERROR] LogOutputStream:75 - [STDERR_REDIRECT] WARNING: Couldn't flush system prefs: java.util.prefs.BackingStoreException: Couldn't get file lock.
2026-08-13 22:37:53,070 [ERROR] LogOutputStream:75 - [STDERR_REDIRECT] 
2026-08-13 22:38:23,070 [ERROR] LogOutputStream:75 - [STDERR_REDIRECT] Aug 13, 2026 10:38:23 PM java.util.prefs.FileSystemPreferences checkLockFile0ErrorCode
2026-08-13 22:38:23,071 [ERROR] LogOutputStream:75 - [STDERR_REDIRECT] WARNING: Could not lock System prefs. Unix error code 2.
2026-08-13 22:38:23,071 [ERROR] LogOutputStream:75 - [STDERR_REDIRECT] 
2026-08-13 22:38:23,072 [ERROR] LogOutputStream:75 - [STDERR_REDIRECT] Aug 13, 2026 10:38:23 PM java.util.prefs.FileSystemPreferences syncWorld
2026-08-13 22:38:23,072 [ERROR] LogOutputStream:75 - [STDERR_REDIRECT] WARNING: Couldn't flush system prefs: java.util.prefs.BackingStoreException: Couldn't get file lock.
2026-08-13 22:38:23,072 [ERROR] LogOutputStream:75 - [STDERR_REDIRECT] 
2026-08-13 22:38:53,070 [ERROR] LogOutputStream:75 - [STDERR_REDIRECT] Aug 13, 2026 10:38:53 PM java.util.prefs.FileSystemPreferences checkLockFile0ErrorCode
2026-08-13 22:38:53,070 [ERROR] LogOutputStream:75 - [STDERR_REDIRECT] WARNING: Could not lock System prefs. Unix error code 2.
2026-08-13 22:38:53,070 [ERROR] LogOutputStream:75 - [STDERR_REDIRECT] 
2026-08-13 22:38:53,070 [ERROR] LogOutputStream:75 - [STDERR_REDIRECT] Aug 13, 2026 10:38:53 PM java.util.prefs.FileSystemPreferences syncWorld
2026-08-13 22:38:53,070 [ERROR] LogOutputStream:75 - [STDERR_REDIRECT] WARNING: Couldn't flush system prefs: java.util.prefs.BackingStoreException: Couldn't get file lock.
2026-08-13 22:38:53,070 [ERROR] LogOutputStream:75 - [STDERR_REDIRECT] 
2026-08-13 22:39:23,070 [ERROR] LogOutputStream:75 - [STDERR_REDIRECT] Aug 13, 2026 10:39:23 PM java.util.prefs.FileSystemPreferences checkLockFile0ErrorCode
2026-08-13 22:39:23,070 [ERROR] LogOutputStream:75 - [STDERR_REDIRECT] WARNING: Could not lock System prefs. Unix error code 2.
2026-08-13 22:39:23,070 [ERROR] LogOutputStream:75 - [STDERR_REDIRECT] 
2026-08-13 22:39:23,070 [ERROR] LogOutputStream:75 - [STDERR_REDIRECT] Aug 13, 2026 10:39:23 PM java.util.prefs.FileSystemPreferences syncWorld
2026-08-13 22:39:23,070 [ERROR] LogOutputStream:75 - [STDERR_REDIRECT] WARNING: Couldn't flush system prefs: java.util.prefs.BackingStoreException: Couldn't get file lock.
2026-08-13 22:39:23,070 [ERROR] LogOutputStream:75 - [STDERR_REDIRECT] 
2026-08-13 22:39:41,093 [INFO] McuFinderGlobals:63 - Set McuFinder mode to 2 (CubeIDE integrated)
2026-08-13 22:39:41,096 [INFO] MainUpdater:2872 - connection check result : 10
2026-08-13 22:39:41,096 [INFO] MainUpdater:2872 - connection check result : 10
2026-08-13 22:39:41,115 [INFO] MicroXplorer:468 - Change Database Path : 
2026-08-13 22:39:41,115 [INFO] MicroXplorer:498 - Change Database Version : DB.6.0.140
2026-08-13 22:39:41,120 [WARN] ThirdParty:871 - waiting for thirdparty lock release [close project]
2026-08-13 22:39:41,120 [INFO] ThirdParty:873 - entering critical section [close project]
2026-08-13 22:39:41,121 [INFO] ThirdParty:883 - exiting critical section [close project]
2026-08-13 22:39:41,123 [INFO] PinOutPanel:1589 - setPackage(No Configuration,No Configuration)
2026-08-13 22:39:41,126 [INFO] UtilMem:75 - Begin LoadConfig() Used Memory: 711710568 Bytes (851443712)
2026-08-13 22:39:41,128 [INFO] MicroXplorer:468 - Change Database Path : 
2026-08-13 22:39:41,128 [INFO] MicroXplorer:498 - Change Database Version : DB.6.0.140
2026-08-13 22:39:41,128 [INFO] OpenFileManager:354 - Change cursor
2026-08-13 22:39:41,156 [INFO] Mcu:2011 - Initializing MCU STM32F103C(8-B)Tx STM32F103C8Tx STM32F103C8T6
2026-08-13 22:39:41,628 [INFO] Context:756 - Trying to add GPIOservice into a context  which must be forbidden
2026-08-13 22:39:41,795 [INFO] ImportTextPane:218 - (OptionalMessage_ERROR) Pin24 (VP_RIF_VS_RIF1) cannot be retrieved for this MCU
2026-08-13 22:39:41,843 [INFO] RtosManager:558 - Registered RTOS mode: class=CMSIS, group=RTOS, mode=CMSIS_V1, owner=FREERTOS
2026-08-13 22:39:41,843 [INFO] RtosManager:558 - Registered RTOS mode: class=CMSIS, group=RTOS2, mode=CMSIS_V2, owner=FREERTOS
2026-08-13 22:39:41,843 [INFO] RtosManager:558 - Registered RTOS mode: class=RTOS, group=Core, mode=CMSIS_V1, owner=FREERTOS
2026-08-13 22:39:41,843 [INFO] RtosManager:558 - Registered RTOS mode: class=RTOS, group=Core, mode=CMSIS_V2, owner=FREERTOS
2026-08-13 22:39:41,844 [WARN] ModelIntegratedComponent:184 - Missing modes for component STMicroelectronics:FreeRTOS:0.0.1:STMicroelectronics:RTOS:FreeRTOS:Core:::10.2.0:
2026-08-13 22:39:41,914 [WARN] ModelIntegratedComponent:63 - No mode defined for component null
2026-08-13 22:39:41,914 [WARN] ModelIntegratedComponent:63 - No mode defined for component null
2026-08-13 22:39:41,914 [WARN] ModelIntegratedComponent:63 - No mode defined for component null
2026-08-13 22:39:41,914 [WARN] ModelIntegratedComponent:63 - No mode defined for component null
2026-08-13 22:39:41,914 [WARN] ModelIntegratedComponent:63 - No mode defined for component null
2026-08-13 22:39:41,914 [WARN] ModelIntegratedComponent:63 - No mode defined for component null
2026-08-13 22:39:41,914 [WARN] ModelIntegratedComponent:63 - No mode defined for component null
2026-08-13 22:39:41,914 [WARN] ModelIntegratedComponent:63 - No mode defined for component null
2026-08-13 22:39:41,914 [WARN] ModelIntegratedComponent:63 - No mode defined for component null
2026-08-13 22:39:41,914 [WARN] ModelIntegratedComponent:63 - No mode defined for component null
2026-08-13 22:39:41,914 [WARN] ModelIntegratedComponent:63 - No mode defined for component null
2026-08-13 22:39:41,914 [WARN] ModelIntegratedComponent:63 - No mode defined for component null
2026-08-13 22:39:41,914 [WARN] ModelIntegratedComponent:63 - No mode defined for component null
2026-08-13 22:39:41,915 [WARN] ModelIntegratedComponent:63 - No mode defined for component null
2026-08-13 22:39:41,915 [WARN] ModelIntegratedComponent:63 - No mode defined for component null
2026-08-13 22:39:41,915 [WARN] ModelIntegratedComponent:63 - No mode defined for component null
2026-08-13 22:39:41,915 [WARN] ModelIntegratedComponent:63 - No mode defined for component null
2026-08-13 22:39:41,915 [WARN] ModelIntegratedComponent:63 - No mode defined for component null
2026-08-13 22:39:41,915 [WARN] ModelIntegratedComponent:63 - No mode defined for component null
2026-08-13 22:39:41,915 [WARN] ModelIntegratedComponent:63 - No mode defined for component null
2026-08-13 22:39:41,915 [WARN] ModelIntegratedComponent:63 - No mode defined for component null
2026-08-13 22:39:41,915 [WARN] ModelIntegratedComponent:63 - No mode defined for component null
2026-08-13 22:39:41,915 [WARN] ModelIntegratedComponent:63 - No mode defined for component null
2026-08-13 22:39:41,915 [WARN] ModelIntegratedComponent:63 - No mode defined for component null
2026-08-13 22:39:41,915 [WARN] ModelIntegratedComponent:63 - No mode defined for component null
2026-08-13 22:39:41,915 [WARN] ModelIntegratedComponent:63 - No mode defined for component null
2026-08-13 22:39:41,915 [WARN] ModelIntegratedComponent:63 - No mode defined for component null
2026-08-13 22:39:41,915 [WARN] ModelIntegratedComponent:63 - No mode defined for component null
2026-08-13 22:39:41,915 [WARN] ModelIntegratedComponent:63 - No mode defined for component null
2026-08-13 22:39:41,915 [WARN] ModelIntegratedComponent:63 - No mode defined for component null
2026-08-13 22:39:41,915 [WARN] ModelIntegratedComponent:63 - No mode defined for component null
2026-08-13 22:39:41,915 [WARN] ModelIntegratedComponent:63 - No mode defined for component null
2026-08-13 22:39:41,915 [WARN] ModelIntegratedComponent:63 - No mode defined for component null
2026-08-13 22:39:41,915 [WARN] ModelIntegratedComponent:63 - No mode defined for component null
2026-08-13 22:39:41,915 [WARN] ModelIntegratedComponent:63 - No mode defined for component null
2026-08-13 22:39:41,915 [WARN] ModelPack:524 - Component already loaded: STMicroelectronics:HAL Drivers:0.0.0:STMicroelectronics:Device:STMicro_Driver:XSPI:HAL::0.0.1:HAL_XSPI
2026-08-13 22:39:41,960 [INFO] ThirdPartyModel:298 - Start build external matchings
2026-08-13 22:39:42,187 [INFO] ThirdPartyModel:316 - End build external matchings
2026-08-13 22:39:42,200 [INFO] ImportTextPane:218 - (OptionalMessage_ERROR) IP (RCC) : Invalid parameter (FamilyName)
2026-08-13 22:39:42,327 [INFO] ApiDb:581 - Connected to CubeFinder SQLite database (/home/thuy/.stmcufinder/plugins/mcufinder/mcu/cube-finder-db.db)
2026-08-13 22:39:42,367 [INFO] ApiDb:668 - CubeFinder database Data Model version=2.1
2026-08-13 22:39:42,367 [INFO] ApiDb:669 - CubeFinder database Configuration version=3.0.42
2026-08-13 22:39:42,367 [INFO] ApiDb:670 - CubeFinder database generation date=2026-06-23 (1782213372)
2026-08-13 22:39:42,368 [INFO] ApiDb:671 - CubeFinder database FW Pack versions=[FP-ATR-ASTRA1_V2.0.0, FP-SNS-FLIGHT1_V5.1.0, FP-SNS-MOTENV1_V5.1.0, FP-SNS-MOTENVWB1_V1.5.0, FP-SNS-SMARTAG2_V1.2.0, FP-SNS-STBOX1_V2.1.0, STM32Cube_FW_C0_V1.4.0, STM32Cube_FW_F4_V1.28.3, STM32Cube_FW_F7_V1.17.4, STM32Cube_FW_G0_V1.6.3, STM32Cube_FW_G4_V1.6.2, STM32Cube_FW_H5_V1.7.0, STM32Cube_FW_H7RS_V1.3.0, STM32Cube_FW_H7_V1.13.0, STM32Cube_FW_L0_V1.12.2, STM32Cube_FW_L4_V1.18.2, STM32Cube_FW_L5_V1.6.0, STM32Cube_FW_N6_V1.4.0, STM32Cube_FW_U0_V1.3.0, STM32Cube_FW_U3_V1.4.0, STM32Cube_FW_U5_V1.9.0, STM32Cube_FW_WB0_V1.5.0, STM32Cube_FW_WBA_V1.10.0, STM32Cube_FW_WB_V1.24.0, STM32Cube_FW_WL3_V1.5.0, STM32Cube_FW_WL_V1.6.0, X-CUBE-ALGOBUILD_V1.5.0, X-CUBE-ALS_V1.0.2, X-CUBE-AZRTOS-F4_V1.1.0, X-CUBE-AZRTOS-F7_V1.1.0, X-CUBE-AZRTOS-G0_V1.1.0, X-CUBE-AZRTOS-G4_V2.0.0, X-CUBE-AZRTOS-H7RS_V1.1.0, X-CUBE-AZRTOS-H7_V3.5.0, X-CUBE-AZRTOS-L4_V2.0.0, X-CUBE-AZRTOS-L5_V2.0.0, X-CUBE-AZRTOS-WB_V2.0.0, X-CUBE-AZRTOS-WL_V2.0.0, X-CUBE-BLE1_V7.1.0, X-CUBE-BLE2_V3.3.0, X-CUBE-BLEMGR_V4.1.0, X-CUBE-EEPRMA1_V5.2.0, X-CUBE-FREERTOS_V1.5.0, X-CUBE-GNSS1_V7.1.1, X-CUBE-MEMS1_V12.1.0, X-CUBE-NFC4_V3.0.0, X-CUBE-NFC7_V2.0.0, X-CUBE-SFXS2LP1_V4.0.0, X-CUBE-ST67W61_V1.3.0, X-CUBE-SUBG2_V5.0.0, X-CUBE-TOF1_V3.4.3]
2026-08-13 22:39:42,440 [INFO] DbBoardsSqlite:226 - include board P-NUCLEO-WB55-NUCLEO as a kit item of type 'Nucleo-64'
2026-08-13 22:39:42,440 [INFO] DbBoardsSqlite:226 - include board P-NUCLEO-WB55-USBDONGLE as a kit item of type 'Nucleo USB Dongle'
2026-08-13 22:39:42,441 [INFO] DbBoardsSqlite:226 - include board STEVAL-IDP005V1 as a kit item of type 'Evaluation Board'
2026-08-13 22:39:42,441 [INFO] DbBoardsSqlite:226 - include board STEVAL-IDP005V2 as a kit item of type 'Evaluation Board'
2026-08-13 22:39:42,546 [INFO] ApiDb:240 - Found 895 in-development CPN: [B-G473E-ZEST1S, B-WB1M-WPAN1, B-WBA5M-WPAN, B-WL5M-SUBG1, NUCLEO-C031C6, NUCLEO-C051C8, NUCLEO-C071RB, NUCLEO-C092RC, NUCLEO-H503RB, NUCLEO-H533RE, NUCLEO-H563ZI, NUCLEO-H7S3L8, NUCLEO-N657X0-Q, NUCLEO-U031R8, NUCLEO-U083RC, NUCLEO-U385RG-Q, NUCLEO-U545RE-Q, NUCLEO-U5A5ZJ-Q, NUCLEO-WB05KZ, NUCLEO-WB07CC, NUCLEO-WB09KE, NUCLEO-WBA52CG, NUCLEO-WBA55CG, NUCLEO-WBA65RI, NUCLEO-WL33CC1, NUCLEO-WL33CC2, STEVAL-PROTEUS1, STEVAL-SMARTAG2, STEVAL-STWINBX1, STM320518-EVAL, STM32C0116-DK, STM32C011D6Y3TR, STM32C011D6Y6TR, STM32C011F4P3, STM32C011F4P6, STM32C011F4U3, STM32C011F4U6TR, STM32C011F6P3, STM32C011F6P6, STM32C011F6U3, STM32C011F6U6TR, STM32C011J4M3, STM32C011J4M6, STM32C011J6M3, STM32C011J6M6, STM32C0316-DK, STM32C031C4T3, STM32C031C4T6, STM32C031C4U3, STM32C031C4U6, STM32C031C6T3, STM32C031C6T6, STM32C031C6U3, STM32C031C6U6, STM32C031F4P3, STM32C031F4P6, STM32C031F6P3, STM32C031F6P6, STM32C031G4U3, STM32C031G4U6, STM32C031G6U3, STM32C031G6U6, STM32C031K4T3, STM32C031K4T6, STM32C031K4U3, STM32C031K4U6, STM32C031K6T3, STM32C031K6T6, STM32C031K6U3, STM32C031K6U6, STM32C051C6T6, STM32C051C6U6, STM32C051C8T6, STM32C051C8U6, STM32C051D8Y6TR, STM32C051F6P6, STM32C051F8P6, STM32C051G6U6, STM32C051G8U6, STM32C051K6T6, STM32C051K6U6, STM32C051K8T6, STM32C071C8T6, STM32C071C8T6N, STM32C071C8U6, STM32C071C8U6N, STM32C071CBT6, STM32C071CBT6N, STM32C071CBU6, STM32C071CBU6N, STM32C071F8P6, STM32C071F8P6N, STM32C071FBP6, STM32C071FBP6N, STM32C071FBY6TR, STM32C071G8U6, STM32C071G8U6N, STM32C071GBU6, STM32C071GBU6N, STM32C071K8T6, STM32C071K8T6N, STM32C071K8U6, STM32C071K8U6N, STM32C071KBT6, STM32C071KBT6N, STM32C071KBU6, STM32C071KBU6N, STM32C071R8T6, STM32C071R8T6N, STM32C071RBI6N, STM32C071RBT6, STM32C071RBT6N, STM32C091CBT6, STM32C091CBU6, STM32C091CCT6, STM32C091CCU6, STM32C091ECY6TR, STM32C091FBP6, STM32C091FCP6, STM32C091GBU6, STM32C091GCU6, STM32C091KBT6, STM32C091KBU6, STM32C091KCT6, STM32C091KCU6, STM32C091RBT6, STM32C091RCI6, STM32C091RCT6, STM32C092CBT6, STM32C092CBU6, STM32C092CCT6, STM32C092CCU6, STM32C092ECY6TR, STM32C092FBP6, STM32C092FCP6, STM32C092GBU6, STM32C092GCU6, STM32C092KBT6, STM32C092KBU6, STM32C092KCT6, STM32C092KCU6, STM32C092RBT6, STM32C092RCI6, STM32C092RCT6, STM32G071K8TXN, STM32G071K8UXN, STM32G081GBU6N, STM32G081KBT6N, STM32G081KBUXN, STM32G0B1CCT6N, STM32G0B1KCT6, STM32G0B1NEY6TR, STM32G0B1RCT6N, STM32G0C1CCT6, STM32G0C1CCT6N, STM32G0C1CCU6N, STM32G0C1CET6N, STM32G0C1CEU6N, STM32G0C1KCT6, STM32G0C1NEY6TR, STM32G0C1RCI6N, STM32G0C1RCT6N, STM32G0C1REI6N, STM32G0C1RET6N, STM32G0C1VCI6, STM32G0C1VEI6, STM32G411C6T3, STM32G411C6T6, STM32G411C6U3, STM32G411C6U6, STM32G411C8T3, STM32G411C8T6, STM32G411C8U3, STM32G411C8U6, STM32G411CBT3, STM32G411CBT6, STM32G411CBU3, STM32G411CBU6, STM32G411CCT3, STM32G411CCT6, STM32G411CCU3, STM32G411CCU6, STM32G411K6T3, STM32G411K6T6, STM32G411K6U3, STM32G411K6U6, STM32G411K8T3, STM32G411K8T6, STM32G411K8U3, STM32G411K8U6, STM32G411KBT3, STM32G411KBT6, STM32G411KBU3, STM32G411KBU6, STM32G411M6T3, STM32G411M6T6, STM32G411M8T3, STM32G411M8T6, STM32G411MBT3, STM32G411MBT6, STM32G411MCT3, STM32G411MCT6, STM32G411R6T3, STM32G411R6T6, STM32G411R8T3, STM32G411R8T6, STM32G411RBT3, STM32G411RBT6, STM32G411RCT3, STM32G411RCT6, STM32G414CBT3, STM32G414CBT6, STM32G414CBU3, STM32G414CBU6, STM32G414CCT3, STM32G414CCT6, STM32G414CCU3, STM32G414CCU6, STM32G414MBT3, STM32G414MBT6, STM32G414MCT3, STM32G414MCT6, STM32G414RBT3, STM32G414RBT6, STM32G414RCT3, STM32G414RCT6, STM32G414VBT3, STM32G414VBT6, STM32G414VCT3, STM32G414VCT6, STM32G431CBT3Z, STM32G431RBT3Z, STM32G471CCT6, STM32G471CCU6, STM32G471CET3, STM32G471CET6, STM32G471CEU3, STM32G471CEU6, STM32G471MCT6, STM32G471MET3, STM32G471MET6, STM32G471MEY6TR, STM32G471QCT6, STM32G471QET3, STM32G471RCT6, STM32G471RET3, STM32G471RET6, STM32G471VCH6, STM32G471VCI6, STM32G471VCT6, STM32G471VEH3, STM32G471VEH6, STM32G471VEI3, STM32G471VEI6, STM32G471VET3, STM32G471VET6, STM32G473QET3Z, STM32G473RET3Z, STM32G474CCT6, STM32G491RET3Z, STM32H503CBT6, STM32H503CBU6, STM32H503EBY6TR, STM32H503KBU6, STM32H503RBT6, STM32H523CCT6, STM32H523CCU6, STM32H523CET6, STM32H523CEU6, STM32H523HEY6TR, STM32H523RCT6, STM32H523RET6, STM32H523VCI6, STM32H523VCT6, STM32H523VEI6, STM32H523VET6, STM32H523ZCJ6, STM32H523ZCT6, STM32H523ZEJ6, STM32H523ZET6, STM32H533CET6, STM32H533CEU6, STM32H533HEY6TR, STM32H533RET6, STM32H533VEI6, STM32H533VET6, STM32H533ZEJ6, STM32H533ZET6, STM32H562AGI6, STM32H562AII6, STM32H562IGK6, STM32H562IGT6, STM32H562IIK6, STM32H562IIT6, STM32H562RGT6, STM32H562RGV6, STM32H562RIT6, STM32H562RIV6, STM32H562VGT6, STM32H562VIT6, STM32H562ZGT6, STM32H562ZIT6, STM32H563AGI6, STM32H563AII3Q, STM32H563AII6, STM32H563IGK6, STM32H563IGT6, STM32H563IIK3Q, STM32H563IIK6, STM32H563IIT3Q, STM32H563IIT6, STM32H563MIY3QTR, STM32H563RGT6, STM32H563RGV6, STM32H563RIT6, STM32H563RIV6, STM32H563VGT6, STM32H563VIT3Q, STM32H563VIT6, STM32H563ZGT6, STM32H563ZIT3Q, STM32H563ZIT6, STM32H573AII3Q, STM32H573AII6, STM32H573I-DK, STM32H573IIK3Q, STM32H573IIK6, STM32H573IIT3Q, STM32H573IIT6, STM32H573MIY3QTR, STM32H573RIT6, STM32H573RIV6, STM32H573VIT3Q, STM32H573VIT6, STM32H573ZIT3Q, STM32H573ZIT6, STM32H7R3A8I6, STM32H7R3I8K6, STM32H7R3I8T6, STM32H7R3L8H6, STM32H7R3L8H6H, STM32H7R3R8V6, STM32H7R3V8H6, STM32H7R3V8T6, STM32H7R3V8Y6TR, STM32H7R3Z8J6, STM32H7R3Z8T6, STM32H7R7A8I6, STM32H7R7I8K6, STM32H7R7I8T6, STM32H7R7L8H6, STM32H7R7L8H6H, STM32H7R7Z8J6, STM32H7S3A8I6, STM32H7S3I8K6, STM32H7S3I8T6, STM32H7S3L8H6, STM32H7S3L8H6H, STM32H7S3R8V6, STM32H7S3V8H6, STM32H7S3V8T6, STM32H7S3V8Y6TR, STM32H7S3Z8J6, STM32H7S3Z8T6, STM32H7S78-DK, STM32H7S7A8I6, STM32H7S7I8K6, STM32H7S7I8T6, STM32H7S7L8H6, STM32H7S7L8H6H, STM32H7S7Z8J6, STM32L4R5QGI6STR, STM32MP131AAE3, STM32MP131AAF3, STM32MP131AAG3, STM32MP131CAE3, STM32MP131CAF3, STM32MP131CAG3, STM32MP131DAE7, STM32MP131DAF7, STM32MP131DAG7, STM32MP131FAE7, STM32MP131FAF7, STM32MP131FAG7, STM32MP133AAE3, STM32MP133AAF3, STM32MP133AAG3, STM32MP133CAE3, STM32MP133CAF3, STM32MP133CAG3, STM32MP133DAE7, STM32MP133DAF7, STM32MP133DAG7, STM32MP133FAE7, STM32MP133FAF7, STM32MP133FAG7, STM32MP135AAE3, STM32MP135AAF3, STM32MP135AAG3, STM32MP135CAE3, STM32MP135CAF3, STM32MP135CAG3, STM32MP135DAE7, STM32MP135DAF7, STM32MP135DAG7, STM32MP135F-DK, STM32MP135FAE7, STM32MP135FAF7, STM32MP135FAF7T, STM32MP135FAF7U, STM32MP135FAG7, STM32MP231AAJ3, STM32MP231AAK3, STM32MP231AAL3, STM32MP231CAJ3, STM32MP231CAK3, STM32MP231CAL3, STM32MP231DAJ3, STM32MP231DAK3, STM32MP231DAL3, STM32MP231FAJ3, STM32MP231FAK3, STM32MP231FAL3, STM32MP233AAJ3, STM32MP233AAK3, STM32MP233AAL3, STM32MP233CAJ3, STM32MP233CAK3, STM32MP233CAL3, STM32MP233DAJ3, STM32MP233DAK3, STM32MP233DAL3, STM32MP233FAJ3, STM32MP233FAK3, STM32MP233FAL3, STM32MP235AAJ3, STM32MP235AAK3, STM32MP235AAL3, STM32MP235CAJ3, STM32MP235CAK3, STM32MP235CAL3, STM32MP235DAJ3, STM32MP235DAK3, STM32MP235DAL3, STM32MP235FAJ3, STM32MP235FAK3, STM32MP235FAL3, STM32MP251AAI3, STM32MP251AAJ3, STM32MP251AAK3, STM32MP251AAL3, STM32MP251CAI3, STM32MP251CAJ3, STM32MP251CAK3, STM32MP251CAL3, STM32MP251DAI3, STM32MP251DAJ3, STM32MP251DAK3, STM32MP251DAL3, STM32MP251FAI3, STM32MP251FAJ3, STM32MP251FAK3, STM32MP251FAL3, STM32MP253AAI3, STM32MP253AAJ3, STM32MP253AAK3, STM32MP253AAL3, STM32MP253CAI3, STM32MP253CAJ3, STM32MP253CAK3, STM32MP253CAL3, STM32MP253DAI3, STM32MP253DAJ3, STM32MP253DAK3, STM32MP253DAL3, STM32MP253FAI3, STM32MP253FAJ3, STM32MP253FAK3, STM32MP253FAL3, STM32MP255AAI3, STM32MP255AAJ3, STM32MP255AAK3, STM32MP255AAL3, STM32MP255CAI3, STM32MP255CAJ3, STM32MP255CAK3, STM32MP255CAL3, STM32MP255DAI3, STM32MP255DAJ3, STM32MP255DAK3, STM32MP255DAL3, STM32MP255FAI3, STM32MP255FAJ3, STM32MP255FAK3, STM32MP255FAL3, STM32MP257AAI3, STM32MP257AAJ3, STM32MP257AAK3, STM32MP257AAL3, STM32MP257CAI3, STM32MP257CAJ3, STM32MP257CAK3, STM32MP257CAL3, STM32MP257DAI3, STM32MP257DAJ3, STM32MP257DAK3, STM32MP257DAL3, STM32MP257F-DK, STM32MP257F-EV1, STM32MP257FAI3, STM32MP257FAJ3, STM32MP257FAK3, STM32MP257FAL3, STM32N645A0H3Q, STM32N645B0H3Q, STM32N645I0H3Q, STM32N645L0H3Q, STM32N645X0H3Q, STM32N645Z0H3Q, STM32N647A0H3Q, STM32N647B0H3Q, STM32N647I0H3Q, STM32N647L0H3Q, STM32N647X0H3Q, STM32N647Z0H3Q, STM32N655A0H3Q, STM32N655B0H3Q, STM32N655I0H3Q, STM32N655L0H3Q, STM32N655X0H3Q, STM32N655Z0H3Q, STM32N6570-DK, STM32N657A0H3Q, STM32N657B0H3Q, STM32N657I0H3Q, STM32N657L0H3Q, STM32N657X0H3Q, STM32N657Z0H3Q, STM32U031C6T6, STM32U031C6U6, STM32U031C8T6, STM32U031C8U6, STM32U031F4P6, STM32U031F6P6, STM32U031F8P6, STM32U031G6Y6TR, STM32U031G8Y6TR, STM32U031K4U6, STM32U031K6U6, STM32U031K8U6, STM32U031R6I6, STM32U031R6T6, STM32U031R8I6, STM32U031R8T6, STM32U073C8T6, STM32U073C8U6, STM32U073CBT6, STM32U073CBU6, STM32U073CCT6, STM32U073CCU6, STM32U073H8Y6TR, STM32U073HBY6TR, STM32U073HCY6TR, STM32U073K8U6, STM32U073KBU6, STM32U073KCU6, STM32U073M8I6, STM32U073M8T6, STM32U073MBI6, STM32U073MBT6, STM32U073MCI6, STM32U073MCT6, STM32U073R8I6, STM32U073R8T6, STM32U073RBI6, STM32U073RBT6, STM32U073RCI6, STM32U073RCT6, STM32U083C-DK, STM32U083CCT6, STM32U083CCU6, STM32U083HCY6TR, STM32U083KCU6, STM32U083MCI6, STM32U083MCT6, STM32U083RCI6, STM32U083RCT6, STM32U375CET6, STM32U375CET6Q, STM32U375CEU6, STM32U375CEU6Q, STM32U375CEY6QTR, STM32U375CGT6, STM32U375CGT6Q, STM32U375CGU6, STM32U375CGU6Q, STM32U375CGY6QTR, STM32U375KEU6, STM32U375KGU6, STM32U375REI6, STM32U375REI6Q, STM32U375RET6, STM32U375RET6Q, STM32U375REY6GTR, STM32U375REY6QTR, STM32U375RGI6, STM32U375RGI6Q, STM32U375RGT6, STM32U375RGT6Q, STM32U375RGY6GTR, STM32U375RGY6QTR, STM32U375VEI6, STM32U375VEI6Q, STM32U375VET6, STM32U375VET6Q, STM32U375VGI6, STM32U375VGI6Q, STM32U375VGT6, STM32U375VGT6Q, STM32U385CGT6, STM32U385CGT6Q, STM32U385CGU6, STM32U385CGU6Q, STM32U385CGY6QTR, STM32U385KGU6, STM32U385RGI6, STM32U385RGI6Q, STM32U385RGT6, STM32U385RGT6Q, STM32U385RGY6GTR, STM32U385RGY6QTR, STM32U385VGI6, STM32U385VGI6Q, STM32U385VGT6, STM32U385VGT6Q, STM32U535CBT6, STM32U535CBT6Q, STM32U535CBU6, STM32U535CBU6Q, STM32U535CCT6, STM32U535CCT6Q, STM32U535CCU6, STM32U535CCU6Q, STM32U535CET6, STM32U535CET6Q, STM32U535CEU6, STM32U535CEU6Q, STM32U535JEY6QTR, STM32U535NCY6QTR, STM32U535NEY6QTR, STM32U535RBI6, STM32U535RBI6Q, STM32U535RBT6, STM32U535RBT6Q, STM32U535RCI6, STM32U535RCI6Q, STM32U535RCT6, STM32U535RCT6Q, STM32U535REI6, STM32U535REI6Q, STM32U535RET6, STM32U535RET6Q, STM32U535VCI6, STM32U535VCI6Q, STM32U535VCT6, STM32U535VCT6Q, STM32U535VEI6, STM32U535VEI6Q, STM32U535VET6, STM32U535VET6Q, STM32U545CET6, STM32U545CET6Q, STM32U545CEU6, STM32U545CEU6Q, STM32U545JEY6QTR, STM32U545NEY6QTR, STM32U545REI6, STM32U545REI6Q, STM32U545RET6, STM32U545RET6Q, STM32U545VEI6, STM32U545VEI6Q, STM32U545VET6, STM32U545VET6Q, STM32U595AIH6, STM32U595AIH6Q, STM32U595AJH6, STM32U595AJH6Q, STM32U595QII6, STM32U595QII6Q, STM32U595QJI6, STM32U595QJI6Q, STM32U595RIT6, STM32U595RIT6Q, STM32U595RJT6, STM32U595RJT6Q, STM32U595VIT6, STM32U595VIT6Q, STM32U595VJT6, STM32U595VJT6Q, STM32U595ZIT6, STM32U595ZIT6Q, STM32U595ZIY6QTR, STM32U595ZJT6, STM32U595ZJT6Q, STM32U595ZJY6QTR, STM32U599BJY6QTR, STM32U599NIH6Q, STM32U599NJH6Q, STM32U599VIT6Q, STM32U599VJT6, STM32U599VJT6Q, STM32U599ZIT6Q, STM32U599ZIY6QTR, STM32U599ZJT6Q, STM32U599ZJY6QTR, STM32U5A5AJH6, STM32U5A5AJH6Q, STM32U5A5QII3Q , STM32U5A5QJI6, STM32U5A5QJI6Q, STM32U5A5RJT6, STM32U5A5RJT6Q, STM32U5A5VJT6, STM32U5A5VJT6Q, STM32U5A5ZJT6, STM32U5A5ZJT6Q, STM32U5A5ZJY6QTR, STM32U5A9BJY6QTR, STM32U5A9J-DK, STM32U5A9NJH6Q, STM32U5A9VJT6Q, STM32U5A9ZJT6Q, STM32U5A9ZJY6QTR, STM32U5F7VIT6, STM32U5F7VIT6Q, STM32U5F7VJT6, STM32U5F7VJT6Q, STM32U5F9BJY6QTR, STM32U5F9NJH6Q, STM32U5F9VIT6Q, STM32U5F9VJT6Q, STM32U5F9ZIJ6QTR, STM32U5F9ZIT6Q, STM32U5F9ZJJ6QTR, STM32U5F9ZJT6Q, STM32U5G7VJT6, STM32U5G7VJT6Q, STM32U5G9BJY6QTR, STM32U5G9J-DK1, STM32U5G9J-DK2, STM32U5G9NJH6Q, STM32U5G9VJT6Q, STM32U5G9ZJJ6QTR, STM32U5G9ZJT6Q, STM32WB05KZV6TR, STM32WB05KZV7TR, STM32WB05TZF6TR, STM32WB05TZF7TR, STM32WB06CCF6TR, STM32WB06CCF7TR, STM32WB06CCV6TR, STM32WB06CCV7TR, STM32WB06KCV6TR, STM32WB06KCV7TR, STM32WB07CCF6TR, STM32WB07CCF7TR, STM32WB07CCV6TR, STM32WB07CCV7TR, STM32WB07KCV6TR, STM32WB07KCV7TR, STM32WB09KEV6TR, STM32WB09KEV7TR, STM32WB09TEF6TR, STM32WB09TEF7TR, STM32WB1MMCH6, STM32WBA50KGU6, STM32WBA50KGU6TR, STM32WBA52CEU6, STM32WBA52CEU6TR, STM32WBA52CEU7, STM32WBA52CEU7TR, STM32WBA52CGU6, STM32WBA52CGU6TR, STM32WBA52CGU6U, STM32WBA52CGU7, STM32WBA52CGU7TR, STM32WBA52KEU6, STM32WBA52KEU6TR, STM32WBA52KGU6, STM32WBA52KGU6TR, STM32WBA54CEU6, STM32WBA54CEU6TR, STM32WBA54CEU7, STM32WBA54CEU7TR, STM32WBA54CGU6, STM32WBA54CGU6TR, STM32WBA54CGU7, STM32WBA54CGU7TR, STM32WBA54KEU6, STM32WBA54KEU6TR, STM32WBA54KEU7, STM32WBA54KEU7TR, STM32WBA54KGU6, STM32WBA54KGU6TR, STM32WBA54KGU7, STM32WBA54KGU7TR, STM32WBA55CEU6, STM32WBA55CEU6TR, STM32WBA55CEU7, STM32WBA55CEU7TR, STM32WBA55CGU6, STM32WBA55CGU6TR, STM32WBA55CGU6U, STM32WBA55CGU7, STM32WBA55CGU7TR, STM32WBA55G-DK1, STM32WBA55HEF6, STM32WBA55HEF7, STM32WBA55HGF6, STM32WBA55HGF7, STM32WBA55UEI6, STM32WBA55UEI6TR, STM32WBA55UEI7, STM32WBA55UEI7TR, STM32WBA55UGI6, STM32WBA55UGI6TR, STM32WBA55UGI7, STM32WBA55UGI7TR, STM32WBA5MJGH6TR, STM32WBA62CGU6, STM32WBA62CIU6, STM32WBA62MGF6, STM32WBA62MIF6, STM32WBA62PGI6, STM32WBA62PII6, STM32WBA63CGU6, STM32WBA63CGU7, STM32WBA63CIU6, STM32WBA63CIU7, STM32WBA64CGU6, STM32WBA64CGU7, STM32WBA64CIU6, STM32WBA64CIU7, STM32WBA65CGU6, STM32WBA65CGU7, STM32WBA65CIU6, STM32WBA65CIU7, STM32WBA65I-DK1, STM32WBA65MGF6, STM32WBA65MGF7, STM32WBA65MIF6, STM32WBA65MIF7, STM32WBA65PGI6, STM32WBA65PGI7, STM32WBA65PII6, STM32WBA65PII7, STM32WBA65RGV6, STM32WBA65RGV7, STM32WBA65RIV6, STM32WBA65RIV7, STM32WL30K8V6, STM32WL30KBV6, STM32WL31C8V6, STM32WL31CBV6, STM32WL31K8V6, STM32WL31KBV6, STM32WL33C8V6, STM32WL33C8V6TR, STM32WL33C8V7, STM32WL33C8V7TR, STM32WL33CBV6, STM32WL33CBV6TR, STM32WL33CBV7, STM32WL33CBV7TR, STM32WL33CCV6, STM32WL33CCV6TR, STM32WL33CCV7, STM32WL33CCV7A, STM32WL33CCV7ATR, STM32WL33CCV7TR, STM32WL33K8V6, STM32WL33K8V6TR, STM32WL33K8V7, STM32WL33K8V7TR, STM32WL33KBV6, STM32WL33KBV6TR, STM32WL33KBV7, STM32WL33KBV7TR, STM32WL33KCV6, STM32WL33KCV6TR, STM32WL33KCV7, STM32WL33KCV7TR, STM32WL5MOCH6, STM32WL5MOCH6TR]
2026-08-13 22:39:42,550 [INFO] ApiDb:668 - CubeFinder database Data Model version=2.1
2026-08-13 22:39:42,550 [INFO] ApiDb:669 - CubeFinder database Configuration version=3.0.42
2026-08-13 22:39:42,550 [INFO] ApiDb:670 - CubeFinder database generation date=2026-06-23 (1782213372)
2026-08-13 22:39:42,550 [INFO] ApiDb:671 - CubeFinder database FW Pack versions=[FP-ATR-ASTRA1_V2.0.0, FP-SNS-FLIGHT1_V5.1.0, FP-SNS-MOTENV1_V5.1.0, FP-SNS-MOTENVWB1_V1.5.0, FP-SNS-SMARTAG2_V1.2.0, FP-SNS-STBOX1_V2.1.0, STM32Cube_FW_C0_V1.4.0, STM32Cube_FW_F4_V1.28.3, STM32Cube_FW_F7_V1.17.4, STM32Cube_FW_G0_V1.6.3, STM32Cube_FW_G4_V1.6.2, STM32Cube_FW_H5_V1.7.0, STM32Cube_FW_H7RS_V1.3.0, STM32Cube_FW_H7_V1.13.0, STM32Cube_FW_L0_V1.12.2, STM32Cube_FW_L4_V1.18.2, STM32Cube_FW_L5_V1.6.0, STM32Cube_FW_N6_V1.4.0, STM32Cube_FW_U0_V1.3.0, STM32Cube_FW_U3_V1.4.0, STM32Cube_FW_U5_V1.9.0, STM32Cube_FW_WB0_V1.5.0, STM32Cube_FW_WBA_V1.10.0, STM32Cube_FW_WB_V1.24.0, STM32Cube_FW_WL3_V1.5.0, STM32Cube_FW_WL_V1.6.0, X-CUBE-ALGOBUILD_V1.5.0, X-CUBE-ALS_V1.0.2, X-CUBE-AZRTOS-F4_V1.1.0, X-CUBE-AZRTOS-F7_V1.1.0, X-CUBE-AZRTOS-G0_V1.1.0, X-CUBE-AZRTOS-G4_V2.0.0, X-CUBE-AZRTOS-H7RS_V1.1.0, X-CUBE-AZRTOS-H7_V3.5.0, X-CUBE-AZRTOS-L4_V2.0.0, X-CUBE-AZRTOS-L5_V2.0.0, X-CUBE-AZRTOS-WB_V2.0.0, X-CUBE-AZRTOS-WL_V2.0.0, X-CUBE-BLE1_V7.1.0, X-CUBE-BLE2_V3.3.0, X-CUBE-BLEMGR_V4.1.0, X-CUBE-EEPRMA1_V5.2.0, X-CUBE-FREERTOS_V1.5.0, X-CUBE-GNSS1_V7.1.1, X-CUBE-MEMS1_V12.1.0, X-CUBE-NFC4_V3.0.0, X-CUBE-NFC7_V2.0.0, X-CUBE-SFXS2LP1_V4.0.0, X-CUBE-ST67W61_V1.3.0, X-CUBE-SUBG2_V5.0.0, X-CUBE-TOF1_V3.4.3]
2026-08-13 22:39:44,473 [INFO] ApiDb:240 - Found 895 in-development CPN: [B-G473E-ZEST1S, B-WB1M-WPAN1, B-WBA5M-WPAN, B-WL5M-SUBG1, NUCLEO-C031C6, NUCLEO-C051C8, NUCLEO-C071RB, NUCLEO-C092RC, NUCLEO-H503RB, NUCLEO-H533RE, NUCLEO-H563ZI, NUCLEO-H7S3L8, NUCLEO-N657X0-Q, NUCLEO-U031R8, NUCLEO-U083RC, NUCLEO-U385RG-Q, NUCLEO-U545RE-Q, NUCLEO-U5A5ZJ-Q, NUCLEO-WB05KZ, NUCLEO-WB07CC, NUCLEO-WB09KE, NUCLEO-WBA52CG, NUCLEO-WBA55CG, NUCLEO-WBA65RI, NUCLEO-WL33CC1, NUCLEO-WL33CC2, STEVAL-PROTEUS1, STEVAL-SMARTAG2, STEVAL-STWINBX1, STM320518-EVAL, STM32C0116-DK, STM32C011D6Y3TR, STM32C011D6Y6TR, STM32C011F4P3, STM32C011F4P6, STM32C011F4U3, STM32C011F4U6TR, STM32C011F6P3, STM32C011F6P6, STM32C011F6U3, STM32C011F6U6TR, STM32C011J4M3, STM32C011J4M6, STM32C011J6M3, STM32C011J6M6, STM32C0316-DK, STM32C031C4T3, STM32C031C4T6, STM32C031C4U3, STM32C031C4U6, STM32C031C6T3, STM32C031C6T6, STM32C031C6U3, STM32C031C6U6, STM32C031F4P3, STM32C031F4P6, STM32C031F6P3, STM32C031F6P6, STM32C031G4U3, STM32C031G4U6, STM32C031G6U3, STM32C031G6U6, STM32C031K4T3, STM32C031K4T6, STM32C031K4U3, STM32C031K4U6, STM32C031K6T3, STM32C031K6T6, STM32C031K6U3, STM32C031K6U6, STM32C051C6T6, STM32C051C6U6, STM32C051C8T6, STM32C051C8U6, STM32C051D8Y6TR, STM32C051F6P6, STM32C051F8P6, STM32C051G6U6, STM32C051G8U6, STM32C051K6T6, STM32C051K6U6, STM32C051K8T6, STM32C071C8T6, STM32C071C8T6N, STM32C071C8U6, STM32C071C8U6N, STM32C071CBT6, STM32C071CBT6N, STM32C071CBU6, STM32C071CBU6N, STM32C071F8P6, STM32C071F8P6N, STM32C071FBP6, STM32C071FBP6N, STM32C071FBY6TR, STM32C071G8U6, STM32C071G8U6N, STM32C071GBU6, STM32C071GBU6N, STM32C071K8T6, STM32C071K8T6N, STM32C071K8U6, STM32C071K8U6N, STM32C071KBT6, STM32C071KBT6N, STM32C071KBU6, STM32C071KBU6N, STM32C071R8T6, STM32C071R8T6N, STM32C071RBI6N, STM32C071RBT6, STM32C071RBT6N, STM32C091CBT6, STM32C091CBU6, STM32C091CCT6, STM32C091CCU6, STM32C091ECY6TR, STM32C091FBP6, STM32C091FCP6, STM32C091GBU6, STM32C091GCU6, STM32C091KBT6, STM32C091KBU6, STM32C091KCT6, STM32C091KCU6, STM32C091RBT6, STM32C091RCI6, STM32C091RCT6, STM32C092CBT6, STM32C092CBU6, STM32C092CCT6, STM32C092CCU6, STM32C092ECY6TR, STM32C092FBP6, STM32C092FCP6, STM32C092GBU6, STM32C092GCU6, STM32C092KBT6, STM32C092KBU6, STM32C092KCT6, STM32C092KCU6, STM32C092RBT6, STM32C092RCI6, STM32C092RCT6, STM32G071K8TXN, STM32G071K8UXN, STM32G081GBU6N, STM32G081KBT6N, STM32G081KBUXN, STM32G0B1CCT6N, STM32G0B1KCT6, STM32G0B1NEY6TR, STM32G0B1RCT6N, STM32G0C1CCT6, STM32G0C1CCT6N, STM32G0C1CCU6N, STM32G0C1CET6N, STM32G0C1CEU6N, STM32G0C1KCT6, STM32G0C1NEY6TR, STM32G0C1RCI6N, STM32G0C1RCT6N, STM32G0C1REI6N, STM32G0C1RET6N, STM32G0C1VCI6, STM32G0C1VEI6, STM32G411C6T3, STM32G411C6T6, STM32G411C6U3, STM32G411C6U6, STM32G411C8T3, STM32G411C8T6, STM32G411C8U3, STM32G411C8U6, STM32G411CBT3, STM32G411CBT6, STM32G411CBU3, STM32G411CBU6, STM32G411CCT3, STM32G411CCT6, STM32G411CCU3, STM32G411CCU6, STM32G411K6T3, STM32G411K6T6, STM32G411K6U3, STM32G411K6U6, STM32G411K8T3, STM32G411K8T6, STM32G411K8U3, STM32G411K8U6, STM32G411KBT3, STM32G411KBT6, STM32G411KBU3, STM32G411KBU6, STM32G411M6T3, STM32G411M6T6, STM32G411M8T3, STM32G411M8T6, STM32G411MBT3, STM32G411MBT6, STM32G411MCT3, STM32G411MCT6, STM32G411R6T3, STM32G411R6T6, STM32G411R8T3, STM32G411R8T6, STM32G411RBT3, STM32G411RBT6, STM32G411RCT3, STM32G411RCT6, STM32G414CBT3, STM32G414CBT6, STM32G414CBU3, STM32G414CBU6, STM32G414CCT3, STM32G414CCT6, STM32G414CCU3, STM32G414CCU6, STM32G414MBT3, STM32G414MBT6, STM32G414MCT3, STM32G414MCT6, STM32G414RBT3, STM32G414RBT6, STM32G414RCT3, STM32G414RCT6, STM32G414VBT3, STM32G414VBT6, STM32G414VCT3, STM32G414VCT6, STM32G431CBT3Z, STM32G431RBT3Z, STM32G471CCT6, STM32G471CCU6, STM32G471CET3, STM32G471CET6, STM32G471CEU3, STM32G471CEU6, STM32G471MCT6, STM32G471MET3, STM32G471MET6, STM32G471MEY6TR, STM32G471QCT6, STM32G471QET3, STM32G471RCT6, STM32G471RET3, STM32G471RET6, STM32G471VCH6, STM32G471VCI6, STM32G471VCT6, STM32G471VEH3, STM32G471VEH6, STM32G471VEI3, STM32G471VEI6, STM32G471VET3, STM32G471VET6, STM32G473QET3Z, STM32G473RET3Z, STM32G474CCT6, STM32G491RET3Z, STM32H503CBT6, STM32H503CBU6, STM32H503EBY6TR, STM32H503KBU6, STM32H503RBT6, STM32H523CCT6, STM32H523CCU6, STM32H523CET6, STM32H523CEU6, STM32H523HEY6TR, STM32H523RCT6, STM32H523RET6, STM32H523VCI6, STM32H523VCT6, STM32H523VEI6, STM32H523VET6, STM32H523ZCJ6, STM32H523ZCT6, STM32H523ZEJ6, STM32H523ZET6, STM32H533CET6, STM32H533CEU6, STM32H533HEY6TR, STM32H533RET6, STM32H533VEI6, STM32H533VET6, STM32H533ZEJ6, STM32H533ZET6, STM32H562AGI6, STM32H562AII6, STM32H562IGK6, STM32H562IGT6, STM32H562IIK6, STM32H562IIT6, STM32H562RGT6, STM32H562RGV6, STM32H562RIT6, STM32H562RIV6, STM32H562VGT6, STM32H562VIT6, STM32H562ZGT6, STM32H562ZIT6, STM32H563AGI6, STM32H563AII3Q, STM32H563AII6, STM32H563IGK6, STM32H563IGT6, STM32H563IIK3Q, STM32H563IIK6, STM32H563IIT3Q, STM32H563IIT6, STM32H563MIY3QTR, STM32H563RGT6, STM32H563RGV6, STM32H563RIT6, STM32H563RIV6, STM32H563VGT6, STM32H563VIT3Q, STM32H563VIT6, STM32H563ZGT6, STM32H563ZIT3Q, STM32H563ZIT6, STM32H573AII3Q, STM32H573AII6, STM32H573I-DK, STM32H573IIK3Q, STM32H573IIK6, STM32H573IIT3Q, STM32H573IIT6, STM32H573MIY3QTR, STM32H573RIT6, STM32H573RIV6, STM32H573VIT3Q, STM32H573VIT6, STM32H573ZIT3Q, STM32H573ZIT6, STM32H7R3A8I6, STM32H7R3I8K6, STM32H7R3I8T6, STM32H7R3L8H6, STM32H7R3L8H6H, STM32H7R3R8V6, STM32H7R3V8H6, STM32H7R3V8T6, STM32H7R3V8Y6TR, STM32H7R3Z8J6, STM32H7R3Z8T6, STM32H7R7A8I6, STM32H7R7I8K6, STM32H7R7I8T6, STM32H7R7L8H6, STM32H7R7L8H6H, STM32H7R7Z8J6, STM32H7S3A8I6, STM32H7S3I8K6, STM32H7S3I8T6, STM32H7S3L8H6, STM32H7S3L8H6H, STM32H7S3R8V6, STM32H7S3V8H6, STM32H7S3V8T6, STM32H7S3V8Y6TR, STM32H7S3Z8J6, STM32H7S3Z8T6, STM32H7S78-DK, STM32H7S7A8I6, STM32H7S7I8K6, STM32H7S7I8T6, STM32H7S7L8H6, STM32H7S7L8H6H, STM32H7S7Z8J6, STM32L4R5QGI6STR, STM32MP131AAE3, STM32MP131AAF3, STM32MP131AAG3, STM32MP131CAE3, STM32MP131CAF3, STM32MP131CAG3, STM32MP131DAE7, STM32MP131DAF7, STM32MP131DAG7, STM32MP131FAE7, STM32MP131FAF7, STM32MP131FAG7, STM32MP133AAE3, STM32MP133AAF3, STM32MP133AAG3, STM32MP133CAE3, STM32MP133CAF3, STM32MP133CAG3, STM32MP133DAE7, STM32MP133DAF7, STM32MP133DAG7, STM32MP133FAE7, STM32MP133FAF7, STM32MP133FAG7, STM32MP135AAE3, STM32MP135AAF3, STM32MP135AAG3, STM32MP135CAE3, STM32MP135CAF3, STM32MP135CAG3, STM32MP135DAE7, STM32MP135DAF7, STM32MP135DAG7, STM32MP135F-DK, STM32MP135FAE7, STM32MP135FAF7, STM32MP135FAF7T, STM32MP135FAF7U, STM32MP135FAG7, STM32MP231AAJ3, STM32MP231AAK3, STM32MP231AAL3, STM32MP231CAJ3, STM32MP231CAK3, STM32MP231CAL3, STM32MP231DAJ3, STM32MP231DAK3, STM32MP231DAL3, STM32MP231FAJ3, STM32MP231FAK3, STM32MP231FAL3, STM32MP233AAJ3, STM32MP233AAK3, STM32MP233AAL3, STM32MP233CAJ3, STM32MP233CAK3, STM32MP233CAL3, STM32MP233DAJ3, STM32MP233DAK3, STM32MP233DAL3, STM32MP233FAJ3, STM32MP233FAK3, STM32MP233FAL3, STM32MP235AAJ3, STM32MP235AAK3, STM32MP235AAL3, STM32MP235CAJ3, STM32MP235CAK3, STM32MP235CAL3, STM32MP235DAJ3, STM32MP235DAK3, STM32MP235DAL3, STM32MP235FAJ3, STM32MP235FAK3, STM32MP235FAL3, STM32MP251AAI3, STM32MP251AAJ3, STM32MP251AAK3, STM32MP251AAL3, STM32MP251CAI3, STM32MP251CAJ3, STM32MP251CAK3, STM32MP251CAL3, STM32MP251DAI3, STM32MP251DAJ3, STM32MP251DAK3, STM32MP251DAL3, STM32MP251FAI3, STM32MP251FAJ3, STM32MP251FAK3, STM32MP251FAL3, STM32MP253AAI3, STM32MP253AAJ3, STM32MP253AAK3, STM32MP253AAL3, STM32MP253CAI3, STM32MP253CAJ3, STM32MP253CAK3, STM32MP253CAL3, STM32MP253DAI3, STM32MP253DAJ3, STM32MP253DAK3, STM32MP253DAL3, STM32MP253FAI3, STM32MP253FAJ3, STM32MP253FAK3, STM32MP253FAL3, STM32MP255AAI3, STM32MP255AAJ3, STM32MP255AAK3, STM32MP255AAL3, STM32MP255CAI3, STM32MP255CAJ3, STM32MP255CAK3, STM32MP255CAL3, STM32MP255DAI3, STM32MP255DAJ3, STM32MP255DAK3, STM32MP255DAL3, STM32MP255FAI3, STM32MP255FAJ3, STM32MP255FAK3, STM32MP255FAL3, STM32MP257AAI3, STM32MP257AAJ3, STM32MP257AAK3, STM32MP257AAL3, STM32MP257CAI3, STM32MP257CAJ3, STM32MP257CAK3, STM32MP257CAL3, STM32MP257DAI3, STM32MP257DAJ3, STM32MP257DAK3, STM32MP257DAL3, STM32MP257F-DK, STM32MP257F-EV1, STM32MP257FAI3, STM32MP257FAJ3, STM32MP257FAK3, STM32MP257FAL3, STM32N645A0H3Q, STM32N645B0H3Q, STM32N645I0H3Q, STM32N645L0H3Q, STM32N645X0H3Q, STM32N645Z0H3Q, STM32N647A0H3Q, STM32N647B0H3Q, STM32N647I0H3Q, STM32N647L0H3Q, STM32N647X0H3Q, STM32N647Z0H3Q, STM32N655A0H3Q, STM32N655B0H3Q, STM32N655I0H3Q, STM32N655L0H3Q, STM32N655X0H3Q, STM32N655Z0H3Q, STM32N6570-DK, STM32N657A0H3Q, STM32N657B0H3Q, STM32N657I0H3Q, STM32N657L0H3Q, STM32N657X0H3Q, STM32N657Z0H3Q, STM32U031C6T6, STM32U031C6U6, STM32U031C8T6, STM32U031C8U6, STM32U031F4P6, STM32U031F6P6, STM32U031F8P6, STM32U031G6Y6TR, STM32U031G8Y6TR, STM32U031K4U6, STM32U031K6U6, STM32U031K8U6, STM32U031R6I6, STM32U031R6T6, STM32U031R8I6, STM32U031R8T6, STM32U073C8T6, STM32U073C8U6, STM32U073CBT6, STM32U073CBU6, STM32U073CCT6, STM32U073CCU6, STM32U073H8Y6TR, STM32U073HBY6TR, STM32U073HCY6TR, STM32U073K8U6, STM32U073KBU6, STM32U073KCU6, STM32U073M8I6, STM32U073M8T6, STM32U073MBI6, STM32U073MBT6, STM32U073MCI6, STM32U073MCT6, STM32U073R8I6, STM32U073R8T6, STM32U073RBI6, STM32U073RBT6, STM32U073RCI6, STM32U073RCT6, STM32U083C-DK, STM32U083CCT6, STM32U083CCU6, STM32U083HCY6TR, STM32U083KCU6, STM32U083MCI6, STM32U083MCT6, STM32U083RCI6, STM32U083RCT6, STM32U375CET6, STM32U375CET6Q, STM32U375CEU6, STM32U375CEU6Q, STM32U375CEY6QTR, STM32U375CGT6, STM32U375CGT6Q, STM32U375CGU6, STM32U375CGU6Q, STM32U375CGY6QTR, STM32U375KEU6, STM32U375KGU6, STM32U375REI6, STM32U375REI6Q, STM32U375RET6, STM32U375RET6Q, STM32U375REY6GTR, STM32U375REY6QTR, STM32U375RGI6, STM32U375RGI6Q, STM32U375RGT6, STM32U375RGT6Q, STM32U375RGY6GTR, STM32U375RGY6QTR, STM32U375VEI6, STM32U375VEI6Q, STM32U375VET6, STM32U375VET6Q, STM32U375VGI6, STM32U375VGI6Q, STM32U375VGT6, STM32U375VGT6Q, STM32U385CGT6, STM32U385CGT6Q, STM32U385CGU6, STM32U385CGU6Q, STM32U385CGY6QTR, STM32U385KGU6, STM32U385RGI6, STM32U385RGI6Q, STM32U385RGT6, STM32U385RGT6Q, STM32U385RGY6GTR, STM32U385RGY6QTR, STM32U385VGI6, STM32U385VGI6Q, STM32U385VGT6, STM32U385VGT6Q, STM32U535CBT6, STM32U535CBT6Q, STM32U535CBU6, STM32U535CBU6Q, STM32U535CCT6, STM32U535CCT6Q, STM32U535CCU6, STM32U535CCU6Q, STM32U535CET6, STM32U535CET6Q, STM32U535CEU6, STM32U535CEU6Q, STM32U535JEY6QTR, STM32U535NCY6QTR, STM32U535NEY6QTR, STM32U535RBI6, STM32U535RBI6Q, STM32U535RBT6, STM32U535RBT6Q, STM32U535RCI6, STM32U535RCI6Q, STM32U535RCT6, STM32U535RCT6Q, STM32U535REI6, STM32U535REI6Q, STM32U535RET6, STM32U535RET6Q, STM32U535VCI6, STM32U535VCI6Q, STM32U535VCT6, STM32U535VCT6Q, STM32U535VEI6, STM32U535VEI6Q, STM32U535VET6, STM32U535VET6Q, STM32U545CET6, STM32U545CET6Q, STM32U545CEU6, STM32U545CEU6Q, STM32U545JEY6QTR, STM32U545NEY6QTR, STM32U545REI6, STM32U545REI6Q, STM32U545RET6, STM32U545RET6Q, STM32U545VEI6, STM32U545VEI6Q, STM32U545VET6, STM32U545VET6Q, STM32U595AIH6, STM32U595AIH6Q, STM32U595AJH6, STM32U595AJH6Q, STM32U595QII6, STM32U595QII6Q, STM32U595QJI6, STM32U595QJI6Q, STM32U595RIT6, STM32U595RIT6Q, STM32U595RJT6, STM32U595RJT6Q, STM32U595VIT6, STM32U595VIT6Q, STM32U595VJT6, STM32U595VJT6Q, STM32U595ZIT6, STM32U595ZIT6Q, STM32U595ZIY6QTR, STM32U595ZJT6, STM32U595ZJT6Q, STM32U595ZJY6QTR, STM32U599BJY6QTR, STM32U599NIH6Q, STM32U599NJH6Q, STM32U599VIT6Q, STM32U599VJT6, STM32U599VJT6Q, STM32U599ZIT6Q, STM32U599ZIY6QTR, STM32U599ZJT6Q, STM32U599ZJY6QTR, STM32U5A5AJH6, STM32U5A5AJH6Q, STM32U5A5QII3Q , STM32U5A5QJI6, STM32U5A5QJI6Q, STM32U5A5RJT6, STM32U5A5RJT6Q, STM32U5A5VJT6, STM32U5A5VJT6Q, STM32U5A5ZJT6, STM32U5A5ZJT6Q, STM32U5A5ZJY6QTR, STM32U5A9BJY6QTR, STM32U5A9J-DK, STM32U5A9NJH6Q, STM32U5A9VJT6Q, STM32U5A9ZJT6Q, STM32U5A9ZJY6QTR, STM32U5F7VIT6, STM32U5F7VIT6Q, STM32U5F7VJT6, STM32U5F7VJT6Q, STM32U5F9BJY6QTR, STM32U5F9NJH6Q, STM32U5F9VIT6Q, STM32U5F9VJT6Q, STM32U5F9ZIJ6QTR, STM32U5F9ZIT6Q, STM32U5F9ZJJ6QTR, STM32U5F9ZJT6Q, STM32U5G7VJT6, STM32U5G7VJT6Q, STM32U5G9BJY6QTR, STM32U5G9J-DK1, STM32U5G9J-DK2, STM32U5G9NJH6Q, STM32U5G9VJT6Q, STM32U5G9ZJJ6QTR, STM32U5G9ZJT6Q, STM32WB05KZV6TR, STM32WB05KZV7TR, STM32WB05TZF6TR, STM32WB05TZF7TR, STM32WB06CCF6TR, STM32WB06CCF7TR, STM32WB06CCV6TR, STM32WB06CCV7TR, STM32WB06KCV6TR, STM32WB06KCV7TR, STM32WB07CCF6TR, STM32WB07CCF7TR, STM32WB07CCV6TR, STM32WB07CCV7TR, STM32WB07KCV6TR, STM32WB07KCV7TR, STM32WB09KEV6TR, STM32WB09KEV7TR, STM32WB09TEF6TR, STM32WB09TEF7TR, STM32WB1MMCH6, STM32WBA50KGU6, STM32WBA50KGU6TR, STM32WBA52CEU6, STM32WBA52CEU6TR, STM32WBA52CEU7, STM32WBA52CEU7TR, STM32WBA52CGU6, STM32WBA52CGU6TR, STM32WBA52CGU6U, STM32WBA52CGU7, STM32WBA52CGU7TR, STM32WBA52KEU6, STM32WBA52KEU6TR, STM32WBA52KGU6, STM32WBA52KGU6TR, STM32WBA54CEU6, STM32WBA54CEU6TR, STM32WBA54CEU7, STM32WBA54CEU7TR, STM32WBA54CGU6, STM32WBA54CGU6TR, STM32WBA54CGU7, STM32WBA54CGU7TR, STM32WBA54KEU6, STM32WBA54KEU6TR, STM32WBA54KEU7, STM32WBA54KEU7TR, STM32WBA54KGU6, STM32WBA54KGU6TR, STM32WBA54KGU7, STM32WBA54KGU7TR, STM32WBA55CEU6, STM32WBA55CEU6TR, STM32WBA55CEU7, STM32WBA55CEU7TR, STM32WBA55CGU6, STM32WBA55CGU6TR, STM32WBA55CGU6U, STM32WBA55CGU7, STM32WBA55CGU7TR, STM32WBA55G-DK1, STM32WBA55HEF6, STM32WBA55HEF7, STM32WBA55HGF6, STM32WBA55HGF7, STM32WBA55UEI6, STM32WBA55UEI6TR, STM32WBA55UEI7, STM32WBA55UEI7TR, STM32WBA55UGI6, STM32WBA55UGI6TR, STM32WBA55UGI7, STM32WBA55UGI7TR, STM32WBA5MJGH6TR, STM32WBA62CGU6, STM32WBA62CIU6, STM32WBA62MGF6, STM32WBA62MIF6, STM32WBA62PGI6, STM32WBA62PII6, STM32WBA63CGU6, STM32WBA63CGU7, STM32WBA63CIU6, STM32WBA63CIU7, STM32WBA64CGU6, STM32WBA64CGU7, STM32WBA64CIU6, STM32WBA64CIU7, STM32WBA65CGU6, STM32WBA65CGU7, STM32WBA65CIU6, STM32WBA65CIU7, STM32WBA65I-DK1, STM32WBA65MGF6, STM32WBA65MGF7, STM32WBA65MIF6, STM32WBA65MIF7, STM32WBA65PGI6, STM32WBA65PGI7, STM32WBA65PII6, STM32WBA65PII7, STM32WBA65RGV6, STM32WBA65RGV7, STM32WBA65RIV6, STM32WBA65RIV7, STM32WL30K8V6, STM32WL30KBV6, STM32WL31C8V6, STM32WL31CBV6, STM32WL31K8V6, STM32WL31KBV6, STM32WL33C8V6, STM32WL33C8V6TR, STM32WL33C8V7, STM32WL33C8V7TR, STM32WL33CBV6, STM32WL33CBV6TR, STM32WL33CBV7, STM32WL33CBV7TR, STM32WL33CCV6, STM32WL33CCV6TR, STM32WL33CCV7, STM32WL33CCV7A, STM32WL33CCV7ATR, STM32WL33CCV7TR, STM32WL33K8V6, STM32WL33K8V6TR, STM32WL33K8V7, STM32WL33K8V7TR, STM32WL33KBV6, STM32WL33KBV6TR, STM32WL33KBV7, STM32WL33KBV7TR, STM32WL33KCV6, STM32WL33KCV6TR, STM32WL33KCV7, STM32WL33KCV7TR, STM32WL5MOCH6, STM32WL5MOCH6TR]
2026-08-13 22:39:44,477 [INFO] DbMcus:218 - Found 5246 MCUs, 5093 are supported
2026-08-13 22:39:44,478 [INFO] ApiDb:423 - Load user favorites file /home/thuy/.stm32cubeide/favorites.mcus.txt: 0 item(s)
2026-08-13 22:39:44,479 [INFO] ApiDb:427 - User favorites MCUs=[]
2026-08-13 22:39:44,479 [INFO] DbMcus:224 - Set 0 / 0 favorites MCUs
2026-08-13 22:39:44,782 [INFO] BoardInfo:889 - No configuration file found for board NUCLEO-H5E5ZJ
2026-08-13 22:39:44,782 [INFO] DbBoards:161 - Board is not supported: NUCLEO-H5E5ZJ
2026-08-13 22:39:44,803 [INFO] BoardInfo:889 - No configuration file found for board NUCLEO-U3C5ZI-Q
2026-08-13 22:39:44,803 [INFO] DbBoards:161 - Board is not supported: NUCLEO-U3C5ZI-Q
2026-08-13 22:39:44,809 [INFO] BoardInfo:889 - No configuration file found for board NUCLEO-WBA25CE1
2026-08-13 22:39:44,809 [INFO] DbBoards:161 - Board is not supported: NUCLEO-WBA25CE1
2026-08-13 22:39:44,813 [INFO] BoardInfo:889 - No configuration file found for board NUCLEO-WL3RKB1
2026-08-13 22:39:44,813 [INFO] DbBoards:161 - Board is not supported: NUCLEO-WL3RKB1
2026-08-13 22:39:44,814 [INFO] BoardInfo:889 - No configuration file found for board NUCLEO-WL3RKB2
2026-08-13 22:39:44,814 [INFO] DbBoards:161 - Board is not supported: NUCLEO-WL3RKB2
2026-08-13 22:39:44,817 [INFO] BoardInfo:889 - No configuration file found for board P-NUCLEO-WB55
2026-08-13 22:39:44,817 [INFO] DbBoards:161 - Kit is not supported: P-NUCLEO-WB55
2026-08-13 22:39:44,820 [INFO] BoardInfo:889 - No configuration file found for board STEVAL-BFA001V1B
2026-08-13 22:39:44,820 [INFO] DbBoards:161 - Kit is not supported: STEVAL-BFA001V1B
2026-08-13 22:39:44,821 [INFO] BoardInfo:889 - No configuration file found for board STEVAL-BFA001V2B
2026-08-13 22:39:44,821 [INFO] DbBoards:161 - Kit is not supported: STEVAL-BFA001V2B
2026-08-13 22:39:44,873 [INFO] BoardInfo:889 - No configuration file found for board STM32H5F5J-DK
2026-08-13 22:39:44,873 [INFO] DbBoards:161 - Board is not supported: STM32H5F5J-DK
2026-08-13 22:39:44,892 [INFO] BoardInfo:889 - No configuration file found for board STM32MP215F-DK
2026-08-13 22:39:44,892 [INFO] DbBoards:161 - Board is not supported: STM32MP215F-DK
2026-08-13 22:39:44,899 [INFO] DbBoards:168 - Found 218 boards, 208 are supported
2026-08-13 22:39:44,899 [INFO] DbBoards:169 - Found 218 boards, 43 of them is supported for  Bsp
2026-08-13 22:39:44,901 [INFO] ApiDb:423 - Load user favorites file /home/thuy/.stm32cubeide/favorites.boards.txt: 0 item(s)
2026-08-13 22:39:44,901 [INFO] ApiDb:427 - User favorites Boards=[]
2026-08-13 22:39:44,901 [INFO] DbBoards:198 - Set 0 / 0 favorites Boards
2026-08-13 22:39:44,948 [INFO] UtilMem:75 - End LoadConfig() Used Memory: 257892040 Bytes (851443712)
2026-08-13 22:39:45,030 [WARN] ThirdParty:833 - waiting for thirdparty lock release [change project]
2026-08-13 22:39:45,031 [INFO] ThirdParty:835 - entering critical section [change project]
2026-08-13 22:39:45,031 [INFO] ThirdParty:1030 - CMSIS Pack Vendor :STMicroelectronics X-CUBE-AZRTOS-H7 3.5.0
2026-08-13 22:39:45,031 [INFO] ThirdParty:1030 - CMSIS Pack Vendor :STMicroelectronics X-CUBE-PM33A1 1.0.0
2026-08-13 22:39:45,031 [INFO] ThirdParty:1030 - CMSIS Pack Vendor :STMicroelectronics USBPD 4.1
2026-08-13 22:39:45,031 [INFO] ThirdParty:1030 - CMSIS Pack Vendor :STMicroelectronics X-CUBE-NFC9 1.0.0
2026-08-13 22:39:45,031 [INFO] ThirdParty:1030 - CMSIS Pack Vendor :STMicroelectronics USB_HOST 2.0.0
2026-08-13 22:39:45,031 [INFO] ThirdParty:1030 - CMSIS Pack Vendor :STMicroelectronics FP-ATR-ASTRA1 2.0.3
2026-08-13 22:39:45,031 [INFO] ThirdParty:1030 - CMSIS Pack Vendor :STMicroelectronics X-CUBE-AZRTOS-F4 1.1.0
2026-08-13 22:39:45,031 [INFO] ThirdParty:1030 - CMSIS Pack Vendor :STMicroelectronics LIBJPEG 8.0.0
2026-08-13 22:39:45,031 [INFO] ThirdParty:1030 - CMSIS Pack Vendor :STMicroelectronics FP-ATR-ASTRA1 2.0.2
2026-08-13 22:39:45,031 [INFO] ThirdParty:1030 - CMSIS Pack Vendor :STMicroelectronics X-CUBE-BLE1 7.1.0
2026-08-13 22:39:45,031 [INFO] ThirdParty:1030 - CMSIS Pack Vendor :wolfSSL I-CUBE-wolfMQTT 1.19.2
2026-08-13 22:39:45,031 [INFO] ThirdParty:1030 - CMSIS Pack Vendor :STMicroelectronics USB_DEVICE 3.0.0
2026-08-13 22:39:45,031 [INFO] ThirdParty:1030 - CMSIS Pack Vendor :STMicroelectronics X-CUBE-ISPU 2.1.0
2026-08-13 22:39:45,031 [INFO] ThirdParty:1030 - CMSIS Pack Vendor :STMicroelectronics X-CUBE-EEPRMA1 5.2.0
2026-08-13 22:39:45,031 [INFO] ThirdParty:1030 - CMSIS Pack Vendor :STMicroelectronics eDS-WB_DPC_TT-BIDIR 2.1.1
2026-08-13 22:39:45,031 [INFO] ThirdParty:1030 - CMSIS Pack Vendor :STMicroelectronics X-CUBE-AZRTOS-WB 2.0.0
2026-08-13 22:39:45,032 [INFO] ThirdParty:1030 - CMSIS Pack Vendor :STMicroelectronics X-CUBE-NFC12 1.0.0
2026-08-13 22:39:45,032 [INFO] ThirdParty:1030 - CMSIS Pack Vendor :STMicroelectronics X-CUBE-AZRTOS-F7 1.1.0
2026-08-13 22:39:45,032 [INFO] ThirdParty:1030 - CMSIS Pack Vendor :STMicroelectronics X-CUBE-AZRTOS-L5 2.0.0
2026-08-13 22:39:45,032 [INFO] ThirdParty:1030 - CMSIS Pack Vendor :STMicroelectronics USB_DEVICE 2.0.0
2026-08-13 22:39:45,032 [INFO] ThirdParty:1030 - CMSIS Pack Vendor :quantropi X-CUBE-qispace-sdk-base 2.1.0
2026-08-13 22:39:45,032 [INFO] ThirdParty:1030 - CMSIS Pack Vendor :STMicroelectronics X-CUBE-STSE01 2.0.0
2026-08-13 22:39:45,032 [INFO] ThirdParty:1030 - CMSIS Pack Vendor :STMicroelectronics X-CUBE-ALGOBUILD 1.5.0
2026-08-13 22:39:45,032 [INFO] ThirdParty:1030 - CMSIS Pack Vendor :STMicroelectronics FreeRTOS 0.0.1
2026-08-13 22:39:45,032 [INFO] ThirdParty:1030 - CMSIS Pack Vendor :STMicroelectronics X-CUBE-AZRTOS-H7RS 1.3.0
2026-08-13 22:39:45,032 [INFO] ThirdParty:1030 - CMSIS Pack Vendor :STMicroelectronics X-CUBE-AZRTOS-G0 1.1.0
2026-08-13 22:39:45,032 [INFO] ThirdParty:1030 - CMSIS Pack Vendor :STMicroelectronics X-CUBE-NFC4 3.0.0
2026-08-13 22:39:45,032 [INFO] ThirdParty:1030 - CMSIS Pack Vendor :STMicroelectronics X-CUBE-SUBG2 5.0.0
2026-08-13 22:39:45,032 [INFO] ThirdParty:1030 - CMSIS Pack Vendor :STMicroelectronics STM32_WPAN 1.0.0
2026-08-13 22:39:45,032 [INFO] ThirdParty:1030 - CMSIS Pack Vendor :STMicroelectronics eDS-WB_DPC_VIENNA 1.2.0
2026-08-13 22:39:45,032 [INFO] ThirdParty:1030 - CMSIS Pack Vendor :EmbeddedOffice I-CUBE-FS-RTOS 1.0.1
2026-08-13 22:39:45,032 [INFO] ThirdParty:1030 - CMSIS Pack Vendor :STMicroelectronics lwIP 2.0.3
2026-08-13 22:39:45,032 [INFO] ThirdParty:1030 - CMSIS Pack Vendor :STMicroelectronics X-CUBE-MEMS1 13.0.0
2026-08-13 22:39:45,032 [INFO] ThirdParty:1030 - CMSIS Pack Vendor :STMicroelectronics eDS-WB_DPC_3PH2L-BIDIR 1.1.1
2026-08-13 22:39:45,032 [INFO] ThirdParty:1030 - CMSIS Pack Vendor :STMicroelectronics USB_HOST 1.0.0
2026-08-13 22:39:45,032 [INFO] ThirdParty:1030 - CMSIS Pack Vendor :STMicroelectronics X-CUBE-AZRTOS-G4 2.0.0
2026-08-13 22:39:45,032 [INFO] ThirdParty:1030 - CMSIS Pack Vendor :STMicroelectronics PDM2PCM 3.1.0
2026-08-13 22:39:45,032 [INFO] ThirdParty:1030 - CMSIS Pack Vendor :STMicroelectronics PDM2PCM 3.3.0
2026-08-13 22:39:45,032 [INFO] ThirdParty:1030 - CMSIS Pack Vendor :wolfSSL I-CUBE-wolfTPM 3.8.0
2026-08-13 22:39:45,033 [INFO] ThirdParty:1030 - CMSIS Pack Vendor :STMicroelectronics X-CUBE-DISPLAY 3.0.0
2026-08-13 22:39:45,033 [INFO] ThirdParty:1030 - CMSIS Pack Vendor :wolfSSL I-CUBE-wolfSSH 1.4.20
2026-08-13 22:39:45,033 [INFO] ThirdParty:1030 - CMSIS Pack Vendor :STMicroelectronics X-CUBE-NFC7 2.0.0
2026-08-13 22:39:45,033 [INFO] ThirdParty:1030 - CMSIS Pack Vendor :STMicroelectronics X-CUBE-GNSS1 7.1.1
2026-08-13 22:39:45,033 [INFO] ThirdParty:1030 - CMSIS Pack Vendor :STMicroelectronics X-CUBE-TCPP 4.2.0
2026-08-13 22:39:45,033 [INFO] ThirdParty:1030 - CMSIS Pack Vendor :RealThread X-CUBE-RT-Thread_Nano 4.1.1
2026-08-13 22:39:45,033 [INFO] ThirdParty:1030 - CMSIS Pack Vendor :wolfSSL I-CUBE-wolfSSL 5.9.1
2026-08-13 22:39:45,033 [INFO] ThirdParty:1030 - CMSIS Pack Vendor :STMicroelectronics FP-ATR-SIGFOX1 3.2.0
2026-08-13 22:39:45,033 [INFO] ThirdParty:1030 - CMSIS Pack Vendor :STMicroelectronics X-CUBE-NFC10 1.0.0
2026-08-13 22:39:45,033 [INFO] ThirdParty:1030 - CMSIS Pack Vendor :STMicroelectronics HAL Drivers 0.0.0
2026-08-13 22:39:45,033 [INFO] ThirdParty:1030 - CMSIS Pack Vendor :STMicroelectronics MBEDTLS 2.16.2
2026-08-13 22:39:45,033 [INFO] ThirdParty:1030 - CMSIS Pack Vendor :STMicroelectronics X-CUBE-ST60 1.1.0
2026-08-13 22:39:45,033 [INFO] ThirdParty:1030 - CMSIS Pack Vendor :STMicroelectronics X-CUBE-ALS 1.0.2
2026-08-13 22:39:45,033 [INFO] ThirdParty:1030 - CMSIS Pack Vendor :emotas I-CUBE-CANOPEN 1.3.0
2026-08-13 22:39:45,033 [INFO] ThirdParty:1030 - CMSIS Pack Vendor :STMicroelectronics MBEDTLS 2.14.1
2026-08-13 22:39:45,033 [INFO] ThirdParty:1030 - CMSIS Pack Vendor :ITTIA_DB I-CUBE-ITTIADB 8.9.0
2026-08-13 22:39:45,033 [INFO] ThirdParty:1030 - CMSIS Pack Vendor :Cesanta I-CUBE-Mongoose 7.21.7
2026-08-13 22:39:45,033 [INFO] ThirdParty:1030 - CMSIS Pack Vendor :STMicroelectronics X-CUBE-TOUCHGFX 4.26.1
2026-08-13 22:39:45,033 [INFO] ThirdParty:1030 - CMSIS Pack Vendor :STMicroelectronics X-CUBE-NFC6 3.2.0
2026-08-13 22:39:45,033 [INFO] ThirdParty:1030 - CMSIS Pack Vendor :STMicroelectronics X-CUBE-AI 10.2.1
2026-08-13 22:39:45,033 [INFO] ThirdParty:1030 - CMSIS Pack Vendor :STMicroelectronics ThreadX 1.0.0
2026-08-13 22:39:45,033 [INFO] ThirdParty:1030 - CMSIS Pack Vendor :STMicroelectronics FP-SNS-SMARTAG2 1.2.0
2026-08-13 22:39:45,033 [INFO] ThirdParty:1030 - CMSIS Pack Vendor :STMicroelectronics X-CUBE-MEMS1 12.1.0
2026-08-13 22:39:45,033 [INFO] ThirdParty:1030 - CMSIS Pack Vendor :STMicroelectronics FP-SNS-FLIGHT1 5.1.0
2026-08-13 22:39:45,033 [INFO] ThirdParty:1030 - CMSIS Pack Vendor :STMicroelectronics X-CUBE-AZRTOS-WL 2.0.0
2026-08-13 22:39:45,033 [INFO] ThirdParty:1030 - CMSIS Pack Vendor :SEGGER I-CUBE-embOS 1.3.1
2026-08-13 22:39:45,033 [INFO] ThirdParty:1030 - CMSIS Pack Vendor :STMicroelectronics X-CUBE-DPower 1.3.0
2026-08-13 22:39:45,033 [INFO] ThirdParty:1030 - CMSIS Pack Vendor :STMicroelectronics USB_DEVICE 1.0.0
2026-08-13 22:39:45,033 [INFO] ThirdParty:1030 - CMSIS Pack Vendor :STMicroelectronics X-CUBE-AZRTOS-L4 2.0.0
2026-08-13 22:39:45,033 [INFO] ThirdParty:1030 - CMSIS Pack Vendor :STMicroelectronics ThreadX 0.0.2
2026-08-13 22:39:45,033 [INFO] ThirdParty:1030 - CMSIS Pack Vendor :STMicroelectronics lwIP 2.1.2
2026-08-13 22:39:45,033 [INFO] ThirdParty:1030 - CMSIS Pack Vendor :STMicroelectronics X-CUBE-SFXS2LP1 4.0.0
2026-08-13 22:39:45,033 [INFO] ThirdParty:1030 - CMSIS Pack Vendor :STMicroelectronics X-CUBE-BLE2 3.3.0
2026-08-13 22:39:45,034 [INFO] ThirdParty:1030 - CMSIS Pack Vendor :Avnet-IOTCONNECT X-CUBE-iotc-st67-sdk 1.0.0
2026-08-13 22:39:45,034 [INFO] ThirdParty:1030 - CMSIS Pack Vendor :STMicroelectronics X-CUBE-TOF1 3.4.3
2026-08-13 22:39:45,034 [INFO] ThirdParty:1030 - CMSIS Pack Vendor :Infineon AIROC-Wi-Fi-Bluetooth-STM32 1.8.0
2026-08-13 22:39:45,034 [INFO] ThirdParty:1030 - CMSIS Pack Vendor :STMicroelectronics X-CUBE-NFC13 1.0.0
2026-08-13 22:39:45,034 [INFO] ThirdParty:1030 - CMSIS Pack Vendor :STMicroelectronics PDM2PCM 3.2.0
2026-08-13 22:39:45,034 [INFO] ThirdParty:1030 - CMSIS Pack Vendor :STMicroelectronics X-CUBE-WB05N 2.1.0
2026-08-13 22:39:45,034 [INFO] ThirdParty:841 - exiting critical section [change project]
2026-08-13 22:39:45,243 [INFO] PinOutPanel:1589 - setPackage(No Configuration,No Configuration)
2026-08-13 22:39:45,243 [INFO] PinOutPanel:1589 - setPackage(STM32F103C8Tx,LQFP48)
2026-08-13 22:39:45,502 [INFO] UtilMem:75 - Before build in PCC Used Memory: 231951960 Bytes (748683264)
2026-08-13 22:39:45,934 [INFO] UtilMem:75 - After build in PCC Used Memory: 377321072 Bytes (748683264)
2026-08-13 22:39:45,959 [INFO] IPUIPlugin:80 - create IPUIPlugin
2026-08-13 22:39:45,959 [INFO] IPUIPlugin:80 - create IPUIPlugin
2026-08-13 22:39:45,959 [INFO] IPUIPlugin:80 - create IPUIPlugin
2026-08-13 22:39:45,959 [INFO] IPUIPlugin:80 - create IPUIPlugin
2026-08-13 22:39:45,959 [INFO] IPUIPlugin:80 - create IPUIPlugin
2026-08-13 22:39:45,959 [INFO] IPUIPlugin:80 - create IPUIPlugin
2026-08-13 22:39:45,959 [INFO] IPUIPlugin:80 - create IPUIPlugin
2026-08-13 22:39:45,959 [INFO] IPUIPlugin:80 - create IPUIPlugin
2026-08-13 22:39:45,959 [INFO] IPUIPlugin:80 - create IPUIPlugin
2026-08-13 22:39:45,959 [INFO] IPUIPlugin:80 - create IPUIPlugin
2026-08-13 22:39:45,960 [INFO] IPUIPlugin:80 - create IPUIPlugin
2026-08-13 22:39:45,960 [INFO] IPUIPlugin:80 - create IPUIPlugin
2026-08-13 22:39:45,960 [INFO] IPUIPlugin:80 - create IPUIPlugin
2026-08-13 22:39:45,960 [INFO] IPUIPlugin:80 - create IPUIPlugin
2026-08-13 22:39:45,960 [INFO] IPUIPlugin:80 - create IPUIPlugin
2026-08-13 22:39:45,960 [INFO] IPUIPlugin:80 - create IPUIPlugin
2026-08-13 22:39:45,960 [INFO] IPUIPlugin:80 - create IPUIPlugin
2026-08-13 22:39:45,960 [INFO] IPUIPlugin:80 - create IPUIPlugin
2026-08-13 22:39:45,961 [INFO] IPUIPlugin:80 - create IPUIPlugin
2026-08-13 22:39:45,961 [INFO] IPUIPlugin:80 - create IPUIPlugin
2026-08-13 22:39:45,961 [INFO] IPUIPlugin:80 - create IPUIPlugin
2026-08-13 22:39:45,961 [INFO] IPUIPlugin:80 - create IPUIPlugin
2026-08-13 22:39:45,962 [INFO] IPUIPlugin:80 - create IPUIPlugin
2026-08-13 22:39:45,962 [INFO] IPUIPlugin:80 - create IPUIPlugin
2026-08-13 22:39:45,962 [INFO] IPUIPlugin:80 - create IPUIPlugin
2026-08-13 22:39:45,962 [INFO] IPUIPlugin:80 - create IPUIPlugin
2026-08-13 22:39:45,962 [INFO] IPUIPlugin:80 - create IPUIPlugin
2026-08-13 22:39:45,969 [WARN] IP:2250 - I2C_Coeff_DF not found: check if there is a RefParameter without a condition.
2026-08-13 22:39:45,969 [WARN] IP:2250 - Analog_Filter not found: check if there is a RefParameter without a condition.
2026-08-13 22:39:46,087 [INFO] CADModel:165 - CPN selected for project levelSTM32F103C8T6
2026-08-13 22:39:46,088 [INFO] CADModel:114 - Register for checkConnection events
2026-08-13 22:39:46,125 [INFO] OpenFileManager:385 - Restore cursor
2026-08-13 22:39:46,246 [WARN] IP:2250 - I2C_Coeff_DF not found: check if there is a RefParameter without a condition.
2026-08-13 22:39:46,246 [WARN] IP:2250 - Analog_Filter not found: check if there is a RefParameter without a condition.
2026-08-13 22:39:46,247 [WARN] IP:2250 - I2C_Coeff_DF not found: check if there is a RefParameter without a condition.
2026-08-13 22:39:46,247 [WARN] IP:2250 - Analog_Filter not found: check if there is a RefParameter without a condition.
2026-08-13 22:39:53,074 [ERROR] LogOutputStream:75 - [STDERR_REDIRECT] Aug 13, 2026 10:39:53 PM java.util.prefs.FileSystemPreferences checkLockFile0ErrorCode
2026-08-13 22:39:53,074 [ERROR] LogOutputStream:75 - [STDERR_REDIRECT] WARNING: Could not lock System prefs. Unix error code 2.
2026-08-13 22:39:53,074 [ERROR] LogOutputStream:75 - [STDERR_REDIRECT] 
2026-08-13 22:39:53,075 [ERROR] LogOutputStream:75 - [STDERR_REDIRECT] Aug 13, 2026 10:39:53 PM java.util.prefs.FileSystemPreferences syncWorld
2026-08-13 22:39:53,075 [ERROR] LogOutputStream:75 - [STDERR_REDIRECT] WARNING: Couldn't flush system prefs: java.util.prefs.BackingStoreException: Couldn't get file lock.
2026-08-13 22:39:53,075 [ERROR] LogOutputStream:75 - [STDERR_REDIRECT] 
2026-08-13 22:40:23,071 [ERROR] LogOutputStream:75 - [STDERR_REDIRECT] Aug 13, 2026 10:40:23 PM java.util.prefs.FileSystemPreferences checkLockFile0ErrorCode
2026-08-13 22:40:23,072 [ERROR] LogOutputStream:75 - [STDERR_REDIRECT] WARNING: Could not lock System prefs. Unix error code 2.
2026-08-13 22:40:23,072 [ERROR] LogOutputStream:75 - [STDERR_REDIRECT] 
2026-08-13 22:40:23,072 [ERROR] LogOutputStream:75 - [STDERR_REDIRECT] Aug 13, 2026 10:40:23 PM java.util.prefs.FileSystemPreferences syncWorld
2026-08-13 22:40:23,072 [ERROR] LogOutputStream:75 - [STDERR_REDIRECT] WARNING: Couldn't flush system prefs: java.util.prefs.BackingStoreException: Couldn't get file lock.
2026-08-13 22:40:23,072 [ERROR] LogOutputStream:75 - [STDERR_REDIRECT] 
2026-08-13 22:40:53,071 [ERROR] LogOutputStream:75 - [STDERR_REDIRECT] Aug 13, 2026 10:40:53 PM java.util.prefs.FileSystemPreferences checkLockFile0ErrorCode
2026-08-13 22:40:53,071 [ERROR] LogOutputStream:75 - [STDERR_REDIRECT] WARNING: Could not lock System prefs. Unix error code 2.
2026-08-13 22:40:53,071 [ERROR] LogOutputStream:75 - [STDERR_REDIRECT] 
2026-08-13 22:40:53,071 [ERROR] LogOutputStream:75 - [STDERR_REDIRECT] Aug 13, 2026 10:40:53 PM java.util.prefs.FileSystemPreferences syncWorld
2026-08-13 22:40:53,071 [ERROR] LogOutputStream:75 - [STDERR_REDIRECT] WARNING: Couldn't flush system prefs: java.util.prefs.BackingStoreException: Couldn't get file lock.
2026-08-13 22:40:53,071 [ERROR] LogOutputStream:75 - [STDERR_REDIRECT] 
2026-08-13 22:41:23,072 [ERROR] LogOutputStream:75 - [STDERR_REDIRECT] Aug 13, 2026 10:41:23 PM java.util.prefs.FileSystemPreferences checkLockFile0ErrorCode
2026-08-13 22:41:23,073 [ERROR] LogOutputStream:75 - [STDERR_REDIRECT] WARNING: Could not lock System prefs. Unix error code 2.
2026-08-13 22:41:23,073 [ERROR] LogOutputStream:75 - [STDERR_REDIRECT] 
2026-08-13 22:41:23,073 [ERROR] LogOutputStream:75 - [STDERR_REDIRECT] Aug 13, 2026 10:41:23 PM java.util.prefs.FileSystemPreferences syncWorld
2026-08-13 22:41:23,074 [ERROR] LogOutputStream:75 - [STDERR_REDIRECT] WARNING: Couldn't flush system prefs: java.util.prefs.BackingStoreException: Couldn't get file lock.
2026-08-13 22:41:23,074 [ERROR] LogOutputStream:75 - [STDERR_REDIRECT] 
2026-08-13 22:41:53,070 [ERROR] LogOutputStream:75 - [STDERR_REDIRECT] Aug 13, 2026 10:41:53 PM java.util.prefs.FileSystemPreferences checkLockFile0ErrorCode
2026-08-13 22:41:53,071 [ERROR] LogOutputStream:75 - [STDERR_REDIRECT] WARNING: Could not lock System prefs. Unix error code 2.
2026-08-13 22:41:53,071 [ERROR] LogOutputStream:75 - [STDERR_REDIRECT] 
2026-08-13 22:41:53,071 [ERROR] LogOutputStream:75 - [STDERR_REDIRECT] Aug 13, 2026 10:41:53 PM java.util.prefs.FileSystemPreferences syncWorld
2026-08-13 22:41:53,071 [ERROR] LogOutputStream:75 - [STDERR_REDIRECT] WARNING: Couldn't flush system prefs: java.util.prefs.BackingStoreException: Couldn't get file lock.
2026-08-13 22:41:53,071 [ERROR] LogOutputStream:75 - [STDERR_REDIRECT] 
2026-08-13 22:42:23,072 [ERROR] LogOutputStream:75 - [STDERR_REDIRECT] Aug 13, 2026 10:42:23 PM java.util.prefs.FileSystemPreferences checkLockFile0ErrorCode
2026-08-13 22:42:23,072 [ERROR] LogOutputStream:75 - [STDERR_REDIRECT] WARNING: Could not lock System prefs. Unix error code 2.
2026-08-13 22:42:23,072 [ERROR] LogOutputStream:75 - [STDERR_REDIRECT] 
2026-08-13 22:42:23,073 [ERROR] LogOutputStream:75 - [STDERR_REDIRECT] Aug 13, 2026 10:42:23 PM java.util.prefs.FileSystemPreferences syncWorld
2026-08-13 22:42:23,073 [ERROR] LogOutputStream:75 - [STDERR_REDIRECT] WARNING: Couldn't flush system prefs: java.util.prefs.BackingStoreException: Couldn't get file lock.
2026-08-13 22:42:23,073 [ERROR] LogOutputStream:75 - [STDERR_REDIRECT] 
2026-08-13 22:42:53,071 [ERROR] LogOutputStream:75 - [STDERR_REDIRECT] Aug 13, 2026 10:42:53 PM java.util.prefs.FileSystemPreferences checkLockFile0ErrorCode
2026-08-13 22:42:53,071 [ERROR] LogOutputStream:75 - [STDERR_REDIRECT] WARNING: Could not lock System prefs. Unix error code 2.
2026-08-13 22:42:53,071 [ERROR] LogOutputStream:75 - [STDERR_REDIRECT] 
2026-08-13 22:42:53,071 [ERROR] LogOutputStream:75 - [STDERR_REDIRECT] Aug 13, 2026 10:42:53 PM java.util.prefs.FileSystemPreferences syncWorld
2026-08-13 22:42:53,071 [ERROR] LogOutputStream:75 - [STDERR_REDIRECT] WARNING: Couldn't flush system prefs: java.util.prefs.BackingStoreException: Couldn't get file lock.
2026-08-13 22:42:53,072 [ERROR] LogOutputStream:75 - [STDERR_REDIRECT] 
2026-08-13 22:43:23,073 [ERROR] LogOutputStream:75 - [STDERR_REDIRECT] Aug 13, 2026 10:43:23 PM java.util.prefs.FileSystemPreferences checkLockFile0ErrorCode
2026-08-13 22:43:23,073 [ERROR] LogOutputStream:75 - [STDERR_REDIRECT] WARNING: Could not lock System prefs. Unix error code 2.
2026-08-13 22:43:23,073 [ERROR] LogOutputStream:75 - [STDERR_REDIRECT] 
2026-08-13 22:43:23,074 [ERROR] LogOutputStream:75 - [STDERR_REDIRECT] Aug 13, 2026 10:43:23 PM java.util.prefs.FileSystemPreferences syncWorld
2026-08-13 22:43:23,075 [ERROR] LogOutputStream:75 - [STDERR_REDIRECT] WARNING: Couldn't flush system prefs: java.util.prefs.BackingStoreException: Couldn't get file lock.
2026-08-13 22:43:23,075 [ERROR] LogOutputStream:75 - [STDERR_REDIRECT] 
2026-08-13 22:43:53,074 [ERROR] LogOutputStream:75 - [STDERR_REDIRECT] Aug 13, 2026 10:43:53 PM java.util.prefs.FileSystemPreferences checkLockFile0ErrorCode
2026-08-13 22:43:53,074 [ERROR] LogOutputStream:75 - [STDERR_REDIRECT] WARNING: Could not lock System prefs. Unix error code 2.
2026-08-13 22:43:53,074 [ERROR] LogOutputStream:75 - [STDERR_REDIRECT] 
2026-08-13 22:43:53,074 [ERROR] LogOutputStream:75 - [STDERR_REDIRECT] Aug 13, 2026 10:43:53 PM java.util.prefs.FileSystemPreferences syncWorld
2026-08-13 22:43:53,074 [ERROR] LogOutputStream:75 - [STDERR_REDIRECT] WARNING: Couldn't flush system prefs: java.util.prefs.BackingStoreException: Couldn't get file lock.
2026-08-13 22:43:53,074 [ERROR] LogOutputStream:75 - [STDERR_REDIRECT] 
2026-08-13 22:44:23,071 [ERROR] LogOutputStream:75 - [STDERR_REDIRECT] Aug 13, 2026 10:44:23 PM java.util.prefs.FileSystemPreferences checkLockFile0ErrorCode
2026-08-13 22:44:23,071 [ERROR] LogOutputStream:75 - [STDERR_REDIRECT] WARNING: Could not lock System prefs. Unix error code 2.
2026-08-13 22:44:23,071 [ERROR] LogOutputStream:75 - [STDERR_REDIRECT] 
2026-08-13 22:44:23,071 [ERROR] LogOutputStream:75 - [STDERR_REDIRECT] Aug 13, 2026 10:44:23 PM java.util.prefs.FileSystemPreferences syncWorld
2026-08-13 22:44:23,071 [ERROR] LogOutputStream:75 - [STDERR_REDIRECT] WARNING: Couldn't flush system prefs: java.util.prefs.BackingStoreException: Couldn't get file lock.
2026-08-13 22:44:23,071 [ERROR] LogOutputStream:75 - [STDERR_REDIRECT] 
2026-08-13 22:44:53,072 [ERROR] LogOutputStream:75 - [STDERR_REDIRECT] Aug 13, 2026 10:44:53 PM java.util.prefs.FileSystemPreferences checkLockFile0ErrorCode
2026-08-13 22:44:53,072 [ERROR] LogOutputStream:75 - [STDERR_REDIRECT] WARNING: Could not lock System prefs. Unix error code 2.
2026-08-13 22:44:53,073 [ERROR] LogOutputStream:75 - [STDERR_REDIRECT] 
2026-08-13 22:44:53,073 [ERROR] LogOutputStream:75 - [STDERR_REDIRECT] Aug 13, 2026 10:44:53 PM java.util.prefs.FileSystemPreferences syncWorld
2026-08-13 22:44:53,073 [ERROR] LogOutputStream:75 - [STDERR_REDIRECT] WARNING: Couldn't flush system prefs: java.util.prefs.BackingStoreException: Couldn't get file lock.
2026-08-13 22:44:53,073 [ERROR] LogOutputStream:75 - [STDERR_REDIRECT] 
2026-08-13 22:45:23,071 [ERROR] LogOutputStream:75 - [STDERR_REDIRECT] Aug 13, 2026 10:45:23 PM java.util.prefs.FileSystemPreferences checkLockFile0ErrorCode
2026-08-13 22:45:23,072 [ERROR] LogOutputStream:75 - [STDERR_REDIRECT] WARNING: Could not lock System prefs. Unix error code 2.
2026-08-13 22:45:23,072 [ERROR] LogOutputStream:75 - [STDERR_REDIRECT] 
2026-08-13 22:45:23,072 [ERROR] LogOutputStream:75 - [STDERR_REDIRECT] Aug 13, 2026 10:45:23 PM java.util.prefs.FileSystemPreferences syncWorld
2026-08-13 22:45:23,072 [ERROR] LogOutputStream:75 - [STDERR_REDIRECT] WARNING: Couldn't flush system prefs: java.util.prefs.BackingStoreException: Couldn't get file lock.
2026-08-13 22:45:23,072 [ERROR] LogOutputStream:75 - [STDERR_REDIRECT] 
2026-08-13 22:45:53,071 [ERROR] LogOutputStream:75 - [STDERR_REDIRECT] Aug 13, 2026 10:45:53 PM java.util.prefs.FileSystemPreferences checkLockFile0ErrorCode
2026-08-13 22:45:53,072 [ERROR] LogOutputStream:75 - [STDERR_REDIRECT] WARNING: Could not lock System prefs. Unix error code 2.
2026-08-13 22:45:53,072 [ERROR] LogOutputStream:75 - [STDERR_REDIRECT] 
2026-08-13 22:45:53,073 [ERROR] LogOutputStream:75 - [STDERR_REDIRECT] Aug 13, 2026 10:45:53 PM java.util.prefs.FileSystemPreferences syncWorld
2026-08-13 22:45:53,073 [ERROR] LogOutputStream:75 - [STDERR_REDIRECT] WARNING: Couldn't flush system prefs: java.util.prefs.BackingStoreException: Couldn't get file lock.
2026-08-13 22:45:53,073 [ERROR] LogOutputStream:75 - [STDERR_REDIRECT] 
2026-08-13 22:46:23,072 [ERROR] LogOutputStream:75 - [STDERR_REDIRECT] Aug 13, 2026 10:46:23 PM java.util.prefs.FileSystemPreferences checkLockFile0ErrorCode
2026-08-13 22:46:23,072 [ERROR] LogOutputStream:75 - [STDERR_REDIRECT] WARNING: Could not lock System prefs. Unix error code 2.
2026-08-13 22:46:23,072 [ERROR] LogOutputStream:75 - [STDERR_REDIRECT] 
2026-08-13 22:46:23,072 [ERROR] LogOutputStream:75 - [STDERR_REDIRECT] Aug 13, 2026 10:46:23 PM java.util.prefs.FileSystemPreferences syncWorld
2026-08-13 22:46:23,072 [ERROR] LogOutputStream:75 - [STDERR_REDIRECT] WARNING: Couldn't flush system prefs: java.util.prefs.BackingStoreException: Couldn't get file lock.
2026-08-13 22:46:23,072 [ERROR] LogOutputStream:75 - [STDERR_REDIRECT] 
2026-08-13 22:46:42,092 [ERROR] AdobePublisher:162 - Exception while opening the connection: java.net.SocketTimeoutException: Read timed out
2026-08-13 22:46:53,079 [ERROR] LogOutputStream:75 - [STDERR_REDIRECT] Aug 13, 2026 10:46:53 PM java.util.prefs.FileSystemPreferences checkLockFile0ErrorCode
2026-08-13 22:46:53,079 [ERROR] LogOutputStream:75 - [STDERR_REDIRECT] WARNING: Could not lock System prefs. Unix error code 2.
2026-08-13 22:46:53,079 [ERROR] LogOutputStream:75 - [STDERR_REDIRECT] 
2026-08-13 22:46:53,079 [ERROR] LogOutputStream:75 - [STDERR_REDIRECT] Aug 13, 2026 10:46:53 PM java.util.prefs.FileSystemPreferences syncWorld
2026-08-13 22:46:53,079 [ERROR] LogOutputStream:75 - [STDERR_REDIRECT] WARNING: Couldn't flush system prefs: java.util.prefs.BackingStoreException: Couldn't get file lock.
2026-08-13 22:46:53,079 [ERROR] LogOutputStream:75 - [STDERR_REDIRECT] 
2026-08-13 22:47:23,070 [ERROR] LogOutputStream:75 - [STDERR_REDIRECT] Aug 13, 2026 10:47:23 PM java.util.prefs.FileSystemPreferences checkLockFile0ErrorCode
2026-08-13 22:47:23,070 [ERROR] LogOutputStream:75 - [STDERR_REDIRECT] WARNING: Could not lock System prefs. Unix error code 2.
2026-08-13 22:47:23,070 [ERROR] LogOutputStream:75 - [STDERR_REDIRECT] 
2026-08-13 22:47:23,071 [ERROR] LogOutputStream:75 - [STDERR_REDIRECT] Aug 13, 2026 10:47:23 PM java.util.prefs.FileSystemPreferences syncWorld
2026-08-13 22:47:23,071 [ERROR] LogOutputStream:75 - [STDERR_REDIRECT] WARNING: Couldn't flush system prefs: java.util.prefs.BackingStoreException: Couldn't get file lock.
2026-08-13 22:47:23,071 [ERROR] LogOutputStream:75 - [STDERR_REDIRECT] 
2026-08-13 22:47:53,070 [ERROR] LogOutputStream:75 - [STDERR_REDIRECT] Aug 13, 2026 10:47:53 PM java.util.prefs.FileSystemPreferences checkLockFile0ErrorCode
2026-08-13 22:47:53,070 [ERROR] LogOutputStream:75 - [STDERR_REDIRECT] WARNING: Could not lock System prefs. Unix error code 2.
2026-08-13 22:47:53,071 [ERROR] LogOutputStream:75 - [STDERR_REDIRECT] 
2026-08-13 22:47:53,071 [ERROR] LogOutputStream:75 - [STDERR_REDIRECT] Aug 13, 2026 10:47:53 PM java.util.prefs.FileSystemPreferences syncWorld
2026-08-13 22:47:53,071 [ERROR] LogOutputStream:75 - [STDERR_REDIRECT] WARNING: Couldn't flush system prefs: java.util.prefs.BackingStoreException: Couldn't get file lock.
2026-08-13 22:47:53,071 [ERROR] LogOutputStream:75 - [STDERR_REDIRECT] 
2026-08-13 22:48:03,386 [ERROR] ConfigurationRetriever:142 - IOException on connection: Read timed out
2026-08-13 22:48:07,419 [ERROR] ConfigurationRetriever:142 - IOException on connection: Connect timed out
2026-08-13 22:48:23,076 [ERROR] LogOutputStream:75 - [STDERR_REDIRECT] Aug 13, 2026 10:48:23 PM java.util.prefs.FileSystemPreferences checkLockFile0ErrorCode
2026-08-13 22:48:23,077 [ERROR] LogOutputStream:75 - [STDERR_REDIRECT] WARNING: Could not lock System prefs. Unix error code 2.
2026-08-13 22:48:23,077 [ERROR] LogOutputStream:75 - [STDERR_REDIRECT] 
2026-08-13 22:48:23,077 [ERROR] LogOutputStream:75 - [STDERR_REDIRECT] Aug 13, 2026 10:48:23 PM java.util.prefs.FileSystemPreferences syncWorld
2026-08-13 22:48:23,078 [ERROR] LogOutputStream:75 - [STDERR_REDIRECT] WARNING: Couldn't flush system prefs: java.util.prefs.BackingStoreException: Couldn't get file lock.
2026-08-13 22:48:23,078 [ERROR] LogOutputStream:75 - [STDERR_REDIRECT] 
2026-08-13 22:48:53,073 [ERROR] LogOutputStream:75 - [STDERR_REDIRECT] Aug 13, 2026 10:48:53 PM java.util.prefs.FileSystemPreferences checkLockFile0ErrorCode
2026-08-13 22:48:53,073 [ERROR] LogOutputStream:75 - [STDERR_REDIRECT] WARNING: Could not lock System prefs. Unix error code 2.
2026-08-13 22:48:53,073 [ERROR] LogOutputStream:75 - [STDERR_REDIRECT] 
2026-08-13 22:48:53,073 [ERROR] LogOutputStream:75 - [STDERR_REDIRECT] Aug 13, 2026 10:48:53 PM java.util.prefs.FileSystemPreferences syncWorld
2026-08-13 22:48:53,073 [ERROR] LogOutputStream:75 - [STDERR_REDIRECT] WARNING: Couldn't flush system prefs: java.util.prefs.BackingStoreException: Couldn't get file lock.
2026-08-13 22:48:53,073 [ERROR] LogOutputStream:75 - [STDERR_REDIRECT] 
2026-08-13 22:49:23,070 [ERROR] LogOutputStream:75 - [STDERR_REDIRECT] Aug 13, 2026 10:49:23 PM java.util.prefs.FileSystemPreferences checkLockFile0ErrorCode
2026-08-13 22:49:23,070 [ERROR] LogOutputStream:75 - [STDERR_REDIRECT] WARNING: Could not lock System prefs. Unix error code 2.
2026-08-13 22:49:23,070 [ERROR] LogOutputStream:75 - [STDERR_REDIRECT] 
2026-08-13 22:49:23,070 [ERROR] LogOutputStream:75 - [STDERR_REDIRECT] Aug 13, 2026 10:49:23 PM java.util.prefs.FileSystemPreferences syncWorld
2026-08-13 22:49:23,071 [ERROR] LogOutputStream:75 - [STDERR_REDIRECT] WARNING: Couldn't flush system prefs: java.util.prefs.BackingStoreException: Couldn't get file lock.
2026-08-13 22:49:23,071 [ERROR] LogOutputStream:75 - [STDERR_REDIRECT] 
2026-08-13 22:49:53,072 [ERROR] LogOutputStream:75 - [STDERR_REDIRECT] Aug 13, 2026 10:49:53 PM java.util.prefs.FileSystemPreferences checkLockFile0ErrorCode
2026-08-13 22:49:53,072 [ERROR] LogOutputStream:75 - [STDERR_REDIRECT] WARNING: Could not lock System prefs. Unix error code 2.
2026-08-13 22:49:53,072 [ERROR] LogOutputStream:75 - [STDERR_REDIRECT] 
2026-08-13 22:49:53,073 [ERROR] LogOutputStream:75 - [STDERR_REDIRECT] Aug 13, 2026 10:49:53 PM java.util.prefs.FileSystemPreferences syncWorld
2026-08-13 22:49:53,073 [ERROR] LogOutputStream:75 - [STDERR_REDIRECT] WARNING: Couldn't flush system prefs: java.util.prefs.BackingStoreException: Couldn't get file lock.
2026-08-13 22:49:53,073 [ERROR] LogOutputStream:75 - [STDERR_REDIRECT] 
2026-08-13 22:50:23,071 [ERROR] LogOutputStream:75 - [STDERR_REDIRECT] Aug 13, 2026 10:50:23 PM java.util.prefs.FileSystemPreferences checkLockFile0ErrorCode
2026-08-13 22:50:23,071 [ERROR] LogOutputStream:75 - [STDERR_REDIRECT] WARNING: Could not lock System prefs. Unix error code 2.
2026-08-13 22:50:23,071 [ERROR] LogOutputStream:75 - [STDERR_REDIRECT] 
2026-08-13 22:50:23,071 [ERROR] LogOutputStream:75 - [STDERR_REDIRECT] Aug 13, 2026 10:50:23 PM java.util.prefs.FileSystemPreferences syncWorld
2026-08-13 22:50:23,071 [ERROR] LogOutputStream:75 - [STDERR_REDIRECT] WARNING: Couldn't flush system prefs: java.util.prefs.BackingStoreException: Couldn't get file lock.
2026-08-13 22:50:23,071 [ERROR] LogOutputStream:75 - [STDERR_REDIRECT] 
2026-08-13 22:50:53,074 [ERROR] LogOutputStream:75 - [STDERR_REDIRECT] Aug 13, 2026 10:50:53 PM java.util.prefs.FileSystemPreferences checkLockFile0ErrorCode
2026-08-13 22:50:53,074 [ERROR] LogOutputStream:75 - [STDERR_REDIRECT] WARNING: Could not lock System prefs. Unix error code 2.
2026-08-13 22:50:53,074 [ERROR] LogOutputStream:75 - [STDERR_REDIRECT] 
2026-08-13 22:50:53,074 [ERROR] LogOutputStream:75 - [STDERR_REDIRECT] Aug 13, 2026 10:50:53 PM java.util.prefs.FileSystemPreferences syncWorld
2026-08-13 22:50:53,074 [ERROR] LogOutputStream:75 - [STDERR_REDIRECT] WARNING: Couldn't flush system prefs: java.util.prefs.BackingStoreException: Couldn't get file lock.
2026-08-13 22:50:53,074 [ERROR] LogOutputStream:75 - [STDERR_REDIRECT] 
2026-08-13 22:51:09,499 [INFO] NvicIntPanel:101 - NVIC parent = com.st.microxplorer.plugins.ip.nvic.MultiNvicIntPanel[,0,0,480x257,layout=javax.swing.BoxLayout,alignmentX=0.0,alignmentY=0.0,border=,flags=9,maximumSize=,minimumSize=,preferredSize=]
2026-08-13 22:51:18,634 [WARN] IP:2250 - I2C_Coeff_DF not found: check if there is a RefParameter without a condition.
2026-08-13 22:51:18,634 [WARN] IP:2250 - Analog_Filter not found: check if there is a RefParameter without a condition.
2026-08-13 22:51:18,635 [WARN] IP:2250 - I2C_Coeff_DF not found: check if there is a RefParameter without a condition.
2026-08-13 22:51:18,635 [WARN] IP:2250 - Analog_Filter not found: check if there is a RefParameter without a condition.
2026-08-13 22:51:18,756 [WARN] IP:2250 - I2C_Coeff_DF not found: check if there is a RefParameter without a condition.
2026-08-13 22:51:18,756 [WARN] IP:2250 - Analog_Filter not found: check if there is a RefParameter without a condition.
2026-08-13 22:51:18,756 [WARN] IP:2250 - I2C_Coeff_DF not found: check if there is a RefParameter without a condition.
2026-08-13 22:51:18,756 [WARN] IP:2250 - Analog_Filter not found: check if there is a RefParameter without a condition.
2026-08-13 22:51:21,032 [INFO] UtilMem:75 - End SaveConfig() Used Memory: 405479424 Bytes (685768704)
2026-08-13 22:51:23,074 [ERROR] LogOutputStream:75 - [STDERR_REDIRECT] Aug 13, 2026 10:51:23 PM java.util.prefs.FileSystemPreferences checkLockFile0ErrorCode
2026-08-13 22:51:23,074 [ERROR] LogOutputStream:75 - [STDERR_REDIRECT] WARNING: Could not lock System prefs. Unix error code 2.
2026-08-13 22:51:23,074 [ERROR] LogOutputStream:75 - [STDERR_REDIRECT] 
2026-08-13 22:51:23,075 [ERROR] LogOutputStream:75 - [STDERR_REDIRECT] Aug 13, 2026 10:51:23 PM java.util.prefs.FileSystemPreferences syncWorld
2026-08-13 22:51:23,075 [ERROR] LogOutputStream:75 - [STDERR_REDIRECT] WARNING: Couldn't flush system prefs: java.util.prefs.BackingStoreException: Couldn't get file lock.
2026-08-13 22:51:23,075 [ERROR] LogOutputStream:75 - [STDERR_REDIRECT] 
2026-08-13 22:51:23,163 [INFO] UtilMem:75 - End SaveConfig() Used Memory: 421730304 Bytes (685768704)
2026-08-13 22:51:24,186 [INFO] UtilMem:75 - End SaveConfig() Used Memory: 460005376 Bytes (685768704)
2026-08-13 22:51:24,463 [INFO] BlockDiagram:2775 - set Specific Code input for plugin: SPI
2026-08-13 22:51:24,463 [INFO] BlockDiagram:2775 - set Specific Code input for plugin: NVIC
2026-08-13 22:51:24,463 [INFO] BlockDiagram:2775 - set Specific Code input for plugin: USART
2026-08-13 22:51:24,463 [INFO] BlockDiagram:2775 - set Specific Code input for plugin: SYS
2026-08-13 22:51:24,463 [INFO] BlockDiagram:2775 - set Specific Code input for plugin: GPIO
2026-08-13 22:51:24,463 [INFO] BlockDiagram:2775 - set Specific Code input for plugin: ADC
2026-08-13 22:51:24,463 [INFO] BlockDiagram:2775 - set Specific Code input for plugin: RCC
2026-08-13 22:51:24,463 [INFO] BlockDiagram:2775 - set Specific Code input for plugin: I2C
2026-08-13 22:51:24,464 [INFO] CodeGenerator:882 - code generatio: config db path: /opt/st/stm32cubeide_1.18.0/plugins/com.st.stm32cube.common.mx_6.14.0.202502271554//db/
2026-08-13 22:51:24,469 [WARN] IP:2250 - I2C_Coeff_DF not found: check if there is a RefParameter without a condition.
2026-08-13 22:51:24,469 [WARN] IP:2250 - Analog_Filter not found: check if there is a RefParameter without a condition.
2026-08-13 22:51:24,562 [INFO] CodeEngine:263 - oldGeneratedFile, /home/thuy/embedded/project/Quadcopter-STM32F4/STM32-RC_Transmitter/MXTmpFiles/license.tmp_save
2026-08-13 22:51:24,779 [INFO] CodeEngine:287 - Generated code: /home/thuy/embedded/project/Quadcopter-STM32F4/STM32-RC_Transmitter/MXTmpFiles/license.tmp
2026-08-13 22:51:24,862 [INFO] CodeEngine:263 - oldGeneratedFile, /home/thuy/embedded/project/Quadcopter-STM32F4/STM32-RC_Transmitter/MXTmpFiles/gpio.tmp_save
2026-08-13 22:51:24,953 [INFO] CodeEngine:287 - Generated code: /home/thuy/embedded/project/Quadcopter-STM32F4/STM32-RC_Transmitter/MXTmpFiles/gpio.tmp
2026-08-13 22:51:25,054 [INFO] CodeEngine:263 - oldGeneratedFile, /home/thuy/embedded/project/Quadcopter-STM32F4/STM32-RC_Transmitter/Core/Src/stm32f1xx_it.c_save
2026-08-13 22:51:25,117 [INFO] CodeEngine:287 - Generated code: /home/thuy/embedded/project/Quadcopter-STM32F4/STM32-RC_Transmitter/Core/Src/stm32f1xx_it.c
2026-08-13 22:51:25,118 [INFO] CodeEngine:263 - oldGeneratedFile, /home/thuy/embedded/project/Quadcopter-STM32F4/STM32-RC_Transmitter/Core/Inc/stm32f1xx_it.h_save
2026-08-13 22:51:25,160 [INFO] CodeEngine:287 - Generated code: /home/thuy/embedded/project/Quadcopter-STM32F4/STM32-RC_Transmitter/Core/Inc/stm32f1xx_it.h
2026-08-13 22:51:25,164 [INFO] CodeEngine:263 - oldGeneratedFile, /home/thuy/embedded/project/Quadcopter-STM32F4/STM32-RC_Transmitter/Core/Src/stm32f1xx_hal_msp.c_save
2026-08-13 22:51:25,251 [INFO] CodeEngine:287 - Generated code: /home/thuy/embedded/project/Quadcopter-STM32F4/STM32-RC_Transmitter/Core/Src/stm32f1xx_hal_msp.c
2026-08-13 22:51:25,253 [INFO] CodeEngine:263 - oldGeneratedFile, /home/thuy/embedded/project/Quadcopter-STM32F4/STM32-RC_Transmitter/MXTmpFiles/system.tmp_save
2026-08-13 22:51:25,297 [INFO] CodeEngine:287 - Generated code: /home/thuy/embedded/project/Quadcopter-STM32F4/STM32-RC_Transmitter/MXTmpFiles/system.tmp
2026-08-13 22:51:25,299 [INFO] CodeEngine:319 - oldGeneratedFile, /home/thuy/embedded/project/Quadcopter-STM32F4/STM32-RC_Transmitter/Core/Inc/stm32f1xx_hal_conf.h_save
2026-08-13 22:51:25,349 [INFO] CodeEngine:343 - Generated code: /home/thuy/embedded/project/Quadcopter-STM32F4/STM32-RC_Transmitter/Core/Inc/stm32f1xx_hal_conf.h
2026-08-13 22:51:25,370 [INFO] ApiDbMcu:508 - Load IP Config File for ADC1
2026-08-13 22:51:25,373 [INFO] ApiDbMcu:508 - Load IP Config File for I2C1
2026-08-13 22:51:25,374 [INFO] ApiDbMcu:508 - Load IP Config File for SPI2
2026-08-13 22:51:25,376 [INFO] ApiDbMcu:508 - Load IP Config File for USART1
2026-08-13 22:51:25,378 [INFO] ApiDbMcu:508 - Load IP Config File for RCC
2026-08-13 22:51:25,381 [INFO] CodeEngine:263 - oldGeneratedFile, /home/thuy/embedded/project/Quadcopter-STM32F4/STM32-RC_Transmitter/Core/Inc/main.h_save
2026-08-13 22:51:25,438 [INFO] CodeEngine:287 - Generated code: /home/thuy/embedded/project/Quadcopter-STM32F4/STM32-RC_Transmitter/Core/Inc/main.h
2026-08-13 22:51:25,440 [INFO] CodeEngine:263 - oldGeneratedFile, /home/thuy/embedded/project/Quadcopter-STM32F4/STM32-RC_Transmitter/Core/Src/main.c_save
2026-08-13 22:51:25,536 [INFO] CodeEngine:287 - Generated code: /home/thuy/embedded/project/Quadcopter-STM32F4/STM32-RC_Transmitter/Core/Src/main.c
2026-08-13 22:51:25,699 [INFO] ProjectBuilder:3324 - Time for Copy HAL[1] : 30mS.
2026-08-13 22:51:25,701 [INFO] ProjectBuilder:4912 - Project Generator version: 4.6.0-B36
2026-08-13 22:51:25,756 [INFO] ConfigFileManager:1590 - The Die is : DIE410
2026-08-13 22:51:25,760 [INFO] ApiDbMcu:508 - Load IP Config File for FATFS
2026-08-13 22:51:25,763 [INFO] ApiDbMcu:508 - Load IP Config File for FREERTOS
2026-08-13 22:51:25,766 [INFO] ApiDbMcu:508 - Load IP Config File for USB_DEVICE
2026-08-13 22:51:26,014 [INFO] LogOutputStream:77 - [STDOUT_REDIRECT] 
2026-08-13 22:51:26,369 [INFO] ProjectBuilder:5191 - Time for Generating toolchain IDE Files: 667mS.
2026-08-13 22:51:26,369 [INFO] ProjectBuilder:3181 - Time for Copy CMSIS : 0mS.
2026-08-13 22:51:26,370 [INFO] ProjectBuilder:3181 - Time for Copy CMSIS : 0mS.
2026-08-13 22:51:53,073 [ERROR] LogOutputStream:75 - [STDERR_REDIRECT] Aug 13, 2026 10:51:53 PM java.util.prefs.FileSystemPreferences checkLockFile0ErrorCode
2026-08-13 22:51:53,073 [ERROR] LogOutputStream:75 - [STDERR_REDIRECT] WARNING: Could not lock System prefs. Unix error code 2.
2026-08-13 22:51:53,073 [ERROR] LogOutputStream:75 - [STDERR_REDIRECT] 
2026-08-13 22:51:53,073 [ERROR] LogOutputStream:75 - [STDERR_REDIRECT] Aug 13, 2026 10:51:53 PM java.util.prefs.FileSystemPreferences syncWorld
2026-08-13 22:51:53,073 [ERROR] LogOutputStream:75 - [STDERR_REDIRECT] WARNING: Couldn't flush system prefs: java.util.prefs.BackingStoreException: Couldn't get file lock.
2026-08-13 22:51:53,073 [ERROR] LogOutputStream:75 - [STDERR_REDIRECT] 
2026-08-13 22:52:23,073 [ERROR] LogOutputStream:75 - [STDERR_REDIRECT] Aug 13, 2026 10:52:23 PM java.util.prefs.FileSystemPreferences checkLockFile0ErrorCode
2026-08-13 22:52:23,073 [ERROR] LogOutputStream:75 - [STDERR_REDIRECT] WARNING: Could not lock System prefs. Unix error code 2.
2026-08-13 22:52:23,073 [ERROR] LogOutputStream:75 - [STDERR_REDIRECT] 
2026-08-13 22:52:23,074 [ERROR] LogOutputStream:75 - [STDERR_REDIRECT] Aug 13, 2026 10:52:23 PM java.util.prefs.FileSystemPreferences syncWorld
2026-08-13 22:52:23,074 [ERROR] LogOutputStream:75 - [STDERR_REDIRECT] WARNING: Couldn't flush system prefs: java.util.prefs.BackingStoreException: Couldn't get file lock.
2026-08-13 22:52:23,074 [ERROR] LogOutputStream:75 - [STDERR_REDIRECT] 
2026-08-13 22:52:53,073 [ERROR] LogOutputStream:75 - [STDERR_REDIRECT] Aug 13, 2026 10:52:53 PM java.util.prefs.FileSystemPreferences checkLockFile0ErrorCode
2026-08-13 22:52:53,073 [ERROR] LogOutputStream:75 - [STDERR_REDIRECT] WARNING: Could not lock System prefs. Unix error code 2.
2026-08-13 22:52:53,073 [ERROR] LogOutputStream:75 - [STDERR_REDIRECT] 
2026-08-13 22:52:53,073 [ERROR] LogOutputStream:75 - [STDERR_REDIRECT] Aug 13, 2026 10:52:53 PM java.util.prefs.FileSystemPreferences syncWorld
2026-08-13 22:52:53,073 [ERROR] LogOutputStream:75 - [STDERR_REDIRECT] WARNING: Couldn't flush system prefs: java.util.prefs.BackingStoreException: Couldn't get file lock.
2026-08-13 22:52:53,073 [ERROR] LogOutputStream:75 - [STDERR_REDIRECT] 
2026-08-13 22:53:23,079 [ERROR] LogOutputStream:75 - [STDERR_REDIRECT] Aug 13, 2026 10:53:23 PM java.util.prefs.FileSystemPreferences checkLockFile0ErrorCode
2026-08-13 22:53:23,079 [ERROR] LogOutputStream:75 - [STDERR_REDIRECT] WARNING: Could not lock System prefs. Unix error code 2.
2026-08-13 22:53:23,080 [ERROR] LogOutputStream:75 - [STDERR_REDIRECT] 
2026-08-13 22:53:23,080 [ERROR] LogOutputStream:75 - [STDERR_REDIRECT] Aug 13, 2026 10:53:23 PM java.util.prefs.FileSystemPreferences syncWorld
2026-08-13 22:53:23,080 [ERROR] LogOutputStream:75 - [STDERR_REDIRECT] WARNING: Couldn't flush system prefs: java.util.prefs.BackingStoreException: Couldn't get file lock.
2026-08-13 22:53:23,080 [ERROR] LogOutputStream:75 - [STDERR_REDIRECT] 
2026-08-13 22:53:53,074 [ERROR] LogOutputStream:75 - [STDERR_REDIRECT] Aug 13, 2026 10:53:53 PM java.util.prefs.FileSystemPreferences checkLockFile0ErrorCode
2026-08-13 22:53:53,074 [ERROR] LogOutputStream:75 - [STDERR_REDIRECT] WARNING: Could not lock System prefs. Unix error code 2.
2026-08-13 22:53:53,074 [ERROR] LogOutputStream:75 - [STDERR_REDIRECT] 
2026-08-13 22:53:53,074 [ERROR] LogOutputStream:75 - [STDERR_REDIRECT] Aug 13, 2026 10:53:53 PM java.util.prefs.FileSystemPreferences syncWorld
2026-08-13 22:53:53,074 [ERROR] LogOutputStream:75 - [STDERR_REDIRECT] WARNING: Couldn't flush system prefs: java.util.prefs.BackingStoreException: Couldn't get file lock.
2026-08-13 22:53:53,074 [ERROR] LogOutputStream:75 - [STDERR_REDIRECT] 
2026-08-13 22:54:06,939 [ERROR] LogOutputStream:75 - [STDERR_REDIRECT] 
2026-08-13 22:54:06,940 [ERROR] LogOutputStream:75 - [STDERR_REDIRECT] 
