2026-08-18 07:54:19,217 [INFO] Activator:176 - 


2026-08-18 07:54:19,224 [INFO] Activator:177 - !SESSION log4j initialized
2026-08-18 07:54:26,199 [INFO] LogOutputStream:77 - [STDOUT_REDIRECT] 
2026-08-18 07:54:27,086 [INFO] ApplicationProperties:184 - Using Application install path: /opt/st/stm32cubeide_1.18.0/plugins/com.st.stm32cube.common.mx_6.14.0.202502271554
2026-08-18 07:54:27,121 [INFO] DbMcusXml:78 - Set database path to: /opt/st/stm32cubeide_1.18.0/plugins/com.st.stm32cube.common.mx_6.14.0.202502271554//db//mcu/
2026-08-18 07:54:27,122 [INFO] ApiDb:274 - Set plugin database path to: /opt/st/stm32cubeide_1.18.0/plugins/com.st.stm32cube.common.mx_6.14.0.202502271554//db//plugins/boardmanager/
2026-08-18 07:54:27,122 [WARN] ApiDb:259 - Overriding images path with different value:  => /opt/st/stm32cubeide_1.18.0/plugins/com.st.stm32cube.common.mx_6.14.0.202502271554//db//plugins/mcufinder/images/
2026-08-18 07:54:27,134 [INFO] ApiDb:250 - Set database path to: /home/thuy/.stmcufinder/plugins/mcufinder//mcu/
2026-08-18 07:54:27,137 [INFO] DbMcusAds:125 - Set database path to: /home/thuy/.stmcufinder/plugins/mcufinder//mcu/
2026-08-18 07:54:27,143 [INFO] CrossReferenceDbSqlite:203 - Set database path to: /home/thuy/.stmcufinder/plugins/mcufinder//mcu/cs/
2026-08-18 07:54:27,378 [INFO] RulesReader:64 - Compatibility file has been processed (301 Rules)
2026-08-18 07:54:27,515 [INFO] DbMcusXml:78 - Set database path to: /opt/st/stm32cubeide_1.18.0/plugins/com.st.stm32cube.common.mx_6.14.0.202502271554//db//mcu/
2026-08-18 07:54:27,516 [INFO] ApiDb:274 - Set plugin database path to: /opt/st/stm32cubeide_1.18.0/plugins/com.st.stm32cube.common.mx_6.14.0.202502271554//db//plugins/boardmanager/
2026-08-18 07:54:27,516 [INFO] ApiDb:261 - Set plugin images path to: /opt/st/stm32cubeide_1.18.0/plugins/com.st.stm32cube.common.mx_6.14.0.202502271554//db//plugins/mcufinder/images/
2026-08-18 07:54:27,517 [WARN] DbFile:41 - Overriding database path with different value: /home/thuy/.stmcufinder/plugins/mcufinder/ => /home/thuy/.stmcufinder/plugins/mcufinder
2026-08-18 07:54:27,517 [INFO] ApiDb:250 - Set database path to: /home/thuy/.stmcufinder/plugins/mcufinder//mcu/
2026-08-18 07:54:27,517 [WARN] DbFile:41 - Overriding database path with different value: /home/thuy/.stmcufinder/plugins/mcufinder/ => /home/thuy/.stmcufinder/plugins/mcufinder
2026-08-18 07:54:27,517 [INFO] DbMcusAds:125 - Set database path to: /home/thuy/.stmcufinder/plugins/mcufinder//mcu/
2026-08-18 07:54:27,518 [WARN] DbFile:41 - Overriding database path with different value: /home/thuy/.stmcufinder/plugins/mcufinder/ => /home/thuy/.stmcufinder/plugins/mcufinder
2026-08-18 07:54:27,518 [WARN] DbFile:41 - Overriding database path with different value: /home/thuy/.stmcufinder/plugins/mcufinder/ => /home/thuy/.stmcufinder/plugins/mcufinder
2026-08-18 07:54:27,518 [INFO] CrossReferenceDbSqlite:203 - Set database path to: /home/thuy/.stmcufinder/plugins/mcufinder//mcu/cs/
2026-08-18 07:54:27,640 [INFO] MainPanel:272 - HeapMemory: 268435456
2026-08-18 07:54:27,884 [INFO] DbMcusXml:78 - Set database path to: /opt/st/stm32cubeide_1.18.0/plugins/com.st.stm32cube.common.mx_6.14.0.202502271554//db//mcu/
2026-08-18 07:54:27,885 [INFO] ApiDb:274 - Set plugin database path to: /opt/st/stm32cubeide_1.18.0/plugins/com.st.stm32cube.common.mx_6.14.0.202502271554//db//plugins/boardmanager/
2026-08-18 07:54:27,885 [INFO] ApiDb:261 - Set plugin images path to: /opt/st/stm32cubeide_1.18.0/plugins/com.st.stm32cube.common.mx_6.14.0.202502271554//db//plugins/mcufinder/images/
2026-08-18 07:54:27,886 [WARN] DbFile:41 - Overriding database path with different value: /home/thuy/.stmcufinder/plugins/mcufinder/ => /home/thuy/.stmcufinder/plugins/mcufinder
2026-08-18 07:54:27,886 [INFO] ApiDb:250 - Set database path to: /home/thuy/.stmcufinder/plugins/mcufinder//mcu/
2026-08-18 07:54:27,886 [WARN] DbFile:41 - Overriding database path with different value: /home/thuy/.stmcufinder/plugins/mcufinder/ => /home/thuy/.stmcufinder/plugins/mcufinder
2026-08-18 07:54:27,886 [INFO] DbMcusAds:125 - Set database path to: /home/thuy/.stmcufinder/plugins/mcufinder//mcu/
2026-08-18 07:54:27,886 [WARN] DbFile:41 - Overriding database path with different value: /home/thuy/.stmcufinder/plugins/mcufinder/ => /home/thuy/.stmcufinder/plugins/mcufinder
2026-08-18 07:54:27,886 [WARN] DbFile:41 - Overriding database path with different value: /home/thuy/.stmcufinder/plugins/mcufinder/ => /home/thuy/.stmcufinder/plugins/mcufinder
2026-08-18 07:54:27,887 [INFO] CrossReferenceDbSqlite:203 - Set database path to: /home/thuy/.stmcufinder/plugins/mcufinder//mcu/cs/
2026-08-18 07:54:27,916 [INFO] ApplicationProperties:184 - Using Application install path: /opt/st/stm32cubeide_1.18.0/plugins/com.st.stm32cube.common.mx_6.14.0.202502271554
2026-08-18 07:54:27,919 [INFO] PluginManage:196 - Search for loadable plugins [exclusion list=, ]
2026-08-18 07:54:27,921 [INFO] PluginManage:310 - Check plugin analytics
2026-08-18 07:54:28,233 [INFO] AnalyticsPlugin:253 - Accepted Software Licenses: STM32CubeMX.6.17.0
2026-08-18 07:54:28,234 [INFO] AnalyticsPlugin:255 - Accepted CMSIS Pack Licenses: 
2026-08-18 07:54:28,234 [INFO] AnalyticsPlugin:257 - Accepted Firmware Licenses: FW.F1.1.8.7,FW.F4.1.28.0,FW.F4.1.28.3
2026-08-18 07:54:28,240 [INFO] PluginManage:359 - Loaded plugin analytics (category:tool,tabindex:-1)
2026-08-18 07:54:28,241 [INFO] PluginManage:310 - Check plugin cadmodel
2026-08-18 07:54:28,249 [INFO] CADModel:105 - Init CAD model plugin
2026-08-18 07:54:28,250 [INFO] PluginManage:359 - Loaded plugin cadmodel (category:power,tabindex:5)
2026-08-18 07:54:28,250 [INFO] PluginManage:310 - Check plugin clock
2026-08-18 07:54:28,269 [INFO] PluginManage:359 - Loaded plugin clock (category:base,tabindex:2)
2026-08-18 07:54:28,270 [INFO] PluginManage:310 - Check plugin ddr
2026-08-18 07:54:28,274 [INFO] PluginManage:359 - Loaded plugin ddr (category:tool,tabindex:6)
2026-08-18 07:54:28,275 [INFO] PluginManage:310 - Check plugin filemanager
2026-08-18 07:54:28,544 [INFO] PluginManage:359 - Loaded plugin filemanager (category:base,tabindex:10)
2026-08-18 07:54:28,545 [INFO] PluginManage:310 - Check plugin ipmanager
2026-08-18 07:54:28,554 [INFO] PluginManage:359 - Loaded plugin ipmanager (category:base,tabindex:5)
2026-08-18 07:54:28,555 [INFO] PluginManage:310 - Check plugin lpbam
2026-08-18 07:54:28,571 [INFO] PluginManage:359 - Loaded plugin lpbam (category:base,tabindex:0)
2026-08-18 07:54:28,571 [INFO] PluginManage:310 - Check plugin memorymap
2026-08-18 07:54:28,591 [INFO] PluginManage:359 - Loaded plugin memorymap (category:base,tabindex:4)
2026-08-18 07:54:28,592 [INFO] PluginManage:310 - Check plugin pinoutandconfiguration
2026-08-18 07:54:28,605 [INFO] PluginManage:359 - Loaded plugin pinoutandconfiguration (category:base,tabindex:1)
2026-08-18 07:54:28,606 [INFO] PluginManage:310 - Check plugin pinoutconfig
2026-08-18 07:54:28,763 [WARN] SupportedApi:132 - Cannot load RTOS API schema: s4s-elt-must-match.1: The content of 'definitions' must match (annotation?, (simpleType | complexType)?, (unique | key | keyref)*)). A problem was found starting at: attribute.
2026-08-18 07:54:28,982 [INFO] PluginManage:359 - Loaded plugin pinoutconfig (category:base,tabindex:0)
2026-08-18 07:54:28,982 [INFO] PluginManage:310 - Check plugin power
2026-08-18 07:54:28,997 [INFO] PluginManage:359 - Loaded plugin power (category:power,tabindex:4)
2026-08-18 07:54:28,998 [INFO] PluginManage:310 - Check plugin projectmanager
2026-08-18 07:54:29,025 [INFO] PluginManage:359 - Loaded plugin projectmanager (category:projectmanager,tabindex:4)
2026-08-18 07:54:29,026 [INFO] PluginManage:310 - Check plugin rif
2026-08-18 07:54:29,039 [INFO] PluginManage:359 - Loaded plugin rif (category:base,tabindex:3)
2026-08-18 07:54:29,040 [INFO] PluginManage:310 - Check plugin thirdparty
2026-08-18 07:54:29,255 [WARN] IntegrityCheckThread:84 - waiting for thirdparty lock release [integrity check]
2026-08-18 07:54:29,255 [INFO] PluginManage:359 - Loaded plugin thirdparty (category:base,tabindex:-1)
2026-08-18 07:54:29,255 [INFO] IntegrityCheckThread:86 - entering critical section [integrity check]
2026-08-18 07:54:29,256 [INFO] PluginManage:310 - Check plugin tools
2026-08-18 07:54:29,256 [INFO] ThirdPartyUpdaterWithRetryManager:70 - Updater plugin not ready yet. [1/15]
2026-08-18 07:54:29,260 [INFO] PluginManage:359 - Loaded plugin tools (category:base,tabindex:7)
2026-08-18 07:54:29,261 [INFO] PluginManage:310 - Check plugin tutovideos
2026-08-18 07:54:29,576 [INFO] PluginManage:359 - Loaded plugin tutovideos (category:base,tabindex:-1)
2026-08-18 07:54:29,576 [INFO] PluginManage:310 - Check plugin updater
2026-08-18 07:54:29,614 [INFO] PluginManage:359 - Loaded plugin updater (category:base,tabindex:12)
2026-08-18 07:54:29,614 [INFO] PluginManage:310 - Check plugin userauth
2026-08-18 07:54:29,621 [INFO] UserAuth:118 - Init User Auth plugin
2026-08-18 07:54:29,622 [INFO] PluginManage:359 - Loaded plugin userauth (category:base,tabindex:14)
2026-08-18 07:54:29,623 [INFO] PluginManage:283 - PluginManage : Loaded plugins [18]
2026-08-18 07:54:29,957 [INFO] PinOutPanel:1589 - setPackage(No Configuration,No Configuration)
2026-08-18 07:54:30,136 [INFO] CADModel:165 - CPN selected for project level
2026-08-18 07:54:30,136 [INFO] CADModel:114 - Register for checkConnection events
2026-08-18 07:54:30,167 [INFO] IPUIPlugin:80 - create IPUIPlugin
2026-08-18 07:54:30,167 [INFO] PluginManager:220 - loadIPPluginJar : add freertos
2026-08-18 07:54:30,177 [INFO] IPUIPlugin:80 - create IPUIPlugin
2026-08-18 07:54:30,177 [INFO] PluginManager:220 - loadIPPluginJar : add quadspi
2026-08-18 07:54:30,187 [INFO] IPUIPlugin:80 - create IPUIPlugin
2026-08-18 07:54:30,187 [INFO] PluginManager:220 - loadIPPluginJar : add i2s
2026-08-18 07:54:30,194 [INFO] IPUIPlugin:80 - create IPUIPlugin
2026-08-18 07:54:30,194 [INFO] PluginManager:220 - loadIPPluginJar : add touchsensing
2026-08-18 07:54:30,201 [INFO] IPUIPlugin:80 - create IPUIPlugin
2026-08-18 07:54:30,201 [INFO] PluginManager:220 - loadIPPluginJar : add ipddr
2026-08-18 07:54:30,206 [INFO] IPUIPlugin:80 - create IPUIPlugin
2026-08-18 07:54:30,207 [INFO] PluginManager:220 - loadIPPluginJar : add pdm2pcm
2026-08-18 07:54:30,215 [INFO] IPUIPlugin:80 - create IPUIPlugin
2026-08-18 07:54:30,216 [INFO] PluginManager:220 - loadIPPluginJar : add dfsdm
2026-08-18 07:54:30,232 [INFO] IPUIPlugin:80 - create IPUIPlugin
2026-08-18 07:54:30,233 [INFO] PluginManager:220 - loadIPPluginJar : add stm32_wpan
2026-08-18 07:54:30,241 [INFO] IPUIPlugin:80 - create IPUIPlugin
2026-08-18 07:54:30,242 [INFO] PluginManager:220 - loadIPPluginJar : add nvic
2026-08-18 07:54:30,252 [INFO] IPUIPlugin:80 - create IPUIPlugin
2026-08-18 07:54:30,252 [INFO] PluginManager:220 - loadIPPluginJar : add gpio
2026-08-18 07:54:30,258 [INFO] IPUIPlugin:80 - create IPUIPlugin
2026-08-18 07:54:30,259 [INFO] PluginManager:220 - loadIPPluginJar : add usbx
2026-08-18 07:54:30,265 [INFO] IPUIPlugin:80 - create IPUIPlugin
2026-08-18 07:54:30,266 [INFO] PluginManager:220 - loadIPPluginJar : add sai
2026-08-18 07:54:30,269 [INFO] IPUIPlugin:80 - create IPUIPlugin
2026-08-18 07:54:30,269 [INFO] PluginManager:220 - loadIPPluginJar : add fatfs
2026-08-18 07:54:30,274 [INFO] IPUIPlugin:80 - create IPUIPlugin
2026-08-18 07:54:30,275 [INFO] PluginManager:220 - loadIPPluginJar : add opamp
2026-08-18 07:54:30,279 [INFO] IPUIPlugin:80 - create IPUIPlugin
2026-08-18 07:54:30,280 [INFO] PluginManager:220 - loadIPPluginJar : add spi
2026-08-18 07:54:30,283 [INFO] IPUIPlugin:80 - create IPUIPlugin
2026-08-18 07:54:30,283 [INFO] PluginManager:220 - loadIPPluginJar : add tsc
2026-08-18 07:54:30,291 [INFO] IPUIPlugin:80 - create IPUIPlugin
2026-08-18 07:54:30,291 [INFO] PluginManager:220 - loadIPPluginJar : add resmgrutility
2026-08-18 07:54:30,296 [INFO] IPUIPlugin:80 - create IPUIPlugin
2026-08-18 07:54:30,297 [INFO] PluginManager:220 - loadIPPluginJar : add can
2026-08-18 07:54:30,301 [INFO] IPUIPlugin:80 - create IPUIPlugin
2026-08-18 07:54:30,301 [INFO] PluginManager:220 - loadIPPluginJar : add ts
2026-08-18 07:54:30,313 [INFO] IPUIPlugin:80 - create IPUIPlugin
2026-08-18 07:54:30,319 [INFO] PluginManager:220 - loadIPPluginJar : add plateformsettings
2026-08-18 07:54:30,322 [INFO] IPUIPlugin:80 - create IPUIPlugin
2026-08-18 07:54:30,323 [INFO] PluginManager:220 - loadIPPluginJar : add tracer_emb
2026-08-18 07:54:30,328 [INFO] IPUIPlugin:80 - create IPUIPlugin
2026-08-18 07:54:30,328 [INFO] PluginManager:220 - loadIPPluginJar : add hash
2026-08-18 07:54:30,334 [INFO] IPUIPlugin:80 - create IPUIPlugin
2026-08-18 07:54:30,334 [INFO] PluginManager:220 - loadIPPluginJar : add i2c
2026-08-18 07:54:30,339 [INFO] IPUIPlugin:80 - create IPUIPlugin
2026-08-18 07:54:30,340 [INFO] PluginManager:220 - loadIPPluginJar : add i3c
2026-08-18 07:54:30,350 [INFO] IPUIPlugin:80 - create IPUIPlugin
2026-08-18 07:54:30,351 [INFO] PluginManager:220 - loadIPPluginJar : add adc
2026-08-18 07:54:30,353 [INFO] IPUIPlugin:80 - create IPUIPlugin
2026-08-18 07:54:30,353 [INFO] PluginManager:220 - loadIPPluginJar : add ltdc
2026-08-18 07:54:30,364 [INFO] IPUIPlugin:80 - create IPUIPlugin
2026-08-18 07:54:30,364 [INFO] PluginManager:220 - loadIPPluginJar : add mdma
2026-08-18 07:54:30,368 [INFO] IPUIPlugin:80 - create IPUIPlugin
2026-08-18 07:54:30,368 [INFO] PluginManager:220 - loadIPPluginJar : add aes
2026-08-18 07:54:30,375 [INFO] IPUIPlugin:80 - create IPUIPlugin
2026-08-18 07:54:30,376 [INFO] PluginManager:220 - loadIPPluginJar : add fmc
2026-08-18 07:54:30,378 [INFO] IPUIPlugin:80 - create IPUIPlugin
2026-08-18 07:54:30,379 [INFO] PluginManager:220 - loadIPPluginJar : add radio
2026-08-18 07:54:30,383 [INFO] IPUIPlugin:80 - create IPUIPlugin
2026-08-18 07:54:30,383 [INFO] PluginManager:220 - loadIPPluginJar : add cryp
2026-08-18 07:54:30,387 [INFO] IPUIPlugin:80 - create IPUIPlugin
2026-08-18 07:54:30,388 [INFO] PluginManager:220 - loadIPPluginJar : add openamp
2026-08-18 07:54:30,390 [INFO] IPUIPlugin:80 - create IPUIPlugin
2026-08-18 07:54:30,390 [INFO] PluginManager:220 - loadIPPluginJar : add comp
2026-08-18 07:54:30,393 [INFO] IPUIPlugin:80 - create IPUIPlugin
2026-08-18 07:54:30,393 [INFO] PluginManager:220 - loadIPPluginJar : add gfxmmu
2026-08-18 07:54:30,398 [INFO] IPUIPlugin:80 - create IPUIPlugin
2026-08-18 07:54:30,398 [INFO] PluginManager:220 - loadIPPluginJar : add gtzc
2026-08-18 07:54:30,408 [INFO] IPUIPlugin:80 - create IPUIPlugin
2026-08-18 07:54:30,408 [INFO] PluginManager:220 - loadIPPluginJar : add gic
2026-08-18 07:54:30,412 [INFO] IPUIPlugin:80 - create IPUIPlugin
2026-08-18 07:54:30,413 [INFO] PluginManager:220 - loadIPPluginJar : add lorawan
2026-08-18 07:54:30,417 [INFO] IPUIPlugin:80 - create IPUIPlugin
2026-08-18 07:54:30,417 [INFO] PluginManager:220 - loadIPPluginJar : add usart
2026-08-18 07:54:30,420 [INFO] IPUIPlugin:80 - create IPUIPlugin
2026-08-18 07:54:30,420 [INFO] PluginManager:220 - loadIPPluginJar : add tim
2026-08-18 07:54:30,424 [INFO] IPUIPlugin:80 - create IPUIPlugin
2026-08-18 07:54:30,425 [INFO] PluginManager:220 - loadIPPluginJar : add ddr_ctrl_phy
2026-08-18 07:54:30,429 [INFO] IPUIPlugin:80 - create IPUIPlugin
2026-08-18 07:54:30,430 [INFO] PluginManager:220 - loadIPPluginJar : add extmemmanager
2026-08-18 07:54:30,433 [INFO] IPUIPlugin:80 - create IPUIPlugin
2026-08-18 07:54:30,434 [INFO] PluginManager:220 - loadIPPluginJar : add dma3
2026-08-18 07:54:30,436 [INFO] IPUIPlugin:80 - create IPUIPlugin
2026-08-18 07:54:30,437 [INFO] PluginManager:220 - loadIPPluginJar : add ucpd
2026-08-18 07:54:30,446 [INFO] IPUIPlugin:80 - create IPUIPlugin
2026-08-18 07:54:30,447 [INFO] PluginManager:220 - loadIPPluginJar : add dma
2026-08-18 07:54:30,449 [INFO] IPUIPlugin:80 - create IPUIPlugin
2026-08-18 07:54:30,449 [INFO] PluginManager:220 - loadIPPluginJar : add genericplugin
2026-08-18 07:54:30,462 [INFO] IPUIPlugin:80 - create IPUIPlugin
2026-08-18 07:54:30,462 [INFO] PluginManager:220 - loadIPPluginJar : add linkedlist
2026-08-18 07:54:30,605 [FATAL] Updater:351 - Updater called before beeing initialized
2026-08-18 07:54:30,663 [INFO] RulesReader:64 - Compatibility file has been processed (301 Rules)
2026-08-18 07:54:30,687 [INFO] RulesReader:64 - Compatibility file has been processed (301 Rules)
2026-08-18 07:54:30,700 [INFO] CADModel:165 - CPN selected for project level
2026-08-18 07:54:30,701 [INFO] CADModel:114 - Register for checkConnection events
2026-08-18 07:54:30,701 [FATAL] Updater:351 - Updater called before beeing initialized
2026-08-18 07:54:30,701 [ERROR] CADModel:125 - Updater not yet initialized, retry later 
2026-08-18 07:54:30,962 [FATAL] Updater:351 - Updater called before beeing initialized
2026-08-18 07:54:30,965 [INFO] CADModel:165 - CPN selected for project level
2026-08-18 07:54:30,965 [INFO] CADModel:114 - Register for checkConnection events
2026-08-18 07:54:30,965 [FATAL] Updater:351 - Updater called before beeing initialized
2026-08-18 07:54:30,965 [ERROR] CADModel:125 - Updater not yet initialized, retry later 
2026-08-18 07:54:30,971 [FATAL] Updater:351 - Updater called before beeing initialized
2026-08-18 07:54:31,127 [FATAL] Updater:351 - Updater called before beeing initialized
2026-08-18 07:54:31,135 [INFO] DbMcusAds:53 - JSON generation date=Wed Jul 15 16:44:54 ICT 2026 (1784108694001)
2026-08-18 07:54:31,135 [FATAL] Updater:351 - Updater called before beeing initialized
2026-08-18 07:54:31,204 [WARN] DetailPanel:346 - Failed to get advertising image, set to default
2026-08-18 07:54:31,759 [FATAL] Updater:351 - Updater called before beeing initialized
2026-08-18 07:54:31,761 [FATAL] Updater:351 - Updater called before beeing initialized
2026-08-18 07:54:31,762 [FATAL] Updater:351 - Updater called before beeing initialized
2026-08-18 07:54:31,762 [WARN] DetailPanel:346 - Failed to get advertising image, set to default
2026-08-18 07:54:31,763 [FATAL] Updater:351 - Updater called before beeing initialized
2026-08-18 07:54:31,820 [ERROR] Updater:1198 - MainUpdater not yet initialized. External WinMGr cannot be set.
2026-08-18 07:54:31,823 [INFO] Updater:1134 - Updater Version found : 6.14.0
2026-08-18 07:54:31,858 [INFO] ApplicationProperties:184 - Using Application install path: /opt/st/stm32cubeide_1.18.0/plugins/com.st.stm32cube.common.mx_6.14.0.202502271554
2026-08-18 07:54:31,883 [ERROR] LogOutputStream:75 - [STDERR_REDIRECT] Aug 18, 2026 7:54:31 AM java.util.prefs.FileSystemPreferences$2 run
2026-08-18 07:54:31,884 [ERROR] LogOutputStream:75 - [STDERR_REDIRECT] WARNING: Could not create system preferences directory. System preferences are unusable.
2026-08-18 07:54:31,885 [ERROR] LogOutputStream:75 - [STDERR_REDIRECT] 
2026-08-18 07:54:32,257 [INFO] ThirdPartyUpdaterWithRetryManager:70 - Updater plugin not ready yet. [2/15]
2026-08-18 07:54:32,380 [INFO] MainUpdater:2872 - connection check result : 10
2026-08-18 07:54:32,381 [INFO] MainUpdater:289 - Updater Check For Update Now.
2026-08-18 07:54:32,381 [INFO] MicroXplorer:498 - Change Database Version : DB.6.0.140
2026-08-18 07:54:32,392 [INFO] McuFinderGlobals:63 - Set McuFinder mode to 2 (CubeIDE integrated)
2026-08-18 07:54:32,393 [INFO] UserAuth:171 - activating auth plugin
2026-08-18 07:54:32,398 [INFO] UserAuth:486 - Internet connection configuration mode: 1
2026-08-18 07:54:32,428 [INFO] JxBrowserEngine:152 - Initiate JxBrowser Engine with user profile folder
2026-08-18 07:54:32,654 [INFO] CheckServerUpdateThread:120 - End of CheckServer Thread
2026-08-18 07:54:33,999 [INFO] WebApp:169 - Instantiating new browser for Auth
2026-08-18 07:54:35,353 [INFO] WebApp:463 - Apply proxy settings
2026-08-18 07:54:35,354 [INFO] WebApp:548 - Chromium requires no authentication
2026-08-18 07:54:35,368 [INFO] WebApp:491 - Direct internet connection detected
2026-08-18 07:54:35,411 [INFO] WebApp:894 - Register for checkConnection events
2026-08-18 07:54:35,412 [INFO] WebApp:463 - Apply proxy settings
2026-08-18 07:54:35,412 [INFO] WebApp:548 - Chromium requires no authentication
2026-08-18 07:54:35,413 [INFO] WebApp:491 - Direct internet connection detected
2026-08-18 07:54:35,542 [WARN] PackLoader:240 - Cannot read IP mode file for STMicroelectronics.X-CUBE-AZRTOS-H7.3.5.0
2026-08-18 07:54:35,564 [WARN] PackLoader:240 - Cannot read IP mode file for STMicroelectronics.FP-ATR-ASTRA1.2.0.3
2026-08-18 07:54:35,570 [WARN] PackLoader:240 - Cannot read IP mode file for STMicroelectronics.FP-ATR-ASTRA1.2.0.2
2026-08-18 07:54:35,578 [ERROR] Engine:466 - /home/thuy/.stm32cubemx/thirdparties/pdsc/STMicroelectronics.X-CUBE-SMBUS.2.1.1.pdsc: PDSC version is not supported
2026-08-18 07:54:35,631 [WARN] PackLoader:240 - Cannot read IP mode file for STMicroelectronics.X-CUBE-AZRTOS-F7.1.1.0
2026-08-18 07:54:35,644 [INFO] WebApp:191 - Connection restablished
2026-08-18 07:54:35,650 [ERROR] Engine:466 - /home/thuy/.stm32cubemx/thirdparties/pdsc/STMicroelectronics.X-CUBE-FREERTOS.1.6.0.pdsc: PDSC version is not supported
2026-08-18 07:54:35,655 [ERROR] Engine:466 - /home/thuy/.stm32cubemx/thirdparties/pdsc/STMicroelectronics.FP-SNS-MOTENV1.5.1.0.pdsc: PDSC version is not supported
2026-08-18 07:54:35,717 [WARN] PackLoader:240 - Cannot read IP mode file for STMicroelectronics.X-CUBE-AZRTOS-H7RS.1.3.0
2026-08-18 07:54:35,762 [ERROR] Engine:466 - /home/thuy/.stm32cubemx/thirdparties/pdsc/WES.I-CUBE-Cesium.1.4.0.pdsc: PDSC version is not supported
2026-08-18 07:54:35,795 [WARN] PackLoader:240 - Cannot read IP mode file for STMicroelectronics.X-CUBE-DISPLAY.3.0.0
2026-08-18 07:54:35,815 [INFO] WebApp:225 - Starting web application
2026-08-18 07:54:35,816 [INFO] WebApp:593 - Web application path used /opt/st/stm32cubeide_1.18.0/plugins/com.st.stm32cube.common.mx_6.14.0.202502271554/db/plugins/mcufinder/reactClient1/index.html
2026-08-18 07:54:35,830 [WARN] PackLoader:240 - Cannot read IP mode file for STMicroelectronics.X-CUBE-GNSS1.7.1.1
2026-08-18 07:54:35,840 [ERROR] Engine:466 - /home/thuy/.stm32cubemx/thirdparties/pdsc/STMicroelectronics.FP-SNS-MOTENVWB1.1.5.0.pdsc: PDSC version is not supported
2026-08-18 07:54:35,847 [WARN] PackLoader:240 - Cannot read IP mode file for wolfSSL.I-CUBE-wolfSSL.5.9.1
2026-08-18 07:54:35,865 [WARN] PackLoader:240 - Cannot read IP mode file for STMicroelectronics.X-CUBE-NFC10.1.0.0
2026-08-18 07:54:35,945 [WARN] PackLoader:240 - Cannot read IP mode file for STMicroelectronics.X-CUBE-ST60.1.1.0
2026-08-18 07:54:35,971 [WARN] PackLoader:240 - Cannot read IP mode file for emotas.I-CUBE-CANOPEN.1.3.0
2026-08-18 07:54:35,976 [ERROR] Engine:466 - /home/thuy/.stm32cubemx/thirdparties/pdsc/STMicroelectronics.X-CUBE-WBA.1.1.0.pdsc: PDSC version is not supported
2026-08-18 07:54:35,985 [ERROR] Engine:466 - /home/thuy/.stm32cubemx/thirdparties/pdsc/STMicroelectronics.FP-SNS-STBOX1.2.1.0.pdsc: PDSC version is not supported
2026-08-18 07:54:35,993 [WARN] PackLoader:240 - Cannot read IP mode file for STMicroelectronics.FP-SNS-SMARTAG2.1.2.0
2026-08-18 07:54:36,003 [WARN] PackLoader:240 - Cannot read IP mode file for STMicroelectronics.FP-SNS-FLIGHT1.5.1.0
2026-08-18 07:54:36,050 [INFO] LogOutputStream:77 - [STDOUT_REDIRECT] 1 : Invalid condition id : UX_CORESTACK_Condition cause : null
2026-08-18 07:54:36,052 [INFO] LogOutputStream:77 - [STDOUT_REDIRECT] 1 : Invalid condition id : UX_CORESTACK_Condition cause : null
2026-08-18 07:54:36,053 [INFO] LogOutputStream:77 - [STDOUT_REDIRECT] 1 : Invalid condition id : UX_CORESTACK_Condition cause : null
2026-08-18 07:54:36,054 [INFO] LogOutputStream:77 - [STDOUT_REDIRECT] 1 : Invalid condition id : UX_CORESTACK_Condition cause : null
2026-08-18 07:54:36,055 [INFO] LogOutputStream:77 - [STDOUT_REDIRECT] 1 : Invalid condition id : UX_CORESTACK_Condition cause : null
2026-08-18 07:54:36,064 [WARN] PackLoader:240 - Cannot read IP mode file for STMicroelectronics.X-CUBE-AZRTOS-WL.2.0.0
2026-08-18 07:54:36,077 [WARN] PackLoader:240 - Cannot read IP mode file for STMicroelectronics.X-CUBE-BLE2.3.3.0
2026-08-18 07:54:36,153 [WARN] PackLoader:240 - Cannot read IP mode file for Infineon.AIROC-Wi-Fi-Bluetooth-STM32.1.8.0
2026-08-18 07:54:36,173 [WARN] PackLoader:240 - Cannot read IP mode file for STMicroelectronics.X-CUBE-NFC9.1.0.0
2026-08-18 07:54:36,183 [WARN] PackLoader:240 - Cannot read IP mode file for STMicroelectronics.X-CUBE-BLE1.7.1.0
2026-08-18 07:54:36,188 [WARN] PackLoader:240 - Cannot read IP mode file for wolfSSL.I-CUBE-wolfMQTT.1.19.2
2026-08-18 07:54:36,198 [WARN] PackLoader:240 - Cannot read IP mode file for STMicroelectronics.X-CUBE-EEPRMA1.5.2.0
2026-08-18 07:54:36,209 [ERROR] Engine:466 - /home/thuy/.stm32cubemx/thirdparties/pdsc/STMicroelectronics.FP-SNS-STAIOTCFT.1.1.0.pdsc: PDSC version is not supported
2026-08-18 07:54:36,245 [WARN] PackLoader:240 - Cannot read IP mode file for STMicroelectronics.X-CUBE-AZRTOS-G0.1.1.0
2026-08-18 07:54:36,259 [WARN] PackLoader:240 - Cannot read IP mode file for STMicroelectronics.X-CUBE-NFC4.3.0.0
2026-08-18 07:54:36,280 [WARN] PackLoader:240 - Cannot read IP mode file for EmbeddedOffice.I-CUBE-FS-RTOS.1.0.1
2026-08-18 07:54:36,293 [WARN] PackLoader:240 - Cannot read IP mode file for wolfSSL.I-CUBE-wolfTPM.3.8.0
2026-08-18 07:54:36,304 [WARN] PackLoader:240 - Cannot read IP mode file for STMicroelectronics.X-CUBE-TCPP.4.2.0
2026-08-18 07:54:36,315 [WARN] PackLoader:240 - Cannot read IP mode file for RealThread.X-CUBE-RT-Thread_Nano.4.1.1
2026-08-18 07:54:36,322 [WARN] PackLoader:240 - Cannot read IP mode file for STMicroelectronics.FP-ATR-SIGFOX1.3.2.0
2026-08-18 07:54:36,332 [WARN] PackLoader:240 - Cannot read IP mode file for ITTIA_DB.I-CUBE-ITTIADB.8.9.0
2026-08-18 07:54:36,337 [WARN] PackLoader:240 - Cannot read IP mode file for Cesanta.I-CUBE-Mongoose.7.21.7
2026-08-18 07:54:36,350 [WARN] PackLoader:240 - Cannot read IP mode file for STMicroelectronics.X-CUBE-NFC6.3.2.0
2026-08-18 07:54:36,363 [WARN] PackLoader:240 - Cannot read IP mode file for STMicroelectronics.X-CUBE-AI.10.2.1
2026-08-18 07:54:36,487 [WARN] PackLoader:240 - Cannot read IP mode file for STMicroelectronics.X-CUBE-MEMS1.12.1.0
2026-08-18 07:54:36,691 [WARN] PackLoader:240 - Cannot read IP mode file for SEGGER.I-CUBE-embOS.1.3.1
2026-08-18 07:54:36,787 [WARN] PackLoader:240 - Cannot read IP mode file for STMicroelectronics.X-CUBE-NFC13.1.0.0
2026-08-18 07:54:36,796 [WARN] PackLoader:240 - Cannot read IP mode file for STMicroelectronics.X-CUBE-PM33A1.1.0.0
2026-08-18 07:54:36,821 [WARN] PackLoader:240 - Cannot read IP mode file for STMicroelectronics.X-CUBE-AZRTOS-F4.1.1.0
2026-08-18 07:54:36,832 [WARN] PackLoader:240 - Cannot read IP mode file for STMicroelectronics.X-CUBE-ISPU.2.1.0
2026-08-18 07:54:36,845 [ERROR] Engine:466 - /home/thuy/.stm32cubemx/thirdparties/pdsc/STMicroelectronics.X-CUBE-IPS.3.2.0.pdsc: PDSC version is not supported
2026-08-18 07:54:36,849 [WARN] PackLoader:240 - Cannot read IP mode file for STMicroelectronics.eDS-WB_DPC_TT-BIDIR.2.1.1
2026-08-18 07:54:36,860 [WARN] PackLoader:240 - Cannot read IP mode file for STMicroelectronics.X-CUBE-NFC12.1.0.0
2026-08-18 07:54:36,899 [WARN] PackLoader:240 - Cannot read IP mode file for STMicroelectronics.X-CUBE-AZRTOS-L5.2.0.0
2026-08-18 07:54:36,916 [WARN] PackLoader:240 - Cannot read IP mode file for STMicroelectronics.X-CUBE-ALGOBUILD.1.5.0
2026-08-18 07:54:36,922 [WARN] PackLoader:240 - Cannot read IP mode file for STMicroelectronics.eDS-WB_DPC_VIENNA.1.2.0
2026-08-18 07:54:37,029 [WARN] PackLoader:240 - Cannot read IP mode file for STMicroelectronics.X-CUBE-MEMS1.13.0.0
2026-08-18 07:54:37,179 [WARN] PackLoader:240 - Cannot read IP mode file for STMicroelectronics.eDS-WB_DPC_3PH2L-BIDIR.1.1.1
2026-08-18 07:54:37,184 [ERROR] Engine:466 - /home/thuy/.stm32cubemx/thirdparties/pdsc/STMicroelectronics.X-CUBE-ST67W61.1.3.0.pdsc: PDSC version is not supported
2026-08-18 07:54:37,189 [WARN] PackLoader:240 - Cannot read IP mode file for STMicroelectronics.X-CUBE-TOUCHGFX.4.26.1
2026-08-18 07:54:37,195 [WARN] PackLoader:240 - Cannot read IP mode file for STMicroelectronics.X-CUBE-DPower.1.3.0
2026-08-18 07:54:37,241 [WARN] ConditionMgr:438 - getConditionDescription Invalid condition id : LAN8742 Phy interface Condition cause : null
2026-08-18 07:54:37,243 [WARN] PackLoader:240 - Cannot read IP mode file for STMicroelectronics.X-CUBE-AZRTOS-L4.2.0.0
2026-08-18 07:54:37,246 [WARN] ConditionMgr:1044 - genDependencies : Invalid condition id : LAN8742 Phy interface Condition cause : null
2026-08-18 07:54:37,247 [WARN] ConditionMgr:1044 - genDependencies : Invalid condition id : LAN8742 Phy interface Condition cause : null
2026-08-18 07:54:37,248 [WARN] ConditionMgr:1044 - genDependencies : Invalid condition id : LAN8742 Phy interface Condition cause : null
2026-08-18 07:54:37,261 [WARN] PackLoader:240 - Cannot read IP mode file for STMicroelectronics.X-CUBE-SFXS2LP1.4.0.0
2026-08-18 07:54:37,270 [WARN] PackLoader:240 - Cannot read IP mode file for STMicroelectronics.X-CUBE-WB05N.2.1.0
2026-08-18 07:54:37,288 [WARN] ConditionMgr:438 - getConditionDescription Invalid condition id : UX DEVICE CLASS RTOS Condition cause : null
2026-08-18 07:54:37,288 [WARN] ConditionMgr:438 - getConditionDescription Invalid condition id : UX DEVICE CLASS RTOS Condition cause : null
2026-08-18 07:54:37,291 [WARN] PackLoader:240 - Cannot read IP mode file for STMicroelectronics.X-CUBE-AZRTOS-WB.2.0.0
2026-08-18 07:54:37,292 [WARN] ConditionMgr:1044 - genDependencies : Invalid condition id : UX DEVICE CLASS RTOS Condition cause : null
2026-08-18 07:54:37,292 [WARN] ConditionMgr:1044 - genDependencies : Invalid condition id : UX DEVICE CLASS RTOS Condition cause : null
2026-08-18 07:54:37,293 [WARN] ConditionMgr:1044 - genDependencies : Invalid condition id : UX DEVICE CLASS RTOS Condition cause : null
2026-08-18 07:54:37,293 [WARN] ConditionMgr:1044 - genDependencies : Invalid condition id : UX DEVICE CLASS RTOS Condition cause : null
2026-08-18 07:54:37,293 [WARN] ConditionMgr:1044 - genDependencies : Invalid condition id : UX DEVICE CLASS RTOS Condition cause : null
2026-08-18 07:54:37,299 [WARN] ConditionMgr:438 - getConditionDescription Invalid condition id : Cortex-A Device cause : null
2026-08-18 07:54:37,309 [WARN] ConditionMgr:1044 - genDependencies : Invalid condition id : Cortex-A Device cause : null
2026-08-18 07:54:37,309 [WARN] ConditionMgr:1044 - genDependencies : Invalid condition id : Cortex-A Device cause : null
2026-08-18 07:54:37,309 [WARN] ConditionMgr:1044 - genDependencies : Invalid condition id : Cortex-A Device cause : null
2026-08-18 07:54:37,318 [WARN] PackLoader:240 - Cannot read IP mode file for STMicroelectronics.X-CUBE-STSE01.2.0.0
2026-08-18 07:54:37,373 [WARN] PackLoader:240 - Cannot read IP mode file for STMicroelectronics.X-CUBE-SUBG2.5.0.0
2026-08-18 07:54:37,422 [WARN] PackLoader:240 - Cannot read IP mode file for STMicroelectronics.X-CUBE-AZRTOS-G4.2.0.0
2026-08-18 07:54:37,432 [WARN] PackLoader:240 - Cannot read IP mode file for wolfSSL.I-CUBE-wolfSSH.1.4.20
2026-08-18 07:54:37,438 [WARN] PackLoader:240 - Cannot read IP mode file for STMicroelectronics.X-CUBE-NFC7.2.0.0
2026-08-18 07:54:37,445 [ERROR] Engine:466 - /home/thuy/.stm32cubemx/thirdparties/pdsc/STMicroelectronics.X-CUBE-BLEMGR.4.2.0.pdsc: PDSC version is not supported
2026-08-18 07:54:37,448 [WARN] PackLoader:240 - Cannot read IP mode file for STMicroelectronics.X-CUBE-ALS.1.0.2
2026-08-18 07:54:37,466 [WARN] PackLoader:240 - Cannot read IP mode file for STMicroelectronics.X-CUBE-TOF1.3.4.3
2026-08-18 07:54:37,481 [INFO] ThirdParty:978 - Integrity check success = true
2026-08-18 07:54:37,481 [INFO] IntegrityCheckThread:100 - exiting critical section [integrity check]
2026-08-18 07:54:37,482 [INFO] IntegrityCheckThread:103 - End integrity checks thread
2026-08-18 07:54:57,275 [ERROR] LogOutputStream:75 - [STDERR_REDIRECT] Aug 18, 2026 7:54:57 AM java.util.prefs.FileSystemPreferences checkLockFile0ErrorCode
2026-08-18 07:54:57,275 [ERROR] LogOutputStream:75 - [STDERR_REDIRECT] WARNING: Could not lock System prefs. Unix error code 2.
2026-08-18 07:54:57,276 [ERROR] LogOutputStream:75 - [STDERR_REDIRECT] 
2026-08-18 07:54:57,277 [ERROR] LogOutputStream:75 - [STDERR_REDIRECT] Aug 18, 2026 7:54:57 AM java.util.prefs.FileSystemPreferences syncWorld
2026-08-18 07:54:57,277 [ERROR] LogOutputStream:75 - [STDERR_REDIRECT] WARNING: Couldn't flush system prefs: java.util.prefs.BackingStoreException: Couldn't get file lock.
2026-08-18 07:54:57,277 [ERROR] LogOutputStream:75 - [STDERR_REDIRECT] 
2026-08-18 07:55:27,253 [ERROR] LogOutputStream:75 - [STDERR_REDIRECT] Aug 18, 2026 7:55:27 AM java.util.prefs.FileSystemPreferences checkLockFile0ErrorCode
2026-08-18 07:55:27,254 [ERROR] LogOutputStream:75 - [STDERR_REDIRECT] WARNING: Could not lock System prefs. Unix error code 2.
2026-08-18 07:55:27,254 [ERROR] LogOutputStream:75 - [STDERR_REDIRECT] 
2026-08-18 07:55:27,255 [ERROR] LogOutputStream:75 - [STDERR_REDIRECT] Aug 18, 2026 7:55:27 AM java.util.prefs.FileSystemPreferences syncWorld
2026-08-18 07:55:27,255 [ERROR] LogOutputStream:75 - [STDERR_REDIRECT] WARNING: Couldn't flush system prefs: java.util.prefs.BackingStoreException: Couldn't get file lock.
2026-08-18 07:55:27,256 [ERROR] LogOutputStream:75 - [STDERR_REDIRECT] 
2026-08-18 07:55:57,253 [ERROR] LogOutputStream:75 - [STDERR_REDIRECT] Aug 18, 2026 7:55:57 AM java.util.prefs.FileSystemPreferences checkLockFile0ErrorCode
2026-08-18 07:55:57,253 [ERROR] LogOutputStream:75 - [STDERR_REDIRECT] WARNING: Could not lock System prefs. Unix error code 2.
2026-08-18 07:55:57,253 [ERROR] LogOutputStream:75 - [STDERR_REDIRECT] 
2026-08-18 07:55:57,254 [ERROR] LogOutputStream:75 - [STDERR_REDIRECT] Aug 18, 2026 7:55:57 AM java.util.prefs.FileSystemPreferences syncWorld
2026-08-18 07:55:57,254 [ERROR] LogOutputStream:75 - [STDERR_REDIRECT] WARNING: Couldn't flush system prefs: java.util.prefs.BackingStoreException: Couldn't get file lock.
2026-08-18 07:55:57,254 [ERROR] LogOutputStream:75 - [STDERR_REDIRECT] 
2026-08-18 07:56:27,253 [ERROR] LogOutputStream:75 - [STDERR_REDIRECT] Aug 18, 2026 7:56:27 AM java.util.prefs.FileSystemPreferences checkLockFile0ErrorCode
2026-08-18 07:56:27,253 [ERROR] LogOutputStream:75 - [STDERR_REDIRECT] WARNING: Could not lock System prefs. Unix error code 2.
2026-08-18 07:56:27,253 [ERROR] LogOutputStream:75 - [STDERR_REDIRECT] 
2026-08-18 07:56:27,254 [ERROR] LogOutputStream:75 - [STDERR_REDIRECT] Aug 18, 2026 7:56:27 AM java.util.prefs.FileSystemPreferences syncWorld
2026-08-18 07:56:27,254 [ERROR] LogOutputStream:75 - [STDERR_REDIRECT] WARNING: Couldn't flush system prefs: java.util.prefs.BackingStoreException: Couldn't get file lock.
2026-08-18 07:56:27,254 [ERROR] LogOutputStream:75 - [STDERR_REDIRECT] 
2026-08-18 07:56:57,253 [ERROR] LogOutputStream:75 - [STDERR_REDIRECT] Aug 18, 2026 7:56:57 AM java.util.prefs.FileSystemPreferences checkLockFile0ErrorCode
2026-08-18 07:56:57,253 [ERROR] LogOutputStream:75 - [STDERR_REDIRECT] WARNING: Could not lock System prefs. Unix error code 2.
2026-08-18 07:56:57,254 [ERROR] LogOutputStream:75 - [STDERR_REDIRECT] 
2026-08-18 07:56:57,254 [ERROR] LogOutputStream:75 - [STDERR_REDIRECT] Aug 18, 2026 7:56:57 AM java.util.prefs.FileSystemPreferences syncWorld
2026-08-18 07:56:57,255 [ERROR] LogOutputStream:75 - [STDERR_REDIRECT] WARNING: Couldn't flush system prefs: java.util.prefs.BackingStoreException: Couldn't get file lock.
2026-08-18 07:56:57,255 [ERROR] LogOutputStream:75 - [STDERR_REDIRECT] 
2026-08-18 07:57:27,253 [ERROR] LogOutputStream:75 - [STDERR_REDIRECT] Aug 18, 2026 7:57:27 AM java.util.prefs.FileSystemPreferences checkLockFile0ErrorCode
2026-08-18 07:57:27,254 [ERROR] LogOutputStream:75 - [STDERR_REDIRECT] WARNING: Could not lock System prefs. Unix error code 2.
2026-08-18 07:57:27,255 [ERROR] LogOutputStream:75 - [STDERR_REDIRECT] 
2026-08-18 07:57:27,256 [ERROR] LogOutputStream:75 - [STDERR_REDIRECT] Aug 18, 2026 7:57:27 AM java.util.prefs.FileSystemPreferences syncWorld
2026-08-18 07:57:27,256 [ERROR] LogOutputStream:75 - [STDERR_REDIRECT] WARNING: Couldn't flush system prefs: java.util.prefs.BackingStoreException: Couldn't get file lock.
2026-08-18 07:57:27,256 [ERROR] LogOutputStream:75 - [STDERR_REDIRECT] 
2026-08-18 07:57:57,254 [ERROR] LogOutputStream:75 - [STDERR_REDIRECT] Aug 18, 2026 7:57:57 AM java.util.prefs.FileSystemPreferences checkLockFile0ErrorCode
2026-08-18 07:57:57,254 [ERROR] LogOutputStream:75 - [STDERR_REDIRECT] WARNING: Could not lock System prefs. Unix error code 2.
2026-08-18 07:57:57,255 [ERROR] LogOutputStream:75 - [STDERR_REDIRECT] 
2026-08-18 07:57:57,255 [ERROR] LogOutputStream:75 - [STDERR_REDIRECT] Aug 18, 2026 7:57:57 AM java.util.prefs.FileSystemPreferences syncWorld
2026-08-18 07:57:57,256 [ERROR] LogOutputStream:75 - [STDERR_REDIRECT] WARNING: Couldn't flush system prefs: java.util.prefs.BackingStoreException: Couldn't get file lock.
2026-08-18 07:57:57,256 [ERROR] LogOutputStream:75 - [STDERR_REDIRECT] 
2026-08-18 07:58:27,254 [ERROR] LogOutputStream:75 - [STDERR_REDIRECT] Aug 18, 2026 7:58:27 AM java.util.prefs.FileSystemPreferences checkLockFile0ErrorCode
2026-08-18 07:58:27,254 [ERROR] LogOutputStream:75 - [STDERR_REDIRECT] WARNING: Could not lock System prefs. Unix error code 2.
2026-08-18 07:58:27,254 [ERROR] LogOutputStream:75 - [STDERR_REDIRECT] 
2026-08-18 07:58:27,255 [ERROR] LogOutputStream:75 - [STDERR_REDIRECT] Aug 18, 2026 7:58:27 AM java.util.prefs.FileSystemPreferences syncWorld
2026-08-18 07:58:27,256 [ERROR] LogOutputStream:75 - [STDERR_REDIRECT] WARNING: Couldn't flush system prefs: java.util.prefs.BackingStoreException: Couldn't get file lock.
2026-08-18 07:58:27,256 [ERROR] LogOutputStream:75 - [STDERR_REDIRECT] 
2026-08-18 07:58:57,254 [ERROR] LogOutputStream:75 - [STDERR_REDIRECT] Aug 18, 2026 7:58:57 AM java.util.prefs.FileSystemPreferences checkLockFile0ErrorCode
2026-08-18 07:58:57,255 [ERROR] LogOutputStream:75 - [STDERR_REDIRECT] WARNING: Could not lock System prefs. Unix error code 2.
2026-08-18 07:58:57,255 [ERROR] LogOutputStream:75 - [STDERR_REDIRECT] 
2026-08-18 07:58:57,256 [ERROR] LogOutputStream:75 - [STDERR_REDIRECT] Aug 18, 2026 7:58:57 AM java.util.prefs.FileSystemPreferences syncWorld
2026-08-18 07:58:57,256 [ERROR] LogOutputStream:75 - [STDERR_REDIRECT] WARNING: Couldn't flush system prefs: java.util.prefs.BackingStoreException: Couldn't get file lock.
2026-08-18 07:58:57,257 [ERROR] LogOutputStream:75 - [STDERR_REDIRECT] 
2026-08-18 07:59:27,254 [ERROR] LogOutputStream:75 - [STDERR_REDIRECT] Aug 18, 2026 7:59:27 AM java.util.prefs.FileSystemPreferences checkLockFile0ErrorCode
2026-08-18 07:59:27,255 [ERROR] LogOutputStream:75 - [STDERR_REDIRECT] WARNING: Could not lock System prefs. Unix error code 2.
2026-08-18 07:59:27,255 [ERROR] LogOutputStream:75 - [STDERR_REDIRECT] 
2026-08-18 07:59:27,255 [ERROR] LogOutputStream:75 - [STDERR_REDIRECT] Aug 18, 2026 7:59:27 AM java.util.prefs.FileSystemPreferences syncWorld
2026-08-18 07:59:27,256 [ERROR] LogOutputStream:75 - [STDERR_REDIRECT] WARNING: Couldn't flush system prefs: java.util.prefs.BackingStoreException: Couldn't get file lock.
2026-08-18 07:59:27,256 [ERROR] LogOutputStream:75 - [STDERR_REDIRECT] 
2026-08-18 07:59:57,254 [ERROR] LogOutputStream:75 - [STDERR_REDIRECT] Aug 18, 2026 7:59:57 AM java.util.prefs.FileSystemPreferences checkLockFile0ErrorCode
2026-08-18 07:59:57,255 [ERROR] LogOutputStream:75 - [STDERR_REDIRECT] WARNING: Could not lock System prefs. Unix error code 2.
2026-08-18 07:59:57,255 [ERROR] LogOutputStream:75 - [STDERR_REDIRECT] 
2026-08-18 07:59:57,255 [ERROR] LogOutputStream:75 - [STDERR_REDIRECT] Aug 18, 2026 7:59:57 AM java.util.prefs.FileSystemPreferences syncWorld
2026-08-18 07:59:57,256 [ERROR] LogOutputStream:75 - [STDERR_REDIRECT] WARNING: Couldn't flush system prefs: java.util.prefs.BackingStoreException: Couldn't get file lock.
2026-08-18 07:59:57,256 [ERROR] LogOutputStream:75 - [STDERR_REDIRECT] 
2026-08-18 08:00:27,254 [ERROR] LogOutputStream:75 - [STDERR_REDIRECT] Aug 18, 2026 8:00:27 AM java.util.prefs.FileSystemPreferences checkLockFile0ErrorCode
2026-08-18 08:00:27,255 [ERROR] LogOutputStream:75 - [STDERR_REDIRECT] WARNING: Could not lock System prefs. Unix error code 2.
2026-08-18 08:00:27,255 [ERROR] LogOutputStream:75 - [STDERR_REDIRECT] 
2026-08-18 08:00:27,255 [ERROR] LogOutputStream:75 - [STDERR_REDIRECT] Aug 18, 2026 8:00:27 AM java.util.prefs.FileSystemPreferences syncWorld
2026-08-18 08:00:27,256 [ERROR] LogOutputStream:75 - [STDERR_REDIRECT] WARNING: Couldn't flush system prefs: java.util.prefs.BackingStoreException: Couldn't get file lock.
2026-08-18 08:00:27,256 [ERROR] LogOutputStream:75 - [STDERR_REDIRECT] 
2026-08-18 08:00:57,254 [ERROR] LogOutputStream:75 - [STDERR_REDIRECT] Aug 18, 2026 8:00:57 AM java.util.prefs.FileSystemPreferences checkLockFile0ErrorCode
2026-08-18 08:00:57,255 [ERROR] LogOutputStream:75 - [STDERR_REDIRECT] WARNING: Could not lock System prefs. Unix error code 2.
2026-08-18 08:00:57,255 [ERROR] LogOutputStream:75 - [STDERR_REDIRECT] 
2026-08-18 08:00:57,255 [ERROR] LogOutputStream:75 - [STDERR_REDIRECT] Aug 18, 2026 8:00:57 AM java.util.prefs.FileSystemPreferences syncWorld
2026-08-18 08:00:57,256 [ERROR] LogOutputStream:75 - [STDERR_REDIRECT] WARNING: Couldn't flush system prefs: java.util.prefs.BackingStoreException: Couldn't get file lock.
2026-08-18 08:00:57,256 [ERROR] LogOutputStream:75 - [STDERR_REDIRECT] 
2026-08-18 08:01:27,254 [ERROR] LogOutputStream:75 - [STDERR_REDIRECT] Aug 18, 2026 8:01:27 AM java.util.prefs.FileSystemPreferences checkLockFile0ErrorCode
2026-08-18 08:01:27,255 [ERROR] LogOutputStream:75 - [STDERR_REDIRECT] WARNING: Could not lock System prefs. Unix error code 2.
2026-08-18 08:01:27,255 [ERROR] LogOutputStream:75 - [STDERR_REDIRECT] 
2026-08-18 08:01:27,256 [ERROR] LogOutputStream:75 - [STDERR_REDIRECT] Aug 18, 2026 8:01:27 AM java.util.prefs.FileSystemPreferences syncWorld
2026-08-18 08:01:27,256 [ERROR] LogOutputStream:75 - [STDERR_REDIRECT] WARNING: Couldn't flush system prefs: java.util.prefs.BackingStoreException: Couldn't get file lock.
2026-08-18 08:01:27,256 [ERROR] LogOutputStream:75 - [STDERR_REDIRECT] 
2026-08-18 08:01:57,254 [ERROR] LogOutputStream:75 - [STDERR_REDIRECT] Aug 18, 2026 8:01:57 AM java.util.prefs.FileSystemPreferences checkLockFile0ErrorCode
2026-08-18 08:01:57,254 [ERROR] LogOutputStream:75 - [STDERR_REDIRECT] WARNING: Could not lock System prefs. Unix error code 2.
2026-08-18 08:01:57,254 [ERROR] LogOutputStream:75 - [STDERR_REDIRECT] 
2026-08-18 08:01:57,255 [ERROR] LogOutputStream:75 - [STDERR_REDIRECT] Aug 18, 2026 8:01:57 AM java.util.prefs.FileSystemPreferences syncWorld
2026-08-18 08:01:57,255 [ERROR] LogOutputStream:75 - [STDERR_REDIRECT] WARNING: Couldn't flush system prefs: java.util.prefs.BackingStoreException: Couldn't get file lock.
2026-08-18 08:01:57,255 [ERROR] LogOutputStream:75 - [STDERR_REDIRECT] 
2026-08-18 08:02:27,255 [ERROR] LogOutputStream:75 - [STDERR_REDIRECT] Aug 18, 2026 8:02:27 AM java.util.prefs.FileSystemPreferences checkLockFile0ErrorCode
2026-08-18 08:02:27,255 [ERROR] LogOutputStream:75 - [STDERR_REDIRECT] WARNING: Could not lock System prefs. Unix error code 2.
2026-08-18 08:02:27,255 [ERROR] LogOutputStream:75 - [STDERR_REDIRECT] 
2026-08-18 08:02:27,256 [ERROR] LogOutputStream:75 - [STDERR_REDIRECT] Aug 18, 2026 8:02:27 AM java.util.prefs.FileSystemPreferences syncWorld
2026-08-18 08:02:27,256 [ERROR] LogOutputStream:75 - [STDERR_REDIRECT] WARNING: Couldn't flush system prefs: java.util.prefs.BackingStoreException: Couldn't get file lock.
2026-08-18 08:02:27,256 [ERROR] LogOutputStream:75 - [STDERR_REDIRECT] 
2026-08-18 08:02:57,255 [ERROR] LogOutputStream:75 - [STDERR_REDIRECT] Aug 18, 2026 8:02:57 AM java.util.prefs.FileSystemPreferences checkLockFile0ErrorCode
2026-08-18 08:02:57,255 [ERROR] LogOutputStream:75 - [STDERR_REDIRECT] WARNING: Could not lock System prefs. Unix error code 2.
2026-08-18 08:02:57,255 [ERROR] LogOutputStream:75 - [STDERR_REDIRECT] 
2026-08-18 08:02:57,256 [ERROR] LogOutputStream:75 - [STDERR_REDIRECT] Aug 18, 2026 8:02:57 AM java.util.prefs.FileSystemPreferences syncWorld
2026-08-18 08:02:57,256 [ERROR] LogOutputStream:75 - [STDERR_REDIRECT] WARNING: Couldn't flush system prefs: java.util.prefs.BackingStoreException: Couldn't get file lock.
2026-08-18 08:02:57,256 [ERROR] LogOutputStream:75 - [STDERR_REDIRECT] 
2026-08-18 08:03:27,255 [ERROR] LogOutputStream:75 - [STDERR_REDIRECT] Aug 18, 2026 8:03:27 AM java.util.prefs.FileSystemPreferences checkLockFile0ErrorCode
2026-08-18 08:03:27,255 [ERROR] LogOutputStream:75 - [STDERR_REDIRECT] WARNING: Could not lock System prefs. Unix error code 2.
2026-08-18 08:03:27,255 [ERROR] LogOutputStream:75 - [STDERR_REDIRECT] 
2026-08-18 08:03:27,256 [ERROR] LogOutputStream:75 - [STDERR_REDIRECT] Aug 18, 2026 8:03:27 AM java.util.prefs.FileSystemPreferences syncWorld
2026-08-18 08:03:27,256 [ERROR] LogOutputStream:75 - [STDERR_REDIRECT] WARNING: Couldn't flush system prefs: java.util.prefs.BackingStoreException: Couldn't get file lock.
2026-08-18 08:03:27,256 [ERROR] LogOutputStream:75 - [STDERR_REDIRECT] 
2026-08-18 08:03:57,255 [ERROR] LogOutputStream:75 - [STDERR_REDIRECT] Aug 18, 2026 8:03:57 AM java.util.prefs.FileSystemPreferences checkLockFile0ErrorCode
2026-08-18 08:03:57,256 [ERROR] LogOutputStream:75 - [STDERR_REDIRECT] WARNING: Could not lock System prefs. Unix error code 2.
2026-08-18 08:03:57,256 [ERROR] LogOutputStream:75 - [STDERR_REDIRECT] 
2026-08-18 08:03:57,256 [ERROR] LogOutputStream:75 - [STDERR_REDIRECT] Aug 18, 2026 8:03:57 AM java.util.prefs.FileSystemPreferences syncWorld
2026-08-18 08:03:57,257 [ERROR] LogOutputStream:75 - [STDERR_REDIRECT] WARNING: Couldn't flush system prefs: java.util.prefs.BackingStoreException: Couldn't get file lock.
2026-08-18 08:03:57,257 [ERROR] LogOutputStream:75 - [STDERR_REDIRECT] 
2026-08-18 08:04:27,256 [ERROR] LogOutputStream:75 - [STDERR_REDIRECT] Aug 18, 2026 8:04:27 AM java.util.prefs.FileSystemPreferences checkLockFile0ErrorCode
2026-08-18 08:04:27,256 [ERROR] LogOutputStream:75 - [STDERR_REDIRECT] WARNING: Could not lock System prefs. Unix error code 2.
2026-08-18 08:04:27,256 [ERROR] LogOutputStream:75 - [STDERR_REDIRECT] 
2026-08-18 08:04:27,257 [ERROR] LogOutputStream:75 - [STDERR_REDIRECT] Aug 18, 2026 8:04:27 AM java.util.prefs.FileSystemPreferences syncWorld
2026-08-18 08:04:27,257 [ERROR] LogOutputStream:75 - [STDERR_REDIRECT] WARNING: Couldn't flush system prefs: java.util.prefs.BackingStoreException: Couldn't get file lock.
2026-08-18 08:04:27,257 [ERROR] LogOutputStream:75 - [STDERR_REDIRECT] 
2026-08-18 08:04:57,256 [ERROR] LogOutputStream:75 - [STDERR_REDIRECT] Aug 18, 2026 8:04:57 AM java.util.prefs.FileSystemPreferences checkLockFile0ErrorCode
2026-08-18 08:04:57,256 [ERROR] LogOutputStream:75 - [STDERR_REDIRECT] WARNING: Could not lock System prefs. Unix error code 2.
2026-08-18 08:04:57,256 [ERROR] LogOutputStream:75 - [STDERR_REDIRECT] 
2026-08-18 08:04:57,257 [ERROR] LogOutputStream:75 - [STDERR_REDIRECT] Aug 18, 2026 8:04:57 AM java.util.prefs.FileSystemPreferences syncWorld
2026-08-18 08:04:57,257 [ERROR] LogOutputStream:75 - [STDERR_REDIRECT] WARNING: Couldn't flush system prefs: java.util.prefs.BackingStoreException: Couldn't get file lock.
2026-08-18 08:04:57,257 [ERROR] LogOutputStream:75 - [STDERR_REDIRECT] 
2026-08-18 08:05:27,257 [ERROR] LogOutputStream:75 - [STDERR_REDIRECT] Aug 18, 2026 8:05:27 AM java.util.prefs.FileSystemPreferences checkLockFile0ErrorCode
2026-08-18 08:05:27,258 [ERROR] LogOutputStream:75 - [STDERR_REDIRECT] WARNING: Could not lock System prefs. Unix error code 2.
2026-08-18 08:05:27,258 [ERROR] LogOutputStream:75 - [STDERR_REDIRECT] 
2026-08-18 08:05:27,259 [ERROR] LogOutputStream:75 - [STDERR_REDIRECT] Aug 18, 2026 8:05:27 AM java.util.prefs.FileSystemPreferences syncWorld
2026-08-18 08:05:27,259 [ERROR] LogOutputStream:75 - [STDERR_REDIRECT] WARNING: Couldn't flush system prefs: java.util.prefs.BackingStoreException: Couldn't get file lock.
2026-08-18 08:05:27,259 [ERROR] LogOutputStream:75 - [STDERR_REDIRECT] 
2026-08-18 08:05:57,257 [ERROR] LogOutputStream:75 - [STDERR_REDIRECT] Aug 18, 2026 8:05:57 AM java.util.prefs.FileSystemPreferences checkLockFile0ErrorCode
2026-08-18 08:05:57,258 [ERROR] LogOutputStream:75 - [STDERR_REDIRECT] WARNING: Could not lock System prefs. Unix error code 2.
2026-08-18 08:05:57,258 [ERROR] LogOutputStream:75 - [STDERR_REDIRECT] 
2026-08-18 08:05:57,259 [ERROR] LogOutputStream:75 - [STDERR_REDIRECT] Aug 18, 2026 8:05:57 AM java.util.prefs.FileSystemPreferences syncWorld
2026-08-18 08:05:57,259 [ERROR] LogOutputStream:75 - [STDERR_REDIRECT] WARNING: Couldn't flush system prefs: java.util.prefs.BackingStoreException: Couldn't get file lock.
2026-08-18 08:05:57,259 [ERROR] LogOutputStream:75 - [STDERR_REDIRECT] 
2026-08-18 08:06:27,257 [ERROR] LogOutputStream:75 - [STDERR_REDIRECT] Aug 18, 2026 8:06:27 AM java.util.prefs.FileSystemPreferences checkLockFile0ErrorCode
2026-08-18 08:06:27,257 [ERROR] LogOutputStream:75 - [STDERR_REDIRECT] WARNING: Could not lock System prefs. Unix error code 2.
2026-08-18 08:06:27,257 [ERROR] LogOutputStream:75 - [STDERR_REDIRECT] 
2026-08-18 08:06:27,257 [ERROR] LogOutputStream:75 - [STDERR_REDIRECT] Aug 18, 2026 8:06:27 AM java.util.prefs.FileSystemPreferences syncWorld
2026-08-18 08:06:27,258 [ERROR] LogOutputStream:75 - [STDERR_REDIRECT] WARNING: Couldn't flush system prefs: java.util.prefs.BackingStoreException: Couldn't get file lock.
2026-08-18 08:06:27,258 [ERROR] LogOutputStream:75 - [STDERR_REDIRECT] 
2026-08-18 08:06:57,257 [ERROR] LogOutputStream:75 - [STDERR_REDIRECT] Aug 18, 2026 8:06:57 AM java.util.prefs.FileSystemPreferences checkLockFile0ErrorCode
2026-08-18 08:06:57,257 [ERROR] LogOutputStream:75 - [STDERR_REDIRECT] WARNING: Could not lock System prefs. Unix error code 2.
2026-08-18 08:06:57,257 [ERROR] LogOutputStream:75 - [STDERR_REDIRECT] 
2026-08-18 08:06:57,258 [ERROR] LogOutputStream:75 - [STDERR_REDIRECT] Aug 18, 2026 8:06:57 AM java.util.prefs.FileSystemPreferences syncWorld
2026-08-18 08:06:57,258 [ERROR] LogOutputStream:75 - [STDERR_REDIRECT] WARNING: Couldn't flush system prefs: java.util.prefs.BackingStoreException: Couldn't get file lock.
2026-08-18 08:06:57,258 [ERROR] LogOutputStream:75 - [STDERR_REDIRECT] 
2026-08-18 08:07:27,256 [ERROR] LogOutputStream:75 - [STDERR_REDIRECT] Aug 18, 2026 8:07:27 AM java.util.prefs.FileSystemPreferences checkLockFile0ErrorCode
2026-08-18 08:07:27,257 [ERROR] LogOutputStream:75 - [STDERR_REDIRECT] WARNING: Could not lock System prefs. Unix error code 2.
2026-08-18 08:07:27,257 [ERROR] LogOutputStream:75 - [STDERR_REDIRECT] 
2026-08-18 08:07:27,258 [ERROR] LogOutputStream:75 - [STDERR_REDIRECT] Aug 18, 2026 8:07:27 AM java.util.prefs.FileSystemPreferences syncWorld
2026-08-18 08:07:27,258 [ERROR] LogOutputStream:75 - [STDERR_REDIRECT] WARNING: Couldn't flush system prefs: java.util.prefs.BackingStoreException: Couldn't get file lock.
2026-08-18 08:07:27,258 [ERROR] LogOutputStream:75 - [STDERR_REDIRECT] 
2026-08-18 08:07:57,257 [ERROR] LogOutputStream:75 - [STDERR_REDIRECT] Aug 18, 2026 8:07:57 AM java.util.prefs.FileSystemPreferences checkLockFile0ErrorCode
2026-08-18 08:07:57,257 [ERROR] LogOutputStream:75 - [STDERR_REDIRECT] WARNING: Could not lock System prefs. Unix error code 2.
2026-08-18 08:07:57,257 [ERROR] LogOutputStream:75 - [STDERR_REDIRECT] 
2026-08-18 08:07:57,258 [ERROR] LogOutputStream:75 - [STDERR_REDIRECT] Aug 18, 2026 8:07:57 AM java.util.prefs.FileSystemPreferences syncWorld
2026-08-18 08:07:57,258 [ERROR] LogOutputStream:75 - [STDERR_REDIRECT] WARNING: Couldn't flush system prefs: java.util.prefs.BackingStoreException: Couldn't get file lock.
2026-08-18 08:07:57,258 [ERROR] LogOutputStream:75 - [STDERR_REDIRECT] 
2026-08-18 08:08:27,256 [ERROR] LogOutputStream:75 - [STDERR_REDIRECT] Aug 18, 2026 8:08:27 AM java.util.prefs.FileSystemPreferences checkLockFile0ErrorCode
2026-08-18 08:08:27,257 [ERROR] LogOutputStream:75 - [STDERR_REDIRECT] WARNING: Could not lock System prefs. Unix error code 2.
2026-08-18 08:08:27,257 [ERROR] LogOutputStream:75 - [STDERR_REDIRECT] 
2026-08-18 08:08:27,258 [ERROR] LogOutputStream:75 - [STDERR_REDIRECT] Aug 18, 2026 8:08:27 AM java.util.prefs.FileSystemPreferences syncWorld
2026-08-18 08:08:27,258 [ERROR] LogOutputStream:75 - [STDERR_REDIRECT] WARNING: Couldn't flush system prefs: java.util.prefs.BackingStoreException: Couldn't get file lock.
2026-08-18 08:08:27,259 [ERROR] LogOutputStream:75 - [STDERR_REDIRECT] 
2026-08-18 08:08:57,256 [ERROR] LogOutputStream:75 - [STDERR_REDIRECT] Aug 18, 2026 8:08:57 AM java.util.prefs.FileSystemPreferences checkLockFile0ErrorCode
2026-08-18 08:08:57,257 [ERROR] LogOutputStream:75 - [STDERR_REDIRECT] WARNING: Could not lock System prefs. Unix error code 2.
2026-08-18 08:08:57,257 [ERROR] LogOutputStream:75 - [STDERR_REDIRECT] 
2026-08-18 08:08:57,257 [ERROR] LogOutputStream:75 - [STDERR_REDIRECT] Aug 18, 2026 8:08:57 AM java.util.prefs.FileSystemPreferences syncWorld
2026-08-18 08:08:57,258 [ERROR] LogOutputStream:75 - [STDERR_REDIRECT] WARNING: Couldn't flush system prefs: java.util.prefs.BackingStoreException: Couldn't get file lock.
2026-08-18 08:08:57,258 [ERROR] LogOutputStream:75 - [STDERR_REDIRECT] 
2026-08-18 08:09:27,256 [ERROR] LogOutputStream:75 - [STDERR_REDIRECT] Aug 18, 2026 8:09:27 AM java.util.prefs.FileSystemPreferences checkLockFile0ErrorCode
2026-08-18 08:09:27,257 [ERROR] LogOutputStream:75 - [STDERR_REDIRECT] WARNING: Could not lock System prefs. Unix error code 2.
2026-08-18 08:09:27,257 [ERROR] LogOutputStream:75 - [STDERR_REDIRECT] 
2026-08-18 08:09:27,262 [ERROR] LogOutputStream:75 - [STDERR_REDIRECT] Aug 18, 2026 8:09:27 AM java.util.prefs.FileSystemPreferences syncWorld
2026-08-18 08:09:27,263 [ERROR] LogOutputStream:75 - [STDERR_REDIRECT] WARNING: Couldn't flush system prefs: java.util.prefs.BackingStoreException: Couldn't get file lock.
2026-08-18 08:09:27,263 [ERROR] LogOutputStream:75 - [STDERR_REDIRECT] 
2026-08-18 08:09:57,257 [ERROR] LogOutputStream:75 - [STDERR_REDIRECT] Aug 18, 2026 8:09:57 AM java.util.prefs.FileSystemPreferences checkLockFile0ErrorCode
2026-08-18 08:09:57,258 [ERROR] LogOutputStream:75 - [STDERR_REDIRECT] WARNING: Could not lock System prefs. Unix error code 2.
2026-08-18 08:09:57,258 [ERROR] LogOutputStream:75 - [STDERR_REDIRECT] 
2026-08-18 08:09:57,259 [ERROR] LogOutputStream:75 - [STDERR_REDIRECT] Aug 18, 2026 8:09:57 AM java.util.prefs.FileSystemPreferences syncWorld
2026-08-18 08:09:57,259 [ERROR] LogOutputStream:75 - [STDERR_REDIRECT] WARNING: Couldn't flush system prefs: java.util.prefs.BackingStoreException: Couldn't get file lock.
2026-08-18 08:09:57,259 [ERROR] LogOutputStream:75 - [STDERR_REDIRECT] 
2026-08-18 08:10:27,256 [ERROR] LogOutputStream:75 - [STDERR_REDIRECT] Aug 18, 2026 8:10:27 AM java.util.prefs.FileSystemPreferences checkLockFile0ErrorCode
2026-08-18 08:10:27,256 [ERROR] LogOutputStream:75 - [STDERR_REDIRECT] WARNING: Could not lock System prefs. Unix error code 2.
2026-08-18 08:10:27,256 [ERROR] LogOutputStream:75 - [STDERR_REDIRECT] 
2026-08-18 08:10:27,257 [ERROR] LogOutputStream:75 - [STDERR_REDIRECT] Aug 18, 2026 8:10:27 AM java.util.prefs.FileSystemPreferences syncWorld
2026-08-18 08:10:27,257 [ERROR] LogOutputStream:75 - [STDERR_REDIRECT] WARNING: Couldn't flush system prefs: java.util.prefs.BackingStoreException: Couldn't get file lock.
2026-08-18 08:10:27,257 [ERROR] LogOutputStream:75 - [STDERR_REDIRECT] 
2026-08-18 08:10:57,257 [ERROR] LogOutputStream:75 - [STDERR_REDIRECT] Aug 18, 2026 8:10:57 AM java.util.prefs.FileSystemPreferences checkLockFile0ErrorCode
2026-08-18 08:10:57,257 [ERROR] LogOutputStream:75 - [STDERR_REDIRECT] WARNING: Could not lock System prefs. Unix error code 2.
2026-08-18 08:10:57,257 [ERROR] LogOutputStream:75 - [STDERR_REDIRECT] 
2026-08-18 08:10:57,258 [ERROR] LogOutputStream:75 - [STDERR_REDIRECT] Aug 18, 2026 8:10:57 AM java.util.prefs.FileSystemPreferences syncWorld
2026-08-18 08:10:57,258 [ERROR] LogOutputStream:75 - [STDERR_REDIRECT] WARNING: Couldn't flush system prefs: java.util.prefs.BackingStoreException: Couldn't get file lock.
2026-08-18 08:10:57,258 [ERROR] LogOutputStream:75 - [STDERR_REDIRECT] 
2026-08-18 08:11:27,257 [ERROR] LogOutputStream:75 - [STDERR_REDIRECT] Aug 18, 2026 8:11:27 AM java.util.prefs.FileSystemPreferences checkLockFile0ErrorCode
2026-08-18 08:11:27,258 [ERROR] LogOutputStream:75 - [STDERR_REDIRECT] WARNING: Could not lock System prefs. Unix error code 2.
2026-08-18 08:11:27,258 [ERROR] LogOutputStream:75 - [STDERR_REDIRECT] 
2026-08-18 08:11:27,258 [ERROR] LogOutputStream:75 - [STDERR_REDIRECT] Aug 18, 2026 8:11:27 AM java.util.prefs.FileSystemPreferences syncWorld
2026-08-18 08:11:27,259 [ERROR] LogOutputStream:75 - [STDERR_REDIRECT] WARNING: Couldn't flush system prefs: java.util.prefs.BackingStoreException: Couldn't get file lock.
2026-08-18 08:11:27,259 [ERROR] LogOutputStream:75 - [STDERR_REDIRECT] 
2026-08-18 08:11:57,257 [ERROR] LogOutputStream:75 - [STDERR_REDIRECT] Aug 18, 2026 8:11:57 AM java.util.prefs.FileSystemPreferences checkLockFile0ErrorCode
2026-08-18 08:11:57,257 [ERROR] LogOutputStream:75 - [STDERR_REDIRECT] WARNING: Could not lock System prefs. Unix error code 2.
2026-08-18 08:11:57,258 [ERROR] LogOutputStream:75 - [STDERR_REDIRECT] 
2026-08-18 08:11:57,258 [ERROR] LogOutputStream:75 - [STDERR_REDIRECT] Aug 18, 2026 8:11:57 AM java.util.prefs.FileSystemPreferences syncWorld
2026-08-18 08:11:57,258 [ERROR] LogOutputStream:75 - [STDERR_REDIRECT] WARNING: Couldn't flush system prefs: java.util.prefs.BackingStoreException: Couldn't get file lock.
2026-08-18 08:11:57,259 [ERROR] LogOutputStream:75 - [STDERR_REDIRECT] 
2026-08-18 08:12:27,258 [ERROR] LogOutputStream:75 - [STDERR_REDIRECT] Aug 18, 2026 8:12:27 AM java.util.prefs.FileSystemPreferences checkLockFile0ErrorCode
2026-08-18 08:12:27,258 [ERROR] LogOutputStream:75 - [STDERR_REDIRECT] WARNING: Could not lock System prefs. Unix error code 2.
2026-08-18 08:12:27,258 [ERROR] LogOutputStream:75 - [STDERR_REDIRECT] 
2026-08-18 08:12:27,259 [ERROR] LogOutputStream:75 - [STDERR_REDIRECT] Aug 18, 2026 8:12:27 AM java.util.prefs.FileSystemPreferences syncWorld
2026-08-18 08:12:27,259 [ERROR] LogOutputStream:75 - [STDERR_REDIRECT] WARNING: Couldn't flush system prefs: java.util.prefs.BackingStoreException: Couldn't get file lock.
2026-08-18 08:12:27,259 [ERROR] LogOutputStream:75 - [STDERR_REDIRECT] 
2026-08-18 08:12:57,257 [ERROR] LogOutputStream:75 - [STDERR_REDIRECT] Aug 18, 2026 8:12:57 AM java.util.prefs.FileSystemPreferences checkLockFile0ErrorCode
2026-08-18 08:12:57,257 [ERROR] LogOutputStream:75 - [STDERR_REDIRECT] WARNING: Could not lock System prefs. Unix error code 2.
2026-08-18 08:12:57,258 [ERROR] LogOutputStream:75 - [STDERR_REDIRECT] 
2026-08-18 08:12:57,258 [ERROR] LogOutputStream:75 - [STDERR_REDIRECT] Aug 18, 2026 8:12:57 AM java.util.prefs.FileSystemPreferences syncWorld
2026-08-18 08:12:57,258 [ERROR] LogOutputStream:75 - [STDERR_REDIRECT] WARNING: Couldn't flush system prefs: java.util.prefs.BackingStoreException: Couldn't get file lock.
2026-08-18 08:12:57,258 [ERROR] LogOutputStream:75 - [STDERR_REDIRECT] 
2026-08-18 08:13:27,258 [ERROR] LogOutputStream:75 - [STDERR_REDIRECT] Aug 18, 2026 8:13:27 AM java.util.prefs.FileSystemPreferences checkLockFile0ErrorCode
2026-08-18 08:13:27,260 [ERROR] LogOutputStream:75 - [STDERR_REDIRECT] WARNING: Could not lock System prefs. Unix error code 2.
2026-08-18 08:13:27,260 [ERROR] LogOutputStream:75 - [STDERR_REDIRECT] 
2026-08-18 08:13:27,261 [ERROR] LogOutputStream:75 - [STDERR_REDIRECT] Aug 18, 2026 8:13:27 AM java.util.prefs.FileSystemPreferences syncWorld
2026-08-18 08:13:27,261 [ERROR] LogOutputStream:75 - [STDERR_REDIRECT] WARNING: Couldn't flush system prefs: java.util.prefs.BackingStoreException: Couldn't get file lock.
2026-08-18 08:13:27,261 [ERROR] LogOutputStream:75 - [STDERR_REDIRECT] 
2026-08-18 08:13:57,257 [ERROR] LogOutputStream:75 - [STDERR_REDIRECT] Aug 18, 2026 8:13:57 AM java.util.prefs.FileSystemPreferences checkLockFile0ErrorCode
2026-08-18 08:13:57,258 [ERROR] LogOutputStream:75 - [STDERR_REDIRECT] WARNING: Could not lock System prefs. Unix error code 2.
2026-08-18 08:13:57,258 [ERROR] LogOutputStream:75 - [STDERR_REDIRECT] 
2026-08-18 08:13:57,259 [ERROR] LogOutputStream:75 - [STDERR_REDIRECT] Aug 18, 2026 8:13:57 AM java.util.prefs.FileSystemPreferences syncWorld
2026-08-18 08:13:57,259 [ERROR] LogOutputStream:75 - [STDERR_REDIRECT] WARNING: Couldn't flush system prefs: java.util.prefs.BackingStoreException: Couldn't get file lock.
2026-08-18 08:13:57,259 [ERROR] LogOutputStream:75 - [STDERR_REDIRECT] 
2026-08-18 08:14:27,258 [ERROR] LogOutputStream:75 - [STDERR_REDIRECT] Aug 18, 2026 8:14:27 AM java.util.prefs.FileSystemPreferences checkLockFile0ErrorCode
2026-08-18 08:14:27,258 [ERROR] LogOutputStream:75 - [STDERR_REDIRECT] WARNING: Could not lock System prefs. Unix error code 2.
2026-08-18 08:14:27,258 [ERROR] LogOutputStream:75 - [STDERR_REDIRECT] 
2026-08-18 08:14:27,259 [ERROR] LogOutputStream:75 - [STDERR_REDIRECT] Aug 18, 2026 8:14:27 AM java.util.prefs.FileSystemPreferences syncWorld
2026-08-18 08:14:27,259 [ERROR] LogOutputStream:75 - [STDERR_REDIRECT] WARNING: Couldn't flush system prefs: java.util.prefs.BackingStoreException: Couldn't get file lock.
2026-08-18 08:14:27,259 [ERROR] LogOutputStream:75 - [STDERR_REDIRECT] 
2026-08-18 08:14:57,258 [ERROR] LogOutputStream:75 - [STDERR_REDIRECT] Aug 18, 2026 8:14:57 AM java.util.prefs.FileSystemPreferences checkLockFile0ErrorCode
2026-08-18 08:14:57,258 [ERROR] LogOutputStream:75 - [STDERR_REDIRECT] WARNING: Could not lock System prefs. Unix error code 2.
2026-08-18 08:14:57,258 [ERROR] LogOutputStream:75 - [STDERR_REDIRECT] 
2026-08-18 08:14:57,259 [ERROR] LogOutputStream:75 - [STDERR_REDIRECT] Aug 18, 2026 8:14:57 AM java.util.prefs.FileSystemPreferences syncWorld
2026-08-18 08:14:57,260 [ERROR] LogOutputStream:75 - [STDERR_REDIRECT] WARNING: Couldn't flush system prefs: java.util.prefs.BackingStoreException: Couldn't get file lock.
2026-08-18 08:14:57,260 [ERROR] LogOutputStream:75 - [STDERR_REDIRECT] 
2026-08-18 08:15:27,257 [ERROR] LogOutputStream:75 - [STDERR_REDIRECT] Aug 18, 2026 8:15:27 AM java.util.prefs.FileSystemPreferences checkLockFile0ErrorCode
2026-08-18 08:15:27,258 [ERROR] LogOutputStream:75 - [STDERR_REDIRECT] WARNING: Could not lock System prefs. Unix error code 2.
2026-08-18 08:15:27,258 [ERROR] LogOutputStream:75 - [STDERR_REDIRECT] 
2026-08-18 08:15:27,258 [ERROR] LogOutputStream:75 - [STDERR_REDIRECT] Aug 18, 2026 8:15:27 AM java.util.prefs.FileSystemPreferences syncWorld
2026-08-18 08:15:27,259 [ERROR] LogOutputStream:75 - [STDERR_REDIRECT] WARNING: Couldn't flush system prefs: java.util.prefs.BackingStoreException: Couldn't get file lock.
2026-08-18 08:15:27,259 [ERROR] LogOutputStream:75 - [STDERR_REDIRECT] 
2026-08-18 08:15:57,257 [ERROR] LogOutputStream:75 - [STDERR_REDIRECT] Aug 18, 2026 8:15:57 AM java.util.prefs.FileSystemPreferences checkLockFile0ErrorCode
2026-08-18 08:15:57,258 [ERROR] LogOutputStream:75 - [STDERR_REDIRECT] WARNING: Could not lock System prefs. Unix error code 2.
2026-08-18 08:15:57,258 [ERROR] LogOutputStream:75 - [STDERR_REDIRECT] 
2026-08-18 08:15:57,258 [ERROR] LogOutputStream:75 - [STDERR_REDIRECT] Aug 18, 2026 8:15:57 AM java.util.prefs.FileSystemPreferences syncWorld
2026-08-18 08:15:57,259 [ERROR] LogOutputStream:75 - [STDERR_REDIRECT] WARNING: Couldn't flush system prefs: java.util.prefs.BackingStoreException: Couldn't get file lock.
2026-08-18 08:15:57,259 [ERROR] LogOutputStream:75 - [STDERR_REDIRECT] 
2026-08-18 08:16:27,257 [ERROR] LogOutputStream:75 - [STDERR_REDIRECT] Aug 18, 2026 8:16:27 AM java.util.prefs.FileSystemPreferences checkLockFile0ErrorCode
2026-08-18 08:16:27,258 [ERROR] LogOutputStream:75 - [STDERR_REDIRECT] WARNING: Could not lock System prefs. Unix error code 2.
2026-08-18 08:16:27,258 [ERROR] LogOutputStream:75 - [STDERR_REDIRECT] 
2026-08-18 08:16:27,258 [ERROR] LogOutputStream:75 - [STDERR_REDIRECT] Aug 18, 2026 8:16:27 AM java.util.prefs.FileSystemPreferences syncWorld
2026-08-18 08:16:27,259 [ERROR] LogOutputStream:75 - [STDERR_REDIRECT] WARNING: Couldn't flush system prefs: java.util.prefs.BackingStoreException: Couldn't get file lock.
2026-08-18 08:16:27,259 [ERROR] LogOutputStream:75 - [STDERR_REDIRECT] 
2026-08-18 08:16:57,257 [ERROR] LogOutputStream:75 - [STDERR_REDIRECT] Aug 18, 2026 8:16:57 AM java.util.prefs.FileSystemPreferences checkLockFile0ErrorCode
2026-08-18 08:16:57,257 [ERROR] LogOutputStream:75 - [STDERR_REDIRECT] WARNING: Could not lock System prefs. Unix error code 2.
2026-08-18 08:16:57,257 [ERROR] LogOutputStream:75 - [STDERR_REDIRECT] 
2026-08-18 08:16:57,258 [ERROR] LogOutputStream:75 - [STDERR_REDIRECT] Aug 18, 2026 8:16:57 AM java.util.prefs.FileSystemPreferences syncWorld
2026-08-18 08:16:57,258 [ERROR] LogOutputStream:75 - [STDERR_REDIRECT] WARNING: Couldn't flush system prefs: java.util.prefs.BackingStoreException: Couldn't get file lock.
2026-08-18 08:16:57,258 [ERROR] LogOutputStream:75 - [STDERR_REDIRECT] 
2026-08-18 08:17:27,258 [ERROR] LogOutputStream:75 - [STDERR_REDIRECT] Aug 18, 2026 8:17:27 AM java.util.prefs.FileSystemPreferences checkLockFile0ErrorCode
2026-08-18 08:17:27,258 [ERROR] LogOutputStream:75 - [STDERR_REDIRECT] WARNING: Could not lock System prefs. Unix error code 2.
2026-08-18 08:17:27,258 [ERROR] LogOutputStream:75 - [STDERR_REDIRECT] 
2026-08-18 08:17:27,259 [ERROR] LogOutputStream:75 - [STDERR_REDIRECT] Aug 18, 2026 8:17:27 AM java.util.prefs.FileSystemPreferences syncWorld
2026-08-18 08:17:27,259 [ERROR] LogOutputStream:75 - [STDERR_REDIRECT] WARNING: Couldn't flush system prefs: java.util.prefs.BackingStoreException: Couldn't get file lock.
2026-08-18 08:17:27,259 [ERROR] LogOutputStream:75 - [STDERR_REDIRECT] 
2026-08-18 08:17:57,258 [ERROR] LogOutputStream:75 - [STDERR_REDIRECT] Aug 18, 2026 8:17:57 AM java.util.prefs.FileSystemPreferences checkLockFile0ErrorCode
2026-08-18 08:17:57,258 [ERROR] LogOutputStream:75 - [STDERR_REDIRECT] WARNING: Could not lock System prefs. Unix error code 2.
2026-08-18 08:17:57,258 [ERROR] LogOutputStream:75 - [STDERR_REDIRECT] 
2026-08-18 08:17:57,259 [ERROR] LogOutputStream:75 - [STDERR_REDIRECT] Aug 18, 2026 8:17:57 AM java.util.prefs.FileSystemPreferences syncWorld
2026-08-18 08:17:57,259 [ERROR] LogOutputStream:75 - [STDERR_REDIRECT] WARNING: Couldn't flush system prefs: java.util.prefs.BackingStoreException: Couldn't get file lock.
2026-08-18 08:17:57,259 [ERROR] LogOutputStream:75 - [STDERR_REDIRECT] 
2026-08-18 08:18:27,257 [ERROR] LogOutputStream:75 - [STDERR_REDIRECT] Aug 18, 2026 8:18:27 AM java.util.prefs.FileSystemPreferences checkLockFile0ErrorCode
2026-08-18 08:18:27,258 [ERROR] LogOutputStream:75 - [STDERR_REDIRECT] WARNING: Could not lock System prefs. Unix error code 2.
2026-08-18 08:18:27,258 [ERROR] LogOutputStream:75 - [STDERR_REDIRECT] 
2026-08-18 08:18:27,259 [ERROR] LogOutputStream:75 - [STDERR_REDIRECT] Aug 18, 2026 8:18:27 AM java.util.prefs.FileSystemPreferences syncWorld
2026-08-18 08:18:27,259 [ERROR] LogOutputStream:75 - [STDERR_REDIRECT] WARNING: Couldn't flush system prefs: java.util.prefs.BackingStoreException: Couldn't get file lock.
2026-08-18 08:18:27,259 [ERROR] LogOutputStream:75 - [STDERR_REDIRECT] 
2026-08-18 08:18:57,258 [ERROR] LogOutputStream:75 - [STDERR_REDIRECT] Aug 18, 2026 8:18:57 AM java.util.prefs.FileSystemPreferences checkLockFile0ErrorCode
2026-08-18 08:18:57,258 [ERROR] LogOutputStream:75 - [STDERR_REDIRECT] WARNING: Could not lock System prefs. Unix error code 2.
2026-08-18 08:18:57,258 [ERROR] LogOutputStream:75 - [STDERR_REDIRECT] 
2026-08-18 08:18:57,259 [ERROR] LogOutputStream:75 - [STDERR_REDIRECT] Aug 18, 2026 8:18:57 AM java.util.prefs.FileSystemPreferences syncWorld
2026-08-18 08:18:57,259 [ERROR] LogOutputStream:75 - [STDERR_REDIRECT] WARNING: Couldn't flush system prefs: java.util.prefs.BackingStoreException: Couldn't get file lock.
2026-08-18 08:18:57,259 [ERROR] LogOutputStream:75 - [STDERR_REDIRECT] 
2026-08-18 08:19:27,259 [ERROR] LogOutputStream:75 - [STDERR_REDIRECT] Aug 18, 2026 8:19:27 AM java.util.prefs.FileSystemPreferences checkLockFile0ErrorCode
2026-08-18 08:19:27,259 [ERROR] LogOutputStream:75 - [STDERR_REDIRECT] WARNING: Could not lock System prefs. Unix error code 2.
2026-08-18 08:19:27,259 [ERROR] LogOutputStream:75 - [STDERR_REDIRECT] 
2026-08-18 08:19:27,260 [ERROR] LogOutputStream:75 - [STDERR_REDIRECT] Aug 18, 2026 8:19:27 AM java.util.prefs.FileSystemPreferences syncWorld
2026-08-18 08:19:27,260 [ERROR] LogOutputStream:75 - [STDERR_REDIRECT] WARNING: Couldn't flush system prefs: java.util.prefs.BackingStoreException: Couldn't get file lock.
2026-08-18 08:19:27,260 [ERROR] LogOutputStream:75 - [STDERR_REDIRECT] 
2026-08-18 08:19:57,259 [ERROR] LogOutputStream:75 - [STDERR_REDIRECT] Aug 18, 2026 8:19:57 AM java.util.prefs.FileSystemPreferences checkLockFile0ErrorCode
2026-08-18 08:19:57,259 [ERROR] LogOutputStream:75 - [STDERR_REDIRECT] WARNING: Could not lock System prefs. Unix error code 2.
2026-08-18 08:19:57,259 [ERROR] LogOutputStream:75 - [STDERR_REDIRECT] 
2026-08-18 08:19:57,259 [ERROR] LogOutputStream:75 - [STDERR_REDIRECT] Aug 18, 2026 8:19:57 AM java.util.prefs.FileSystemPreferences syncWorld
2026-08-18 08:19:57,260 [ERROR] LogOutputStream:75 - [STDERR_REDIRECT] WARNING: Couldn't flush system prefs: java.util.prefs.BackingStoreException: Couldn't get file lock.
2026-08-18 08:19:57,260 [ERROR] LogOutputStream:75 - [STDERR_REDIRECT] 
2026-08-18 08:20:27,259 [ERROR] LogOutputStream:75 - [STDERR_REDIRECT] Aug 18, 2026 8:20:27 AM java.util.prefs.FileSystemPreferences checkLockFile0ErrorCode
2026-08-18 08:20:27,260 [ERROR] LogOutputStream:75 - [STDERR_REDIRECT] WARNING: Could not lock System prefs. Unix error code 2.
2026-08-18 08:20:27,260 [ERROR] LogOutputStream:75 - [STDERR_REDIRECT] 
2026-08-18 08:20:27,260 [ERROR] LogOutputStream:75 - [STDERR_REDIRECT] Aug 18, 2026 8:20:27 AM java.util.prefs.FileSystemPreferences syncWorld
2026-08-18 08:20:27,260 [ERROR] LogOutputStream:75 - [STDERR_REDIRECT] WARNING: Couldn't flush system prefs: java.util.prefs.BackingStoreException: Couldn't get file lock.
2026-08-18 08:20:27,260 [ERROR] LogOutputStream:75 - [STDERR_REDIRECT] 
2026-08-18 08:20:57,260 [ERROR] LogOutputStream:75 - [STDERR_REDIRECT] Aug 18, 2026 8:20:57 AM java.util.prefs.FileSystemPreferences checkLockFile0ErrorCode
2026-08-18 08:20:57,260 [ERROR] LogOutputStream:75 - [STDERR_REDIRECT] WARNING: Could not lock System prefs. Unix error code 2.
2026-08-18 08:20:57,260 [ERROR] LogOutputStream:75 - [STDERR_REDIRECT] 
2026-08-18 08:20:57,261 [ERROR] LogOutputStream:75 - [STDERR_REDIRECT] Aug 18, 2026 8:20:57 AM java.util.prefs.FileSystemPreferences syncWorld
2026-08-18 08:20:57,261 [ERROR] LogOutputStream:75 - [STDERR_REDIRECT] WARNING: Couldn't flush system prefs: java.util.prefs.BackingStoreException: Couldn't get file lock.
2026-08-18 08:20:57,261 [ERROR] LogOutputStream:75 - [STDERR_REDIRECT] 
2026-08-18 08:21:27,261 [ERROR] LogOutputStream:75 - [STDERR_REDIRECT] Aug 18, 2026 8:21:27 AM java.util.prefs.FileSystemPreferences checkLockFile0ErrorCode
2026-08-18 08:21:27,261 [ERROR] LogOutputStream:75 - [STDERR_REDIRECT] WARNING: Could not lock System prefs. Unix error code 2.
2026-08-18 08:21:27,261 [ERROR] LogOutputStream:75 - [STDERR_REDIRECT] 
2026-08-18 08:21:27,262 [ERROR] LogOutputStream:75 - [STDERR_REDIRECT] Aug 18, 2026 8:21:27 AM java.util.prefs.FileSystemPreferences syncWorld
2026-08-18 08:21:27,262 [ERROR] LogOutputStream:75 - [STDERR_REDIRECT] WARNING: Couldn't flush system prefs: java.util.prefs.BackingStoreException: Couldn't get file lock.
2026-08-18 08:21:27,262 [ERROR] LogOutputStream:75 - [STDERR_REDIRECT] 
2026-08-18 08:21:57,261 [ERROR] LogOutputStream:75 - [STDERR_REDIRECT] Aug 18, 2026 8:21:57 AM java.util.prefs.FileSystemPreferences checkLockFile0ErrorCode
2026-08-18 08:21:57,262 [ERROR] LogOutputStream:75 - [STDERR_REDIRECT] WARNING: Could not lock System prefs. Unix error code 2.
2026-08-18 08:21:57,262 [ERROR] LogOutputStream:75 - [STDERR_REDIRECT] 
2026-08-18 08:21:57,262 [ERROR] LogOutputStream:75 - [STDERR_REDIRECT] Aug 18, 2026 8:21:57 AM java.util.prefs.FileSystemPreferences syncWorld
2026-08-18 08:21:57,262 [ERROR] LogOutputStream:75 - [STDERR_REDIRECT] WARNING: Couldn't flush system prefs: java.util.prefs.BackingStoreException: Couldn't get file lock.
2026-08-18 08:21:57,263 [ERROR] LogOutputStream:75 - [STDERR_REDIRECT] 
2026-08-18 08:22:27,260 [ERROR] LogOutputStream:75 - [STDERR_REDIRECT] Aug 18, 2026 8:22:27 AM java.util.prefs.FileSystemPreferences checkLockFile0ErrorCode
2026-08-18 08:22:27,260 [ERROR] LogOutputStream:75 - [STDERR_REDIRECT] WARNING: Could not lock System prefs. Unix error code 2.
2026-08-18 08:22:27,260 [ERROR] LogOutputStream:75 - [STDERR_REDIRECT] 
2026-08-18 08:22:27,261 [ERROR] LogOutputStream:75 - [STDERR_REDIRECT] Aug 18, 2026 8:22:27 AM java.util.prefs.FileSystemPreferences syncWorld
2026-08-18 08:22:27,261 [ERROR] LogOutputStream:75 - [STDERR_REDIRECT] WARNING: Couldn't flush system prefs: java.util.prefs.BackingStoreException: Couldn't get file lock.
2026-08-18 08:22:27,261 [ERROR] LogOutputStream:75 - [STDERR_REDIRECT] 
2026-08-18 08:22:57,261 [ERROR] LogOutputStream:75 - [STDERR_REDIRECT] Aug 18, 2026 8:22:57 AM java.util.prefs.FileSystemPreferences checkLockFile0ErrorCode
2026-08-18 08:22:57,262 [ERROR] LogOutputStream:75 - [STDERR_REDIRECT] WARNING: Could not lock System prefs. Unix error code 2.
2026-08-18 08:22:57,262 [ERROR] LogOutputStream:75 - [STDERR_REDIRECT] 
2026-08-18 08:22:57,262 [ERROR] LogOutputStream:75 - [STDERR_REDIRECT] Aug 18, 2026 8:22:57 AM java.util.prefs.FileSystemPreferences syncWorld
2026-08-18 08:22:57,262 [ERROR] LogOutputStream:75 - [STDERR_REDIRECT] WARNING: Couldn't flush system prefs: java.util.prefs.BackingStoreException: Couldn't get file lock.
2026-08-18 08:22:57,262 [ERROR] LogOutputStream:75 - [STDERR_REDIRECT] 
2026-08-18 08:23:27,260 [ERROR] LogOutputStream:75 - [STDERR_REDIRECT] Aug 18, 2026 8:23:27 AM java.util.prefs.FileSystemPreferences checkLockFile0ErrorCode
2026-08-18 08:23:27,260 [ERROR] LogOutputStream:75 - [STDERR_REDIRECT] WARNING: Could not lock System prefs. Unix error code 2.
2026-08-18 08:23:27,261 [ERROR] LogOutputStream:75 - [STDERR_REDIRECT] 
2026-08-18 08:23:27,261 [ERROR] LogOutputStream:75 - [STDERR_REDIRECT] Aug 18, 2026 8:23:27 AM java.util.prefs.FileSystemPreferences syncWorld
2026-08-18 08:23:27,261 [ERROR] LogOutputStream:75 - [STDERR_REDIRECT] WARNING: Couldn't flush system prefs: java.util.prefs.BackingStoreException: Couldn't get file lock.
2026-08-18 08:23:27,261 [ERROR] LogOutputStream:75 - [STDERR_REDIRECT] 
2026-08-18 08:23:57,261 [ERROR] LogOutputStream:75 - [STDERR_REDIRECT] Aug 18, 2026 8:23:57 AM java.util.prefs.FileSystemPreferences checkLockFile0ErrorCode
2026-08-18 08:23:57,262 [ERROR] LogOutputStream:75 - [STDERR_REDIRECT] WARNING: Could not lock System prefs. Unix error code 2.
2026-08-18 08:23:57,262 [ERROR] LogOutputStream:75 - [STDERR_REDIRECT] 
2026-08-18 08:23:57,262 [ERROR] LogOutputStream:75 - [STDERR_REDIRECT] Aug 18, 2026 8:23:57 AM java.util.prefs.FileSystemPreferences syncWorld
2026-08-18 08:23:57,262 [ERROR] LogOutputStream:75 - [STDERR_REDIRECT] WARNING: Couldn't flush system prefs: java.util.prefs.BackingStoreException: Couldn't get file lock.
2026-08-18 08:23:57,263 [ERROR] LogOutputStream:75 - [STDERR_REDIRECT] 
2026-08-18 08:24:27,261 [ERROR] LogOutputStream:75 - [STDERR_REDIRECT] Aug 18, 2026 8:24:27 AM java.util.prefs.FileSystemPreferences checkLockFile0ErrorCode
2026-08-18 08:24:27,261 [ERROR] LogOutputStream:75 - [STDERR_REDIRECT] WARNING: Could not lock System prefs. Unix error code 2.
2026-08-18 08:24:27,261 [ERROR] LogOutputStream:75 - [STDERR_REDIRECT] 
2026-08-18 08:24:27,262 [ERROR] LogOutputStream:75 - [STDERR_REDIRECT] Aug 18, 2026 8:24:27 AM java.util.prefs.FileSystemPreferences syncWorld
2026-08-18 08:24:27,262 [ERROR] LogOutputStream:75 - [STDERR_REDIRECT] WARNING: Couldn't flush system prefs: java.util.prefs.BackingStoreException: Couldn't get file lock.
2026-08-18 08:24:27,262 [ERROR] LogOutputStream:75 - [STDERR_REDIRECT] 
2026-08-18 08:24:57,261 [ERROR] LogOutputStream:75 - [STDERR_REDIRECT] Aug 18, 2026 8:24:57 AM java.util.prefs.FileSystemPreferences checkLockFile0ErrorCode
2026-08-18 08:24:57,261 [ERROR] LogOutputStream:75 - [STDERR_REDIRECT] WARNING: Could not lock System prefs. Unix error code 2.
2026-08-18 08:24:57,261 [ERROR] LogOutputStream:75 - [STDERR_REDIRECT] 
2026-08-18 08:24:57,262 [ERROR] LogOutputStream:75 - [STDERR_REDIRECT] Aug 18, 2026 8:24:57 AM java.util.prefs.FileSystemPreferences syncWorld
2026-08-18 08:24:57,262 [ERROR] LogOutputStream:75 - [STDERR_REDIRECT] WARNING: Couldn't flush system prefs: java.util.prefs.BackingStoreException: Couldn't get file lock.
2026-08-18 08:24:57,262 [ERROR] LogOutputStream:75 - [STDERR_REDIRECT] 
2026-08-18 08:25:27,261 [ERROR] LogOutputStream:75 - [STDERR_REDIRECT] Aug 18, 2026 8:25:27 AM java.util.prefs.FileSystemPreferences checkLockFile0ErrorCode
2026-08-18 08:25:27,262 [ERROR] LogOutputStream:75 - [STDERR_REDIRECT] WARNING: Could not lock System prefs. Unix error code 2.
2026-08-18 08:25:27,262 [ERROR] LogOutputStream:75 - [STDERR_REDIRECT] 
2026-08-18 08:25:27,262 [ERROR] LogOutputStream:75 - [STDERR_REDIRECT] Aug 18, 2026 8:25:27 AM java.util.prefs.FileSystemPreferences syncWorld
2026-08-18 08:25:27,262 [ERROR] LogOutputStream:75 - [STDERR_REDIRECT] WARNING: Couldn't flush system prefs: java.util.prefs.BackingStoreException: Couldn't get file lock.
2026-08-18 08:25:27,263 [ERROR] LogOutputStream:75 - [STDERR_REDIRECT] 
2026-08-18 08:25:57,260 [ERROR] LogOutputStream:75 - [STDERR_REDIRECT] Aug 18, 2026 8:25:57 AM java.util.prefs.FileSystemPreferences checkLockFile0ErrorCode
2026-08-18 08:25:57,261 [ERROR] LogOutputStream:75 - [STDERR_REDIRECT] WARNING: Could not lock System prefs. Unix error code 2.
2026-08-18 08:25:57,261 [ERROR] LogOutputStream:75 - [STDERR_REDIRECT] 
2026-08-18 08:25:57,262 [ERROR] LogOutputStream:75 - [STDERR_REDIRECT] Aug 18, 2026 8:25:57 AM java.util.prefs.FileSystemPreferences syncWorld
2026-08-18 08:25:57,262 [ERROR] LogOutputStream:75 - [STDERR_REDIRECT] WARNING: Couldn't flush system prefs: java.util.prefs.BackingStoreException: Couldn't get file lock.
2026-08-18 08:25:57,262 [ERROR] LogOutputStream:75 - [STDERR_REDIRECT] 
2026-08-18 08:26:27,261 [ERROR] LogOutputStream:75 - [STDERR_REDIRECT] Aug 18, 2026 8:26:27 AM java.util.prefs.FileSystemPreferences checkLockFile0ErrorCode
2026-08-18 08:26:27,261 [ERROR] LogOutputStream:75 - [STDERR_REDIRECT] WARNING: Could not lock System prefs. Unix error code 2.
2026-08-18 08:26:27,262 [ERROR] LogOutputStream:75 - [STDERR_REDIRECT] 
2026-08-18 08:26:27,262 [ERROR] LogOutputStream:75 - [STDERR_REDIRECT] Aug 18, 2026 8:26:27 AM java.util.prefs.FileSystemPreferences syncWorld
2026-08-18 08:26:27,262 [ERROR] LogOutputStream:75 - [STDERR_REDIRECT] WARNING: Couldn't flush system prefs: java.util.prefs.BackingStoreException: Couldn't get file lock.
2026-08-18 08:26:27,262 [ERROR] LogOutputStream:75 - [STDERR_REDIRECT] 
2026-08-18 08:26:57,261 [ERROR] LogOutputStream:75 - [STDERR_REDIRECT] Aug 18, 2026 8:26:57 AM java.util.prefs.FileSystemPreferences checkLockFile0ErrorCode
2026-08-18 08:26:57,262 [ERROR] LogOutputStream:75 - [STDERR_REDIRECT] WARNING: Could not lock System prefs. Unix error code 2.
2026-08-18 08:26:57,262 [ERROR] LogOutputStream:75 - [STDERR_REDIRECT] 
2026-08-18 08:26:57,262 [ERROR] LogOutputStream:75 - [STDERR_REDIRECT] Aug 18, 2026 8:26:57 AM java.util.prefs.FileSystemPreferences syncWorld
2026-08-18 08:26:57,263 [ERROR] LogOutputStream:75 - [STDERR_REDIRECT] WARNING: Couldn't flush system prefs: java.util.prefs.BackingStoreException: Couldn't get file lock.
2026-08-18 08:26:57,263 [ERROR] LogOutputStream:75 - [STDERR_REDIRECT] 
2026-08-18 08:27:27,260 [ERROR] LogOutputStream:75 - [STDERR_REDIRECT] Aug 18, 2026 8:27:27 AM java.util.prefs.FileSystemPreferences checkLockFile0ErrorCode
2026-08-18 08:27:27,261 [ERROR] LogOutputStream:75 - [STDERR_REDIRECT] WARNING: Could not lock System prefs. Unix error code 2.
2026-08-18 08:27:27,261 [ERROR] LogOutputStream:75 - [STDERR_REDIRECT] 
2026-08-18 08:27:27,261 [ERROR] LogOutputStream:75 - [STDERR_REDIRECT] Aug 18, 2026 8:27:27 AM java.util.prefs.FileSystemPreferences syncWorld
2026-08-18 08:27:27,261 [ERROR] LogOutputStream:75 - [STDERR_REDIRECT] WARNING: Couldn't flush system prefs: java.util.prefs.BackingStoreException: Couldn't get file lock.
2026-08-18 08:27:27,262 [ERROR] LogOutputStream:75 - [STDERR_REDIRECT] 
2026-08-18 08:27:57,260 [ERROR] LogOutputStream:75 - [STDERR_REDIRECT] Aug 18, 2026 8:27:57 AM java.util.prefs.FileSystemPreferences checkLockFile0ErrorCode
2026-08-18 08:27:57,260 [ERROR] LogOutputStream:75 - [STDERR_REDIRECT] WARNING: Could not lock System prefs. Unix error code 2.
2026-08-18 08:27:57,260 [ERROR] LogOutputStream:75 - [STDERR_REDIRECT] 
2026-08-18 08:27:57,260 [ERROR] LogOutputStream:75 - [STDERR_REDIRECT] Aug 18, 2026 8:27:57 AM java.util.prefs.FileSystemPreferences syncWorld
2026-08-18 08:27:57,261 [ERROR] LogOutputStream:75 - [STDERR_REDIRECT] WARNING: Couldn't flush system prefs: java.util.prefs.BackingStoreException: Couldn't get file lock.
2026-08-18 08:27:57,261 [ERROR] LogOutputStream:75 - [STDERR_REDIRECT] 
2026-08-18 08:28:27,260 [ERROR] LogOutputStream:75 - [STDERR_REDIRECT] Aug 18, 2026 8:28:27 AM java.util.prefs.FileSystemPreferences checkLockFile0ErrorCode
2026-08-18 08:28:27,260 [ERROR] LogOutputStream:75 - [STDERR_REDIRECT] WARNING: Could not lock System prefs. Unix error code 2.
2026-08-18 08:28:27,261 [ERROR] LogOutputStream:75 - [STDERR_REDIRECT] 
2026-08-18 08:28:27,261 [ERROR] LogOutputStream:75 - [STDERR_REDIRECT] Aug 18, 2026 8:28:27 AM java.util.prefs.FileSystemPreferences syncWorld
2026-08-18 08:28:27,261 [ERROR] LogOutputStream:75 - [STDERR_REDIRECT] WARNING: Couldn't flush system prefs: java.util.prefs.BackingStoreException: Couldn't get file lock.
2026-08-18 08:28:27,261 [ERROR] LogOutputStream:75 - [STDERR_REDIRECT] 
2026-08-18 08:28:57,260 [ERROR] LogOutputStream:75 - [STDERR_REDIRECT] Aug 18, 2026 8:28:57 AM java.util.prefs.FileSystemPreferences checkLockFile0ErrorCode
2026-08-18 08:28:57,261 [ERROR] LogOutputStream:75 - [STDERR_REDIRECT] WARNING: Could not lock System prefs. Unix error code 2.
2026-08-18 08:28:57,261 [ERROR] LogOutputStream:75 - [STDERR_REDIRECT] 
2026-08-18 08:28:57,262 [ERROR] LogOutputStream:75 - [STDERR_REDIRECT] Aug 18, 2026 8:28:57 AM java.util.prefs.FileSystemPreferences syncWorld
2026-08-18 08:28:57,262 [ERROR] LogOutputStream:75 - [STDERR_REDIRECT] WARNING: Couldn't flush system prefs: java.util.prefs.BackingStoreException: Couldn't get file lock.
2026-08-18 08:28:57,262 [ERROR] LogOutputStream:75 - [STDERR_REDIRECT] 
2026-08-18 08:29:27,261 [ERROR] LogOutputStream:75 - [STDERR_REDIRECT] Aug 18, 2026 8:29:27 AM java.util.prefs.FileSystemPreferences checkLockFile0ErrorCode
2026-08-18 08:29:27,262 [ERROR] LogOutputStream:75 - [STDERR_REDIRECT] WARNING: Could not lock System prefs. Unix error code 2.
2026-08-18 08:29:27,262 [ERROR] LogOutputStream:75 - [STDERR_REDIRECT] 
2026-08-18 08:29:27,262 [ERROR] LogOutputStream:75 - [STDERR_REDIRECT] Aug 18, 2026 8:29:27 AM java.util.prefs.FileSystemPreferences syncWorld
2026-08-18 08:29:27,263 [ERROR] LogOutputStream:75 - [STDERR_REDIRECT] WARNING: Couldn't flush system prefs: java.util.prefs.BackingStoreException: Couldn't get file lock.
2026-08-18 08:29:27,263 [ERROR] LogOutputStream:75 - [STDERR_REDIRECT] 
2026-08-18 08:29:57,262 [ERROR] LogOutputStream:75 - [STDERR_REDIRECT] Aug 18, 2026 8:29:57 AM java.util.prefs.FileSystemPreferences checkLockFile0ErrorCode
2026-08-18 08:29:57,263 [ERROR] LogOutputStream:75 - [STDERR_REDIRECT] WARNING: Could not lock System prefs. Unix error code 2.
2026-08-18 08:29:57,268 [ERROR] LogOutputStream:75 - [STDERR_REDIRECT] 
2026-08-18 08:29:57,269 [ERROR] LogOutputStream:75 - [STDERR_REDIRECT] Aug 18, 2026 8:29:57 AM java.util.prefs.FileSystemPreferences syncWorld
2026-08-18 08:29:57,269 [ERROR] LogOutputStream:75 - [STDERR_REDIRECT] WARNING: Couldn't flush system prefs: java.util.prefs.BackingStoreException: Couldn't get file lock.
2026-08-18 08:29:57,269 [ERROR] LogOutputStream:75 - [STDERR_REDIRECT] 
2026-08-18 08:30:27,269 [ERROR] LogOutputStream:75 - [STDERR_REDIRECT] Aug 18, 2026 8:30:27 AM java.util.prefs.FileSystemPreferences checkLockFile0ErrorCode
2026-08-18 08:30:27,270 [ERROR] LogOutputStream:75 - [STDERR_REDIRECT] WARNING: Could not lock System prefs. Unix error code 2.
2026-08-18 08:30:27,270 [ERROR] LogOutputStream:75 - [STDERR_REDIRECT] 
2026-08-18 08:30:27,270 [ERROR] LogOutputStream:75 - [STDERR_REDIRECT] Aug 18, 2026 8:30:27 AM java.util.prefs.FileSystemPreferences syncWorld
2026-08-18 08:30:27,270 [ERROR] LogOutputStream:75 - [STDERR_REDIRECT] WARNING: Couldn't flush system prefs: java.util.prefs.BackingStoreException: Couldn't get file lock.
2026-08-18 08:30:27,271 [ERROR] LogOutputStream:75 - [STDERR_REDIRECT] 
2026-08-18 08:30:57,262 [ERROR] LogOutputStream:75 - [STDERR_REDIRECT] Aug 18, 2026 8:30:57 AM java.util.prefs.FileSystemPreferences checkLockFile0ErrorCode
2026-08-18 08:30:57,263 [ERROR] LogOutputStream:75 - [STDERR_REDIRECT] WARNING: Could not lock System prefs. Unix error code 2.
2026-08-18 08:30:57,263 [ERROR] LogOutputStream:75 - [STDERR_REDIRECT] 
2026-08-18 08:30:57,263 [ERROR] LogOutputStream:75 - [STDERR_REDIRECT] Aug 18, 2026 8:30:57 AM java.util.prefs.FileSystemPreferences syncWorld
2026-08-18 08:30:57,263 [ERROR] LogOutputStream:75 - [STDERR_REDIRECT] WARNING: Couldn't flush system prefs: java.util.prefs.BackingStoreException: Couldn't get file lock.
2026-08-18 08:30:57,264 [ERROR] LogOutputStream:75 - [STDERR_REDIRECT] 
2026-08-18 08:31:27,263 [ERROR] LogOutputStream:75 - [STDERR_REDIRECT] Aug 18, 2026 8:31:27 AM java.util.prefs.FileSystemPreferences checkLockFile0ErrorCode
2026-08-18 08:31:27,263 [ERROR] LogOutputStream:75 - [STDERR_REDIRECT] WARNING: Could not lock System prefs. Unix error code 2.
2026-08-18 08:31:27,264 [ERROR] LogOutputStream:75 - [STDERR_REDIRECT] 
2026-08-18 08:31:27,264 [ERROR] LogOutputStream:75 - [STDERR_REDIRECT] Aug 18, 2026 8:31:27 AM java.util.prefs.FileSystemPreferences syncWorld
2026-08-18 08:31:27,264 [ERROR] LogOutputStream:75 - [STDERR_REDIRECT] WARNING: Couldn't flush system prefs: java.util.prefs.BackingStoreException: Couldn't get file lock.
2026-08-18 08:31:27,264 [ERROR] LogOutputStream:75 - [STDERR_REDIRECT] 
2026-08-18 08:31:57,263 [ERROR] LogOutputStream:75 - [STDERR_REDIRECT] Aug 18, 2026 8:31:57 AM java.util.prefs.FileSystemPreferences checkLockFile0ErrorCode
2026-08-18 08:31:57,264 [ERROR] LogOutputStream:75 - [STDERR_REDIRECT] WARNING: Could not lock System prefs. Unix error code 2.
2026-08-18 08:31:57,264 [ERROR] LogOutputStream:75 - [STDERR_REDIRECT] 
2026-08-18 08:31:57,264 [ERROR] LogOutputStream:75 - [STDERR_REDIRECT] Aug 18, 2026 8:31:57 AM java.util.prefs.FileSystemPreferences syncWorld
2026-08-18 08:31:57,265 [ERROR] LogOutputStream:75 - [STDERR_REDIRECT] WARNING: Couldn't flush system prefs: java.util.prefs.BackingStoreException: Couldn't get file lock.
2026-08-18 08:31:57,265 [ERROR] LogOutputStream:75 - [STDERR_REDIRECT] 
2026-08-18 08:32:27,263 [ERROR] LogOutputStream:75 - [STDERR_REDIRECT] Aug 18, 2026 8:32:27 AM java.util.prefs.FileSystemPreferences checkLockFile0ErrorCode
2026-08-18 08:32:27,264 [ERROR] LogOutputStream:75 - [STDERR_REDIRECT] WARNING: Could not lock System prefs. Unix error code 2.
2026-08-18 08:32:27,264 [ERROR] LogOutputStream:75 - [STDERR_REDIRECT] 
2026-08-18 08:32:27,265 [ERROR] LogOutputStream:75 - [STDERR_REDIRECT] Aug 18, 2026 8:32:27 AM java.util.prefs.FileSystemPreferences syncWorld
2026-08-18 08:32:27,265 [ERROR] LogOutputStream:75 - [STDERR_REDIRECT] WARNING: Couldn't flush system prefs: java.util.prefs.BackingStoreException: Couldn't get file lock.
2026-08-18 08:32:27,265 [ERROR] LogOutputStream:75 - [STDERR_REDIRECT] 
2026-08-18 08:32:57,264 [ERROR] LogOutputStream:75 - [STDERR_REDIRECT] Aug 18, 2026 8:32:57 AM java.util.prefs.FileSystemPreferences checkLockFile0ErrorCode
2026-08-18 08:32:57,265 [ERROR] LogOutputStream:75 - [STDERR_REDIRECT] WARNING: Could not lock System prefs. Unix error code 2.
2026-08-18 08:32:57,265 [ERROR] LogOutputStream:75 - [STDERR_REDIRECT] 
2026-08-18 08:32:57,266 [ERROR] LogOutputStream:75 - [STDERR_REDIRECT] Aug 18, 2026 8:32:57 AM java.util.prefs.FileSystemPreferences syncWorld
2026-08-18 08:32:57,266 [ERROR] LogOutputStream:75 - [STDERR_REDIRECT] WARNING: Couldn't flush system prefs: java.util.prefs.BackingStoreException: Couldn't get file lock.
2026-08-18 08:32:57,266 [ERROR] LogOutputStream:75 - [STDERR_REDIRECT] 
2026-08-18 08:33:27,264 [ERROR] LogOutputStream:75 - [STDERR_REDIRECT] Aug 18, 2026 8:33:27 AM java.util.prefs.FileSystemPreferences checkLockFile0ErrorCode
2026-08-18 08:33:27,264 [ERROR] LogOutputStream:75 - [STDERR_REDIRECT] WARNING: Could not lock System prefs. Unix error code 2.
2026-08-18 08:33:27,264 [ERROR] LogOutputStream:75 - [STDERR_REDIRECT] 
2026-08-18 08:33:27,265 [ERROR] LogOutputStream:75 - [STDERR_REDIRECT] Aug 18, 2026 8:33:27 AM java.util.prefs.FileSystemPreferences syncWorld
2026-08-18 08:33:27,265 [ERROR] LogOutputStream:75 - [STDERR_REDIRECT] WARNING: Couldn't flush system prefs: java.util.prefs.BackingStoreException: Couldn't get file lock.
2026-08-18 08:33:27,265 [ERROR] LogOutputStream:75 - [STDERR_REDIRECT] 
2026-08-18 08:33:57,264 [ERROR] LogOutputStream:75 - [STDERR_REDIRECT] Aug 18, 2026 8:33:57 AM java.util.prefs.FileSystemPreferences checkLockFile0ErrorCode
2026-08-18 08:33:57,264 [ERROR] LogOutputStream:75 - [STDERR_REDIRECT] WARNING: Could not lock System prefs. Unix error code 2.
2026-08-18 08:33:57,264 [ERROR] LogOutputStream:75 - [STDERR_REDIRECT] 
2026-08-18 08:33:57,265 [ERROR] LogOutputStream:75 - [STDERR_REDIRECT] Aug 18, 2026 8:33:57 AM java.util.prefs.FileSystemPreferences syncWorld
2026-08-18 08:33:57,265 [ERROR] LogOutputStream:75 - [STDERR_REDIRECT] WARNING: Couldn't flush system prefs: java.util.prefs.BackingStoreException: Couldn't get file lock.
2026-08-18 08:33:57,265 [ERROR] LogOutputStream:75 - [STDERR_REDIRECT] 
2026-08-18 08:34:27,264 [ERROR] LogOutputStream:75 - [STDERR_REDIRECT] Aug 18, 2026 8:34:27 AM java.util.prefs.FileSystemPreferences checkLockFile0ErrorCode
2026-08-18 08:34:27,265 [ERROR] LogOutputStream:75 - [STDERR_REDIRECT] WARNING: Could not lock System prefs. Unix error code 2.
2026-08-18 08:34:27,265 [ERROR] LogOutputStream:75 - [STDERR_REDIRECT] 
2026-08-18 08:34:27,265 [ERROR] LogOutputStream:75 - [STDERR_REDIRECT] Aug 18, 2026 8:34:27 AM java.util.prefs.FileSystemPreferences syncWorld
2026-08-18 08:34:27,270 [ERROR] LogOutputStream:75 - [STDERR_REDIRECT] WARNING: Couldn't flush system prefs: java.util.prefs.BackingStoreException: Couldn't get file lock.
2026-08-18 08:34:27,271 [ERROR] LogOutputStream:75 - [STDERR_REDIRECT] 
2026-08-18 08:34:57,264 [ERROR] LogOutputStream:75 - [STDERR_REDIRECT] Aug 18, 2026 8:34:57 AM java.util.prefs.FileSystemPreferences checkLockFile0ErrorCode
2026-08-18 08:34:57,264 [ERROR] LogOutputStream:75 - [STDERR_REDIRECT] WARNING: Could not lock System prefs. Unix error code 2.
2026-08-18 08:34:57,264 [ERROR] LogOutputStream:75 - [STDERR_REDIRECT] 
2026-08-18 08:34:57,265 [ERROR] LogOutputStream:75 - [STDERR_REDIRECT] Aug 18, 2026 8:34:57 AM java.util.prefs.FileSystemPreferences syncWorld
2026-08-18 08:34:57,265 [ERROR] LogOutputStream:75 - [STDERR_REDIRECT] WARNING: Couldn't flush system prefs: java.util.prefs.BackingStoreException: Couldn't get file lock.
2026-08-18 08:34:57,265 [ERROR] LogOutputStream:75 - [STDERR_REDIRECT] 
2026-08-18 08:35:27,263 [ERROR] LogOutputStream:75 - [STDERR_REDIRECT] Aug 18, 2026 8:35:27 AM java.util.prefs.FileSystemPreferences checkLockFile0ErrorCode
2026-08-18 08:35:27,264 [ERROR] LogOutputStream:75 - [STDERR_REDIRECT] WARNING: Could not lock System prefs. Unix error code 2.
2026-08-18 08:35:27,264 [ERROR] LogOutputStream:75 - [STDERR_REDIRECT] 
2026-08-18 08:35:27,264 [ERROR] LogOutputStream:75 - [STDERR_REDIRECT] Aug 18, 2026 8:35:27 AM java.util.prefs.FileSystemPreferences syncWorld
2026-08-18 08:35:27,265 [ERROR] LogOutputStream:75 - [STDERR_REDIRECT] WARNING: Couldn't flush system prefs: java.util.prefs.BackingStoreException: Couldn't get file lock.
2026-08-18 08:35:27,265 [ERROR] LogOutputStream:75 - [STDERR_REDIRECT] 
2026-08-18 08:35:57,266 [ERROR] LogOutputStream:75 - [STDERR_REDIRECT] Aug 18, 2026 8:35:57 AM java.util.prefs.FileSystemPreferences checkLockFile0ErrorCode
2026-08-18 08:35:57,267 [ERROR] LogOutputStream:75 - [STDERR_REDIRECT] WARNING: Could not lock System prefs. Unix error code 2.
2026-08-18 08:35:57,267 [ERROR] LogOutputStream:75 - [STDERR_REDIRECT] 
2026-08-18 08:35:57,267 [ERROR] LogOutputStream:75 - [STDERR_REDIRECT] Aug 18, 2026 8:35:57 AM java.util.prefs.FileSystemPreferences syncWorld
2026-08-18 08:35:57,268 [ERROR] LogOutputStream:75 - [STDERR_REDIRECT] WARNING: Couldn't flush system prefs: java.util.prefs.BackingStoreException: Couldn't get file lock.
2026-08-18 08:35:57,268 [ERROR] LogOutputStream:75 - [STDERR_REDIRECT] 
2026-08-18 08:36:27,264 [ERROR] LogOutputStream:75 - [STDERR_REDIRECT] Aug 18, 2026 8:36:27 AM java.util.prefs.FileSystemPreferences checkLockFile0ErrorCode
2026-08-18 08:36:27,265 [ERROR] LogOutputStream:75 - [STDERR_REDIRECT] WARNING: Could not lock System prefs. Unix error code 2.
2026-08-18 08:36:27,265 [ERROR] LogOutputStream:75 - [STDERR_REDIRECT] 
2026-08-18 08:36:27,266 [ERROR] LogOutputStream:75 - [STDERR_REDIRECT] Aug 18, 2026 8:36:27 AM java.util.prefs.FileSystemPreferences syncWorld
2026-08-18 08:36:27,266 [ERROR] LogOutputStream:75 - [STDERR_REDIRECT] WARNING: Couldn't flush system prefs: java.util.prefs.BackingStoreException: Couldn't get file lock.
2026-08-18 08:36:27,266 [ERROR] LogOutputStream:75 - [STDERR_REDIRECT] 
2026-08-18 08:36:57,264 [ERROR] LogOutputStream:75 - [STDERR_REDIRECT] Aug 18, 2026 8:36:57 AM java.util.prefs.FileSystemPreferences checkLockFile0ErrorCode
2026-08-18 08:36:57,264 [ERROR] LogOutputStream:75 - [STDERR_REDIRECT] WARNING: Could not lock System prefs. Unix error code 2.
2026-08-18 08:36:57,265 [ERROR] LogOutputStream:75 - [STDERR_REDIRECT] 
2026-08-18 08:36:57,265 [ERROR] LogOutputStream:75 - [STDERR_REDIRECT] Aug 18, 2026 8:36:57 AM java.util.prefs.FileSystemPreferences syncWorld
2026-08-18 08:36:57,265 [ERROR] LogOutputStream:75 - [STDERR_REDIRECT] WARNING: Couldn't flush system prefs: java.util.prefs.BackingStoreException: Couldn't get file lock.
2026-08-18 08:36:57,266 [ERROR] LogOutputStream:75 - [STDERR_REDIRECT] 
2026-08-18 08:37:27,264 [ERROR] LogOutputStream:75 - [STDERR_REDIRECT] Aug 18, 2026 8:37:27 AM java.util.prefs.FileSystemPreferences checkLockFile0ErrorCode
2026-08-18 08:37:27,264 [ERROR] LogOutputStream:75 - [STDERR_REDIRECT] WARNING: Could not lock System prefs. Unix error code 2.
2026-08-18 08:37:27,264 [ERROR] LogOutputStream:75 - [STDERR_REDIRECT] 
2026-08-18 08:37:27,265 [ERROR] LogOutputStream:75 - [STDERR_REDIRECT] Aug 18, 2026 8:37:27 AM java.util.prefs.FileSystemPreferences syncWorld
2026-08-18 08:37:27,265 [ERROR] LogOutputStream:75 - [STDERR_REDIRECT] WARNING: Couldn't flush system prefs: java.util.prefs.BackingStoreException: Couldn't get file lock.
2026-08-18 08:37:27,265 [ERROR] LogOutputStream:75 - [STDERR_REDIRECT] 
2026-08-18 08:37:57,264 [ERROR] LogOutputStream:75 - [STDERR_REDIRECT] Aug 18, 2026 8:37:57 AM java.util.prefs.FileSystemPreferences checkLockFile0ErrorCode
2026-08-18 08:37:57,264 [ERROR] LogOutputStream:75 - [STDERR_REDIRECT] WARNING: Could not lock System prefs. Unix error code 2.
2026-08-18 08:37:57,265 [ERROR] LogOutputStream:75 - [STDERR_REDIRECT] 
2026-08-18 08:37:57,265 [ERROR] LogOutputStream:75 - [STDERR_REDIRECT] Aug 18, 2026 8:37:57 AM java.util.prefs.FileSystemPreferences syncWorld
2026-08-18 08:37:57,265 [ERROR] LogOutputStream:75 - [STDERR_REDIRECT] WARNING: Couldn't flush system prefs: java.util.prefs.BackingStoreException: Couldn't get file lock.
2026-08-18 08:37:57,265 [ERROR] LogOutputStream:75 - [STDERR_REDIRECT] 
2026-08-18 08:38:27,264 [ERROR] LogOutputStream:75 - [STDERR_REDIRECT] Aug 18, 2026 8:38:27 AM java.util.prefs.FileSystemPreferences checkLockFile0ErrorCode
2026-08-18 08:38:27,264 [ERROR] LogOutputStream:75 - [STDERR_REDIRECT] WARNING: Could not lock System prefs. Unix error code 2.
2026-08-18 08:38:27,264 [ERROR] LogOutputStream:75 - [STDERR_REDIRECT] 
2026-08-18 08:38:27,265 [ERROR] LogOutputStream:75 - [STDERR_REDIRECT] Aug 18, 2026 8:38:27 AM java.util.prefs.FileSystemPreferences syncWorld
2026-08-18 08:38:27,265 [ERROR] LogOutputStream:75 - [STDERR_REDIRECT] WARNING: Couldn't flush system prefs: java.util.prefs.BackingStoreException: Couldn't get file lock.
2026-08-18 08:38:27,265 [ERROR] LogOutputStream:75 - [STDERR_REDIRECT] 
2026-08-18 08:38:57,265 [ERROR] LogOutputStream:75 - [STDERR_REDIRECT] Aug 18, 2026 8:38:57 AM java.util.prefs.FileSystemPreferences checkLockFile0ErrorCode
2026-08-18 08:38:57,265 [ERROR] LogOutputStream:75 - [STDERR_REDIRECT] WARNING: Could not lock System prefs. Unix error code 2.
2026-08-18 08:38:57,265 [ERROR] LogOutputStream:75 - [STDERR_REDIRECT] 
2026-08-18 08:38:57,266 [ERROR] LogOutputStream:75 - [STDERR_REDIRECT] Aug 18, 2026 8:38:57 AM java.util.prefs.FileSystemPreferences syncWorld
2026-08-18 08:38:57,266 [ERROR] LogOutputStream:75 - [STDERR_REDIRECT] WARNING: Couldn't flush system prefs: java.util.prefs.BackingStoreException: Couldn't get file lock.
2026-08-18 08:38:57,266 [ERROR] LogOutputStream:75 - [STDERR_REDIRECT] 
2026-08-18 08:39:27,264 [ERROR] LogOutputStream:75 - [STDERR_REDIRECT] Aug 18, 2026 8:39:27 AM java.util.prefs.FileSystemPreferences checkLockFile0ErrorCode
2026-08-18 08:39:27,265 [ERROR] LogOutputStream:75 - [STDERR_REDIRECT] WARNING: Could not lock System prefs. Unix error code 2.
2026-08-18 08:39:27,265 [ERROR] LogOutputStream:75 - [STDERR_REDIRECT] 
2026-08-18 08:39:27,265 [ERROR] LogOutputStream:75 - [STDERR_REDIRECT] Aug 18, 2026 8:39:27 AM java.util.prefs.FileSystemPreferences syncWorld
2026-08-18 08:39:27,265 [ERROR] LogOutputStream:75 - [STDERR_REDIRECT] WARNING: Couldn't flush system prefs: java.util.prefs.BackingStoreException: Couldn't get file lock.
2026-08-18 08:39:27,266 [ERROR] LogOutputStream:75 - [STDERR_REDIRECT] 
2026-08-18 08:39:57,264 [ERROR] LogOutputStream:75 - [STDERR_REDIRECT] Aug 18, 2026 8:39:57 AM java.util.prefs.FileSystemPreferences checkLockFile0ErrorCode
2026-08-18 08:39:57,264 [ERROR] LogOutputStream:75 - [STDERR_REDIRECT] WARNING: Could not lock System prefs. Unix error code 2.
2026-08-18 08:39:57,265 [ERROR] LogOutputStream:75 - [STDERR_REDIRECT] 
2026-08-18 08:39:57,265 [ERROR] LogOutputStream:75 - [STDERR_REDIRECT] Aug 18, 2026 8:39:57 AM java.util.prefs.FileSystemPreferences syncWorld
2026-08-18 08:39:57,265 [ERROR] LogOutputStream:75 - [STDERR_REDIRECT] WARNING: Couldn't flush system prefs: java.util.prefs.BackingStoreException: Couldn't get file lock.
2026-08-18 08:39:57,265 [ERROR] LogOutputStream:75 - [STDERR_REDIRECT] 
2026-08-18 08:40:27,266 [ERROR] LogOutputStream:75 - [STDERR_REDIRECT] Aug 18, 2026 8:40:27 AM java.util.prefs.FileSystemPreferences checkLockFile0ErrorCode
2026-08-18 08:40:27,266 [ERROR] LogOutputStream:75 - [STDERR_REDIRECT] WARNING: Could not lock System prefs. Unix error code 2.
2026-08-18 08:40:27,267 [ERROR] LogOutputStream:75 - [STDERR_REDIRECT] 
2026-08-18 08:40:27,267 [ERROR] LogOutputStream:75 - [STDERR_REDIRECT] Aug 18, 2026 8:40:27 AM java.util.prefs.FileSystemPreferences syncWorld
2026-08-18 08:40:27,267 [ERROR] LogOutputStream:75 - [STDERR_REDIRECT] WARNING: Couldn't flush system prefs: java.util.prefs.BackingStoreException: Couldn't get file lock.
2026-08-18 08:40:27,267 [ERROR] LogOutputStream:75 - [STDERR_REDIRECT] 
2026-08-18 08:40:57,266 [ERROR] LogOutputStream:75 - [STDERR_REDIRECT] Aug 18, 2026 8:40:57 AM java.util.prefs.FileSystemPreferences checkLockFile0ErrorCode
2026-08-18 08:40:57,266 [ERROR] LogOutputStream:75 - [STDERR_REDIRECT] WARNING: Could not lock System prefs. Unix error code 2.
2026-08-18 08:40:57,267 [ERROR] LogOutputStream:75 - [STDERR_REDIRECT] 
2026-08-18 08:40:57,267 [ERROR] LogOutputStream:75 - [STDERR_REDIRECT] Aug 18, 2026 8:40:57 AM java.util.prefs.FileSystemPreferences syncWorld
2026-08-18 08:40:57,267 [ERROR] LogOutputStream:75 - [STDERR_REDIRECT] WARNING: Couldn't flush system prefs: java.util.prefs.BackingStoreException: Couldn't get file lock.
2026-08-18 08:40:57,268 [ERROR] LogOutputStream:75 - [STDERR_REDIRECT] 
2026-08-18 08:41:27,266 [ERROR] LogOutputStream:75 - [STDERR_REDIRECT] Aug 18, 2026 8:41:27 AM java.util.prefs.FileSystemPreferences checkLockFile0ErrorCode
2026-08-18 08:41:27,267 [ERROR] LogOutputStream:75 - [STDERR_REDIRECT] WARNING: Could not lock System prefs. Unix error code 2.
2026-08-18 08:41:27,267 [ERROR] LogOutputStream:75 - [STDERR_REDIRECT] 
2026-08-18 08:41:27,267 [ERROR] LogOutputStream:75 - [STDERR_REDIRECT] Aug 18, 2026 8:41:27 AM java.util.prefs.FileSystemPreferences syncWorld
2026-08-18 08:41:27,267 [ERROR] LogOutputStream:75 - [STDERR_REDIRECT] WARNING: Couldn't flush system prefs: java.util.prefs.BackingStoreException: Couldn't get file lock.
2026-08-18 08:41:27,267 [ERROR] LogOutputStream:75 - [STDERR_REDIRECT] 
2026-08-18 08:41:57,265 [ERROR] LogOutputStream:75 - [STDERR_REDIRECT] Aug 18, 2026 8:41:57 AM java.util.prefs.FileSystemPreferences checkLockFile0ErrorCode
2026-08-18 08:41:57,266 [ERROR] LogOutputStream:75 - [STDERR_REDIRECT] WARNING: Could not lock System prefs. Unix error code 2.
2026-08-18 08:41:57,266 [ERROR] LogOutputStream:75 - [STDERR_REDIRECT] 
2026-08-18 08:41:57,266 [ERROR] LogOutputStream:75 - [STDERR_REDIRECT] Aug 18, 2026 8:41:57 AM java.util.prefs.FileSystemPreferences syncWorld
2026-08-18 08:41:57,266 [ERROR] LogOutputStream:75 - [STDERR_REDIRECT] WARNING: Couldn't flush system prefs: java.util.prefs.BackingStoreException: Couldn't get file lock.
2026-08-18 08:41:57,267 [ERROR] LogOutputStream:75 - [STDERR_REDIRECT] 
2026-08-18 08:42:27,266 [ERROR] LogOutputStream:75 - [STDERR_REDIRECT] Aug 18, 2026 8:42:27 AM java.util.prefs.FileSystemPreferences checkLockFile0ErrorCode
2026-08-18 08:42:27,266 [ERROR] LogOutputStream:75 - [STDERR_REDIRECT] WARNING: Could not lock System prefs. Unix error code 2.
2026-08-18 08:42:27,266 [ERROR] LogOutputStream:75 - [STDERR_REDIRECT] 
2026-08-18 08:42:27,267 [ERROR] LogOutputStream:75 - [STDERR_REDIRECT] Aug 18, 2026 8:42:27 AM java.util.prefs.FileSystemPreferences syncWorld
2026-08-18 08:42:27,267 [ERROR] LogOutputStream:75 - [STDERR_REDIRECT] WARNING: Couldn't flush system prefs: java.util.prefs.BackingStoreException: Couldn't get file lock.
2026-08-18 08:42:27,267 [ERROR] LogOutputStream:75 - [STDERR_REDIRECT] 
2026-08-18 08:42:57,266 [ERROR] LogOutputStream:75 - [STDERR_REDIRECT] Aug 18, 2026 8:42:57 AM java.util.prefs.FileSystemPreferences checkLockFile0ErrorCode
2026-08-18 08:42:57,266 [ERROR] LogOutputStream:75 - [STDERR_REDIRECT] WARNING: Could not lock System prefs. Unix error code 2.
2026-08-18 08:42:57,267 [ERROR] LogOutputStream:75 - [STDERR_REDIRECT] 
2026-08-18 08:42:57,267 [ERROR] LogOutputStream:75 - [STDERR_REDIRECT] Aug 18, 2026 8:42:57 AM java.util.prefs.FileSystemPreferences syncWorld
2026-08-18 08:42:57,267 [ERROR] LogOutputStream:75 - [STDERR_REDIRECT] WARNING: Couldn't flush system prefs: java.util.prefs.BackingStoreException: Couldn't get file lock.
2026-08-18 08:42:57,267 [ERROR] LogOutputStream:75 - [STDERR_REDIRECT] 
2026-08-18 08:43:27,266 [ERROR] LogOutputStream:75 - [STDERR_REDIRECT] Aug 18, 2026 8:43:27 AM java.util.prefs.FileSystemPreferences checkLockFile0ErrorCode
2026-08-18 08:43:27,266 [ERROR] LogOutputStream:75 - [STDERR_REDIRECT] WARNING: Could not lock System prefs. Unix error code 2.
2026-08-18 08:43:27,266 [ERROR] LogOutputStream:75 - [STDERR_REDIRECT] 
2026-08-18 08:43:27,267 [ERROR] LogOutputStream:75 - [STDERR_REDIRECT] Aug 18, 2026 8:43:27 AM java.util.prefs.FileSystemPreferences syncWorld
2026-08-18 08:43:27,267 [ERROR] LogOutputStream:75 - [STDERR_REDIRECT] WARNING: Couldn't flush system prefs: java.util.prefs.BackingStoreException: Couldn't get file lock.
2026-08-18 08:43:27,267 [ERROR] LogOutputStream:75 - [STDERR_REDIRECT] 
2026-08-18 08:43:57,266 [ERROR] LogOutputStream:75 - [STDERR_REDIRECT] Aug 18, 2026 8:43:57 AM java.util.prefs.FileSystemPreferences checkLockFile0ErrorCode
2026-08-18 08:43:57,266 [ERROR] LogOutputStream:75 - [STDERR_REDIRECT] WARNING: Could not lock System prefs. Unix error code 2.
2026-08-18 08:43:57,267 [ERROR] LogOutputStream:75 - [STDERR_REDIRECT] 
2026-08-18 08:43:57,267 [ERROR] LogOutputStream:75 - [STDERR_REDIRECT] Aug 18, 2026 8:43:57 AM java.util.prefs.FileSystemPreferences syncWorld
2026-08-18 08:43:57,267 [ERROR] LogOutputStream:75 - [STDERR_REDIRECT] WARNING: Couldn't flush system prefs: java.util.prefs.BackingStoreException: Couldn't get file lock.
2026-08-18 08:43:57,267 [ERROR] LogOutputStream:75 - [STDERR_REDIRECT] 
2026-08-18 08:44:27,265 [ERROR] LogOutputStream:75 - [STDERR_REDIRECT] Aug 18, 2026 8:44:27 AM java.util.prefs.FileSystemPreferences checkLockFile0ErrorCode
2026-08-18 08:44:27,265 [ERROR] LogOutputStream:75 - [STDERR_REDIRECT] WARNING: Could not lock System prefs. Unix error code 2.
2026-08-18 08:44:27,265 [ERROR] LogOutputStream:75 - [STDERR_REDIRECT] 
2026-08-18 08:44:27,266 [ERROR] LogOutputStream:75 - [STDERR_REDIRECT] Aug 18, 2026 8:44:27 AM java.util.prefs.FileSystemPreferences syncWorld
2026-08-18 08:44:27,266 [ERROR] LogOutputStream:75 - [STDERR_REDIRECT] WARNING: Couldn't flush system prefs: java.util.prefs.BackingStoreException: Couldn't get file lock.
2026-08-18 08:44:27,266 [ERROR] LogOutputStream:75 - [STDERR_REDIRECT] 
2026-08-18 08:44:57,266 [ERROR] LogOutputStream:75 - [STDERR_REDIRECT] Aug 18, 2026 8:44:57 AM java.util.prefs.FileSystemPreferences checkLockFile0ErrorCode
2026-08-18 08:44:57,266 [ERROR] LogOutputStream:75 - [STDERR_REDIRECT] WARNING: Could not lock System prefs. Unix error code 2.
2026-08-18 08:44:57,266 [ERROR] LogOutputStream:75 - [STDERR_REDIRECT] 
2026-08-18 08:44:57,267 [ERROR] LogOutputStream:75 - [STDERR_REDIRECT] Aug 18, 2026 8:44:57 AM java.util.prefs.FileSystemPreferences syncWorld
2026-08-18 08:44:57,267 [ERROR] LogOutputStream:75 - [STDERR_REDIRECT] WARNING: Couldn't flush system prefs: java.util.prefs.BackingStoreException: Couldn't get file lock.
2026-08-18 08:44:57,267 [ERROR] LogOutputStream:75 - [STDERR_REDIRECT] 
2026-08-18 08:45:27,266 [ERROR] LogOutputStream:75 - [STDERR_REDIRECT] Aug 18, 2026 8:45:27 AM java.util.prefs.FileSystemPreferences checkLockFile0ErrorCode
2026-08-18 08:45:27,266 [ERROR] LogOutputStream:75 - [STDERR_REDIRECT] WARNING: Could not lock System prefs. Unix error code 2.
2026-08-18 08:45:27,267 [ERROR] LogOutputStream:75 - [STDERR_REDIRECT] 
2026-08-18 08:45:27,267 [ERROR] LogOutputStream:75 - [STDERR_REDIRECT] Aug 18, 2026 8:45:27 AM java.util.prefs.FileSystemPreferences syncWorld
2026-08-18 08:45:27,267 [ERROR] LogOutputStream:75 - [STDERR_REDIRECT] WARNING: Couldn't flush system prefs: java.util.prefs.BackingStoreException: Couldn't get file lock.
2026-08-18 08:45:27,267 [ERROR] LogOutputStream:75 - [STDERR_REDIRECT] 
2026-08-18 08:45:57,266 [ERROR] LogOutputStream:75 - [STDERR_REDIRECT] Aug 18, 2026 8:45:57 AM java.util.prefs.FileSystemPreferences checkLockFile0ErrorCode
2026-08-18 08:45:57,266 [ERROR] LogOutputStream:75 - [STDERR_REDIRECT] WARNING: Could not lock System prefs. Unix error code 2.
2026-08-18 08:45:57,266 [ERROR] LogOutputStream:75 - [STDERR_REDIRECT] 
2026-08-18 08:45:57,266 [ERROR] LogOutputStream:75 - [STDERR_REDIRECT] Aug 18, 2026 8:45:57 AM java.util.prefs.FileSystemPreferences syncWorld
2026-08-18 08:45:57,267 [ERROR] LogOutputStream:75 - [STDERR_REDIRECT] WARNING: Couldn't flush system prefs: java.util.prefs.BackingStoreException: Couldn't get file lock.
2026-08-18 08:45:57,267 [ERROR] LogOutputStream:75 - [STDERR_REDIRECT] 
2026-08-18 08:46:27,266 [ERROR] LogOutputStream:75 - [STDERR_REDIRECT] Aug 18, 2026 8:46:27 AM java.util.prefs.FileSystemPreferences checkLockFile0ErrorCode
2026-08-18 08:46:27,266 [ERROR] LogOutputStream:75 - [STDERR_REDIRECT] WARNING: Could not lock System prefs. Unix error code 2.
2026-08-18 08:46:27,266 [ERROR] LogOutputStream:75 - [STDERR_REDIRECT] 
2026-08-18 08:46:27,267 [ERROR] LogOutputStream:75 - [STDERR_REDIRECT] Aug 18, 2026 8:46:27 AM java.util.prefs.FileSystemPreferences syncWorld
2026-08-18 08:46:27,267 [ERROR] LogOutputStream:75 - [STDERR_REDIRECT] WARNING: Couldn't flush system prefs: java.util.prefs.BackingStoreException: Couldn't get file lock.
2026-08-18 08:46:27,267 [ERROR] LogOutputStream:75 - [STDERR_REDIRECT] 
2026-08-18 08:46:57,267 [ERROR] LogOutputStream:75 - [STDERR_REDIRECT] Aug 18, 2026 8:46:57 AM java.util.prefs.FileSystemPreferences checkLockFile0ErrorCode
2026-08-18 08:46:57,267 [ERROR] LogOutputStream:75 - [STDERR_REDIRECT] WARNING: Could not lock System prefs. Unix error code 2.
2026-08-18 08:46:57,267 [ERROR] LogOutputStream:75 - [STDERR_REDIRECT] 
2026-08-18 08:46:57,268 [ERROR] LogOutputStream:75 - [STDERR_REDIRECT] Aug 18, 2026 8:46:57 AM java.util.prefs.FileSystemPreferences syncWorld
2026-08-18 08:46:57,268 [ERROR] LogOutputStream:75 - [STDERR_REDIRECT] WARNING: Couldn't flush system prefs: java.util.prefs.BackingStoreException: Couldn't get file lock.
2026-08-18 08:46:57,268 [ERROR] LogOutputStream:75 - [STDERR_REDIRECT] 
2026-08-18 08:47:27,268 [ERROR] LogOutputStream:75 - [STDERR_REDIRECT] Aug 18, 2026 8:47:27 AM java.util.prefs.FileSystemPreferences checkLockFile0ErrorCode
2026-08-18 08:47:27,268 [ERROR] LogOutputStream:75 - [STDERR_REDIRECT] WARNING: Could not lock System prefs. Unix error code 2.
2026-08-18 08:47:27,269 [ERROR] LogOutputStream:75 - [STDERR_REDIRECT] 
2026-08-18 08:47:27,269 [ERROR] LogOutputStream:75 - [STDERR_REDIRECT] Aug 18, 2026 8:47:27 AM java.util.prefs.FileSystemPreferences syncWorld
2026-08-18 08:47:27,270 [ERROR] LogOutputStream:75 - [STDERR_REDIRECT] WARNING: Couldn't flush system prefs: java.util.prefs.BackingStoreException: Couldn't get file lock.
2026-08-18 08:47:27,270 [ERROR] LogOutputStream:75 - [STDERR_REDIRECT] 
2026-08-18 08:47:57,267 [ERROR] LogOutputStream:75 - [STDERR_REDIRECT] Aug 18, 2026 8:47:57 AM java.util.prefs.FileSystemPreferences checkLockFile0ErrorCode
2026-08-18 08:47:57,268 [ERROR] LogOutputStream:75 - [STDERR_REDIRECT] WARNING: Could not lock System prefs. Unix error code 2.
2026-08-18 08:47:57,268 [ERROR] LogOutputStream:75 - [STDERR_REDIRECT] 
2026-08-18 08:47:57,268 [ERROR] LogOutputStream:75 - [STDERR_REDIRECT] Aug 18, 2026 8:47:57 AM java.util.prefs.FileSystemPreferences syncWorld
2026-08-18 08:47:57,269 [ERROR] LogOutputStream:75 - [STDERR_REDIRECT] WARNING: Couldn't flush system prefs: java.util.prefs.BackingStoreException: Couldn't get file lock.
2026-08-18 08:47:57,269 [ERROR] LogOutputStream:75 - [STDERR_REDIRECT] 
2026-08-18 08:48:27,267 [ERROR] LogOutputStream:75 - [STDERR_REDIRECT] Aug 18, 2026 8:48:27 AM java.util.prefs.FileSystemPreferences checkLockFile0ErrorCode
2026-08-18 08:48:27,268 [ERROR] LogOutputStream:75 - [STDERR_REDIRECT] WARNING: Could not lock System prefs. Unix error code 2.
2026-08-18 08:48:27,268 [ERROR] LogOutputStream:75 - [STDERR_REDIRECT] 
2026-08-18 08:48:27,269 [ERROR] LogOutputStream:75 - [STDERR_REDIRECT] Aug 18, 2026 8:48:27 AM java.util.prefs.FileSystemPreferences syncWorld
2026-08-18 08:48:27,269 [ERROR] LogOutputStream:75 - [STDERR_REDIRECT] WARNING: Couldn't flush system prefs: java.util.prefs.BackingStoreException: Couldn't get file lock.
2026-08-18 08:48:27,269 [ERROR] LogOutputStream:75 - [STDERR_REDIRECT] 
2026-08-18 08:48:57,267 [ERROR] LogOutputStream:75 - [STDERR_REDIRECT] Aug 18, 2026 8:48:57 AM java.util.prefs.FileSystemPreferences checkLockFile0ErrorCode
2026-08-18 08:48:57,267 [ERROR] LogOutputStream:75 - [STDERR_REDIRECT] WARNING: Could not lock System prefs. Unix error code 2.
2026-08-18 08:48:57,268 [ERROR] LogOutputStream:75 - [STDERR_REDIRECT] 
2026-08-18 08:48:57,268 [ERROR] LogOutputStream:75 - [STDERR_REDIRECT] Aug 18, 2026 8:48:57 AM java.util.prefs.FileSystemPreferences syncWorld
2026-08-18 08:48:57,268 [ERROR] LogOutputStream:75 - [STDERR_REDIRECT] WARNING: Couldn't flush system prefs: java.util.prefs.BackingStoreException: Couldn't get file lock.
2026-08-18 08:48:57,268 [ERROR] LogOutputStream:75 - [STDERR_REDIRECT] 
2026-08-18 08:49:27,268 [ERROR] LogOutputStream:75 - [STDERR_REDIRECT] Aug 18, 2026 8:49:27 AM java.util.prefs.FileSystemPreferences checkLockFile0ErrorCode
2026-08-18 08:49:27,268 [ERROR] LogOutputStream:75 - [STDERR_REDIRECT] WARNING: Could not lock System prefs. Unix error code 2.
2026-08-18 08:49:27,268 [ERROR] LogOutputStream:75 - [STDERR_REDIRECT] 
2026-08-18 08:49:27,269 [ERROR] LogOutputStream:75 - [STDERR_REDIRECT] Aug 18, 2026 8:49:27 AM java.util.prefs.FileSystemPreferences syncWorld
2026-08-18 08:49:27,269 [ERROR] LogOutputStream:75 - [STDERR_REDIRECT] WARNING: Couldn't flush system prefs: java.util.prefs.BackingStoreException: Couldn't get file lock.
2026-08-18 08:49:27,269 [ERROR] LogOutputStream:75 - [STDERR_REDIRECT] 
2026-08-18 08:49:57,268 [ERROR] LogOutputStream:75 - [STDERR_REDIRECT] Aug 18, 2026 8:49:57 AM java.util.prefs.FileSystemPreferences checkLockFile0ErrorCode
2026-08-18 08:49:57,268 [ERROR] LogOutputStream:75 - [STDERR_REDIRECT] WARNING: Could not lock System prefs. Unix error code 2.
2026-08-18 08:49:57,269 [ERROR] LogOutputStream:75 - [STDERR_REDIRECT] 
2026-08-18 08:49:57,269 [ERROR] LogOutputStream:75 - [STDERR_REDIRECT] Aug 18, 2026 8:49:57 AM java.util.prefs.FileSystemPreferences syncWorld
2026-08-18 08:49:57,269 [ERROR] LogOutputStream:75 - [STDERR_REDIRECT] WARNING: Couldn't flush system prefs: java.util.prefs.BackingStoreException: Couldn't get file lock.
2026-08-18 08:49:57,270 [ERROR] LogOutputStream:75 - [STDERR_REDIRECT] 
2026-08-18 08:50:27,269 [ERROR] LogOutputStream:75 - [STDERR_REDIRECT] Aug 18, 2026 8:50:27 AM java.util.prefs.FileSystemPreferences checkLockFile0ErrorCode
2026-08-18 08:50:27,269 [ERROR] LogOutputStream:75 - [STDERR_REDIRECT] WARNING: Could not lock System prefs. Unix error code 2.
2026-08-18 08:50:27,269 [ERROR] LogOutputStream:75 - [STDERR_REDIRECT] 
2026-08-18 08:50:27,270 [ERROR] LogOutputStream:75 - [STDERR_REDIRECT] Aug 18, 2026 8:50:27 AM java.util.prefs.FileSystemPreferences syncWorld
2026-08-18 08:50:27,270 [ERROR] LogOutputStream:75 - [STDERR_REDIRECT] WARNING: Couldn't flush system prefs: java.util.prefs.BackingStoreException: Couldn't get file lock.
2026-08-18 08:50:27,270 [ERROR] LogOutputStream:75 - [STDERR_REDIRECT] 
2026-08-18 08:50:57,269 [ERROR] LogOutputStream:75 - [STDERR_REDIRECT] Aug 18, 2026 8:50:57 AM java.util.prefs.FileSystemPreferences checkLockFile0ErrorCode
2026-08-18 08:50:57,269 [ERROR] LogOutputStream:75 - [STDERR_REDIRECT] WARNING: Could not lock System prefs. Unix error code 2.
2026-08-18 08:50:57,269 [ERROR] LogOutputStream:75 - [STDERR_REDIRECT] 
2026-08-18 08:50:57,269 [ERROR] LogOutputStream:75 - [STDERR_REDIRECT] Aug 18, 2026 8:50:57 AM java.util.prefs.FileSystemPreferences syncWorld
2026-08-18 08:50:57,270 [ERROR] LogOutputStream:75 - [STDERR_REDIRECT] WARNING: Couldn't flush system prefs: java.util.prefs.BackingStoreException: Couldn't get file lock.
2026-08-18 08:50:57,270 [ERROR] LogOutputStream:75 - [STDERR_REDIRECT] 
2026-08-18 08:51:27,268 [ERROR] LogOutputStream:75 - [STDERR_REDIRECT] Aug 18, 2026 8:51:27 AM java.util.prefs.FileSystemPreferences checkLockFile0ErrorCode
2026-08-18 08:51:27,268 [ERROR] LogOutputStream:75 - [STDERR_REDIRECT] WARNING: Could not lock System prefs. Unix error code 2.
2026-08-18 08:51:27,268 [ERROR] LogOutputStream:75 - [STDERR_REDIRECT] 
2026-08-18 08:51:27,268 [ERROR] LogOutputStream:75 - [STDERR_REDIRECT] Aug 18, 2026 8:51:27 AM java.util.prefs.FileSystemPreferences syncWorld
2026-08-18 08:51:27,269 [ERROR] LogOutputStream:75 - [STDERR_REDIRECT] WARNING: Couldn't flush system prefs: java.util.prefs.BackingStoreException: Couldn't get file lock.
2026-08-18 08:51:27,269 [ERROR] LogOutputStream:75 - [STDERR_REDIRECT] 
2026-08-18 08:51:57,268 [ERROR] LogOutputStream:75 - [STDERR_REDIRECT] Aug 18, 2026 8:51:57 AM java.util.prefs.FileSystemPreferences checkLockFile0ErrorCode
2026-08-18 08:51:57,268 [ERROR] LogOutputStream:75 - [STDERR_REDIRECT] WARNING: Could not lock System prefs. Unix error code 2.
2026-08-18 08:51:57,269 [ERROR] LogOutputStream:75 - [STDERR_REDIRECT] 
2026-08-18 08:51:57,269 [ERROR] LogOutputStream:75 - [STDERR_REDIRECT] Aug 18, 2026 8:51:57 AM java.util.prefs.FileSystemPreferences syncWorld
2026-08-18 08:51:57,269 [ERROR] LogOutputStream:75 - [STDERR_REDIRECT] WARNING: Couldn't flush system prefs: java.util.prefs.BackingStoreException: Couldn't get file lock.
2026-08-18 08:51:57,269 [ERROR] LogOutputStream:75 - [STDERR_REDIRECT] 
2026-08-18 08:52:27,269 [ERROR] LogOutputStream:75 - [STDERR_REDIRECT] Aug 18, 2026 8:52:27 AM java.util.prefs.FileSystemPreferences checkLockFile0ErrorCode
2026-08-18 08:52:27,270 [ERROR] LogOutputStream:75 - [STDERR_REDIRECT] WARNING: Could not lock System prefs. Unix error code 2.
2026-08-18 08:52:27,270 [ERROR] LogOutputStream:75 - [STDERR_REDIRECT] 
2026-08-18 08:52:27,270 [ERROR] LogOutputStream:75 - [STDERR_REDIRECT] Aug 18, 2026 8:52:27 AM java.util.prefs.FileSystemPreferences syncWorld
2026-08-18 08:52:27,271 [ERROR] LogOutputStream:75 - [STDERR_REDIRECT] WARNING: Couldn't flush system prefs: java.util.prefs.BackingStoreException: Couldn't get file lock.
2026-08-18 08:52:27,271 [ERROR] LogOutputStream:75 - [STDERR_REDIRECT] 
2026-08-18 08:52:57,268 [ERROR] LogOutputStream:75 - [STDERR_REDIRECT] Aug 18, 2026 8:52:57 AM java.util.prefs.FileSystemPreferences checkLockFile0ErrorCode
2026-08-18 08:52:57,268 [ERROR] LogOutputStream:75 - [STDERR_REDIRECT] WARNING: Could not lock System prefs. Unix error code 2.
2026-08-18 08:52:57,269 [ERROR] LogOutputStream:75 - [STDERR_REDIRECT] 
2026-08-18 08:52:57,269 [ERROR] LogOutputStream:75 - [STDERR_REDIRECT] Aug 18, 2026 8:52:57 AM java.util.prefs.FileSystemPreferences syncWorld
2026-08-18 08:52:57,269 [ERROR] LogOutputStream:75 - [STDERR_REDIRECT] WARNING: Couldn't flush system prefs: java.util.prefs.BackingStoreException: Couldn't get file lock.
2026-08-18 08:52:57,270 [ERROR] LogOutputStream:75 - [STDERR_REDIRECT] 
2026-08-18 08:53:27,269 [ERROR] LogOutputStream:75 - [STDERR_REDIRECT] Aug 18, 2026 8:53:27 AM java.util.prefs.FileSystemPreferences checkLockFile0ErrorCode
2026-08-18 08:53:27,270 [ERROR] LogOutputStream:75 - [STDERR_REDIRECT] WARNING: Could not lock System prefs. Unix error code 2.
2026-08-18 08:53:27,270 [ERROR] LogOutputStream:75 - [STDERR_REDIRECT] 
2026-08-18 08:53:27,270 [ERROR] LogOutputStream:75 - [STDERR_REDIRECT] Aug 18, 2026 8:53:27 AM java.util.prefs.FileSystemPreferences syncWorld
2026-08-18 08:53:27,270 [ERROR] LogOutputStream:75 - [STDERR_REDIRECT] WARNING: Couldn't flush system prefs: java.util.prefs.BackingStoreException: Couldn't get file lock.
2026-08-18 08:53:27,271 [ERROR] LogOutputStream:75 - [STDERR_REDIRECT] 
2026-08-18 08:53:57,269 [ERROR] LogOutputStream:75 - [STDERR_REDIRECT] Aug 18, 2026 8:53:57 AM java.util.prefs.FileSystemPreferences checkLockFile0ErrorCode
2026-08-18 08:53:57,269 [ERROR] LogOutputStream:75 - [STDERR_REDIRECT] WARNING: Could not lock System prefs. Unix error code 2.
2026-08-18 08:53:57,270 [ERROR] LogOutputStream:75 - [STDERR_REDIRECT] 
2026-08-18 08:53:57,270 [ERROR] LogOutputStream:75 - [STDERR_REDIRECT] Aug 18, 2026 8:53:57 AM java.util.prefs.FileSystemPreferences syncWorld
2026-08-18 08:53:57,271 [ERROR] LogOutputStream:75 - [STDERR_REDIRECT] WARNING: Couldn't flush system prefs: java.util.prefs.BackingStoreException: Couldn't get file lock.
2026-08-18 08:53:57,271 [ERROR] LogOutputStream:75 - [STDERR_REDIRECT] 
2026-08-18 08:54:27,268 [ERROR] LogOutputStream:75 - [STDERR_REDIRECT] Aug 18, 2026 8:54:27 AM java.util.prefs.FileSystemPreferences checkLockFile0ErrorCode
2026-08-18 08:54:27,269 [ERROR] LogOutputStream:75 - [STDERR_REDIRECT] WARNING: Could not lock System prefs. Unix error code 2.
2026-08-18 08:54:27,269 [ERROR] LogOutputStream:75 - [STDERR_REDIRECT] 
2026-08-18 08:54:27,270 [ERROR] LogOutputStream:75 - [STDERR_REDIRECT] Aug 18, 2026 8:54:27 AM java.util.prefs.FileSystemPreferences syncWorld
2026-08-18 08:54:27,270 [ERROR] LogOutputStream:75 - [STDERR_REDIRECT] WARNING: Couldn't flush system prefs: java.util.prefs.BackingStoreException: Couldn't get file lock.
2026-08-18 08:54:27,270 [ERROR] LogOutputStream:75 - [STDERR_REDIRECT] 
2026-08-18 08:54:57,269 [ERROR] LogOutputStream:75 - [STDERR_REDIRECT] Aug 18, 2026 8:54:57 AM java.util.prefs.FileSystemPreferences checkLockFile0ErrorCode
2026-08-18 08:54:57,269 [ERROR] LogOutputStream:75 - [STDERR_REDIRECT] WARNING: Could not lock System prefs. Unix error code 2.
2026-08-18 08:54:57,269 [ERROR] LogOutputStream:75 - [STDERR_REDIRECT] 
2026-08-18 08:54:57,269 [ERROR] LogOutputStream:75 - [STDERR_REDIRECT] Aug 18, 2026 8:54:57 AM java.util.prefs.FileSystemPreferences syncWorld
2026-08-18 08:54:57,270 [ERROR] LogOutputStream:75 - [STDERR_REDIRECT] WARNING: Couldn't flush system prefs: java.util.prefs.BackingStoreException: Couldn't get file lock.
2026-08-18 08:54:57,270 [ERROR] LogOutputStream:75 - [STDERR_REDIRECT] 
2026-08-18 08:55:27,269 [ERROR] LogOutputStream:75 - [STDERR_REDIRECT] Aug 18, 2026 8:55:27 AM java.util.prefs.FileSystemPreferences checkLockFile0ErrorCode
2026-08-18 08:55:27,269 [ERROR] LogOutputStream:75 - [STDERR_REDIRECT] WARNING: Could not lock System prefs. Unix error code 2.
2026-08-18 08:55:27,269 [ERROR] LogOutputStream:75 - [STDERR_REDIRECT] 
2026-08-18 08:55:27,270 [ERROR] LogOutputStream:75 - [STDERR_REDIRECT] Aug 18, 2026 8:55:27 AM java.util.prefs.FileSystemPreferences syncWorld
2026-08-18 08:55:27,270 [ERROR] LogOutputStream:75 - [STDERR_REDIRECT] WARNING: Couldn't flush system prefs: java.util.prefs.BackingStoreException: Couldn't get file lock.
2026-08-18 08:55:27,270 [ERROR] LogOutputStream:75 - [STDERR_REDIRECT] 
2026-08-18 08:55:57,269 [ERROR] LogOutputStream:75 - [STDERR_REDIRECT] Aug 18, 2026 8:55:57 AM java.util.prefs.FileSystemPreferences checkLockFile0ErrorCode
2026-08-18 08:55:57,269 [ERROR] LogOutputStream:75 - [STDERR_REDIRECT] WARNING: Could not lock System prefs. Unix error code 2.
2026-08-18 08:55:57,269 [ERROR] LogOutputStream:75 - [STDERR_REDIRECT] 
2026-08-18 08:55:57,269 [ERROR] LogOutputStream:75 - [STDERR_REDIRECT] Aug 18, 2026 8:55:57 AM java.util.prefs.FileSystemPreferences syncWorld
2026-08-18 08:55:57,270 [ERROR] LogOutputStream:75 - [STDERR_REDIRECT] WARNING: Couldn't flush system prefs: java.util.prefs.BackingStoreException: Couldn't get file lock.
2026-08-18 08:55:57,270 [ERROR] LogOutputStream:75 - [STDERR_REDIRECT] 
2026-08-18 08:56:27,269 [ERROR] LogOutputStream:75 - [STDERR_REDIRECT] Aug 18, 2026 8:56:27 AM java.util.prefs.FileSystemPreferences checkLockFile0ErrorCode
2026-08-18 08:56:27,269 [ERROR] LogOutputStream:75 - [STDERR_REDIRECT] WARNING: Could not lock System prefs. Unix error code 2.
2026-08-18 08:56:27,269 [ERROR] LogOutputStream:75 - [STDERR_REDIRECT] 
2026-08-18 08:56:27,270 [ERROR] LogOutputStream:75 - [STDERR_REDIRECT] Aug 18, 2026 8:56:27 AM java.util.prefs.FileSystemPreferences syncWorld
2026-08-18 08:56:27,270 [ERROR] LogOutputStream:75 - [STDERR_REDIRECT] WARNING: Couldn't flush system prefs: java.util.prefs.BackingStoreException: Couldn't get file lock.
2026-08-18 08:56:27,270 [ERROR] LogOutputStream:75 - [STDERR_REDIRECT] 
2026-08-18 08:56:57,268 [ERROR] LogOutputStream:75 - [STDERR_REDIRECT] Aug 18, 2026 8:56:57 AM java.util.prefs.FileSystemPreferences checkLockFile0ErrorCode
2026-08-18 08:56:57,269 [ERROR] LogOutputStream:75 - [STDERR_REDIRECT] WARNING: Could not lock System prefs. Unix error code 2.
2026-08-18 08:56:57,269 [ERROR] LogOutputStream:75 - [STDERR_REDIRECT] 
2026-08-18 08:56:57,269 [ERROR] LogOutputStream:75 - [STDERR_REDIRECT] Aug 18, 2026 8:56:57 AM java.util.prefs.FileSystemPreferences syncWorld
2026-08-18 08:56:57,269 [ERROR] LogOutputStream:75 - [STDERR_REDIRECT] WARNING: Couldn't flush system prefs: java.util.prefs.BackingStoreException: Couldn't get file lock.
2026-08-18 08:56:57,269 [ERROR] LogOutputStream:75 - [STDERR_REDIRECT] 
2026-08-18 08:57:27,268 [ERROR] LogOutputStream:75 - [STDERR_REDIRECT] Aug 18, 2026 8:57:27 AM java.util.prefs.FileSystemPreferences checkLockFile0ErrorCode
2026-08-18 08:57:27,268 [ERROR] LogOutputStream:75 - [STDERR_REDIRECT] WARNING: Could not lock System prefs. Unix error code 2.
2026-08-18 08:57:27,268 [ERROR] LogOutputStream:75 - [STDERR_REDIRECT] 
2026-08-18 08:57:27,269 [ERROR] LogOutputStream:75 - [STDERR_REDIRECT] Aug 18, 2026 8:57:27 AM java.util.prefs.FileSystemPreferences syncWorld
2026-08-18 08:57:27,269 [ERROR] LogOutputStream:75 - [STDERR_REDIRECT] WARNING: Couldn't flush system prefs: java.util.prefs.BackingStoreException: Couldn't get file lock.
2026-08-18 08:57:27,269 [ERROR] LogOutputStream:75 - [STDERR_REDIRECT] 
2026-08-18 08:57:57,269 [ERROR] LogOutputStream:75 - [STDERR_REDIRECT] Aug 18, 2026 8:57:57 AM java.util.prefs.FileSystemPreferences checkLockFile0ErrorCode
2026-08-18 08:57:57,270 [ERROR] LogOutputStream:75 - [STDERR_REDIRECT] WARNING: Could not lock System prefs. Unix error code 2.
2026-08-18 08:57:57,270 [ERROR] LogOutputStream:75 - [STDERR_REDIRECT] 
2026-08-18 08:57:57,271 [ERROR] LogOutputStream:75 - [STDERR_REDIRECT] Aug 18, 2026 8:57:57 AM java.util.prefs.FileSystemPreferences syncWorld
2026-08-18 08:57:57,271 [ERROR] LogOutputStream:75 - [STDERR_REDIRECT] WARNING: Couldn't flush system prefs: java.util.prefs.BackingStoreException: Couldn't get file lock.
2026-08-18 08:57:57,271 [ERROR] LogOutputStream:75 - [STDERR_REDIRECT] 
2026-08-18 08:58:27,269 [ERROR] LogOutputStream:75 - [STDERR_REDIRECT] Aug 18, 2026 8:58:27 AM java.util.prefs.FileSystemPreferences checkLockFile0ErrorCode
2026-08-18 08:58:27,269 [ERROR] LogOutputStream:75 - [STDERR_REDIRECT] WARNING: Could not lock System prefs. Unix error code 2.
2026-08-18 08:58:27,269 [ERROR] LogOutputStream:75 - [STDERR_REDIRECT] 
2026-08-18 08:58:27,270 [ERROR] LogOutputStream:75 - [STDERR_REDIRECT] Aug 18, 2026 8:58:27 AM java.util.prefs.FileSystemPreferences syncWorld
2026-08-18 08:58:27,270 [ERROR] LogOutputStream:75 - [STDERR_REDIRECT] WARNING: Couldn't flush system prefs: java.util.prefs.BackingStoreException: Couldn't get file lock.
2026-08-18 08:58:27,270 [ERROR] LogOutputStream:75 - [STDERR_REDIRECT] 
2026-08-18 08:58:57,268 [ERROR] LogOutputStream:75 - [STDERR_REDIRECT] Aug 18, 2026 8:58:57 AM java.util.prefs.FileSystemPreferences checkLockFile0ErrorCode
2026-08-18 08:58:57,269 [ERROR] LogOutputStream:75 - [STDERR_REDIRECT] WARNING: Could not lock System prefs. Unix error code 2.
2026-08-18 08:58:57,269 [ERROR] LogOutputStream:75 - [STDERR_REDIRECT] 
2026-08-18 08:58:57,269 [ERROR] LogOutputStream:75 - [STDERR_REDIRECT] Aug 18, 2026 8:58:57 AM java.util.prefs.FileSystemPreferences syncWorld
2026-08-18 08:58:57,269 [ERROR] LogOutputStream:75 - [STDERR_REDIRECT] WARNING: Couldn't flush system prefs: java.util.prefs.BackingStoreException: Couldn't get file lock.
2026-08-18 08:58:57,270 [ERROR] LogOutputStream:75 - [STDERR_REDIRECT] 
2026-08-18 08:59:27,269 [ERROR] LogOutputStream:75 - [STDERR_REDIRECT] Aug 18, 2026 8:59:27 AM java.util.prefs.FileSystemPreferences checkLockFile0ErrorCode
2026-08-18 08:59:27,269 [ERROR] LogOutputStream:75 - [STDERR_REDIRECT] WARNING: Could not lock System prefs. Unix error code 2.
2026-08-18 08:59:27,270 [ERROR] LogOutputStream:75 - [STDERR_REDIRECT] 
2026-08-18 08:59:27,270 [ERROR] LogOutputStream:75 - [STDERR_REDIRECT] Aug 18, 2026 8:59:27 AM java.util.prefs.FileSystemPreferences syncWorld
2026-08-18 08:59:27,270 [ERROR] LogOutputStream:75 - [STDERR_REDIRECT] WARNING: Couldn't flush system prefs: java.util.prefs.BackingStoreException: Couldn't get file lock.
2026-08-18 08:59:27,270 [ERROR] LogOutputStream:75 - [STDERR_REDIRECT] 
2026-08-18 08:59:57,269 [ERROR] LogOutputStream:75 - [STDERR_REDIRECT] Aug 18, 2026 8:59:57 AM java.util.prefs.FileSystemPreferences checkLockFile0ErrorCode
2026-08-18 08:59:57,269 [ERROR] LogOutputStream:75 - [STDERR_REDIRECT] WARNING: Could not lock System prefs. Unix error code 2.
2026-08-18 08:59:57,269 [ERROR] LogOutputStream:75 - [STDERR_REDIRECT] 
2026-08-18 08:59:57,270 [ERROR] LogOutputStream:75 - [STDERR_REDIRECT] Aug 18, 2026 8:59:57 AM java.util.prefs.FileSystemPreferences syncWorld
2026-08-18 08:59:57,270 [ERROR] LogOutputStream:75 - [STDERR_REDIRECT] WARNING: Couldn't flush system prefs: java.util.prefs.BackingStoreException: Couldn't get file lock.
2026-08-18 08:59:57,270 [ERROR] LogOutputStream:75 - [STDERR_REDIRECT] 
2026-08-18 09:00:27,269 [ERROR] LogOutputStream:75 - [STDERR_REDIRECT] Aug 18, 2026 9:00:27 AM java.util.prefs.FileSystemPreferences checkLockFile0ErrorCode
2026-08-18 09:00:27,270 [ERROR] LogOutputStream:75 - [STDERR_REDIRECT] WARNING: Could not lock System prefs. Unix error code 2.
2026-08-18 09:00:27,270 [ERROR] LogOutputStream:75 - [STDERR_REDIRECT] 
2026-08-18 09:00:27,270 [ERROR] LogOutputStream:75 - [STDERR_REDIRECT] Aug 18, 2026 9:00:27 AM java.util.prefs.FileSystemPreferences syncWorld
2026-08-18 09:00:27,270 [ERROR] LogOutputStream:75 - [STDERR_REDIRECT] WARNING: Couldn't flush system prefs: java.util.prefs.BackingStoreException: Couldn't get file lock.
2026-08-18 09:00:27,271 [ERROR] LogOutputStream:75 - [STDERR_REDIRECT] 
2026-08-18 09:00:57,269 [ERROR] LogOutputStream:75 - [STDERR_REDIRECT] Aug 18, 2026 9:00:57 AM java.util.prefs.FileSystemPreferences checkLockFile0ErrorCode
2026-08-18 09:00:57,269 [ERROR] LogOutputStream:75 - [STDERR_REDIRECT] WARNING: Could not lock System prefs. Unix error code 2.
2026-08-18 09:00:57,270 [ERROR] LogOutputStream:75 - [STDERR_REDIRECT] 
2026-08-18 09:00:57,270 [ERROR] LogOutputStream:75 - [STDERR_REDIRECT] Aug 18, 2026 9:00:57 AM java.util.prefs.FileSystemPreferences syncWorld
2026-08-18 09:00:57,270 [ERROR] LogOutputStream:75 - [STDERR_REDIRECT] WARNING: Couldn't flush system prefs: java.util.prefs.BackingStoreException: Couldn't get file lock.
2026-08-18 09:00:57,270 [ERROR] LogOutputStream:75 - [STDERR_REDIRECT] 
2026-08-18 09:01:27,271 [ERROR] LogOutputStream:75 - [STDERR_REDIRECT] Aug 18, 2026 9:01:27 AM java.util.prefs.FileSystemPreferences checkLockFile0ErrorCode
2026-08-18 09:01:27,271 [ERROR] LogOutputStream:75 - [STDERR_REDIRECT] WARNING: Could not lock System prefs. Unix error code 2.
2026-08-18 09:01:27,271 [ERROR] LogOutputStream:75 - [STDERR_REDIRECT] 
2026-08-18 09:01:27,272 [ERROR] LogOutputStream:75 - [STDERR_REDIRECT] Aug 18, 2026 9:01:27 AM java.util.prefs.FileSystemPreferences syncWorld
2026-08-18 09:01:27,272 [ERROR] LogOutputStream:75 - [STDERR_REDIRECT] WARNING: Couldn't flush system prefs: java.util.prefs.BackingStoreException: Couldn't get file lock.
2026-08-18 09:01:27,272 [ERROR] LogOutputStream:75 - [STDERR_REDIRECT] 
2026-08-18 09:01:57,270 [ERROR] LogOutputStream:75 - [STDERR_REDIRECT] Aug 18, 2026 9:01:57 AM java.util.prefs.FileSystemPreferences checkLockFile0ErrorCode
2026-08-18 09:01:57,270 [ERROR] LogOutputStream:75 - [STDERR_REDIRECT] WARNING: Could not lock System prefs. Unix error code 2.
2026-08-18 09:01:57,270 [ERROR] LogOutputStream:75 - [STDERR_REDIRECT] 
2026-08-18 09:01:57,271 [ERROR] LogOutputStream:75 - [STDERR_REDIRECT] Aug 18, 2026 9:01:57 AM java.util.prefs.FileSystemPreferences syncWorld
2026-08-18 09:01:57,271 [ERROR] LogOutputStream:75 - [STDERR_REDIRECT] WARNING: Couldn't flush system prefs: java.util.prefs.BackingStoreException: Couldn't get file lock.
2026-08-18 09:01:57,271 [ERROR] LogOutputStream:75 - [STDERR_REDIRECT] 
2026-08-18 09:02:27,270 [ERROR] LogOutputStream:75 - [STDERR_REDIRECT] Aug 18, 2026 9:02:27 AM java.util.prefs.FileSystemPreferences checkLockFile0ErrorCode
2026-08-18 09:02:27,271 [ERROR] LogOutputStream:75 - [STDERR_REDIRECT] WARNING: Could not lock System prefs. Unix error code 2.
2026-08-18 09:02:27,271 [ERROR] LogOutputStream:75 - [STDERR_REDIRECT] 
2026-08-18 09:02:27,271 [ERROR] LogOutputStream:75 - [STDERR_REDIRECT] Aug 18, 2026 9:02:27 AM java.util.prefs.FileSystemPreferences syncWorld
2026-08-18 09:02:27,272 [ERROR] LogOutputStream:75 - [STDERR_REDIRECT] WARNING: Couldn't flush system prefs: java.util.prefs.BackingStoreException: Couldn't get file lock.
2026-08-18 09:02:27,272 [ERROR] LogOutputStream:75 - [STDERR_REDIRECT] 
2026-08-18 09:02:57,271 [ERROR] LogOutputStream:75 - [STDERR_REDIRECT] Aug 18, 2026 9:02:57 AM java.util.prefs.FileSystemPreferences checkLockFile0ErrorCode
2026-08-18 09:02:57,271 [ERROR] LogOutputStream:75 - [STDERR_REDIRECT] WARNING: Could not lock System prefs. Unix error code 2.
2026-08-18 09:02:57,271 [ERROR] LogOutputStream:75 - [STDERR_REDIRECT] 
2026-08-18 09:02:57,271 [ERROR] LogOutputStream:75 - [STDERR_REDIRECT] Aug 18, 2026 9:02:57 AM java.util.prefs.FileSystemPreferences syncWorld
2026-08-18 09:02:57,272 [ERROR] LogOutputStream:75 - [STDERR_REDIRECT] WARNING: Couldn't flush system prefs: java.util.prefs.BackingStoreException: Couldn't get file lock.
2026-08-18 09:02:57,272 [ERROR] LogOutputStream:75 - [STDERR_REDIRECT] 
2026-08-18 09:03:27,271 [ERROR] LogOutputStream:75 - [STDERR_REDIRECT] Aug 18, 2026 9:03:27 AM java.util.prefs.FileSystemPreferences checkLockFile0ErrorCode
2026-08-18 09:03:27,271 [ERROR] LogOutputStream:75 - [STDERR_REDIRECT] WARNING: Could not lock System prefs. Unix error code 2.
2026-08-18 09:03:27,272 [ERROR] LogOutputStream:75 - [STDERR_REDIRECT] 
2026-08-18 09:03:27,272 [ERROR] LogOutputStream:75 - [STDERR_REDIRECT] Aug 18, 2026 9:03:27 AM java.util.prefs.FileSystemPreferences syncWorld
2026-08-18 09:03:27,272 [ERROR] LogOutputStream:75 - [STDERR_REDIRECT] WARNING: Couldn't flush system prefs: java.util.prefs.BackingStoreException: Couldn't get file lock.
2026-08-18 09:03:27,272 [ERROR] LogOutputStream:75 - [STDERR_REDIRECT] 
2026-08-18 09:03:57,271 [ERROR] LogOutputStream:75 - [STDERR_REDIRECT] Aug 18, 2026 9:03:57 AM java.util.prefs.FileSystemPreferences checkLockFile0ErrorCode
2026-08-18 09:03:57,271 [ERROR] LogOutputStream:75 - [STDERR_REDIRECT] WARNING: Could not lock System prefs. Unix error code 2.
2026-08-18 09:03:57,271 [ERROR] LogOutputStream:75 - [STDERR_REDIRECT] 
2026-08-18 09:03:57,271 [ERROR] LogOutputStream:75 - [STDERR_REDIRECT] Aug 18, 2026 9:03:57 AM java.util.prefs.FileSystemPreferences syncWorld
2026-08-18 09:03:57,272 [ERROR] LogOutputStream:75 - [STDERR_REDIRECT] WARNING: Couldn't flush system prefs: java.util.prefs.BackingStoreException: Couldn't get file lock.
2026-08-18 09:03:57,272 [ERROR] LogOutputStream:75 - [STDERR_REDIRECT] 
2026-08-18 09:04:27,270 [ERROR] LogOutputStream:75 - [STDERR_REDIRECT] Aug 18, 2026 9:04:27 AM java.util.prefs.FileSystemPreferences checkLockFile0ErrorCode
2026-08-18 09:04:27,270 [ERROR] LogOutputStream:75 - [STDERR_REDIRECT] WARNING: Could not lock System prefs. Unix error code 2.
2026-08-18 09:04:27,270 [ERROR] LogOutputStream:75 - [STDERR_REDIRECT] 
2026-08-18 09:04:27,271 [ERROR] LogOutputStream:75 - [STDERR_REDIRECT] Aug 18, 2026 9:04:27 AM java.util.prefs.FileSystemPreferences syncWorld
2026-08-18 09:04:27,271 [ERROR] LogOutputStream:75 - [STDERR_REDIRECT] WARNING: Couldn't flush system prefs: java.util.prefs.BackingStoreException: Couldn't get file lock.
2026-08-18 09:04:27,271 [ERROR] LogOutputStream:75 - [STDERR_REDIRECT] 
2026-08-18 09:04:57,271 [ERROR] LogOutputStream:75 - [STDERR_REDIRECT] Aug 18, 2026 9:04:57 AM java.util.prefs.FileSystemPreferences checkLockFile0ErrorCode
2026-08-18 09:04:57,272 [ERROR] LogOutputStream:75 - [STDERR_REDIRECT] WARNING: Could not lock System prefs. Unix error code 2.
2026-08-18 09:04:57,272 [ERROR] LogOutputStream:75 - [STDERR_REDIRECT] 
2026-08-18 09:04:57,273 [ERROR] LogOutputStream:75 - [STDERR_REDIRECT] Aug 18, 2026 9:04:57 AM java.util.prefs.FileSystemPreferences syncWorld
2026-08-18 09:04:57,273 [ERROR] LogOutputStream:75 - [STDERR_REDIRECT] WARNING: Couldn't flush system prefs: java.util.prefs.BackingStoreException: Couldn't get file lock.
2026-08-18 09:04:57,273 [ERROR] LogOutputStream:75 - [STDERR_REDIRECT] 
2026-08-18 09:05:27,271 [ERROR] LogOutputStream:75 - [STDERR_REDIRECT] Aug 18, 2026 9:05:27 AM java.util.prefs.FileSystemPreferences checkLockFile0ErrorCode
2026-08-18 09:05:27,271 [ERROR] LogOutputStream:75 - [STDERR_REDIRECT] WARNING: Could not lock System prefs. Unix error code 2.
2026-08-18 09:05:27,271 [ERROR] LogOutputStream:75 - [STDERR_REDIRECT] 
2026-08-18 09:05:27,272 [ERROR] LogOutputStream:75 - [STDERR_REDIRECT] Aug 18, 2026 9:05:27 AM java.util.prefs.FileSystemPreferences syncWorld
2026-08-18 09:05:27,272 [ERROR] LogOutputStream:75 - [STDERR_REDIRECT] WARNING: Couldn't flush system prefs: java.util.prefs.BackingStoreException: Couldn't get file lock.
2026-08-18 09:05:27,272 [ERROR] LogOutputStream:75 - [STDERR_REDIRECT] 
2026-08-18 09:05:57,271 [ERROR] LogOutputStream:75 - [STDERR_REDIRECT] Aug 18, 2026 9:05:57 AM java.util.prefs.FileSystemPreferences checkLockFile0ErrorCode
2026-08-18 09:05:57,271 [ERROR] LogOutputStream:75 - [STDERR_REDIRECT] WARNING: Could not lock System prefs. Unix error code 2.
2026-08-18 09:05:57,271 [ERROR] LogOutputStream:75 - [STDERR_REDIRECT] 
2026-08-18 09:05:57,272 [ERROR] LogOutputStream:75 - [STDERR_REDIRECT] Aug 18, 2026 9:05:57 AM java.util.prefs.FileSystemPreferences syncWorld
2026-08-18 09:05:57,272 [ERROR] LogOutputStream:75 - [STDERR_REDIRECT] WARNING: Couldn't flush system prefs: java.util.prefs.BackingStoreException: Couldn't get file lock.
2026-08-18 09:05:57,272 [ERROR] LogOutputStream:75 - [STDERR_REDIRECT] 
2026-08-18 09:06:27,270 [ERROR] LogOutputStream:75 - [STDERR_REDIRECT] Aug 18, 2026 9:06:27 AM java.util.prefs.FileSystemPreferences checkLockFile0ErrorCode
2026-08-18 09:06:27,270 [ERROR] LogOutputStream:75 - [STDERR_REDIRECT] WARNING: Could not lock System prefs. Unix error code 2.
2026-08-18 09:06:27,270 [ERROR] LogOutputStream:75 - [STDERR_REDIRECT] 
2026-08-18 09:06:27,270 [ERROR] LogOutputStream:75 - [STDERR_REDIRECT] Aug 18, 2026 9:06:27 AM java.util.prefs.FileSystemPreferences syncWorld
2026-08-18 09:06:27,271 [ERROR] LogOutputStream:75 - [STDERR_REDIRECT] WARNING: Couldn't flush system prefs: java.util.prefs.BackingStoreException: Couldn't get file lock.
2026-08-18 09:06:27,271 [ERROR] LogOutputStream:75 - [STDERR_REDIRECT] 
2026-08-18 09:06:57,270 [ERROR] LogOutputStream:75 - [STDERR_REDIRECT] Aug 18, 2026 9:06:57 AM java.util.prefs.FileSystemPreferences checkLockFile0ErrorCode
2026-08-18 09:06:57,270 [ERROR] LogOutputStream:75 - [STDERR_REDIRECT] WARNING: Could not lock System prefs. Unix error code 2.
2026-08-18 09:06:57,271 [ERROR] LogOutputStream:75 - [STDERR_REDIRECT] 
2026-08-18 09:06:57,271 [ERROR] LogOutputStream:75 - [STDERR_REDIRECT] Aug 18, 2026 9:06:57 AM java.util.prefs.FileSystemPreferences syncWorld
2026-08-18 09:06:57,271 [ERROR] LogOutputStream:75 - [STDERR_REDIRECT] WARNING: Couldn't flush system prefs: java.util.prefs.BackingStoreException: Couldn't get file lock.
2026-08-18 09:06:57,272 [ERROR] LogOutputStream:75 - [STDERR_REDIRECT] 
2026-08-18 09:07:27,270 [ERROR] LogOutputStream:75 - [STDERR_REDIRECT] Aug 18, 2026 9:07:27 AM java.util.prefs.FileSystemPreferences checkLockFile0ErrorCode
2026-08-18 09:07:27,270 [ERROR] LogOutputStream:75 - [STDERR_REDIRECT] WARNING: Could not lock System prefs. Unix error code 2.
2026-08-18 09:07:27,270 [ERROR] LogOutputStream:75 - [STDERR_REDIRECT] 
2026-08-18 09:07:27,270 [ERROR] LogOutputStream:75 - [STDERR_REDIRECT] Aug 18, 2026 9:07:27 AM java.util.prefs.FileSystemPreferences syncWorld
2026-08-18 09:07:27,270 [ERROR] LogOutputStream:75 - [STDERR_REDIRECT] WARNING: Couldn't flush system prefs: java.util.prefs.BackingStoreException: Couldn't get file lock.
2026-08-18 09:07:27,271 [ERROR] LogOutputStream:75 - [STDERR_REDIRECT] 
2026-08-18 09:07:57,269 [ERROR] LogOutputStream:75 - [STDERR_REDIRECT] Aug 18, 2026 9:07:57 AM java.util.prefs.FileSystemPreferences checkLockFile0ErrorCode
2026-08-18 09:07:57,270 [ERROR] LogOutputStream:75 - [STDERR_REDIRECT] WARNING: Could not lock System prefs. Unix error code 2.
2026-08-18 09:07:57,270 [ERROR] LogOutputStream:75 - [STDERR_REDIRECT] 
2026-08-18 09:07:57,270 [ERROR] LogOutputStream:75 - [STDERR_REDIRECT] Aug 18, 2026 9:07:57 AM java.util.prefs.FileSystemPreferences syncWorld
2026-08-18 09:07:57,270 [ERROR] LogOutputStream:75 - [STDERR_REDIRECT] WARNING: Couldn't flush system prefs: java.util.prefs.BackingStoreException: Couldn't get file lock.
2026-08-18 09:07:57,271 [ERROR] LogOutputStream:75 - [STDERR_REDIRECT] 
2026-08-18 09:08:27,270 [ERROR] LogOutputStream:75 - [STDERR_REDIRECT] Aug 18, 2026 9:08:27 AM java.util.prefs.FileSystemPreferences checkLockFile0ErrorCode
2026-08-18 09:08:27,270 [ERROR] LogOutputStream:75 - [STDERR_REDIRECT] WARNING: Could not lock System prefs. Unix error code 2.
2026-08-18 09:08:27,270 [ERROR] LogOutputStream:75 - [STDERR_REDIRECT] 
2026-08-18 09:08:27,271 [ERROR] LogOutputStream:75 - [STDERR_REDIRECT] Aug 18, 2026 9:08:27 AM java.util.prefs.FileSystemPreferences syncWorld
2026-08-18 09:08:27,271 [ERROR] LogOutputStream:75 - [STDERR_REDIRECT] WARNING: Couldn't flush system prefs: java.util.prefs.BackingStoreException: Couldn't get file lock.
2026-08-18 09:08:27,272 [ERROR] LogOutputStream:75 - [STDERR_REDIRECT] 
2026-08-18 09:08:57,270 [ERROR] LogOutputStream:75 - [STDERR_REDIRECT] Aug 18, 2026 9:08:57 AM java.util.prefs.FileSystemPreferences checkLockFile0ErrorCode
2026-08-18 09:08:57,271 [ERROR] LogOutputStream:75 - [STDERR_REDIRECT] WARNING: Could not lock System prefs. Unix error code 2.
2026-08-18 09:08:57,271 [ERROR] LogOutputStream:75 - [STDERR_REDIRECT] 
2026-08-18 09:08:57,272 [ERROR] LogOutputStream:75 - [STDERR_REDIRECT] Aug 18, 2026 9:08:57 AM java.util.prefs.FileSystemPreferences syncWorld
2026-08-18 09:08:57,272 [ERROR] LogOutputStream:75 - [STDERR_REDIRECT] WARNING: Couldn't flush system prefs: java.util.prefs.BackingStoreException: Couldn't get file lock.
2026-08-18 09:08:57,272 [ERROR] LogOutputStream:75 - [STDERR_REDIRECT] 
2026-08-18 09:09:27,270 [ERROR] LogOutputStream:75 - [STDERR_REDIRECT] Aug 18, 2026 9:09:27 AM java.util.prefs.FileSystemPreferences checkLockFile0ErrorCode
2026-08-18 09:09:27,271 [ERROR] LogOutputStream:75 - [STDERR_REDIRECT] WARNING: Could not lock System prefs. Unix error code 2.
2026-08-18 09:09:27,271 [ERROR] LogOutputStream:75 - [STDERR_REDIRECT] 
2026-08-18 09:09:27,271 [ERROR] LogOutputStream:75 - [STDERR_REDIRECT] Aug 18, 2026 9:09:27 AM java.util.prefs.FileSystemPreferences syncWorld
2026-08-18 09:09:27,271 [ERROR] LogOutputStream:75 - [STDERR_REDIRECT] WARNING: Couldn't flush system prefs: java.util.prefs.BackingStoreException: Couldn't get file lock.
2026-08-18 09:09:27,272 [ERROR] LogOutputStream:75 - [STDERR_REDIRECT] 
2026-08-18 09:09:57,271 [ERROR] LogOutputStream:75 - [STDERR_REDIRECT] Aug 18, 2026 9:09:57 AM java.util.prefs.FileSystemPreferences checkLockFile0ErrorCode
2026-08-18 09:09:57,271 [ERROR] LogOutputStream:75 - [STDERR_REDIRECT] WARNING: Could not lock System prefs. Unix error code 2.
2026-08-18 09:09:57,271 [ERROR] LogOutputStream:75 - [STDERR_REDIRECT] 
2026-08-18 09:09:57,271 [ERROR] LogOutputStream:75 - [STDERR_REDIRECT] Aug 18, 2026 9:09:57 AM java.util.prefs.FileSystemPreferences syncWorld
2026-08-18 09:09:57,272 [ERROR] LogOutputStream:75 - [STDERR_REDIRECT] WARNING: Couldn't flush system prefs: java.util.prefs.BackingStoreException: Couldn't get file lock.
2026-08-18 09:09:57,272 [ERROR] LogOutputStream:75 - [STDERR_REDIRECT] 
2026-08-18 09:10:27,270 [ERROR] LogOutputStream:75 - [STDERR_REDIRECT] Aug 18, 2026 9:10:27 AM java.util.prefs.FileSystemPreferences checkLockFile0ErrorCode
2026-08-18 09:10:27,270 [ERROR] LogOutputStream:75 - [STDERR_REDIRECT] WARNING: Could not lock System prefs. Unix error code 2.
2026-08-18 09:10:27,270 [ERROR] LogOutputStream:75 - [STDERR_REDIRECT] 
2026-08-18 09:10:27,270 [ERROR] LogOutputStream:75 - [STDERR_REDIRECT] Aug 18, 2026 9:10:27 AM java.util.prefs.FileSystemPreferences syncWorld
2026-08-18 09:10:27,271 [ERROR] LogOutputStream:75 - [STDERR_REDIRECT] WARNING: Couldn't flush system prefs: java.util.prefs.BackingStoreException: Couldn't get file lock.
2026-08-18 09:10:27,271 [ERROR] LogOutputStream:75 - [STDERR_REDIRECT] 
2026-08-18 09:10:57,270 [ERROR] LogOutputStream:75 - [STDERR_REDIRECT] Aug 18, 2026 9:10:57 AM java.util.prefs.FileSystemPreferences checkLockFile0ErrorCode
2026-08-18 09:10:57,271 [ERROR] LogOutputStream:75 - [STDERR_REDIRECT] WARNING: Could not lock System prefs. Unix error code 2.
2026-08-18 09:10:57,276 [ERROR] LogOutputStream:75 - [STDERR_REDIRECT] 
2026-08-18 09:10:57,277 [ERROR] LogOutputStream:75 - [STDERR_REDIRECT] Aug 18, 2026 9:10:57 AM java.util.prefs.FileSystemPreferences syncWorld
2026-08-18 09:10:57,277 [ERROR] LogOutputStream:75 - [STDERR_REDIRECT] WARNING: Couldn't flush system prefs: java.util.prefs.BackingStoreException: Couldn't get file lock.
2026-08-18 09:10:57,277 [ERROR] LogOutputStream:75 - [STDERR_REDIRECT] 
2026-08-18 09:11:27,276 [ERROR] LogOutputStream:75 - [STDERR_REDIRECT] Aug 18, 2026 9:11:27 AM java.util.prefs.FileSystemPreferences checkLockFile0ErrorCode
2026-08-18 09:11:27,276 [ERROR] LogOutputStream:75 - [STDERR_REDIRECT] WARNING: Could not lock System prefs. Unix error code 2.
2026-08-18 09:11:27,277 [ERROR] LogOutputStream:75 - [STDERR_REDIRECT] 
2026-08-18 09:11:27,277 [ERROR] LogOutputStream:75 - [STDERR_REDIRECT] Aug 18, 2026 9:11:27 AM java.util.prefs.FileSystemPreferences syncWorld
2026-08-18 09:11:27,277 [ERROR] LogOutputStream:75 - [STDERR_REDIRECT] WARNING: Couldn't flush system prefs: java.util.prefs.BackingStoreException: Couldn't get file lock.
2026-08-18 09:11:27,277 [ERROR] LogOutputStream:75 - [STDERR_REDIRECT] 
2026-08-18 09:11:57,270 [ERROR] LogOutputStream:75 - [STDERR_REDIRECT] Aug 18, 2026 9:11:57 AM java.util.prefs.FileSystemPreferences checkLockFile0ErrorCode
2026-08-18 09:11:57,271 [ERROR] LogOutputStream:75 - [STDERR_REDIRECT] WARNING: Could not lock System prefs. Unix error code 2.
2026-08-18 09:11:57,271 [ERROR] LogOutputStream:75 - [STDERR_REDIRECT] 
2026-08-18 09:11:57,271 [ERROR] LogOutputStream:75 - [STDERR_REDIRECT] Aug 18, 2026 9:11:57 AM java.util.prefs.FileSystemPreferences syncWorld
2026-08-18 09:11:57,271 [ERROR] LogOutputStream:75 - [STDERR_REDIRECT] WARNING: Couldn't flush system prefs: java.util.prefs.BackingStoreException: Couldn't get file lock.
2026-08-18 09:11:57,272 [ERROR] LogOutputStream:75 - [STDERR_REDIRECT] 
2026-08-18 09:12:27,271 [ERROR] LogOutputStream:75 - [STDERR_REDIRECT] Aug 18, 2026 9:12:27 AM java.util.prefs.FileSystemPreferences checkLockFile0ErrorCode
2026-08-18 09:12:27,271 [ERROR] LogOutputStream:75 - [STDERR_REDIRECT] WARNING: Could not lock System prefs. Unix error code 2.
2026-08-18 09:12:27,272 [ERROR] LogOutputStream:75 - [STDERR_REDIRECT] 
2026-08-18 09:12:27,272 [ERROR] LogOutputStream:75 - [STDERR_REDIRECT] Aug 18, 2026 9:12:27 AM java.util.prefs.FileSystemPreferences syncWorld
2026-08-18 09:12:27,272 [ERROR] LogOutputStream:75 - [STDERR_REDIRECT] WARNING: Couldn't flush system prefs: java.util.prefs.BackingStoreException: Couldn't get file lock.
2026-08-18 09:12:27,272 [ERROR] LogOutputStream:75 - [STDERR_REDIRECT] 
2026-08-18 09:12:57,271 [ERROR] LogOutputStream:75 - [STDERR_REDIRECT] Aug 18, 2026 9:12:57 AM java.util.prefs.FileSystemPreferences checkLockFile0ErrorCode
2026-08-18 09:12:57,271 [ERROR] LogOutputStream:75 - [STDERR_REDIRECT] WARNING: Could not lock System prefs. Unix error code 2.
2026-08-18 09:12:57,271 [ERROR] LogOutputStream:75 - [STDERR_REDIRECT] 
2026-08-18 09:12:57,271 [ERROR] LogOutputStream:75 - [STDERR_REDIRECT] Aug 18, 2026 9:12:57 AM java.util.prefs.FileSystemPreferences syncWorld
2026-08-18 09:12:57,272 [ERROR] LogOutputStream:75 - [STDERR_REDIRECT] WARNING: Couldn't flush system prefs: java.util.prefs.BackingStoreException: Couldn't get file lock.
2026-08-18 09:12:57,272 [ERROR] LogOutputStream:75 - [STDERR_REDIRECT] 
2026-08-18 09:13:27,271 [ERROR] LogOutputStream:75 - [STDERR_REDIRECT] Aug 18, 2026 9:13:27 AM java.util.prefs.FileSystemPreferences checkLockFile0ErrorCode
2026-08-18 09:13:27,271 [ERROR] LogOutputStream:75 - [STDERR_REDIRECT] WARNING: Could not lock System prefs. Unix error code 2.
2026-08-18 09:13:27,271 [ERROR] LogOutputStream:75 - [STDERR_REDIRECT] 
2026-08-18 09:13:27,272 [ERROR] LogOutputStream:75 - [STDERR_REDIRECT] Aug 18, 2026 9:13:27 AM java.util.prefs.FileSystemPreferences syncWorld
2026-08-18 09:13:27,272 [ERROR] LogOutputStream:75 - [STDERR_REDIRECT] WARNING: Couldn't flush system prefs: java.util.prefs.BackingStoreException: Couldn't get file lock.
2026-08-18 09:13:27,272 [ERROR] LogOutputStream:75 - [STDERR_REDIRECT] 
2026-08-18 09:13:57,271 [ERROR] LogOutputStream:75 - [STDERR_REDIRECT] Aug 18, 2026 9:13:57 AM java.util.prefs.FileSystemPreferences checkLockFile0ErrorCode
2026-08-18 09:13:57,271 [ERROR] LogOutputStream:75 - [STDERR_REDIRECT] WARNING: Could not lock System prefs. Unix error code 2.
2026-08-18 09:13:57,272 [ERROR] LogOutputStream:75 - [STDERR_REDIRECT] 
2026-08-18 09:13:57,272 [ERROR] LogOutputStream:75 - [STDERR_REDIRECT] Aug 18, 2026 9:13:57 AM java.util.prefs.FileSystemPreferences syncWorld
2026-08-18 09:13:57,272 [ERROR] LogOutputStream:75 - [STDERR_REDIRECT] WARNING: Couldn't flush system prefs: java.util.prefs.BackingStoreException: Couldn't get file lock.
2026-08-18 09:13:57,272 [ERROR] LogOutputStream:75 - [STDERR_REDIRECT] 
2026-08-18 09:14:27,272 [ERROR] LogOutputStream:75 - [STDERR_REDIRECT] Aug 18, 2026 9:14:27 AM java.util.prefs.FileSystemPreferences checkLockFile0ErrorCode
2026-08-18 09:14:27,273 [ERROR] LogOutputStream:75 - [STDERR_REDIRECT] WARNING: Could not lock System prefs. Unix error code 2.
2026-08-18 09:14:27,273 [ERROR] LogOutputStream:75 - [STDERR_REDIRECT] 
2026-08-18 09:14:27,273 [ERROR] LogOutputStream:75 - [STDERR_REDIRECT] Aug 18, 2026 9:14:27 AM java.util.prefs.FileSystemPreferences syncWorld
2026-08-18 09:14:27,274 [ERROR] LogOutputStream:75 - [STDERR_REDIRECT] WARNING: Couldn't flush system prefs: java.util.prefs.BackingStoreException: Couldn't get file lock.
2026-08-18 09:14:27,274 [ERROR] LogOutputStream:75 - [STDERR_REDIRECT] 
2026-08-18 09:14:57,271 [ERROR] LogOutputStream:75 - [STDERR_REDIRECT] Aug 18, 2026 9:14:57 AM java.util.prefs.FileSystemPreferences checkLockFile0ErrorCode
2026-08-18 09:14:57,271 [ERROR] LogOutputStream:75 - [STDERR_REDIRECT] WARNING: Could not lock System prefs. Unix error code 2.
2026-08-18 09:14:57,271 [ERROR] LogOutputStream:75 - [STDERR_REDIRECT] 
2026-08-18 09:14:57,272 [ERROR] LogOutputStream:75 - [STDERR_REDIRECT] Aug 18, 2026 9:14:57 AM java.util.prefs.FileSystemPreferences syncWorld
2026-08-18 09:14:57,272 [ERROR] LogOutputStream:75 - [STDERR_REDIRECT] WARNING: Couldn't flush system prefs: java.util.prefs.BackingStoreException: Couldn't get file lock.
2026-08-18 09:14:57,272 [ERROR] LogOutputStream:75 - [STDERR_REDIRECT] 
2026-08-18 09:15:27,272 [ERROR] LogOutputStream:75 - [STDERR_REDIRECT] Aug 18, 2026 9:15:27 AM java.util.prefs.FileSystemPreferences checkLockFile0ErrorCode
2026-08-18 09:15:27,272 [ERROR] LogOutputStream:75 - [STDERR_REDIRECT] WARNING: Could not lock System prefs. Unix error code 2.
2026-08-18 09:15:27,272 [ERROR] LogOutputStream:75 - [STDERR_REDIRECT] 
2026-08-18 09:15:27,272 [ERROR] LogOutputStream:75 - [STDERR_REDIRECT] Aug 18, 2026 9:15:27 AM java.util.prefs.FileSystemPreferences syncWorld
2026-08-18 09:15:27,273 [ERROR] LogOutputStream:75 - [STDERR_REDIRECT] WARNING: Couldn't flush system prefs: java.util.prefs.BackingStoreException: Couldn't get file lock.
2026-08-18 09:15:27,273 [ERROR] LogOutputStream:75 - [STDERR_REDIRECT] 
2026-08-18 09:15:57,271 [ERROR] LogOutputStream:75 - [STDERR_REDIRECT] Aug 18, 2026 9:15:57 AM java.util.prefs.FileSystemPreferences checkLockFile0ErrorCode
2026-08-18 09:15:57,272 [ERROR] LogOutputStream:75 - [STDERR_REDIRECT] WARNING: Could not lock System prefs. Unix error code 2.
2026-08-18 09:15:57,277 [ERROR] LogOutputStream:75 - [STDERR_REDIRECT] 
2026-08-18 09:15:57,278 [ERROR] LogOutputStream:75 - [STDERR_REDIRECT] Aug 18, 2026 9:15:57 AM java.util.prefs.FileSystemPreferences syncWorld
2026-08-18 09:15:57,278 [ERROR] LogOutputStream:75 - [STDERR_REDIRECT] WARNING: Couldn't flush system prefs: java.util.prefs.BackingStoreException: Couldn't get file lock.
2026-08-18 09:15:57,278 [ERROR] LogOutputStream:75 - [STDERR_REDIRECT] 
2026-08-18 09:16:27,272 [ERROR] LogOutputStream:75 - [STDERR_REDIRECT] Aug 18, 2026 9:16:27 AM java.util.prefs.FileSystemPreferences checkLockFile0ErrorCode
2026-08-18 09:16:27,273 [ERROR] LogOutputStream:75 - [STDERR_REDIRECT] WARNING: Could not lock System prefs. Unix error code 2.
2026-08-18 09:16:27,273 [ERROR] LogOutputStream:75 - [STDERR_REDIRECT] 
2026-08-18 09:16:27,274 [ERROR] LogOutputStream:75 - [STDERR_REDIRECT] Aug 18, 2026 9:16:27 AM java.util.prefs.FileSystemPreferences syncWorld
2026-08-18 09:16:27,274 [ERROR] LogOutputStream:75 - [STDERR_REDIRECT] WARNING: Couldn't flush system prefs: java.util.prefs.BackingStoreException: Couldn't get file lock.
2026-08-18 09:16:27,274 [ERROR] LogOutputStream:75 - [STDERR_REDIRECT] 
2026-08-18 09:16:57,273 [ERROR] LogOutputStream:75 - [STDERR_REDIRECT] Aug 18, 2026 9:16:57 AM java.util.prefs.FileSystemPreferences checkLockFile0ErrorCode
2026-08-18 09:16:57,273 [ERROR] LogOutputStream:75 - [STDERR_REDIRECT] WARNING: Could not lock System prefs. Unix error code 2.
2026-08-18 09:16:57,273 [ERROR] LogOutputStream:75 - [STDERR_REDIRECT] 
2026-08-18 09:16:57,274 [ERROR] LogOutputStream:75 - [STDERR_REDIRECT] Aug 18, 2026 9:16:57 AM java.util.prefs.FileSystemPreferences syncWorld
2026-08-18 09:16:57,274 [ERROR] LogOutputStream:75 - [STDERR_REDIRECT] WARNING: Couldn't flush system prefs: java.util.prefs.BackingStoreException: Couldn't get file lock.
2026-08-18 09:16:57,274 [ERROR] LogOutputStream:75 - [STDERR_REDIRECT] 
2026-08-18 09:17:27,272 [ERROR] LogOutputStream:75 - [STDERR_REDIRECT] Aug 18, 2026 9:17:27 AM java.util.prefs.FileSystemPreferences checkLockFile0ErrorCode
2026-08-18 09:17:27,272 [ERROR] LogOutputStream:75 - [STDERR_REDIRECT] WARNING: Could not lock System prefs. Unix error code 2.
2026-08-18 09:17:27,272 [ERROR] LogOutputStream:75 - [STDERR_REDIRECT] 
2026-08-18 09:17:27,272 [ERROR] LogOutputStream:75 - [STDERR_REDIRECT] Aug 18, 2026 9:17:27 AM java.util.prefs.FileSystemPreferences syncWorld
2026-08-18 09:17:27,273 [ERROR] LogOutputStream:75 - [STDERR_REDIRECT] WARNING: Couldn't flush system prefs: java.util.prefs.BackingStoreException: Couldn't get file lock.
2026-08-18 09:17:27,273 [ERROR] LogOutputStream:75 - [STDERR_REDIRECT] 
2026-08-18 09:17:57,272 [ERROR] LogOutputStream:75 - [STDERR_REDIRECT] Aug 18, 2026 9:17:57 AM java.util.prefs.FileSystemPreferences checkLockFile0ErrorCode
2026-08-18 09:17:57,272 [ERROR] LogOutputStream:75 - [STDERR_REDIRECT] WARNING: Could not lock System prefs. Unix error code 2.
2026-08-18 09:17:57,272 [ERROR] LogOutputStream:75 - [STDERR_REDIRECT] 
2026-08-18 09:17:57,273 [ERROR] LogOutputStream:75 - [STDERR_REDIRECT] Aug 18, 2026 9:17:57 AM java.util.prefs.FileSystemPreferences syncWorld
2026-08-18 09:17:57,273 [ERROR] LogOutputStream:75 - [STDERR_REDIRECT] WARNING: Couldn't flush system prefs: java.util.prefs.BackingStoreException: Couldn't get file lock.
2026-08-18 09:17:57,273 [ERROR] LogOutputStream:75 - [STDERR_REDIRECT] 
2026-08-18 09:18:27,272 [ERROR] LogOutputStream:75 - [STDERR_REDIRECT] Aug 18, 2026 9:18:27 AM java.util.prefs.FileSystemPreferences checkLockFile0ErrorCode
2026-08-18 09:18:27,272 [ERROR] LogOutputStream:75 - [STDERR_REDIRECT] WARNING: Could not lock System prefs. Unix error code 2.
2026-08-18 09:18:27,273 [ERROR] LogOutputStream:75 - [STDERR_REDIRECT] 
2026-08-18 09:18:27,273 [ERROR] LogOutputStream:75 - [STDERR_REDIRECT] Aug 18, 2026 9:18:27 AM java.util.prefs.FileSystemPreferences syncWorld
2026-08-18 09:18:27,273 [ERROR] LogOutputStream:75 - [STDERR_REDIRECT] WARNING: Couldn't flush system prefs: java.util.prefs.BackingStoreException: Couldn't get file lock.
2026-08-18 09:18:27,273 [ERROR] LogOutputStream:75 - [STDERR_REDIRECT] 
2026-08-18 09:18:57,272 [ERROR] LogOutputStream:75 - [STDERR_REDIRECT] Aug 18, 2026 9:18:57 AM java.util.prefs.FileSystemPreferences checkLockFile0ErrorCode
2026-08-18 09:18:57,272 [ERROR] LogOutputStream:75 - [STDERR_REDIRECT] WARNING: Could not lock System prefs. Unix error code 2.
2026-08-18 09:18:57,272 [ERROR] LogOutputStream:75 - [STDERR_REDIRECT] 
2026-08-18 09:18:57,273 [ERROR] LogOutputStream:75 - [STDERR_REDIRECT] Aug 18, 2026 9:18:57 AM java.util.prefs.FileSystemPreferences syncWorld
2026-08-18 09:18:57,273 [ERROR] LogOutputStream:75 - [STDERR_REDIRECT] WARNING: Couldn't flush system prefs: java.util.prefs.BackingStoreException: Couldn't get file lock.
2026-08-18 09:18:57,273 [ERROR] LogOutputStream:75 - [STDERR_REDIRECT] 
2026-08-18 09:19:27,272 [ERROR] LogOutputStream:75 - [STDERR_REDIRECT] Aug 18, 2026 9:19:27 AM java.util.prefs.FileSystemPreferences checkLockFile0ErrorCode
2026-08-18 09:19:27,272 [ERROR] LogOutputStream:75 - [STDERR_REDIRECT] WARNING: Could not lock System prefs. Unix error code 2.
2026-08-18 09:19:27,272 [ERROR] LogOutputStream:75 - [STDERR_REDIRECT] 
2026-08-18 09:19:27,273 [ERROR] LogOutputStream:75 - [STDERR_REDIRECT] Aug 18, 2026 9:19:27 AM java.util.prefs.FileSystemPreferences syncWorld
2026-08-18 09:19:27,273 [ERROR] LogOutputStream:75 - [STDERR_REDIRECT] WARNING: Couldn't flush system prefs: java.util.prefs.BackingStoreException: Couldn't get file lock.
2026-08-18 09:19:27,273 [ERROR] LogOutputStream:75 - [STDERR_REDIRECT] 
2026-08-18 09:19:57,272 [ERROR] LogOutputStream:75 - [STDERR_REDIRECT] Aug 18, 2026 9:19:57 AM java.util.prefs.FileSystemPreferences checkLockFile0ErrorCode
2026-08-18 09:19:57,272 [ERROR] LogOutputStream:75 - [STDERR_REDIRECT] WARNING: Could not lock System prefs. Unix error code 2.
2026-08-18 09:19:57,272 [ERROR] LogOutputStream:75 - [STDERR_REDIRECT] 
2026-08-18 09:19:57,272 [ERROR] LogOutputStream:75 - [STDERR_REDIRECT] Aug 18, 2026 9:19:57 AM java.util.prefs.FileSystemPreferences syncWorld
2026-08-18 09:19:57,272 [ERROR] LogOutputStream:75 - [STDERR_REDIRECT] WARNING: Couldn't flush system prefs: java.util.prefs.BackingStoreException: Couldn't get file lock.
2026-08-18 09:19:57,273 [ERROR] LogOutputStream:75 - [STDERR_REDIRECT] 
2026-08-18 09:20:27,271 [ERROR] LogOutputStream:75 - [STDERR_REDIRECT] Aug 18, 2026 9:20:27 AM java.util.prefs.FileSystemPreferences checkLockFile0ErrorCode
2026-08-18 09:20:27,271 [ERROR] LogOutputStream:75 - [STDERR_REDIRECT] WARNING: Could not lock System prefs. Unix error code 2.
2026-08-18 09:20:27,271 [ERROR] LogOutputStream:75 - [STDERR_REDIRECT] 
2026-08-18 09:20:27,271 [ERROR] LogOutputStream:75 - [STDERR_REDIRECT] Aug 18, 2026 9:20:27 AM java.util.prefs.FileSystemPreferences syncWorld
2026-08-18 09:20:27,271 [ERROR] LogOutputStream:75 - [STDERR_REDIRECT] WARNING: Couldn't flush system prefs: java.util.prefs.BackingStoreException: Couldn't get file lock.
2026-08-18 09:20:27,272 [ERROR] LogOutputStream:75 - [STDERR_REDIRECT] 
2026-08-18 09:20:57,271 [ERROR] LogOutputStream:75 - [STDERR_REDIRECT] Aug 18, 2026 9:20:57 AM java.util.prefs.FileSystemPreferences checkLockFile0ErrorCode
2026-08-18 09:20:57,271 [ERROR] LogOutputStream:75 - [STDERR_REDIRECT] WARNING: Could not lock System prefs. Unix error code 2.
2026-08-18 09:20:57,271 [ERROR] LogOutputStream:75 - [STDERR_REDIRECT] 
2026-08-18 09:20:57,271 [ERROR] LogOutputStream:75 - [STDERR_REDIRECT] Aug 18, 2026 9:20:57 AM java.util.prefs.FileSystemPreferences syncWorld
2026-08-18 09:20:57,271 [ERROR] LogOutputStream:75 - [STDERR_REDIRECT] WARNING: Couldn't flush system prefs: java.util.prefs.BackingStoreException: Couldn't get file lock.
2026-08-18 09:20:57,271 [ERROR] LogOutputStream:75 - [STDERR_REDIRECT] 
2026-08-18 09:21:27,272 [ERROR] LogOutputStream:75 - [STDERR_REDIRECT] Aug 18, 2026 9:21:27 AM java.util.prefs.FileSystemPreferences checkLockFile0ErrorCode
2026-08-18 09:21:27,273 [ERROR] LogOutputStream:75 - [STDERR_REDIRECT] WARNING: Could not lock System prefs. Unix error code 2.
2026-08-18 09:21:27,273 [ERROR] LogOutputStream:75 - [STDERR_REDIRECT] 
2026-08-18 09:21:27,273 [ERROR] LogOutputStream:75 - [STDERR_REDIRECT] Aug 18, 2026 9:21:27 AM java.util.prefs.FileSystemPreferences syncWorld
2026-08-18 09:21:27,273 [ERROR] LogOutputStream:75 - [STDERR_REDIRECT] WARNING: Couldn't flush system prefs: java.util.prefs.BackingStoreException: Couldn't get file lock.
2026-08-18 09:21:27,273 [ERROR] LogOutputStream:75 - [STDERR_REDIRECT] 
2026-08-18 09:21:57,273 [ERROR] LogOutputStream:75 - [STDERR_REDIRECT] Aug 18, 2026 9:21:57 AM java.util.prefs.FileSystemPreferences checkLockFile0ErrorCode
2026-08-18 09:21:57,273 [ERROR] LogOutputStream:75 - [STDERR_REDIRECT] WARNING: Could not lock System prefs. Unix error code 2.
2026-08-18 09:21:57,273 [ERROR] LogOutputStream:75 - [STDERR_REDIRECT] 
2026-08-18 09:21:57,273 [ERROR] LogOutputStream:75 - [STDERR_REDIRECT] Aug 18, 2026 9:21:57 AM java.util.prefs.FileSystemPreferences syncWorld
2026-08-18 09:21:57,274 [ERROR] LogOutputStream:75 - [STDERR_REDIRECT] WARNING: Couldn't flush system prefs: java.util.prefs.BackingStoreException: Couldn't get file lock.
2026-08-18 09:21:57,274 [ERROR] LogOutputStream:75 - [STDERR_REDIRECT] 
2026-08-18 09:22:27,273 [ERROR] LogOutputStream:75 - [STDERR_REDIRECT] Aug 18, 2026 9:22:27 AM java.util.prefs.FileSystemPreferences checkLockFile0ErrorCode
2026-08-18 09:22:27,273 [ERROR] LogOutputStream:75 - [STDERR_REDIRECT] WARNING: Could not lock System prefs. Unix error code 2.
2026-08-18 09:22:27,273 [ERROR] LogOutputStream:75 - [STDERR_REDIRECT] 
2026-08-18 09:22:27,274 [ERROR] LogOutputStream:75 - [STDERR_REDIRECT] Aug 18, 2026 9:22:27 AM java.util.prefs.FileSystemPreferences syncWorld
2026-08-18 09:22:27,274 [ERROR] LogOutputStream:75 - [STDERR_REDIRECT] WARNING: Couldn't flush system prefs: java.util.prefs.BackingStoreException: Couldn't get file lock.
2026-08-18 09:22:27,274 [ERROR] LogOutputStream:75 - [STDERR_REDIRECT] 
2026-08-18 09:22:57,272 [ERROR] LogOutputStream:75 - [STDERR_REDIRECT] Aug 18, 2026 9:22:57 AM java.util.prefs.FileSystemPreferences checkLockFile0ErrorCode
2026-08-18 09:22:57,273 [ERROR] LogOutputStream:75 - [STDERR_REDIRECT] WARNING: Could not lock System prefs. Unix error code 2.
2026-08-18 09:22:57,273 [ERROR] LogOutputStream:75 - [STDERR_REDIRECT] 
2026-08-18 09:22:57,273 [ERROR] LogOutputStream:75 - [STDERR_REDIRECT] Aug 18, 2026 9:22:57 AM java.util.prefs.FileSystemPreferences syncWorld
2026-08-18 09:22:57,273 [ERROR] LogOutputStream:75 - [STDERR_REDIRECT] WARNING: Couldn't flush system prefs: java.util.prefs.BackingStoreException: Couldn't get file lock.
2026-08-18 09:22:57,273 [ERROR] LogOutputStream:75 - [STDERR_REDIRECT] 
2026-08-18 09:23:27,273 [ERROR] LogOutputStream:75 - [STDERR_REDIRECT] Aug 18, 2026 9:23:27 AM java.util.prefs.FileSystemPreferences checkLockFile0ErrorCode
2026-08-18 09:23:27,273 [ERROR] LogOutputStream:75 - [STDERR_REDIRECT] WARNING: Could not lock System prefs. Unix error code 2.
2026-08-18 09:23:27,273 [ERROR] LogOutputStream:75 - [STDERR_REDIRECT] 
2026-08-18 09:23:27,274 [ERROR] LogOutputStream:75 - [STDERR_REDIRECT] Aug 18, 2026 9:23:27 AM java.util.prefs.FileSystemPreferences syncWorld
2026-08-18 09:23:27,274 [ERROR] LogOutputStream:75 - [STDERR_REDIRECT] WARNING: Couldn't flush system prefs: java.util.prefs.BackingStoreException: Couldn't get file lock.
2026-08-18 09:23:27,274 [ERROR] LogOutputStream:75 - [STDERR_REDIRECT] 
2026-08-18 09:23:57,273 [ERROR] LogOutputStream:75 - [STDERR_REDIRECT] Aug 18, 2026 9:23:57 AM java.util.prefs.FileSystemPreferences checkLockFile0ErrorCode
2026-08-18 09:23:57,273 [ERROR] LogOutputStream:75 - [STDERR_REDIRECT] WARNING: Could not lock System prefs. Unix error code 2.
2026-08-18 09:23:57,273 [ERROR] LogOutputStream:75 - [STDERR_REDIRECT] 
2026-08-18 09:23:57,274 [ERROR] LogOutputStream:75 - [STDERR_REDIRECT] Aug 18, 2026 9:23:57 AM java.util.prefs.FileSystemPreferences syncWorld
2026-08-18 09:23:57,274 [ERROR] LogOutputStream:75 - [STDERR_REDIRECT] WARNING: Couldn't flush system prefs: java.util.prefs.BackingStoreException: Couldn't get file lock.
2026-08-18 09:23:57,274 [ERROR] LogOutputStream:75 - [STDERR_REDIRECT] 
2026-08-18 09:24:27,274 [ERROR] LogOutputStream:75 - [STDERR_REDIRECT] Aug 18, 2026 9:24:27 AM java.util.prefs.FileSystemPreferences checkLockFile0ErrorCode
2026-08-18 09:24:27,274 [ERROR] LogOutputStream:75 - [STDERR_REDIRECT] WARNING: Could not lock System prefs. Unix error code 2.
2026-08-18 09:24:27,274 [ERROR] LogOutputStream:75 - [STDERR_REDIRECT] 
2026-08-18 09:24:27,275 [ERROR] LogOutputStream:75 - [STDERR_REDIRECT] Aug 18, 2026 9:24:27 AM java.util.prefs.FileSystemPreferences syncWorld
2026-08-18 09:24:27,275 [ERROR] LogOutputStream:75 - [STDERR_REDIRECT] WARNING: Couldn't flush system prefs: java.util.prefs.BackingStoreException: Couldn't get file lock.
2026-08-18 09:24:27,275 [ERROR] LogOutputStream:75 - [STDERR_REDIRECT] 
2026-08-18 09:24:57,274 [ERROR] LogOutputStream:75 - [STDERR_REDIRECT] Aug 18, 2026 9:24:57 AM java.util.prefs.FileSystemPreferences checkLockFile0ErrorCode
2026-08-18 09:24:57,275 [ERROR] LogOutputStream:75 - [STDERR_REDIRECT] WARNING: Could not lock System prefs. Unix error code 2.
2026-08-18 09:24:57,275 [ERROR] LogOutputStream:75 - [STDERR_REDIRECT] 
2026-08-18 09:24:57,275 [ERROR] LogOutputStream:75 - [STDERR_REDIRECT] Aug 18, 2026 9:24:57 AM java.util.prefs.FileSystemPreferences syncWorld
2026-08-18 09:24:57,275 [ERROR] LogOutputStream:75 - [STDERR_REDIRECT] WARNING: Couldn't flush system prefs: java.util.prefs.BackingStoreException: Couldn't get file lock.
2026-08-18 09:24:57,276 [ERROR] LogOutputStream:75 - [STDERR_REDIRECT] 
2026-08-18 09:25:27,273 [ERROR] LogOutputStream:75 - [STDERR_REDIRECT] Aug 18, 2026 9:25:27 AM java.util.prefs.FileSystemPreferences checkLockFile0ErrorCode
2026-08-18 09:25:27,273 [ERROR] LogOutputStream:75 - [STDERR_REDIRECT] WARNING: Could not lock System prefs. Unix error code 2.
2026-08-18 09:25:27,273 [ERROR] LogOutputStream:75 - [STDERR_REDIRECT] 
2026-08-18 09:25:27,274 [ERROR] LogOutputStream:75 - [STDERR_REDIRECT] Aug 18, 2026 9:25:27 AM java.util.prefs.FileSystemPreferences syncWorld
2026-08-18 09:25:27,274 [ERROR] LogOutputStream:75 - [STDERR_REDIRECT] WARNING: Couldn't flush system prefs: java.util.prefs.BackingStoreException: Couldn't get file lock.
2026-08-18 09:25:27,274 [ERROR] LogOutputStream:75 - [STDERR_REDIRECT] 
2026-08-18 09:25:57,273 [ERROR] LogOutputStream:75 - [STDERR_REDIRECT] Aug 18, 2026 9:25:57 AM java.util.prefs.FileSystemPreferences checkLockFile0ErrorCode
2026-08-18 09:25:57,274 [ERROR] LogOutputStream:75 - [STDERR_REDIRECT] WARNING: Could not lock System prefs. Unix error code 2.
2026-08-18 09:25:57,274 [ERROR] LogOutputStream:75 - [STDERR_REDIRECT] 
2026-08-18 09:25:57,274 [ERROR] LogOutputStream:75 - [STDERR_REDIRECT] Aug 18, 2026 9:25:57 AM java.util.prefs.FileSystemPreferences syncWorld
2026-08-18 09:25:57,274 [ERROR] LogOutputStream:75 - [STDERR_REDIRECT] WARNING: Couldn't flush system prefs: java.util.prefs.BackingStoreException: Couldn't get file lock.
2026-08-18 09:25:57,274 [ERROR] LogOutputStream:75 - [STDERR_REDIRECT] 
2026-08-18 09:26:27,273 [ERROR] LogOutputStream:75 - [STDERR_REDIRECT] Aug 18, 2026 9:26:27 AM java.util.prefs.FileSystemPreferences checkLockFile0ErrorCode
2026-08-18 09:26:27,273 [ERROR] LogOutputStream:75 - [STDERR_REDIRECT] WARNING: Could not lock System prefs. Unix error code 2.
2026-08-18 09:26:27,273 [ERROR] LogOutputStream:75 - [STDERR_REDIRECT] 
2026-08-18 09:26:27,273 [ERROR] LogOutputStream:75 - [STDERR_REDIRECT] Aug 18, 2026 9:26:27 AM java.util.prefs.FileSystemPreferences syncWorld
2026-08-18 09:26:27,273 [ERROR] LogOutputStream:75 - [STDERR_REDIRECT] WARNING: Couldn't flush system prefs: java.util.prefs.BackingStoreException: Couldn't get file lock.
2026-08-18 09:26:27,274 [ERROR] LogOutputStream:75 - [STDERR_REDIRECT] 
2026-08-18 09:26:57,273 [ERROR] LogOutputStream:75 - [STDERR_REDIRECT] Aug 18, 2026 9:26:57 AM java.util.prefs.FileSystemPreferences checkLockFile0ErrorCode
2026-08-18 09:26:57,273 [ERROR] LogOutputStream:75 - [STDERR_REDIRECT] WARNING: Could not lock System prefs. Unix error code 2.
2026-08-18 09:26:57,274 [ERROR] LogOutputStream:75 - [STDERR_REDIRECT] 
2026-08-18 09:26:57,274 [ERROR] LogOutputStream:75 - [STDERR_REDIRECT] Aug 18, 2026 9:26:57 AM java.util.prefs.FileSystemPreferences syncWorld
2026-08-18 09:26:57,274 [ERROR] LogOutputStream:75 - [STDERR_REDIRECT] WARNING: Couldn't flush system prefs: java.util.prefs.BackingStoreException: Couldn't get file lock.
2026-08-18 09:26:57,274 [ERROR] LogOutputStream:75 - [STDERR_REDIRECT] 
2026-08-18 09:27:27,273 [ERROR] LogOutputStream:75 - [STDERR_REDIRECT] Aug 18, 2026 9:27:27 AM java.util.prefs.FileSystemPreferences checkLockFile0ErrorCode
2026-08-18 09:27:27,274 [ERROR] LogOutputStream:75 - [STDERR_REDIRECT] WARNING: Could not lock System prefs. Unix error code 2.
2026-08-18 09:27:27,274 [ERROR] LogOutputStream:75 - [STDERR_REDIRECT] 
2026-08-18 09:27:27,274 [ERROR] LogOutputStream:75 - [STDERR_REDIRECT] Aug 18, 2026 9:27:27 AM java.util.prefs.FileSystemPreferences syncWorld
2026-08-18 09:27:27,274 [ERROR] LogOutputStream:75 - [STDERR_REDIRECT] WARNING: Couldn't flush system prefs: java.util.prefs.BackingStoreException: Couldn't get file lock.
2026-08-18 09:27:27,274 [ERROR] LogOutputStream:75 - [STDERR_REDIRECT] 
2026-08-18 09:27:57,273 [ERROR] LogOutputStream:75 - [STDERR_REDIRECT] Aug 18, 2026 9:27:57 AM java.util.prefs.FileSystemPreferences checkLockFile0ErrorCode
2026-08-18 09:27:57,273 [ERROR] LogOutputStream:75 - [STDERR_REDIRECT] WARNING: Could not lock System prefs. Unix error code 2.
2026-08-18 09:27:57,273 [ERROR] LogOutputStream:75 - [STDERR_REDIRECT] 
2026-08-18 09:27:57,273 [ERROR] LogOutputStream:75 - [STDERR_REDIRECT] Aug 18, 2026 9:27:57 AM java.util.prefs.FileSystemPreferences syncWorld
2026-08-18 09:27:57,273 [ERROR] LogOutputStream:75 - [STDERR_REDIRECT] WARNING: Couldn't flush system prefs: java.util.prefs.BackingStoreException: Couldn't get file lock.
2026-08-18 09:27:57,273 [ERROR] LogOutputStream:75 - [STDERR_REDIRECT] 
2026-08-18 09:28:27,274 [ERROR] LogOutputStream:75 - [STDERR_REDIRECT] Aug 18, 2026 9:28:27 AM java.util.prefs.FileSystemPreferences checkLockFile0ErrorCode
2026-08-18 09:28:27,274 [ERROR] LogOutputStream:75 - [STDERR_REDIRECT] WARNING: Could not lock System prefs. Unix error code 2.
2026-08-18 09:28:27,274 [ERROR] LogOutputStream:75 - [STDERR_REDIRECT] 
2026-08-18 09:28:27,275 [ERROR] LogOutputStream:75 - [STDERR_REDIRECT] Aug 18, 2026 9:28:27 AM java.util.prefs.FileSystemPreferences syncWorld
2026-08-18 09:28:27,275 [ERROR] LogOutputStream:75 - [STDERR_REDIRECT] WARNING: Couldn't flush system prefs: java.util.prefs.BackingStoreException: Couldn't get file lock.
2026-08-18 09:28:27,275 [ERROR] LogOutputStream:75 - [STDERR_REDIRECT] 
2026-08-18 09:28:57,274 [ERROR] LogOutputStream:75 - [STDERR_REDIRECT] Aug 18, 2026 9:28:57 AM java.util.prefs.FileSystemPreferences checkLockFile0ErrorCode
2026-08-18 09:28:57,275 [ERROR] LogOutputStream:75 - [STDERR_REDIRECT] WARNING: Could not lock System prefs. Unix error code 2.
2026-08-18 09:28:57,275 [ERROR] LogOutputStream:75 - [STDERR_REDIRECT] 
2026-08-18 09:28:57,276 [ERROR] LogOutputStream:75 - [STDERR_REDIRECT] Aug 18, 2026 9:28:57 AM java.util.prefs.FileSystemPreferences syncWorld
2026-08-18 09:28:57,276 [ERROR] LogOutputStream:75 - [STDERR_REDIRECT] WARNING: Couldn't flush system prefs: java.util.prefs.BackingStoreException: Couldn't get file lock.
2026-08-18 09:28:57,276 [ERROR] LogOutputStream:75 - [STDERR_REDIRECT] 
2026-08-18 09:29:27,274 [ERROR] LogOutputStream:75 - [STDERR_REDIRECT] Aug 18, 2026 9:29:27 AM java.util.prefs.FileSystemPreferences checkLockFile0ErrorCode
2026-08-18 09:29:27,274 [ERROR] LogOutputStream:75 - [STDERR_REDIRECT] WARNING: Could not lock System prefs. Unix error code 2.
2026-08-18 09:29:27,274 [ERROR] LogOutputStream:75 - [STDERR_REDIRECT] 
2026-08-18 09:29:27,274 [ERROR] LogOutputStream:75 - [STDERR_REDIRECT] Aug 18, 2026 9:29:27 AM java.util.prefs.FileSystemPreferences syncWorld
2026-08-18 09:29:27,275 [ERROR] LogOutputStream:75 - [STDERR_REDIRECT] WARNING: Couldn't flush system prefs: java.util.prefs.BackingStoreException: Couldn't get file lock.
2026-08-18 09:29:27,275 [ERROR] LogOutputStream:75 - [STDERR_REDIRECT] 
2026-08-18 09:29:57,273 [ERROR] LogOutputStream:75 - [STDERR_REDIRECT] Aug 18, 2026 9:29:57 AM java.util.prefs.FileSystemPreferences checkLockFile0ErrorCode
2026-08-18 09:29:57,274 [ERROR] LogOutputStream:75 - [STDERR_REDIRECT] WARNING: Could not lock System prefs. Unix error code 2.
2026-08-18 09:29:57,274 [ERROR] LogOutputStream:75 - [STDERR_REDIRECT] 
2026-08-18 09:29:57,274 [ERROR] LogOutputStream:75 - [STDERR_REDIRECT] Aug 18, 2026 9:29:57 AM java.util.prefs.FileSystemPreferences syncWorld
2026-08-18 09:29:57,275 [ERROR] LogOutputStream:75 - [STDERR_REDIRECT] WARNING: Couldn't flush system prefs: java.util.prefs.BackingStoreException: Couldn't get file lock.
2026-08-18 09:29:57,275 [ERROR] LogOutputStream:75 - [STDERR_REDIRECT] 
2026-08-18 09:30:27,275 [ERROR] LogOutputStream:75 - [STDERR_REDIRECT] Aug 18, 2026 9:30:27 AM java.util.prefs.FileSystemPreferences checkLockFile0ErrorCode
2026-08-18 09:30:27,275 [ERROR] LogOutputStream:75 - [STDERR_REDIRECT] WARNING: Could not lock System prefs. Unix error code 2.
2026-08-18 09:30:27,275 [ERROR] LogOutputStream:75 - [STDERR_REDIRECT] 
2026-08-18 09:30:27,276 [ERROR] LogOutputStream:75 - [STDERR_REDIRECT] Aug 18, 2026 9:30:27 AM java.util.prefs.FileSystemPreferences syncWorld
2026-08-18 09:30:27,276 [ERROR] LogOutputStream:75 - [STDERR_REDIRECT] WARNING: Couldn't flush system prefs: java.util.prefs.BackingStoreException: Couldn't get file lock.
2026-08-18 09:30:27,276 [ERROR] LogOutputStream:75 - [STDERR_REDIRECT] 
2026-08-18 09:30:57,274 [ERROR] LogOutputStream:75 - [STDERR_REDIRECT] Aug 18, 2026 9:30:57 AM java.util.prefs.FileSystemPreferences checkLockFile0ErrorCode
2026-08-18 09:30:57,274 [ERROR] LogOutputStream:75 - [STDERR_REDIRECT] WARNING: Could not lock System prefs. Unix error code 2.
2026-08-18 09:30:57,274 [ERROR] LogOutputStream:75 - [STDERR_REDIRECT] 
2026-08-18 09:30:57,274 [ERROR] LogOutputStream:75 - [STDERR_REDIRECT] Aug 18, 2026 9:30:57 AM java.util.prefs.FileSystemPreferences syncWorld
2026-08-18 09:30:57,275 [ERROR] LogOutputStream:75 - [STDERR_REDIRECT] WARNING: Couldn't flush system prefs: java.util.prefs.BackingStoreException: Couldn't get file lock.
2026-08-18 09:30:57,275 [ERROR] LogOutputStream:75 - [STDERR_REDIRECT] 
2026-08-18 09:31:27,273 [ERROR] LogOutputStream:75 - [STDERR_REDIRECT] Aug 18, 2026 9:31:27 AM java.util.prefs.FileSystemPreferences checkLockFile0ErrorCode
2026-08-18 09:31:27,273 [ERROR] LogOutputStream:75 - [STDERR_REDIRECT] WARNING: Could not lock System prefs. Unix error code 2.
2026-08-18 09:31:27,273 [ERROR] LogOutputStream:75 - [STDERR_REDIRECT] 
2026-08-18 09:31:27,273 [ERROR] LogOutputStream:75 - [STDERR_REDIRECT] Aug 18, 2026 9:31:27 AM java.util.prefs.FileSystemPreferences syncWorld
2026-08-18 09:31:27,274 [ERROR] LogOutputStream:75 - [STDERR_REDIRECT] WARNING: Couldn't flush system prefs: java.util.prefs.BackingStoreException: Couldn't get file lock.
2026-08-18 09:31:27,274 [ERROR] LogOutputStream:75 - [STDERR_REDIRECT] 
2026-08-18 09:31:57,274 [ERROR] LogOutputStream:75 - [STDERR_REDIRECT] Aug 18, 2026 9:31:57 AM java.util.prefs.FileSystemPreferences checkLockFile0ErrorCode
2026-08-18 09:31:57,274 [ERROR] LogOutputStream:75 - [STDERR_REDIRECT] WARNING: Could not lock System prefs. Unix error code 2.
2026-08-18 09:31:57,274 [ERROR] LogOutputStream:75 - [STDERR_REDIRECT] 
2026-08-18 09:31:57,275 [ERROR] LogOutputStream:75 - [STDERR_REDIRECT] Aug 18, 2026 9:31:57 AM java.util.prefs.FileSystemPreferences syncWorld
2026-08-18 09:31:57,275 [ERROR] LogOutputStream:75 - [STDERR_REDIRECT] WARNING: Couldn't flush system prefs: java.util.prefs.BackingStoreException: Couldn't get file lock.
2026-08-18 09:31:57,275 [ERROR] LogOutputStream:75 - [STDERR_REDIRECT] 
2026-08-18 09:32:27,274 [ERROR] LogOutputStream:75 - [STDERR_REDIRECT] Aug 18, 2026 9:32:27 AM java.util.prefs.FileSystemPreferences checkLockFile0ErrorCode
2026-08-18 09:32:27,274 [ERROR] LogOutputStream:75 - [STDERR_REDIRECT] WARNING: Could not lock System prefs. Unix error code 2.
2026-08-18 09:32:27,274 [ERROR] LogOutputStream:75 - [STDERR_REDIRECT] 
2026-08-18 09:32:27,275 [ERROR] LogOutputStream:75 - [STDERR_REDIRECT] Aug 18, 2026 9:32:27 AM java.util.prefs.FileSystemPreferences syncWorld
2026-08-18 09:32:27,275 [ERROR] LogOutputStream:75 - [STDERR_REDIRECT] WARNING: Couldn't flush system prefs: java.util.prefs.BackingStoreException: Couldn't get file lock.
2026-08-18 09:32:27,275 [ERROR] LogOutputStream:75 - [STDERR_REDIRECT] 
2026-08-18 09:32:57,273 [ERROR] LogOutputStream:75 - [STDERR_REDIRECT] Aug 18, 2026 9:32:57 AM java.util.prefs.FileSystemPreferences checkLockFile0ErrorCode
2026-08-18 09:32:57,274 [ERROR] LogOutputStream:75 - [STDERR_REDIRECT] WARNING: Could not lock System prefs. Unix error code 2.
2026-08-18 09:32:57,274 [ERROR] LogOutputStream:75 - [STDERR_REDIRECT] 
2026-08-18 09:32:57,274 [ERROR] LogOutputStream:75 - [STDERR_REDIRECT] Aug 18, 2026 9:32:57 AM java.util.prefs.FileSystemPreferences syncWorld
2026-08-18 09:32:57,274 [ERROR] LogOutputStream:75 - [STDERR_REDIRECT] WARNING: Couldn't flush system prefs: java.util.prefs.BackingStoreException: Couldn't get file lock.
2026-08-18 09:32:57,275 [ERROR] LogOutputStream:75 - [STDERR_REDIRECT] 
2026-08-18 09:33:27,273 [ERROR] LogOutputStream:75 - [STDERR_REDIRECT] Aug 18, 2026 9:33:27 AM java.util.prefs.FileSystemPreferences checkLockFile0ErrorCode
2026-08-18 09:33:27,273 [ERROR] LogOutputStream:75 - [STDERR_REDIRECT] WARNING: Could not lock System prefs. Unix error code 2.
2026-08-18 09:33:27,273 [ERROR] LogOutputStream:75 - [STDERR_REDIRECT] 
2026-08-18 09:33:27,273 [ERROR] LogOutputStream:75 - [STDERR_REDIRECT] Aug 18, 2026 9:33:27 AM java.util.prefs.FileSystemPreferences syncWorld
2026-08-18 09:33:27,274 [ERROR] LogOutputStream:75 - [STDERR_REDIRECT] WARNING: Couldn't flush system prefs: java.util.prefs.BackingStoreException: Couldn't get file lock.
2026-08-18 09:33:27,274 [ERROR] LogOutputStream:75 - [STDERR_REDIRECT] 
2026-08-18 09:33:57,275 [ERROR] LogOutputStream:75 - [STDERR_REDIRECT] Aug 18, 2026 9:33:57 AM java.util.prefs.FileSystemPreferences checkLockFile0ErrorCode
2026-08-18 09:33:57,275 [ERROR] LogOutputStream:75 - [STDERR_REDIRECT] WARNING: Could not lock System prefs. Unix error code 2.
2026-08-18 09:33:57,275 [ERROR] LogOutputStream:75 - [STDERR_REDIRECT] 
2026-08-18 09:33:57,276 [ERROR] LogOutputStream:75 - [STDERR_REDIRECT] Aug 18, 2026 9:33:57 AM java.util.prefs.FileSystemPreferences syncWorld
2026-08-18 09:33:57,276 [ERROR] LogOutputStream:75 - [STDERR_REDIRECT] WARNING: Couldn't flush system prefs: java.util.prefs.BackingStoreException: Couldn't get file lock.
2026-08-18 09:33:57,276 [ERROR] LogOutputStream:75 - [STDERR_REDIRECT] 
2026-08-18 09:34:27,273 [ERROR] LogOutputStream:75 - [STDERR_REDIRECT] Aug 18, 2026 9:34:27 AM java.util.prefs.FileSystemPreferences checkLockFile0ErrorCode
2026-08-18 09:34:27,273 [ERROR] LogOutputStream:75 - [STDERR_REDIRECT] WARNING: Could not lock System prefs. Unix error code 2.
2026-08-18 09:34:27,274 [ERROR] LogOutputStream:75 - [STDERR_REDIRECT] 
2026-08-18 09:34:27,274 [ERROR] LogOutputStream:75 - [STDERR_REDIRECT] Aug 18, 2026 9:34:27 AM java.util.prefs.FileSystemPreferences syncWorld
2026-08-18 09:34:27,274 [ERROR] LogOutputStream:75 - [STDERR_REDIRECT] WARNING: Couldn't flush system prefs: java.util.prefs.BackingStoreException: Couldn't get file lock.
2026-08-18 09:34:27,274 [ERROR] LogOutputStream:75 - [STDERR_REDIRECT] 
2026-08-18 09:34:57,273 [ERROR] LogOutputStream:75 - [STDERR_REDIRECT] Aug 18, 2026 9:34:57 AM java.util.prefs.FileSystemPreferences checkLockFile0ErrorCode
2026-08-18 09:34:57,274 [ERROR] LogOutputStream:75 - [STDERR_REDIRECT] WARNING: Could not lock System prefs. Unix error code 2.
2026-08-18 09:34:57,274 [ERROR] LogOutputStream:75 - [STDERR_REDIRECT] 
2026-08-18 09:34:57,274 [ERROR] LogOutputStream:75 - [STDERR_REDIRECT] Aug 18, 2026 9:34:57 AM java.util.prefs.FileSystemPreferences syncWorld
2026-08-18 09:34:57,274 [ERROR] LogOutputStream:75 - [STDERR_REDIRECT] WARNING: Couldn't flush system prefs: java.util.prefs.BackingStoreException: Couldn't get file lock.
2026-08-18 09:34:57,274 [ERROR] LogOutputStream:75 - [STDERR_REDIRECT] 
2026-08-18 09:35:27,274 [ERROR] LogOutputStream:75 - [STDERR_REDIRECT] Aug 18, 2026 9:35:27 AM java.util.prefs.FileSystemPreferences checkLockFile0ErrorCode
2026-08-18 09:35:27,274 [ERROR] LogOutputStream:75 - [STDERR_REDIRECT] WARNING: Could not lock System prefs. Unix error code 2.
2026-08-18 09:35:27,274 [ERROR] LogOutputStream:75 - [STDERR_REDIRECT] 
2026-08-18 09:35:27,274 [ERROR] LogOutputStream:75 - [STDERR_REDIRECT] Aug 18, 2026 9:35:27 AM java.util.prefs.FileSystemPreferences syncWorld
2026-08-18 09:35:27,274 [ERROR] LogOutputStream:75 - [STDERR_REDIRECT] WARNING: Couldn't flush system prefs: java.util.prefs.BackingStoreException: Couldn't get file lock.
2026-08-18 09:35:27,274 [ERROR] LogOutputStream:75 - [STDERR_REDIRECT] 
2026-08-18 09:35:57,274 [ERROR] LogOutputStream:75 - [STDERR_REDIRECT] Aug 18, 2026 9:35:57 AM java.util.prefs.FileSystemPreferences checkLockFile0ErrorCode
2026-08-18 09:35:57,274 [ERROR] LogOutputStream:75 - [STDERR_REDIRECT] WARNING: Could not lock System prefs. Unix error code 2.
2026-08-18 09:35:57,274 [ERROR] LogOutputStream:75 - [STDERR_REDIRECT] 
2026-08-18 09:35:57,274 [ERROR] LogOutputStream:75 - [STDERR_REDIRECT] Aug 18, 2026 9:35:57 AM java.util.prefs.FileSystemPreferences syncWorld
2026-08-18 09:35:57,275 [ERROR] LogOutputStream:75 - [STDERR_REDIRECT] WARNING: Couldn't flush system prefs: java.util.prefs.BackingStoreException: Couldn't get file lock.
2026-08-18 09:35:57,275 [ERROR] LogOutputStream:75 - [STDERR_REDIRECT] 
2026-08-18 09:36:27,273 [ERROR] LogOutputStream:75 - [STDERR_REDIRECT] Aug 18, 2026 9:36:27 AM java.util.prefs.FileSystemPreferences checkLockFile0ErrorCode
2026-08-18 09:36:27,273 [ERROR] LogOutputStream:75 - [STDERR_REDIRECT] WARNING: Could not lock System prefs. Unix error code 2.
2026-08-18 09:36:27,274 [ERROR] LogOutputStream:75 - [STDERR_REDIRECT] 
2026-08-18 09:36:27,274 [ERROR] LogOutputStream:75 - [STDERR_REDIRECT] Aug 18, 2026 9:36:27 AM java.util.prefs.FileSystemPreferences syncWorld
2026-08-18 09:36:27,274 [ERROR] LogOutputStream:75 - [STDERR_REDIRECT] WARNING: Couldn't flush system prefs: java.util.prefs.BackingStoreException: Couldn't get file lock.
2026-08-18 09:36:27,275 [ERROR] LogOutputStream:75 - [STDERR_REDIRECT] 
2026-08-18 09:36:57,273 [ERROR] LogOutputStream:75 - [STDERR_REDIRECT] Aug 18, 2026 9:36:57 AM java.util.prefs.FileSystemPreferences checkLockFile0ErrorCode
2026-08-18 09:36:57,273 [ERROR] LogOutputStream:75 - [STDERR_REDIRECT] WARNING: Could not lock System prefs. Unix error code 2.
2026-08-18 09:36:57,273 [ERROR] LogOutputStream:75 - [STDERR_REDIRECT] 
2026-08-18 09:36:57,274 [ERROR] LogOutputStream:75 - [STDERR_REDIRECT] Aug 18, 2026 9:36:57 AM java.util.prefs.FileSystemPreferences syncWorld
2026-08-18 09:36:57,274 [ERROR] LogOutputStream:75 - [STDERR_REDIRECT] WARNING: Couldn't flush system prefs: java.util.prefs.BackingStoreException: Couldn't get file lock.
2026-08-18 09:36:57,274 [ERROR] LogOutputStream:75 - [STDERR_REDIRECT] 
2026-08-18 09:37:27,274 [ERROR] LogOutputStream:75 - [STDERR_REDIRECT] Aug 18, 2026 9:37:27 AM java.util.prefs.FileSystemPreferences checkLockFile0ErrorCode
2026-08-18 09:37:27,274 [ERROR] LogOutputStream:75 - [STDERR_REDIRECT] WARNING: Could not lock System prefs. Unix error code 2.
2026-08-18 09:37:27,274 [ERROR] LogOutputStream:75 - [STDERR_REDIRECT] 
2026-08-18 09:37:27,274 [ERROR] LogOutputStream:75 - [STDERR_REDIRECT] Aug 18, 2026 9:37:27 AM java.util.prefs.FileSystemPreferences syncWorld
2026-08-18 09:37:27,275 [ERROR] LogOutputStream:75 - [STDERR_REDIRECT] WARNING: Couldn't flush system prefs: java.util.prefs.BackingStoreException: Couldn't get file lock.
2026-08-18 09:37:27,275 [ERROR] LogOutputStream:75 - [STDERR_REDIRECT] 
2026-08-18 09:37:57,273 [ERROR] LogOutputStream:75 - [STDERR_REDIRECT] Aug 18, 2026 9:37:57 AM java.util.prefs.FileSystemPreferences checkLockFile0ErrorCode
2026-08-18 09:37:57,274 [ERROR] LogOutputStream:75 - [STDERR_REDIRECT] WARNING: Could not lock System prefs. Unix error code 2.
2026-08-18 09:37:57,274 [ERROR] LogOutputStream:75 - [STDERR_REDIRECT] 
2026-08-18 09:37:57,274 [ERROR] LogOutputStream:75 - [STDERR_REDIRECT] Aug 18, 2026 9:37:57 AM java.util.prefs.FileSystemPreferences syncWorld
2026-08-18 09:37:57,274 [ERROR] LogOutputStream:75 - [STDERR_REDIRECT] WARNING: Couldn't flush system prefs: java.util.prefs.BackingStoreException: Couldn't get file lock.
2026-08-18 09:37:57,275 [ERROR] LogOutputStream:75 - [STDERR_REDIRECT] 
2026-08-18 09:38:27,273 [ERROR] LogOutputStream:75 - [STDERR_REDIRECT] Aug 18, 2026 9:38:27 AM java.util.prefs.FileSystemPreferences checkLockFile0ErrorCode
2026-08-18 09:38:27,273 [ERROR] LogOutputStream:75 - [STDERR_REDIRECT] WARNING: Could not lock System prefs. Unix error code 2.
2026-08-18 09:38:27,273 [ERROR] LogOutputStream:75 - [STDERR_REDIRECT] 
2026-08-18 09:38:27,274 [ERROR] LogOutputStream:75 - [STDERR_REDIRECT] Aug 18, 2026 9:38:27 AM java.util.prefs.FileSystemPreferences syncWorld
2026-08-18 09:38:27,274 [ERROR] LogOutputStream:75 - [STDERR_REDIRECT] WARNING: Couldn't flush system prefs: java.util.prefs.BackingStoreException: Couldn't get file lock.
2026-08-18 09:38:27,274 [ERROR] LogOutputStream:75 - [STDERR_REDIRECT] 
2026-08-18 09:38:57,274 [ERROR] LogOutputStream:75 - [STDERR_REDIRECT] Aug 18, 2026 9:38:57 AM java.util.prefs.FileSystemPreferences checkLockFile0ErrorCode
2026-08-18 09:38:57,274 [ERROR] LogOutputStream:75 - [STDERR_REDIRECT] WARNING: Could not lock System prefs. Unix error code 2.
2026-08-18 09:38:57,274 [ERROR] LogOutputStream:75 - [STDERR_REDIRECT] 
2026-08-18 09:38:57,274 [ERROR] LogOutputStream:75 - [STDERR_REDIRECT] Aug 18, 2026 9:38:57 AM java.util.prefs.FileSystemPreferences syncWorld
2026-08-18 09:38:57,274 [ERROR] LogOutputStream:75 - [STDERR_REDIRECT] WARNING: Couldn't flush system prefs: java.util.prefs.BackingStoreException: Couldn't get file lock.
2026-08-18 09:38:57,274 [ERROR] LogOutputStream:75 - [STDERR_REDIRECT] 
2026-08-18 09:39:27,274 [ERROR] LogOutputStream:75 - [STDERR_REDIRECT] Aug 18, 2026 9:39:27 AM java.util.prefs.FileSystemPreferences checkLockFile0ErrorCode
2026-08-18 09:39:27,274 [ERROR] LogOutputStream:75 - [STDERR_REDIRECT] WARNING: Could not lock System prefs. Unix error code 2.
2026-08-18 09:39:27,274 [ERROR] LogOutputStream:75 - [STDERR_REDIRECT] 
2026-08-18 09:39:27,274 [ERROR] LogOutputStream:75 - [STDERR_REDIRECT] Aug 18, 2026 9:39:27 AM java.util.prefs.FileSystemPreferences syncWorld
2026-08-18 09:39:27,274 [ERROR] LogOutputStream:75 - [STDERR_REDIRECT] WARNING: Couldn't flush system prefs: java.util.prefs.BackingStoreException: Couldn't get file lock.
2026-08-18 09:39:27,274 [ERROR] LogOutputStream:75 - [STDERR_REDIRECT] 
2026-08-18 09:39:57,274 [ERROR] LogOutputStream:75 - [STDERR_REDIRECT] Aug 18, 2026 9:39:57 AM java.util.prefs.FileSystemPreferences checkLockFile0ErrorCode
2026-08-18 09:39:57,274 [ERROR] LogOutputStream:75 - [STDERR_REDIRECT] WARNING: Could not lock System prefs. Unix error code 2.
2026-08-18 09:39:57,274 [ERROR] LogOutputStream:75 - [STDERR_REDIRECT] 
2026-08-18 09:39:57,274 [ERROR] LogOutputStream:75 - [STDERR_REDIRECT] Aug 18, 2026 9:39:57 AM java.util.prefs.FileSystemPreferences syncWorld
2026-08-18 09:39:57,274 [ERROR] LogOutputStream:75 - [STDERR_REDIRECT] WARNING: Couldn't flush system prefs: java.util.prefs.BackingStoreException: Couldn't get file lock.
2026-08-18 09:39:57,274 [ERROR] LogOutputStream:75 - [STDERR_REDIRECT] 
2026-08-18 09:40:27,274 [ERROR] LogOutputStream:75 - [STDERR_REDIRECT] Aug 18, 2026 9:40:27 AM java.util.prefs.FileSystemPreferences checkLockFile0ErrorCode
2026-08-18 09:40:27,275 [ERROR] LogOutputStream:75 - [STDERR_REDIRECT] WARNING: Could not lock System prefs. Unix error code 2.
2026-08-18 09:40:27,275 [ERROR] LogOutputStream:75 - [STDERR_REDIRECT] 
2026-08-18 09:40:27,275 [ERROR] LogOutputStream:75 - [STDERR_REDIRECT] Aug 18, 2026 9:40:27 AM java.util.prefs.FileSystemPreferences syncWorld
2026-08-18 09:40:27,275 [ERROR] LogOutputStream:75 - [STDERR_REDIRECT] WARNING: Couldn't flush system prefs: java.util.prefs.BackingStoreException: Couldn't get file lock.
2026-08-18 09:40:27,275 [ERROR] LogOutputStream:75 - [STDERR_REDIRECT] 
2026-08-18 09:40:57,276 [ERROR] LogOutputStream:75 - [STDERR_REDIRECT] Aug 18, 2026 9:40:57 AM java.util.prefs.FileSystemPreferences checkLockFile0ErrorCode
2026-08-18 09:40:57,276 [ERROR] LogOutputStream:75 - [STDERR_REDIRECT] WARNING: Could not lock System prefs. Unix error code 2.
2026-08-18 09:40:57,276 [ERROR] LogOutputStream:75 - [STDERR_REDIRECT] 
2026-08-18 09:40:57,276 [ERROR] LogOutputStream:75 - [STDERR_REDIRECT] Aug 18, 2026 9:40:57 AM java.util.prefs.FileSystemPreferences syncWorld
2026-08-18 09:40:57,277 [ERROR] LogOutputStream:75 - [STDERR_REDIRECT] WARNING: Couldn't flush system prefs: java.util.prefs.BackingStoreException: Couldn't get file lock.
2026-08-18 09:40:57,277 [ERROR] LogOutputStream:75 - [STDERR_REDIRECT] 
2026-08-18 09:41:27,275 [ERROR] LogOutputStream:75 - [STDERR_REDIRECT] Aug 18, 2026 9:41:27 AM java.util.prefs.FileSystemPreferences checkLockFile0ErrorCode
2026-08-18 09:41:27,275 [ERROR] LogOutputStream:75 - [STDERR_REDIRECT] WARNING: Could not lock System prefs. Unix error code 2.
2026-08-18 09:41:27,275 [ERROR] LogOutputStream:75 - [STDERR_REDIRECT] 
2026-08-18 09:41:27,275 [ERROR] LogOutputStream:75 - [STDERR_REDIRECT] Aug 18, 2026 9:41:27 AM java.util.prefs.FileSystemPreferences syncWorld
2026-08-18 09:41:27,275 [ERROR] LogOutputStream:75 - [STDERR_REDIRECT] WARNING: Couldn't flush system prefs: java.util.prefs.BackingStoreException: Couldn't get file lock.
2026-08-18 09:41:27,275 [ERROR] LogOutputStream:75 - [STDERR_REDIRECT] 
2026-08-18 09:41:57,275 [ERROR] LogOutputStream:75 - [STDERR_REDIRECT] Aug 18, 2026 9:41:57 AM java.util.prefs.FileSystemPreferences checkLockFile0ErrorCode
2026-08-18 09:41:57,275 [ERROR] LogOutputStream:75 - [STDERR_REDIRECT] WARNING: Could not lock System prefs. Unix error code 2.
2026-08-18 09:41:57,275 [ERROR] LogOutputStream:75 - [STDERR_REDIRECT] 
2026-08-18 09:41:57,275 [ERROR] LogOutputStream:75 - [STDERR_REDIRECT] Aug 18, 2026 9:41:57 AM java.util.prefs.FileSystemPreferences syncWorld
2026-08-18 09:41:57,275 [ERROR] LogOutputStream:75 - [STDERR_REDIRECT] WARNING: Couldn't flush system prefs: java.util.prefs.BackingStoreException: Couldn't get file lock.
2026-08-18 09:41:57,275 [ERROR] LogOutputStream:75 - [STDERR_REDIRECT] 
2026-08-18 09:42:27,277 [ERROR] LogOutputStream:75 - [STDERR_REDIRECT] Aug 18, 2026 9:42:27 AM java.util.prefs.FileSystemPreferences checkLockFile0ErrorCode
2026-08-18 09:42:27,277 [ERROR] LogOutputStream:75 - [STDERR_REDIRECT] WARNING: Could not lock System prefs. Unix error code 2.
2026-08-18 09:42:27,277 [ERROR] LogOutputStream:75 - [STDERR_REDIRECT] 
2026-08-18 09:42:27,278 [ERROR] LogOutputStream:75 - [STDERR_REDIRECT] Aug 18, 2026 9:42:27 AM java.util.prefs.FileSystemPreferences syncWorld
2026-08-18 09:42:27,278 [ERROR] LogOutputStream:75 - [STDERR_REDIRECT] WARNING: Couldn't flush system prefs: java.util.prefs.BackingStoreException: Couldn't get file lock.
2026-08-18 09:42:27,278 [ERROR] LogOutputStream:75 - [STDERR_REDIRECT] 
2026-08-18 09:42:57,277 [ERROR] LogOutputStream:75 - [STDERR_REDIRECT] Aug 18, 2026 9:42:57 AM java.util.prefs.FileSystemPreferences checkLockFile0ErrorCode
2026-08-18 09:42:57,277 [ERROR] LogOutputStream:75 - [STDERR_REDIRECT] WARNING: Could not lock System prefs. Unix error code 2.
2026-08-18 09:42:57,277 [ERROR] LogOutputStream:75 - [STDERR_REDIRECT] 
2026-08-18 09:42:57,277 [ERROR] LogOutputStream:75 - [STDERR_REDIRECT] Aug 18, 2026 9:42:57 AM java.util.prefs.FileSystemPreferences syncWorld
2026-08-18 09:42:57,277 [ERROR] LogOutputStream:75 - [STDERR_REDIRECT] WARNING: Couldn't flush system prefs: java.util.prefs.BackingStoreException: Couldn't get file lock.
2026-08-18 09:42:57,282 [ERROR] LogOutputStream:75 - [STDERR_REDIRECT] 
2026-08-18 09:43:27,277 [ERROR] LogOutputStream:75 - [STDERR_REDIRECT] Aug 18, 2026 9:43:27 AM java.util.prefs.FileSystemPreferences checkLockFile0ErrorCode
2026-08-18 09:43:27,278 [ERROR] LogOutputStream:75 - [STDERR_REDIRECT] WARNING: Could not lock System prefs. Unix error code 2.
2026-08-18 09:43:27,278 [ERROR] LogOutputStream:75 - [STDERR_REDIRECT] 
2026-08-18 09:43:27,278 [ERROR] LogOutputStream:75 - [STDERR_REDIRECT] Aug 18, 2026 9:43:27 AM java.util.prefs.FileSystemPreferences syncWorld
2026-08-18 09:43:27,279 [ERROR] LogOutputStream:75 - [STDERR_REDIRECT] WARNING: Couldn't flush system prefs: java.util.prefs.BackingStoreException: Couldn't get file lock.
2026-08-18 09:43:27,279 [ERROR] LogOutputStream:75 - [STDERR_REDIRECT] 
2026-08-18 09:43:57,277 [ERROR] LogOutputStream:75 - [STDERR_REDIRECT] Aug 18, 2026 9:43:57 AM java.util.prefs.FileSystemPreferences checkLockFile0ErrorCode
2026-08-18 09:43:57,277 [ERROR] LogOutputStream:75 - [STDERR_REDIRECT] WARNING: Could not lock System prefs. Unix error code 2.
2026-08-18 09:43:57,277 [ERROR] LogOutputStream:75 - [STDERR_REDIRECT] 
2026-08-18 09:43:57,278 [ERROR] LogOutputStream:75 - [STDERR_REDIRECT] Aug 18, 2026 9:43:57 AM java.util.prefs.FileSystemPreferences syncWorld
2026-08-18 09:43:57,278 [ERROR] LogOutputStream:75 - [STDERR_REDIRECT] WARNING: Couldn't flush system prefs: java.util.prefs.BackingStoreException: Couldn't get file lock.
2026-08-18 09:43:57,278 [ERROR] LogOutputStream:75 - [STDERR_REDIRECT] 
2026-08-18 09:44:27,277 [ERROR] LogOutputStream:75 - [STDERR_REDIRECT] Aug 18, 2026 9:44:27 AM java.util.prefs.FileSystemPreferences checkLockFile0ErrorCode
2026-08-18 09:44:27,277 [ERROR] LogOutputStream:75 - [STDERR_REDIRECT] WARNING: Could not lock System prefs. Unix error code 2.
2026-08-18 09:44:27,278 [ERROR] LogOutputStream:75 - [STDERR_REDIRECT] 
2026-08-18 09:44:27,278 [ERROR] LogOutputStream:75 - [STDERR_REDIRECT] Aug 18, 2026 9:44:27 AM java.util.prefs.FileSystemPreferences syncWorld
2026-08-18 09:44:27,278 [ERROR] LogOutputStream:75 - [STDERR_REDIRECT] WARNING: Couldn't flush system prefs: java.util.prefs.BackingStoreException: Couldn't get file lock.
2026-08-18 09:44:27,278 [ERROR] LogOutputStream:75 - [STDERR_REDIRECT] 
2026-08-18 09:44:57,279 [ERROR] LogOutputStream:75 - [STDERR_REDIRECT] Aug 18, 2026 9:44:57 AM java.util.prefs.FileSystemPreferences checkLockFile0ErrorCode
2026-08-18 09:44:57,280 [ERROR] LogOutputStream:75 - [STDERR_REDIRECT] WARNING: Could not lock System prefs. Unix error code 2.
2026-08-18 09:44:57,280 [ERROR] LogOutputStream:75 - [STDERR_REDIRECT] 
2026-08-18 09:44:57,280 [ERROR] LogOutputStream:75 - [STDERR_REDIRECT] Aug 18, 2026 9:44:57 AM java.util.prefs.FileSystemPreferences syncWorld
2026-08-18 09:44:57,280 [ERROR] LogOutputStream:75 - [STDERR_REDIRECT] WARNING: Couldn't flush system prefs: java.util.prefs.BackingStoreException: Couldn't get file lock.
2026-08-18 09:44:57,280 [ERROR] LogOutputStream:75 - [STDERR_REDIRECT] 
2026-08-18 09:45:27,279 [ERROR] LogOutputStream:75 - [STDERR_REDIRECT] Aug 18, 2026 9:45:27 AM java.util.prefs.FileSystemPreferences checkLockFile0ErrorCode
2026-08-18 09:45:27,279 [ERROR] LogOutputStream:75 - [STDERR_REDIRECT] WARNING: Could not lock System prefs. Unix error code 2.
2026-08-18 09:45:27,279 [ERROR] LogOutputStream:75 - [STDERR_REDIRECT] 
2026-08-18 09:45:27,280 [ERROR] LogOutputStream:75 - [STDERR_REDIRECT] Aug 18, 2026 9:45:27 AM java.util.prefs.FileSystemPreferences syncWorld
2026-08-18 09:45:27,280 [ERROR] LogOutputStream:75 - [STDERR_REDIRECT] WARNING: Couldn't flush system prefs: java.util.prefs.BackingStoreException: Couldn't get file lock.
2026-08-18 09:45:27,280 [ERROR] LogOutputStream:75 - [STDERR_REDIRECT] 
2026-08-18 09:45:57,279 [ERROR] LogOutputStream:75 - [STDERR_REDIRECT] Aug 18, 2026 9:45:57 AM java.util.prefs.FileSystemPreferences checkLockFile0ErrorCode
2026-08-18 09:45:57,280 [ERROR] LogOutputStream:75 - [STDERR_REDIRECT] WARNING: Could not lock System prefs. Unix error code 2.
2026-08-18 09:45:57,280 [ERROR] LogOutputStream:75 - [STDERR_REDIRECT] 
2026-08-18 09:45:57,280 [ERROR] LogOutputStream:75 - [STDERR_REDIRECT] Aug 18, 2026 9:45:57 AM java.util.prefs.FileSystemPreferences syncWorld
2026-08-18 09:45:57,280 [ERROR] LogOutputStream:75 - [STDERR_REDIRECT] WARNING: Couldn't flush system prefs: java.util.prefs.BackingStoreException: Couldn't get file lock.
2026-08-18 09:45:57,280 [ERROR] LogOutputStream:75 - [STDERR_REDIRECT] 
2026-08-18 09:46:27,282 [ERROR] LogOutputStream:75 - [STDERR_REDIRECT] Aug 18, 2026 9:46:27 AM java.util.prefs.FileSystemPreferences checkLockFile0ErrorCode
2026-08-18 09:46:27,283 [ERROR] LogOutputStream:75 - [STDERR_REDIRECT] WARNING: Could not lock System prefs. Unix error code 2.
2026-08-18 09:46:27,283 [ERROR] LogOutputStream:75 - [STDERR_REDIRECT] 
2026-08-18 09:46:27,283 [ERROR] LogOutputStream:75 - [STDERR_REDIRECT] Aug 18, 2026 9:46:27 AM java.util.prefs.FileSystemPreferences syncWorld
2026-08-18 09:46:27,284 [ERROR] LogOutputStream:75 - [STDERR_REDIRECT] WARNING: Couldn't flush system prefs: java.util.prefs.BackingStoreException: Couldn't get file lock.
2026-08-18 09:46:27,284 [ERROR] LogOutputStream:75 - [STDERR_REDIRECT] 
2026-08-18 09:46:57,279 [ERROR] LogOutputStream:75 - [STDERR_REDIRECT] Aug 18, 2026 9:46:57 AM java.util.prefs.FileSystemPreferences checkLockFile0ErrorCode
2026-08-18 09:46:57,279 [ERROR] LogOutputStream:75 - [STDERR_REDIRECT] WARNING: Could not lock System prefs. Unix error code 2.
2026-08-18 09:46:57,279 [ERROR] LogOutputStream:75 - [STDERR_REDIRECT] 
2026-08-18 09:46:57,280 [ERROR] LogOutputStream:75 - [STDERR_REDIRECT] Aug 18, 2026 9:46:57 AM java.util.prefs.FileSystemPreferences syncWorld
2026-08-18 09:46:57,280 [ERROR] LogOutputStream:75 - [STDERR_REDIRECT] WARNING: Couldn't flush system prefs: java.util.prefs.BackingStoreException: Couldn't get file lock.
2026-08-18 09:46:57,280 [ERROR] LogOutputStream:75 - [STDERR_REDIRECT] 
2026-08-18 09:47:27,278 [ERROR] LogOutputStream:75 - [STDERR_REDIRECT] Aug 18, 2026 9:47:27 AM java.util.prefs.FileSystemPreferences checkLockFile0ErrorCode
2026-08-18 09:47:27,279 [ERROR] LogOutputStream:75 - [STDERR_REDIRECT] WARNING: Could not lock System prefs. Unix error code 2.
2026-08-18 09:47:27,279 [ERROR] LogOutputStream:75 - [STDERR_REDIRECT] 
2026-08-18 09:47:27,279 [ERROR] LogOutputStream:75 - [STDERR_REDIRECT] Aug 18, 2026 9:47:27 AM java.util.prefs.FileSystemPreferences syncWorld
2026-08-18 09:47:27,279 [ERROR] LogOutputStream:75 - [STDERR_REDIRECT] WARNING: Couldn't flush system prefs: java.util.prefs.BackingStoreException: Couldn't get file lock.
2026-08-18 09:47:27,279 [ERROR] LogOutputStream:75 - [STDERR_REDIRECT] 
2026-08-18 09:47:57,279 [ERROR] LogOutputStream:75 - [STDERR_REDIRECT] Aug 18, 2026 9:47:57 AM java.util.prefs.FileSystemPreferences checkLockFile0ErrorCode
2026-08-18 09:47:57,280 [ERROR] LogOutputStream:75 - [STDERR_REDIRECT] WARNING: Could not lock System prefs. Unix error code 2.
2026-08-18 09:47:57,280 [ERROR] LogOutputStream:75 - [STDERR_REDIRECT] 
2026-08-18 09:47:57,280 [ERROR] LogOutputStream:75 - [STDERR_REDIRECT] Aug 18, 2026 9:47:57 AM java.util.prefs.FileSystemPreferences syncWorld
2026-08-18 09:47:57,280 [ERROR] LogOutputStream:75 - [STDERR_REDIRECT] WARNING: Couldn't flush system prefs: java.util.prefs.BackingStoreException: Couldn't get file lock.
2026-08-18 09:47:57,280 [ERROR] LogOutputStream:75 - [STDERR_REDIRECT] 
2026-08-18 09:48:27,279 [ERROR] LogOutputStream:75 - [STDERR_REDIRECT] Aug 18, 2026 9:48:27 AM java.util.prefs.FileSystemPreferences checkLockFile0ErrorCode
2026-08-18 09:48:27,279 [ERROR] LogOutputStream:75 - [STDERR_REDIRECT] WARNING: Could not lock System prefs. Unix error code 2.
2026-08-18 09:48:27,279 [ERROR] LogOutputStream:75 - [STDERR_REDIRECT] 
2026-08-18 09:48:27,279 [ERROR] LogOutputStream:75 - [STDERR_REDIRECT] Aug 18, 2026 9:48:27 AM java.util.prefs.FileSystemPreferences syncWorld
2026-08-18 09:48:27,279 [ERROR] LogOutputStream:75 - [STDERR_REDIRECT] WARNING: Couldn't flush system prefs: java.util.prefs.BackingStoreException: Couldn't get file lock.
2026-08-18 09:48:27,279 [ERROR] LogOutputStream:75 - [STDERR_REDIRECT] 
2026-08-18 09:48:57,279 [ERROR] LogOutputStream:75 - [STDERR_REDIRECT] Aug 18, 2026 9:48:57 AM java.util.prefs.FileSystemPreferences checkLockFile0ErrorCode
2026-08-18 09:48:57,279 [ERROR] LogOutputStream:75 - [STDERR_REDIRECT] WARNING: Could not lock System prefs. Unix error code 2.
2026-08-18 09:48:57,279 [ERROR] LogOutputStream:75 - [STDERR_REDIRECT] 
2026-08-18 09:48:57,279 [ERROR] LogOutputStream:75 - [STDERR_REDIRECT] Aug 18, 2026 9:48:57 AM java.util.prefs.FileSystemPreferences syncWorld
2026-08-18 09:48:57,279 [ERROR] LogOutputStream:75 - [STDERR_REDIRECT] WARNING: Couldn't flush system prefs: java.util.prefs.BackingStoreException: Couldn't get file lock.
2026-08-18 09:48:57,279 [ERROR] LogOutputStream:75 - [STDERR_REDIRECT] 
2026-08-18 09:49:27,280 [ERROR] LogOutputStream:75 - [STDERR_REDIRECT] Aug 18, 2026 9:49:27 AM java.util.prefs.FileSystemPreferences checkLockFile0ErrorCode
2026-08-18 09:49:27,280 [ERROR] LogOutputStream:75 - [STDERR_REDIRECT] WARNING: Could not lock System prefs. Unix error code 2.
2026-08-18 09:49:27,281 [ERROR] LogOutputStream:75 - [STDERR_REDIRECT] 
2026-08-18 09:49:27,281 [ERROR] LogOutputStream:75 - [STDERR_REDIRECT] Aug 18, 2026 9:49:27 AM java.util.prefs.FileSystemPreferences syncWorld
2026-08-18 09:49:27,281 [ERROR] LogOutputStream:75 - [STDERR_REDIRECT] WARNING: Couldn't flush system prefs: java.util.prefs.BackingStoreException: Couldn't get file lock.
2026-08-18 09:49:27,281 [ERROR] LogOutputStream:75 - [STDERR_REDIRECT] 
2026-08-18 09:49:57,279 [ERROR] LogOutputStream:75 - [STDERR_REDIRECT] Aug 18, 2026 9:49:57 AM java.util.prefs.FileSystemPreferences checkLockFile0ErrorCode
2026-08-18 09:49:57,279 [ERROR] LogOutputStream:75 - [STDERR_REDIRECT] WARNING: Could not lock System prefs. Unix error code 2.
2026-08-18 09:49:57,279 [ERROR] LogOutputStream:75 - [STDERR_REDIRECT] 
2026-08-18 09:49:57,280 [ERROR] LogOutputStream:75 - [STDERR_REDIRECT] Aug 18, 2026 9:49:57 AM java.util.prefs.FileSystemPreferences syncWorld
2026-08-18 09:49:57,280 [ERROR] LogOutputStream:75 - [STDERR_REDIRECT] WARNING: Couldn't flush system prefs: java.util.prefs.BackingStoreException: Couldn't get file lock.
2026-08-18 09:49:57,280 [ERROR] LogOutputStream:75 - [STDERR_REDIRECT] 
2026-08-18 09:50:27,279 [ERROR] LogOutputStream:75 - [STDERR_REDIRECT] Aug 18, 2026 9:50:27 AM java.util.prefs.FileSystemPreferences checkLockFile0ErrorCode
2026-08-18 09:50:27,280 [ERROR] LogOutputStream:75 - [STDERR_REDIRECT] WARNING: Could not lock System prefs. Unix error code 2.
2026-08-18 09:50:27,280 [ERROR] LogOutputStream:75 - [STDERR_REDIRECT] 
2026-08-18 09:50:27,280 [ERROR] LogOutputStream:75 - [STDERR_REDIRECT] Aug 18, 2026 9:50:27 AM java.util.prefs.FileSystemPreferences syncWorld
2026-08-18 09:50:27,280 [ERROR] LogOutputStream:75 - [STDERR_REDIRECT] WARNING: Couldn't flush system prefs: java.util.prefs.BackingStoreException: Couldn't get file lock.
2026-08-18 09:50:27,280 [ERROR] LogOutputStream:75 - [STDERR_REDIRECT] 
2026-08-18 09:50:57,281 [ERROR] LogOutputStream:75 - [STDERR_REDIRECT] Aug 18, 2026 9:50:57 AM java.util.prefs.FileSystemPreferences checkLockFile0ErrorCode
2026-08-18 09:50:57,281 [ERROR] LogOutputStream:75 - [STDERR_REDIRECT] WARNING: Could not lock System prefs. Unix error code 2.
2026-08-18 09:50:57,281 [ERROR] LogOutputStream:75 - [STDERR_REDIRECT] 
2026-08-18 09:50:57,282 [ERROR] LogOutputStream:75 - [STDERR_REDIRECT] Aug 18, 2026 9:50:57 AM java.util.prefs.FileSystemPreferences syncWorld
2026-08-18 09:50:57,282 [ERROR] LogOutputStream:75 - [STDERR_REDIRECT] WARNING: Couldn't flush system prefs: java.util.prefs.BackingStoreException: Couldn't get file lock.
2026-08-18 09:50:57,282 [ERROR] LogOutputStream:75 - [STDERR_REDIRECT] 
2026-08-18 09:51:27,281 [ERROR] LogOutputStream:75 - [STDERR_REDIRECT] Aug 18, 2026 9:51:27 AM java.util.prefs.FileSystemPreferences checkLockFile0ErrorCode
2026-08-18 09:51:27,282 [ERROR] LogOutputStream:75 - [STDERR_REDIRECT] WARNING: Could not lock System prefs. Unix error code 2.
2026-08-18 09:51:27,282 [ERROR] LogOutputStream:75 - [STDERR_REDIRECT] 
2026-08-18 09:51:27,282 [ERROR] LogOutputStream:75 - [STDERR_REDIRECT] Aug 18, 2026 9:51:27 AM java.util.prefs.FileSystemPreferences syncWorld
2026-08-18 09:51:27,282 [ERROR] LogOutputStream:75 - [STDERR_REDIRECT] WARNING: Couldn't flush system prefs: java.util.prefs.BackingStoreException: Couldn't get file lock.
2026-08-18 09:51:27,282 [ERROR] LogOutputStream:75 - [STDERR_REDIRECT] 
2026-08-18 09:51:57,280 [ERROR] LogOutputStream:75 - [STDERR_REDIRECT] Aug 18, 2026 9:51:57 AM java.util.prefs.FileSystemPreferences checkLockFile0ErrorCode
2026-08-18 09:51:57,280 [ERROR] LogOutputStream:75 - [STDERR_REDIRECT] WARNING: Could not lock System prefs. Unix error code 2.
2026-08-18 09:51:57,281 [ERROR] LogOutputStream:75 - [STDERR_REDIRECT] 
2026-08-18 09:51:57,281 [ERROR] LogOutputStream:75 - [STDERR_REDIRECT] Aug 18, 2026 9:51:57 AM java.util.prefs.FileSystemPreferences syncWorld
2026-08-18 09:51:57,281 [ERROR] LogOutputStream:75 - [STDERR_REDIRECT] WARNING: Couldn't flush system prefs: java.util.prefs.BackingStoreException: Couldn't get file lock.
2026-08-18 09:51:57,281 [ERROR] LogOutputStream:75 - [STDERR_REDIRECT] 
2026-08-18 09:52:27,280 [ERROR] LogOutputStream:75 - [STDERR_REDIRECT] Aug 18, 2026 9:52:27 AM java.util.prefs.FileSystemPreferences checkLockFile0ErrorCode
2026-08-18 09:52:27,281 [ERROR] LogOutputStream:75 - [STDERR_REDIRECT] WARNING: Could not lock System prefs. Unix error code 2.
2026-08-18 09:52:27,281 [ERROR] LogOutputStream:75 - [STDERR_REDIRECT] 
2026-08-18 09:52:27,281 [ERROR] LogOutputStream:75 - [STDERR_REDIRECT] Aug 18, 2026 9:52:27 AM java.util.prefs.FileSystemPreferences syncWorld
2026-08-18 09:52:27,281 [ERROR] LogOutputStream:75 - [STDERR_REDIRECT] WARNING: Couldn't flush system prefs: java.util.prefs.BackingStoreException: Couldn't get file lock.
2026-08-18 09:52:27,281 [ERROR] LogOutputStream:75 - [STDERR_REDIRECT] 
2026-08-18 09:52:57,281 [ERROR] LogOutputStream:75 - [STDERR_REDIRECT] Aug 18, 2026 9:52:57 AM java.util.prefs.FileSystemPreferences checkLockFile0ErrorCode
2026-08-18 09:52:57,281 [ERROR] LogOutputStream:75 - [STDERR_REDIRECT] WARNING: Could not lock System prefs. Unix error code 2.
2026-08-18 09:52:57,281 [ERROR] LogOutputStream:75 - [STDERR_REDIRECT] 
2026-08-18 09:52:57,282 [ERROR] LogOutputStream:75 - [STDERR_REDIRECT] Aug 18, 2026 9:52:57 AM java.util.prefs.FileSystemPreferences syncWorld
2026-08-18 09:52:57,282 [ERROR] LogOutputStream:75 - [STDERR_REDIRECT] WARNING: Couldn't flush system prefs: java.util.prefs.BackingStoreException: Couldn't get file lock.
2026-08-18 09:52:57,282 [ERROR] LogOutputStream:75 - [STDERR_REDIRECT] 
2026-08-18 09:53:27,280 [ERROR] LogOutputStream:75 - [STDERR_REDIRECT] Aug 18, 2026 9:53:27 AM java.util.prefs.FileSystemPreferences checkLockFile0ErrorCode
2026-08-18 09:53:27,280 [ERROR] LogOutputStream:75 - [STDERR_REDIRECT] WARNING: Could not lock System prefs. Unix error code 2.
2026-08-18 09:53:27,280 [ERROR] LogOutputStream:75 - [STDERR_REDIRECT] 
2026-08-18 09:53:27,280 [ERROR] LogOutputStream:75 - [STDERR_REDIRECT] Aug 18, 2026 9:53:27 AM java.util.prefs.FileSystemPreferences syncWorld
2026-08-18 09:53:27,280 [ERROR] LogOutputStream:75 - [STDERR_REDIRECT] WARNING: Couldn't flush system prefs: java.util.prefs.BackingStoreException: Couldn't get file lock.
2026-08-18 09:53:27,280 [ERROR] LogOutputStream:75 - [STDERR_REDIRECT] 
2026-08-18 09:53:57,280 [ERROR] LogOutputStream:75 - [STDERR_REDIRECT] Aug 18, 2026 9:53:57 AM java.util.prefs.FileSystemPreferences checkLockFile0ErrorCode
2026-08-18 09:53:57,280 [ERROR] LogOutputStream:75 - [STDERR_REDIRECT] WARNING: Could not lock System prefs. Unix error code 2.
2026-08-18 09:53:57,280 [ERROR] LogOutputStream:75 - [STDERR_REDIRECT] 
2026-08-18 09:53:57,280 [ERROR] LogOutputStream:75 - [STDERR_REDIRECT] Aug 18, 2026 9:53:57 AM java.util.prefs.FileSystemPreferences syncWorld
2026-08-18 09:53:57,280 [ERROR] LogOutputStream:75 - [STDERR_REDIRECT] WARNING: Couldn't flush system prefs: java.util.prefs.BackingStoreException: Couldn't get file lock.
2026-08-18 09:53:57,280 [ERROR] LogOutputStream:75 - [STDERR_REDIRECT] 
2026-08-18 09:54:27,281 [ERROR] LogOutputStream:75 - [STDERR_REDIRECT] Aug 18, 2026 9:54:27 AM java.util.prefs.FileSystemPreferences checkLockFile0ErrorCode
2026-08-18 09:54:27,281 [ERROR] LogOutputStream:75 - [STDERR_REDIRECT] WARNING: Could not lock System prefs. Unix error code 2.
2026-08-18 09:54:27,282 [ERROR] LogOutputStream:75 - [STDERR_REDIRECT] 
2026-08-18 09:54:27,282 [ERROR] LogOutputStream:75 - [STDERR_REDIRECT] Aug 18, 2026 9:54:27 AM java.util.prefs.FileSystemPreferences syncWorld
2026-08-18 09:54:27,282 [ERROR] LogOutputStream:75 - [STDERR_REDIRECT] WARNING: Couldn't flush system prefs: java.util.prefs.BackingStoreException: Couldn't get file lock.
2026-08-18 09:54:27,282 [ERROR] LogOutputStream:75 - [STDERR_REDIRECT] 
2026-08-18 09:54:57,281 [ERROR] LogOutputStream:75 - [STDERR_REDIRECT] Aug 18, 2026 9:54:57 AM java.util.prefs.FileSystemPreferences checkLockFile0ErrorCode
2026-08-18 09:54:57,282 [ERROR] LogOutputStream:75 - [STDERR_REDIRECT] WARNING: Could not lock System prefs. Unix error code 2.
2026-08-18 09:54:57,282 [ERROR] LogOutputStream:75 - [STDERR_REDIRECT] 
2026-08-18 09:54:57,282 [ERROR] LogOutputStream:75 - [STDERR_REDIRECT] Aug 18, 2026 9:54:57 AM java.util.prefs.FileSystemPreferences syncWorld
2026-08-18 09:54:57,282 [ERROR] LogOutputStream:75 - [STDERR_REDIRECT] WARNING: Couldn't flush system prefs: java.util.prefs.BackingStoreException: Couldn't get file lock.
2026-08-18 09:54:57,282 [ERROR] LogOutputStream:75 - [STDERR_REDIRECT] 
2026-08-18 09:55:27,281 [ERROR] LogOutputStream:75 - [STDERR_REDIRECT] Aug 18, 2026 9:55:27 AM java.util.prefs.FileSystemPreferences checkLockFile0ErrorCode
2026-08-18 09:55:27,281 [ERROR] LogOutputStream:75 - [STDERR_REDIRECT] WARNING: Could not lock System prefs. Unix error code 2.
2026-08-18 09:55:27,281 [ERROR] LogOutputStream:75 - [STDERR_REDIRECT] 
2026-08-18 09:55:27,282 [ERROR] LogOutputStream:75 - [STDERR_REDIRECT] Aug 18, 2026 9:55:27 AM java.util.prefs.FileSystemPreferences syncWorld
2026-08-18 09:55:27,282 [ERROR] LogOutputStream:75 - [STDERR_REDIRECT] WARNING: Couldn't flush system prefs: java.util.prefs.BackingStoreException: Couldn't get file lock.
2026-08-18 09:55:27,282 [ERROR] LogOutputStream:75 - [STDERR_REDIRECT] 
2026-08-18 09:55:57,281 [ERROR] LogOutputStream:75 - [STDERR_REDIRECT] Aug 18, 2026 9:55:57 AM java.util.prefs.FileSystemPreferences checkLockFile0ErrorCode
2026-08-18 09:55:57,281 [ERROR] LogOutputStream:75 - [STDERR_REDIRECT] WARNING: Could not lock System prefs. Unix error code 2.
2026-08-18 09:55:57,281 [ERROR] LogOutputStream:75 - [STDERR_REDIRECT] 
2026-08-18 09:55:57,281 [ERROR] LogOutputStream:75 - [STDERR_REDIRECT] Aug 18, 2026 9:55:57 AM java.util.prefs.FileSystemPreferences syncWorld
2026-08-18 09:55:57,281 [ERROR] LogOutputStream:75 - [STDERR_REDIRECT] WARNING: Couldn't flush system prefs: java.util.prefs.BackingStoreException: Couldn't get file lock.
2026-08-18 09:55:57,281 [ERROR] LogOutputStream:75 - [STDERR_REDIRECT] 
2026-08-18 09:56:27,286 [ERROR] LogOutputStream:75 - [STDERR_REDIRECT] Aug 18, 2026 9:56:27 AM java.util.prefs.FileSystemPreferences checkLockFile0ErrorCode
2026-08-18 09:56:27,286 [ERROR] LogOutputStream:75 - [STDERR_REDIRECT] WARNING: Could not lock System prefs. Unix error code 2.
2026-08-18 09:56:27,286 [ERROR] LogOutputStream:75 - [STDERR_REDIRECT] 
2026-08-18 09:56:27,286 [ERROR] LogOutputStream:75 - [STDERR_REDIRECT] Aug 18, 2026 9:56:27 AM java.util.prefs.FileSystemPreferences syncWorld
2026-08-18 09:56:27,286 [ERROR] LogOutputStream:75 - [STDERR_REDIRECT] WARNING: Couldn't flush system prefs: java.util.prefs.BackingStoreException: Couldn't get file lock.
2026-08-18 09:56:27,286 [ERROR] LogOutputStream:75 - [STDERR_REDIRECT] 
2026-08-18 09:56:57,286 [ERROR] LogOutputStream:75 - [STDERR_REDIRECT] Aug 18, 2026 9:56:57 AM java.util.prefs.FileSystemPreferences checkLockFile0ErrorCode
2026-08-18 09:56:57,286 [ERROR] LogOutputStream:75 - [STDERR_REDIRECT] WARNING: Could not lock System prefs. Unix error code 2.
2026-08-18 09:56:57,286 [ERROR] LogOutputStream:75 - [STDERR_REDIRECT] 
2026-08-18 09:56:57,286 [ERROR] LogOutputStream:75 - [STDERR_REDIRECT] Aug 18, 2026 9:56:57 AM java.util.prefs.FileSystemPreferences syncWorld
2026-08-18 09:56:57,287 [ERROR] LogOutputStream:75 - [STDERR_REDIRECT] WARNING: Couldn't flush system prefs: java.util.prefs.BackingStoreException: Couldn't get file lock.
2026-08-18 09:56:57,287 [ERROR] LogOutputStream:75 - [STDERR_REDIRECT] 
2026-08-18 09:57:27,282 [ERROR] LogOutputStream:75 - [STDERR_REDIRECT] Aug 18, 2026 9:57:27 AM java.util.prefs.FileSystemPreferences checkLockFile0ErrorCode
2026-08-18 09:57:27,282 [ERROR] LogOutputStream:75 - [STDERR_REDIRECT] WARNING: Could not lock System prefs. Unix error code 2.
2026-08-18 09:57:27,282 [ERROR] LogOutputStream:75 - [STDERR_REDIRECT] 
2026-08-18 09:57:27,282 [ERROR] LogOutputStream:75 - [STDERR_REDIRECT] Aug 18, 2026 9:57:27 AM java.util.prefs.FileSystemPreferences syncWorld
2026-08-18 09:57:27,283 [ERROR] LogOutputStream:75 - [STDERR_REDIRECT] WARNING: Couldn't flush system prefs: java.util.prefs.BackingStoreException: Couldn't get file lock.
2026-08-18 09:57:27,283 [ERROR] LogOutputStream:75 - [STDERR_REDIRECT] 
2026-08-18 09:57:57,282 [ERROR] LogOutputStream:75 - [STDERR_REDIRECT] Aug 18, 2026 9:57:57 AM java.util.prefs.FileSystemPreferences checkLockFile0ErrorCode
2026-08-18 09:57:57,282 [ERROR] LogOutputStream:75 - [STDERR_REDIRECT] WARNING: Could not lock System prefs. Unix error code 2.
2026-08-18 09:57:57,282 [ERROR] LogOutputStream:75 - [STDERR_REDIRECT] 
2026-08-18 09:57:57,282 [ERROR] LogOutputStream:75 - [STDERR_REDIRECT] Aug 18, 2026 9:57:57 AM java.util.prefs.FileSystemPreferences syncWorld
2026-08-18 09:57:57,283 [ERROR] LogOutputStream:75 - [STDERR_REDIRECT] WARNING: Couldn't flush system prefs: java.util.prefs.BackingStoreException: Couldn't get file lock.
2026-08-18 09:57:57,283 [ERROR] LogOutputStream:75 - [STDERR_REDIRECT] 
2026-08-18 09:58:27,283 [ERROR] LogOutputStream:75 - [STDERR_REDIRECT] Aug 18, 2026 9:58:27 AM java.util.prefs.FileSystemPreferences checkLockFile0ErrorCode
2026-08-18 09:58:27,283 [ERROR] LogOutputStream:75 - [STDERR_REDIRECT] WARNING: Could not lock System prefs. Unix error code 2.
2026-08-18 09:58:27,283 [ERROR] LogOutputStream:75 - [STDERR_REDIRECT] 
2026-08-18 09:58:27,283 [ERROR] LogOutputStream:75 - [STDERR_REDIRECT] Aug 18, 2026 9:58:27 AM java.util.prefs.FileSystemPreferences syncWorld
2026-08-18 09:58:27,284 [ERROR] LogOutputStream:75 - [STDERR_REDIRECT] WARNING: Couldn't flush system prefs: java.util.prefs.BackingStoreException: Couldn't get file lock.
2026-08-18 09:58:27,284 [ERROR] LogOutputStream:75 - [STDERR_REDIRECT] 
2026-08-18 09:58:57,282 [ERROR] LogOutputStream:75 - [STDERR_REDIRECT] Aug 18, 2026 9:58:57 AM java.util.prefs.FileSystemPreferences checkLockFile0ErrorCode
2026-08-18 09:58:57,282 [ERROR] LogOutputStream:75 - [STDERR_REDIRECT] WARNING: Could not lock System prefs. Unix error code 2.
2026-08-18 09:58:57,282 [ERROR] LogOutputStream:75 - [STDERR_REDIRECT] 
2026-08-18 09:58:57,283 [ERROR] LogOutputStream:75 - [STDERR_REDIRECT] Aug 18, 2026 9:58:57 AM java.util.prefs.FileSystemPreferences syncWorld
2026-08-18 09:58:57,283 [ERROR] LogOutputStream:75 - [STDERR_REDIRECT] WARNING: Couldn't flush system prefs: java.util.prefs.BackingStoreException: Couldn't get file lock.
2026-08-18 09:58:57,283 [ERROR] LogOutputStream:75 - [STDERR_REDIRECT] 
2026-08-18 09:59:27,283 [ERROR] LogOutputStream:75 - [STDERR_REDIRECT] Aug 18, 2026 9:59:27 AM java.util.prefs.FileSystemPreferences checkLockFile0ErrorCode
2026-08-18 09:59:27,283 [ERROR] LogOutputStream:75 - [STDERR_REDIRECT] WARNING: Could not lock System prefs. Unix error code 2.
2026-08-18 09:59:27,284 [ERROR] LogOutputStream:75 - [STDERR_REDIRECT] 
2026-08-18 09:59:27,284 [ERROR] LogOutputStream:75 - [STDERR_REDIRECT] Aug 18, 2026 9:59:27 AM java.util.prefs.FileSystemPreferences syncWorld
2026-08-18 09:59:27,284 [ERROR] LogOutputStream:75 - [STDERR_REDIRECT] WARNING: Couldn't flush system prefs: java.util.prefs.BackingStoreException: Couldn't get file lock.
2026-08-18 09:59:27,284 [ERROR] LogOutputStream:75 - [STDERR_REDIRECT] 
2026-08-18 09:59:57,282 [ERROR] LogOutputStream:75 - [STDERR_REDIRECT] Aug 18, 2026 9:59:57 AM java.util.prefs.FileSystemPreferences checkLockFile0ErrorCode
2026-08-18 09:59:57,282 [ERROR] LogOutputStream:75 - [STDERR_REDIRECT] WARNING: Could not lock System prefs. Unix error code 2.
2026-08-18 09:59:57,283 [ERROR] LogOutputStream:75 - [STDERR_REDIRECT] 
2026-08-18 09:59:57,283 [ERROR] LogOutputStream:75 - [STDERR_REDIRECT] Aug 18, 2026 9:59:57 AM java.util.prefs.FileSystemPreferences syncWorld
2026-08-18 09:59:57,283 [ERROR] LogOutputStream:75 - [STDERR_REDIRECT] WARNING: Couldn't flush system prefs: java.util.prefs.BackingStoreException: Couldn't get file lock.
2026-08-18 09:59:57,283 [ERROR] LogOutputStream:75 - [STDERR_REDIRECT] 
2026-08-18 10:00:27,283 [ERROR] LogOutputStream:75 - [STDERR_REDIRECT] Aug 18, 2026 10:00:27 AM java.util.prefs.FileSystemPreferences checkLockFile0ErrorCode
2026-08-18 10:00:27,284 [ERROR] LogOutputStream:75 - [STDERR_REDIRECT] WARNING: Could not lock System prefs. Unix error code 2.
2026-08-18 10:00:27,284 [ERROR] LogOutputStream:75 - [STDERR_REDIRECT] 
2026-08-18 10:00:27,284 [ERROR] LogOutputStream:75 - [STDERR_REDIRECT] Aug 18, 2026 10:00:27 AM java.util.prefs.FileSystemPreferences syncWorld
2026-08-18 10:00:27,285 [ERROR] LogOutputStream:75 - [STDERR_REDIRECT] WARNING: Couldn't flush system prefs: java.util.prefs.BackingStoreException: Couldn't get file lock.
2026-08-18 10:00:27,285 [ERROR] LogOutputStream:75 - [STDERR_REDIRECT] 
2026-08-18 10:00:57,282 [ERROR] LogOutputStream:75 - [STDERR_REDIRECT] Aug 18, 2026 10:00:57 AM java.util.prefs.FileSystemPreferences checkLockFile0ErrorCode
2026-08-18 10:00:57,282 [ERROR] LogOutputStream:75 - [STDERR_REDIRECT] WARNING: Could not lock System prefs. Unix error code 2.
2026-08-18 10:00:57,282 [ERROR] LogOutputStream:75 - [STDERR_REDIRECT] 
2026-08-18 10:00:57,283 [ERROR] LogOutputStream:75 - [STDERR_REDIRECT] Aug 18, 2026 10:00:57 AM java.util.prefs.FileSystemPreferences syncWorld
2026-08-18 10:00:57,283 [ERROR] LogOutputStream:75 - [STDERR_REDIRECT] WARNING: Couldn't flush system prefs: java.util.prefs.BackingStoreException: Couldn't get file lock.
2026-08-18 10:00:57,283 [ERROR] LogOutputStream:75 - [STDERR_REDIRECT] 
2026-08-18 10:01:27,283 [ERROR] LogOutputStream:75 - [STDERR_REDIRECT] Aug 18, 2026 10:01:27 AM java.util.prefs.FileSystemPreferences checkLockFile0ErrorCode
2026-08-18 10:01:27,284 [ERROR] LogOutputStream:75 - [STDERR_REDIRECT] WARNING: Could not lock System prefs. Unix error code 2.
2026-08-18 10:01:27,284 [ERROR] LogOutputStream:75 - [STDERR_REDIRECT] 
2026-08-18 10:01:27,284 [ERROR] LogOutputStream:75 - [STDERR_REDIRECT] Aug 18, 2026 10:01:27 AM java.util.prefs.FileSystemPreferences syncWorld
2026-08-18 10:01:27,285 [ERROR] LogOutputStream:75 - [STDERR_REDIRECT] WARNING: Couldn't flush system prefs: java.util.prefs.BackingStoreException: Couldn't get file lock.
2026-08-18 10:01:27,285 [ERROR] LogOutputStream:75 - [STDERR_REDIRECT] 
2026-08-18 10:01:57,283 [ERROR] LogOutputStream:75 - [STDERR_REDIRECT] Aug 18, 2026 10:01:57 AM java.util.prefs.FileSystemPreferences checkLockFile0ErrorCode
2026-08-18 10:01:57,283 [ERROR] LogOutputStream:75 - [STDERR_REDIRECT] WARNING: Could not lock System prefs. Unix error code 2.
2026-08-18 10:01:57,283 [ERROR] LogOutputStream:75 - [STDERR_REDIRECT] 
2026-08-18 10:01:57,284 [ERROR] LogOutputStream:75 - [STDERR_REDIRECT] Aug 18, 2026 10:01:57 AM java.util.prefs.FileSystemPreferences syncWorld
2026-08-18 10:01:57,284 [ERROR] LogOutputStream:75 - [STDERR_REDIRECT] WARNING: Couldn't flush system prefs: java.util.prefs.BackingStoreException: Couldn't get file lock.
2026-08-18 10:01:57,284 [ERROR] LogOutputStream:75 - [STDERR_REDIRECT] 
2026-08-18 10:02:27,286 [ERROR] LogOutputStream:75 - [STDERR_REDIRECT] Aug 18, 2026 10:02:27 AM java.util.prefs.FileSystemPreferences checkLockFile0ErrorCode
2026-08-18 10:02:27,286 [ERROR] LogOutputStream:75 - [STDERR_REDIRECT] WARNING: Could not lock System prefs. Unix error code 2.
2026-08-18 10:02:27,286 [ERROR] LogOutputStream:75 - [STDERR_REDIRECT] 
2026-08-18 10:02:27,286 [ERROR] LogOutputStream:75 - [STDERR_REDIRECT] Aug 18, 2026 10:02:27 AM java.util.prefs.FileSystemPreferences syncWorld
2026-08-18 10:02:27,286 [ERROR] LogOutputStream:75 - [STDERR_REDIRECT] WARNING: Couldn't flush system prefs: java.util.prefs.BackingStoreException: Couldn't get file lock.
2026-08-18 10:02:27,286 [ERROR] LogOutputStream:75 - [STDERR_REDIRECT] 
2026-08-18 10:02:57,285 [ERROR] LogOutputStream:75 - [STDERR_REDIRECT] Aug 18, 2026 10:02:57 AM java.util.prefs.FileSystemPreferences checkLockFile0ErrorCode
2026-08-18 10:02:57,285 [ERROR] LogOutputStream:75 - [STDERR_REDIRECT] WARNING: Could not lock System prefs. Unix error code 2.
2026-08-18 10:02:57,285 [ERROR] LogOutputStream:75 - [STDERR_REDIRECT] 
2026-08-18 10:02:57,285 [ERROR] LogOutputStream:75 - [STDERR_REDIRECT] Aug 18, 2026 10:02:57 AM java.util.prefs.FileSystemPreferences syncWorld
2026-08-18 10:02:57,286 [ERROR] LogOutputStream:75 - [STDERR_REDIRECT] WARNING: Couldn't flush system prefs: java.util.prefs.BackingStoreException: Couldn't get file lock.
2026-08-18 10:02:57,286 [ERROR] LogOutputStream:75 - [STDERR_REDIRECT] 
2026-08-18 10:03:27,283 [ERROR] LogOutputStream:75 - [STDERR_REDIRECT] Aug 18, 2026 10:03:27 AM java.util.prefs.FileSystemPreferences checkLockFile0ErrorCode
2026-08-18 10:03:27,283 [ERROR] LogOutputStream:75 - [STDERR_REDIRECT] WARNING: Could not lock System prefs. Unix error code 2.
2026-08-18 10:03:27,283 [ERROR] LogOutputStream:75 - [STDERR_REDIRECT] 
2026-08-18 10:03:27,283 [ERROR] LogOutputStream:75 - [STDERR_REDIRECT] Aug 18, 2026 10:03:27 AM java.util.prefs.FileSystemPreferences syncWorld
2026-08-18 10:03:27,284 [ERROR] LogOutputStream:75 - [STDERR_REDIRECT] WARNING: Couldn't flush system prefs: java.util.prefs.BackingStoreException: Couldn't get file lock.
2026-08-18 10:03:27,284 [ERROR] LogOutputStream:75 - [STDERR_REDIRECT] 
2026-08-18 10:03:57,283 [ERROR] LogOutputStream:75 - [STDERR_REDIRECT] Aug 18, 2026 10:03:57 AM java.util.prefs.FileSystemPreferences checkLockFile0ErrorCode
2026-08-18 10:03:57,283 [ERROR] LogOutputStream:75 - [STDERR_REDIRECT] WARNING: Could not lock System prefs. Unix error code 2.
2026-08-18 10:03:57,283 [ERROR] LogOutputStream:75 - [STDERR_REDIRECT] 
2026-08-18 10:03:57,283 [ERROR] LogOutputStream:75 - [STDERR_REDIRECT] Aug 18, 2026 10:03:57 AM java.util.prefs.FileSystemPreferences syncWorld
2026-08-18 10:03:57,283 [ERROR] LogOutputStream:75 - [STDERR_REDIRECT] WARNING: Couldn't flush system prefs: java.util.prefs.BackingStoreException: Couldn't get file lock.
2026-08-18 10:03:57,283 [ERROR] LogOutputStream:75 - [STDERR_REDIRECT] 
2026-08-18 10:04:27,283 [ERROR] LogOutputStream:75 - [STDERR_REDIRECT] Aug 18, 2026 10:04:27 AM java.util.prefs.FileSystemPreferences checkLockFile0ErrorCode
2026-08-18 10:04:27,284 [ERROR] LogOutputStream:75 - [STDERR_REDIRECT] WARNING: Could not lock System prefs. Unix error code 2.
2026-08-18 10:04:27,284 [ERROR] LogOutputStream:75 - [STDERR_REDIRECT] 
2026-08-18 10:04:27,284 [ERROR] LogOutputStream:75 - [STDERR_REDIRECT] Aug 18, 2026 10:04:27 AM java.util.prefs.FileSystemPreferences syncWorld
2026-08-18 10:04:27,284 [ERROR] LogOutputStream:75 - [STDERR_REDIRECT] WARNING: Couldn't flush system prefs: java.util.prefs.BackingStoreException: Couldn't get file lock.
2026-08-18 10:04:27,285 [ERROR] LogOutputStream:75 - [STDERR_REDIRECT] 
2026-08-18 10:04:57,283 [ERROR] LogOutputStream:75 - [STDERR_REDIRECT] Aug 18, 2026 10:04:57 AM java.util.prefs.FileSystemPreferences checkLockFile0ErrorCode
2026-08-18 10:04:57,283 [ERROR] LogOutputStream:75 - [STDERR_REDIRECT] WARNING: Could not lock System prefs. Unix error code 2.
2026-08-18 10:04:57,283 [ERROR] LogOutputStream:75 - [STDERR_REDIRECT] 
2026-08-18 10:04:57,283 [ERROR] LogOutputStream:75 - [STDERR_REDIRECT] Aug 18, 2026 10:04:57 AM java.util.prefs.FileSystemPreferences syncWorld
2026-08-18 10:04:57,283 [ERROR] LogOutputStream:75 - [STDERR_REDIRECT] WARNING: Couldn't flush system prefs: java.util.prefs.BackingStoreException: Couldn't get file lock.
2026-08-18 10:04:57,283 [ERROR] LogOutputStream:75 - [STDERR_REDIRECT] 
2026-08-18 10:05:27,283 [ERROR] LogOutputStream:75 - [STDERR_REDIRECT] Aug 18, 2026 10:05:27 AM java.util.prefs.FileSystemPreferences checkLockFile0ErrorCode
2026-08-18 10:05:27,283 [ERROR] LogOutputStream:75 - [STDERR_REDIRECT] WARNING: Could not lock System prefs. Unix error code 2.
2026-08-18 10:05:27,283 [ERROR] LogOutputStream:75 - [STDERR_REDIRECT] 
2026-08-18 10:05:27,283 [ERROR] LogOutputStream:75 - [STDERR_REDIRECT] Aug 18, 2026 10:05:27 AM java.util.prefs.FileSystemPreferences syncWorld
2026-08-18 10:05:27,283 [ERROR] LogOutputStream:75 - [STDERR_REDIRECT] WARNING: Couldn't flush system prefs: java.util.prefs.BackingStoreException: Couldn't get file lock.
2026-08-18 10:05:27,283 [ERROR] LogOutputStream:75 - [STDERR_REDIRECT] 
2026-08-18 10:05:57,284 [ERROR] LogOutputStream:75 - [STDERR_REDIRECT] Aug 18, 2026 10:05:57 AM java.util.prefs.FileSystemPreferences checkLockFile0ErrorCode
2026-08-18 10:05:57,284 [ERROR] LogOutputStream:75 - [STDERR_REDIRECT] WARNING: Could not lock System prefs. Unix error code 2.
2026-08-18 10:05:57,289 [ERROR] LogOutputStream:75 - [STDERR_REDIRECT] 
2026-08-18 10:05:57,290 [ERROR] LogOutputStream:75 - [STDERR_REDIRECT] Aug 18, 2026 10:05:57 AM java.util.prefs.FileSystemPreferences syncWorld
2026-08-18 10:05:57,290 [ERROR] LogOutputStream:75 - [STDERR_REDIRECT] WARNING: Couldn't flush system prefs: java.util.prefs.BackingStoreException: Couldn't get file lock.
2026-08-18 10:05:57,290 [ERROR] LogOutputStream:75 - [STDERR_REDIRECT] 
2026-08-18 10:06:27,283 [ERROR] LogOutputStream:75 - [STDERR_REDIRECT] Aug 18, 2026 10:06:27 AM java.util.prefs.FileSystemPreferences checkLockFile0ErrorCode
2026-08-18 10:06:27,283 [ERROR] LogOutputStream:75 - [STDERR_REDIRECT] WARNING: Could not lock System prefs. Unix error code 2.
2026-08-18 10:06:27,283 [ERROR] LogOutputStream:75 - [STDERR_REDIRECT] 
2026-08-18 10:06:27,284 [ERROR] LogOutputStream:75 - [STDERR_REDIRECT] Aug 18, 2026 10:06:27 AM java.util.prefs.FileSystemPreferences syncWorld
2026-08-18 10:06:27,284 [ERROR] LogOutputStream:75 - [STDERR_REDIRECT] WARNING: Couldn't flush system prefs: java.util.prefs.BackingStoreException: Couldn't get file lock.
2026-08-18 10:06:27,284 [ERROR] LogOutputStream:75 - [STDERR_REDIRECT] 
2026-08-18 10:06:57,283 [ERROR] LogOutputStream:75 - [STDERR_REDIRECT] Aug 18, 2026 10:06:57 AM java.util.prefs.FileSystemPreferences checkLockFile0ErrorCode
2026-08-18 10:06:57,283 [ERROR] LogOutputStream:75 - [STDERR_REDIRECT] WARNING: Could not lock System prefs. Unix error code 2.
2026-08-18 10:06:57,283 [ERROR] LogOutputStream:75 - [STDERR_REDIRECT] 
2026-08-18 10:06:57,283 [ERROR] LogOutputStream:75 - [STDERR_REDIRECT] Aug 18, 2026 10:06:57 AM java.util.prefs.FileSystemPreferences syncWorld
2026-08-18 10:06:57,283 [ERROR] LogOutputStream:75 - [STDERR_REDIRECT] WARNING: Couldn't flush system prefs: java.util.prefs.BackingStoreException: Couldn't get file lock.
2026-08-18 10:06:57,283 [ERROR] LogOutputStream:75 - [STDERR_REDIRECT] 
2026-08-18 10:07:27,284 [ERROR] LogOutputStream:75 - [STDERR_REDIRECT] Aug 18, 2026 10:07:27 AM java.util.prefs.FileSystemPreferences checkLockFile0ErrorCode
2026-08-18 10:07:27,284 [ERROR] LogOutputStream:75 - [STDERR_REDIRECT] WARNING: Could not lock System prefs. Unix error code 2.
2026-08-18 10:07:27,285 [ERROR] LogOutputStream:75 - [STDERR_REDIRECT] 
2026-08-18 10:07:27,285 [ERROR] LogOutputStream:75 - [STDERR_REDIRECT] Aug 18, 2026 10:07:27 AM java.util.prefs.FileSystemPreferences syncWorld
2026-08-18 10:07:27,285 [ERROR] LogOutputStream:75 - [STDERR_REDIRECT] WARNING: Couldn't flush system prefs: java.util.prefs.BackingStoreException: Couldn't get file lock.
2026-08-18 10:07:27,285 [ERROR] LogOutputStream:75 - [STDERR_REDIRECT] 
2026-08-18 10:07:57,283 [ERROR] LogOutputStream:75 - [STDERR_REDIRECT] Aug 18, 2026 10:07:57 AM java.util.prefs.FileSystemPreferences checkLockFile0ErrorCode
2026-08-18 10:07:57,284 [ERROR] LogOutputStream:75 - [STDERR_REDIRECT] WARNING: Could not lock System prefs. Unix error code 2.
2026-08-18 10:07:57,284 [ERROR] LogOutputStream:75 - [STDERR_REDIRECT] 
2026-08-18 10:07:57,284 [ERROR] LogOutputStream:75 - [STDERR_REDIRECT] Aug 18, 2026 10:07:57 AM java.util.prefs.FileSystemPreferences syncWorld
2026-08-18 10:07:57,284 [ERROR] LogOutputStream:75 - [STDERR_REDIRECT] WARNING: Couldn't flush system prefs: java.util.prefs.BackingStoreException: Couldn't get file lock.
2026-08-18 10:07:57,284 [ERROR] LogOutputStream:75 - [STDERR_REDIRECT] 
2026-08-18 10:08:27,284 [ERROR] LogOutputStream:75 - [STDERR_REDIRECT] Aug 18, 2026 10:08:27 AM java.util.prefs.FileSystemPreferences checkLockFile0ErrorCode
2026-08-18 10:08:27,285 [ERROR] LogOutputStream:75 - [STDERR_REDIRECT] WARNING: Could not lock System prefs. Unix error code 2.
2026-08-18 10:08:27,285 [ERROR] LogOutputStream:75 - [STDERR_REDIRECT] 
2026-08-18 10:08:27,285 [ERROR] LogOutputStream:75 - [STDERR_REDIRECT] Aug 18, 2026 10:08:27 AM java.util.prefs.FileSystemPreferences syncWorld
2026-08-18 10:08:27,285 [ERROR] LogOutputStream:75 - [STDERR_REDIRECT] WARNING: Couldn't flush system prefs: java.util.prefs.BackingStoreException: Couldn't get file lock.
2026-08-18 10:08:27,285 [ERROR] LogOutputStream:75 - [STDERR_REDIRECT] 
2026-08-18 10:08:57,285 [ERROR] LogOutputStream:75 - [STDERR_REDIRECT] Aug 18, 2026 10:08:57 AM java.util.prefs.FileSystemPreferences checkLockFile0ErrorCode
2026-08-18 10:08:57,285 [ERROR] LogOutputStream:75 - [STDERR_REDIRECT] WARNING: Could not lock System prefs. Unix error code 2.
2026-08-18 10:08:57,285 [ERROR] LogOutputStream:75 - [STDERR_REDIRECT] 
2026-08-18 10:08:57,286 [ERROR] LogOutputStream:75 - [STDERR_REDIRECT] Aug 18, 2026 10:08:57 AM java.util.prefs.FileSystemPreferences syncWorld
2026-08-18 10:08:57,286 [ERROR] LogOutputStream:75 - [STDERR_REDIRECT] WARNING: Couldn't flush system prefs: java.util.prefs.BackingStoreException: Couldn't get file lock.
2026-08-18 10:08:57,286 [ERROR] LogOutputStream:75 - [STDERR_REDIRECT] 
2026-08-18 10:09:27,284 [ERROR] LogOutputStream:75 - [STDERR_REDIRECT] Aug 18, 2026 10:09:27 AM java.util.prefs.FileSystemPreferences checkLockFile0ErrorCode
2026-08-18 10:09:27,285 [ERROR] LogOutputStream:75 - [STDERR_REDIRECT] WARNING: Could not lock System prefs. Unix error code 2.
2026-08-18 10:09:27,285 [ERROR] LogOutputStream:75 - [STDERR_REDIRECT] 
2026-08-18 10:09:27,285 [ERROR] LogOutputStream:75 - [STDERR_REDIRECT] Aug 18, 2026 10:09:27 AM java.util.prefs.FileSystemPreferences syncWorld
2026-08-18 10:09:27,285 [ERROR] LogOutputStream:75 - [STDERR_REDIRECT] WARNING: Couldn't flush system prefs: java.util.prefs.BackingStoreException: Couldn't get file lock.
2026-08-18 10:09:27,285 [ERROR] LogOutputStream:75 - [STDERR_REDIRECT] 
2026-08-18 10:09:57,285 [ERROR] LogOutputStream:75 - [STDERR_REDIRECT] Aug 18, 2026 10:09:57 AM java.util.prefs.FileSystemPreferences checkLockFile0ErrorCode
2026-08-18 10:09:57,285 [ERROR] LogOutputStream:75 - [STDERR_REDIRECT] WARNING: Could not lock System prefs. Unix error code 2.
2026-08-18 10:09:57,285 [ERROR] LogOutputStream:75 - [STDERR_REDIRECT] 
2026-08-18 10:09:57,286 [ERROR] LogOutputStream:75 - [STDERR_REDIRECT] Aug 18, 2026 10:09:57 AM java.util.prefs.FileSystemPreferences syncWorld
2026-08-18 10:09:57,286 [ERROR] LogOutputStream:75 - [STDERR_REDIRECT] WARNING: Couldn't flush system prefs: java.util.prefs.BackingStoreException: Couldn't get file lock.
2026-08-18 10:09:57,286 [ERROR] LogOutputStream:75 - [STDERR_REDIRECT] 
2026-08-18 10:10:27,285 [ERROR] LogOutputStream:75 - [STDERR_REDIRECT] Aug 18, 2026 10:10:27 AM java.util.prefs.FileSystemPreferences checkLockFile0ErrorCode
2026-08-18 10:10:27,285 [ERROR] LogOutputStream:75 - [STDERR_REDIRECT] WARNING: Could not lock System prefs. Unix error code 2.
2026-08-18 10:10:27,285 [ERROR] LogOutputStream:75 - [STDERR_REDIRECT] 
2026-08-18 10:10:27,285 [ERROR] LogOutputStream:75 - [STDERR_REDIRECT] Aug 18, 2026 10:10:27 AM java.util.prefs.FileSystemPreferences syncWorld
2026-08-18 10:10:27,286 [ERROR] LogOutputStream:75 - [STDERR_REDIRECT] WARNING: Couldn't flush system prefs: java.util.prefs.BackingStoreException: Couldn't get file lock.
2026-08-18 10:10:27,286 [ERROR] LogOutputStream:75 - [STDERR_REDIRECT] 
2026-08-18 10:10:57,285 [ERROR] LogOutputStream:75 - [STDERR_REDIRECT] Aug 18, 2026 10:10:57 AM java.util.prefs.FileSystemPreferences checkLockFile0ErrorCode
2026-08-18 10:10:57,285 [ERROR] LogOutputStream:75 - [STDERR_REDIRECT] WARNING: Could not lock System prefs. Unix error code 2.
2026-08-18 10:10:57,285 [ERROR] LogOutputStream:75 - [STDERR_REDIRECT] 
2026-08-18 10:10:57,285 [ERROR] LogOutputStream:75 - [STDERR_REDIRECT] Aug 18, 2026 10:10:57 AM java.util.prefs.FileSystemPreferences syncWorld
2026-08-18 10:10:57,285 [ERROR] LogOutputStream:75 - [STDERR_REDIRECT] WARNING: Couldn't flush system prefs: java.util.prefs.BackingStoreException: Couldn't get file lock.
2026-08-18 10:10:57,285 [ERROR] LogOutputStream:75 - [STDERR_REDIRECT] 
2026-08-18 10:11:27,285 [ERROR] LogOutputStream:75 - [STDERR_REDIRECT] Aug 18, 2026 10:11:27 AM java.util.prefs.FileSystemPreferences checkLockFile0ErrorCode
2026-08-18 10:11:27,286 [ERROR] LogOutputStream:75 - [STDERR_REDIRECT] WARNING: Could not lock System prefs. Unix error code 2.
2026-08-18 10:11:27,286 [ERROR] LogOutputStream:75 - [STDERR_REDIRECT] 
2026-08-18 10:11:27,286 [ERROR] LogOutputStream:75 - [STDERR_REDIRECT] Aug 18, 2026 10:11:27 AM java.util.prefs.FileSystemPreferences syncWorld
2026-08-18 10:11:27,286 [ERROR] LogOutputStream:75 - [STDERR_REDIRECT] WARNING: Couldn't flush system prefs: java.util.prefs.BackingStoreException: Couldn't get file lock.
2026-08-18 10:11:27,286 [ERROR] LogOutputStream:75 - [STDERR_REDIRECT] 
2026-08-18 10:11:57,286 [ERROR] LogOutputStream:75 - [STDERR_REDIRECT] Aug 18, 2026 10:11:57 AM java.util.prefs.FileSystemPreferences checkLockFile0ErrorCode
2026-08-18 10:11:57,287 [ERROR] LogOutputStream:75 - [STDERR_REDIRECT] WARNING: Could not lock System prefs. Unix error code 2.
2026-08-18 10:11:57,287 [ERROR] LogOutputStream:75 - [STDERR_REDIRECT] 
2026-08-18 10:11:57,287 [ERROR] LogOutputStream:75 - [STDERR_REDIRECT] Aug 18, 2026 10:11:57 AM java.util.prefs.FileSystemPreferences syncWorld
2026-08-18 10:11:57,287 [ERROR] LogOutputStream:75 - [STDERR_REDIRECT] WARNING: Couldn't flush system prefs: java.util.prefs.BackingStoreException: Couldn't get file lock.
2026-08-18 10:11:57,288 [ERROR] LogOutputStream:75 - [STDERR_REDIRECT] 
2026-08-18 10:12:27,286 [ERROR] LogOutputStream:75 - [STDERR_REDIRECT] Aug 18, 2026 10:12:27 AM java.util.prefs.FileSystemPreferences checkLockFile0ErrorCode
2026-08-18 10:12:27,286 [ERROR] LogOutputStream:75 - [STDERR_REDIRECT] WARNING: Could not lock System prefs. Unix error code 2.
2026-08-18 10:12:27,286 [ERROR] LogOutputStream:75 - [STDERR_REDIRECT] 
2026-08-18 10:12:27,287 [ERROR] LogOutputStream:75 - [STDERR_REDIRECT] Aug 18, 2026 10:12:27 AM java.util.prefs.FileSystemPreferences syncWorld
2026-08-18 10:12:27,287 [ERROR] LogOutputStream:75 - [STDERR_REDIRECT] WARNING: Couldn't flush system prefs: java.util.prefs.BackingStoreException: Couldn't get file lock.
2026-08-18 10:12:27,287 [ERROR] LogOutputStream:75 - [STDERR_REDIRECT] 
2026-08-18 10:12:57,286 [ERROR] LogOutputStream:75 - [STDERR_REDIRECT] Aug 18, 2026 10:12:57 AM java.util.prefs.FileSystemPreferences checkLockFile0ErrorCode
2026-08-18 10:12:57,286 [ERROR] LogOutputStream:75 - [STDERR_REDIRECT] WARNING: Could not lock System prefs. Unix error code 2.
2026-08-18 10:12:57,286 [ERROR] LogOutputStream:75 - [STDERR_REDIRECT] 
2026-08-18 10:12:57,286 [ERROR] LogOutputStream:75 - [STDERR_REDIRECT] Aug 18, 2026 10:12:57 AM java.util.prefs.FileSystemPreferences syncWorld
2026-08-18 10:12:57,287 [ERROR] LogOutputStream:75 - [STDERR_REDIRECT] WARNING: Couldn't flush system prefs: java.util.prefs.BackingStoreException: Couldn't get file lock.
2026-08-18 10:12:57,287 [ERROR] LogOutputStream:75 - [STDERR_REDIRECT] 
2026-08-18 10:13:27,286 [ERROR] LogOutputStream:75 - [STDERR_REDIRECT] Aug 18, 2026 10:13:27 AM java.util.prefs.FileSystemPreferences checkLockFile0ErrorCode
2026-08-18 10:13:27,286 [ERROR] LogOutputStream:75 - [STDERR_REDIRECT] WARNING: Could not lock System prefs. Unix error code 2.
2026-08-18 10:13:27,286 [ERROR] LogOutputStream:75 - [STDERR_REDIRECT] 
2026-08-18 10:13:27,286 [ERROR] LogOutputStream:75 - [STDERR_REDIRECT] Aug 18, 2026 10:13:27 AM java.util.prefs.FileSystemPreferences syncWorld
2026-08-18 10:13:27,286 [ERROR] LogOutputStream:75 - [STDERR_REDIRECT] WARNING: Couldn't flush system prefs: java.util.prefs.BackingStoreException: Couldn't get file lock.
2026-08-18 10:13:27,286 [ERROR] LogOutputStream:75 - [STDERR_REDIRECT] 
2026-08-18 10:13:57,286 [ERROR] LogOutputStream:75 - [STDERR_REDIRECT] Aug 18, 2026 10:13:57 AM java.util.prefs.FileSystemPreferences checkLockFile0ErrorCode
2026-08-18 10:13:57,287 [ERROR] LogOutputStream:75 - [STDERR_REDIRECT] WARNING: Could not lock System prefs. Unix error code 2.
2026-08-18 10:13:57,287 [ERROR] LogOutputStream:75 - [STDERR_REDIRECT] 
2026-08-18 10:13:57,287 [ERROR] LogOutputStream:75 - [STDERR_REDIRECT] Aug 18, 2026 10:13:57 AM java.util.prefs.FileSystemPreferences syncWorld
2026-08-18 10:13:57,287 [ERROR] LogOutputStream:75 - [STDERR_REDIRECT] WARNING: Couldn't flush system prefs: java.util.prefs.BackingStoreException: Couldn't get file lock.
2026-08-18 10:13:57,287 [ERROR] LogOutputStream:75 - [STDERR_REDIRECT] 
2026-08-18 10:14:27,286 [ERROR] LogOutputStream:75 - [STDERR_REDIRECT] Aug 18, 2026 10:14:27 AM java.util.prefs.FileSystemPreferences checkLockFile0ErrorCode
2026-08-18 10:14:27,286 [ERROR] LogOutputStream:75 - [STDERR_REDIRECT] WARNING: Could not lock System prefs. Unix error code 2.
2026-08-18 10:14:27,287 [ERROR] LogOutputStream:75 - [STDERR_REDIRECT] 
2026-08-18 10:14:27,287 [ERROR] LogOutputStream:75 - [STDERR_REDIRECT] Aug 18, 2026 10:14:27 AM java.util.prefs.FileSystemPreferences syncWorld
2026-08-18 10:14:27,287 [ERROR] LogOutputStream:75 - [STDERR_REDIRECT] WARNING: Couldn't flush system prefs: java.util.prefs.BackingStoreException: Couldn't get file lock.
2026-08-18 10:14:27,287 [ERROR] LogOutputStream:75 - [STDERR_REDIRECT] 
2026-08-18 10:14:57,286 [ERROR] LogOutputStream:75 - [STDERR_REDIRECT] Aug 18, 2026 10:14:57 AM java.util.prefs.FileSystemPreferences checkLockFile0ErrorCode
2026-08-18 10:14:57,287 [ERROR] LogOutputStream:75 - [STDERR_REDIRECT] WARNING: Could not lock System prefs. Unix error code 2.
2026-08-18 10:14:57,287 [ERROR] LogOutputStream:75 - [STDERR_REDIRECT] 
2026-08-18 10:14:57,287 [ERROR] LogOutputStream:75 - [STDERR_REDIRECT] Aug 18, 2026 10:14:57 AM java.util.prefs.FileSystemPreferences syncWorld
2026-08-18 10:14:57,287 [ERROR] LogOutputStream:75 - [STDERR_REDIRECT] WARNING: Couldn't flush system prefs: java.util.prefs.BackingStoreException: Couldn't get file lock.
2026-08-18 10:14:57,287 [ERROR] LogOutputStream:75 - [STDERR_REDIRECT] 
2026-08-18 10:15:27,286 [ERROR] LogOutputStream:75 - [STDERR_REDIRECT] Aug 18, 2026 10:15:27 AM java.util.prefs.FileSystemPreferences checkLockFile0ErrorCode
2026-08-18 10:15:27,287 [ERROR] LogOutputStream:75 - [STDERR_REDIRECT] WARNING: Could not lock System prefs. Unix error code 2.
2026-08-18 10:15:27,287 [ERROR] LogOutputStream:75 - [STDERR_REDIRECT] 
2026-08-18 10:15:27,287 [ERROR] LogOutputStream:75 - [STDERR_REDIRECT] Aug 18, 2026 10:15:27 AM java.util.prefs.FileSystemPreferences syncWorld
2026-08-18 10:15:27,287 [ERROR] LogOutputStream:75 - [STDERR_REDIRECT] WARNING: Couldn't flush system prefs: java.util.prefs.BackingStoreException: Couldn't get file lock.
2026-08-18 10:15:27,287 [ERROR] LogOutputStream:75 - [STDERR_REDIRECT] 
2026-08-18 10:15:57,286 [ERROR] LogOutputStream:75 - [STDERR_REDIRECT] Aug 18, 2026 10:15:57 AM java.util.prefs.FileSystemPreferences checkLockFile0ErrorCode
2026-08-18 10:15:57,287 [ERROR] LogOutputStream:75 - [STDERR_REDIRECT] WARNING: Could not lock System prefs. Unix error code 2.
2026-08-18 10:15:57,287 [ERROR] LogOutputStream:75 - [STDERR_REDIRECT] 
2026-08-18 10:15:57,287 [ERROR] LogOutputStream:75 - [STDERR_REDIRECT] Aug 18, 2026 10:15:57 AM java.util.prefs.FileSystemPreferences syncWorld
2026-08-18 10:15:57,287 [ERROR] LogOutputStream:75 - [STDERR_REDIRECT] WARNING: Couldn't flush system prefs: java.util.prefs.BackingStoreException: Couldn't get file lock.
2026-08-18 10:15:57,287 [ERROR] LogOutputStream:75 - [STDERR_REDIRECT] 
2026-08-18 10:16:27,286 [ERROR] LogOutputStream:75 - [STDERR_REDIRECT] Aug 18, 2026 10:16:27 AM java.util.prefs.FileSystemPreferences checkLockFile0ErrorCode
2026-08-18 10:16:27,287 [ERROR] LogOutputStream:75 - [STDERR_REDIRECT] WARNING: Could not lock System prefs. Unix error code 2.
2026-08-18 10:16:27,287 [ERROR] LogOutputStream:75 - [STDERR_REDIRECT] 
2026-08-18 10:16:27,287 [ERROR] LogOutputStream:75 - [STDERR_REDIRECT] Aug 18, 2026 10:16:27 AM java.util.prefs.FileSystemPreferences syncWorld
2026-08-18 10:16:27,287 [ERROR] LogOutputStream:75 - [STDERR_REDIRECT] WARNING: Couldn't flush system prefs: java.util.prefs.BackingStoreException: Couldn't get file lock.
2026-08-18 10:16:27,287 [ERROR] LogOutputStream:75 - [STDERR_REDIRECT] 
2026-08-18 10:16:57,286 [ERROR] LogOutputStream:75 - [STDERR_REDIRECT] Aug 18, 2026 10:16:57 AM java.util.prefs.FileSystemPreferences checkLockFile0ErrorCode
2026-08-18 10:16:57,286 [ERROR] LogOutputStream:75 - [STDERR_REDIRECT] WARNING: Could not lock System prefs. Unix error code 2.
2026-08-18 10:16:57,286 [ERROR] LogOutputStream:75 - [STDERR_REDIRECT] 
2026-08-18 10:16:57,287 [ERROR] LogOutputStream:75 - [STDERR_REDIRECT] Aug 18, 2026 10:16:57 AM java.util.prefs.FileSystemPreferences syncWorld
2026-08-18 10:16:57,287 [ERROR] LogOutputStream:75 - [STDERR_REDIRECT] WARNING: Couldn't flush system prefs: java.util.prefs.BackingStoreException: Couldn't get file lock.
2026-08-18 10:16:57,287 [ERROR] LogOutputStream:75 - [STDERR_REDIRECT] 
2026-08-18 10:17:27,286 [ERROR] LogOutputStream:75 - [STDERR_REDIRECT] Aug 18, 2026 10:17:27 AM java.util.prefs.FileSystemPreferences checkLockFile0ErrorCode
2026-08-18 10:17:27,286 [ERROR] LogOutputStream:75 - [STDERR_REDIRECT] WARNING: Could not lock System prefs. Unix error code 2.
2026-08-18 10:17:27,286 [ERROR] LogOutputStream:75 - [STDERR_REDIRECT] 
2026-08-18 10:17:27,287 [ERROR] LogOutputStream:75 - [STDERR_REDIRECT] Aug 18, 2026 10:17:27 AM java.util.prefs.FileSystemPreferences syncWorld
2026-08-18 10:17:27,287 [ERROR] LogOutputStream:75 - [STDERR_REDIRECT] WARNING: Couldn't flush system prefs: java.util.prefs.BackingStoreException: Couldn't get file lock.
2026-08-18 10:17:27,287 [ERROR] LogOutputStream:75 - [STDERR_REDIRECT] 
2026-08-18 10:17:57,286 [ERROR] LogOutputStream:75 - [STDERR_REDIRECT] Aug 18, 2026 10:17:57 AM java.util.prefs.FileSystemPreferences checkLockFile0ErrorCode
2026-08-18 10:17:57,286 [ERROR] LogOutputStream:75 - [STDERR_REDIRECT] WARNING: Could not lock System prefs. Unix error code 2.
2026-08-18 10:17:57,286 [ERROR] LogOutputStream:75 - [STDERR_REDIRECT] 
2026-08-18 10:17:57,286 [ERROR] LogOutputStream:75 - [STDERR_REDIRECT] Aug 18, 2026 10:17:57 AM java.util.prefs.FileSystemPreferences syncWorld
2026-08-18 10:17:57,286 [ERROR] LogOutputStream:75 - [STDERR_REDIRECT] WARNING: Couldn't flush system prefs: java.util.prefs.BackingStoreException: Couldn't get file lock.
2026-08-18 10:17:57,286 [ERROR] LogOutputStream:75 - [STDERR_REDIRECT] 
2026-08-18 10:18:27,286 [ERROR] LogOutputStream:75 - [STDERR_REDIRECT] Aug 18, 2026 10:18:27 AM java.util.prefs.FileSystemPreferences checkLockFile0ErrorCode
2026-08-18 10:18:27,286 [ERROR] LogOutputStream:75 - [STDERR_REDIRECT] WARNING: Could not lock System prefs. Unix error code 2.
2026-08-18 10:18:27,287 [ERROR] LogOutputStream:75 - [STDERR_REDIRECT] 
2026-08-18 10:18:27,287 [ERROR] LogOutputStream:75 - [STDERR_REDIRECT] Aug 18, 2026 10:18:27 AM java.util.prefs.FileSystemPreferences syncWorld
2026-08-18 10:18:27,287 [ERROR] LogOutputStream:75 - [STDERR_REDIRECT] WARNING: Couldn't flush system prefs: java.util.prefs.BackingStoreException: Couldn't get file lock.
2026-08-18 10:18:27,287 [ERROR] LogOutputStream:75 - [STDERR_REDIRECT] 
2026-08-18 10:18:57,287 [ERROR] LogOutputStream:75 - [STDERR_REDIRECT] Aug 18, 2026 10:18:57 AM java.util.prefs.FileSystemPreferences checkLockFile0ErrorCode
2026-08-18 10:18:57,287 [ERROR] LogOutputStream:75 - [STDERR_REDIRECT] WARNING: Could not lock System prefs. Unix error code 2.
2026-08-18 10:18:57,287 [ERROR] LogOutputStream:75 - [STDERR_REDIRECT] 
2026-08-18 10:18:57,288 [ERROR] LogOutputStream:75 - [STDERR_REDIRECT] Aug 18, 2026 10:18:57 AM java.util.prefs.FileSystemPreferences syncWorld
2026-08-18 10:18:57,288 [ERROR] LogOutputStream:75 - [STDERR_REDIRECT] WARNING: Couldn't flush system prefs: java.util.prefs.BackingStoreException: Couldn't get file lock.
2026-08-18 10:18:57,288 [ERROR] LogOutputStream:75 - [STDERR_REDIRECT] 
2026-08-18 10:19:27,287 [ERROR] LogOutputStream:75 - [STDERR_REDIRECT] Aug 18, 2026 10:19:27 AM java.util.prefs.FileSystemPreferences checkLockFile0ErrorCode
2026-08-18 10:19:27,287 [ERROR] LogOutputStream:75 - [STDERR_REDIRECT] WARNING: Could not lock System prefs. Unix error code 2.
2026-08-18 10:19:27,287 [ERROR] LogOutputStream:75 - [STDERR_REDIRECT] 
2026-08-18 10:19:27,287 [ERROR] LogOutputStream:75 - [STDERR_REDIRECT] Aug 18, 2026 10:19:27 AM java.util.prefs.FileSystemPreferences syncWorld
2026-08-18 10:19:27,287 [ERROR] LogOutputStream:75 - [STDERR_REDIRECT] WARNING: Couldn't flush system prefs: java.util.prefs.BackingStoreException: Couldn't get file lock.
2026-08-18 10:19:27,288 [ERROR] LogOutputStream:75 - [STDERR_REDIRECT] 
2026-08-18 10:19:57,287 [ERROR] LogOutputStream:75 - [STDERR_REDIRECT] Aug 18, 2026 10:19:57 AM java.util.prefs.FileSystemPreferences checkLockFile0ErrorCode
2026-08-18 10:19:57,287 [ERROR] LogOutputStream:75 - [STDERR_REDIRECT] WARNING: Could not lock System prefs. Unix error code 2.
2026-08-18 10:19:57,287 [ERROR] LogOutputStream:75 - [STDERR_REDIRECT] 
2026-08-18 10:19:57,287 [ERROR] LogOutputStream:75 - [STDERR_REDIRECT] Aug 18, 2026 10:19:57 AM java.util.prefs.FileSystemPreferences syncWorld
2026-08-18 10:19:57,287 [ERROR] LogOutputStream:75 - [STDERR_REDIRECT] WARNING: Couldn't flush system prefs: java.util.prefs.BackingStoreException: Couldn't get file lock.
2026-08-18 10:19:57,288 [ERROR] LogOutputStream:75 - [STDERR_REDIRECT] 
2026-08-18 10:20:27,287 [ERROR] LogOutputStream:75 - [STDERR_REDIRECT] Aug 18, 2026 10:20:27 AM java.util.prefs.FileSystemPreferences checkLockFile0ErrorCode
2026-08-18 10:20:27,287 [ERROR] LogOutputStream:75 - [STDERR_REDIRECT] WARNING: Could not lock System prefs. Unix error code 2.
2026-08-18 10:20:27,287 [ERROR] LogOutputStream:75 - [STDERR_REDIRECT] 
2026-08-18 10:20:27,288 [ERROR] LogOutputStream:75 - [STDERR_REDIRECT] Aug 18, 2026 10:20:27 AM java.util.prefs.FileSystemPreferences syncWorld
2026-08-18 10:20:27,288 [ERROR] LogOutputStream:75 - [STDERR_REDIRECT] WARNING: Couldn't flush system prefs: java.util.prefs.BackingStoreException: Couldn't get file lock.
2026-08-18 10:20:27,288 [ERROR] LogOutputStream:75 - [STDERR_REDIRECT] 
2026-08-18 10:20:57,287 [ERROR] LogOutputStream:75 - [STDERR_REDIRECT] Aug 18, 2026 10:20:57 AM java.util.prefs.FileSystemPreferences checkLockFile0ErrorCode
2026-08-18 10:20:57,288 [ERROR] LogOutputStream:75 - [STDERR_REDIRECT] WARNING: Could not lock System prefs. Unix error code 2.
2026-08-18 10:20:57,288 [ERROR] LogOutputStream:75 - [STDERR_REDIRECT] 
2026-08-18 10:20:57,288 [ERROR] LogOutputStream:75 - [STDERR_REDIRECT] Aug 18, 2026 10:20:57 AM java.util.prefs.FileSystemPreferences syncWorld
2026-08-18 10:20:57,288 [ERROR] LogOutputStream:75 - [STDERR_REDIRECT] WARNING: Couldn't flush system prefs: java.util.prefs.BackingStoreException: Couldn't get file lock.
2026-08-18 10:20:57,289 [ERROR] LogOutputStream:75 - [STDERR_REDIRECT] 
2026-08-18 10:21:27,287 [ERROR] LogOutputStream:75 - [STDERR_REDIRECT] Aug 18, 2026 10:21:27 AM java.util.prefs.FileSystemPreferences checkLockFile0ErrorCode
2026-08-18 10:21:27,287 [ERROR] LogOutputStream:75 - [STDERR_REDIRECT] WARNING: Could not lock System prefs. Unix error code 2.
2026-08-18 10:21:27,287 [ERROR] LogOutputStream:75 - [STDERR_REDIRECT] 
2026-08-18 10:21:27,287 [ERROR] LogOutputStream:75 - [STDERR_REDIRECT] Aug 18, 2026 10:21:27 AM java.util.prefs.FileSystemPreferences syncWorld
2026-08-18 10:21:27,287 [ERROR] LogOutputStream:75 - [STDERR_REDIRECT] WARNING: Couldn't flush system prefs: java.util.prefs.BackingStoreException: Couldn't get file lock.
2026-08-18 10:21:27,287 [ERROR] LogOutputStream:75 - [STDERR_REDIRECT] 
2026-08-18 10:21:57,287 [ERROR] LogOutputStream:75 - [STDERR_REDIRECT] Aug 18, 2026 10:21:57 AM java.util.prefs.FileSystemPreferences checkLockFile0ErrorCode
2026-08-18 10:21:57,288 [ERROR] LogOutputStream:75 - [STDERR_REDIRECT] WARNING: Could not lock System prefs. Unix error code 2.
2026-08-18 10:21:57,288 [ERROR] LogOutputStream:75 - [STDERR_REDIRECT] 
2026-08-18 10:21:57,288 [ERROR] LogOutputStream:75 - [STDERR_REDIRECT] Aug 18, 2026 10:21:57 AM java.util.prefs.FileSystemPreferences syncWorld
2026-08-18 10:21:57,288 [ERROR] LogOutputStream:75 - [STDERR_REDIRECT] WARNING: Couldn't flush system prefs: java.util.prefs.BackingStoreException: Couldn't get file lock.
2026-08-18 10:21:57,288 [ERROR] LogOutputStream:75 - [STDERR_REDIRECT] 
2026-08-18 10:22:27,287 [ERROR] LogOutputStream:75 - [STDERR_REDIRECT] Aug 18, 2026 10:22:27 AM java.util.prefs.FileSystemPreferences checkLockFile0ErrorCode
2026-08-18 10:22:27,288 [ERROR] LogOutputStream:75 - [STDERR_REDIRECT] WARNING: Could not lock System prefs. Unix error code 2.
2026-08-18 10:22:27,288 [ERROR] LogOutputStream:75 - [STDERR_REDIRECT] 
2026-08-18 10:22:27,288 [ERROR] LogOutputStream:75 - [STDERR_REDIRECT] Aug 18, 2026 10:22:27 AM java.util.prefs.FileSystemPreferences syncWorld
2026-08-18 10:22:27,288 [ERROR] LogOutputStream:75 - [STDERR_REDIRECT] WARNING: Couldn't flush system prefs: java.util.prefs.BackingStoreException: Couldn't get file lock.
2026-08-18 10:22:27,288 [ERROR] LogOutputStream:75 - [STDERR_REDIRECT] 
2026-08-18 10:22:57,288 [ERROR] LogOutputStream:75 - [STDERR_REDIRECT] Aug 18, 2026 10:22:57 AM java.util.prefs.FileSystemPreferences checkLockFile0ErrorCode
2026-08-18 10:22:57,288 [ERROR] LogOutputStream:75 - [STDERR_REDIRECT] WARNING: Could not lock System prefs. Unix error code 2.
2026-08-18 10:22:57,288 [ERROR] LogOutputStream:75 - [STDERR_REDIRECT] 
2026-08-18 10:22:57,288 [ERROR] LogOutputStream:75 - [STDERR_REDIRECT] Aug 18, 2026 10:22:57 AM java.util.prefs.FileSystemPreferences syncWorld
2026-08-18 10:22:57,288 [ERROR] LogOutputStream:75 - [STDERR_REDIRECT] WARNING: Couldn't flush system prefs: java.util.prefs.BackingStoreException: Couldn't get file lock.
2026-08-18 10:22:57,289 [ERROR] LogOutputStream:75 - [STDERR_REDIRECT] 
2026-08-18 10:23:27,287 [ERROR] LogOutputStream:75 - [STDERR_REDIRECT] Aug 18, 2026 10:23:27 AM java.util.prefs.FileSystemPreferences checkLockFile0ErrorCode
2026-08-18 10:23:27,287 [ERROR] LogOutputStream:75 - [STDERR_REDIRECT] WARNING: Could not lock System prefs. Unix error code 2.
2026-08-18 10:23:27,287 [ERROR] LogOutputStream:75 - [STDERR_REDIRECT] 
2026-08-18 10:23:27,287 [ERROR] LogOutputStream:75 - [STDERR_REDIRECT] Aug 18, 2026 10:23:27 AM java.util.prefs.FileSystemPreferences syncWorld
2026-08-18 10:23:27,287 [ERROR] LogOutputStream:75 - [STDERR_REDIRECT] WARNING: Couldn't flush system prefs: java.util.prefs.BackingStoreException: Couldn't get file lock.
2026-08-18 10:23:27,288 [ERROR] LogOutputStream:75 - [STDERR_REDIRECT] 
2026-08-18 10:23:57,286 [ERROR] LogOutputStream:75 - [STDERR_REDIRECT] Aug 18, 2026 10:23:57 AM java.util.prefs.FileSystemPreferences checkLockFile0ErrorCode
2026-08-18 10:23:57,286 [ERROR] LogOutputStream:75 - [STDERR_REDIRECT] WARNING: Could not lock System prefs. Unix error code 2.
2026-08-18 10:23:57,286 [ERROR] LogOutputStream:75 - [STDERR_REDIRECT] 
2026-08-18 10:23:57,287 [ERROR] LogOutputStream:75 - [STDERR_REDIRECT] Aug 18, 2026 10:23:57 AM java.util.prefs.FileSystemPreferences syncWorld
2026-08-18 10:23:57,287 [ERROR] LogOutputStream:75 - [STDERR_REDIRECT] WARNING: Couldn't flush system prefs: java.util.prefs.BackingStoreException: Couldn't get file lock.
2026-08-18 10:23:57,287 [ERROR] LogOutputStream:75 - [STDERR_REDIRECT] 
2026-08-18 10:24:27,287 [ERROR] LogOutputStream:75 - [STDERR_REDIRECT] Aug 18, 2026 10:24:27 AM java.util.prefs.FileSystemPreferences checkLockFile0ErrorCode
2026-08-18 10:24:27,287 [ERROR] LogOutputStream:75 - [STDERR_REDIRECT] WARNING: Could not lock System prefs. Unix error code 2.
2026-08-18 10:24:27,287 [ERROR] LogOutputStream:75 - [STDERR_REDIRECT] 
2026-08-18 10:24:27,287 [ERROR] LogOutputStream:75 - [STDERR_REDIRECT] Aug 18, 2026 10:24:27 AM java.util.prefs.FileSystemPreferences syncWorld
2026-08-18 10:24:27,288 [ERROR] LogOutputStream:75 - [STDERR_REDIRECT] WARNING: Couldn't flush system prefs: java.util.prefs.BackingStoreException: Couldn't get file lock.
2026-08-18 10:24:27,288 [ERROR] LogOutputStream:75 - [STDERR_REDIRECT] 
2026-08-18 10:24:57,287 [ERROR] LogOutputStream:75 - [STDERR_REDIRECT] Aug 18, 2026 10:24:57 AM java.util.prefs.FileSystemPreferences checkLockFile0ErrorCode
2026-08-18 10:24:57,287 [ERROR] LogOutputStream:75 - [STDERR_REDIRECT] WARNING: Could not lock System prefs. Unix error code 2.
2026-08-18 10:24:57,287 [ERROR] LogOutputStream:75 - [STDERR_REDIRECT] 
2026-08-18 10:24:57,287 [ERROR] LogOutputStream:75 - [STDERR_REDIRECT] Aug 18, 2026 10:24:57 AM java.util.prefs.FileSystemPreferences syncWorld
2026-08-18 10:24:57,287 [ERROR] LogOutputStream:75 - [STDERR_REDIRECT] WARNING: Couldn't flush system prefs: java.util.prefs.BackingStoreException: Couldn't get file lock.
2026-08-18 10:24:57,287 [ERROR] LogOutputStream:75 - [STDERR_REDIRECT] 
2026-08-18 10:25:27,287 [ERROR] LogOutputStream:75 - [STDERR_REDIRECT] Aug 18, 2026 10:25:27 AM java.util.prefs.FileSystemPreferences checkLockFile0ErrorCode
2026-08-18 10:25:27,287 [ERROR] LogOutputStream:75 - [STDERR_REDIRECT] WARNING: Could not lock System prefs. Unix error code 2.
2026-08-18 10:25:27,287 [ERROR] LogOutputStream:75 - [STDERR_REDIRECT] 
2026-08-18 10:25:27,288 [ERROR] LogOutputStream:75 - [STDERR_REDIRECT] Aug 18, 2026 10:25:27 AM java.util.prefs.FileSystemPreferences syncWorld
2026-08-18 10:25:27,288 [ERROR] LogOutputStream:75 - [STDERR_REDIRECT] WARNING: Couldn't flush system prefs: java.util.prefs.BackingStoreException: Couldn't get file lock.
2026-08-18 10:25:27,288 [ERROR] LogOutputStream:75 - [STDERR_REDIRECT] 
2026-08-18 10:25:57,287 [ERROR] LogOutputStream:75 - [STDERR_REDIRECT] Aug 18, 2026 10:25:57 AM java.util.prefs.FileSystemPreferences checkLockFile0ErrorCode
2026-08-18 10:25:57,287 [ERROR] LogOutputStream:75 - [STDERR_REDIRECT] WARNING: Could not lock System prefs. Unix error code 2.
2026-08-18 10:25:57,287 [ERROR] LogOutputStream:75 - [STDERR_REDIRECT] 
2026-08-18 10:25:57,287 [ERROR] LogOutputStream:75 - [STDERR_REDIRECT] Aug 18, 2026 10:25:57 AM java.util.prefs.FileSystemPreferences syncWorld
2026-08-18 10:25:57,287 [ERROR] LogOutputStream:75 - [STDERR_REDIRECT] WARNING: Couldn't flush system prefs: java.util.prefs.BackingStoreException: Couldn't get file lock.
2026-08-18 10:25:57,287 [ERROR] LogOutputStream:75 - [STDERR_REDIRECT] 
2026-08-18 10:26:27,287 [ERROR] LogOutputStream:75 - [STDERR_REDIRECT] Aug 18, 2026 10:26:27 AM java.util.prefs.FileSystemPreferences checkLockFile0ErrorCode
2026-08-18 10:26:27,287 [ERROR] LogOutputStream:75 - [STDERR_REDIRECT] WARNING: Could not lock System prefs. Unix error code 2.
2026-08-18 10:26:27,287 [ERROR] LogOutputStream:75 - [STDERR_REDIRECT] 
2026-08-18 10:26:27,288 [ERROR] LogOutputStream:75 - [STDERR_REDIRECT] Aug 18, 2026 10:26:27 AM java.util.prefs.FileSystemPreferences syncWorld
2026-08-18 10:26:27,288 [ERROR] LogOutputStream:75 - [STDERR_REDIRECT] WARNING: Couldn't flush system prefs: java.util.prefs.BackingStoreException: Couldn't get file lock.
2026-08-18 10:26:27,288 [ERROR] LogOutputStream:75 - [STDERR_REDIRECT] 
2026-08-18 10:26:57,288 [ERROR] LogOutputStream:75 - [STDERR_REDIRECT] Aug 18, 2026 10:26:57 AM java.util.prefs.FileSystemPreferences checkLockFile0ErrorCode
2026-08-18 10:26:57,288 [ERROR] LogOutputStream:75 - [STDERR_REDIRECT] WARNING: Could not lock System prefs. Unix error code 2.
2026-08-18 10:26:57,288 [ERROR] LogOutputStream:75 - [STDERR_REDIRECT] 
2026-08-18 10:26:57,288 [ERROR] LogOutputStream:75 - [STDERR_REDIRECT] Aug 18, 2026 10:26:57 AM java.util.prefs.FileSystemPreferences syncWorld
2026-08-18 10:26:57,288 [ERROR] LogOutputStream:75 - [STDERR_REDIRECT] WARNING: Couldn't flush system prefs: java.util.prefs.BackingStoreException: Couldn't get file lock.
2026-08-18 10:26:57,288 [ERROR] LogOutputStream:75 - [STDERR_REDIRECT] 
2026-08-18 10:27:27,287 [ERROR] LogOutputStream:75 - [STDERR_REDIRECT] Aug 18, 2026 10:27:27 AM java.util.prefs.FileSystemPreferences checkLockFile0ErrorCode
2026-08-18 10:27:27,287 [ERROR] LogOutputStream:75 - [STDERR_REDIRECT] WARNING: Could not lock System prefs. Unix error code 2.
2026-08-18 10:27:27,287 [ERROR] LogOutputStream:75 - [STDERR_REDIRECT] 
2026-08-18 10:27:27,288 [ERROR] LogOutputStream:75 - [STDERR_REDIRECT] Aug 18, 2026 10:27:27 AM java.util.prefs.FileSystemPreferences syncWorld
2026-08-18 10:27:27,288 [ERROR] LogOutputStream:75 - [STDERR_REDIRECT] WARNING: Couldn't flush system prefs: java.util.prefs.BackingStoreException: Couldn't get file lock.
2026-08-18 10:27:27,288 [ERROR] LogOutputStream:75 - [STDERR_REDIRECT] 
2026-08-18 10:27:57,287 [ERROR] LogOutputStream:75 - [STDERR_REDIRECT] Aug 18, 2026 10:27:57 AM java.util.prefs.FileSystemPreferences checkLockFile0ErrorCode
2026-08-18 10:27:57,287 [ERROR] LogOutputStream:75 - [STDERR_REDIRECT] WARNING: Could not lock System prefs. Unix error code 2.
2026-08-18 10:27:57,287 [ERROR] LogOutputStream:75 - [STDERR_REDIRECT] 
2026-08-18 10:27:57,287 [ERROR] LogOutputStream:75 - [STDERR_REDIRECT] Aug 18, 2026 10:27:57 AM java.util.prefs.FileSystemPreferences syncWorld
2026-08-18 10:27:57,287 [ERROR] LogOutputStream:75 - [STDERR_REDIRECT] WARNING: Couldn't flush system prefs: java.util.prefs.BackingStoreException: Couldn't get file lock.
2026-08-18 10:27:57,288 [ERROR] LogOutputStream:75 - [STDERR_REDIRECT] 
2026-08-18 10:28:27,287 [ERROR] LogOutputStream:75 - [STDERR_REDIRECT] Aug 18, 2026 10:28:27 AM java.util.prefs.FileSystemPreferences checkLockFile0ErrorCode
2026-08-18 10:28:27,287 [ERROR] LogOutputStream:75 - [STDERR_REDIRECT] WARNING: Could not lock System prefs. Unix error code 2.
2026-08-18 10:28:27,287 [ERROR] LogOutputStream:75 - [STDERR_REDIRECT] 
2026-08-18 10:28:27,287 [ERROR] LogOutputStream:75 - [STDERR_REDIRECT] Aug 18, 2026 10:28:27 AM java.util.prefs.FileSystemPreferences syncWorld
2026-08-18 10:28:27,287 [ERROR] LogOutputStream:75 - [STDERR_REDIRECT] WARNING: Couldn't flush system prefs: java.util.prefs.BackingStoreException: Couldn't get file lock.
2026-08-18 10:28:27,288 [ERROR] LogOutputStream:75 - [STDERR_REDIRECT] 
2026-08-18 10:28:57,287 [ERROR] LogOutputStream:75 - [STDERR_REDIRECT] Aug 18, 2026 10:28:57 AM java.util.prefs.FileSystemPreferences checkLockFile0ErrorCode
2026-08-18 10:28:57,287 [ERROR] LogOutputStream:75 - [STDERR_REDIRECT] WARNING: Could not lock System prefs. Unix error code 2.
2026-08-18 10:28:57,287 [ERROR] LogOutputStream:75 - [STDERR_REDIRECT] 
2026-08-18 10:28:57,287 [ERROR] LogOutputStream:75 - [STDERR_REDIRECT] Aug 18, 2026 10:28:57 AM java.util.prefs.FileSystemPreferences syncWorld
2026-08-18 10:28:57,287 [ERROR] LogOutputStream:75 - [STDERR_REDIRECT] WARNING: Couldn't flush system prefs: java.util.prefs.BackingStoreException: Couldn't get file lock.
2026-08-18 10:28:57,287 [ERROR] LogOutputStream:75 - [STDERR_REDIRECT] 
2026-08-18 10:29:27,288 [ERROR] LogOutputStream:75 - [STDERR_REDIRECT] Aug 18, 2026 10:29:27 AM java.util.prefs.FileSystemPreferences checkLockFile0ErrorCode
2026-08-18 10:29:27,288 [ERROR] LogOutputStream:75 - [STDERR_REDIRECT] WARNING: Could not lock System prefs. Unix error code 2.
2026-08-18 10:29:27,288 [ERROR] LogOutputStream:75 - [STDERR_REDIRECT] 
2026-08-18 10:29:27,289 [ERROR] LogOutputStream:75 - [STDERR_REDIRECT] Aug 18, 2026 10:29:27 AM java.util.prefs.FileSystemPreferences syncWorld
2026-08-18 10:29:27,289 [ERROR] LogOutputStream:75 - [STDERR_REDIRECT] WARNING: Couldn't flush system prefs: java.util.prefs.BackingStoreException: Couldn't get file lock.
2026-08-18 10:29:27,289 [ERROR] LogOutputStream:75 - [STDERR_REDIRECT] 
2026-08-18 10:29:57,288 [ERROR] LogOutputStream:75 - [STDERR_REDIRECT] Aug 18, 2026 10:29:57 AM java.util.prefs.FileSystemPreferences checkLockFile0ErrorCode
2026-08-18 10:29:57,289 [ERROR] LogOutputStream:75 - [STDERR_REDIRECT] WARNING: Could not lock System prefs. Unix error code 2.
2026-08-18 10:29:57,289 [ERROR] LogOutputStream:75 - [STDERR_REDIRECT] 
2026-08-18 10:29:57,289 [ERROR] LogOutputStream:75 - [STDERR_REDIRECT] Aug 18, 2026 10:29:57 AM java.util.prefs.FileSystemPreferences syncWorld
2026-08-18 10:29:57,289 [ERROR] LogOutputStream:75 - [STDERR_REDIRECT] WARNING: Couldn't flush system prefs: java.util.prefs.BackingStoreException: Couldn't get file lock.
2026-08-18 10:29:57,289 [ERROR] LogOutputStream:75 - [STDERR_REDIRECT] 
2026-08-18 10:30:27,288 [ERROR] LogOutputStream:75 - [STDERR_REDIRECT] Aug 18, 2026 10:30:27 AM java.util.prefs.FileSystemPreferences checkLockFile0ErrorCode
2026-08-18 10:30:27,289 [ERROR] LogOutputStream:75 - [STDERR_REDIRECT] WARNING: Could not lock System prefs. Unix error code 2.
2026-08-18 10:30:27,289 [ERROR] LogOutputStream:75 - [STDERR_REDIRECT] 
2026-08-18 10:30:27,289 [ERROR] LogOutputStream:75 - [STDERR_REDIRECT] Aug 18, 2026 10:30:27 AM java.util.prefs.FileSystemPreferences syncWorld
2026-08-18 10:30:27,289 [ERROR] LogOutputStream:75 - [STDERR_REDIRECT] WARNING: Couldn't flush system prefs: java.util.prefs.BackingStoreException: Couldn't get file lock.
2026-08-18 10:30:27,289 [ERROR] LogOutputStream:75 - [STDERR_REDIRECT] 
2026-08-18 10:30:57,288 [ERROR] LogOutputStream:75 - [STDERR_REDIRECT] Aug 18, 2026 10:30:57 AM java.util.prefs.FileSystemPreferences checkLockFile0ErrorCode
2026-08-18 10:30:57,288 [ERROR] LogOutputStream:75 - [STDERR_REDIRECT] WARNING: Could not lock System prefs. Unix error code 2.
2026-08-18 10:30:57,289 [ERROR] LogOutputStream:75 - [STDERR_REDIRECT] 
2026-08-18 10:30:57,289 [ERROR] LogOutputStream:75 - [STDERR_REDIRECT] Aug 18, 2026 10:30:57 AM java.util.prefs.FileSystemPreferences syncWorld
2026-08-18 10:30:57,289 [ERROR] LogOutputStream:75 - [STDERR_REDIRECT] WARNING: Couldn't flush system prefs: java.util.prefs.BackingStoreException: Couldn't get file lock.
2026-08-18 10:30:57,289 [ERROR] LogOutputStream:75 - [STDERR_REDIRECT] 
2026-08-18 10:31:27,288 [ERROR] LogOutputStream:75 - [STDERR_REDIRECT] Aug 18, 2026 10:31:27 AM java.util.prefs.FileSystemPreferences checkLockFile0ErrorCode
2026-08-18 10:31:27,289 [ERROR] LogOutputStream:75 - [STDERR_REDIRECT] WARNING: Could not lock System prefs. Unix error code 2.
2026-08-18 10:31:27,289 [ERROR] LogOutputStream:75 - [STDERR_REDIRECT] 
2026-08-18 10:31:27,289 [ERROR] LogOutputStream:75 - [STDERR_REDIRECT] Aug 18, 2026 10:31:27 AM java.util.prefs.FileSystemPreferences syncWorld
2026-08-18 10:31:27,289 [ERROR] LogOutputStream:75 - [STDERR_REDIRECT] WARNING: Couldn't flush system prefs: java.util.prefs.BackingStoreException: Couldn't get file lock.
2026-08-18 10:31:27,289 [ERROR] LogOutputStream:75 - [STDERR_REDIRECT] 
2026-08-18 10:31:57,289 [ERROR] LogOutputStream:75 - [STDERR_REDIRECT] Aug 18, 2026 10:31:57 AM java.util.prefs.FileSystemPreferences checkLockFile0ErrorCode
2026-08-18 10:31:57,289 [ERROR] LogOutputStream:75 - [STDERR_REDIRECT] WARNING: Could not lock System prefs. Unix error code 2.
2026-08-18 10:31:57,289 [ERROR] LogOutputStream:75 - [STDERR_REDIRECT] 
2026-08-18 10:31:57,290 [ERROR] LogOutputStream:75 - [STDERR_REDIRECT] Aug 18, 2026 10:31:57 AM java.util.prefs.FileSystemPreferences syncWorld
2026-08-18 10:31:57,290 [ERROR] LogOutputStream:75 - [STDERR_REDIRECT] WARNING: Couldn't flush system prefs: java.util.prefs.BackingStoreException: Couldn't get file lock.
2026-08-18 10:31:57,290 [ERROR] LogOutputStream:75 - [STDERR_REDIRECT] 
2026-08-18 10:32:27,290 [ERROR] LogOutputStream:75 - [STDERR_REDIRECT] Aug 18, 2026 10:32:27 AM java.util.prefs.FileSystemPreferences checkLockFile0ErrorCode
2026-08-18 10:32:27,290 [ERROR] LogOutputStream:75 - [STDERR_REDIRECT] WARNING: Could not lock System prefs. Unix error code 2.
2026-08-18 10:32:27,290 [ERROR] LogOutputStream:75 - [STDERR_REDIRECT] 
2026-08-18 10:32:27,290 [ERROR] LogOutputStream:75 - [STDERR_REDIRECT] Aug 18, 2026 10:32:27 AM java.util.prefs.FileSystemPreferences syncWorld
2026-08-18 10:32:27,290 [ERROR] LogOutputStream:75 - [STDERR_REDIRECT] WARNING: Couldn't flush system prefs: java.util.prefs.BackingStoreException: Couldn't get file lock.
2026-08-18 10:32:27,290 [ERROR] LogOutputStream:75 - [STDERR_REDIRECT] 
2026-08-18 10:32:57,290 [ERROR] LogOutputStream:75 - [STDERR_REDIRECT] Aug 18, 2026 10:32:57 AM java.util.prefs.FileSystemPreferences checkLockFile0ErrorCode
2026-08-18 10:32:57,290 [ERROR] LogOutputStream:75 - [STDERR_REDIRECT] WARNING: Could not lock System prefs. Unix error code 2.
2026-08-18 10:32:57,290 [ERROR] LogOutputStream:75 - [STDERR_REDIRECT] 
2026-08-18 10:32:57,291 [ERROR] LogOutputStream:75 - [STDERR_REDIRECT] Aug 18, 2026 10:32:57 AM java.util.prefs.FileSystemPreferences syncWorld
2026-08-18 10:32:57,291 [ERROR] LogOutputStream:75 - [STDERR_REDIRECT] WARNING: Couldn't flush system prefs: java.util.prefs.BackingStoreException: Couldn't get file lock.
2026-08-18 10:32:57,291 [ERROR] LogOutputStream:75 - [STDERR_REDIRECT] 
2026-08-18 10:33:27,290 [ERROR] LogOutputStream:75 - [STDERR_REDIRECT] Aug 18, 2026 10:33:27 AM java.util.prefs.FileSystemPreferences checkLockFile0ErrorCode
2026-08-18 10:33:27,291 [ERROR] LogOutputStream:75 - [STDERR_REDIRECT] WARNING: Could not lock System prefs. Unix error code 2.
2026-08-18 10:33:27,291 [ERROR] LogOutputStream:75 - [STDERR_REDIRECT] 
2026-08-18 10:33:27,291 [ERROR] LogOutputStream:75 - [STDERR_REDIRECT] Aug 18, 2026 10:33:27 AM java.util.prefs.FileSystemPreferences syncWorld
2026-08-18 10:33:27,291 [ERROR] LogOutputStream:75 - [STDERR_REDIRECT] WARNING: Couldn't flush system prefs: java.util.prefs.BackingStoreException: Couldn't get file lock.
2026-08-18 10:33:27,291 [ERROR] LogOutputStream:75 - [STDERR_REDIRECT] 
2026-08-18 10:33:57,291 [ERROR] LogOutputStream:75 - [STDERR_REDIRECT] Aug 18, 2026 10:33:57 AM java.util.prefs.FileSystemPreferences checkLockFile0ErrorCode
2026-08-18 10:33:57,291 [ERROR] LogOutputStream:75 - [STDERR_REDIRECT] WARNING: Could not lock System prefs. Unix error code 2.
2026-08-18 10:33:57,291 [ERROR] LogOutputStream:75 - [STDERR_REDIRECT] 
2026-08-18 10:33:57,291 [ERROR] LogOutputStream:75 - [STDERR_REDIRECT] Aug 18, 2026 10:33:57 AM java.util.prefs.FileSystemPreferences syncWorld
2026-08-18 10:33:57,291 [ERROR] LogOutputStream:75 - [STDERR_REDIRECT] WARNING: Couldn't flush system prefs: java.util.prefs.BackingStoreException: Couldn't get file lock.
2026-08-18 10:33:57,291 [ERROR] LogOutputStream:75 - [STDERR_REDIRECT] 
2026-08-18 10:34:27,291 [ERROR] LogOutputStream:75 - [STDERR_REDIRECT] Aug 18, 2026 10:34:27 AM java.util.prefs.FileSystemPreferences checkLockFile0ErrorCode
2026-08-18 10:34:27,292 [ERROR] LogOutputStream:75 - [STDERR_REDIRECT] WARNING: Could not lock System prefs. Unix error code 2.
2026-08-18 10:34:27,292 [ERROR] LogOutputStream:75 - [STDERR_REDIRECT] 
2026-08-18 10:34:27,292 [ERROR] LogOutputStream:75 - [STDERR_REDIRECT] Aug 18, 2026 10:34:27 AM java.util.prefs.FileSystemPreferences syncWorld
2026-08-18 10:34:27,292 [ERROR] LogOutputStream:75 - [STDERR_REDIRECT] WARNING: Couldn't flush system prefs: java.util.prefs.BackingStoreException: Couldn't get file lock.
2026-08-18 10:34:27,293 [ERROR] LogOutputStream:75 - [STDERR_REDIRECT] 
2026-08-18 10:34:57,291 [ERROR] LogOutputStream:75 - [STDERR_REDIRECT] Aug 18, 2026 10:34:57 AM java.util.prefs.FileSystemPreferences checkLockFile0ErrorCode
2026-08-18 10:34:57,292 [ERROR] LogOutputStream:75 - [STDERR_REDIRECT] WARNING: Could not lock System prefs. Unix error code 2.
2026-08-18 10:34:57,292 [ERROR] LogOutputStream:75 - [STDERR_REDIRECT] 
2026-08-18 10:34:57,292 [ERROR] LogOutputStream:75 - [STDERR_REDIRECT] Aug 18, 2026 10:34:57 AM java.util.prefs.FileSystemPreferences syncWorld
2026-08-18 10:34:57,292 [ERROR] LogOutputStream:75 - [STDERR_REDIRECT] WARNING: Couldn't flush system prefs: java.util.prefs.BackingStoreException: Couldn't get file lock.
2026-08-18 10:34:57,292 [ERROR] LogOutputStream:75 - [STDERR_REDIRECT] 
2026-08-18 10:35:27,292 [ERROR] LogOutputStream:75 - [STDERR_REDIRECT] Aug 18, 2026 10:35:27 AM java.util.prefs.FileSystemPreferences checkLockFile0ErrorCode
2026-08-18 10:35:27,292 [ERROR] LogOutputStream:75 - [STDERR_REDIRECT] WARNING: Could not lock System prefs. Unix error code 2.
2026-08-18 10:35:27,292 [ERROR] LogOutputStream:75 - [STDERR_REDIRECT] 
2026-08-18 10:35:27,292 [ERROR] LogOutputStream:75 - [STDERR_REDIRECT] Aug 18, 2026 10:35:27 AM java.util.prefs.FileSystemPreferences syncWorld
2026-08-18 10:35:27,292 [ERROR] LogOutputStream:75 - [STDERR_REDIRECT] WARNING: Couldn't flush system prefs: java.util.prefs.BackingStoreException: Couldn't get file lock.
2026-08-18 10:35:27,292 [ERROR] LogOutputStream:75 - [STDERR_REDIRECT] 
2026-08-18 10:35:54,706 [ERROR] LogOutputStream:75 - [STDERR_REDIRECT] 
2026-08-18 10:35:54,707 [ERROR] LogOutputStream:75 - [STDERR_REDIRECT] 
2026-08-18 17:51:34,303 [INFO] Activator:176 - 


2026-08-18 17:51:34,307 [INFO] Activator:177 - !SESSION log4j initialized
2026-08-18 17:51:41,071 [INFO] LogOutputStream:77 - [STDOUT_REDIRECT] 
2026-08-18 17:51:41,992 [INFO] ApplicationProperties:184 - Using Application install path: /opt/st/stm32cubeide_1.18.0/plugins/com.st.stm32cube.common.mx_6.14.0.202502271554
2026-08-18 17:51:42,025 [INFO] DbMcusXml:78 - Set database path to: /opt/st/stm32cubeide_1.18.0/plugins/com.st.stm32cube.common.mx_6.14.0.202502271554//db//mcu/
2026-08-18 17:51:42,025 [INFO] ApiDb:274 - Set plugin database path to: /opt/st/stm32cubeide_1.18.0/plugins/com.st.stm32cube.common.mx_6.14.0.202502271554//db//plugins/boardmanager/
2026-08-18 17:51:42,026 [WARN] ApiDb:259 - Overriding images path with different value:  => /opt/st/stm32cubeide_1.18.0/plugins/com.st.stm32cube.common.mx_6.14.0.202502271554//db//plugins/mcufinder/images/
2026-08-18 17:51:42,037 [INFO] ApiDb:250 - Set database path to: /home/thuy/.stmcufinder/plugins/mcufinder//mcu/
2026-08-18 17:51:42,039 [INFO] DbMcusAds:125 - Set database path to: /home/thuy/.stmcufinder/plugins/mcufinder//mcu/
2026-08-18 17:51:42,045 [INFO] CrossReferenceDbSqlite:203 - Set database path to: /home/thuy/.stmcufinder/plugins/mcufinder//mcu/cs/
2026-08-18 17:51:42,301 [INFO] RulesReader:64 - Compatibility file has been processed (301 Rules)
2026-08-18 17:51:42,422 [INFO] DbMcusXml:78 - Set database path to: /opt/st/stm32cubeide_1.18.0/plugins/com.st.stm32cube.common.mx_6.14.0.202502271554//db//mcu/
2026-08-18 17:51:42,423 [INFO] ApiDb:274 - Set plugin database path to: /opt/st/stm32cubeide_1.18.0/plugins/com.st.stm32cube.common.mx_6.14.0.202502271554//db//plugins/boardmanager/
2026-08-18 17:51:42,423 [INFO] ApiDb:261 - Set plugin images path to: /opt/st/stm32cubeide_1.18.0/plugins/com.st.stm32cube.common.mx_6.14.0.202502271554//db//plugins/mcufinder/images/
2026-08-18 17:51:42,424 [WARN] DbFile:41 - Overriding database path with different value: /home/thuy/.stmcufinder/plugins/mcufinder/ => /home/thuy/.stmcufinder/plugins/mcufinder
2026-08-18 17:51:42,424 [INFO] ApiDb:250 - Set database path to: /home/thuy/.stmcufinder/plugins/mcufinder//mcu/
2026-08-18 17:51:42,424 [WARN] DbFile:41 - Overriding database path with different value: /home/thuy/.stmcufinder/plugins/mcufinder/ => /home/thuy/.stmcufinder/plugins/mcufinder
2026-08-18 17:51:42,424 [INFO] DbMcusAds:125 - Set database path to: /home/thuy/.stmcufinder/plugins/mcufinder//mcu/
2026-08-18 17:51:42,424 [WARN] DbFile:41 - Overriding database path with different value: /home/thuy/.stmcufinder/plugins/mcufinder/ => /home/thuy/.stmcufinder/plugins/mcufinder
2026-08-18 17:51:42,425 [WARN] DbFile:41 - Overriding database path with different value: /home/thuy/.stmcufinder/plugins/mcufinder/ => /home/thuy/.stmcufinder/plugins/mcufinder
2026-08-18 17:51:42,425 [INFO] CrossReferenceDbSqlite:203 - Set database path to: /home/thuy/.stmcufinder/plugins/mcufinder//mcu/cs/
2026-08-18 17:51:42,555 [INFO] MainPanel:272 - HeapMemory: 268435456
2026-08-18 17:51:42,805 [INFO] DbMcusXml:78 - Set database path to: /opt/st/stm32cubeide_1.18.0/plugins/com.st.stm32cube.common.mx_6.14.0.202502271554//db//mcu/
2026-08-18 17:51:42,805 [INFO] ApiDb:274 - Set plugin database path to: /opt/st/stm32cubeide_1.18.0/plugins/com.st.stm32cube.common.mx_6.14.0.202502271554//db//plugins/boardmanager/
2026-08-18 17:51:42,806 [INFO] ApiDb:261 - Set plugin images path to: /opt/st/stm32cubeide_1.18.0/plugins/com.st.stm32cube.common.mx_6.14.0.202502271554//db//plugins/mcufinder/images/
2026-08-18 17:51:42,806 [WARN] DbFile:41 - Overriding database path with different value: /home/thuy/.stmcufinder/plugins/mcufinder/ => /home/thuy/.stmcufinder/plugins/mcufinder
2026-08-18 17:51:42,806 [INFO] ApiDb:250 - Set database path to: /home/thuy/.stmcufinder/plugins/mcufinder//mcu/
2026-08-18 17:51:42,807 [WARN] DbFile:41 - Overriding database path with different value: /home/thuy/.stmcufinder/plugins/mcufinder/ => /home/thuy/.stmcufinder/plugins/mcufinder
2026-08-18 17:51:42,807 [INFO] DbMcusAds:125 - Set database path to: /home/thuy/.stmcufinder/plugins/mcufinder//mcu/
2026-08-18 17:51:42,807 [WARN] DbFile:41 - Overriding database path with different value: /home/thuy/.stmcufinder/plugins/mcufinder/ => /home/thuy/.stmcufinder/plugins/mcufinder
2026-08-18 17:51:42,807 [WARN] DbFile:41 - Overriding database path with different value: /home/thuy/.stmcufinder/plugins/mcufinder/ => /home/thuy/.stmcufinder/plugins/mcufinder
2026-08-18 17:51:42,807 [INFO] CrossReferenceDbSqlite:203 - Set database path to: /home/thuy/.stmcufinder/plugins/mcufinder//mcu/cs/
2026-08-18 17:51:42,837 [INFO] ApplicationProperties:184 - Using Application install path: /opt/st/stm32cubeide_1.18.0/plugins/com.st.stm32cube.common.mx_6.14.0.202502271554
2026-08-18 17:51:42,840 [INFO] PluginManage:196 - Search for loadable plugins [exclusion list=, ]
2026-08-18 17:51:42,842 [INFO] PluginManage:310 - Check plugin analytics
2026-08-18 17:51:43,160 [INFO] AnalyticsPlugin:253 - Accepted Software Licenses: STM32CubeMX.6.17.0
2026-08-18 17:51:43,160 [INFO] AnalyticsPlugin:255 - Accepted CMSIS Pack Licenses: 
2026-08-18 17:51:43,160 [INFO] AnalyticsPlugin:257 - Accepted Firmware Licenses: FW.F1.1.8.7,FW.F4.1.28.0,FW.F4.1.28.3
2026-08-18 17:51:43,164 [INFO] PluginManage:359 - Loaded plugin analytics (category:tool,tabindex:-1)
2026-08-18 17:51:43,165 [INFO] PluginManage:310 - Check plugin cadmodel
2026-08-18 17:51:43,172 [INFO] CADModel:105 - Init CAD model plugin
2026-08-18 17:51:43,173 [INFO] PluginManage:359 - Loaded plugin cadmodel (category:power,tabindex:5)
2026-08-18 17:51:43,173 [INFO] PluginManage:310 - Check plugin clock
2026-08-18 17:51:43,188 [INFO] PluginManage:359 - Loaded plugin clock (category:base,tabindex:2)
2026-08-18 17:51:43,188 [INFO] PluginManage:310 - Check plugin ddr
2026-08-18 17:51:43,192 [INFO] PluginManage:359 - Loaded plugin ddr (category:tool,tabindex:6)
2026-08-18 17:51:43,193 [INFO] PluginManage:310 - Check plugin filemanager
2026-08-18 17:51:43,447 [INFO] PluginManage:359 - Loaded plugin filemanager (category:base,tabindex:10)
2026-08-18 17:51:43,448 [INFO] PluginManage:310 - Check plugin ipmanager
2026-08-18 17:51:43,457 [INFO] PluginManage:359 - Loaded plugin ipmanager (category:base,tabindex:5)
2026-08-18 17:51:43,457 [INFO] PluginManage:310 - Check plugin lpbam
2026-08-18 17:51:43,473 [INFO] PluginManage:359 - Loaded plugin lpbam (category:base,tabindex:0)
2026-08-18 17:51:43,473 [INFO] PluginManage:310 - Check plugin memorymap
2026-08-18 17:51:43,494 [INFO] PluginManage:359 - Loaded plugin memorymap (category:base,tabindex:4)
2026-08-18 17:51:43,495 [INFO] PluginManage:310 - Check plugin pinoutandconfiguration
2026-08-18 17:51:43,507 [INFO] PluginManage:359 - Loaded plugin pinoutandconfiguration (category:base,tabindex:1)
2026-08-18 17:51:43,508 [INFO] PluginManage:310 - Check plugin pinoutconfig
2026-08-18 17:51:43,651 [WARN] SupportedApi:132 - Cannot load RTOS API schema: s4s-elt-must-match.1: The content of 'definitions' must match (annotation?, (simpleType | complexType)?, (unique | key | keyref)*)). A problem was found starting at: attribute.
2026-08-18 17:51:43,859 [INFO] PluginManage:359 - Loaded plugin pinoutconfig (category:base,tabindex:0)
2026-08-18 17:51:43,859 [INFO] PluginManage:310 - Check plugin power
2026-08-18 17:51:43,872 [INFO] PluginManage:359 - Loaded plugin power (category:power,tabindex:4)
2026-08-18 17:51:43,873 [INFO] PluginManage:310 - Check plugin projectmanager
2026-08-18 17:51:43,899 [INFO] PluginManage:359 - Loaded plugin projectmanager (category:projectmanager,tabindex:4)
2026-08-18 17:51:43,900 [INFO] PluginManage:310 - Check plugin rif
2026-08-18 17:51:43,912 [INFO] PluginManage:359 - Loaded plugin rif (category:base,tabindex:3)
2026-08-18 17:51:43,913 [INFO] PluginManage:310 - Check plugin thirdparty
2026-08-18 17:51:44,121 [INFO] PluginManage:359 - Loaded plugin thirdparty (category:base,tabindex:-1)
2026-08-18 17:51:44,121 [WARN] IntegrityCheckThread:84 - waiting for thirdparty lock release [integrity check]
2026-08-18 17:51:44,122 [INFO] PluginManage:310 - Check plugin tools
2026-08-18 17:51:44,122 [INFO] IntegrityCheckThread:86 - entering critical section [integrity check]
2026-08-18 17:51:44,123 [INFO] ThirdPartyUpdaterWithRetryManager:70 - Updater plugin not ready yet. [1/15]
2026-08-18 17:51:44,125 [INFO] PluginManage:359 - Loaded plugin tools (category:base,tabindex:7)
2026-08-18 17:51:44,126 [INFO] PluginManage:310 - Check plugin tutovideos
2026-08-18 17:51:44,250 [INFO] McuFinderGlobals:63 - Set McuFinder mode to 2 (CubeIDE integrated)
2026-08-18 17:51:44,425 [INFO] PluginManage:359 - Loaded plugin tutovideos (category:base,tabindex:-1)
2026-08-18 17:51:44,426 [INFO] PluginManage:310 - Check plugin updater
2026-08-18 17:51:44,465 [INFO] PluginManage:359 - Loaded plugin updater (category:base,tabindex:12)
2026-08-18 17:51:44,466 [INFO] PluginManage:310 - Check plugin userauth
2026-08-18 17:51:44,472 [INFO] UserAuth:118 - Init User Auth plugin
2026-08-18 17:51:44,473 [INFO] PluginManage:359 - Loaded plugin userauth (category:base,tabindex:14)
2026-08-18 17:51:44,474 [INFO] PluginManage:283 - PluginManage : Loaded plugins [18]
2026-08-18 17:51:44,769 [INFO] PinOutPanel:1589 - setPackage(No Configuration,No Configuration)
2026-08-18 17:51:44,876 [INFO] CADModel:165 - CPN selected for project level
2026-08-18 17:51:44,877 [INFO] CADModel:114 - Register for checkConnection events
2026-08-18 17:51:44,899 [INFO] IPUIPlugin:80 - create IPUIPlugin
2026-08-18 17:51:44,900 [INFO] PluginManager:220 - loadIPPluginJar : add freertos
2026-08-18 17:51:44,902 [INFO] IPUIPlugin:80 - create IPUIPlugin
2026-08-18 17:51:44,902 [INFO] PluginManager:220 - loadIPPluginJar : add quadspi
2026-08-18 17:51:44,910 [INFO] IPUIPlugin:80 - create IPUIPlugin
2026-08-18 17:51:44,911 [INFO] PluginManager:220 - loadIPPluginJar : add i2s
2026-08-18 17:51:44,916 [INFO] IPUIPlugin:80 - create IPUIPlugin
2026-08-18 17:51:44,916 [INFO] PluginManager:220 - loadIPPluginJar : add touchsensing
2026-08-18 17:51:44,922 [INFO] IPUIPlugin:80 - create IPUIPlugin
2026-08-18 17:51:44,922 [INFO] PluginManager:220 - loadIPPluginJar : add ipddr
2026-08-18 17:51:44,926 [INFO] IPUIPlugin:80 - create IPUIPlugin
2026-08-18 17:51:44,927 [INFO] PluginManager:220 - loadIPPluginJar : add pdm2pcm
2026-08-18 17:51:44,930 [INFO] IPUIPlugin:80 - create IPUIPlugin
2026-08-18 17:51:44,930 [INFO] PluginManager:220 - loadIPPluginJar : add dfsdm
2026-08-18 17:51:44,943 [INFO] IPUIPlugin:80 - create IPUIPlugin
2026-08-18 17:51:44,943 [INFO] PluginManager:220 - loadIPPluginJar : add stm32_wpan
2026-08-18 17:51:44,948 [INFO] IPUIPlugin:80 - create IPUIPlugin
2026-08-18 17:51:44,949 [INFO] PluginManager:220 - loadIPPluginJar : add nvic
2026-08-18 17:51:44,956 [INFO] IPUIPlugin:80 - create IPUIPlugin
2026-08-18 17:51:44,956 [INFO] PluginManager:220 - loadIPPluginJar : add gpio
2026-08-18 17:51:44,960 [INFO] IPUIPlugin:80 - create IPUIPlugin
2026-08-18 17:51:44,961 [INFO] PluginManager:220 - loadIPPluginJar : add usbx
2026-08-18 17:51:44,965 [INFO] IPUIPlugin:80 - create IPUIPlugin
2026-08-18 17:51:44,965 [INFO] PluginManager:220 - loadIPPluginJar : add sai
2026-08-18 17:51:44,967 [INFO] IPUIPlugin:80 - create IPUIPlugin
2026-08-18 17:51:44,968 [INFO] PluginManager:220 - loadIPPluginJar : add fatfs
2026-08-18 17:51:44,971 [INFO] IPUIPlugin:80 - create IPUIPlugin
2026-08-18 17:51:44,971 [INFO] PluginManager:220 - loadIPPluginJar : add opamp
2026-08-18 17:51:44,974 [INFO] IPUIPlugin:80 - create IPUIPlugin
2026-08-18 17:51:44,974 [INFO] PluginManager:220 - loadIPPluginJar : add spi
2026-08-18 17:51:44,977 [INFO] IPUIPlugin:80 - create IPUIPlugin
2026-08-18 17:51:44,977 [INFO] PluginManager:220 - loadIPPluginJar : add tsc
2026-08-18 17:51:44,983 [INFO] IPUIPlugin:80 - create IPUIPlugin
2026-08-18 17:51:44,983 [INFO] PluginManager:220 - loadIPPluginJar : add resmgrutility
2026-08-18 17:51:44,987 [INFO] IPUIPlugin:80 - create IPUIPlugin
2026-08-18 17:51:44,987 [INFO] PluginManager:220 - loadIPPluginJar : add can
2026-08-18 17:51:44,990 [INFO] IPUIPlugin:80 - create IPUIPlugin
2026-08-18 17:51:44,990 [INFO] PluginManager:220 - loadIPPluginJar : add ts
2026-08-18 17:51:45,000 [INFO] IPUIPlugin:80 - create IPUIPlugin
2026-08-18 17:51:45,004 [INFO] PluginManager:220 - loadIPPluginJar : add plateformsettings
2026-08-18 17:51:45,007 [INFO] IPUIPlugin:80 - create IPUIPlugin
2026-08-18 17:51:45,007 [INFO] PluginManager:220 - loadIPPluginJar : add tracer_emb
2026-08-18 17:51:45,011 [INFO] IPUIPlugin:80 - create IPUIPlugin
2026-08-18 17:51:45,011 [INFO] PluginManager:220 - loadIPPluginJar : add hash
2026-08-18 17:51:45,015 [INFO] IPUIPlugin:80 - create IPUIPlugin
2026-08-18 17:51:45,016 [INFO] PluginManager:220 - loadIPPluginJar : add i2c
2026-08-18 17:51:45,019 [INFO] IPUIPlugin:80 - create IPUIPlugin
2026-08-18 17:51:45,020 [INFO] PluginManager:220 - loadIPPluginJar : add i3c
2026-08-18 17:51:45,030 [INFO] IPUIPlugin:80 - create IPUIPlugin
2026-08-18 17:51:45,030 [INFO] PluginManager:220 - loadIPPluginJar : add adc
2026-08-18 17:51:45,032 [INFO] IPUIPlugin:80 - create IPUIPlugin
2026-08-18 17:51:45,032 [INFO] PluginManager:220 - loadIPPluginJar : add ltdc
2026-08-18 17:51:45,042 [INFO] IPUIPlugin:80 - create IPUIPlugin
2026-08-18 17:51:45,042 [INFO] PluginManager:220 - loadIPPluginJar : add mdma
2026-08-18 17:51:45,046 [INFO] IPUIPlugin:80 - create IPUIPlugin
2026-08-18 17:51:45,046 [INFO] PluginManager:220 - loadIPPluginJar : add aes
2026-08-18 17:51:45,053 [INFO] IPUIPlugin:80 - create IPUIPlugin
2026-08-18 17:51:45,053 [INFO] PluginManager:220 - loadIPPluginJar : add fmc
2026-08-18 17:51:45,056 [INFO] IPUIPlugin:80 - create IPUIPlugin
2026-08-18 17:51:45,056 [INFO] PluginManager:220 - loadIPPluginJar : add radio
2026-08-18 17:51:45,059 [INFO] IPUIPlugin:80 - create IPUIPlugin
2026-08-18 17:51:45,060 [INFO] PluginManager:220 - loadIPPluginJar : add cryp
2026-08-18 17:51:45,063 [INFO] IPUIPlugin:80 - create IPUIPlugin
2026-08-18 17:51:45,064 [INFO] PluginManager:220 - loadIPPluginJar : add openamp
2026-08-18 17:51:45,066 [INFO] IPUIPlugin:80 - create IPUIPlugin
2026-08-18 17:51:45,066 [INFO] PluginManager:220 - loadIPPluginJar : add comp
2026-08-18 17:51:45,069 [INFO] IPUIPlugin:80 - create IPUIPlugin
2026-08-18 17:51:45,069 [INFO] PluginManager:220 - loadIPPluginJar : add gfxmmu
2026-08-18 17:51:45,074 [INFO] IPUIPlugin:80 - create IPUIPlugin
2026-08-18 17:51:45,074 [INFO] PluginManager:220 - loadIPPluginJar : add gtzc
2026-08-18 17:51:45,082 [INFO] IPUIPlugin:80 - create IPUIPlugin
2026-08-18 17:51:45,082 [INFO] PluginManager:220 - loadIPPluginJar : add gic
2026-08-18 17:51:45,086 [INFO] IPUIPlugin:80 - create IPUIPlugin
2026-08-18 17:51:45,086 [INFO] PluginManager:220 - loadIPPluginJar : add lorawan
2026-08-18 17:51:45,089 [INFO] IPUIPlugin:80 - create IPUIPlugin
2026-08-18 17:51:45,090 [INFO] PluginManager:220 - loadIPPluginJar : add usart
2026-08-18 17:51:45,092 [INFO] IPUIPlugin:80 - create IPUIPlugin
2026-08-18 17:51:45,092 [INFO] PluginManager:220 - loadIPPluginJar : add tim
2026-08-18 17:51:45,096 [INFO] IPUIPlugin:80 - create IPUIPlugin
2026-08-18 17:51:45,096 [INFO] PluginManager:220 - loadIPPluginJar : add ddr_ctrl_phy
2026-08-18 17:51:45,100 [INFO] IPUIPlugin:80 - create IPUIPlugin
2026-08-18 17:51:45,100 [INFO] PluginManager:220 - loadIPPluginJar : add extmemmanager
2026-08-18 17:51:45,103 [INFO] IPUIPlugin:80 - create IPUIPlugin
2026-08-18 17:51:45,104 [INFO] PluginManager:220 - loadIPPluginJar : add dma3
2026-08-18 17:51:45,106 [INFO] IPUIPlugin:80 - create IPUIPlugin
2026-08-18 17:51:45,106 [INFO] PluginManager:220 - loadIPPluginJar : add ucpd
2026-08-18 17:51:45,116 [INFO] IPUIPlugin:80 - create IPUIPlugin
2026-08-18 17:51:45,116 [INFO] PluginManager:220 - loadIPPluginJar : add dma
2026-08-18 17:51:45,118 [INFO] IPUIPlugin:80 - create IPUIPlugin
2026-08-18 17:51:45,119 [INFO] PluginManager:220 - loadIPPluginJar : add genericplugin
2026-08-18 17:51:45,130 [INFO] IPUIPlugin:80 - create IPUIPlugin
2026-08-18 17:51:45,130 [INFO] PluginManager:220 - loadIPPluginJar : add linkedlist
2026-08-18 17:51:45,255 [FATAL] Updater:351 - Updater called before beeing initialized
2026-08-18 17:51:45,298 [INFO] RulesReader:64 - Compatibility file has been processed (301 Rules)
2026-08-18 17:51:45,317 [INFO] RulesReader:64 - Compatibility file has been processed (301 Rules)
2026-08-18 17:51:45,330 [INFO] CADModel:165 - CPN selected for project level
2026-08-18 17:51:45,330 [INFO] CADModel:114 - Register for checkConnection events
2026-08-18 17:51:45,330 [FATAL] Updater:351 - Updater called before beeing initialized
2026-08-18 17:51:45,331 [ERROR] CADModel:125 - Updater not yet initialized, retry later 
2026-08-18 17:51:45,563 [FATAL] Updater:351 - Updater called before beeing initialized
2026-08-18 17:51:45,566 [INFO] CADModel:165 - CPN selected for project level
2026-08-18 17:51:45,566 [INFO] CADModel:114 - Register for checkConnection events
2026-08-18 17:51:45,566 [FATAL] Updater:351 - Updater called before beeing initialized
2026-08-18 17:51:45,567 [ERROR] CADModel:125 - Updater not yet initialized, retry later 
2026-08-18 17:51:45,573 [FATAL] Updater:351 - Updater called before beeing initialized
2026-08-18 17:51:45,714 [FATAL] Updater:351 - Updater called before beeing initialized
2026-08-18 17:51:45,721 [INFO] DbMcusAds:53 - JSON generation date=Wed Jul 15 16:44:54 ICT 2026 (1784108694001)
2026-08-18 17:51:45,721 [FATAL] Updater:351 - Updater called before beeing initialized
2026-08-18 17:51:45,781 [WARN] DetailPanel:346 - Failed to get advertising image, set to default
2026-08-18 17:51:46,264 [FATAL] Updater:351 - Updater called before beeing initialized
2026-08-18 17:51:46,272 [FATAL] Updater:351 - Updater called before beeing initialized
2026-08-18 17:51:46,273 [FATAL] Updater:351 - Updater called before beeing initialized
2026-08-18 17:51:46,273 [WARN] DetailPanel:346 - Failed to get advertising image, set to default
2026-08-18 17:51:46,274 [FATAL] Updater:351 - Updater called before beeing initialized
2026-08-18 17:51:46,327 [ERROR] Updater:1198 - MainUpdater not yet initialized. External WinMGr cannot be set.
2026-08-18 17:51:46,330 [INFO] Updater:1134 - Updater Version found : 6.14.0
2026-08-18 17:51:46,362 [INFO] ApplicationProperties:184 - Using Application install path: /opt/st/stm32cubeide_1.18.0/plugins/com.st.stm32cube.common.mx_6.14.0.202502271554
2026-08-18 17:51:46,384 [ERROR] LogOutputStream:75 - [STDERR_REDIRECT] Aug 18, 2026 5:51:46 PM java.util.prefs.FileSystemPreferences$2 run
2026-08-18 17:51:46,385 [ERROR] LogOutputStream:75 - [STDERR_REDIRECT] WARNING: Could not create system preferences directory. System preferences are unusable.
2026-08-18 17:51:46,385 [ERROR] LogOutputStream:75 - [STDERR_REDIRECT] 
2026-08-18 17:51:46,830 [INFO] MainUpdater:2872 - connection check result : 10
2026-08-18 17:51:46,830 [INFO] MainUpdater:3566 - Updater definition file requires update
2026-08-18 17:51:46,831 [INFO] MainUpdater:289 - Updater Check For Update Now.
2026-08-18 17:51:46,832 [INFO] MicroXplorer:498 - Change Database Version : DB.6.0.140
2026-08-18 17:51:46,844 [INFO] McuFinderGlobals:63 - Set McuFinder mode to 2 (CubeIDE integrated)
2026-08-18 17:51:46,845 [INFO] UserAuth:171 - activating auth plugin
2026-08-18 17:51:46,849 [INFO] UserAuth:486 - Internet connection configuration mode: 1
2026-08-18 17:51:46,875 [INFO] JxBrowserEngine:152 - Initiate JxBrowser Engine with user profile folder
2026-08-18 17:51:46,886 [INFO] ServerAccessManage:473 - Download File updaters.zip
2026-08-18 17:51:47,124 [WARN] MainUpdater:1193 - Updater busy. Cannot search thirdparties
2026-08-18 17:51:47,125 [INFO] ThirdPartyUpdaterWithRetryManager:96 - Updater plugin is busy. [1/15]
2026-08-18 17:51:47,142 [INFO] FileExtend:242 - Unzip File : updaters.zip
2026-08-18 17:51:47,142 [INFO] FileExtend:257 - Standard Zip Deflate
2026-08-18 17:51:47,497 [INFO] ServerAccessManage:473 - Download File PacksControlFlags.xml
2026-08-18 17:51:47,659 [INFO] ServerAccessManage:473 - Download File cubemx.pidx
2026-08-18 17:51:47,830 [INFO] LoadServerUpdatesThread:375 - End of LoadServerUpdate Thread
2026-08-18 17:51:48,073 [INFO] CheckServerUpdateThread:120 - End of CheckServer Thread
2026-08-18 17:51:48,247 [INFO] MainUpdater:2872 - connection check result : 10
2026-08-18 17:51:48,249 [INFO] MainUpdater:2872 - connection check result : 10
2026-08-18 17:51:48,294 [INFO] MicroXplorer:468 - Change Database Path : 
2026-08-18 17:51:48,295 [INFO] MicroXplorer:498 - Change Database Version : DB.6.0.140
2026-08-18 17:51:48,310 [WARN] ThirdParty:871 - waiting for thirdparty lock release [close project]
2026-08-18 17:51:48,478 [INFO] WebApp:169 - Instantiating new browser for Auth
2026-08-18 17:51:49,787 [INFO] WebApp:463 - Apply proxy settings
2026-08-18 17:51:49,788 [INFO] WebApp:548 - Chromium requires no authentication
2026-08-18 17:51:49,801 [INFO] WebApp:491 - Direct internet connection detected
2026-08-18 17:51:49,844 [INFO] WebApp:894 - Register for checkConnection events
2026-08-18 17:51:49,844 [INFO] WebApp:463 - Apply proxy settings
2026-08-18 17:51:49,844 [INFO] WebApp:548 - Chromium requires no authentication
2026-08-18 17:51:49,845 [INFO] WebApp:491 - Direct internet connection detected
2026-08-18 17:51:50,122 [INFO] WebApp:225 - Starting web application
2026-08-18 17:51:50,122 [INFO] WebApp:593 - Web application path used /opt/st/stm32cubeide_1.18.0/plugins/com.st.stm32cube.common.mx_6.14.0.202502271554/db/plugins/mcufinder/reactClient1/index.html
2026-08-18 17:51:50,137 [INFO] WebApp:191 - Connection restablished
2026-08-18 17:51:50,547 [WARN] PackLoader:240 - Cannot read IP mode file for STMicroelectronics.X-CUBE-AZRTOS-H7.3.5.0
2026-08-18 17:51:50,572 [WARN] PackLoader:240 - Cannot read IP mode file for STMicroelectronics.FP-ATR-ASTRA1.2.0.3
2026-08-18 17:51:50,580 [WARN] PackLoader:240 - Cannot read IP mode file for STMicroelectronics.FP-ATR-ASTRA1.2.0.2
2026-08-18 17:51:50,589 [ERROR] Engine:466 - /home/thuy/.stm32cubemx/thirdparties/pdsc/STMicroelectronics.X-CUBE-SMBUS.2.1.1.pdsc: PDSC version is not supported
2026-08-18 17:51:50,630 [WARN] PackLoader:240 - Cannot read IP mode file for STMicroelectronics.X-CUBE-AZRTOS-F7.1.1.0
2026-08-18 17:51:50,645 [ERROR] Engine:466 - /home/thuy/.stm32cubemx/thirdparties/pdsc/STMicroelectronics.X-CUBE-FREERTOS.1.6.0.pdsc: PDSC version is not supported
2026-08-18 17:51:50,649 [ERROR] Engine:466 - /home/thuy/.stm32cubemx/thirdparties/pdsc/STMicroelectronics.FP-SNS-MOTENV1.5.1.0.pdsc: PDSC version is not supported
2026-08-18 17:51:50,710 [WARN] PackLoader:240 - Cannot read IP mode file for STMicroelectronics.X-CUBE-AZRTOS-H7RS.1.3.0
2026-08-18 17:51:50,731 [ERROR] Engine:466 - /home/thuy/.stm32cubemx/thirdparties/pdsc/WES.I-CUBE-Cesium.1.4.0.pdsc: PDSC version is not supported
2026-08-18 17:51:50,748 [WARN] PackLoader:240 - Cannot read IP mode file for STMicroelectronics.X-CUBE-DISPLAY.3.0.0
2026-08-18 17:51:50,781 [WARN] PackLoader:240 - Cannot read IP mode file for STMicroelectronics.X-CUBE-GNSS1.7.1.1
2026-08-18 17:51:50,791 [ERROR] Engine:466 - /home/thuy/.stm32cubemx/thirdparties/pdsc/STMicroelectronics.FP-SNS-MOTENVWB1.1.5.0.pdsc: PDSC version is not supported
2026-08-18 17:51:50,798 [WARN] PackLoader:240 - Cannot read IP mode file for wolfSSL.I-CUBE-wolfSSL.5.9.1
2026-08-18 17:51:50,809 [WARN] PackLoader:240 - Cannot read IP mode file for STMicroelectronics.X-CUBE-NFC10.1.0.0
2026-08-18 17:51:50,821 [WARN] PackLoader:240 - Cannot read IP mode file for STMicroelectronics.X-CUBE-ST60.1.1.0
2026-08-18 17:51:50,833 [WARN] PackLoader:240 - Cannot read IP mode file for emotas.I-CUBE-CANOPEN.1.3.0
2026-08-18 17:51:50,841 [ERROR] Engine:466 - /home/thuy/.stm32cubemx/thirdparties/pdsc/STMicroelectronics.X-CUBE-WBA.1.1.0.pdsc: PDSC version is not supported
2026-08-18 17:51:50,849 [ERROR] Engine:466 - /home/thuy/.stm32cubemx/thirdparties/pdsc/STMicroelectronics.FP-SNS-STBOX1.2.1.0.pdsc: PDSC version is not supported
2026-08-18 17:51:50,858 [WARN] PackLoader:240 - Cannot read IP mode file for STMicroelectronics.FP-SNS-SMARTAG2.1.2.0
2026-08-18 17:51:50,867 [WARN] PackLoader:240 - Cannot read IP mode file for STMicroelectronics.FP-SNS-FLIGHT1.5.1.0
2026-08-18 17:51:50,890 [INFO] LogOutputStream:77 - [STDOUT_REDIRECT] 1 : Invalid condition id : UX_CORESTACK_Condition cause : null
2026-08-18 17:51:50,891 [INFO] LogOutputStream:77 - [STDOUT_REDIRECT] 1 : Invalid condition id : UX_CORESTACK_Condition cause : null
2026-08-18 17:51:50,892 [INFO] LogOutputStream:77 - [STDOUT_REDIRECT] 1 : Invalid condition id : UX_CORESTACK_Condition cause : null
2026-08-18 17:51:50,893 [INFO] LogOutputStream:77 - [STDOUT_REDIRECT] 1 : Invalid condition id : UX_CORESTACK_Condition cause : null
2026-08-18 17:51:50,893 [INFO] LogOutputStream:77 - [STDOUT_REDIRECT] 1 : Invalid condition id : UX_CORESTACK_Condition cause : null
2026-08-18 17:51:50,903 [WARN] PackLoader:240 - Cannot read IP mode file for STMicroelectronics.X-CUBE-AZRTOS-WL.2.0.0
2026-08-18 17:51:50,916 [WARN] PackLoader:240 - Cannot read IP mode file for STMicroelectronics.X-CUBE-BLE2.3.3.0
2026-08-18 17:51:51,004 [WARN] PackLoader:240 - Cannot read IP mode file for Infineon.AIROC-Wi-Fi-Bluetooth-STM32.1.8.0
2026-08-18 17:51:51,030 [WARN] PackLoader:240 - Cannot read IP mode file for STMicroelectronics.X-CUBE-NFC9.1.0.0
2026-08-18 17:51:51,042 [WARN] PackLoader:240 - Cannot read IP mode file for STMicroelectronics.X-CUBE-BLE1.7.1.0
2026-08-18 17:51:51,050 [WARN] PackLoader:240 - Cannot read IP mode file for wolfSSL.I-CUBE-wolfMQTT.1.19.2
2026-08-18 17:51:51,062 [WARN] PackLoader:240 - Cannot read IP mode file for STMicroelectronics.X-CUBE-EEPRMA1.5.2.0
2026-08-18 17:51:51,074 [ERROR] Engine:466 - /home/thuy/.stm32cubemx/thirdparties/pdsc/STMicroelectronics.FP-SNS-STAIOTCFT.1.1.0.pdsc: PDSC version is not supported
2026-08-18 17:51:51,101 [WARN] PackLoader:240 - Cannot read IP mode file for STMicroelectronics.X-CUBE-AZRTOS-G0.1.1.0
2026-08-18 17:51:51,115 [WARN] PackLoader:240 - Cannot read IP mode file for STMicroelectronics.X-CUBE-NFC4.3.0.0
2026-08-18 17:51:51,133 [WARN] PackLoader:240 - Cannot read IP mode file for EmbeddedOffice.I-CUBE-FS-RTOS.1.0.1
2026-08-18 17:51:51,141 [WARN] PackLoader:240 - Cannot read IP mode file for wolfSSL.I-CUBE-wolfTPM.3.8.0
2026-08-18 17:51:51,151 [WARN] PackLoader:240 - Cannot read IP mode file for STMicroelectronics.X-CUBE-TCPP.4.2.0
2026-08-18 17:51:51,163 [WARN] PackLoader:240 - Cannot read IP mode file for RealThread.X-CUBE-RT-Thread_Nano.4.1.1
2026-08-18 17:51:51,172 [WARN] PackLoader:240 - Cannot read IP mode file for STMicroelectronics.FP-ATR-SIGFOX1.3.2.0
2026-08-18 17:51:51,183 [WARN] PackLoader:240 - Cannot read IP mode file for ITTIA_DB.I-CUBE-ITTIADB.8.9.0
2026-08-18 17:51:51,189 [WARN] PackLoader:240 - Cannot read IP mode file for Cesanta.I-CUBE-Mongoose.7.21.7
2026-08-18 17:51:51,199 [WARN] PackLoader:240 - Cannot read IP mode file for STMicroelectronics.X-CUBE-NFC6.3.2.0
2026-08-18 17:51:51,212 [WARN] PackLoader:240 - Cannot read IP mode file for STMicroelectronics.X-CUBE-AI.10.2.1
2026-08-18 17:51:51,309 [WARN] PackLoader:240 - Cannot read IP mode file for STMicroelectronics.X-CUBE-MEMS1.12.1.0
2026-08-18 17:51:51,593 [WARN] PackLoader:240 - Cannot read IP mode file for SEGGER.I-CUBE-embOS.1.3.1
2026-08-18 17:51:51,701 [WARN] PackLoader:240 - Cannot read IP mode file for STMicroelectronics.X-CUBE-NFC13.1.0.0
2026-08-18 17:51:51,713 [WARN] PackLoader:240 - Cannot read IP mode file for STMicroelectronics.X-CUBE-PM33A1.1.0.0
2026-08-18 17:51:51,751 [WARN] PackLoader:240 - Cannot read IP mode file for STMicroelectronics.X-CUBE-AZRTOS-F4.1.1.0
2026-08-18 17:51:51,763 [WARN] PackLoader:240 - Cannot read IP mode file for STMicroelectronics.X-CUBE-ISPU.2.1.0
2026-08-18 17:51:51,774 [ERROR] Engine:466 - /home/thuy/.stm32cubemx/thirdparties/pdsc/STMicroelectronics.X-CUBE-IPS.3.2.0.pdsc: PDSC version is not supported
2026-08-18 17:51:51,778 [WARN] PackLoader:240 - Cannot read IP mode file for STMicroelectronics.eDS-WB_DPC_TT-BIDIR.2.1.1
2026-08-18 17:51:51,790 [WARN] PackLoader:240 - Cannot read IP mode file for STMicroelectronics.X-CUBE-NFC12.1.0.0
2026-08-18 17:51:51,824 [WARN] PackLoader:240 - Cannot read IP mode file for STMicroelectronics.X-CUBE-AZRTOS-L5.2.0.0
2026-08-18 17:51:51,840 [WARN] PackLoader:240 - Cannot read IP mode file for STMicroelectronics.X-CUBE-ALGOBUILD.1.5.0
2026-08-18 17:51:51,845 [WARN] PackLoader:240 - Cannot read IP mode file for STMicroelectronics.eDS-WB_DPC_VIENNA.1.2.0
2026-08-18 17:51:51,928 [WARN] PackLoader:240 - Cannot read IP mode file for STMicroelectronics.X-CUBE-MEMS1.13.0.0
2026-08-18 17:51:52,048 [WARN] PackLoader:240 - Cannot read IP mode file for STMicroelectronics.eDS-WB_DPC_3PH2L-BIDIR.1.1.1
2026-08-18 17:51:52,053 [ERROR] Engine:466 - /home/thuy/.stm32cubemx/thirdparties/pdsc/STMicroelectronics.X-CUBE-ST67W61.1.3.0.pdsc: PDSC version is not supported
2026-08-18 17:51:52,059 [WARN] PackLoader:240 - Cannot read IP mode file for STMicroelectronics.X-CUBE-TOUCHGFX.4.26.1
2026-08-18 17:51:52,065 [WARN] PackLoader:240 - Cannot read IP mode file for STMicroelectronics.X-CUBE-DPower.1.3.0
2026-08-18 17:51:52,094 [WARN] ConditionMgr:438 - getConditionDescription Invalid condition id : LAN8742 Phy interface Condition cause : null
2026-08-18 17:51:52,094 [WARN] PackLoader:240 - Cannot read IP mode file for STMicroelectronics.X-CUBE-AZRTOS-L4.2.0.0
2026-08-18 17:51:52,097 [WARN] ConditionMgr:1044 - genDependencies : Invalid condition id : LAN8742 Phy interface Condition cause : null
2026-08-18 17:51:52,097 [WARN] ConditionMgr:1044 - genDependencies : Invalid condition id : LAN8742 Phy interface Condition cause : null
2026-08-18 17:51:52,098 [WARN] ConditionMgr:1044 - genDependencies : Invalid condition id : LAN8742 Phy interface Condition cause : null
2026-08-18 17:51:52,108 [WARN] PackLoader:240 - Cannot read IP mode file for STMicroelectronics.X-CUBE-SFXS2LP1.4.0.0
2026-08-18 17:51:52,117 [WARN] PackLoader:240 - Cannot read IP mode file for STMicroelectronics.X-CUBE-WB05N.2.1.0
2026-08-18 17:51:52,134 [WARN] ConditionMgr:438 - getConditionDescription Invalid condition id : UX DEVICE CLASS RTOS Condition cause : null
2026-08-18 17:51:52,135 [WARN] ConditionMgr:438 - getConditionDescription Invalid condition id : UX DEVICE CLASS RTOS Condition cause : null
2026-08-18 17:51:52,152 [WARN] PackLoader:240 - Cannot read IP mode file for STMicroelectronics.X-CUBE-AZRTOS-WB.2.0.0
2026-08-18 17:51:52,153 [WARN] ConditionMgr:1044 - genDependencies : Invalid condition id : UX DEVICE CLASS RTOS Condition cause : null
2026-08-18 17:51:52,153 [WARN] ConditionMgr:1044 - genDependencies : Invalid condition id : UX DEVICE CLASS RTOS Condition cause : null
2026-08-18 17:51:52,154 [WARN] ConditionMgr:1044 - genDependencies : Invalid condition id : UX DEVICE CLASS RTOS Condition cause : null
2026-08-18 17:51:52,155 [WARN] ConditionMgr:1044 - genDependencies : Invalid condition id : UX DEVICE CLASS RTOS Condition cause : null
2026-08-18 17:51:52,155 [WARN] ConditionMgr:1044 - genDependencies : Invalid condition id : UX DEVICE CLASS RTOS Condition cause : null
2026-08-18 17:51:52,160 [WARN] ConditionMgr:438 - getConditionDescription Invalid condition id : Cortex-A Device cause : null
2026-08-18 17:51:52,169 [WARN] ConditionMgr:1044 - genDependencies : Invalid condition id : Cortex-A Device cause : null
2026-08-18 17:51:52,170 [WARN] ConditionMgr:1044 - genDependencies : Invalid condition id : Cortex-A Device cause : null
2026-08-18 17:51:52,170 [WARN] ConditionMgr:1044 - genDependencies : Invalid condition id : Cortex-A Device cause : null
2026-08-18 17:51:52,181 [WARN] PackLoader:240 - Cannot read IP mode file for STMicroelectronics.X-CUBE-STSE01.2.0.0
2026-08-18 17:51:52,201 [WARN] PackLoader:240 - Cannot read IP mode file for STMicroelectronics.X-CUBE-SUBG2.5.0.0
2026-08-18 17:51:52,231 [WARN] PackLoader:240 - Cannot read IP mode file for STMicroelectronics.X-CUBE-AZRTOS-G4.2.0.0
2026-08-18 17:51:52,239 [WARN] PackLoader:240 - Cannot read IP mode file for wolfSSL.I-CUBE-wolfSSH.1.4.20
2026-08-18 17:51:52,246 [WARN] PackLoader:240 - Cannot read IP mode file for STMicroelectronics.X-CUBE-NFC7.2.0.0
2026-08-18 17:51:52,255 [ERROR] Engine:466 - /home/thuy/.stm32cubemx/thirdparties/pdsc/STMicroelectronics.X-CUBE-BLEMGR.4.2.0.pdsc: PDSC version is not supported
2026-08-18 17:51:52,261 [WARN] PackLoader:240 - Cannot read IP mode file for STMicroelectronics.X-CUBE-ALS.1.0.2
2026-08-18 17:51:52,283 [WARN] PackLoader:240 - Cannot read IP mode file for STMicroelectronics.X-CUBE-TOF1.3.4.3
2026-08-18 17:51:52,308 [INFO] ThirdParty:978 - Integrity check success = true
2026-08-18 17:51:52,308 [INFO] IntegrityCheckThread:100 - exiting critical section [integrity check]
2026-08-18 17:51:52,309 [INFO] IntegrityCheckThread:103 - End integrity checks thread
2026-08-18 17:51:52,309 [INFO] ThirdParty:873 - entering critical section [close project]
2026-08-18 17:51:52,310 [INFO] ThirdParty:883 - exiting critical section [close project]
2026-08-18 17:51:52,313 [INFO] PinOutPanel:1589 - setPackage(No Configuration,No Configuration)
2026-08-18 17:51:52,320 [INFO] UtilMem:75 - Begin LoadConfig() Used Memory: 185995312 Bytes (508559360)
2026-08-18 17:51:52,322 [INFO] MicroXplorer:468 - Change Database Path : 
2026-08-18 17:51:52,323 [INFO] MicroXplorer:498 - Change Database Version : DB.6.0.140
2026-08-18 17:51:52,323 [INFO] OpenFileManager:354 - Change cursor
2026-08-18 17:51:52,355 [INFO] Mcu:2011 - Initializing MCU STM32F411C(C-E)Ux STM32F411CEUx STM32F411CEU6
2026-08-18 17:51:53,955 [INFO] Context:756 - Trying to add GPIOservice into a context  which must be forbidden
2026-08-18 17:51:54,682 [INFO] ImportTextPane:218 - (OptionalMessage_ERROR) Pin23 (VP_RIF_VS_RIF1) cannot be retrieved for this MCU
2026-08-18 17:51:54,802 [INFO] RtosManager:558 - Registered RTOS mode: class=CMSIS, group=RTOS, mode=CMSIS_V1, owner=FREERTOS
2026-08-18 17:51:54,802 [INFO] RtosManager:558 - Registered RTOS mode: class=CMSIS, group=RTOS2, mode=CMSIS_V2, owner=FREERTOS
2026-08-18 17:51:54,802 [INFO] RtosManager:558 - Registered RTOS mode: class=RTOS, group=Core, mode=CMSIS_V1, owner=FREERTOS
2026-08-18 17:51:54,803 [INFO] RtosManager:558 - Registered RTOS mode: class=RTOS, group=Core, mode=CMSIS_V2, owner=FREERTOS
2026-08-18 17:51:54,803 [WARN] ModelIntegratedComponent:184 - Missing modes for component STMicroelectronics:FreeRTOS:0.0.1:STMicroelectronics:RTOS:FreeRTOS:Core:::10.2.0:
2026-08-18 17:51:54,917 [WARN] ModelIntegratedComponent:182 - Modes not found for component STMicroelectronics:USB_HOST:1.0.0:STMicroelectronics:USB::USB Host:Audio HS::1.0:USB_HOST_1_0_RESTRICTED_HS
2026-08-18 17:51:54,917 [WARN] ModelIntegratedComponent:188 - Modes not found for component STMicroelectronics:USB_HOST:1.0.0:STMicroelectronics:USB::USB Host:Audio HS::1.0:USB_HOST_1_0_RESTRICTED_HS
2026-08-18 17:51:54,917 [WARN] ModelIntegratedComponent:182 - Modes not found for component STMicroelectronics:USB_HOST:1.0.0:STMicroelectronics:USB::USB Host:CDC HS::1.0:USB_HOST_1_0_RESTRICTED_HS
2026-08-18 17:51:54,917 [WARN] ModelIntegratedComponent:188 - Modes not found for component STMicroelectronics:USB_HOST:1.0.0:STMicroelectronics:USB::USB Host:CDC HS::1.0:USB_HOST_1_0_RESTRICTED_HS
2026-08-18 17:51:54,917 [WARN] ModelIntegratedComponent:182 - Modes not found for component STMicroelectronics:USB_HOST:1.0.0:STMicroelectronics:USB::USB Host:MSC HS::1.0:USB_HOST_1_0_RESTRICTED_HS
2026-08-18 17:51:54,918 [WARN] ModelIntegratedComponent:188 - Modes not found for component STMicroelectronics:USB_HOST:1.0.0:STMicroelectronics:USB::USB Host:MSC HS::1.0:USB_HOST_1_0_RESTRICTED_HS
2026-08-18 17:51:54,918 [WARN] ModelIntegratedComponent:182 - Modes not found for component STMicroelectronics:USB_HOST:1.0.0:STMicroelectronics:USB::USB Host:HID HS::1.0:USB_HOST_1_0_RESTRICTED_HS
2026-08-18 17:51:54,918 [WARN] ModelIntegratedComponent:188 - Modes not found for component STMicroelectronics:USB_HOST:1.0.0:STMicroelectronics:USB::USB Host:HID HS::1.0:USB_HOST_1_0_RESTRICTED_HS
2026-08-18 17:51:54,918 [WARN] ModelIntegratedComponent:182 - Modes not found for component STMicroelectronics:USB_HOST:1.0.0:STMicroelectronics:USB::USB Host:MTP HS::1.0:USB_HOST_1_0_RESTRICTED_HS
2026-08-18 17:51:54,918 [WARN] ModelIntegratedComponent:188 - Modes not found for component STMicroelectronics:USB_HOST:1.0.0:STMicroelectronics:USB::USB Host:MTP HS::1.0:USB_HOST_1_0_RESTRICTED_HS
2026-08-18 17:51:54,926 [WARN] ModelIntegratedComponent:63 - No mode defined for component null
2026-08-18 17:51:54,926 [WARN] ModelIntegratedComponent:63 - No mode defined for component null
2026-08-18 17:51:54,927 [WARN] ModelIntegratedComponent:63 - No mode defined for component null
2026-08-18 17:51:54,927 [WARN] ModelIntegratedComponent:63 - No mode defined for component null
2026-08-18 17:51:54,927 [WARN] ModelIntegratedComponent:63 - No mode defined for component null
2026-08-18 17:51:54,927 [WARN] ModelIntegratedComponent:63 - No mode defined for component null
2026-08-18 17:51:54,927 [WARN] ModelIntegratedComponent:63 - No mode defined for component null
2026-08-18 17:51:54,927 [WARN] ModelIntegratedComponent:63 - No mode defined for component null
2026-08-18 17:51:54,927 [WARN] ModelIntegratedComponent:63 - No mode defined for component null
2026-08-18 17:51:54,927 [WARN] ModelIntegratedComponent:63 - No mode defined for component null
2026-08-18 17:51:54,927 [WARN] ModelIntegratedComponent:63 - No mode defined for component null
2026-08-18 17:51:54,927 [WARN] ModelIntegratedComponent:63 - No mode defined for component null
2026-08-18 17:51:54,927 [WARN] ModelIntegratedComponent:63 - No mode defined for component null
2026-08-18 17:51:54,927 [WARN] ModelIntegratedComponent:63 - No mode defined for component null
2026-08-18 17:51:54,928 [WARN] ModelIntegratedComponent:63 - No mode defined for component null
2026-08-18 17:51:54,928 [WARN] ModelIntegratedComponent:63 - No mode defined for component null
2026-08-18 17:51:54,928 [WARN] ModelIntegratedComponent:63 - No mode defined for component null
2026-08-18 17:51:54,928 [WARN] ModelIntegratedComponent:63 - No mode defined for component null
2026-08-18 17:51:54,928 [WARN] ModelIntegratedComponent:63 - No mode defined for component null
2026-08-18 17:51:54,928 [WARN] ModelIntegratedComponent:63 - No mode defined for component null
2026-08-18 17:51:54,928 [WARN] ModelIntegratedComponent:63 - No mode defined for component null
2026-08-18 17:51:54,928 [WARN] ModelIntegratedComponent:63 - No mode defined for component null
2026-08-18 17:51:54,928 [WARN] ModelIntegratedComponent:63 - No mode defined for component null
2026-08-18 17:51:54,928 [WARN] ModelIntegratedComponent:63 - No mode defined for component null
2026-08-18 17:51:54,928 [WARN] ModelIntegratedComponent:63 - No mode defined for component null
2026-08-18 17:51:54,928 [WARN] ModelIntegratedComponent:63 - No mode defined for component null
2026-08-18 17:51:54,929 [WARN] ModelIntegratedComponent:63 - No mode defined for component null
2026-08-18 17:51:54,929 [WARN] ModelIntegratedComponent:63 - No mode defined for component null
2026-08-18 17:51:54,929 [WARN] ModelIntegratedComponent:63 - No mode defined for component null
2026-08-18 17:51:54,929 [WARN] ModelIntegratedComponent:63 - No mode defined for component null
2026-08-18 17:51:54,929 [WARN] ModelIntegratedComponent:63 - No mode defined for component null
2026-08-18 17:51:54,929 [WARN] ModelIntegratedComponent:63 - No mode defined for component null
2026-08-18 17:51:54,929 [WARN] ModelIntegratedComponent:63 - No mode defined for component null
2026-08-18 17:51:54,929 [WARN] ModelIntegratedComponent:63 - No mode defined for component null
2026-08-18 17:51:54,929 [WARN] ModelIntegratedComponent:63 - No mode defined for component null
2026-08-18 17:51:54,930 [WARN] ModelPack:524 - Component already loaded: STMicroelectronics:HAL Drivers:0.0.0:STMicroelectronics:Device:STMicro_Driver:XSPI:HAL::0.0.1:HAL_XSPI
2026-08-18 17:51:55,016 [WARN] ModelIntegratedComponent:182 - Modes not found for component STMicroelectronics:USB_DEVICE:1.0.0:STMicroelectronics:USB::USB Device:Audio HS::1.0:USB_DEVICE_1_0_RESTRICTED_HS
2026-08-18 17:51:55,016 [WARN] ModelIntegratedComponent:188 - Modes not found for component STMicroelectronics:USB_DEVICE:1.0.0:STMicroelectronics:USB::USB Device:Audio HS::1.0:USB_DEVICE_1_0_RESTRICTED_HS
2026-08-18 17:51:55,017 [WARN] ModelIntegratedComponent:182 - Modes not found for component STMicroelectronics:USB_DEVICE:1.0.0:STMicroelectronics:USB::USB Device:CDC HS::1.0:USB_DEVICE_1_0_RESTRICTED_HS
2026-08-18 17:51:55,017 [WARN] ModelIntegratedComponent:188 - Modes not found for component STMicroelectronics:USB_DEVICE:1.0.0:STMicroelectronics:USB::USB Device:CDC HS::1.0:USB_DEVICE_1_0_RESTRICTED_HS
2026-08-18 17:51:55,017 [WARN] ModelIntegratedComponent:182 - Modes not found for component STMicroelectronics:USB_DEVICE:1.0.0:STMicroelectronics:USB::USB Device:DFU HS::1.0:USB_DEVICE_1_0_RESTRICTED_HS
2026-08-18 17:51:55,017 [WARN] ModelIntegratedComponent:188 - Modes not found for component STMicroelectronics:USB_DEVICE:1.0.0:STMicroelectronics:USB::USB Device:DFU HS::1.0:USB_DEVICE_1_0_RESTRICTED_HS
2026-08-18 17:51:55,017 [WARN] ModelIntegratedComponent:182 - Modes not found for component STMicroelectronics:USB_DEVICE:1.0.0:STMicroelectronics:USB::USB Device:HID HS::1.0:USB_DEVICE_1_0_RESTRICTED_HS
2026-08-18 17:51:55,017 [WARN] ModelIntegratedComponent:188 - Modes not found for component STMicroelectronics:USB_DEVICE:1.0.0:STMicroelectronics:USB::USB Device:HID HS::1.0:USB_DEVICE_1_0_RESTRICTED_HS
2026-08-18 17:51:55,017 [WARN] ModelIntegratedComponent:182 - Modes not found for component STMicroelectronics:USB_DEVICE:1.0.0:STMicroelectronics:USB::USB Device:Custom HID HS::1.0:USB_DEVICE_1_0_RESTRICTED_HS
2026-08-18 17:51:55,017 [WARN] ModelIntegratedComponent:188 - Modes not found for component STMicroelectronics:USB_DEVICE:1.0.0:STMicroelectronics:USB::USB Device:Custom HID HS::1.0:USB_DEVICE_1_0_RESTRICTED_HS
2026-08-18 17:51:55,017 [WARN] ModelIntegratedComponent:182 - Modes not found for component STMicroelectronics:USB_DEVICE:1.0.0:STMicroelectronics:USB::USB Device:MSC HS::1.0:USB_DEVICE_1_0_RESTRICTED_HS
2026-08-18 17:51:55,017 [WARN] ModelIntegratedComponent:188 - Modes not found for component STMicroelectronics:USB_DEVICE:1.0.0:STMicroelectronics:USB::USB Device:MSC HS::1.0:USB_DEVICE_1_0_RESTRICTED_HS
2026-08-18 17:51:55,051 [INFO] ThirdPartyModel:298 - Start build external matchings
2026-08-18 17:51:55,733 [INFO] ThirdPartyModel:316 - End build external matchings
2026-08-18 17:51:55,769 [INFO] ImportTextPane:218 - (OptionalMessage_ERROR) IP (DMA) : Parameter (Instance) has Id (SPI1_RX) currently not set
2026-08-18 17:51:55,769 [INFO] ImportTextPane:218 - (OptionalMessage_ERROR) IP (DMA) : Parameter (Channel) has Id (SPI1_RX) currently not set
2026-08-18 17:51:55,769 [INFO] ImportTextPane:218 - (OptionalMessage_ERROR) IP (DMA) : Parameter (Direction) has Id (SPI1_RX) currently not set
2026-08-18 17:51:55,770 [INFO] ImportTextPane:218 - (OptionalMessage_ERROR) IP (DMA) : Parameter (PeriphInc) has Id (SPI1_RX) currently not set
2026-08-18 17:51:55,770 [INFO] ImportTextPane:218 - (OptionalMessage_ERROR) IP (DMA) : Parameter (MemInc) has Id (SPI1_RX) currently not set
2026-08-18 17:51:55,770 [INFO] ImportTextPane:218 - (OptionalMessage_ERROR) IP (DMA) : Parameter (PeriphDataAlignment) has Id (SPI1_RX) currently not set
2026-08-18 17:51:55,771 [INFO] ImportTextPane:218 - (OptionalMessage_ERROR) IP (DMA) : Parameter (MemDataAlignment) has Id (SPI1_RX) currently not set
2026-08-18 17:51:55,771 [INFO] ImportTextPane:218 - (OptionalMessage_ERROR) IP (DMA) : Parameter (Mode) has Id (SPI1_RX) currently not set
2026-08-18 17:51:55,771 [INFO] ImportTextPane:218 - (OptionalMessage_ERROR) IP (DMA) : Parameter (Priority) has Id (SPI1_RX) currently not set
2026-08-18 17:51:55,771 [INFO] ImportTextPane:218 - (OptionalMessage_ERROR) IP (DMA) : Parameter (FIFOMode) has Id (SPI1_RX) currently not set
2026-08-18 17:51:55,774 [WARN] IP:2250 - I2C_Coeff_DF not found: check if there is a RefParameter without a condition.
2026-08-18 17:51:55,774 [WARN] IP:2250 - Analog_Filter not found: check if there is a RefParameter without a condition.
2026-08-18 17:51:55,775 [INFO] ImportTextPane:218 - (OptionalMessage_ERROR) IP (RCC) : Parameter (48MHZClocksFreq_Value) has invalid value (50000000)
2026-08-18 17:51:55,776 [INFO] ImportTextPane:218 - (OptionalMessage_ERROR) IP (RCC) : Parameter (RTCHSEDivFreq_Value) has invalid value (12500000)
2026-08-18 17:51:56,227 [INFO] ApiDb:581 - Connected to CubeFinder SQLite database (/home/thuy/.stmcufinder/plugins/mcufinder/mcu/cube-finder-db.db)
2026-08-18 17:51:56,337 [INFO] ApiDb:668 - CubeFinder database Data Model version=2.1
2026-08-18 17:51:56,337 [INFO] ApiDb:669 - CubeFinder database Configuration version=3.0.42
2026-08-18 17:51:56,338 [INFO] ApiDb:670 - CubeFinder database generation date=2026-06-23 (1782213372)
2026-08-18 17:51:56,338 [INFO] ApiDb:671 - CubeFinder database FW Pack versions=[FP-ATR-ASTRA1_V2.0.0, FP-SNS-FLIGHT1_V5.1.0, FP-SNS-MOTENV1_V5.1.0, FP-SNS-MOTENVWB1_V1.5.0, FP-SNS-SMARTAG2_V1.2.0, FP-SNS-STBOX1_V2.1.0, STM32Cube_FW_C0_V1.4.0, STM32Cube_FW_F4_V1.28.3, STM32Cube_FW_F7_V1.17.4, STM32Cube_FW_G0_V1.6.3, STM32Cube_FW_G4_V1.6.2, STM32Cube_FW_H5_V1.7.0, STM32Cube_FW_H7RS_V1.3.0, STM32Cube_FW_H7_V1.13.0, STM32Cube_FW_L0_V1.12.2, STM32Cube_FW_L4_V1.18.2, STM32Cube_FW_L5_V1.6.0, STM32Cube_FW_N6_V1.4.0, STM32Cube_FW_U0_V1.3.0, STM32Cube_FW_U3_V1.4.0, STM32Cube_FW_U5_V1.9.0, STM32Cube_FW_WB0_V1.5.0, STM32Cube_FW_WBA_V1.10.0, STM32Cube_FW_WB_V1.24.0, STM32Cube_FW_WL3_V1.5.0, STM32Cube_FW_WL_V1.6.0, X-CUBE-ALGOBUILD_V1.5.0, X-CUBE-ALS_V1.0.2, X-CUBE-AZRTOS-F4_V1.1.0, X-CUBE-AZRTOS-F7_V1.1.0, X-CUBE-AZRTOS-G0_V1.1.0, X-CUBE-AZRTOS-G4_V2.0.0, X-CUBE-AZRTOS-H7RS_V1.1.0, X-CUBE-AZRTOS-H7_V3.5.0, X-CUBE-AZRTOS-L4_V2.0.0, X-CUBE-AZRTOS-L5_V2.0.0, X-CUBE-AZRTOS-WB_V2.0.0, X-CUBE-AZRTOS-WL_V2.0.0, X-CUBE-BLE1_V7.1.0, X-CUBE-BLE2_V3.3.0, X-CUBE-BLEMGR_V4.1.0, X-CUBE-EEPRMA1_V5.2.0, X-CUBE-FREERTOS_V1.5.0, X-CUBE-GNSS1_V7.1.1, X-CUBE-MEMS1_V12.1.0, X-CUBE-NFC4_V3.0.0, X-CUBE-NFC7_V2.0.0, X-CUBE-SFXS2LP1_V4.0.0, X-CUBE-ST67W61_V1.3.0, X-CUBE-SUBG2_V5.0.0, X-CUBE-TOF1_V3.4.3]
2026-08-18 17:51:56,483 [INFO] DbBoardsSqlite:226 - include board P-NUCLEO-WB55-NUCLEO as a kit item of type 'Nucleo-64'
2026-08-18 17:51:56,484 [INFO] DbBoardsSqlite:226 - include board P-NUCLEO-WB55-USBDONGLE as a kit item of type 'Nucleo USB Dongle'
2026-08-18 17:51:56,485 [INFO] DbBoardsSqlite:226 - include board STEVAL-IDP005V1 as a kit item of type 'Evaluation Board'
2026-08-18 17:51:56,486 [INFO] DbBoardsSqlite:226 - include board STEVAL-IDP005V2 as a kit item of type 'Evaluation Board'
2026-08-18 17:51:56,663 [INFO] ApiDb:240 - Found 895 in-development CPN: [B-G473E-ZEST1S, B-WB1M-WPAN1, B-WBA5M-WPAN, B-WL5M-SUBG1, NUCLEO-C031C6, NUCLEO-C051C8, NUCLEO-C071RB, NUCLEO-C092RC, NUCLEO-H503RB, NUCLEO-H533RE, NUCLEO-H563ZI, NUCLEO-H7S3L8, NUCLEO-N657X0-Q, NUCLEO-U031R8, NUCLEO-U083RC, NUCLEO-U385RG-Q, NUCLEO-U545RE-Q, NUCLEO-U5A5ZJ-Q, NUCLEO-WB05KZ, NUCLEO-WB07CC, NUCLEO-WB09KE, NUCLEO-WBA52CG, NUCLEO-WBA55CG, NUCLEO-WBA65RI, NUCLEO-WL33CC1, NUCLEO-WL33CC2, STEVAL-PROTEUS1, STEVAL-SMARTAG2, STEVAL-STWINBX1, STM320518-EVAL, STM32C0116-DK, STM32C011D6Y3TR, STM32C011D6Y6TR, STM32C011F4P3, STM32C011F4P6, STM32C011F4U3, STM32C011F4U6TR, STM32C011F6P3, STM32C011F6P6, STM32C011F6U3, STM32C011F6U6TR, STM32C011J4M3, STM32C011J4M6, STM32C011J6M3, STM32C011J6M6, STM32C0316-DK, STM32C031C4T3, STM32C031C4T6, STM32C031C4U3, STM32C031C4U6, STM32C031C6T3, STM32C031C6T6, STM32C031C6U3, STM32C031C6U6, STM32C031F4P3, STM32C031F4P6, STM32C031F6P3, STM32C031F6P6, STM32C031G4U3, STM32C031G4U6, STM32C031G6U3, STM32C031G6U6, STM32C031K4T3, STM32C031K4T6, STM32C031K4U3, STM32C031K4U6, STM32C031K6T3, STM32C031K6T6, STM32C031K6U3, STM32C031K6U6, STM32C051C6T6, STM32C051C6U6, STM32C051C8T6, STM32C051C8U6, STM32C051D8Y6TR, STM32C051F6P6, STM32C051F8P6, STM32C051G6U6, STM32C051G8U6, STM32C051K6T6, STM32C051K6U6, STM32C051K8T6, STM32C071C8T6, STM32C071C8T6N, STM32C071C8U6, STM32C071C8U6N, STM32C071CBT6, STM32C071CBT6N, STM32C071CBU6, STM32C071CBU6N, STM32C071F8P6, STM32C071F8P6N, STM32C071FBP6, STM32C071FBP6N, STM32C071FBY6TR, STM32C071G8U6, STM32C071G8U6N, STM32C071GBU6, STM32C071GBU6N, STM32C071K8T6, STM32C071K8T6N, STM32C071K8U6, STM32C071K8U6N, STM32C071KBT6, STM32C071KBT6N, STM32C071KBU6, STM32C071KBU6N, STM32C071R8T6, STM32C071R8T6N, STM32C071RBI6N, STM32C071RBT6, STM32C071RBT6N, STM32C091CBT6, STM32C091CBU6, STM32C091CCT6, STM32C091CCU6, STM32C091ECY6TR, STM32C091FBP6, STM32C091FCP6, STM32C091GBU6, STM32C091GCU6, STM32C091KBT6, STM32C091KBU6, STM32C091KCT6, STM32C091KCU6, STM32C091RBT6, STM32C091RCI6, STM32C091RCT6, STM32C092CBT6, STM32C092CBU6, STM32C092CCT6, STM32C092CCU6, STM32C092ECY6TR, STM32C092FBP6, STM32C092FCP6, STM32C092GBU6, STM32C092GCU6, STM32C092KBT6, STM32C092KBU6, STM32C092KCT6, STM32C092KCU6, STM32C092RBT6, STM32C092RCI6, STM32C092RCT6, STM32G071K8TXN, STM32G071K8UXN, STM32G081GBU6N, STM32G081KBT6N, STM32G081KBUXN, STM32G0B1CCT6N, STM32G0B1KCT6, STM32G0B1NEY6TR, STM32G0B1RCT6N, STM32G0C1CCT6, STM32G0C1CCT6N, STM32G0C1CCU6N, STM32G0C1CET6N, STM32G0C1CEU6N, STM32G0C1KCT6, STM32G0C1NEY6TR, STM32G0C1RCI6N, STM32G0C1RCT6N, STM32G0C1REI6N, STM32G0C1RET6N, STM32G0C1VCI6, STM32G0C1VEI6, STM32G411C6T3, STM32G411C6T6, STM32G411C6U3, STM32G411C6U6, STM32G411C8T3, STM32G411C8T6, STM32G411C8U3, STM32G411C8U6, STM32G411CBT3, STM32G411CBT6, STM32G411CBU3, STM32G411CBU6, STM32G411CCT3, STM32G411CCT6, STM32G411CCU3, STM32G411CCU6, STM32G411K6T3, STM32G411K6T6, STM32G411K6U3, STM32G411K6U6, STM32G411K8T3, STM32G411K8T6, STM32G411K8U3, STM32G411K8U6, STM32G411KBT3, STM32G411KBT6, STM32G411KBU3, STM32G411KBU6, STM32G411M6T3, STM32G411M6T6, STM32G411M8T3, STM32G411M8T6, STM32G411MBT3, STM32G411MBT6, STM32G411MCT3, STM32G411MCT6, STM32G411R6T3, STM32G411R6T6, STM32G411R8T3, STM32G411R8T6, STM32G411RBT3, STM32G411RBT6, STM32G411RCT3, STM32G411RCT6, STM32G414CBT3, STM32G414CBT6, STM32G414CBU3, STM32G414CBU6, STM32G414CCT3, STM32G414CCT6, STM32G414CCU3, STM32G414CCU6, STM32G414MBT3, STM32G414MBT6, STM32G414MCT3, STM32G414MCT6, STM32G414RBT3, STM32G414RBT6, STM32G414RCT3, STM32G414RCT6, STM32G414VBT3, STM32G414VBT6, STM32G414VCT3, STM32G414VCT6, STM32G431CBT3Z, STM32G431RBT3Z, STM32G471CCT6, STM32G471CCU6, STM32G471CET3, STM32G471CET6, STM32G471CEU3, STM32G471CEU6, STM32G471MCT6, STM32G471MET3, STM32G471MET6, STM32G471MEY6TR, STM32G471QCT6, STM32G471QET3, STM32G471RCT6, STM32G471RET3, STM32G471RET6, STM32G471VCH6, STM32G471VCI6, STM32G471VCT6, STM32G471VEH3, STM32G471VEH6, STM32G471VEI3, STM32G471VEI6, STM32G471VET3, STM32G471VET6, STM32G473QET3Z, STM32G473RET3Z, STM32G474CCT6, STM32G491RET3Z, STM32H503CBT6, STM32H503CBU6, STM32H503EBY6TR, STM32H503KBU6, STM32H503RBT6, STM32H523CCT6, STM32H523CCU6, STM32H523CET6, STM32H523CEU6, STM32H523HEY6TR, STM32H523RCT6, STM32H523RET6, STM32H523VCI6, STM32H523VCT6, STM32H523VEI6, STM32H523VET6, STM32H523ZCJ6, STM32H523ZCT6, STM32H523ZEJ6, STM32H523ZET6, STM32H533CET6, STM32H533CEU6, STM32H533HEY6TR, STM32H533RET6, STM32H533VEI6, STM32H533VET6, STM32H533ZEJ6, STM32H533ZET6, STM32H562AGI6, STM32H562AII6, STM32H562IGK6, STM32H562IGT6, STM32H562IIK6, STM32H562IIT6, STM32H562RGT6, STM32H562RGV6, STM32H562RIT6, STM32H562RIV6, STM32H562VGT6, STM32H562VIT6, STM32H562ZGT6, STM32H562ZIT6, STM32H563AGI6, STM32H563AII3Q, STM32H563AII6, STM32H563IGK6, STM32H563IGT6, STM32H563IIK3Q, STM32H563IIK6, STM32H563IIT3Q, STM32H563IIT6, STM32H563MIY3QTR, STM32H563RGT6, STM32H563RGV6, STM32H563RIT6, STM32H563RIV6, STM32H563VGT6, STM32H563VIT3Q, STM32H563VIT6, STM32H563ZGT6, STM32H563ZIT3Q, STM32H563ZIT6, STM32H573AII3Q, STM32H573AII6, STM32H573I-DK, STM32H573IIK3Q, STM32H573IIK6, STM32H573IIT3Q, STM32H573IIT6, STM32H573MIY3QTR, STM32H573RIT6, STM32H573RIV6, STM32H573VIT3Q, STM32H573VIT6, STM32H573ZIT3Q, STM32H573ZIT6, STM32H7R3A8I6, STM32H7R3I8K6, STM32H7R3I8T6, STM32H7R3L8H6, STM32H7R3L8H6H, STM32H7R3R8V6, STM32H7R3V8H6, STM32H7R3V8T6, STM32H7R3V8Y6TR, STM32H7R3Z8J6, STM32H7R3Z8T6, STM32H7R7A8I6, STM32H7R7I8K6, STM32H7R7I8T6, STM32H7R7L8H6, STM32H7R7L8H6H, STM32H7R7Z8J6, STM32H7S3A8I6, STM32H7S3I8K6, STM32H7S3I8T6, STM32H7S3L8H6, STM32H7S3L8H6H, STM32H7S3R8V6, STM32H7S3V8H6, STM32H7S3V8T6, STM32H7S3V8Y6TR, STM32H7S3Z8J6, STM32H7S3Z8T6, STM32H7S78-DK, STM32H7S7A8I6, STM32H7S7I8K6, STM32H7S7I8T6, STM32H7S7L8H6, STM32H7S7L8H6H, STM32H7S7Z8J6, STM32L4R5QGI6STR, STM32MP131AAE3, STM32MP131AAF3, STM32MP131AAG3, STM32MP131CAE3, STM32MP131CAF3, STM32MP131CAG3, STM32MP131DAE7, STM32MP131DAF7, STM32MP131DAG7, STM32MP131FAE7, STM32MP131FAF7, STM32MP131FAG7, STM32MP133AAE3, STM32MP133AAF3, STM32MP133AAG3, STM32MP133CAE3, STM32MP133CAF3, STM32MP133CAG3, STM32MP133DAE7, STM32MP133DAF7, STM32MP133DAG7, STM32MP133FAE7, STM32MP133FAF7, STM32MP133FAG7, STM32MP135AAE3, STM32MP135AAF3, STM32MP135AAG3, STM32MP135CAE3, STM32MP135CAF3, STM32MP135CAG3, STM32MP135DAE7, STM32MP135DAF7, STM32MP135DAG7, STM32MP135F-DK, STM32MP135FAE7, STM32MP135FAF7, STM32MP135FAF7T, STM32MP135FAF7U, STM32MP135FAG7, STM32MP231AAJ3, STM32MP231AAK3, STM32MP231AAL3, STM32MP231CAJ3, STM32MP231CAK3, STM32MP231CAL3, STM32MP231DAJ3, STM32MP231DAK3, STM32MP231DAL3, STM32MP231FAJ3, STM32MP231FAK3, STM32MP231FAL3, STM32MP233AAJ3, STM32MP233AAK3, STM32MP233AAL3, STM32MP233CAJ3, STM32MP233CAK3, STM32MP233CAL3, STM32MP233DAJ3, STM32MP233DAK3, STM32MP233DAL3, STM32MP233FAJ3, STM32MP233FAK3, STM32MP233FAL3, STM32MP235AAJ3, STM32MP235AAK3, STM32MP235AAL3, STM32MP235CAJ3, STM32MP235CAK3, STM32MP235CAL3, STM32MP235DAJ3, STM32MP235DAK3, STM32MP235DAL3, STM32MP235FAJ3, STM32MP235FAK3, STM32MP235FAL3, STM32MP251AAI3, STM32MP251AAJ3, STM32MP251AAK3, STM32MP251AAL3, STM32MP251CAI3, STM32MP251CAJ3, STM32MP251CAK3, STM32MP251CAL3, STM32MP251DAI3, STM32MP251DAJ3, STM32MP251DAK3, STM32MP251DAL3, STM32MP251FAI3, STM32MP251FAJ3, STM32MP251FAK3, STM32MP251FAL3, STM32MP253AAI3, STM32MP253AAJ3, STM32MP253AAK3, STM32MP253AAL3, STM32MP253CAI3, STM32MP253CAJ3, STM32MP253CAK3, STM32MP253CAL3, STM32MP253DAI3, STM32MP253DAJ3, STM32MP253DAK3, STM32MP253DAL3, STM32MP253FAI3, STM32MP253FAJ3, STM32MP253FAK3, STM32MP253FAL3, STM32MP255AAI3, STM32MP255AAJ3, STM32MP255AAK3, STM32MP255AAL3, STM32MP255CAI3, STM32MP255CAJ3, STM32MP255CAK3, STM32MP255CAL3, STM32MP255DAI3, STM32MP255DAJ3, STM32MP255DAK3, STM32MP255DAL3, STM32MP255FAI3, STM32MP255FAJ3, STM32MP255FAK3, STM32MP255FAL3, STM32MP257AAI3, STM32MP257AAJ3, STM32MP257AAK3, STM32MP257AAL3, STM32MP257CAI3, STM32MP257CAJ3, STM32MP257CAK3, STM32MP257CAL3, STM32MP257DAI3, STM32MP257DAJ3, STM32MP257DAK3, STM32MP257DAL3, STM32MP257F-DK, STM32MP257F-EV1, STM32MP257FAI3, STM32MP257FAJ3, STM32MP257FAK3, STM32MP257FAL3, STM32N645A0H3Q, STM32N645B0H3Q, STM32N645I0H3Q, STM32N645L0H3Q, STM32N645X0H3Q, STM32N645Z0H3Q, STM32N647A0H3Q, STM32N647B0H3Q, STM32N647I0H3Q, STM32N647L0H3Q, STM32N647X0H3Q, STM32N647Z0H3Q, STM32N655A0H3Q, STM32N655B0H3Q, STM32N655I0H3Q, STM32N655L0H3Q, STM32N655X0H3Q, STM32N655Z0H3Q, STM32N6570-DK, STM32N657A0H3Q, STM32N657B0H3Q, STM32N657I0H3Q, STM32N657L0H3Q, STM32N657X0H3Q, STM32N657Z0H3Q, STM32U031C6T6, STM32U031C6U6, STM32U031C8T6, STM32U031C8U6, STM32U031F4P6, STM32U031F6P6, STM32U031F8P6, STM32U031G6Y6TR, STM32U031G8Y6TR, STM32U031K4U6, STM32U031K6U6, STM32U031K8U6, STM32U031R6I6, STM32U031R6T6, STM32U031R8I6, STM32U031R8T6, STM32U073C8T6, STM32U073C8U6, STM32U073CBT6, STM32U073CBU6, STM32U073CCT6, STM32U073CCU6, STM32U073H8Y6TR, STM32U073HBY6TR, STM32U073HCY6TR, STM32U073K8U6, STM32U073KBU6, STM32U073KCU6, STM32U073M8I6, STM32U073M8T6, STM32U073MBI6, STM32U073MBT6, STM32U073MCI6, STM32U073MCT6, STM32U073R8I6, STM32U073R8T6, STM32U073RBI6, STM32U073RBT6, STM32U073RCI6, STM32U073RCT6, STM32U083C-DK, STM32U083CCT6, STM32U083CCU6, STM32U083HCY6TR, STM32U083KCU6, STM32U083MCI6, STM32U083MCT6, STM32U083RCI6, STM32U083RCT6, STM32U375CET6, STM32U375CET6Q, STM32U375CEU6, STM32U375CEU6Q, STM32U375CEY6QTR, STM32U375CGT6, STM32U375CGT6Q, STM32U375CGU6, STM32U375CGU6Q, STM32U375CGY6QTR, STM32U375KEU6, STM32U375KGU6, STM32U375REI6, STM32U375REI6Q, STM32U375RET6, STM32U375RET6Q, STM32U375REY6GTR, STM32U375REY6QTR, STM32U375RGI6, STM32U375RGI6Q, STM32U375RGT6, STM32U375RGT6Q, STM32U375RGY6GTR, STM32U375RGY6QTR, STM32U375VEI6, STM32U375VEI6Q, STM32U375VET6, STM32U375VET6Q, STM32U375VGI6, STM32U375VGI6Q, STM32U375VGT6, STM32U375VGT6Q, STM32U385CGT6, STM32U385CGT6Q, STM32U385CGU6, STM32U385CGU6Q, STM32U385CGY6QTR, STM32U385KGU6, STM32U385RGI6, STM32U385RGI6Q, STM32U385RGT6, STM32U385RGT6Q, STM32U385RGY6GTR, STM32U385RGY6QTR, STM32U385VGI6, STM32U385VGI6Q, STM32U385VGT6, STM32U385VGT6Q, STM32U535CBT6, STM32U535CBT6Q, STM32U535CBU6, STM32U535CBU6Q, STM32U535CCT6, STM32U535CCT6Q, STM32U535CCU6, STM32U535CCU6Q, STM32U535CET6, STM32U535CET6Q, STM32U535CEU6, STM32U535CEU6Q, STM32U535JEY6QTR, STM32U535NCY6QTR, STM32U535NEY6QTR, STM32U535RBI6, STM32U535RBI6Q, STM32U535RBT6, STM32U535RBT6Q, STM32U535RCI6, STM32U535RCI6Q, STM32U535RCT6, STM32U535RCT6Q, STM32U535REI6, STM32U535REI6Q, STM32U535RET6, STM32U535RET6Q, STM32U535VCI6, STM32U535VCI6Q, STM32U535VCT6, STM32U535VCT6Q, STM32U535VEI6, STM32U535VEI6Q, STM32U535VET6, STM32U535VET6Q, STM32U545CET6, STM32U545CET6Q, STM32U545CEU6, STM32U545CEU6Q, STM32U545JEY6QTR, STM32U545NEY6QTR, STM32U545REI6, STM32U545REI6Q, STM32U545RET6, STM32U545RET6Q, STM32U545VEI6, STM32U545VEI6Q, STM32U545VET6, STM32U545VET6Q, STM32U595AIH6, STM32U595AIH6Q, STM32U595AJH6, STM32U595AJH6Q, STM32U595QII6, STM32U595QII6Q, STM32U595QJI6, STM32U595QJI6Q, STM32U595RIT6, STM32U595RIT6Q, STM32U595RJT6, STM32U595RJT6Q, STM32U595VIT6, STM32U595VIT6Q, STM32U595VJT6, STM32U595VJT6Q, STM32U595ZIT6, STM32U595ZIT6Q, STM32U595ZIY6QTR, STM32U595ZJT6, STM32U595ZJT6Q, STM32U595ZJY6QTR, STM32U599BJY6QTR, STM32U599NIH6Q, STM32U599NJH6Q, STM32U599VIT6Q, STM32U599VJT6, STM32U599VJT6Q, STM32U599ZIT6Q, STM32U599ZIY6QTR, STM32U599ZJT6Q, STM32U599ZJY6QTR, STM32U5A5AJH6, STM32U5A5AJH6Q, STM32U5A5QII3Q , STM32U5A5QJI6, STM32U5A5QJI6Q, STM32U5A5RJT6, STM32U5A5RJT6Q, STM32U5A5VJT6, STM32U5A5VJT6Q, STM32U5A5ZJT6, STM32U5A5ZJT6Q, STM32U5A5ZJY6QTR, STM32U5A9BJY6QTR, STM32U5A9J-DK, STM32U5A9NJH6Q, STM32U5A9VJT6Q, STM32U5A9ZJT6Q, STM32U5A9ZJY6QTR, STM32U5F7VIT6, STM32U5F7VIT6Q, STM32U5F7VJT6, STM32U5F7VJT6Q, STM32U5F9BJY6QTR, STM32U5F9NJH6Q, STM32U5F9VIT6Q, STM32U5F9VJT6Q, STM32U5F9ZIJ6QTR, STM32U5F9ZIT6Q, STM32U5F9ZJJ6QTR, STM32U5F9ZJT6Q, STM32U5G7VJT6, STM32U5G7VJT6Q, STM32U5G9BJY6QTR, STM32U5G9J-DK1, STM32U5G9J-DK2, STM32U5G9NJH6Q, STM32U5G9VJT6Q, STM32U5G9ZJJ6QTR, STM32U5G9ZJT6Q, STM32WB05KZV6TR, STM32WB05KZV7TR, STM32WB05TZF6TR, STM32WB05TZF7TR, STM32WB06CCF6TR, STM32WB06CCF7TR, STM32WB06CCV6TR, STM32WB06CCV7TR, STM32WB06KCV6TR, STM32WB06KCV7TR, STM32WB07CCF6TR, STM32WB07CCF7TR, STM32WB07CCV6TR, STM32WB07CCV7TR, STM32WB07KCV6TR, STM32WB07KCV7TR, STM32WB09KEV6TR, STM32WB09KEV7TR, STM32WB09TEF6TR, STM32WB09TEF7TR, STM32WB1MMCH6, STM32WBA50KGU6, STM32WBA50KGU6TR, STM32WBA52CEU6, STM32WBA52CEU6TR, STM32WBA52CEU7, STM32WBA52CEU7TR, STM32WBA52CGU6, STM32WBA52CGU6TR, STM32WBA52CGU6U, STM32WBA52CGU7, STM32WBA52CGU7TR, STM32WBA52KEU6, STM32WBA52KEU6TR, STM32WBA52KGU6, STM32WBA52KGU6TR, STM32WBA54CEU6, STM32WBA54CEU6TR, STM32WBA54CEU7, STM32WBA54CEU7TR, STM32WBA54CGU6, STM32WBA54CGU6TR, STM32WBA54CGU7, STM32WBA54CGU7TR, STM32WBA54KEU6, STM32WBA54KEU6TR, STM32WBA54KEU7, STM32WBA54KEU7TR, STM32WBA54KGU6, STM32WBA54KGU6TR, STM32WBA54KGU7, STM32WBA54KGU7TR, STM32WBA55CEU6, STM32WBA55CEU6TR, STM32WBA55CEU7, STM32WBA55CEU7TR, STM32WBA55CGU6, STM32WBA55CGU6TR, STM32WBA55CGU6U, STM32WBA55CGU7, STM32WBA55CGU7TR, STM32WBA55G-DK1, STM32WBA55HEF6, STM32WBA55HEF7, STM32WBA55HGF6, STM32WBA55HGF7, STM32WBA55UEI6, STM32WBA55UEI6TR, STM32WBA55UEI7, STM32WBA55UEI7TR, STM32WBA55UGI6, STM32WBA55UGI6TR, STM32WBA55UGI7, STM32WBA55UGI7TR, STM32WBA5MJGH6TR, STM32WBA62CGU6, STM32WBA62CIU6, STM32WBA62MGF6, STM32WBA62MIF6, STM32WBA62PGI6, STM32WBA62PII6, STM32WBA63CGU6, STM32WBA63CGU7, STM32WBA63CIU6, STM32WBA63CIU7, STM32WBA64CGU6, STM32WBA64CGU7, STM32WBA64CIU6, STM32WBA64CIU7, STM32WBA65CGU6, STM32WBA65CGU7, STM32WBA65CIU6, STM32WBA65CIU7, STM32WBA65I-DK1, STM32WBA65MGF6, STM32WBA65MGF7, STM32WBA65MIF6, STM32WBA65MIF7, STM32WBA65PGI6, STM32WBA65PGI7, STM32WBA65PII6, STM32WBA65PII7, STM32WBA65RGV6, STM32WBA65RGV7, STM32WBA65RIV6, STM32WBA65RIV7, STM32WL30K8V6, STM32WL30KBV6, STM32WL31C8V6, STM32WL31CBV6, STM32WL31K8V6, STM32WL31KBV6, STM32WL33C8V6, STM32WL33C8V6TR, STM32WL33C8V7, STM32WL33C8V7TR, STM32WL33CBV6, STM32WL33CBV6TR, STM32WL33CBV7, STM32WL33CBV7TR, STM32WL33CCV6, STM32WL33CCV6TR, STM32WL33CCV7, STM32WL33CCV7A, STM32WL33CCV7ATR, STM32WL33CCV7TR, STM32WL33K8V6, STM32WL33K8V6TR, STM32WL33K8V7, STM32WL33K8V7TR, STM32WL33KBV6, STM32WL33KBV6TR, STM32WL33KBV7, STM32WL33KBV7TR, STM32WL33KCV6, STM32WL33KCV6TR, STM32WL33KCV7, STM32WL33KCV7TR, STM32WL5MOCH6, STM32WL5MOCH6TR]
2026-08-18 17:51:56,670 [INFO] ApiDb:668 - CubeFinder database Data Model version=2.1
2026-08-18 17:51:56,670 [INFO] ApiDb:669 - CubeFinder database Configuration version=3.0.42
2026-08-18 17:51:56,670 [INFO] ApiDb:670 - CubeFinder database generation date=2026-06-23 (1782213372)
2026-08-18 17:51:56,670 [INFO] ApiDb:671 - CubeFinder database FW Pack versions=[FP-ATR-ASTRA1_V2.0.0, FP-SNS-FLIGHT1_V5.1.0, FP-SNS-MOTENV1_V5.1.0, FP-SNS-MOTENVWB1_V1.5.0, FP-SNS-SMARTAG2_V1.2.0, FP-SNS-STBOX1_V2.1.0, STM32Cube_FW_C0_V1.4.0, STM32Cube_FW_F4_V1.28.3, STM32Cube_FW_F7_V1.17.4, STM32Cube_FW_G0_V1.6.3, STM32Cube_FW_G4_V1.6.2, STM32Cube_FW_H5_V1.7.0, STM32Cube_FW_H7RS_V1.3.0, STM32Cube_FW_H7_V1.13.0, STM32Cube_FW_L0_V1.12.2, STM32Cube_FW_L4_V1.18.2, STM32Cube_FW_L5_V1.6.0, STM32Cube_FW_N6_V1.4.0, STM32Cube_FW_U0_V1.3.0, STM32Cube_FW_U3_V1.4.0, STM32Cube_FW_U5_V1.9.0, STM32Cube_FW_WB0_V1.5.0, STM32Cube_FW_WBA_V1.10.0, STM32Cube_FW_WB_V1.24.0, STM32Cube_FW_WL3_V1.5.0, STM32Cube_FW_WL_V1.6.0, X-CUBE-ALGOBUILD_V1.5.0, X-CUBE-ALS_V1.0.2, X-CUBE-AZRTOS-F4_V1.1.0, X-CUBE-AZRTOS-F7_V1.1.0, X-CUBE-AZRTOS-G0_V1.1.0, X-CUBE-AZRTOS-G4_V2.0.0, X-CUBE-AZRTOS-H7RS_V1.1.0, X-CUBE-AZRTOS-H7_V3.5.0, X-CUBE-AZRTOS-L4_V2.0.0, X-CUBE-AZRTOS-L5_V2.0.0, X-CUBE-AZRTOS-WB_V2.0.0, X-CUBE-AZRTOS-WL_V2.0.0, X-CUBE-BLE1_V7.1.0, X-CUBE-BLE2_V3.3.0, X-CUBE-BLEMGR_V4.1.0, X-CUBE-EEPRMA1_V5.2.0, X-CUBE-FREERTOS_V1.5.0, X-CUBE-GNSS1_V7.1.1, X-CUBE-MEMS1_V12.1.0, X-CUBE-NFC4_V3.0.0, X-CUBE-NFC7_V2.0.0, X-CUBE-SFXS2LP1_V4.0.0, X-CUBE-ST67W61_V1.3.0, X-CUBE-SUBG2_V5.0.0, X-CUBE-TOF1_V3.4.3]
2026-08-18 17:52:01,970 [INFO] ApiDb:240 - Found 895 in-development CPN: [B-G473E-ZEST1S, B-WB1M-WPAN1, B-WBA5M-WPAN, B-WL5M-SUBG1, NUCLEO-C031C6, NUCLEO-C051C8, NUCLEO-C071RB, NUCLEO-C092RC, NUCLEO-H503RB, NUCLEO-H533RE, NUCLEO-H563ZI, NUCLEO-H7S3L8, NUCLEO-N657X0-Q, NUCLEO-U031R8, NUCLEO-U083RC, NUCLEO-U385RG-Q, NUCLEO-U545RE-Q, NUCLEO-U5A5ZJ-Q, NUCLEO-WB05KZ, NUCLEO-WB07CC, NUCLEO-WB09KE, NUCLEO-WBA52CG, NUCLEO-WBA55CG, NUCLEO-WBA65RI, NUCLEO-WL33CC1, NUCLEO-WL33CC2, STEVAL-PROTEUS1, STEVAL-SMARTAG2, STEVAL-STWINBX1, STM320518-EVAL, STM32C0116-DK, STM32C011D6Y3TR, STM32C011D6Y6TR, STM32C011F4P3, STM32C011F4P6, STM32C011F4U3, STM32C011F4U6TR, STM32C011F6P3, STM32C011F6P6, STM32C011F6U3, STM32C011F6U6TR, STM32C011J4M3, STM32C011J4M6, STM32C011J6M3, STM32C011J6M6, STM32C0316-DK, STM32C031C4T3, STM32C031C4T6, STM32C031C4U3, STM32C031C4U6, STM32C031C6T3, STM32C031C6T6, STM32C031C6U3, STM32C031C6U6, STM32C031F4P3, STM32C031F4P6, STM32C031F6P3, STM32C031F6P6, STM32C031G4U3, STM32C031G4U6, STM32C031G6U3, STM32C031G6U6, STM32C031K4T3, STM32C031K4T6, STM32C031K4U3, STM32C031K4U6, STM32C031K6T3, STM32C031K6T6, STM32C031K6U3, STM32C031K6U6, STM32C051C6T6, STM32C051C6U6, STM32C051C8T6, STM32C051C8U6, STM32C051D8Y6TR, STM32C051F6P6, STM32C051F8P6, STM32C051G6U6, STM32C051G8U6, STM32C051K6T6, STM32C051K6U6, STM32C051K8T6, STM32C071C8T6, STM32C071C8T6N, STM32C071C8U6, STM32C071C8U6N, STM32C071CBT6, STM32C071CBT6N, STM32C071CBU6, STM32C071CBU6N, STM32C071F8P6, STM32C071F8P6N, STM32C071FBP6, STM32C071FBP6N, STM32C071FBY6TR, STM32C071G8U6, STM32C071G8U6N, STM32C071GBU6, STM32C071GBU6N, STM32C071K8T6, STM32C071K8T6N, STM32C071K8U6, STM32C071K8U6N, STM32C071KBT6, STM32C071KBT6N, STM32C071KBU6, STM32C071KBU6N, STM32C071R8T6, STM32C071R8T6N, STM32C071RBI6N, STM32C071RBT6, STM32C071RBT6N, STM32C091CBT6, STM32C091CBU6, STM32C091CCT6, STM32C091CCU6, STM32C091ECY6TR, STM32C091FBP6, STM32C091FCP6, STM32C091GBU6, STM32C091GCU6, STM32C091KBT6, STM32C091KBU6, STM32C091KCT6, STM32C091KCU6, STM32C091RBT6, STM32C091RCI6, STM32C091RCT6, STM32C092CBT6, STM32C092CBU6, STM32C092CCT6, STM32C092CCU6, STM32C092ECY6TR, STM32C092FBP6, STM32C092FCP6, STM32C092GBU6, STM32C092GCU6, STM32C092KBT6, STM32C092KBU6, STM32C092KCT6, STM32C092KCU6, STM32C092RBT6, STM32C092RCI6, STM32C092RCT6, STM32G071K8TXN, STM32G071K8UXN, STM32G081GBU6N, STM32G081KBT6N, STM32G081KBUXN, STM32G0B1CCT6N, STM32G0B1KCT6, STM32G0B1NEY6TR, STM32G0B1RCT6N, STM32G0C1CCT6, STM32G0C1CCT6N, STM32G0C1CCU6N, STM32G0C1CET6N, STM32G0C1CEU6N, STM32G0C1KCT6, STM32G0C1NEY6TR, STM32G0C1RCI6N, STM32G0C1RCT6N, STM32G0C1REI6N, STM32G0C1RET6N, STM32G0C1VCI6, STM32G0C1VEI6, STM32G411C6T3, STM32G411C6T6, STM32G411C6U3, STM32G411C6U6, STM32G411C8T3, STM32G411C8T6, STM32G411C8U3, STM32G411C8U6, STM32G411CBT3, STM32G411CBT6, STM32G411CBU3, STM32G411CBU6, STM32G411CCT3, STM32G411CCT6, STM32G411CCU3, STM32G411CCU6, STM32G411K6T3, STM32G411K6T6, STM32G411K6U3, STM32G411K6U6, STM32G411K8T3, STM32G411K8T6, STM32G411K8U3, STM32G411K8U6, STM32G411KBT3, STM32G411KBT6, STM32G411KBU3, STM32G411KBU6, STM32G411M6T3, STM32G411M6T6, STM32G411M8T3, STM32G411M8T6, STM32G411MBT3, STM32G411MBT6, STM32G411MCT3, STM32G411MCT6, STM32G411R6T3, STM32G411R6T6, STM32G411R8T3, STM32G411R8T6, STM32G411RBT3, STM32G411RBT6, STM32G411RCT3, STM32G411RCT6, STM32G414CBT3, STM32G414CBT6, STM32G414CBU3, STM32G414CBU6, STM32G414CCT3, STM32G414CCT6, STM32G414CCU3, STM32G414CCU6, STM32G414MBT3, STM32G414MBT6, STM32G414MCT3, STM32G414MCT6, STM32G414RBT3, STM32G414RBT6, STM32G414RCT3, STM32G414RCT6, STM32G414VBT3, STM32G414VBT6, STM32G414VCT3, STM32G414VCT6, STM32G431CBT3Z, STM32G431RBT3Z, STM32G471CCT6, STM32G471CCU6, STM32G471CET3, STM32G471CET6, STM32G471CEU3, STM32G471CEU6, STM32G471MCT6, STM32G471MET3, STM32G471MET6, STM32G471MEY6TR, STM32G471QCT6, STM32G471QET3, STM32G471RCT6, STM32G471RET3, STM32G471RET6, STM32G471VCH6, STM32G471VCI6, STM32G471VCT6, STM32G471VEH3, STM32G471VEH6, STM32G471VEI3, STM32G471VEI6, STM32G471VET3, STM32G471VET6, STM32G473QET3Z, STM32G473RET3Z, STM32G474CCT6, STM32G491RET3Z, STM32H503CBT6, STM32H503CBU6, STM32H503EBY6TR, STM32H503KBU6, STM32H503RBT6, STM32H523CCT6, STM32H523CCU6, STM32H523CET6, STM32H523CEU6, STM32H523HEY6TR, STM32H523RCT6, STM32H523RET6, STM32H523VCI6, STM32H523VCT6, STM32H523VEI6, STM32H523VET6, STM32H523ZCJ6, STM32H523ZCT6, STM32H523ZEJ6, STM32H523ZET6, STM32H533CET6, STM32H533CEU6, STM32H533HEY6TR, STM32H533RET6, STM32H533VEI6, STM32H533VET6, STM32H533ZEJ6, STM32H533ZET6, STM32H562AGI6, STM32H562AII6, STM32H562IGK6, STM32H562IGT6, STM32H562IIK6, STM32H562IIT6, STM32H562RGT6, STM32H562RGV6, STM32H562RIT6, STM32H562RIV6, STM32H562VGT6, STM32H562VIT6, STM32H562ZGT6, STM32H562ZIT6, STM32H563AGI6, STM32H563AII3Q, STM32H563AII6, STM32H563IGK6, STM32H563IGT6, STM32H563IIK3Q, STM32H563IIK6, STM32H563IIT3Q, STM32H563IIT6, STM32H563MIY3QTR, STM32H563RGT6, STM32H563RGV6, STM32H563RIT6, STM32H563RIV6, STM32H563VGT6, STM32H563VIT3Q, STM32H563VIT6, STM32H563ZGT6, STM32H563ZIT3Q, STM32H563ZIT6, STM32H573AII3Q, STM32H573AII6, STM32H573I-DK, STM32H573IIK3Q, STM32H573IIK6, STM32H573IIT3Q, STM32H573IIT6, STM32H573MIY3QTR, STM32H573RIT6, STM32H573RIV6, STM32H573VIT3Q, STM32H573VIT6, STM32H573ZIT3Q, STM32H573ZIT6, STM32H7R3A8I6, STM32H7R3I8K6, STM32H7R3I8T6, STM32H7R3L8H6, STM32H7R3L8H6H, STM32H7R3R8V6, STM32H7R3V8H6, STM32H7R3V8T6, STM32H7R3V8Y6TR, STM32H7R3Z8J6, STM32H7R3Z8T6, STM32H7R7A8I6, STM32H7R7I8K6, STM32H7R7I8T6, STM32H7R7L8H6, STM32H7R7L8H6H, STM32H7R7Z8J6, STM32H7S3A8I6, STM32H7S3I8K6, STM32H7S3I8T6, STM32H7S3L8H6, STM32H7S3L8H6H, STM32H7S3R8V6, STM32H7S3V8H6, STM32H7S3V8T6, STM32H7S3V8Y6TR, STM32H7S3Z8J6, STM32H7S3Z8T6, STM32H7S78-DK, STM32H7S7A8I6, STM32H7S7I8K6, STM32H7S7I8T6, STM32H7S7L8H6, STM32H7S7L8H6H, STM32H7S7Z8J6, STM32L4R5QGI6STR, STM32MP131AAE3, STM32MP131AAF3, STM32MP131AAG3, STM32MP131CAE3, STM32MP131CAF3, STM32MP131CAG3, STM32MP131DAE7, STM32MP131DAF7, STM32MP131DAG7, STM32MP131FAE7, STM32MP131FAF7, STM32MP131FAG7, STM32MP133AAE3, STM32MP133AAF3, STM32MP133AAG3, STM32MP133CAE3, STM32MP133CAF3, STM32MP133CAG3, STM32MP133DAE7, STM32MP133DAF7, STM32MP133DAG7, STM32MP133FAE7, STM32MP133FAF7, STM32MP133FAG7, STM32MP135AAE3, STM32MP135AAF3, STM32MP135AAG3, STM32MP135CAE3, STM32MP135CAF3, STM32MP135CAG3, STM32MP135DAE7, STM32MP135DAF7, STM32MP135DAG7, STM32MP135F-DK, STM32MP135FAE7, STM32MP135FAF7, STM32MP135FAF7T, STM32MP135FAF7U, STM32MP135FAG7, STM32MP231AAJ3, STM32MP231AAK3, STM32MP231AAL3, STM32MP231CAJ3, STM32MP231CAK3, STM32MP231CAL3, STM32MP231DAJ3, STM32MP231DAK3, STM32MP231DAL3, STM32MP231FAJ3, STM32MP231FAK3, STM32MP231FAL3, STM32MP233AAJ3, STM32MP233AAK3, STM32MP233AAL3, STM32MP233CAJ3, STM32MP233CAK3, STM32MP233CAL3, STM32MP233DAJ3, STM32MP233DAK3, STM32MP233DAL3, STM32MP233FAJ3, STM32MP233FAK3, STM32MP233FAL3, STM32MP235AAJ3, STM32MP235AAK3, STM32MP235AAL3, STM32MP235CAJ3, STM32MP235CAK3, STM32MP235CAL3, STM32MP235DAJ3, STM32MP235DAK3, STM32MP235DAL3, STM32MP235FAJ3, STM32MP235FAK3, STM32MP235FAL3, STM32MP251AAI3, STM32MP251AAJ3, STM32MP251AAK3, STM32MP251AAL3, STM32MP251CAI3, STM32MP251CAJ3, STM32MP251CAK3, STM32MP251CAL3, STM32MP251DAI3, STM32MP251DAJ3, STM32MP251DAK3, STM32MP251DAL3, STM32MP251FAI3, STM32MP251FAJ3, STM32MP251FAK3, STM32MP251FAL3, STM32MP253AAI3, STM32MP253AAJ3, STM32MP253AAK3, STM32MP253AAL3, STM32MP253CAI3, STM32MP253CAJ3, STM32MP253CAK3, STM32MP253CAL3, STM32MP253DAI3, STM32MP253DAJ3, STM32MP253DAK3, STM32MP253DAL3, STM32MP253FAI3, STM32MP253FAJ3, STM32MP253FAK3, STM32MP253FAL3, STM32MP255AAI3, STM32MP255AAJ3, STM32MP255AAK3, STM32MP255AAL3, STM32MP255CAI3, STM32MP255CAJ3, STM32MP255CAK3, STM32MP255CAL3, STM32MP255DAI3, STM32MP255DAJ3, STM32MP255DAK3, STM32MP255DAL3, STM32MP255FAI3, STM32MP255FAJ3, STM32MP255FAK3, STM32MP255FAL3, STM32MP257AAI3, STM32MP257AAJ3, STM32MP257AAK3, STM32MP257AAL3, STM32MP257CAI3, STM32MP257CAJ3, STM32MP257CAK3, STM32MP257CAL3, STM32MP257DAI3, STM32MP257DAJ3, STM32MP257DAK3, STM32MP257DAL3, STM32MP257F-DK, STM32MP257F-EV1, STM32MP257FAI3, STM32MP257FAJ3, STM32MP257FAK3, STM32MP257FAL3, STM32N645A0H3Q, STM32N645B0H3Q, STM32N645I0H3Q, STM32N645L0H3Q, STM32N645X0H3Q, STM32N645Z0H3Q, STM32N647A0H3Q, STM32N647B0H3Q, STM32N647I0H3Q, STM32N647L0H3Q, STM32N647X0H3Q, STM32N647Z0H3Q, STM32N655A0H3Q, STM32N655B0H3Q, STM32N655I0H3Q, STM32N655L0H3Q, STM32N655X0H3Q, STM32N655Z0H3Q, STM32N6570-DK, STM32N657A0H3Q, STM32N657B0H3Q, STM32N657I0H3Q, STM32N657L0H3Q, STM32N657X0H3Q, STM32N657Z0H3Q, STM32U031C6T6, STM32U031C6U6, STM32U031C8T6, STM32U031C8U6, STM32U031F4P6, STM32U031F6P6, STM32U031F8P6, STM32U031G6Y6TR, STM32U031G8Y6TR, STM32U031K4U6, STM32U031K6U6, STM32U031K8U6, STM32U031R6I6, STM32U031R6T6, STM32U031R8I6, STM32U031R8T6, STM32U073C8T6, STM32U073C8U6, STM32U073CBT6, STM32U073CBU6, STM32U073CCT6, STM32U073CCU6, STM32U073H8Y6TR, STM32U073HBY6TR, STM32U073HCY6TR, STM32U073K8U6, STM32U073KBU6, STM32U073KCU6, STM32U073M8I6, STM32U073M8T6, STM32U073MBI6, STM32U073MBT6, STM32U073MCI6, STM32U073MCT6, STM32U073R8I6, STM32U073R8T6, STM32U073RBI6, STM32U073RBT6, STM32U073RCI6, STM32U073RCT6, STM32U083C-DK, STM32U083CCT6, STM32U083CCU6, STM32U083HCY6TR, STM32U083KCU6, STM32U083MCI6, STM32U083MCT6, STM32U083RCI6, STM32U083RCT6, STM32U375CET6, STM32U375CET6Q, STM32U375CEU6, STM32U375CEU6Q, STM32U375CEY6QTR, STM32U375CGT6, STM32U375CGT6Q, STM32U375CGU6, STM32U375CGU6Q, STM32U375CGY6QTR, STM32U375KEU6, STM32U375KGU6, STM32U375REI6, STM32U375REI6Q, STM32U375RET6, STM32U375RET6Q, STM32U375REY6GTR, STM32U375REY6QTR, STM32U375RGI6, STM32U375RGI6Q, STM32U375RGT6, STM32U375RGT6Q, STM32U375RGY6GTR, STM32U375RGY6QTR, STM32U375VEI6, STM32U375VEI6Q, STM32U375VET6, STM32U375VET6Q, STM32U375VGI6, STM32U375VGI6Q, STM32U375VGT6, STM32U375VGT6Q, STM32U385CGT6, STM32U385CGT6Q, STM32U385CGU6, STM32U385CGU6Q, STM32U385CGY6QTR, STM32U385KGU6, STM32U385RGI6, STM32U385RGI6Q, STM32U385RGT6, STM32U385RGT6Q, STM32U385RGY6GTR, STM32U385RGY6QTR, STM32U385VGI6, STM32U385VGI6Q, STM32U385VGT6, STM32U385VGT6Q, STM32U535CBT6, STM32U535CBT6Q, STM32U535CBU6, STM32U535CBU6Q, STM32U535CCT6, STM32U535CCT6Q, STM32U535CCU6, STM32U535CCU6Q, STM32U535CET6, STM32U535CET6Q, STM32U535CEU6, STM32U535CEU6Q, STM32U535JEY6QTR, STM32U535NCY6QTR, STM32U535NEY6QTR, STM32U535RBI6, STM32U535RBI6Q, STM32U535RBT6, STM32U535RBT6Q, STM32U535RCI6, STM32U535RCI6Q, STM32U535RCT6, STM32U535RCT6Q, STM32U535REI6, STM32U535REI6Q, STM32U535RET6, STM32U535RET6Q, STM32U535VCI6, STM32U535VCI6Q, STM32U535VCT6, STM32U535VCT6Q, STM32U535VEI6, STM32U535VEI6Q, STM32U535VET6, STM32U535VET6Q, STM32U545CET6, STM32U545CET6Q, STM32U545CEU6, STM32U545CEU6Q, STM32U545JEY6QTR, STM32U545NEY6QTR, STM32U545REI6, STM32U545REI6Q, STM32U545RET6, STM32U545RET6Q, STM32U545VEI6, STM32U545VEI6Q, STM32U545VET6, STM32U545VET6Q, STM32U595AIH6, STM32U595AIH6Q, STM32U595AJH6, STM32U595AJH6Q, STM32U595QII6, STM32U595QII6Q, STM32U595QJI6, STM32U595QJI6Q, STM32U595RIT6, STM32U595RIT6Q, STM32U595RJT6, STM32U595RJT6Q, STM32U595VIT6, STM32U595VIT6Q, STM32U595VJT6, STM32U595VJT6Q, STM32U595ZIT6, STM32U595ZIT6Q, STM32U595ZIY6QTR, STM32U595ZJT6, STM32U595ZJT6Q, STM32U595ZJY6QTR, STM32U599BJY6QTR, STM32U599NIH6Q, STM32U599NJH6Q, STM32U599VIT6Q, STM32U599VJT6, STM32U599VJT6Q, STM32U599ZIT6Q, STM32U599ZIY6QTR, STM32U599ZJT6Q, STM32U599ZJY6QTR, STM32U5A5AJH6, STM32U5A5AJH6Q, STM32U5A5QII3Q , STM32U5A5QJI6, STM32U5A5QJI6Q, STM32U5A5RJT6, STM32U5A5RJT6Q, STM32U5A5VJT6, STM32U5A5VJT6Q, STM32U5A5ZJT6, STM32U5A5ZJT6Q, STM32U5A5ZJY6QTR, STM32U5A9BJY6QTR, STM32U5A9J-DK, STM32U5A9NJH6Q, STM32U5A9VJT6Q, STM32U5A9ZJT6Q, STM32U5A9ZJY6QTR, STM32U5F7VIT6, STM32U5F7VIT6Q, STM32U5F7VJT6, STM32U5F7VJT6Q, STM32U5F9BJY6QTR, STM32U5F9NJH6Q, STM32U5F9VIT6Q, STM32U5F9VJT6Q, STM32U5F9ZIJ6QTR, STM32U5F9ZIT6Q, STM32U5F9ZJJ6QTR, STM32U5F9ZJT6Q, STM32U5G7VJT6, STM32U5G7VJT6Q, STM32U5G9BJY6QTR, STM32U5G9J-DK1, STM32U5G9J-DK2, STM32U5G9NJH6Q, STM32U5G9VJT6Q, STM32U5G9ZJJ6QTR, STM32U5G9ZJT6Q, STM32WB05KZV6TR, STM32WB05KZV7TR, STM32WB05TZF6TR, STM32WB05TZF7TR, STM32WB06CCF6TR, STM32WB06CCF7TR, STM32WB06CCV6TR, STM32WB06CCV7TR, STM32WB06KCV6TR, STM32WB06KCV7TR, STM32WB07CCF6TR, STM32WB07CCF7TR, STM32WB07CCV6TR, STM32WB07CCV7TR, STM32WB07KCV6TR, STM32WB07KCV7TR, STM32WB09KEV6TR, STM32WB09KEV7TR, STM32WB09TEF6TR, STM32WB09TEF7TR, STM32WB1MMCH6, STM32WBA50KGU6, STM32WBA50KGU6TR, STM32WBA52CEU6, STM32WBA52CEU6TR, STM32WBA52CEU7, STM32WBA52CEU7TR, STM32WBA52CGU6, STM32WBA52CGU6TR, STM32WBA52CGU6U, STM32WBA52CGU7, STM32WBA52CGU7TR, STM32WBA52KEU6, STM32WBA52KEU6TR, STM32WBA52KGU6, STM32WBA52KGU6TR, STM32WBA54CEU6, STM32WBA54CEU6TR, STM32WBA54CEU7, STM32WBA54CEU7TR, STM32WBA54CGU6, STM32WBA54CGU6TR, STM32WBA54CGU7, STM32WBA54CGU7TR, STM32WBA54KEU6, STM32WBA54KEU6TR, STM32WBA54KEU7, STM32WBA54KEU7TR, STM32WBA54KGU6, STM32WBA54KGU6TR, STM32WBA54KGU7, STM32WBA54KGU7TR, STM32WBA55CEU6, STM32WBA55CEU6TR, STM32WBA55CEU7, STM32WBA55CEU7TR, STM32WBA55CGU6, STM32WBA55CGU6TR, STM32WBA55CGU6U, STM32WBA55CGU7, STM32WBA55CGU7TR, STM32WBA55G-DK1, STM32WBA55HEF6, STM32WBA55HEF7, STM32WBA55HGF6, STM32WBA55HGF7, STM32WBA55UEI6, STM32WBA55UEI6TR, STM32WBA55UEI7, STM32WBA55UEI7TR, STM32WBA55UGI6, STM32WBA55UGI6TR, STM32WBA55UGI7, STM32WBA55UGI7TR, STM32WBA5MJGH6TR, STM32WBA62CGU6, STM32WBA62CIU6, STM32WBA62MGF6, STM32WBA62MIF6, STM32WBA62PGI6, STM32WBA62PII6, STM32WBA63CGU6, STM32WBA63CGU7, STM32WBA63CIU6, STM32WBA63CIU7, STM32WBA64CGU6, STM32WBA64CGU7, STM32WBA64CIU6, STM32WBA64CIU7, STM32WBA65CGU6, STM32WBA65CGU7, STM32WBA65CIU6, STM32WBA65CIU7, STM32WBA65I-DK1, STM32WBA65MGF6, STM32WBA65MGF7, STM32WBA65MIF6, STM32WBA65MIF7, STM32WBA65PGI6, STM32WBA65PGI7, STM32WBA65PII6, STM32WBA65PII7, STM32WBA65RGV6, STM32WBA65RGV7, STM32WBA65RIV6, STM32WBA65RIV7, STM32WL30K8V6, STM32WL30KBV6, STM32WL31C8V6, STM32WL31CBV6, STM32WL31K8V6, STM32WL31KBV6, STM32WL33C8V6, STM32WL33C8V6TR, STM32WL33C8V7, STM32WL33C8V7TR, STM32WL33CBV6, STM32WL33CBV6TR, STM32WL33CBV7, STM32WL33CBV7TR, STM32WL33CCV6, STM32WL33CCV6TR, STM32WL33CCV7, STM32WL33CCV7A, STM32WL33CCV7ATR, STM32WL33CCV7TR, STM32WL33K8V6, STM32WL33K8V6TR, STM32WL33K8V7, STM32WL33K8V7TR, STM32WL33KBV6, STM32WL33KBV6TR, STM32WL33KBV7, STM32WL33KBV7TR, STM32WL33KCV6, STM32WL33KCV6TR, STM32WL33KCV7, STM32WL33KCV7TR, STM32WL5MOCH6, STM32WL5MOCH6TR]
2026-08-18 17:52:01,982 [INFO] DbMcus:218 - Found 5246 MCUs, 5093 are supported
2026-08-18 17:52:01,983 [INFO] ApiDb:423 - Load user favorites file /home/thuy/.stm32cubeide/favorites.mcus.txt: 0 item(s)
2026-08-18 17:52:01,984 [INFO] ApiDb:427 - User favorites MCUs=[]
2026-08-18 17:52:01,984 [INFO] DbMcus:224 - Set 0 / 0 favorites MCUs
2026-08-18 17:52:03,217 [INFO] BoardInfo:889 - No configuration file found for board NUCLEO-H5E5ZJ
2026-08-18 17:52:03,218 [INFO] DbBoards:161 - Board is not supported: NUCLEO-H5E5ZJ
2026-08-18 17:52:03,305 [INFO] BoardInfo:889 - No configuration file found for board NUCLEO-U3C5ZI-Q
2026-08-18 17:52:03,305 [INFO] DbBoards:161 - Board is not supported: NUCLEO-U3C5ZI-Q
2026-08-18 17:52:03,320 [INFO] BoardInfo:889 - No configuration file found for board NUCLEO-WBA25CE1
2026-08-18 17:52:03,321 [INFO] DbBoards:161 - Board is not supported: NUCLEO-WBA25CE1
2026-08-18 17:52:03,332 [INFO] BoardInfo:889 - No configuration file found for board NUCLEO-WL3RKB1
2026-08-18 17:52:03,332 [INFO] DbBoards:161 - Board is not supported: NUCLEO-WL3RKB1
2026-08-18 17:52:03,334 [INFO] BoardInfo:889 - No configuration file found for board NUCLEO-WL3RKB2
2026-08-18 17:52:03,335 [INFO] DbBoards:161 - Board is not supported: NUCLEO-WL3RKB2
2026-08-18 17:52:03,343 [INFO] BoardInfo:889 - No configuration file found for board P-NUCLEO-WB55
2026-08-18 17:52:03,344 [INFO] DbBoards:161 - Kit is not supported: P-NUCLEO-WB55
2026-08-18 17:52:03,356 [INFO] BoardInfo:889 - No configuration file found for board STEVAL-BFA001V1B
2026-08-18 17:52:03,356 [INFO] DbBoards:161 - Kit is not supported: STEVAL-BFA001V1B
2026-08-18 17:52:03,360 [INFO] BoardInfo:889 - No configuration file found for board STEVAL-BFA001V2B
2026-08-18 17:52:03,360 [INFO] DbBoards:161 - Kit is not supported: STEVAL-BFA001V2B
2026-08-18 17:52:03,481 [INFO] BoardInfo:889 - No configuration file found for board STM32H5F5J-DK
2026-08-18 17:52:03,481 [INFO] DbBoards:161 - Board is not supported: STM32H5F5J-DK
2026-08-18 17:52:03,541 [INFO] BoardInfo:889 - No configuration file found for board STM32MP215F-DK
2026-08-18 17:52:03,542 [INFO] DbBoards:161 - Board is not supported: STM32MP215F-DK
2026-08-18 17:52:03,563 [INFO] DbBoards:168 - Found 218 boards, 208 are supported
2026-08-18 17:52:03,563 [INFO] DbBoards:169 - Found 218 boards, 43 of them is supported for  Bsp
2026-08-18 17:52:03,569 [INFO] ApiDb:423 - Load user favorites file /home/thuy/.stm32cubeide/favorites.boards.txt: 0 item(s)
2026-08-18 17:52:03,569 [INFO] ApiDb:427 - User favorites Boards=[]
2026-08-18 17:52:03,569 [INFO] DbBoards:198 - Set 0 / 0 favorites Boards
2026-08-18 17:52:03,627 [INFO] UtilMem:75 - End LoadConfig() Used Memory: 341542768 Bytes (508559360)
2026-08-18 17:52:03,843 [WARN] ThirdParty:833 - waiting for thirdparty lock release [change project]
2026-08-18 17:52:03,844 [INFO] ThirdParty:835 - entering critical section [change project]
2026-08-18 17:52:03,844 [INFO] ThirdParty:1030 - CMSIS Pack Vendor :STMicroelectronics X-CUBE-AZRTOS-H7 3.5.0
2026-08-18 17:52:03,844 [INFO] ThirdParty:1030 - CMSIS Pack Vendor :STMicroelectronics X-CUBE-PM33A1 1.0.0
2026-08-18 17:52:03,845 [INFO] ThirdParty:1030 - CMSIS Pack Vendor :STMicroelectronics USBPD 4.1
2026-08-18 17:52:03,845 [INFO] ThirdParty:1030 - CMSIS Pack Vendor :STMicroelectronics X-CUBE-NFC9 1.0.0
2026-08-18 17:52:03,845 [INFO] ThirdParty:1030 - CMSIS Pack Vendor :STMicroelectronics USB_HOST 2.0.0
2026-08-18 17:52:03,845 [INFO] ThirdParty:1030 - CMSIS Pack Vendor :STMicroelectronics FP-ATR-ASTRA1 2.0.3
2026-08-18 17:52:03,845 [INFO] ThirdParty:1030 - CMSIS Pack Vendor :STMicroelectronics X-CUBE-AZRTOS-F4 1.1.0
2026-08-18 17:52:03,845 [INFO] ThirdParty:1030 - CMSIS Pack Vendor :STMicroelectronics LIBJPEG 8.0.0
2026-08-18 17:52:03,845 [INFO] ThirdParty:1030 - CMSIS Pack Vendor :STMicroelectronics FP-ATR-ASTRA1 2.0.2
2026-08-18 17:52:03,846 [INFO] ThirdParty:1030 - CMSIS Pack Vendor :STMicroelectronics X-CUBE-BLE1 7.1.0
2026-08-18 17:52:03,846 [INFO] ThirdParty:1030 - CMSIS Pack Vendor :wolfSSL I-CUBE-wolfMQTT 1.19.2
2026-08-18 17:52:03,846 [INFO] ThirdParty:1030 - CMSIS Pack Vendor :STMicroelectronics USB_DEVICE 3.0.0
2026-08-18 17:52:03,846 [INFO] ThirdParty:1030 - CMSIS Pack Vendor :STMicroelectronics X-CUBE-ISPU 2.1.0
2026-08-18 17:52:03,846 [INFO] ThirdParty:1030 - CMSIS Pack Vendor :STMicroelectronics X-CUBE-EEPRMA1 5.2.0
2026-08-18 17:52:03,846 [INFO] ThirdParty:1030 - CMSIS Pack Vendor :STMicroelectronics eDS-WB_DPC_TT-BIDIR 2.1.1
2026-08-18 17:52:03,846 [INFO] ThirdParty:1030 - CMSIS Pack Vendor :STMicroelectronics X-CUBE-AZRTOS-WB 2.0.0
2026-08-18 17:52:03,846 [INFO] ThirdParty:1030 - CMSIS Pack Vendor :STMicroelectronics X-CUBE-NFC12 1.0.0
2026-08-18 17:52:03,846 [INFO] ThirdParty:1030 - CMSIS Pack Vendor :STMicroelectronics X-CUBE-AZRTOS-F7 1.1.0
2026-08-18 17:52:03,847 [INFO] ThirdParty:1030 - CMSIS Pack Vendor :STMicroelectronics X-CUBE-AZRTOS-L5 2.0.0
2026-08-18 17:52:03,847 [INFO] ThirdParty:1030 - CMSIS Pack Vendor :STMicroelectronics USB_DEVICE 2.0.0
2026-08-18 17:52:03,847 [INFO] ThirdParty:1030 - CMSIS Pack Vendor :quantropi X-CUBE-qispace-sdk-base 2.1.0
2026-08-18 17:52:03,847 [INFO] ThirdParty:1030 - CMSIS Pack Vendor :STMicroelectronics X-CUBE-STSE01 2.0.0
2026-08-18 17:52:03,847 [INFO] ThirdParty:1030 - CMSIS Pack Vendor :STMicroelectronics X-CUBE-ALGOBUILD 1.5.0
2026-08-18 17:52:03,847 [INFO] ThirdParty:1030 - CMSIS Pack Vendor :STMicroelectronics FreeRTOS 0.0.1
2026-08-18 17:52:03,847 [INFO] ThirdParty:1030 - CMSIS Pack Vendor :STMicroelectronics X-CUBE-AZRTOS-H7RS 1.3.0
2026-08-18 17:52:03,847 [INFO] ThirdParty:1030 - CMSIS Pack Vendor :STMicroelectronics X-CUBE-AZRTOS-G0 1.1.0
2026-08-18 17:52:03,847 [INFO] ThirdParty:1030 - CMSIS Pack Vendor :STMicroelectronics X-CUBE-NFC4 3.0.0
2026-08-18 17:52:03,847 [INFO] ThirdParty:1030 - CMSIS Pack Vendor :STMicroelectronics X-CUBE-SUBG2 5.0.0
2026-08-18 17:52:03,848 [INFO] ThirdParty:1030 - CMSIS Pack Vendor :STMicroelectronics STM32_WPAN 1.0.0
2026-08-18 17:52:03,848 [INFO] ThirdParty:1030 - CMSIS Pack Vendor :STMicroelectronics eDS-WB_DPC_VIENNA 1.2.0
2026-08-18 17:52:03,848 [INFO] ThirdParty:1030 - CMSIS Pack Vendor :EmbeddedOffice I-CUBE-FS-RTOS 1.0.1
2026-08-18 17:52:03,848 [INFO] ThirdParty:1030 - CMSIS Pack Vendor :STMicroelectronics lwIP 2.0.3
2026-08-18 17:52:03,848 [INFO] ThirdParty:1030 - CMSIS Pack Vendor :STMicroelectronics X-CUBE-MEMS1 13.0.0
2026-08-18 17:52:03,848 [INFO] ThirdParty:1030 - CMSIS Pack Vendor :STMicroelectronics eDS-WB_DPC_3PH2L-BIDIR 1.1.1
2026-08-18 17:52:03,848 [INFO] ThirdParty:1030 - CMSIS Pack Vendor :STMicroelectronics USB_HOST 1.0.0
2026-08-18 17:52:03,848 [INFO] ThirdParty:1030 - CMSIS Pack Vendor :STMicroelectronics X-CUBE-AZRTOS-G4 2.0.0
2026-08-18 17:52:03,848 [INFO] ThirdParty:1030 - CMSIS Pack Vendor :STMicroelectronics PDM2PCM 3.1.0
2026-08-18 17:52:03,848 [INFO] ThirdParty:1030 - CMSIS Pack Vendor :STMicroelectronics PDM2PCM 3.3.0
2026-08-18 17:52:03,848 [INFO] ThirdParty:1030 - CMSIS Pack Vendor :wolfSSL I-CUBE-wolfTPM 3.8.0
2026-08-18 17:52:03,848 [INFO] ThirdParty:1030 - CMSIS Pack Vendor :STMicroelectronics X-CUBE-DISPLAY 3.0.0
2026-08-18 17:52:03,849 [INFO] ThirdParty:1030 - CMSIS Pack Vendor :wolfSSL I-CUBE-wolfSSH 1.4.20
2026-08-18 17:52:03,849 [INFO] ThirdParty:1030 - CMSIS Pack Vendor :STMicroelectronics X-CUBE-NFC7 2.0.0
2026-08-18 17:52:03,849 [INFO] ThirdParty:1030 - CMSIS Pack Vendor :STMicroelectronics X-CUBE-GNSS1 7.1.1
2026-08-18 17:52:03,849 [INFO] ThirdParty:1030 - CMSIS Pack Vendor :STMicroelectronics X-CUBE-TCPP 4.2.0
2026-08-18 17:52:03,849 [INFO] ThirdParty:1030 - CMSIS Pack Vendor :RealThread X-CUBE-RT-Thread_Nano 4.1.1
2026-08-18 17:52:03,849 [INFO] ThirdParty:1030 - CMSIS Pack Vendor :wolfSSL I-CUBE-wolfSSL 5.9.1
2026-08-18 17:52:03,849 [INFO] ThirdParty:1030 - CMSIS Pack Vendor :STMicroelectronics FP-ATR-SIGFOX1 3.2.0
2026-08-18 17:52:03,849 [INFO] ThirdParty:1030 - CMSIS Pack Vendor :STMicroelectronics X-CUBE-NFC10 1.0.0
2026-08-18 17:52:03,849 [INFO] ThirdParty:1030 - CMSIS Pack Vendor :STMicroelectronics HAL Drivers 0.0.0
2026-08-18 17:52:03,850 [INFO] ThirdParty:1030 - CMSIS Pack Vendor :STMicroelectronics MBEDTLS 2.16.2
2026-08-18 17:52:03,850 [INFO] ThirdParty:1030 - CMSIS Pack Vendor :STMicroelectronics X-CUBE-ST60 1.1.0
2026-08-18 17:52:03,850 [INFO] ThirdParty:1030 - CMSIS Pack Vendor :STMicroelectronics X-CUBE-ALS 1.0.2
2026-08-18 17:52:03,850 [INFO] ThirdParty:1030 - CMSIS Pack Vendor :emotas I-CUBE-CANOPEN 1.3.0
2026-08-18 17:52:03,850 [INFO] ThirdParty:1030 - CMSIS Pack Vendor :STMicroelectronics MBEDTLS 2.14.1
2026-08-18 17:52:03,850 [INFO] ThirdParty:1030 - CMSIS Pack Vendor :ITTIA_DB I-CUBE-ITTIADB 8.9.0
2026-08-18 17:52:03,850 [INFO] ThirdParty:1030 - CMSIS Pack Vendor :Cesanta I-CUBE-Mongoose 7.21.7
2026-08-18 17:52:03,850 [INFO] ThirdParty:1030 - CMSIS Pack Vendor :STMicroelectronics X-CUBE-TOUCHGFX 4.26.1
2026-08-18 17:52:03,850 [INFO] ThirdParty:1030 - CMSIS Pack Vendor :STMicroelectronics X-CUBE-NFC6 3.2.0
2026-08-18 17:52:03,851 [INFO] ThirdParty:1030 - CMSIS Pack Vendor :STMicroelectronics X-CUBE-AI 10.2.1
2026-08-18 17:52:03,851 [INFO] ThirdParty:1030 - CMSIS Pack Vendor :STMicroelectronics ThreadX 1.0.0
2026-08-18 17:52:03,851 [INFO] ThirdParty:1030 - CMSIS Pack Vendor :STMicroelectronics FP-SNS-SMARTAG2 1.2.0
2026-08-18 17:52:03,851 [INFO] ThirdParty:1030 - CMSIS Pack Vendor :STMicroelectronics X-CUBE-MEMS1 12.1.0
2026-08-18 17:52:03,851 [INFO] ThirdParty:1030 - CMSIS Pack Vendor :STMicroelectronics FP-SNS-FLIGHT1 5.1.0
2026-08-18 17:52:03,851 [INFO] ThirdParty:1030 - CMSIS Pack Vendor :STMicroelectronics X-CUBE-AZRTOS-WL 2.0.0
2026-08-18 17:52:03,851 [INFO] ThirdParty:1030 - CMSIS Pack Vendor :SEGGER I-CUBE-embOS 1.3.1
2026-08-18 17:52:03,852 [INFO] ThirdParty:1030 - CMSIS Pack Vendor :STMicroelectronics X-CUBE-DPower 1.3.0
2026-08-18 17:52:03,852 [INFO] ThirdParty:1030 - CMSIS Pack Vendor :STMicroelectronics USB_DEVICE 1.0.0
2026-08-18 17:52:03,852 [INFO] ThirdParty:1030 - CMSIS Pack Vendor :STMicroelectronics X-CUBE-AZRTOS-L4 2.0.0
2026-08-18 17:52:03,852 [INFO] ThirdParty:1030 - CMSIS Pack Vendor :STMicroelectronics ThreadX 0.0.2
2026-08-18 17:52:03,852 [INFO] ThirdParty:1030 - CMSIS Pack Vendor :STMicroelectronics lwIP 2.1.2
2026-08-18 17:52:03,852 [INFO] ThirdParty:1030 - CMSIS Pack Vendor :STMicroelectronics X-CUBE-SFXS2LP1 4.0.0
2026-08-18 17:52:03,852 [INFO] ThirdParty:1030 - CMSIS Pack Vendor :STMicroelectronics X-CUBE-BLE2 3.3.0
2026-08-18 17:52:03,852 [INFO] ThirdParty:1030 - CMSIS Pack Vendor :Avnet-IOTCONNECT X-CUBE-iotc-st67-sdk 1.0.0
2026-08-18 17:52:03,852 [INFO] ThirdParty:1030 - CMSIS Pack Vendor :STMicroelectronics X-CUBE-TOF1 3.4.3
2026-08-18 17:52:03,852 [INFO] ThirdParty:1030 - CMSIS Pack Vendor :Infineon AIROC-Wi-Fi-Bluetooth-STM32 1.8.0
2026-08-18 17:52:03,852 [INFO] ThirdParty:1030 - CMSIS Pack Vendor :STMicroelectronics X-CUBE-NFC13 1.0.0
2026-08-18 17:52:03,853 [INFO] ThirdParty:1030 - CMSIS Pack Vendor :STMicroelectronics PDM2PCM 3.2.0
2026-08-18 17:52:03,853 [INFO] ThirdParty:1030 - CMSIS Pack Vendor :STMicroelectronics X-CUBE-WB05N 2.1.0
2026-08-18 17:52:03,853 [INFO] ThirdParty:841 - exiting critical section [change project]
2026-08-18 17:52:04,550 [INFO] PinOutPanel:1589 - setPackage(No Configuration,No Configuration)
2026-08-18 17:52:04,552 [INFO] PinOutPanel:1589 - setPackage(STM32F411CEUx,UFQFPN48)
2026-08-18 17:52:05,214 [INFO] UtilMem:75 - Before build in PCC Used Memory: 253505136 Bytes (508559360)
2026-08-18 17:52:06,050 [INFO] UtilMem:75 - After build in PCC Used Memory: 368456816 Bytes (508559360)
2026-08-18 17:52:06,111 [INFO] IPUIPlugin:80 - create IPUIPlugin
2026-08-18 17:52:06,111 [INFO] IPUIPlugin:80 - create IPUIPlugin
2026-08-18 17:52:06,111 [INFO] IPUIPlugin:80 - create IPUIPlugin
2026-08-18 17:52:06,112 [INFO] IPUIPlugin:80 - create IPUIPlugin
2026-08-18 17:52:06,112 [INFO] IPUIPlugin:80 - create IPUIPlugin
2026-08-18 17:52:06,112 [INFO] IPUIPlugin:80 - create IPUIPlugin
2026-08-18 17:52:06,112 [INFO] IPUIPlugin:80 - create IPUIPlugin
2026-08-18 17:52:06,112 [INFO] IPUIPlugin:80 - create IPUIPlugin
2026-08-18 17:52:06,112 [INFO] IPUIPlugin:80 - create IPUIPlugin
2026-08-18 17:52:06,113 [INFO] IPUIPlugin:80 - create IPUIPlugin
2026-08-18 17:52:06,113 [INFO] IPUIPlugin:80 - create IPUIPlugin
2026-08-18 17:52:06,113 [INFO] IPUIPlugin:80 - create IPUIPlugin
2026-08-18 17:52:06,113 [INFO] IPUIPlugin:80 - create IPUIPlugin
2026-08-18 17:52:06,113 [INFO] IPUIPlugin:80 - create IPUIPlugin
2026-08-18 17:52:06,113 [INFO] IPUIPlugin:80 - create IPUIPlugin
2026-08-18 17:52:06,114 [INFO] IPUIPlugin:80 - create IPUIPlugin
2026-08-18 17:52:06,114 [INFO] IPUIPlugin:80 - create IPUIPlugin
2026-08-18 17:52:06,114 [INFO] IPUIPlugin:80 - create IPUIPlugin
2026-08-18 17:52:06,114 [INFO] IPUIPlugin:80 - create IPUIPlugin
2026-08-18 17:52:06,114 [INFO] IPUIPlugin:80 - create IPUIPlugin
2026-08-18 17:52:06,115 [INFO] IPUIPlugin:80 - create IPUIPlugin
2026-08-18 17:52:06,115 [INFO] IPUIPlugin:80 - create IPUIPlugin
2026-08-18 17:52:06,115 [INFO] IPUIPlugin:80 - create IPUIPlugin
2026-08-18 17:52:06,115 [INFO] IPUIPlugin:80 - create IPUIPlugin
2026-08-18 17:52:06,116 [INFO] IPUIPlugin:80 - create IPUIPlugin
2026-08-18 17:52:06,116 [INFO] IPUIPlugin:80 - create IPUIPlugin
2026-08-18 17:52:06,116 [INFO] IPUIPlugin:80 - create IPUIPlugin
2026-08-18 17:52:06,116 [INFO] IPUIPlugin:80 - create IPUIPlugin
2026-08-18 17:52:06,117 [INFO] IPUIPlugin:80 - create IPUIPlugin
2026-08-18 17:52:06,117 [INFO] IPUIPlugin:80 - create IPUIPlugin
2026-08-18 17:52:06,117 [INFO] IPUIPlugin:80 - create IPUIPlugin
2026-08-18 17:52:06,118 [INFO] IPUIPlugin:80 - create IPUIPlugin
2026-08-18 17:52:06,118 [INFO] IPUIPlugin:80 - create IPUIPlugin
2026-08-18 17:52:06,118 [INFO] IPUIPlugin:80 - create IPUIPlugin
2026-08-18 17:52:06,119 [INFO] IPUIPlugin:80 - create IPUIPlugin
2026-08-18 17:52:06,119 [INFO] IPUIPlugin:80 - create IPUIPlugin
2026-08-18 17:52:06,120 [INFO] IPUIPlugin:80 - create IPUIPlugin
2026-08-18 17:52:06,120 [INFO] IPUIPlugin:80 - create IPUIPlugin
2026-08-18 17:52:06,120 [INFO] IPUIPlugin:80 - create IPUIPlugin
2026-08-18 17:52:06,121 [INFO] IPUIPlugin:80 - create IPUIPlugin
2026-08-18 17:52:06,121 [INFO] IPUIPlugin:80 - create IPUIPlugin
2026-08-18 17:52:06,122 [INFO] IPUIPlugin:80 - create IPUIPlugin
2026-08-18 17:52:06,122 [INFO] IPUIPlugin:80 - create IPUIPlugin
2026-08-18 17:52:06,179 [INFO] ApiDbMcu:508 - Load IP Config File for PDM2PCM
2026-08-18 17:52:06,192 [WARN] IP:2250 - I2C_Coeff_DF not found: check if there is a RefParameter without a condition.
2026-08-18 17:52:06,192 [WARN] IP:2250 - Analog_Filter not found: check if there is a RefParameter without a condition.
2026-08-18 17:52:06,454 [INFO] CADModel:165 - CPN selected for project levelSTM32F411CEU6
2026-08-18 17:52:06,454 [INFO] CADModel:114 - Register for checkConnection events
2026-08-18 17:52:06,498 [INFO] OpenFileManager:385 - Restore cursor
2026-08-18 17:52:06,981 [WARN] IP:2250 - I2C_Coeff_DF not found: check if there is a RefParameter without a condition.
2026-08-18 17:52:06,981 [WARN] IP:2250 - Analog_Filter not found: check if there is a RefParameter without a condition.
2026-08-18 17:52:06,982 [WARN] IP:2250 - I2C_Coeff_DF not found: check if there is a RefParameter without a condition.
2026-08-18 17:52:06,982 [WARN] IP:2250 - Analog_Filter not found: check if there is a RefParameter without a condition.
2026-08-18 17:52:12,061 [ERROR] LogOutputStream:75 - [STDERR_REDIRECT] Aug 18, 2026 5:52:12 PM java.util.prefs.FileSystemPreferences checkLockFile0ErrorCode
2026-08-18 17:52:12,062 [ERROR] LogOutputStream:75 - [STDERR_REDIRECT] WARNING: Could not lock System prefs. Unix error code 2.
2026-08-18 17:52:12,062 [ERROR] LogOutputStream:75 - [STDERR_REDIRECT] 
2026-08-18 17:52:12,064 [ERROR] LogOutputStream:75 - [STDERR_REDIRECT] Aug 18, 2026 5:52:12 PM java.util.prefs.FileSystemPreferences syncWorld
2026-08-18 17:52:12,064 [ERROR] LogOutputStream:75 - [STDERR_REDIRECT] WARNING: Couldn't flush system prefs: java.util.prefs.BackingStoreException: Couldn't get file lock.
2026-08-18 17:52:12,064 [ERROR] LogOutputStream:75 - [STDERR_REDIRECT] 
2026-08-18 17:52:42,038 [ERROR] LogOutputStream:75 - [STDERR_REDIRECT] Aug 18, 2026 5:52:42 PM java.util.prefs.FileSystemPreferences checkLockFile0ErrorCode
2026-08-18 17:52:42,039 [ERROR] LogOutputStream:75 - [STDERR_REDIRECT] WARNING: Could not lock System prefs. Unix error code 2.
2026-08-18 17:52:42,039 [ERROR] LogOutputStream:75 - [STDERR_REDIRECT] 
2026-08-18 17:52:42,039 [ERROR] LogOutputStream:75 - [STDERR_REDIRECT] Aug 18, 2026 5:52:42 PM java.util.prefs.FileSystemPreferences syncWorld
2026-08-18 17:52:42,040 [ERROR] LogOutputStream:75 - [STDERR_REDIRECT] WARNING: Couldn't flush system prefs: java.util.prefs.BackingStoreException: Couldn't get file lock.
2026-08-18 17:52:42,040 [ERROR] LogOutputStream:75 - [STDERR_REDIRECT] 
2026-08-18 17:52:50,787 [INFO] MainUpdater:2872 - connection check result : 10
2026-08-18 17:52:50,788 [INFO] MainUpdater:2872 - connection check result : 10
2026-08-18 17:52:50,946 [INFO] MicroXplorer:468 - Change Database Path : 
2026-08-18 17:52:50,947 [INFO] MicroXplorer:498 - Change Database Version : DB.6.0.140
2026-08-18 17:52:50,981 [ERROR] ProjectManagerView:394 - 
java.lang.NullPointerException: Cannot invoke "javax.swing.JTextField.getText()" because the return value of "java.util.List.get(int)" is null
	at com.st.microxplorer.plugins.projectmanager.gui.ProjectChoiceTab$9.caretUpdate(ProjectChoiceTab.java:2678) ~[filemanager.jar:?]
	at javax.swing.text.JTextComponent.fireCaretUpdate(JTextComponent.java:408) ~[?:?]
	at javax.swing.text.JTextComponent$MutableCaretEvent.fire(JTextComponent.java:4484) ~[?:?]
	at javax.swing.text.JTextComponent$MutableCaretEvent.stateChanged(JTextComponent.java:4506) ~[?:?]
	at javax.swing.text.DefaultCaret.fireStateChanged(DefaultCaret.java:857) ~[?:?]
	at javax.swing.text.DefaultCaret.changeCaretPosition(DefaultCaret.java:1343) ~[?:?]
	at javax.swing.text.DefaultCaret.handleSetDot(DefaultCaret.java:1242) ~[?:?]
	at javax.swing.text.DefaultCaret.setDot(DefaultCaret.java:1223) ~[?:?]
	at javax.swing.text.DefaultCaret$Handler.insertUpdate(DefaultCaret.java:1819) ~[?:?]
	at javax.swing.text.AbstractDocument.fireInsertUpdate(AbstractDocument.java:227) ~[?:?]
	at javax.swing.text.AbstractDocument.handleInsertString(AbstractDocument.java:781) ~[?:?]
	at javax.swing.text.AbstractDocument.insertString(AbstractDocument.java:740) ~[?:?]
	at javax.swing.text.PlainDocument.insertString(PlainDocument.java:131) ~[?:?]
	at javax.swing.text.AbstractDocument.replace(AbstractDocument.java:699) ~[?:?]
	at javax.swing.text.JTextComponent.setText(JTextComponent.java:1725) ~[?:?]
	at com.st.microxplorer.plugins.projectmanager.gui.ProjectChoiceTab.createHeapStackFields(ProjectChoiceTab.java:979) ~[filemanager.jar:?]
	at com.st.microxplorer.plugins.projectmanager.gui.ProjectChoiceTab.buildLinkSettingsPanel(ProjectChoiceTab.java:3766) ~[filemanager.jar:?]
	at com.st.microxplorer.plugins.projectmanager.gui.ProjectChoiceTab.defineWindowsFields(ProjectChoiceTab.java:1962) ~[filemanager.jar:?]
	at com.st.microxplorer.plugins.projectmanager.gui.ProjectChoiceTab.updateSettings(ProjectChoiceTab.java:555) ~[filemanager.jar:?]
	at com.st.microxplorer.plugins.projectmanager.gui.ProjectSettingsPanel.UpdateDialog(ProjectSettingsPanel.java:245) ~[filemanager.jar:?]
	at com.st.microxplorer.plugins.projectmanager.ProjectManagerView.propertyChange(ProjectManagerView.java:391) ~[filemanager.jar:?]
	at java.beans.PropertyChangeSupport.fire(PropertyChangeSupport.java:343) ~[?:?]
	at java.beans.PropertyChangeSupport.firePropertyChange(PropertyChangeSupport.java:335) ~[?:?]
	at java.beans.PropertyChangeSupport.firePropertyChange(PropertyChangeSupport.java:268) ~[?:?]
	at com.st.microxplorer.util.MXPropertyChangeSupport.firePropertyChange(MXPropertyChangeSupport.java:54) ~[STM32CubeMX.jar:?]
	at com.st.microxplorer.mxsystem.MxSystem.closeConfig(MxSystem.java:899) ~[STM32CubeMX.jar:?]
	at com.st.microxplorer.maingui.MainPanel.closeConfig(MainPanel.java:789) ~[STM32CubeMX.jar:?]
	at com.st.microxplorer.plugins.filemanager.engine.OpenFileManager.loadConfigurationFile(OpenFileManager.java:287) ~[filemanager.jar:?]
	at com.st.microxplorer.plugins.filemanager.engine.MainFileManager.userLoadConfig(MainFileManager.java:341) ~[filemanager.jar:?]
	at com.st.microxplorer.plugins.filemanager.engine.MainFileManager.userLoadConfig(MainFileManager.java:319) ~[filemanager.jar:?]
	at com.st.microxplorer.plugins.filemanager.FileManagerView.getSpecificTask(FileManagerView.java:246) ~[filemanager.jar:?]
	at com.st.stm32cube.common.mx.editor.CubeMxEditor.getMxTabbedPaneInstance(CubeMxEditor.java:1198) ~[com.st.stm32cube.common.mx_6.14.0.202502271554/:?]
	at com.st.stm32cube.common.mx.editor.CubeMxEditor$12$1.createSwingComponent(CubeMxEditor.java:1068) ~[com.st.stm32cube.common.mx_6.14.0.202502271554/:?]
	at com.st.stm32cube.common.mx.oss.core.awtswtbridge.EmbeddedSwingComposite.doComponentCreation(EmbeddedSwingComposite.java:492) ~[com.st.stm32cube.common.mx.oss_6.14.0.202502271554/:?]
	at com.st.stm32cube.common.mx.oss.core.awtswtbridge.EmbeddedSwingComposite$4.run(EmbeddedSwingComposite.java:291) ~[com.st.stm32cube.common.mx.oss_6.14.0.202502271554/:?]
	at com.st.stm32cube.common.mx.oss.core.awtswtbridge.AwtEnvironment$2.run(AwtEnvironment.java:166) ~[com.st.stm32cube.common.mx.oss_6.14.0.202502271554/:?]
	at java.awt.event.InvocationEvent.dispatch(InvocationEvent.java:318) ~[?:?]
	at java.awt.EventQueue.dispatchEventImpl(EventQueue.java:773) ~[?:?]
	at java.awt.EventQueue$4.run(EventQueue.java:720) ~[?:?]
	at java.awt.EventQueue$4.run(EventQueue.java:714) ~[?:?]
	at java.security.AccessController.doPrivileged(AccessController.java:400) ~[?:?]
	at java.security.ProtectionDomain$JavaSecurityAccessImpl.doIntersectionPrivilege(ProtectionDomain.java:87) ~[?:?]
	at java.awt.EventQueue.dispatchEvent(EventQueue.java:742) ~[?:?]
	at java.awt.EventDispatchThread.pumpOneEventForFilters(EventDispatchThread.java:203) ~[?:?]
	at java.awt.EventDispatchThread.pumpEventsForFilter(EventDispatchThread.java:124) ~[?:?]
	at java.awt.EventDispatchThread.pumpEventsForHierarchy(EventDispatchThread.java:113) ~[?:?]
	at java.awt.EventDispatchThread.pumpEvents(EventDispatchThread.java:109) ~[?:?]
	at java.awt.EventDispatchThread.pumpEvents(EventDispatchThread.java:101) ~[?:?]
	at java.awt.EventDispatchThread.run(EventDispatchThread.java:90) ~[?:?]
2026-08-18 17:52:50,991 [WARN] ThirdParty:871 - waiting for thirdparty lock release [close project]
2026-08-18 17:52:50,991 [INFO] ThirdParty:873 - entering critical section [close project]
2026-08-18 17:52:50,991 [INFO] ThirdParty:883 - exiting critical section [close project]
2026-08-18 17:52:50,994 [INFO] PinOutPanel:1589 - setPackage(No Configuration,No Configuration)
2026-08-18 17:52:51,027 [WARN] IpParametersView:155 - Warning: This peripheral hasn't parameters
2026-08-18 17:52:51,061 [WARN] MainPanel:289 - <html><b><center>Warning: This peripheral has no parameters to be configured<br></b></html>
2026-08-18 17:52:51,081 [INFO] UtilMem:75 - Begin LoadConfig() Used Memory: 396698816 Bytes (746586112)
2026-08-18 17:52:51,084 [INFO] MicroXplorer:468 - Change Database Path : 
2026-08-18 17:52:51,084 [INFO] MicroXplorer:498 - Change Database Version : DB.6.0.140
2026-08-18 17:52:51,084 [INFO] OpenFileManager:354 - Change cursor
2026-08-18 17:52:51,098 [INFO] Mcu:2011 - Initializing MCU STM32F411C(C-E)Ux STM32F411CEUx STM32F411CEU6
2026-08-18 17:52:52,202 [INFO] Context:756 - Trying to add GPIOservice into a context  which must be forbidden
2026-08-18 17:52:53,078 [INFO] ImportTextPane:218 - (OptionalMessage_ERROR) Pin23 (VP_RIF_VS_RIF1) cannot be retrieved for this MCU
2026-08-18 17:52:53,122 [INFO] RtosManager:558 - Registered RTOS mode: class=CMSIS, group=RTOS, mode=CMSIS_V1, owner=FREERTOS
2026-08-18 17:52:53,123 [INFO] RtosManager:558 - Registered RTOS mode: class=CMSIS, group=RTOS2, mode=CMSIS_V2, owner=FREERTOS
2026-08-18 17:52:53,123 [INFO] RtosManager:558 - Registered RTOS mode: class=RTOS, group=Core, mode=CMSIS_V1, owner=FREERTOS
2026-08-18 17:52:53,123 [INFO] RtosManager:558 - Registered RTOS mode: class=RTOS, group=Core, mode=CMSIS_V2, owner=FREERTOS
2026-08-18 17:52:53,123 [WARN] ModelIntegratedComponent:184 - Missing modes for component STMicroelectronics:FreeRTOS:0.0.1:STMicroelectronics:RTOS:FreeRTOS:Core:::10.2.0:
2026-08-18 17:52:53,207 [WARN] ModelIntegratedComponent:182 - Modes not found for component STMicroelectronics:USB_HOST:1.0.0:STMicroelectronics:USB::USB Host:Audio HS::1.0:USB_HOST_1_0_RESTRICTED_HS
2026-08-18 17:52:53,207 [WARN] ModelIntegratedComponent:188 - Modes not found for component STMicroelectronics:USB_HOST:1.0.0:STMicroelectronics:USB::USB Host:Audio HS::1.0:USB_HOST_1_0_RESTRICTED_HS
2026-08-18 17:52:53,207 [WARN] ModelIntegratedComponent:182 - Modes not found for component STMicroelectronics:USB_HOST:1.0.0:STMicroelectronics:USB::USB Host:CDC HS::1.0:USB_HOST_1_0_RESTRICTED_HS
2026-08-18 17:52:53,207 [WARN] ModelIntegratedComponent:188 - Modes not found for component STMicroelectronics:USB_HOST:1.0.0:STMicroelectronics:USB::USB Host:CDC HS::1.0:USB_HOST_1_0_RESTRICTED_HS
2026-08-18 17:52:53,207 [WARN] ModelIntegratedComponent:182 - Modes not found for component STMicroelectronics:USB_HOST:1.0.0:STMicroelectronics:USB::USB Host:MSC HS::1.0:USB_HOST_1_0_RESTRICTED_HS
2026-08-18 17:52:53,207 [WARN] ModelIntegratedComponent:188 - Modes not found for component STMicroelectronics:USB_HOST:1.0.0:STMicroelectronics:USB::USB Host:MSC HS::1.0:USB_HOST_1_0_RESTRICTED_HS
2026-08-18 17:52:53,208 [WARN] ModelIntegratedComponent:182 - Modes not found for component STMicroelectronics:USB_HOST:1.0.0:STMicroelectronics:USB::USB Host:HID HS::1.0:USB_HOST_1_0_RESTRICTED_HS
2026-08-18 17:52:53,208 [WARN] ModelIntegratedComponent:188 - Modes not found for component STMicroelectronics:USB_HOST:1.0.0:STMicroelectronics:USB::USB Host:HID HS::1.0:USB_HOST_1_0_RESTRICTED_HS
2026-08-18 17:52:53,208 [WARN] ModelIntegratedComponent:182 - Modes not found for component STMicroelectronics:USB_HOST:1.0.0:STMicroelectronics:USB::USB Host:MTP HS::1.0:USB_HOST_1_0_RESTRICTED_HS
2026-08-18 17:52:53,208 [WARN] ModelIntegratedComponent:188 - Modes not found for component STMicroelectronics:USB_HOST:1.0.0:STMicroelectronics:USB::USB Host:MTP HS::1.0:USB_HOST_1_0_RESTRICTED_HS
2026-08-18 17:52:53,213 [WARN] ModelIntegratedComponent:63 - No mode defined for component null
2026-08-18 17:52:53,213 [WARN] ModelIntegratedComponent:63 - No mode defined for component null
2026-08-18 17:52:53,213 [WARN] ModelIntegratedComponent:63 - No mode defined for component null
2026-08-18 17:52:53,213 [WARN] ModelIntegratedComponent:63 - No mode defined for component null
2026-08-18 17:52:53,213 [WARN] ModelIntegratedComponent:63 - No mode defined for component null
2026-08-18 17:52:53,213 [WARN] ModelIntegratedComponent:63 - No mode defined for component null
2026-08-18 17:52:53,213 [WARN] ModelIntegratedComponent:63 - No mode defined for component null
2026-08-18 17:52:53,213 [WARN] ModelIntegratedComponent:63 - No mode defined for component null
2026-08-18 17:52:53,213 [WARN] ModelIntegratedComponent:63 - No mode defined for component null
2026-08-18 17:52:53,213 [WARN] ModelIntegratedComponent:63 - No mode defined for component null
2026-08-18 17:52:53,213 [WARN] ModelIntegratedComponent:63 - No mode defined for component null
2026-08-18 17:52:53,213 [WARN] ModelIntegratedComponent:63 - No mode defined for component null
2026-08-18 17:52:53,213 [WARN] ModelIntegratedComponent:63 - No mode defined for component null
2026-08-18 17:52:53,214 [WARN] ModelIntegratedComponent:63 - No mode defined for component null
2026-08-18 17:52:53,214 [WARN] ModelIntegratedComponent:63 - No mode defined for component null
2026-08-18 17:52:53,214 [WARN] ModelIntegratedComponent:63 - No mode defined for component null
2026-08-18 17:52:53,214 [WARN] ModelIntegratedComponent:63 - No mode defined for component null
2026-08-18 17:52:53,214 [WARN] ModelIntegratedComponent:63 - No mode defined for component null
2026-08-18 17:52:53,214 [WARN] ModelIntegratedComponent:63 - No mode defined for component null
2026-08-18 17:52:53,214 [WARN] ModelIntegratedComponent:63 - No mode defined for component null
2026-08-18 17:52:53,214 [WARN] ModelIntegratedComponent:63 - No mode defined for component null
2026-08-18 17:52:53,214 [WARN] ModelIntegratedComponent:63 - No mode defined for component null
2026-08-18 17:52:53,214 [WARN] ModelIntegratedComponent:63 - No mode defined for component null
2026-08-18 17:52:53,214 [WARN] ModelIntegratedComponent:63 - No mode defined for component null
2026-08-18 17:52:53,214 [WARN] ModelIntegratedComponent:63 - No mode defined for component null
2026-08-18 17:52:53,215 [WARN] ModelIntegratedComponent:63 - No mode defined for component null
2026-08-18 17:52:53,215 [WARN] ModelIntegratedComponent:63 - No mode defined for component null
2026-08-18 17:52:53,215 [WARN] ModelIntegratedComponent:63 - No mode defined for component null
2026-08-18 17:52:53,215 [WARN] ModelIntegratedComponent:63 - No mode defined for component null
2026-08-18 17:52:53,215 [WARN] ModelIntegratedComponent:63 - No mode defined for component null
2026-08-18 17:52:53,215 [WARN] ModelIntegratedComponent:63 - No mode defined for component null
2026-08-18 17:52:53,215 [WARN] ModelIntegratedComponent:63 - No mode defined for component null
2026-08-18 17:52:53,215 [WARN] ModelIntegratedComponent:63 - No mode defined for component null
2026-08-18 17:52:53,215 [WARN] ModelIntegratedComponent:63 - No mode defined for component null
2026-08-18 17:52:53,215 [WARN] ModelIntegratedComponent:63 - No mode defined for component null
2026-08-18 17:52:53,215 [WARN] ModelPack:524 - Component already loaded: STMicroelectronics:HAL Drivers:0.0.0:STMicroelectronics:Device:STMicro_Driver:XSPI:HAL::0.0.1:HAL_XSPI
2026-08-18 17:52:53,295 [WARN] ModelIntegratedComponent:182 - Modes not found for component STMicroelectronics:USB_DEVICE:1.0.0:STMicroelectronics:USB::USB Device:Audio HS::1.0:USB_DEVICE_1_0_RESTRICTED_HS
2026-08-18 17:52:53,296 [WARN] ModelIntegratedComponent:188 - Modes not found for component STMicroelectronics:USB_DEVICE:1.0.0:STMicroelectronics:USB::USB Device:Audio HS::1.0:USB_DEVICE_1_0_RESTRICTED_HS
2026-08-18 17:52:53,296 [WARN] ModelIntegratedComponent:182 - Modes not found for component STMicroelectronics:USB_DEVICE:1.0.0:STMicroelectronics:USB::USB Device:CDC HS::1.0:USB_DEVICE_1_0_RESTRICTED_HS
2026-08-18 17:52:53,296 [WARN] ModelIntegratedComponent:188 - Modes not found for component STMicroelectronics:USB_DEVICE:1.0.0:STMicroelectronics:USB::USB Device:CDC HS::1.0:USB_DEVICE_1_0_RESTRICTED_HS
2026-08-18 17:52:53,296 [WARN] ModelIntegratedComponent:182 - Modes not found for component STMicroelectronics:USB_DEVICE:1.0.0:STMicroelectronics:USB::USB Device:DFU HS::1.0:USB_DEVICE_1_0_RESTRICTED_HS
2026-08-18 17:52:53,296 [WARN] ModelIntegratedComponent:188 - Modes not found for component STMicroelectronics:USB_DEVICE:1.0.0:STMicroelectronics:USB::USB Device:DFU HS::1.0:USB_DEVICE_1_0_RESTRICTED_HS
2026-08-18 17:52:53,296 [WARN] ModelIntegratedComponent:182 - Modes not found for component STMicroelectronics:USB_DEVICE:1.0.0:STMicroelectronics:USB::USB Device:HID HS::1.0:USB_DEVICE_1_0_RESTRICTED_HS
2026-08-18 17:52:53,296 [WARN] ModelIntegratedComponent:188 - Modes not found for component STMicroelectronics:USB_DEVICE:1.0.0:STMicroelectronics:USB::USB Device:HID HS::1.0:USB_DEVICE_1_0_RESTRICTED_HS
2026-08-18 17:52:53,296 [WARN] ModelIntegratedComponent:182 - Modes not found for component STMicroelectronics:USB_DEVICE:1.0.0:STMicroelectronics:USB::USB Device:Custom HID HS::1.0:USB_DEVICE_1_0_RESTRICTED_HS
2026-08-18 17:52:53,296 [WARN] ModelIntegratedComponent:188 - Modes not found for component STMicroelectronics:USB_DEVICE:1.0.0:STMicroelectronics:USB::USB Device:Custom HID HS::1.0:USB_DEVICE_1_0_RESTRICTED_HS
2026-08-18 17:52:53,297 [WARN] ModelIntegratedComponent:182 - Modes not found for component STMicroelectronics:USB_DEVICE:1.0.0:STMicroelectronics:USB::USB Device:MSC HS::1.0:USB_DEVICE_1_0_RESTRICTED_HS
2026-08-18 17:52:53,297 [WARN] ModelIntegratedComponent:188 - Modes not found for component STMicroelectronics:USB_DEVICE:1.0.0:STMicroelectronics:USB::USB Device:MSC HS::1.0:USB_DEVICE_1_0_RESTRICTED_HS
2026-08-18 17:52:53,320 [INFO] ThirdPartyModel:298 - Start build external matchings
2026-08-18 17:52:54,059 [INFO] ThirdPartyModel:316 - End build external matchings
2026-08-18 17:52:54,078 [INFO] ImportTextPane:218 - (OptionalMessage_ERROR) IP (DMA) : Parameter (Instance) has Id (SPI1_RX) currently not set
2026-08-18 17:52:54,078 [INFO] ImportTextPane:218 - (OptionalMessage_ERROR) IP (DMA) : Parameter (Channel) has Id (SPI1_RX) currently not set
2026-08-18 17:52:54,078 [INFO] ImportTextPane:218 - (OptionalMessage_ERROR) IP (DMA) : Parameter (Direction) has Id (SPI1_RX) currently not set
2026-08-18 17:52:54,078 [INFO] ImportTextPane:218 - (OptionalMessage_ERROR) IP (DMA) : Parameter (PeriphInc) has Id (SPI1_RX) currently not set
2026-08-18 17:52:54,079 [INFO] ImportTextPane:218 - (OptionalMessage_ERROR) IP (DMA) : Parameter (MemInc) has Id (SPI1_RX) currently not set
2026-08-18 17:52:54,079 [INFO] ImportTextPane:218 - (OptionalMessage_ERROR) IP (DMA) : Parameter (PeriphDataAlignment) has Id (SPI1_RX) currently not set
2026-08-18 17:52:54,079 [INFO] ImportTextPane:218 - (OptionalMessage_ERROR) IP (DMA) : Parameter (MemDataAlignment) has Id (SPI1_RX) currently not set
2026-08-18 17:52:54,079 [INFO] ImportTextPane:218 - (OptionalMessage_ERROR) IP (DMA) : Parameter (Mode) has Id (SPI1_RX) currently not set
2026-08-18 17:52:54,080 [INFO] ImportTextPane:218 - (OptionalMessage_ERROR) IP (DMA) : Parameter (Priority) has Id (SPI1_RX) currently not set
2026-08-18 17:52:54,080 [INFO] ImportTextPane:218 - (OptionalMessage_ERROR) IP (DMA) : Parameter (FIFOMode) has Id (SPI1_RX) currently not set
2026-08-18 17:52:54,081 [WARN] IP:2250 - I2C_Coeff_DF not found: check if there is a RefParameter without a condition.
2026-08-18 17:52:54,081 [WARN] IP:2250 - Analog_Filter not found: check if there is a RefParameter without a condition.
2026-08-18 17:52:54,082 [INFO] ImportTextPane:218 - (OptionalMessage_ERROR) IP (RCC) : Parameter (48MHZClocksFreq_Value) has invalid value (50000000)
2026-08-18 17:52:54,083 [INFO] ImportTextPane:218 - (OptionalMessage_ERROR) IP (RCC) : Parameter (RTCHSEDivFreq_Value) has invalid value (12500000)
2026-08-18 17:52:54,458 [INFO] UtilMem:75 - End LoadConfig() Used Memory: 565296048 Bytes (746586112)
2026-08-18 17:52:54,471 [WARN] ThirdParty:833 - waiting for thirdparty lock release [change project]
2026-08-18 17:52:54,472 [INFO] ThirdParty:835 - entering critical section [change project]
2026-08-18 17:52:54,473 [INFO] ThirdParty:1030 - CMSIS Pack Vendor :STMicroelectronics X-CUBE-AZRTOS-H7 3.5.0
2026-08-18 17:52:54,473 [INFO] ThirdParty:1030 - CMSIS Pack Vendor :STMicroelectronics X-CUBE-PM33A1 1.0.0
2026-08-18 17:52:54,474 [INFO] ThirdParty:1030 - CMSIS Pack Vendor :STMicroelectronics USBPD 4.1
2026-08-18 17:52:54,474 [INFO] ThirdParty:1030 - CMSIS Pack Vendor :STMicroelectronics X-CUBE-NFC9 1.0.0
2026-08-18 17:52:54,474 [INFO] ThirdParty:1030 - CMSIS Pack Vendor :STMicroelectronics USB_HOST 2.0.0
2026-08-18 17:52:54,474 [INFO] ThirdParty:1030 - CMSIS Pack Vendor :STMicroelectronics FP-ATR-ASTRA1 2.0.3
2026-08-18 17:52:54,476 [INFO] ThirdParty:1030 - CMSIS Pack Vendor :STMicroelectronics X-CUBE-AZRTOS-F4 1.1.0
2026-08-18 17:52:54,476 [INFO] ThirdParty:1030 - CMSIS Pack Vendor :STMicroelectronics LIBJPEG 8.0.0
2026-08-18 17:52:54,477 [INFO] ThirdParty:1030 - CMSIS Pack Vendor :STMicroelectronics FP-ATR-ASTRA1 2.0.2
2026-08-18 17:52:54,477 [INFO] ThirdParty:1030 - CMSIS Pack Vendor :STMicroelectronics X-CUBE-BLE1 7.1.0
2026-08-18 17:52:54,477 [INFO] ThirdParty:1030 - CMSIS Pack Vendor :wolfSSL I-CUBE-wolfMQTT 1.19.2
2026-08-18 17:52:54,477 [INFO] ThirdParty:1030 - CMSIS Pack Vendor :STMicroelectronics USB_DEVICE 3.0.0
2026-08-18 17:52:54,477 [INFO] ThirdParty:1030 - CMSIS Pack Vendor :STMicroelectronics X-CUBE-ISPU 2.1.0
2026-08-18 17:52:54,477 [INFO] ThirdParty:1030 - CMSIS Pack Vendor :STMicroelectronics X-CUBE-EEPRMA1 5.2.0
2026-08-18 17:52:54,477 [INFO] ThirdParty:1030 - CMSIS Pack Vendor :STMicroelectronics eDS-WB_DPC_TT-BIDIR 2.1.1
2026-08-18 17:52:54,477 [INFO] ThirdParty:1030 - CMSIS Pack Vendor :STMicroelectronics X-CUBE-AZRTOS-WB 2.0.0
2026-08-18 17:52:54,477 [INFO] ThirdParty:1030 - CMSIS Pack Vendor :STMicroelectronics X-CUBE-NFC12 1.0.0
2026-08-18 17:52:54,478 [INFO] ThirdParty:1030 - CMSIS Pack Vendor :STMicroelectronics X-CUBE-AZRTOS-F7 1.1.0
2026-08-18 17:52:54,478 [INFO] ThirdParty:1030 - CMSIS Pack Vendor :STMicroelectronics X-CUBE-AZRTOS-L5 2.0.0
2026-08-18 17:52:54,478 [INFO] ThirdParty:1030 - CMSIS Pack Vendor :STMicroelectronics USB_DEVICE 2.0.0
2026-08-18 17:52:54,478 [INFO] ThirdParty:1030 - CMSIS Pack Vendor :quantropi X-CUBE-qispace-sdk-base 2.1.0
2026-08-18 17:52:54,478 [INFO] ThirdParty:1030 - CMSIS Pack Vendor :STMicroelectronics X-CUBE-STSE01 2.0.0
2026-08-18 17:52:54,478 [INFO] ThirdParty:1030 - CMSIS Pack Vendor :STMicroelectronics X-CUBE-ALGOBUILD 1.5.0
2026-08-18 17:52:54,478 [INFO] ThirdParty:1030 - CMSIS Pack Vendor :STMicroelectronics FreeRTOS 0.0.1
2026-08-18 17:52:54,478 [INFO] ThirdParty:1030 - CMSIS Pack Vendor :STMicroelectronics X-CUBE-AZRTOS-H7RS 1.3.0
2026-08-18 17:52:54,478 [INFO] ThirdParty:1030 - CMSIS Pack Vendor :STMicroelectronics X-CUBE-AZRTOS-G0 1.1.0
2026-08-18 17:52:54,478 [INFO] ThirdParty:1030 - CMSIS Pack Vendor :STMicroelectronics X-CUBE-NFC4 3.0.0
2026-08-18 17:52:54,478 [INFO] ThirdParty:1030 - CMSIS Pack Vendor :STMicroelectronics X-CUBE-SUBG2 5.0.0
2026-08-18 17:52:54,478 [INFO] ThirdParty:1030 - CMSIS Pack Vendor :STMicroelectronics STM32_WPAN 1.0.0
2026-08-18 17:52:54,479 [INFO] ThirdParty:1030 - CMSIS Pack Vendor :STMicroelectronics eDS-WB_DPC_VIENNA 1.2.0
2026-08-18 17:52:54,479 [INFO] ThirdParty:1030 - CMSIS Pack Vendor :EmbeddedOffice I-CUBE-FS-RTOS 1.0.1
2026-08-18 17:52:54,479 [INFO] ThirdParty:1030 - CMSIS Pack Vendor :STMicroelectronics lwIP 2.0.3
2026-08-18 17:52:54,479 [INFO] ThirdParty:1030 - CMSIS Pack Vendor :STMicroelectronics X-CUBE-MEMS1 13.0.0
2026-08-18 17:52:54,479 [INFO] ThirdParty:1030 - CMSIS Pack Vendor :STMicroelectronics eDS-WB_DPC_3PH2L-BIDIR 1.1.1
2026-08-18 17:52:54,479 [INFO] ThirdParty:1030 - CMSIS Pack Vendor :STMicroelectronics USB_HOST 1.0.0
2026-08-18 17:52:54,479 [INFO] ThirdParty:1030 - CMSIS Pack Vendor :STMicroelectronics X-CUBE-AZRTOS-G4 2.0.0
2026-08-18 17:52:54,479 [INFO] ThirdParty:1030 - CMSIS Pack Vendor :STMicroelectronics PDM2PCM 3.1.0
2026-08-18 17:52:54,479 [INFO] ThirdParty:1030 - CMSIS Pack Vendor :STMicroelectronics PDM2PCM 3.3.0
2026-08-18 17:52:54,479 [INFO] ThirdParty:1030 - CMSIS Pack Vendor :wolfSSL I-CUBE-wolfTPM 3.8.0
2026-08-18 17:52:54,479 [INFO] ThirdParty:1030 - CMSIS Pack Vendor :STMicroelectronics X-CUBE-DISPLAY 3.0.0
2026-08-18 17:52:54,480 [INFO] ThirdParty:1030 - CMSIS Pack Vendor :wolfSSL I-CUBE-wolfSSH 1.4.20
2026-08-18 17:52:54,480 [INFO] ThirdParty:1030 - CMSIS Pack Vendor :STMicroelectronics X-CUBE-NFC7 2.0.0
2026-08-18 17:52:54,480 [INFO] ThirdParty:1030 - CMSIS Pack Vendor :STMicroelectronics X-CUBE-GNSS1 7.1.1
2026-08-18 17:52:54,480 [INFO] ThirdParty:1030 - CMSIS Pack Vendor :STMicroelectronics X-CUBE-TCPP 4.2.0
2026-08-18 17:52:54,480 [INFO] ThirdParty:1030 - CMSIS Pack Vendor :RealThread X-CUBE-RT-Thread_Nano 4.1.1
2026-08-18 17:52:54,480 [INFO] ThirdParty:1030 - CMSIS Pack Vendor :wolfSSL I-CUBE-wolfSSL 5.9.1
2026-08-18 17:52:54,480 [INFO] ThirdParty:1030 - CMSIS Pack Vendor :STMicroelectronics FP-ATR-SIGFOX1 3.2.0
2026-08-18 17:52:54,480 [INFO] ThirdParty:1030 - CMSIS Pack Vendor :STMicroelectronics X-CUBE-NFC10 1.0.0
2026-08-18 17:52:54,480 [INFO] ThirdParty:1030 - CMSIS Pack Vendor :STMicroelectronics HAL Drivers 0.0.0
2026-08-18 17:52:54,480 [INFO] ThirdParty:1030 - CMSIS Pack Vendor :STMicroelectronics MBEDTLS 2.16.2
2026-08-18 17:52:54,481 [INFO] ThirdParty:1030 - CMSIS Pack Vendor :STMicroelectronics X-CUBE-ST60 1.1.0
2026-08-18 17:52:54,481 [INFO] ThirdParty:1030 - CMSIS Pack Vendor :STMicroelectronics X-CUBE-ALS 1.0.2
2026-08-18 17:52:54,481 [INFO] ThirdParty:1030 - CMSIS Pack Vendor :emotas I-CUBE-CANOPEN 1.3.0
2026-08-18 17:52:54,481 [INFO] ThirdParty:1030 - CMSIS Pack Vendor :STMicroelectronics MBEDTLS 2.14.1
2026-08-18 17:52:54,481 [INFO] ThirdParty:1030 - CMSIS Pack Vendor :ITTIA_DB I-CUBE-ITTIADB 8.9.0
2026-08-18 17:52:54,481 [INFO] ThirdParty:1030 - CMSIS Pack Vendor :Cesanta I-CUBE-Mongoose 7.21.7
2026-08-18 17:52:54,481 [INFO] ThirdParty:1030 - CMSIS Pack Vendor :STMicroelectronics X-CUBE-TOUCHGFX 4.26.1
2026-08-18 17:52:54,481 [INFO] ThirdParty:1030 - CMSIS Pack Vendor :STMicroelectronics X-CUBE-NFC6 3.2.0
2026-08-18 17:52:54,481 [INFO] ThirdParty:1030 - CMSIS Pack Vendor :STMicroelectronics X-CUBE-AI 10.2.1
2026-08-18 17:52:54,481 [INFO] ThirdParty:1030 - CMSIS Pack Vendor :STMicroelectronics ThreadX 1.0.0
2026-08-18 17:52:54,482 [INFO] ThirdParty:1030 - CMSIS Pack Vendor :STMicroelectronics FP-SNS-SMARTAG2 1.2.0
2026-08-18 17:52:54,482 [INFO] ThirdParty:1030 - CMSIS Pack Vendor :STMicroelectronics X-CUBE-MEMS1 12.1.0
2026-08-18 17:52:54,482 [INFO] ThirdParty:1030 - CMSIS Pack Vendor :STMicroelectronics FP-SNS-FLIGHT1 5.1.0
2026-08-18 17:52:54,482 [INFO] ThirdParty:1030 - CMSIS Pack Vendor :STMicroelectronics X-CUBE-AZRTOS-WL 2.0.0
2026-08-18 17:52:54,482 [INFO] ThirdParty:1030 - CMSIS Pack Vendor :SEGGER I-CUBE-embOS 1.3.1
2026-08-18 17:52:54,482 [INFO] ThirdParty:1030 - CMSIS Pack Vendor :STMicroelectronics X-CUBE-DPower 1.3.0
2026-08-18 17:52:54,482 [INFO] ThirdParty:1030 - CMSIS Pack Vendor :STMicroelectronics USB_DEVICE 1.0.0
2026-08-18 17:52:54,482 [INFO] ThirdParty:1030 - CMSIS Pack Vendor :STMicroelectronics X-CUBE-AZRTOS-L4 2.0.0
2026-08-18 17:52:54,482 [INFO] ThirdParty:1030 - CMSIS Pack Vendor :STMicroelectronics ThreadX 0.0.2
2026-08-18 17:52:54,482 [INFO] ThirdParty:1030 - CMSIS Pack Vendor :STMicroelectronics lwIP 2.1.2
2026-08-18 17:52:54,482 [INFO] ThirdParty:1030 - CMSIS Pack Vendor :STMicroelectronics X-CUBE-SFXS2LP1 4.0.0
2026-08-18 17:52:54,483 [INFO] ThirdParty:1030 - CMSIS Pack Vendor :STMicroelectronics X-CUBE-BLE2 3.3.0
2026-08-18 17:52:54,483 [INFO] ThirdParty:1030 - CMSIS Pack Vendor :Avnet-IOTCONNECT X-CUBE-iotc-st67-sdk 1.0.0
2026-08-18 17:52:54,483 [INFO] ThirdParty:1030 - CMSIS Pack Vendor :STMicroelectronics X-CUBE-TOF1 3.4.3
2026-08-18 17:52:54,483 [INFO] ThirdParty:1030 - CMSIS Pack Vendor :Infineon AIROC-Wi-Fi-Bluetooth-STM32 1.8.0
2026-08-18 17:52:54,483 [INFO] ThirdParty:1030 - CMSIS Pack Vendor :STMicroelectronics X-CUBE-NFC13 1.0.0
2026-08-18 17:52:54,483 [INFO] ThirdParty:1030 - CMSIS Pack Vendor :STMicroelectronics PDM2PCM 3.2.0
2026-08-18 17:52:54,483 [INFO] ThirdParty:1030 - CMSIS Pack Vendor :STMicroelectronics X-CUBE-WB05N 2.1.0
2026-08-18 17:52:54,483 [INFO] ThirdParty:841 - exiting critical section [change project]
2026-08-18 17:52:55,054 [INFO] PinOutPanel:1589 - setPackage(No Configuration,No Configuration)
2026-08-18 17:52:55,055 [ERROR] LogOutputStream:75 - [STDERR_REDIRECT] Exception in thread "AWT-EventQueue-0" java.util.ConcurrentModificationException
2026-08-18 17:52:55,055 [INFO] PinOutPanel:1589 - setPackage(STM32F411CEUx,UFQFPN48)
2026-08-18 17:52:55,056 [ERROR] LogOutputStream:75 - [STDERR_REDIRECT] 	at java.base/java.util.HashMap$HashIterator.nextNode(HashMap.java:1605)
2026-08-18 17:52:55,056 [ERROR] LogOutputStream:75 - [STDERR_REDIRECT] 	at java.base/java.util.HashMap$KeyIterator.next(HashMap.java:1628)
2026-08-18 17:52:55,057 [ERROR] LogOutputStream:75 - [STDERR_REDIRECT] 	at com.st.components.util.StringSearchable.search(StringSearchable.java:42)
2026-08-18 17:52:55,057 [ERROR] LogOutputStream:75 - [STDERR_REDIRECT] 	at com.st.components.swing.AutocompleteComboBox$4.run(AutocompleteComboBox.java:215)
2026-08-18 17:52:55,057 [ERROR] LogOutputStream:75 - [STDERR_REDIRECT] 	at java.desktop/java.awt.event.InvocationEvent.dispatch(InvocationEvent.java:318)
2026-08-18 17:52:55,057 [ERROR] LogOutputStream:75 - [STDERR_REDIRECT] 	at java.desktop/java.awt.EventQueue.dispatchEventImpl(EventQueue.java:773)
2026-08-18 17:52:55,058 [ERROR] LogOutputStream:75 - [STDERR_REDIRECT] 	at java.desktop/java.awt.EventQueue$4.run(EventQueue.java:720)
2026-08-18 17:52:55,058 [ERROR] LogOutputStream:75 - [STDERR_REDIRECT] 	at java.desktop/java.awt.EventQueue$4.run(EventQueue.java:714)
2026-08-18 17:52:55,058 [ERROR] LogOutputStream:75 - [STDERR_REDIRECT] 	at java.base/java.security.AccessController.doPrivileged(AccessController.java:400)
2026-08-18 17:52:55,058 [ERROR] LogOutputStream:75 - [STDERR_REDIRECT] 	at java.base/java.security.ProtectionDomain$JavaSecurityAccessImpl.doIntersectionPrivilege(ProtectionDomain.java:87)
2026-08-18 17:52:55,059 [ERROR] LogOutputStream:75 - [STDERR_REDIRECT] 	at java.desktop/java.awt.EventQueue.dispatchEvent(EventQueue.java:742)
2026-08-18 17:52:55,059 [ERROR] LogOutputStream:75 - [STDERR_REDIRECT] 	at java.desktop/java.awt.EventDispatchThread.pumpOneEventForFilters(EventDispatchThread.java:203)
2026-08-18 17:52:55,059 [ERROR] LogOutputStream:75 - [STDERR_REDIRECT] 	at java.desktop/java.awt.EventDispatchThread.pumpEventsForFilter(EventDispatchThread.java:124)
2026-08-18 17:52:55,060 [ERROR] LogOutputStream:75 - [STDERR_REDIRECT] 	at java.desktop/java.awt.EventDispatchThread.pumpEventsForFilter(EventDispatchThread.java:117)
2026-08-18 17:52:55,060 [ERROR] LogOutputStream:75 - [STDERR_REDIRECT] 	at java.desktop/java.awt.WaitDispatchSupport$2.run(WaitDispatchSupport.java:191)
2026-08-18 17:52:55,060 [ERROR] LogOutputStream:75 - [STDERR_REDIRECT] 	at java.desktop/java.awt.WaitDispatchSupport$4.run(WaitDispatchSupport.java:236)
2026-08-18 17:52:55,061 [ERROR] LogOutputStream:75 - [STDERR_REDIRECT] 	at java.desktop/java.awt.WaitDispatchSupport$4.run(WaitDispatchSupport.java:234)
2026-08-18 17:52:55,061 [ERROR] LogOutputStream:75 - [STDERR_REDIRECT] 	at java.base/java.security.AccessController.doPrivileged(AccessController.java:319)
2026-08-18 17:52:55,061 [ERROR] LogOutputStream:75 - [STDERR_REDIRECT] 	at java.desktop/java.awt.WaitDispatchSupport.enter(WaitDispatchSupport.java:234)
2026-08-18 17:52:55,061 [ERROR] LogOutputStream:75 - [STDERR_REDIRECT] 	at java.desktop/java.awt.Dialog.show(Dialog.java:1079)
2026-08-18 17:52:55,061 [ERROR] LogOutputStream:75 - [STDERR_REDIRECT] 	at java.desktop/java.awt.Component.show(Component.java:1728)
2026-08-18 17:52:55,062 [ERROR] LogOutputStream:75 - [STDERR_REDIRECT] 	at java.desktop/java.awt.Component.setVisible(Component.java:1675)
2026-08-18 17:52:55,062 [ERROR] LogOutputStream:75 - [STDERR_REDIRECT] 	at java.desktop/java.awt.Window.setVisible(Window.java:1036)
2026-08-18 17:52:55,062 [ERROR] LogOutputStream:75 - [STDERR_REDIRECT] 	at java.desktop/java.awt.Dialog.setVisible(Dialog.java:1015)
2026-08-18 17:52:55,063 [ERROR] LogOutputStream:75 - [STDERR_REDIRECT] 	at com.st.microxplorer.util.ProcessBarDialog.doAction(ProcessBarDialog.java:173)
2026-08-18 17:52:55,063 [ERROR] LogOutputStream:75 - [STDERR_REDIRECT] 	at com.st.microxplorer.mxsystem.MxSystem.completeLoadConfig(MxSystem.java:828)
2026-08-18 17:52:55,063 [ERROR] LogOutputStream:75 - [STDERR_REDIRECT] 	at com.st.microxplorer.plugins.filemanager.engine.OpenFileManager.LoadConfig(OpenFileManager.java:377)
2026-08-18 17:52:55,063 [ERROR] LogOutputStream:75 - [STDERR_REDIRECT] 	at com.st.microxplorer.plugins.filemanager.engine.OpenFileManager.loadConfigurationFile(OpenFileManager.java:291)
2026-08-18 17:52:55,064 [ERROR] LogOutputStream:75 - [STDERR_REDIRECT] 	at com.st.microxplorer.plugins.filemanager.engine.MainFileManager.userLoadConfig(MainFileManager.java:341)
2026-08-18 17:52:55,064 [ERROR] LogOutputStream:75 - [STDERR_REDIRECT] 	at com.st.microxplorer.plugins.filemanager.engine.MainFileManager.userLoadConfig(MainFileManager.java:319)
2026-08-18 17:52:55,064 [ERROR] LogOutputStream:75 - [STDERR_REDIRECT] 	at com.st.microxplorer.plugins.filemanager.FileManagerView.getSpecificTask(FileManagerView.java:246)
2026-08-18 17:52:55,065 [ERROR] LogOutputStream:75 - [STDERR_REDIRECT] 	at com.st.stm32cube.common.mx.editor.CubeMxEditor.getMxTabbedPaneInstance(CubeMxEditor.java:1198)
2026-08-18 17:52:55,065 [ERROR] LogOutputStream:75 - [STDERR_REDIRECT] 	at com.st.stm32cube.common.mx.editor.CubeMxEditor$12$1.createSwingComponent(CubeMxEditor.java:1068)
2026-08-18 17:52:55,065 [ERROR] LogOutputStream:75 - [STDERR_REDIRECT] 	at com.st.stm32cube.common.mx.oss.core.awtswtbridge.EmbeddedSwingComposite.doComponentCreation(EmbeddedSwingComposite.java:492)
2026-08-18 17:52:55,066 [ERROR] LogOutputStream:75 - [STDERR_REDIRECT] 	at com.st.stm32cube.common.mx.oss.core.awtswtbridge.EmbeddedSwingComposite$4.run(EmbeddedSwingComposite.java:291)
2026-08-18 17:52:55,066 [ERROR] LogOutputStream:75 - [STDERR_REDIRECT] 	at com.st.stm32cube.common.mx.oss.core.awtswtbridge.AwtEnvironment$2.run(AwtEnvironment.java:166)
2026-08-18 17:52:55,066 [ERROR] LogOutputStream:75 - [STDERR_REDIRECT] 	at java.desktop/java.awt.event.InvocationEvent.dispatch(InvocationEvent.java:318)
2026-08-18 17:52:55,066 [ERROR] LogOutputStream:75 - [STDERR_REDIRECT] 	at java.desktop/java.awt.EventQueue.dispatchEventImpl(EventQueue.java:773)
2026-08-18 17:52:55,067 [ERROR] LogOutputStream:75 - [STDERR_REDIRECT] 	at java.desktop/java.awt.EventQueue$4.run(EventQueue.java:720)
2026-08-18 17:52:55,067 [ERROR] LogOutputStream:75 - [STDERR_REDIRECT] 	at java.desktop/java.awt.EventQueue$4.run(EventQueue.java:714)
2026-08-18 17:52:55,067 [ERROR] LogOutputStream:75 - [STDERR_REDIRECT] 	at java.base/java.security.AccessController.doPrivileged(AccessController.java:400)
2026-08-18 17:52:55,068 [ERROR] LogOutputStream:75 - [STDERR_REDIRECT] 	at java.base/java.security.ProtectionDomain$JavaSecurityAccessImpl.doIntersectionPrivilege(ProtectionDomain.java:87)
2026-08-18 17:52:55,068 [ERROR] LogOutputStream:75 - [STDERR_REDIRECT] 	at java.desktop/java.awt.EventQueue.dispatchEvent(EventQueue.java:742)
2026-08-18 17:52:55,068 [ERROR] LogOutputStream:75 - [STDERR_REDIRECT] 	at java.desktop/java.awt.EventDispatchThread.pumpOneEventForFilters(EventDispatchThread.java:203)
2026-08-18 17:52:55,068 [ERROR] LogOutputStream:75 - [STDERR_REDIRECT] 	at java.desktop/java.awt.EventDispatchThread.pumpEventsForFilter(EventDispatchThread.java:124)
2026-08-18 17:52:55,069 [ERROR] LogOutputStream:75 - [STDERR_REDIRECT] 	at java.desktop/java.awt.EventDispatchThread.pumpEventsForHierarchy(EventDispatchThread.java:113)
2026-08-18 17:52:55,069 [ERROR] LogOutputStream:75 - [STDERR_REDIRECT] 	at java.desktop/java.awt.EventDispatchThread.pumpEvents(EventDispatchThread.java:109)
2026-08-18 17:52:55,069 [ERROR] LogOutputStream:75 - [STDERR_REDIRECT] 	at java.desktop/java.awt.EventDispatchThread.pumpEvents(EventDispatchThread.java:101)
2026-08-18 17:52:55,069 [ERROR] LogOutputStream:75 - [STDERR_REDIRECT] 	at java.desktop/java.awt.EventDispatchThread.run(EventDispatchThread.java:90)
2026-08-18 17:52:55,317 [INFO] UtilMem:75 - Before build in PCC Used Memory: 468907008 Bytes (961544192)
2026-08-18 17:52:55,618 [INFO] UtilMem:75 - After build in PCC Used Memory: 517141504 Bytes (961544192)
2026-08-18 17:52:55,661 [INFO] IPUIPlugin:80 - create IPUIPlugin
2026-08-18 17:52:55,662 [INFO] IPUIPlugin:80 - create IPUIPlugin
2026-08-18 17:52:55,662 [INFO] IPUIPlugin:80 - create IPUIPlugin
2026-08-18 17:52:55,663 [INFO] IPUIPlugin:80 - create IPUIPlugin
2026-08-18 17:52:55,663 [INFO] IPUIPlugin:80 - create IPUIPlugin
2026-08-18 17:52:55,663 [INFO] IPUIPlugin:80 - create IPUIPlugin
2026-08-18 17:52:55,664 [INFO] IPUIPlugin:80 - create IPUIPlugin
2026-08-18 17:52:55,664 [INFO] IPUIPlugin:80 - create IPUIPlugin
2026-08-18 17:52:55,664 [INFO] IPUIPlugin:80 - create IPUIPlugin
2026-08-18 17:52:55,664 [INFO] IPUIPlugin:80 - create IPUIPlugin
2026-08-18 17:52:55,665 [INFO] IPUIPlugin:80 - create IPUIPlugin
2026-08-18 17:52:55,665 [INFO] IPUIPlugin:80 - create IPUIPlugin
2026-08-18 17:52:55,665 [INFO] IPUIPlugin:80 - create IPUIPlugin
2026-08-18 17:52:55,666 [INFO] IPUIPlugin:80 - create IPUIPlugin
2026-08-18 17:52:55,666 [INFO] IPUIPlugin:80 - create IPUIPlugin
2026-08-18 17:52:55,667 [INFO] IPUIPlugin:80 - create IPUIPlugin
2026-08-18 17:52:55,668 [INFO] IPUIPlugin:80 - create IPUIPlugin
2026-08-18 17:52:55,668 [INFO] IPUIPlugin:80 - create IPUIPlugin
2026-08-18 17:52:55,668 [INFO] IPUIPlugin:80 - create IPUIPlugin
2026-08-18 17:52:55,668 [INFO] IPUIPlugin:80 - create IPUIPlugin
2026-08-18 17:52:55,669 [INFO] IPUIPlugin:80 - create IPUIPlugin
2026-08-18 17:52:55,669 [INFO] IPUIPlugin:80 - create IPUIPlugin
2026-08-18 17:52:55,669 [INFO] IPUIPlugin:80 - create IPUIPlugin
2026-08-18 17:52:55,670 [INFO] IPUIPlugin:80 - create IPUIPlugin
2026-08-18 17:52:55,670 [INFO] IPUIPlugin:80 - create IPUIPlugin
2026-08-18 17:52:55,670 [INFO] IPUIPlugin:80 - create IPUIPlugin
2026-08-18 17:52:55,670 [INFO] IPUIPlugin:80 - create IPUIPlugin
2026-08-18 17:52:55,671 [INFO] IPUIPlugin:80 - create IPUIPlugin
2026-08-18 17:52:55,671 [INFO] IPUIPlugin:80 - create IPUIPlugin
2026-08-18 17:52:55,671 [INFO] IPUIPlugin:80 - create IPUIPlugin
2026-08-18 17:52:55,672 [INFO] IPUIPlugin:80 - create IPUIPlugin
2026-08-18 17:52:55,672 [INFO] IPUIPlugin:80 - create IPUIPlugin
2026-08-18 17:52:55,673 [INFO] IPUIPlugin:80 - create IPUIPlugin
2026-08-18 17:52:55,673 [INFO] IPUIPlugin:80 - create IPUIPlugin
2026-08-18 17:52:55,674 [INFO] IPUIPlugin:80 - create IPUIPlugin
2026-08-18 17:52:55,674 [INFO] IPUIPlugin:80 - create IPUIPlugin
2026-08-18 17:52:55,675 [INFO] IPUIPlugin:80 - create IPUIPlugin
2026-08-18 17:52:55,675 [INFO] IPUIPlugin:80 - create IPUIPlugin
2026-08-18 17:52:55,676 [INFO] IPUIPlugin:80 - create IPUIPlugin
2026-08-18 17:52:55,676 [INFO] IPUIPlugin:80 - create IPUIPlugin
2026-08-18 17:52:55,677 [INFO] IPUIPlugin:80 - create IPUIPlugin
2026-08-18 17:52:55,678 [INFO] IPUIPlugin:80 - create IPUIPlugin
2026-08-18 17:52:55,678 [INFO] IPUIPlugin:80 - create IPUIPlugin
2026-08-18 17:52:55,684 [INFO] ApiDbMcu:508 - Load IP Config File for PDM2PCM
2026-08-18 17:52:55,686 [WARN] IP:2250 - I2C_Coeff_DF not found: check if there is a RefParameter without a condition.
2026-08-18 17:52:55,686 [WARN] IP:2250 - Analog_Filter not found: check if there is a RefParameter without a condition.
2026-08-18 17:52:55,802 [INFO] CADModel:165 - CPN selected for project levelSTM32F411CEU6
2026-08-18 17:52:55,802 [INFO] CADModel:114 - Register for checkConnection events
2026-08-18 17:52:55,845 [INFO] OpenFileManager:385 - Restore cursor
2026-08-18 17:52:56,218 [WARN] IP:2250 - I2C_Coeff_DF not found: check if there is a RefParameter without a condition.
2026-08-18 17:52:56,219 [WARN] IP:2250 - Analog_Filter not found: check if there is a RefParameter without a condition.
2026-08-18 17:52:56,219 [WARN] IP:2250 - I2C_Coeff_DF not found: check if there is a RefParameter without a condition.
2026-08-18 17:52:56,220 [WARN] IP:2250 - Analog_Filter not found: check if there is a RefParameter without a condition.
2026-08-18 17:53:06,885 [INFO] ADCParametersView:116 -                Rank 1 : false
2026-08-18 17:53:07,019 [INFO] ADCParametersView:116 -                Rank 1 : false
2026-08-18 17:53:07,020 [INFO] ADCParametersView:116 -                Rank 1 : false
2026-08-18 17:53:07,020 [INFO] ADCParametersView:116 -                Rank 1 : false
2026-08-18 17:53:07,020 [INFO] ADCParametersView:116 -                Rank 1 : false
2026-08-18 17:53:07,020 [INFO] ADCParametersView:116 -                Rank 1 : false
2026-08-18 17:53:07,020 [INFO] ADCParametersView:116 -                Rank 1 : false
2026-08-18 17:53:07,021 [INFO] ADCParametersView:116 -                Rank 1 : false
2026-08-18 17:53:07,021 [INFO] ADCParametersView:116 -                Rank 1 : false
2026-08-18 17:53:07,021 [INFO] ADCParametersView:116 -                Rank 1 : false
2026-08-18 17:53:07,021 [INFO] ADCParametersView:116 -                Rank 1 : false
2026-08-18 17:53:07,021 [INFO] ADCParametersView:116 -                Rank 1 : false
2026-08-18 17:53:07,021 [INFO] ADCParametersView:116 -                Rank 1 : false
2026-08-18 17:53:07,022 [INFO] ADCParametersView:116 -                Rank 1 : false
2026-08-18 17:53:07,022 [INFO] ADCParametersView:116 -                Rank 1 : false
2026-08-18 17:53:07,056 [INFO] ADCParametersView:116 -                Rank 1 : false
2026-08-18 17:53:12,042 [ERROR] LogOutputStream:75 - [STDERR_REDIRECT] Aug 18, 2026 5:53:12 PM java.util.prefs.FileSystemPreferences checkLockFile0ErrorCode
2026-08-18 17:53:12,042 [ERROR] LogOutputStream:75 - [STDERR_REDIRECT] WARNING: Could not lock System prefs. Unix error code 2.
2026-08-18 17:53:12,042 [ERROR] LogOutputStream:75 - [STDERR_REDIRECT] 
2026-08-18 17:53:12,043 [ERROR] LogOutputStream:75 - [STDERR_REDIRECT] Aug 18, 2026 5:53:12 PM java.util.prefs.FileSystemPreferences syncWorld
2026-08-18 17:53:12,043 [ERROR] LogOutputStream:75 - [STDERR_REDIRECT] WARNING: Couldn't flush system prefs: java.util.prefs.BackingStoreException: Couldn't get file lock.
2026-08-18 17:53:12,043 [ERROR] LogOutputStream:75 - [STDERR_REDIRECT] 
2026-08-18 17:53:26,683 [INFO] NvicIntPanel:101 - NVIC parent = com.st.microxplorer.plugins.ip.nvic.MultiNvicIntPanel[,0,0,0x0,invalid,layout=javax.swing.BoxLayout,alignmentX=0.0,alignmentY=0.0,border=,flags=9,maximumSize=,minimumSize=,preferredSize=]
2026-08-18 17:53:26,785 [INFO] ADCParametersView:116 -                Rank 1 : false
2026-08-18 17:53:26,789 [INFO] ADCParametersView:116 -                Rank 1 : false
2026-08-18 17:53:26,789 [INFO] ADCParametersView:116 -                Rank 1 : false
2026-08-18 17:53:26,789 [INFO] ADCParametersView:116 -                Rank 1 : false
2026-08-18 17:53:26,789 [INFO] ADCParametersView:116 -                Rank 1 : false
2026-08-18 17:53:26,790 [INFO] ADCParametersView:116 -                Rank 1 : false
2026-08-18 17:53:26,790 [INFO] ADCParametersView:116 -                Rank 1 : false
2026-08-18 17:53:26,790 [INFO] ADCParametersView:116 -                Rank 1 : false
2026-08-18 17:53:26,790 [INFO] ADCParametersView:116 -                Rank 1 : false
2026-08-18 17:53:26,790 [INFO] ADCParametersView:116 -                Rank 1 : false
2026-08-18 17:53:26,791 [INFO] ADCParametersView:116 -                Rank 1 : false
2026-08-18 17:53:26,791 [INFO] ADCParametersView:116 -                Rank 1 : false
2026-08-18 17:53:26,791 [INFO] ADCParametersView:116 -                Rank 1 : false
2026-08-18 17:53:26,791 [INFO] ADCParametersView:116 -                Rank 1 : false
2026-08-18 17:53:26,824 [INFO] ADCParametersView:116 -                Rank 1 : false
2026-08-18 17:53:39,981 [INFO] UtilMem:75 - End SaveConfig() Used Memory: 655400120 Bytes (961544192)
2026-08-18 17:53:40,102 [INFO] UtilMem:75 - End SaveConfig() Used Memory: 670564352 Bytes (961544192)
2026-08-18 17:53:40,715 [INFO] UtilMem:75 - End SaveConfig() Used Memory: 703875568 Bytes (961544192)
2026-08-18 17:53:41,303 [INFO] BlockDiagram:2775 - set Specific Code input for plugin: SPI
2026-08-18 17:53:41,303 [INFO] BlockDiagram:2775 - set Specific Code input for plugin: NVIC
2026-08-18 17:53:41,303 [INFO] BlockDiagram:2775 - set Specific Code input for plugin: USART
2026-08-18 17:53:41,303 [INFO] BlockDiagram:2775 - set Specific Code input for plugin: DMA
2026-08-18 17:53:41,304 [INFO] BlockDiagram:2775 - set Specific Code input for plugin: TIM1_8
2026-08-18 17:53:41,304 [INFO] BlockDiagram:2775 - set Specific Code input for plugin: SYS
2026-08-18 17:53:41,304 [INFO] BlockDiagram:2775 - set Specific Code input for plugin: GPIO
2026-08-18 17:53:41,304 [INFO] BlockDiagram:2775 - set Specific Code input for plugin: ADC
2026-08-18 17:53:41,304 [INFO] BlockDiagram:2775 - set Specific Code input for plugin: RCC
2026-08-18 17:53:41,304 [INFO] BlockDiagram:2775 - set Specific Code input for plugin: I2C
2026-08-18 17:53:41,306 [INFO] CodeGenerator:882 - code generatio: config db path: /opt/st/stm32cubeide_1.18.0/plugins/com.st.stm32cube.common.mx_6.14.0.202502271554//db/
2026-08-18 17:53:41,323 [WARN] IP:2250 - I2C_Coeff_DF not found: check if there is a RefParameter without a condition.
2026-08-18 17:53:41,324 [WARN] IP:2250 - Analog_Filter not found: check if there is a RefParameter without a condition.
2026-08-18 17:53:41,693 [INFO] CodeEngine:263 - oldGeneratedFile, /home/thuy/embedded/project/Quadcopter-STM32F4/STM32-Fly_Controller/MXTmpFiles/license.tmp_save
2026-08-18 17:53:42,038 [ERROR] LogOutputStream:75 - [STDERR_REDIRECT] Aug 18, 2026 5:53:42 PM java.util.prefs.FileSystemPreferences checkLockFile0ErrorCode
2026-08-18 17:53:42,039 [ERROR] LogOutputStream:75 - [STDERR_REDIRECT] WARNING: Could not lock System prefs. Unix error code 2.
2026-08-18 17:53:42,039 [ERROR] LogOutputStream:75 - [STDERR_REDIRECT] 
2026-08-18 17:53:42,040 [ERROR] LogOutputStream:75 - [STDERR_REDIRECT] Aug 18, 2026 5:53:42 PM java.util.prefs.FileSystemPreferences syncWorld
2026-08-18 17:53:42,040 [ERROR] LogOutputStream:75 - [STDERR_REDIRECT] WARNING: Couldn't flush system prefs: java.util.prefs.BackingStoreException: Couldn't get file lock.
2026-08-18 17:53:42,040 [ERROR] LogOutputStream:75 - [STDERR_REDIRECT] 
2026-08-18 17:53:42,550 [INFO] CodeEngine:287 - Generated code: /home/thuy/embedded/project/Quadcopter-STM32F4/STM32-Fly_Controller/MXTmpFiles/license.tmp
2026-08-18 17:53:42,672 [INFO] CodeEngine:263 - oldGeneratedFile, /home/thuy/embedded/project/Quadcopter-STM32F4/STM32-Fly_Controller/MXTmpFiles/gpio.tmp_save
2026-08-18 17:53:42,938 [INFO] CodeEngine:287 - Generated code: /home/thuy/embedded/project/Quadcopter-STM32F4/STM32-Fly_Controller/MXTmpFiles/gpio.tmp
2026-08-18 17:53:43,610 [INFO] CodeEngine:263 - oldGeneratedFile, /home/thuy/embedded/project/Quadcopter-STM32F4/STM32-Fly_Controller/MXTmpFiles/dma.tmp_save
2026-08-18 17:53:43,771 [INFO] CodeEngine:287 - Generated code: /home/thuy/embedded/project/Quadcopter-STM32F4/STM32-Fly_Controller/MXTmpFiles/dma.tmp
2026-08-18 17:53:43,774 [INFO] CodeEngine:263 - oldGeneratedFile, /home/thuy/embedded/project/Quadcopter-STM32F4/STM32-Fly_Controller/MXTmpFiles/dma_GV.tmp_save
2026-08-18 17:53:43,930 [INFO] CodeEngine:287 - Generated code: /home/thuy/embedded/project/Quadcopter-STM32F4/STM32-Fly_Controller/MXTmpFiles/dma_GV.tmp
2026-08-18 17:53:43,944 [INFO] CodeEngine:263 - oldGeneratedFile, /home/thuy/embedded/project/Quadcopter-STM32F4/STM32-Fly_Controller/Core/Src/stm32f4xx_it.c_save
2026-08-18 17:53:44,164 [INFO] CodeEngine:287 - Generated code: /home/thuy/embedded/project/Quadcopter-STM32F4/STM32-Fly_Controller/Core/Src/stm32f4xx_it.c
2026-08-18 17:53:44,167 [INFO] CodeEngine:263 - oldGeneratedFile, /home/thuy/embedded/project/Quadcopter-STM32F4/STM32-Fly_Controller/Core/Inc/stm32f4xx_it.h_save
2026-08-18 17:53:44,297 [INFO] CodeEngine:287 - Generated code: /home/thuy/embedded/project/Quadcopter-STM32F4/STM32-Fly_Controller/Core/Inc/stm32f4xx_it.h
2026-08-18 17:53:44,306 [INFO] CodeEngine:263 - oldGeneratedFile, /home/thuy/embedded/project/Quadcopter-STM32F4/STM32-Fly_Controller/Core/Src/stm32f4xx_hal_msp.c_save
2026-08-18 17:53:44,580 [INFO] CodeEngine:287 - Generated code: /home/thuy/embedded/project/Quadcopter-STM32F4/STM32-Fly_Controller/Core/Src/stm32f4xx_hal_msp.c
2026-08-18 17:53:44,584 [INFO] CodeEngine:263 - oldGeneratedFile, /home/thuy/embedded/project/Quadcopter-STM32F4/STM32-Fly_Controller/MXTmpFiles/system.tmp_save
2026-08-18 17:53:44,709 [INFO] CodeEngine:287 - Generated code: /home/thuy/embedded/project/Quadcopter-STM32F4/STM32-Fly_Controller/MXTmpFiles/system.tmp
2026-08-18 17:53:44,720 [INFO] CodeEngine:319 - oldGeneratedFile, /home/thuy/embedded/project/Quadcopter-STM32F4/STM32-Fly_Controller/Core/Inc/stm32f4xx_hal_conf.h_save
2026-08-18 17:53:44,865 [INFO] CodeEngine:343 - Generated code: /home/thuy/embedded/project/Quadcopter-STM32F4/STM32-Fly_Controller/Core/Inc/stm32f4xx_hal_conf.h
2026-08-18 17:53:44,938 [INFO] ApiDbMcu:508 - Load IP Config File for ADC1
2026-08-18 17:53:44,948 [INFO] ApiDbMcu:508 - Load IP Config File for I2C1
2026-08-18 17:53:44,955 [INFO] ApiDbMcu:508 - Load IP Config File for SPI1
2026-08-18 17:53:45,072 [INFO] ApiDbMcu:508 - Load IP Config File for TIM2
2026-08-18 17:53:45,086 [INFO] ApiDbMcu:508 - Load IP Config File for USART1
2026-08-18 17:53:45,100 [INFO] ApiDbMcu:508 - Load IP Config File for RCC
2026-08-18 17:53:45,105 [WARN] IPConfigManager:3747 - IP not found : TIM
2026-08-18 17:53:45,106 [WARN] CodeGenerator:4198 - IP not found : null
2026-08-18 17:53:45,115 [INFO] CodeEngine:263 - oldGeneratedFile, /home/thuy/embedded/project/Quadcopter-STM32F4/STM32-Fly_Controller/Core/Inc/main.h_save
2026-08-18 17:53:45,280 [INFO] CodeEngine:287 - Generated code: /home/thuy/embedded/project/Quadcopter-STM32F4/STM32-Fly_Controller/Core/Inc/main.h
2026-08-18 17:53:45,283 [INFO] CodeEngine:263 - oldGeneratedFile, /home/thuy/embedded/project/Quadcopter-STM32F4/STM32-Fly_Controller/Core/Src/main.c_save
2026-08-18 17:53:45,592 [INFO] CodeEngine:287 - Generated code: /home/thuy/embedded/project/Quadcopter-STM32F4/STM32-Fly_Controller/Core/Src/main.c
2026-08-18 17:53:45,962 [INFO] ProjectBuilder:3324 - Time for Copy HAL[1] : 67mS.
2026-08-18 17:53:45,969 [INFO] ProjectBuilder:4912 - Project Generator version: 4.6.0-B36
2026-08-18 17:53:46,170 [INFO] ConfigFileManager:1590 - The Die is : DIE431
2026-08-18 17:53:46,195 [INFO] ApiDbMcu:508 - Load IP Config File for FATFS
2026-08-18 17:53:46,240 [INFO] ApiDbMcu:508 - Load IP Config File for FREERTOS
2026-08-18 17:53:46,247 [INFO] ApiDbMcu:508 - Load IP Config File for LIBJPEG
2026-08-18 17:53:46,308 [INFO] ApiDbMcu:508 - Load IP Config File for MBEDTLS
2026-08-18 17:53:46,361 [INFO] ApiDbMcu:508 - Load IP Config File for USB_DEVICE
2026-08-18 17:53:46,377 [INFO] ApiDbMcu:508 - Load IP Config File for USB_HOST
2026-08-18 17:53:47,161 [INFO] LogOutputStream:77 - [STDOUT_REDIRECT] 
2026-08-18 17:53:48,556 [INFO] ProjectBuilder:5191 - Time for Generating toolchain IDE Files: 2587mS.
2026-08-18 17:53:48,557 [INFO] ProjectBuilder:3181 - Time for Copy CMSIS : 0mS.
2026-08-18 17:53:48,558 [INFO] ProjectBuilder:3181 - Time for Copy CMSIS : 0mS.
2026-08-18 17:54:12,043 [ERROR] LogOutputStream:75 - [STDERR_REDIRECT] Aug 18, 2026 5:54:12 PM java.util.prefs.FileSystemPreferences checkLockFile0ErrorCode
2026-08-18 17:54:12,043 [ERROR] LogOutputStream:75 - [STDERR_REDIRECT] WARNING: Could not lock System prefs. Unix error code 2.
2026-08-18 17:54:12,044 [ERROR] LogOutputStream:75 - [STDERR_REDIRECT] 
2026-08-18 17:54:12,044 [ERROR] LogOutputStream:75 - [STDERR_REDIRECT] Aug 18, 2026 5:54:12 PM java.util.prefs.FileSystemPreferences syncWorld
2026-08-18 17:54:12,044 [ERROR] LogOutputStream:75 - [STDERR_REDIRECT] WARNING: Couldn't flush system prefs: java.util.prefs.BackingStoreException: Couldn't get file lock.
2026-08-18 17:54:12,045 [ERROR] LogOutputStream:75 - [STDERR_REDIRECT] 
2026-08-18 17:54:42,037 [ERROR] LogOutputStream:75 - [STDERR_REDIRECT] Aug 18, 2026 5:54:42 PM java.util.prefs.FileSystemPreferences checkLockFile0ErrorCode
2026-08-18 17:54:42,038 [ERROR] LogOutputStream:75 - [STDERR_REDIRECT] WARNING: Could not lock System prefs. Unix error code 2.
2026-08-18 17:54:42,038 [ERROR] LogOutputStream:75 - [STDERR_REDIRECT] 
2026-08-18 17:54:42,039 [ERROR] LogOutputStream:75 - [STDERR_REDIRECT] Aug 18, 2026 5:54:42 PM java.util.prefs.FileSystemPreferences syncWorld
2026-08-18 17:54:42,039 [ERROR] LogOutputStream:75 - [STDERR_REDIRECT] WARNING: Couldn't flush system prefs: java.util.prefs.BackingStoreException: Couldn't get file lock.
2026-08-18 17:54:42,039 [ERROR] LogOutputStream:75 - [STDERR_REDIRECT] 
2026-08-18 17:55:12,038 [ERROR] LogOutputStream:75 - [STDERR_REDIRECT] Aug 18, 2026 5:55:12 PM java.util.prefs.FileSystemPreferences checkLockFile0ErrorCode
2026-08-18 17:55:12,038 [ERROR] LogOutputStream:75 - [STDERR_REDIRECT] WARNING: Could not lock System prefs. Unix error code 2.
2026-08-18 17:55:12,038 [ERROR] LogOutputStream:75 - [STDERR_REDIRECT] 
2026-08-18 17:55:12,039 [ERROR] LogOutputStream:75 - [STDERR_REDIRECT] Aug 18, 2026 5:55:12 PM java.util.prefs.FileSystemPreferences syncWorld
2026-08-18 17:55:12,039 [ERROR] LogOutputStream:75 - [STDERR_REDIRECT] WARNING: Couldn't flush system prefs: java.util.prefs.BackingStoreException: Couldn't get file lock.
2026-08-18 17:55:12,039 [ERROR] LogOutputStream:75 - [STDERR_REDIRECT] 
2026-08-18 17:55:42,038 [ERROR] LogOutputStream:75 - [STDERR_REDIRECT] Aug 18, 2026 5:55:42 PM java.util.prefs.FileSystemPreferences checkLockFile0ErrorCode
2026-08-18 17:55:42,039 [ERROR] LogOutputStream:75 - [STDERR_REDIRECT] WARNING: Could not lock System prefs. Unix error code 2.
2026-08-18 17:55:42,044 [ERROR] LogOutputStream:75 - [STDERR_REDIRECT] 
2026-08-18 17:55:42,045 [ERROR] LogOutputStream:75 - [STDERR_REDIRECT] Aug 18, 2026 5:55:42 PM java.util.prefs.FileSystemPreferences syncWorld
2026-08-18 17:55:42,045 [ERROR] LogOutputStream:75 - [STDERR_REDIRECT] WARNING: Couldn't flush system prefs: java.util.prefs.BackingStoreException: Couldn't get file lock.
2026-08-18 17:55:42,045 [ERROR] LogOutputStream:75 - [STDERR_REDIRECT] 
2026-08-18 17:56:12,039 [ERROR] LogOutputStream:75 - [STDERR_REDIRECT] Aug 18, 2026 5:56:12 PM java.util.prefs.FileSystemPreferences checkLockFile0ErrorCode
2026-08-18 17:56:12,040 [ERROR] LogOutputStream:75 - [STDERR_REDIRECT] WARNING: Could not lock System prefs. Unix error code 2.
2026-08-18 17:56:12,040 [ERROR] LogOutputStream:75 - [STDERR_REDIRECT] 
2026-08-18 17:56:12,040 [ERROR] LogOutputStream:75 - [STDERR_REDIRECT] Aug 18, 2026 5:56:12 PM java.util.prefs.FileSystemPreferences syncWorld
2026-08-18 17:56:12,040 [ERROR] LogOutputStream:75 - [STDERR_REDIRECT] WARNING: Couldn't flush system prefs: java.util.prefs.BackingStoreException: Couldn't get file lock.
2026-08-18 17:56:12,041 [ERROR] LogOutputStream:75 - [STDERR_REDIRECT] 
2026-08-18 17:56:42,038 [ERROR] LogOutputStream:75 - [STDERR_REDIRECT] Aug 18, 2026 5:56:42 PM java.util.prefs.FileSystemPreferences checkLockFile0ErrorCode
2026-08-18 17:56:42,039 [ERROR] LogOutputStream:75 - [STDERR_REDIRECT] WARNING: Could not lock System prefs. Unix error code 2.
2026-08-18 17:56:42,039 [ERROR] LogOutputStream:75 - [STDERR_REDIRECT] 
2026-08-18 17:56:42,040 [ERROR] LogOutputStream:75 - [STDERR_REDIRECT] Aug 18, 2026 5:56:42 PM java.util.prefs.FileSystemPreferences syncWorld
2026-08-18 17:56:42,040 [ERROR] LogOutputStream:75 - [STDERR_REDIRECT] WARNING: Couldn't flush system prefs: java.util.prefs.BackingStoreException: Couldn't get file lock.
2026-08-18 17:56:42,040 [ERROR] LogOutputStream:75 - [STDERR_REDIRECT] 
2026-08-18 17:57:12,038 [ERROR] LogOutputStream:75 - [STDERR_REDIRECT] Aug 18, 2026 5:57:12 PM java.util.prefs.FileSystemPreferences checkLockFile0ErrorCode
2026-08-18 17:57:12,039 [ERROR] LogOutputStream:75 - [STDERR_REDIRECT] WARNING: Could not lock System prefs. Unix error code 2.
2026-08-18 17:57:12,039 [ERROR] LogOutputStream:75 - [STDERR_REDIRECT] 
2026-08-18 17:57:12,040 [ERROR] LogOutputStream:75 - [STDERR_REDIRECT] Aug 18, 2026 5:57:12 PM java.util.prefs.FileSystemPreferences syncWorld
2026-08-18 17:57:12,040 [ERROR] LogOutputStream:75 - [STDERR_REDIRECT] WARNING: Couldn't flush system prefs: java.util.prefs.BackingStoreException: Couldn't get file lock.
2026-08-18 17:57:12,040 [ERROR] LogOutputStream:75 - [STDERR_REDIRECT] 
2026-08-18 17:57:42,039 [ERROR] LogOutputStream:75 - [STDERR_REDIRECT] Aug 18, 2026 5:57:42 PM java.util.prefs.FileSystemPreferences checkLockFile0ErrorCode
2026-08-18 17:57:42,039 [ERROR] LogOutputStream:75 - [STDERR_REDIRECT] WARNING: Could not lock System prefs. Unix error code 2.
2026-08-18 17:57:42,040 [ERROR] LogOutputStream:75 - [STDERR_REDIRECT] 
2026-08-18 17:57:42,040 [ERROR] LogOutputStream:75 - [STDERR_REDIRECT] Aug 18, 2026 5:57:42 PM java.util.prefs.FileSystemPreferences syncWorld
2026-08-18 17:57:42,040 [ERROR] LogOutputStream:75 - [STDERR_REDIRECT] WARNING: Couldn't flush system prefs: java.util.prefs.BackingStoreException: Couldn't get file lock.
2026-08-18 17:57:42,041 [ERROR] LogOutputStream:75 - [STDERR_REDIRECT] 
2026-08-18 17:58:12,039 [ERROR] LogOutputStream:75 - [STDERR_REDIRECT] Aug 18, 2026 5:58:12 PM java.util.prefs.FileSystemPreferences checkLockFile0ErrorCode
2026-08-18 17:58:12,039 [ERROR] LogOutputStream:75 - [STDERR_REDIRECT] WARNING: Could not lock System prefs. Unix error code 2.
2026-08-18 17:58:12,039 [ERROR] LogOutputStream:75 - [STDERR_REDIRECT] 
2026-08-18 17:58:12,040 [ERROR] LogOutputStream:75 - [STDERR_REDIRECT] Aug 18, 2026 5:58:12 PM java.util.prefs.FileSystemPreferences syncWorld
2026-08-18 17:58:12,040 [ERROR] LogOutputStream:75 - [STDERR_REDIRECT] WARNING: Couldn't flush system prefs: java.util.prefs.BackingStoreException: Couldn't get file lock.
2026-08-18 17:58:12,041 [ERROR] LogOutputStream:75 - [STDERR_REDIRECT] 
2026-08-18 17:58:42,038 [ERROR] LogOutputStream:75 - [STDERR_REDIRECT] Aug 18, 2026 5:58:42 PM java.util.prefs.FileSystemPreferences checkLockFile0ErrorCode
2026-08-18 17:58:42,038 [ERROR] LogOutputStream:75 - [STDERR_REDIRECT] WARNING: Could not lock System prefs. Unix error code 2.
2026-08-18 17:58:42,038 [ERROR] LogOutputStream:75 - [STDERR_REDIRECT] 
2026-08-18 17:58:42,039 [ERROR] LogOutputStream:75 - [STDERR_REDIRECT] Aug 18, 2026 5:58:42 PM java.util.prefs.FileSystemPreferences syncWorld
2026-08-18 17:58:42,039 [ERROR] LogOutputStream:75 - [STDERR_REDIRECT] WARNING: Couldn't flush system prefs: java.util.prefs.BackingStoreException: Couldn't get file lock.
2026-08-18 17:58:42,039 [ERROR] LogOutputStream:75 - [STDERR_REDIRECT] 
2026-08-18 17:59:12,038 [ERROR] LogOutputStream:75 - [STDERR_REDIRECT] Aug 18, 2026 5:59:12 PM java.util.prefs.FileSystemPreferences checkLockFile0ErrorCode
2026-08-18 17:59:12,039 [ERROR] LogOutputStream:75 - [STDERR_REDIRECT] WARNING: Could not lock System prefs. Unix error code 2.
2026-08-18 17:59:12,039 [ERROR] LogOutputStream:75 - [STDERR_REDIRECT] 
2026-08-18 17:59:12,039 [ERROR] LogOutputStream:75 - [STDERR_REDIRECT] Aug 18, 2026 5:59:12 PM java.util.prefs.FileSystemPreferences syncWorld
2026-08-18 17:59:12,040 [ERROR] LogOutputStream:75 - [STDERR_REDIRECT] WARNING: Couldn't flush system prefs: java.util.prefs.BackingStoreException: Couldn't get file lock.
2026-08-18 17:59:12,040 [ERROR] LogOutputStream:75 - [STDERR_REDIRECT] 
2026-08-18 17:59:42,038 [ERROR] LogOutputStream:75 - [STDERR_REDIRECT] Aug 18, 2026 5:59:42 PM java.util.prefs.FileSystemPreferences checkLockFile0ErrorCode
2026-08-18 17:59:42,038 [ERROR] LogOutputStream:75 - [STDERR_REDIRECT] WARNING: Could not lock System prefs. Unix error code 2.
2026-08-18 17:59:42,038 [ERROR] LogOutputStream:75 - [STDERR_REDIRECT] 
2026-08-18 17:59:42,039 [ERROR] LogOutputStream:75 - [STDERR_REDIRECT] Aug 18, 2026 5:59:42 PM java.util.prefs.FileSystemPreferences syncWorld
2026-08-18 17:59:42,039 [ERROR] LogOutputStream:75 - [STDERR_REDIRECT] WARNING: Couldn't flush system prefs: java.util.prefs.BackingStoreException: Couldn't get file lock.
2026-08-18 17:59:42,039 [ERROR] LogOutputStream:75 - [STDERR_REDIRECT] 
2026-08-18 18:00:12,039 [ERROR] LogOutputStream:75 - [STDERR_REDIRECT] Aug 18, 2026 6:00:12 PM java.util.prefs.FileSystemPreferences checkLockFile0ErrorCode
2026-08-18 18:00:12,039 [ERROR] LogOutputStream:75 - [STDERR_REDIRECT] WARNING: Could not lock System prefs. Unix error code 2.
2026-08-18 18:00:12,040 [ERROR] LogOutputStream:75 - [STDERR_REDIRECT] 
2026-08-18 18:00:12,040 [ERROR] LogOutputStream:75 - [STDERR_REDIRECT] Aug 18, 2026 6:00:12 PM java.util.prefs.FileSystemPreferences syncWorld
2026-08-18 18:00:12,040 [ERROR] LogOutputStream:75 - [STDERR_REDIRECT] WARNING: Couldn't flush system prefs: java.util.prefs.BackingStoreException: Couldn't get file lock.
2026-08-18 18:00:12,041 [ERROR] LogOutputStream:75 - [STDERR_REDIRECT] 
2026-08-18 18:00:42,039 [ERROR] LogOutputStream:75 - [STDERR_REDIRECT] Aug 18, 2026 6:00:42 PM java.util.prefs.FileSystemPreferences checkLockFile0ErrorCode
2026-08-18 18:00:42,040 [ERROR] LogOutputStream:75 - [STDERR_REDIRECT] WARNING: Could not lock System prefs. Unix error code 2.
2026-08-18 18:00:42,040 [ERROR] LogOutputStream:75 - [STDERR_REDIRECT] 
2026-08-18 18:00:42,041 [ERROR] LogOutputStream:75 - [STDERR_REDIRECT] Aug 18, 2026 6:00:42 PM java.util.prefs.FileSystemPreferences syncWorld
2026-08-18 18:00:42,041 [ERROR] LogOutputStream:75 - [STDERR_REDIRECT] WARNING: Couldn't flush system prefs: java.util.prefs.BackingStoreException: Couldn't get file lock.
2026-08-18 18:00:42,041 [ERROR] LogOutputStream:75 - [STDERR_REDIRECT] 
2026-08-18 18:01:12,041 [ERROR] LogOutputStream:75 - [STDERR_REDIRECT] Aug 18, 2026 6:01:12 PM java.util.prefs.FileSystemPreferences checkLockFile0ErrorCode
2026-08-18 18:01:12,041 [ERROR] LogOutputStream:75 - [STDERR_REDIRECT] WARNING: Could not lock System prefs. Unix error code 2.
2026-08-18 18:01:12,041 [ERROR] LogOutputStream:75 - [STDERR_REDIRECT] 
2026-08-18 18:01:12,042 [ERROR] LogOutputStream:75 - [STDERR_REDIRECT] Aug 18, 2026 6:01:12 PM java.util.prefs.FileSystemPreferences syncWorld
2026-08-18 18:01:12,042 [ERROR] LogOutputStream:75 - [STDERR_REDIRECT] WARNING: Couldn't flush system prefs: java.util.prefs.BackingStoreException: Couldn't get file lock.
2026-08-18 18:01:12,042 [ERROR] LogOutputStream:75 - [STDERR_REDIRECT] 
2026-08-18 18:01:42,040 [ERROR] LogOutputStream:75 - [STDERR_REDIRECT] Aug 18, 2026 6:01:42 PM java.util.prefs.FileSystemPreferences checkLockFile0ErrorCode
2026-08-18 18:01:42,040 [ERROR] LogOutputStream:75 - [STDERR_REDIRECT] WARNING: Could not lock System prefs. Unix error code 2.
2026-08-18 18:01:42,040 [ERROR] LogOutputStream:75 - [STDERR_REDIRECT] 
2026-08-18 18:01:42,041 [ERROR] LogOutputStream:75 - [STDERR_REDIRECT] Aug 18, 2026 6:01:42 PM java.util.prefs.FileSystemPreferences syncWorld
2026-08-18 18:01:42,041 [ERROR] LogOutputStream:75 - [STDERR_REDIRECT] WARNING: Couldn't flush system prefs: java.util.prefs.BackingStoreException: Couldn't get file lock.
2026-08-18 18:01:42,041 [ERROR] LogOutputStream:75 - [STDERR_REDIRECT] 
2026-08-18 18:02:12,040 [ERROR] LogOutputStream:75 - [STDERR_REDIRECT] Aug 18, 2026 6:02:12 PM java.util.prefs.FileSystemPreferences checkLockFile0ErrorCode
2026-08-18 18:02:12,041 [ERROR] LogOutputStream:75 - [STDERR_REDIRECT] WARNING: Could not lock System prefs. Unix error code 2.
2026-08-18 18:02:12,041 [ERROR] LogOutputStream:75 - [STDERR_REDIRECT] 
2026-08-18 18:02:12,042 [ERROR] LogOutputStream:75 - [STDERR_REDIRECT] Aug 18, 2026 6:02:12 PM java.util.prefs.FileSystemPreferences syncWorld
2026-08-18 18:02:12,042 [ERROR] LogOutputStream:75 - [STDERR_REDIRECT] WARNING: Couldn't flush system prefs: java.util.prefs.BackingStoreException: Couldn't get file lock.
2026-08-18 18:02:12,042 [ERROR] LogOutputStream:75 - [STDERR_REDIRECT] 
2026-08-18 18:02:24,319 [INFO] MainUpdater:2872 - connection check result : 10
2026-08-18 18:02:24,320 [INFO] MainUpdater:2872 - connection check result : 10
2026-08-18 18:02:24,416 [INFO] MicroXplorer:468 - Change Database Path : 
2026-08-18 18:02:24,417 [INFO] MicroXplorer:498 - Change Database Version : DB.6.0.140
2026-08-18 18:02:24,457 [ERROR] ProjectManagerView:394 - 
java.lang.NullPointerException: Cannot invoke "javax.swing.JTextField.getText()" because the return value of "java.util.List.get(int)" is null
	at com.st.microxplorer.plugins.projectmanager.gui.ProjectChoiceTab$9.caretUpdate(ProjectChoiceTab.java:2678) ~[filemanager.jar:?]
	at javax.swing.text.JTextComponent.fireCaretUpdate(JTextComponent.java:408) ~[?:?]
	at javax.swing.text.JTextComponent$MutableCaretEvent.fire(JTextComponent.java:4484) ~[?:?]
	at javax.swing.text.JTextComponent$MutableCaretEvent.stateChanged(JTextComponent.java:4506) ~[?:?]
	at javax.swing.text.DefaultCaret.fireStateChanged(DefaultCaret.java:857) ~[?:?]
	at javax.swing.text.DefaultCaret.changeCaretPosition(DefaultCaret.java:1343) ~[?:?]
	at javax.swing.text.DefaultCaret.handleSetDot(DefaultCaret.java:1242) ~[?:?]
	at javax.swing.text.DefaultCaret.setDot(DefaultCaret.java:1223) ~[?:?]
	at javax.swing.text.DefaultCaret$Handler.insertUpdate(DefaultCaret.java:1819) ~[?:?]
	at javax.swing.text.AbstractDocument.fireInsertUpdate(AbstractDocument.java:227) ~[?:?]
	at javax.swing.text.AbstractDocument.handleInsertString(AbstractDocument.java:781) ~[?:?]
	at javax.swing.text.AbstractDocument.insertString(AbstractDocument.java:740) ~[?:?]
	at javax.swing.text.PlainDocument.insertString(PlainDocument.java:131) ~[?:?]
	at javax.swing.text.AbstractDocument.replace(AbstractDocument.java:699) ~[?:?]
	at javax.swing.text.JTextComponent.setText(JTextComponent.java:1725) ~[?:?]
	at com.st.microxplorer.plugins.projectmanager.gui.ProjectChoiceTab.createHeapStackFields(ProjectChoiceTab.java:979) ~[filemanager.jar:?]
	at com.st.microxplorer.plugins.projectmanager.gui.ProjectChoiceTab.buildLinkSettingsPanel(ProjectChoiceTab.java:3766) ~[filemanager.jar:?]
	at com.st.microxplorer.plugins.projectmanager.gui.ProjectChoiceTab.defineWindowsFields(ProjectChoiceTab.java:1962) ~[filemanager.jar:?]
	at com.st.microxplorer.plugins.projectmanager.gui.ProjectChoiceTab.updateSettings(ProjectChoiceTab.java:555) ~[filemanager.jar:?]
	at com.st.microxplorer.plugins.projectmanager.gui.ProjectSettingsPanel.UpdateDialog(ProjectSettingsPanel.java:245) ~[filemanager.jar:?]
	at com.st.microxplorer.plugins.projectmanager.ProjectManagerView.propertyChange(ProjectManagerView.java:391) ~[filemanager.jar:?]
	at java.beans.PropertyChangeSupport.fire(PropertyChangeSupport.java:343) ~[?:?]
	at java.beans.PropertyChangeSupport.firePropertyChange(PropertyChangeSupport.java:335) ~[?:?]
	at java.beans.PropertyChangeSupport.firePropertyChange(PropertyChangeSupport.java:268) ~[?:?]
	at com.st.microxplorer.util.MXPropertyChangeSupport.firePropertyChange(MXPropertyChangeSupport.java:54) ~[STM32CubeMX.jar:?]
	at com.st.microxplorer.mxsystem.MxSystem.closeConfig(MxSystem.java:899) ~[STM32CubeMX.jar:?]
	at com.st.microxplorer.maingui.MainPanel.closeConfig(MainPanel.java:789) ~[STM32CubeMX.jar:?]
	at com.st.microxplorer.plugins.filemanager.engine.OpenFileManager.loadConfigurationFile(OpenFileManager.java:287) ~[filemanager.jar:?]
	at com.st.microxplorer.plugins.filemanager.engine.MainFileManager.userLoadConfig(MainFileManager.java:341) ~[filemanager.jar:?]
	at com.st.microxplorer.plugins.filemanager.engine.MainFileManager.userLoadConfig(MainFileManager.java:319) ~[filemanager.jar:?]
	at com.st.microxplorer.plugins.filemanager.FileManagerView.getSpecificTask(FileManagerView.java:246) ~[filemanager.jar:?]
	at com.st.stm32cube.common.mx.editor.CubeMxEditor.getMxTabbedPaneInstance(CubeMxEditor.java:1198) ~[com.st.stm32cube.common.mx_6.14.0.202502271554/:?]
	at com.st.stm32cube.common.mx.editor.CubeMxEditor$12$1.createSwingComponent(CubeMxEditor.java:1068) ~[com.st.stm32cube.common.mx_6.14.0.202502271554/:?]
	at com.st.stm32cube.common.mx.oss.core.awtswtbridge.EmbeddedSwingComposite.doComponentCreation(EmbeddedSwingComposite.java:492) ~[com.st.stm32cube.common.mx.oss_6.14.0.202502271554/:?]
	at com.st.stm32cube.common.mx.oss.core.awtswtbridge.EmbeddedSwingComposite$4.run(EmbeddedSwingComposite.java:291) ~[com.st.stm32cube.common.mx.oss_6.14.0.202502271554/:?]
	at com.st.stm32cube.common.mx.oss.core.awtswtbridge.AwtEnvironment$2.run(AwtEnvironment.java:166) ~[com.st.stm32cube.common.mx.oss_6.14.0.202502271554/:?]
	at java.awt.event.InvocationEvent.dispatch(InvocationEvent.java:318) ~[?:?]
	at java.awt.EventQueue.dispatchEventImpl(EventQueue.java:773) ~[?:?]
	at java.awt.EventQueue$4.run(EventQueue.java:720) ~[?:?]
	at java.awt.EventQueue$4.run(EventQueue.java:714) ~[?:?]
	at java.security.AccessController.doPrivileged(AccessController.java:400) ~[?:?]
	at java.security.ProtectionDomain$JavaSecurityAccessImpl.doIntersectionPrivilege(ProtectionDomain.java:87) ~[?:?]
	at java.awt.EventQueue.dispatchEvent(EventQueue.java:742) ~[?:?]
	at java.awt.EventDispatchThread.pumpOneEventForFilters(EventDispatchThread.java:203) ~[?:?]
	at java.awt.EventDispatchThread.pumpEventsForFilter(EventDispatchThread.java:124) ~[?:?]
	at java.awt.EventDispatchThread.pumpEventsForHierarchy(EventDispatchThread.java:113) ~[?:?]
	at java.awt.EventDispatchThread.pumpEvents(EventDispatchThread.java:109) ~[?:?]
	at java.awt.EventDispatchThread.pumpEvents(EventDispatchThread.java:101) ~[?:?]
	at java.awt.EventDispatchThread.run(EventDispatchThread.java:90) ~[?:?]
2026-08-18 18:02:24,459 [WARN] ThirdParty:871 - waiting for thirdparty lock release [close project]
2026-08-18 18:02:24,459 [INFO] ThirdParty:873 - entering critical section [close project]
2026-08-18 18:02:24,460 [INFO] ThirdParty:883 - exiting critical section [close project]
2026-08-18 18:02:24,462 [INFO] PinOutPanel:1589 - setPackage(No Configuration,No Configuration)
2026-08-18 18:02:24,474 [WARN] IpParametersView:155 - Warning: This peripheral hasn't parameters
2026-08-18 18:02:24,485 [WARN] MainPanel:289 - <html><b><center>Warning: This peripheral has no parameters to be configured<br></b></html>
2026-08-18 18:02:24,489 [INFO] UtilMem:75 - Begin LoadConfig() Used Memory: 676974336 Bytes (1073741824)
2026-08-18 18:02:24,490 [INFO] MicroXplorer:468 - Change Database Path : 
2026-08-18 18:02:24,490 [INFO] MicroXplorer:498 - Change Database Version : DB.6.0.140
2026-08-18 18:02:24,490 [INFO] OpenFileManager:354 - Change cursor
2026-08-18 18:02:24,562 [INFO] RulesReader:64 - Compatibility file has been processed (301 Rules)
2026-08-18 18:02:24,574 [INFO] Mcu:2011 - Initializing MCU STM32F411C(C-E)Ux STM32F411CEUx STM32F411CEU6
2026-08-18 18:02:26,095 [INFO] Context:756 - Trying to add GPIOservice into a context  which must be forbidden
2026-08-18 18:02:26,858 [INFO] ImportTextPane:218 - (OptionalMessage_ERROR) Pin23 (VP_RIF_VS_RIF1) cannot be retrieved for this MCU
2026-08-18 18:02:26,926 [INFO] RtosManager:558 - Registered RTOS mode: class=CMSIS, group=RTOS, mode=CMSIS_V1, owner=FREERTOS
2026-08-18 18:02:26,927 [INFO] RtosManager:558 - Registered RTOS mode: class=CMSIS, group=RTOS2, mode=CMSIS_V2, owner=FREERTOS
2026-08-18 18:02:26,927 [INFO] RtosManager:558 - Registered RTOS mode: class=RTOS, group=Core, mode=CMSIS_V1, owner=FREERTOS
2026-08-18 18:02:26,927 [INFO] RtosManager:558 - Registered RTOS mode: class=RTOS, group=Core, mode=CMSIS_V2, owner=FREERTOS
2026-08-18 18:02:26,927 [WARN] ModelIntegratedComponent:184 - Missing modes for component STMicroelectronics:FreeRTOS:0.0.1:STMicroelectronics:RTOS:FreeRTOS:Core:::10.2.0:
2026-08-18 18:02:27,413 [WARN] ModelIntegratedComponent:182 - Modes not found for component STMicroelectronics:USB_HOST:1.0.0:STMicroelectronics:USB::USB Host:Audio HS::1.0:USB_HOST_1_0_RESTRICTED_HS
2026-08-18 18:02:27,413 [WARN] ModelIntegratedComponent:188 - Modes not found for component STMicroelectronics:USB_HOST:1.0.0:STMicroelectronics:USB::USB Host:Audio HS::1.0:USB_HOST_1_0_RESTRICTED_HS
2026-08-18 18:02:27,413 [WARN] ModelIntegratedComponent:182 - Modes not found for component STMicroelectronics:USB_HOST:1.0.0:STMicroelectronics:USB::USB Host:CDC HS::1.0:USB_HOST_1_0_RESTRICTED_HS
2026-08-18 18:02:27,414 [WARN] ModelIntegratedComponent:188 - Modes not found for component STMicroelectronics:USB_HOST:1.0.0:STMicroelectronics:USB::USB Host:CDC HS::1.0:USB_HOST_1_0_RESTRICTED_HS
2026-08-18 18:02:27,414 [WARN] ModelIntegratedComponent:182 - Modes not found for component STMicroelectronics:USB_HOST:1.0.0:STMicroelectronics:USB::USB Host:MSC HS::1.0:USB_HOST_1_0_RESTRICTED_HS
2026-08-18 18:02:27,414 [WARN] ModelIntegratedComponent:188 - Modes not found for component STMicroelectronics:USB_HOST:1.0.0:STMicroelectronics:USB::USB Host:MSC HS::1.0:USB_HOST_1_0_RESTRICTED_HS
2026-08-18 18:02:27,414 [WARN] ModelIntegratedComponent:182 - Modes not found for component STMicroelectronics:USB_HOST:1.0.0:STMicroelectronics:USB::USB Host:HID HS::1.0:USB_HOST_1_0_RESTRICTED_HS
2026-08-18 18:02:27,414 [WARN] ModelIntegratedComponent:188 - Modes not found for component STMicroelectronics:USB_HOST:1.0.0:STMicroelectronics:USB::USB Host:HID HS::1.0:USB_HOST_1_0_RESTRICTED_HS
2026-08-18 18:02:27,414 [WARN] ModelIntegratedComponent:182 - Modes not found for component STMicroelectronics:USB_HOST:1.0.0:STMicroelectronics:USB::USB Host:MTP HS::1.0:USB_HOST_1_0_RESTRICTED_HS
2026-08-18 18:02:27,414 [WARN] ModelIntegratedComponent:188 - Modes not found for component STMicroelectronics:USB_HOST:1.0.0:STMicroelectronics:USB::USB Host:MTP HS::1.0:USB_HOST_1_0_RESTRICTED_HS
2026-08-18 18:02:27,423 [WARN] ModelIntegratedComponent:63 - No mode defined for component null
2026-08-18 18:02:27,423 [WARN] ModelIntegratedComponent:63 - No mode defined for component null
2026-08-18 18:02:27,423 [WARN] ModelIntegratedComponent:63 - No mode defined for component null
2026-08-18 18:02:27,424 [WARN] ModelIntegratedComponent:63 - No mode defined for component null
2026-08-18 18:02:27,424 [WARN] ModelIntegratedComponent:63 - No mode defined for component null
2026-08-18 18:02:27,424 [WARN] ModelIntegratedComponent:63 - No mode defined for component null
2026-08-18 18:02:27,424 [WARN] ModelIntegratedComponent:63 - No mode defined for component null
2026-08-18 18:02:27,424 [WARN] ModelIntegratedComponent:63 - No mode defined for component null
2026-08-18 18:02:27,424 [WARN] ModelIntegratedComponent:63 - No mode defined for component null
2026-08-18 18:02:27,424 [WARN] ModelIntegratedComponent:63 - No mode defined for component null
2026-08-18 18:02:27,424 [WARN] ModelIntegratedComponent:63 - No mode defined for component null
2026-08-18 18:02:27,425 [WARN] ModelIntegratedComponent:63 - No mode defined for component null
2026-08-18 18:02:27,425 [WARN] ModelIntegratedComponent:63 - No mode defined for component null
2026-08-18 18:02:27,425 [WARN] ModelIntegratedComponent:63 - No mode defined for component null
2026-08-18 18:02:27,425 [WARN] ModelIntegratedComponent:63 - No mode defined for component null
2026-08-18 18:02:27,425 [WARN] ModelIntegratedComponent:63 - No mode defined for component null
2026-08-18 18:02:27,425 [WARN] ModelIntegratedComponent:63 - No mode defined for component null
2026-08-18 18:02:27,425 [WARN] ModelIntegratedComponent:63 - No mode defined for component null
2026-08-18 18:02:27,425 [WARN] ModelIntegratedComponent:63 - No mode defined for component null
2026-08-18 18:02:27,425 [WARN] ModelIntegratedComponent:63 - No mode defined for component null
2026-08-18 18:02:27,426 [WARN] ModelIntegratedComponent:63 - No mode defined for component null
2026-08-18 18:02:27,426 [WARN] ModelIntegratedComponent:63 - No mode defined for component null
2026-08-18 18:02:27,426 [WARN] ModelIntegratedComponent:63 - No mode defined for component null
2026-08-18 18:02:27,426 [WARN] ModelIntegratedComponent:63 - No mode defined for component null
2026-08-18 18:02:27,426 [WARN] ModelIntegratedComponent:63 - No mode defined for component null
2026-08-18 18:02:27,426 [WARN] ModelIntegratedComponent:63 - No mode defined for component null
2026-08-18 18:02:27,426 [WARN] ModelIntegratedComponent:63 - No mode defined for component null
2026-08-18 18:02:27,426 [WARN] ModelIntegratedComponent:63 - No mode defined for component null
2026-08-18 18:02:27,426 [WARN] ModelIntegratedComponent:63 - No mode defined for component null
2026-08-18 18:02:27,427 [WARN] ModelIntegratedComponent:63 - No mode defined for component null
2026-08-18 18:02:27,427 [WARN] ModelIntegratedComponent:63 - No mode defined for component null
2026-08-18 18:02:27,427 [WARN] ModelIntegratedComponent:63 - No mode defined for component null
2026-08-18 18:02:27,427 [WARN] ModelIntegratedComponent:63 - No mode defined for component null
2026-08-18 18:02:27,427 [WARN] ModelIntegratedComponent:63 - No mode defined for component null
2026-08-18 18:02:27,427 [WARN] ModelIntegratedComponent:63 - No mode defined for component null
2026-08-18 18:02:27,427 [WARN] ModelPack:524 - Component already loaded: STMicroelectronics:HAL Drivers:0.0.0:STMicroelectronics:Device:STMicro_Driver:XSPI:HAL::0.0.1:HAL_XSPI
2026-08-18 18:02:27,571 [WARN] ModelIntegratedComponent:182 - Modes not found for component STMicroelectronics:USB_DEVICE:1.0.0:STMicroelectronics:USB::USB Device:Audio HS::1.0:USB_DEVICE_1_0_RESTRICTED_HS
2026-08-18 18:02:27,571 [WARN] ModelIntegratedComponent:188 - Modes not found for component STMicroelectronics:USB_DEVICE:1.0.0:STMicroelectronics:USB::USB Device:Audio HS::1.0:USB_DEVICE_1_0_RESTRICTED_HS
2026-08-18 18:02:27,572 [WARN] ModelIntegratedComponent:182 - Modes not found for component STMicroelectronics:USB_DEVICE:1.0.0:STMicroelectronics:USB::USB Device:CDC HS::1.0:USB_DEVICE_1_0_RESTRICTED_HS
2026-08-18 18:02:27,572 [WARN] ModelIntegratedComponent:188 - Modes not found for component STMicroelectronics:USB_DEVICE:1.0.0:STMicroelectronics:USB::USB Device:CDC HS::1.0:USB_DEVICE_1_0_RESTRICTED_HS
2026-08-18 18:02:27,572 [WARN] ModelIntegratedComponent:182 - Modes not found for component STMicroelectronics:USB_DEVICE:1.0.0:STMicroelectronics:USB::USB Device:DFU HS::1.0:USB_DEVICE_1_0_RESTRICTED_HS
2026-08-18 18:02:27,572 [WARN] ModelIntegratedComponent:188 - Modes not found for component STMicroelectronics:USB_DEVICE:1.0.0:STMicroelectronics:USB::USB Device:DFU HS::1.0:USB_DEVICE_1_0_RESTRICTED_HS
2026-08-18 18:02:27,572 [WARN] ModelIntegratedComponent:182 - Modes not found for component STMicroelectronics:USB_DEVICE:1.0.0:STMicroelectronics:USB::USB Device:HID HS::1.0:USB_DEVICE_1_0_RESTRICTED_HS
2026-08-18 18:02:27,572 [WARN] ModelIntegratedComponent:188 - Modes not found for component STMicroelectronics:USB_DEVICE:1.0.0:STMicroelectronics:USB::USB Device:HID HS::1.0:USB_DEVICE_1_0_RESTRICTED_HS
2026-08-18 18:02:27,572 [WARN] ModelIntegratedComponent:182 - Modes not found for component STMicroelectronics:USB_DEVICE:1.0.0:STMicroelectronics:USB::USB Device:Custom HID HS::1.0:USB_DEVICE_1_0_RESTRICTED_HS
2026-08-18 18:02:27,572 [WARN] ModelIntegratedComponent:188 - Modes not found for component STMicroelectronics:USB_DEVICE:1.0.0:STMicroelectronics:USB::USB Device:Custom HID HS::1.0:USB_DEVICE_1_0_RESTRICTED_HS
2026-08-18 18:02:27,572 [WARN] ModelIntegratedComponent:182 - Modes not found for component STMicroelectronics:USB_DEVICE:1.0.0:STMicroelectronics:USB::USB Device:MSC HS::1.0:USB_DEVICE_1_0_RESTRICTED_HS
2026-08-18 18:02:27,572 [WARN] ModelIntegratedComponent:188 - Modes not found for component STMicroelectronics:USB_DEVICE:1.0.0:STMicroelectronics:USB::USB Device:MSC HS::1.0:USB_DEVICE_1_0_RESTRICTED_HS
2026-08-18 18:02:27,608 [INFO] ThirdPartyModel:298 - Start build external matchings
2026-08-18 18:02:28,252 [INFO] ThirdPartyModel:316 - End build external matchings
2026-08-18 18:02:28,285 [INFO] ImportTextPane:218 - (OptionalMessage_ERROR) IP (DMA) : Parameter (Instance) has Id (SPI1_RX) currently not set
2026-08-18 18:02:28,285 [INFO] ImportTextPane:218 - (OptionalMessage_ERROR) IP (DMA) : Parameter (Channel) has Id (SPI1_RX) currently not set
2026-08-18 18:02:28,285 [INFO] ImportTextPane:218 - (OptionalMessage_ERROR) IP (DMA) : Parameter (Direction) has Id (SPI1_RX) currently not set
2026-08-18 18:02:28,286 [INFO] ImportTextPane:218 - (OptionalMessage_ERROR) IP (DMA) : Parameter (PeriphInc) has Id (SPI1_RX) currently not set
2026-08-18 18:02:28,286 [INFO] ImportTextPane:218 - (OptionalMessage_ERROR) IP (DMA) : Parameter (MemInc) has Id (SPI1_RX) currently not set
2026-08-18 18:02:28,286 [INFO] ImportTextPane:218 - (OptionalMessage_ERROR) IP (DMA) : Parameter (PeriphDataAlignment) has Id (SPI1_RX) currently not set
2026-08-18 18:02:28,286 [INFO] ImportTextPane:218 - (OptionalMessage_ERROR) IP (DMA) : Parameter (MemDataAlignment) has Id (SPI1_RX) currently not set
2026-08-18 18:02:28,287 [INFO] ImportTextPane:218 - (OptionalMessage_ERROR) IP (DMA) : Parameter (Mode) has Id (SPI1_RX) currently not set
2026-08-18 18:02:28,287 [INFO] ImportTextPane:218 - (OptionalMessage_ERROR) IP (DMA) : Parameter (Priority) has Id (SPI1_RX) currently not set
2026-08-18 18:02:28,287 [INFO] ImportTextPane:218 - (OptionalMessage_ERROR) IP (DMA) : Parameter (FIFOMode) has Id (SPI1_RX) currently not set
2026-08-18 18:02:28,288 [WARN] IP:2250 - I2C_Coeff_DF not found: check if there is a RefParameter without a condition.
2026-08-18 18:02:28,288 [WARN] IP:2250 - Analog_Filter not found: check if there is a RefParameter without a condition.
2026-08-18 18:02:28,289 [INFO] ImportTextPane:218 - (OptionalMessage_ERROR) IP (RCC) : Parameter (48MHZClocksFreq_Value) has invalid value (50000000)
2026-08-18 18:02:28,290 [INFO] ImportTextPane:218 - (OptionalMessage_ERROR) IP (RCC) : Parameter (RTCHSEDivFreq_Value) has invalid value (12500000)
2026-08-18 18:02:28,509 [INFO] UtilMem:75 - End LoadConfig() Used Memory: 792453848 Bytes (1073741824)
2026-08-18 18:02:28,522 [WARN] ThirdParty:833 - waiting for thirdparty lock release [change project]
2026-08-18 18:02:28,523 [INFO] ThirdParty:835 - entering critical section [change project]
2026-08-18 18:02:28,523 [INFO] ThirdParty:1030 - CMSIS Pack Vendor :STMicroelectronics X-CUBE-AZRTOS-H7 3.5.0
2026-08-18 18:02:28,523 [INFO] ThirdParty:1030 - CMSIS Pack Vendor :STMicroelectronics X-CUBE-PM33A1 1.0.0
2026-08-18 18:02:28,523 [INFO] ThirdParty:1030 - CMSIS Pack Vendor :STMicroelectronics USBPD 4.1
2026-08-18 18:02:28,524 [INFO] ThirdParty:1030 - CMSIS Pack Vendor :STMicroelectronics X-CUBE-NFC9 1.0.0
2026-08-18 18:02:28,524 [INFO] ThirdParty:1030 - CMSIS Pack Vendor :STMicroelectronics USB_HOST 2.0.0
2026-08-18 18:02:28,524 [INFO] ThirdParty:1030 - CMSIS Pack Vendor :STMicroelectronics FP-ATR-ASTRA1 2.0.3
2026-08-18 18:02:28,524 [INFO] ThirdParty:1030 - CMSIS Pack Vendor :STMicroelectronics X-CUBE-AZRTOS-F4 1.1.0
2026-08-18 18:02:28,525 [INFO] ThirdParty:1030 - CMSIS Pack Vendor :STMicroelectronics LIBJPEG 8.0.0
2026-08-18 18:02:28,525 [INFO] ThirdParty:1030 - CMSIS Pack Vendor :STMicroelectronics FP-ATR-ASTRA1 2.0.2
2026-08-18 18:02:28,525 [INFO] ThirdParty:1030 - CMSIS Pack Vendor :STMicroelectronics X-CUBE-BLE1 7.1.0
2026-08-18 18:02:28,525 [INFO] ThirdParty:1030 - CMSIS Pack Vendor :wolfSSL I-CUBE-wolfMQTT 1.19.2
2026-08-18 18:02:28,525 [INFO] ThirdParty:1030 - CMSIS Pack Vendor :STMicroelectronics USB_DEVICE 3.0.0
2026-08-18 18:02:28,525 [INFO] ThirdParty:1030 - CMSIS Pack Vendor :STMicroelectronics X-CUBE-ISPU 2.1.0
2026-08-18 18:02:28,526 [INFO] ThirdParty:1030 - CMSIS Pack Vendor :STMicroelectronics X-CUBE-EEPRMA1 5.2.0
2026-08-18 18:02:28,528 [INFO] ThirdParty:1030 - CMSIS Pack Vendor :STMicroelectronics eDS-WB_DPC_TT-BIDIR 2.1.1
2026-08-18 18:02:28,529 [INFO] ThirdParty:1030 - CMSIS Pack Vendor :STMicroelectronics X-CUBE-AZRTOS-WB 2.0.0
2026-08-18 18:02:28,529 [INFO] ThirdParty:1030 - CMSIS Pack Vendor :STMicroelectronics X-CUBE-NFC12 1.0.0
2026-08-18 18:02:28,529 [INFO] ThirdParty:1030 - CMSIS Pack Vendor :STMicroelectronics X-CUBE-AZRTOS-F7 1.1.0
2026-08-18 18:02:28,529 [INFO] ThirdParty:1030 - CMSIS Pack Vendor :STMicroelectronics X-CUBE-AZRTOS-L5 2.0.0
2026-08-18 18:02:28,529 [INFO] ThirdParty:1030 - CMSIS Pack Vendor :STMicroelectronics USB_DEVICE 2.0.0
2026-08-18 18:02:28,530 [INFO] ThirdParty:1030 - CMSIS Pack Vendor :quantropi X-CUBE-qispace-sdk-base 2.1.0
2026-08-18 18:02:28,530 [INFO] ThirdParty:1030 - CMSIS Pack Vendor :STMicroelectronics X-CUBE-STSE01 2.0.0
2026-08-18 18:02:28,530 [INFO] ThirdParty:1030 - CMSIS Pack Vendor :STMicroelectronics X-CUBE-ALGOBUILD 1.5.0
2026-08-18 18:02:28,530 [INFO] ThirdParty:1030 - CMSIS Pack Vendor :STMicroelectronics FreeRTOS 0.0.1
2026-08-18 18:02:28,530 [INFO] ThirdParty:1030 - CMSIS Pack Vendor :STMicroelectronics X-CUBE-AZRTOS-H7RS 1.3.0
2026-08-18 18:02:28,530 [INFO] ThirdParty:1030 - CMSIS Pack Vendor :STMicroelectronics X-CUBE-AZRTOS-G0 1.1.0
2026-08-18 18:02:28,530 [INFO] ThirdParty:1030 - CMSIS Pack Vendor :STMicroelectronics X-CUBE-NFC4 3.0.0
2026-08-18 18:02:28,530 [INFO] ThirdParty:1030 - CMSIS Pack Vendor :STMicroelectronics X-CUBE-SUBG2 5.0.0
2026-08-18 18:02:28,531 [INFO] ThirdParty:1030 - CMSIS Pack Vendor :STMicroelectronics STM32_WPAN 1.0.0
2026-08-18 18:02:28,531 [INFO] ThirdParty:1030 - CMSIS Pack Vendor :STMicroelectronics eDS-WB_DPC_VIENNA 1.2.0
2026-08-18 18:02:28,531 [INFO] ThirdParty:1030 - CMSIS Pack Vendor :EmbeddedOffice I-CUBE-FS-RTOS 1.0.1
2026-08-18 18:02:28,531 [INFO] ThirdParty:1030 - CMSIS Pack Vendor :STMicroelectronics lwIP 2.0.3
2026-08-18 18:02:28,531 [INFO] ThirdParty:1030 - CMSIS Pack Vendor :STMicroelectronics X-CUBE-MEMS1 13.0.0
2026-08-18 18:02:28,531 [INFO] ThirdParty:1030 - CMSIS Pack Vendor :STMicroelectronics eDS-WB_DPC_3PH2L-BIDIR 1.1.1
2026-08-18 18:02:28,531 [INFO] ThirdParty:1030 - CMSIS Pack Vendor :STMicroelectronics USB_HOST 1.0.0
2026-08-18 18:02:28,531 [INFO] ThirdParty:1030 - CMSIS Pack Vendor :STMicroelectronics X-CUBE-AZRTOS-G4 2.0.0
2026-08-18 18:02:28,532 [INFO] ThirdParty:1030 - CMSIS Pack Vendor :STMicroelectronics PDM2PCM 3.1.0
2026-08-18 18:02:28,532 [INFO] ThirdParty:1030 - CMSIS Pack Vendor :STMicroelectronics PDM2PCM 3.3.0
2026-08-18 18:02:28,532 [INFO] ThirdParty:1030 - CMSIS Pack Vendor :wolfSSL I-CUBE-wolfTPM 3.8.0
2026-08-18 18:02:28,532 [INFO] ThirdParty:1030 - CMSIS Pack Vendor :STMicroelectronics X-CUBE-DISPLAY 3.0.0
2026-08-18 18:02:28,532 [INFO] ThirdParty:1030 - CMSIS Pack Vendor :wolfSSL I-CUBE-wolfSSH 1.4.20
2026-08-18 18:02:28,532 [INFO] ThirdParty:1030 - CMSIS Pack Vendor :STMicroelectronics X-CUBE-NFC7 2.0.0
2026-08-18 18:02:28,532 [INFO] ThirdParty:1030 - CMSIS Pack Vendor :STMicroelectronics X-CUBE-GNSS1 7.1.1
2026-08-18 18:02:28,532 [INFO] ThirdParty:1030 - CMSIS Pack Vendor :STMicroelectronics X-CUBE-TCPP 4.2.0
2026-08-18 18:02:28,532 [INFO] ThirdParty:1030 - CMSIS Pack Vendor :RealThread X-CUBE-RT-Thread_Nano 4.1.1
2026-08-18 18:02:28,532 [INFO] ThirdParty:1030 - CMSIS Pack Vendor :wolfSSL I-CUBE-wolfSSL 5.9.1
2026-08-18 18:02:28,533 [INFO] ThirdParty:1030 - CMSIS Pack Vendor :STMicroelectronics FP-ATR-SIGFOX1 3.2.0
2026-08-18 18:02:28,533 [INFO] ThirdParty:1030 - CMSIS Pack Vendor :STMicroelectronics X-CUBE-NFC10 1.0.0
2026-08-18 18:02:28,533 [INFO] ThirdParty:1030 - CMSIS Pack Vendor :STMicroelectronics HAL Drivers 0.0.0
2026-08-18 18:02:28,533 [INFO] ThirdParty:1030 - CMSIS Pack Vendor :STMicroelectronics MBEDTLS 2.16.2
2026-08-18 18:02:28,533 [INFO] ThirdParty:1030 - CMSIS Pack Vendor :STMicroelectronics X-CUBE-ST60 1.1.0
2026-08-18 18:02:28,533 [INFO] ThirdParty:1030 - CMSIS Pack Vendor :STMicroelectronics X-CUBE-ALS 1.0.2
2026-08-18 18:02:28,533 [INFO] ThirdParty:1030 - CMSIS Pack Vendor :emotas I-CUBE-CANOPEN 1.3.0
2026-08-18 18:02:28,533 [INFO] ThirdParty:1030 - CMSIS Pack Vendor :STMicroelectronics MBEDTLS 2.14.1
2026-08-18 18:02:28,533 [INFO] ThirdParty:1030 - CMSIS Pack Vendor :ITTIA_DB I-CUBE-ITTIADB 8.9.0
2026-08-18 18:02:28,534 [INFO] ThirdParty:1030 - CMSIS Pack Vendor :Cesanta I-CUBE-Mongoose 7.21.7
2026-08-18 18:02:28,534 [INFO] ThirdParty:1030 - CMSIS Pack Vendor :STMicroelectronics X-CUBE-TOUCHGFX 4.26.1
2026-08-18 18:02:28,534 [INFO] ThirdParty:1030 - CMSIS Pack Vendor :STMicroelectronics X-CUBE-NFC6 3.2.0
2026-08-18 18:02:28,534 [INFO] ThirdParty:1030 - CMSIS Pack Vendor :STMicroelectronics X-CUBE-AI 10.2.1
2026-08-18 18:02:28,534 [INFO] ThirdParty:1030 - CMSIS Pack Vendor :STMicroelectronics ThreadX 1.0.0
2026-08-18 18:02:28,534 [INFO] ThirdParty:1030 - CMSIS Pack Vendor :STMicroelectronics FP-SNS-SMARTAG2 1.2.0
2026-08-18 18:02:28,534 [INFO] ThirdParty:1030 - CMSIS Pack Vendor :STMicroelectronics X-CUBE-MEMS1 12.1.0
2026-08-18 18:02:28,534 [INFO] ThirdParty:1030 - CMSIS Pack Vendor :STMicroelectronics FP-SNS-FLIGHT1 5.1.0
2026-08-18 18:02:28,534 [INFO] ThirdParty:1030 - CMSIS Pack Vendor :STMicroelectronics X-CUBE-AZRTOS-WL 2.0.0
2026-08-18 18:02:28,535 [INFO] ThirdParty:1030 - CMSIS Pack Vendor :SEGGER I-CUBE-embOS 1.3.1
2026-08-18 18:02:28,535 [INFO] ThirdParty:1030 - CMSIS Pack Vendor :STMicroelectronics X-CUBE-DPower 1.3.0
2026-08-18 18:02:28,535 [INFO] ThirdParty:1030 - CMSIS Pack Vendor :STMicroelectronics USB_DEVICE 1.0.0
2026-08-18 18:02:28,535 [INFO] ThirdParty:1030 - CMSIS Pack Vendor :STMicroelectronics X-CUBE-AZRTOS-L4 2.0.0
2026-08-18 18:02:28,535 [INFO] ThirdParty:1030 - CMSIS Pack Vendor :STMicroelectronics ThreadX 0.0.2
2026-08-18 18:02:28,535 [INFO] ThirdParty:1030 - CMSIS Pack Vendor :STMicroelectronics lwIP 2.1.2
2026-08-18 18:02:28,535 [INFO] ThirdParty:1030 - CMSIS Pack Vendor :STMicroelectronics X-CUBE-SFXS2LP1 4.0.0
2026-08-18 18:02:28,535 [INFO] ThirdParty:1030 - CMSIS Pack Vendor :STMicroelectronics X-CUBE-BLE2 3.3.0
2026-08-18 18:02:28,535 [INFO] ThirdParty:1030 - CMSIS Pack Vendor :Avnet-IOTCONNECT X-CUBE-iotc-st67-sdk 1.0.0
2026-08-18 18:02:28,535 [INFO] ThirdParty:1030 - CMSIS Pack Vendor :STMicroelectronics X-CUBE-TOF1 3.4.3
2026-08-18 18:02:28,536 [INFO] ThirdParty:1030 - CMSIS Pack Vendor :Infineon AIROC-Wi-Fi-Bluetooth-STM32 1.8.0
2026-08-18 18:02:28,536 [INFO] ThirdParty:1030 - CMSIS Pack Vendor :STMicroelectronics X-CUBE-NFC13 1.0.0
2026-08-18 18:02:28,536 [INFO] ThirdParty:1030 - CMSIS Pack Vendor :STMicroelectronics PDM2PCM 3.2.0
2026-08-18 18:02:28,536 [INFO] ThirdParty:1030 - CMSIS Pack Vendor :STMicroelectronics X-CUBE-WB05N 2.1.0
2026-08-18 18:02:28,536 [INFO] ThirdParty:841 - exiting critical section [change project]
2026-08-18 18:02:28,970 [INFO] PinOutPanel:1589 - setPackage(No Configuration,No Configuration)
2026-08-18 18:02:28,970 [ERROR] LogOutputStream:75 - [STDERR_REDIRECT] Exception in thread "AWT-EventQueue-0" java.util.ConcurrentModificationException
2026-08-18 18:02:28,971 [ERROR] LogOutputStream:75 - [STDERR_REDIRECT] 	at java.base/java.util.HashMap$HashIterator.nextNode(HashMap.java:1605)
2026-08-18 18:02:28,971 [INFO] PinOutPanel:1589 - setPackage(STM32F411CEUx,UFQFPN48)
2026-08-18 18:02:28,971 [ERROR] LogOutputStream:75 - [STDERR_REDIRECT] 	at java.base/java.util.HashMap$KeyIterator.next(HashMap.java:1628)
2026-08-18 18:02:28,971 [ERROR] LogOutputStream:75 - [STDERR_REDIRECT] 	at com.st.components.util.StringSearchable.search(StringSearchable.java:42)
2026-08-18 18:02:28,972 [ERROR] LogOutputStream:75 - [STDERR_REDIRECT] 	at com.st.components.swing.AutocompleteComboBox$4.run(AutocompleteComboBox.java:215)
2026-08-18 18:02:28,972 [ERROR] LogOutputStream:75 - [STDERR_REDIRECT] 	at java.desktop/java.awt.event.InvocationEvent.dispatch(InvocationEvent.java:318)
2026-08-18 18:02:28,973 [ERROR] LogOutputStream:75 - [STDERR_REDIRECT] 	at java.desktop/java.awt.EventQueue.dispatchEventImpl(EventQueue.java:773)
2026-08-18 18:02:28,973 [ERROR] LogOutputStream:75 - [STDERR_REDIRECT] 	at java.desktop/java.awt.EventQueue$4.run(EventQueue.java:720)
2026-08-18 18:02:28,973 [ERROR] LogOutputStream:75 - [STDERR_REDIRECT] 	at java.desktop/java.awt.EventQueue$4.run(EventQueue.java:714)
2026-08-18 18:02:28,974 [ERROR] LogOutputStream:75 - [STDERR_REDIRECT] 	at java.base/java.security.AccessController.doPrivileged(AccessController.java:400)
2026-08-18 18:02:28,974 [ERROR] LogOutputStream:75 - [STDERR_REDIRECT] 	at java.base/java.security.ProtectionDomain$JavaSecurityAccessImpl.doIntersectionPrivilege(ProtectionDomain.java:87)
2026-08-18 18:02:28,975 [ERROR] LogOutputStream:75 - [STDERR_REDIRECT] 	at java.desktop/java.awt.EventQueue.dispatchEvent(EventQueue.java:742)
2026-08-18 18:02:28,975 [ERROR] LogOutputStream:75 - [STDERR_REDIRECT] 	at java.desktop/java.awt.EventDispatchThread.pumpOneEventForFilters(EventDispatchThread.java:203)
2026-08-18 18:02:28,976 [ERROR] LogOutputStream:75 - [STDERR_REDIRECT] 	at java.desktop/java.awt.EventDispatchThread.pumpEventsForFilter(EventDispatchThread.java:124)
2026-08-18 18:02:28,976 [ERROR] LogOutputStream:75 - [STDERR_REDIRECT] 	at java.desktop/java.awt.EventDispatchThread.pumpEventsForFilter(EventDispatchThread.java:117)
2026-08-18 18:02:28,976 [ERROR] LogOutputStream:75 - [STDERR_REDIRECT] 	at java.desktop/java.awt.WaitDispatchSupport$2.run(WaitDispatchSupport.java:191)
2026-08-18 18:02:28,977 [ERROR] LogOutputStream:75 - [STDERR_REDIRECT] 	at java.desktop/java.awt.WaitDispatchSupport$4.run(WaitDispatchSupport.java:236)
2026-08-18 18:02:28,977 [ERROR] LogOutputStream:75 - [STDERR_REDIRECT] 	at java.desktop/java.awt.WaitDispatchSupport$4.run(WaitDispatchSupport.java:234)
2026-08-18 18:02:28,977 [ERROR] LogOutputStream:75 - [STDERR_REDIRECT] 	at java.base/java.security.AccessController.doPrivileged(AccessController.java:319)
2026-08-18 18:02:28,978 [ERROR] LogOutputStream:75 - [STDERR_REDIRECT] 	at java.desktop/java.awt.WaitDispatchSupport.enter(WaitDispatchSupport.java:234)
2026-08-18 18:02:28,978 [ERROR] LogOutputStream:75 - [STDERR_REDIRECT] 	at java.desktop/java.awt.Dialog.show(Dialog.java:1079)
2026-08-18 18:02:28,978 [ERROR] LogOutputStream:75 - [STDERR_REDIRECT] 	at java.desktop/java.awt.Component.show(Component.java:1728)
2026-08-18 18:02:28,979 [ERROR] LogOutputStream:75 - [STDERR_REDIRECT] 	at java.desktop/java.awt.Component.setVisible(Component.java:1675)
2026-08-18 18:02:28,979 [ERROR] LogOutputStream:75 - [STDERR_REDIRECT] 	at java.desktop/java.awt.Window.setVisible(Window.java:1036)
2026-08-18 18:02:28,979 [ERROR] LogOutputStream:75 - [STDERR_REDIRECT] 	at java.desktop/java.awt.Dialog.setVisible(Dialog.java:1015)
2026-08-18 18:02:28,980 [ERROR] LogOutputStream:75 - [STDERR_REDIRECT] 	at com.st.microxplorer.util.ProcessBarDialog.doAction(ProcessBarDialog.java:173)
2026-08-18 18:02:28,980 [ERROR] LogOutputStream:75 - [STDERR_REDIRECT] 	at com.st.microxplorer.mxsystem.MxSystem.completeLoadConfig(MxSystem.java:828)
2026-08-18 18:02:28,980 [ERROR] LogOutputStream:75 - [STDERR_REDIRECT] 	at com.st.microxplorer.plugins.filemanager.engine.OpenFileManager.LoadConfig(OpenFileManager.java:377)
2026-08-18 18:02:28,981 [ERROR] LogOutputStream:75 - [STDERR_REDIRECT] 	at com.st.microxplorer.plugins.filemanager.engine.OpenFileManager.loadConfigurationFile(OpenFileManager.java:291)
2026-08-18 18:02:28,981 [ERROR] LogOutputStream:75 - [STDERR_REDIRECT] 	at com.st.microxplorer.plugins.filemanager.engine.MainFileManager.userLoadConfig(MainFileManager.java:341)
2026-08-18 18:02:28,981 [ERROR] LogOutputStream:75 - [STDERR_REDIRECT] 	at com.st.microxplorer.plugins.filemanager.engine.MainFileManager.userLoadConfig(MainFileManager.java:319)
2026-08-18 18:02:28,982 [ERROR] LogOutputStream:75 - [STDERR_REDIRECT] 	at com.st.microxplorer.plugins.filemanager.FileManagerView.getSpecificTask(FileManagerView.java:246)
2026-08-18 18:02:28,982 [ERROR] LogOutputStream:75 - [STDERR_REDIRECT] 	at com.st.stm32cube.common.mx.editor.CubeMxEditor.getMxTabbedPaneInstance(CubeMxEditor.java:1198)
2026-08-18 18:02:28,982 [ERROR] LogOutputStream:75 - [STDERR_REDIRECT] 	at com.st.stm32cube.common.mx.editor.CubeMxEditor$12$1.createSwingComponent(CubeMxEditor.java:1068)
2026-08-18 18:02:28,983 [ERROR] LogOutputStream:75 - [STDERR_REDIRECT] 	at com.st.stm32cube.common.mx.oss.core.awtswtbridge.EmbeddedSwingComposite.doComponentCreation(EmbeddedSwingComposite.java:492)
2026-08-18 18:02:28,983 [ERROR] LogOutputStream:75 - [STDERR_REDIRECT] 	at com.st.stm32cube.common.mx.oss.core.awtswtbridge.EmbeddedSwingComposite$4.run(EmbeddedSwingComposite.java:291)
2026-08-18 18:02:28,984 [ERROR] LogOutputStream:75 - [STDERR_REDIRECT] 	at com.st.stm32cube.common.mx.oss.core.awtswtbridge.AwtEnvironment$2.run(AwtEnvironment.java:166)
2026-08-18 18:02:28,984 [ERROR] LogOutputStream:75 - [STDERR_REDIRECT] 	at java.desktop/java.awt.event.InvocationEvent.dispatch(InvocationEvent.java:318)
2026-08-18 18:02:28,984 [ERROR] LogOutputStream:75 - [STDERR_REDIRECT] 	at java.desktop/java.awt.EventQueue.dispatchEventImpl(EventQueue.java:773)
2026-08-18 18:02:28,985 [ERROR] LogOutputStream:75 - [STDERR_REDIRECT] 	at java.desktop/java.awt.EventQueue$4.run(EventQueue.java:720)
2026-08-18 18:02:28,985 [ERROR] LogOutputStream:75 - [STDERR_REDIRECT] 	at java.desktop/java.awt.EventQueue$4.run(EventQueue.java:714)
2026-08-18 18:02:28,985 [ERROR] LogOutputStream:75 - [STDERR_REDIRECT] 	at java.base/java.security.AccessController.doPrivileged(AccessController.java:400)
2026-08-18 18:02:28,986 [ERROR] LogOutputStream:75 - [STDERR_REDIRECT] 	at java.base/java.security.ProtectionDomain$JavaSecurityAccessImpl.doIntersectionPrivilege(ProtectionDomain.java:87)
2026-08-18 18:02:28,986 [ERROR] LogOutputStream:75 - [STDERR_REDIRECT] 	at java.desktop/java.awt.EventQueue.dispatchEvent(EventQueue.java:742)
2026-08-18 18:02:28,986 [ERROR] LogOutputStream:75 - [STDERR_REDIRECT] 	at java.desktop/java.awt.EventDispatchThread.pumpOneEventForFilters(EventDispatchThread.java:203)
2026-08-18 18:02:28,987 [ERROR] LogOutputStream:75 - [STDERR_REDIRECT] 	at java.desktop/java.awt.EventDispatchThread.pumpEventsForFilter(EventDispatchThread.java:124)
2026-08-18 18:02:28,987 [ERROR] LogOutputStream:75 - [STDERR_REDIRECT] 	at java.desktop/java.awt.EventDispatchThread.pumpEventsForHierarchy(EventDispatchThread.java:113)
2026-08-18 18:02:28,987 [ERROR] LogOutputStream:75 - [STDERR_REDIRECT] 	at java.desktop/java.awt.EventDispatchThread.pumpEvents(EventDispatchThread.java:109)
2026-08-18 18:02:28,988 [ERROR] LogOutputStream:75 - [STDERR_REDIRECT] 	at java.desktop/java.awt.EventDispatchThread.pumpEvents(EventDispatchThread.java:101)
2026-08-18 18:02:28,988 [ERROR] LogOutputStream:75 - [STDERR_REDIRECT] 	at java.desktop/java.awt.EventDispatchThread.run(EventDispatchThread.java:90)
2026-08-18 18:02:29,302 [INFO] UtilMem:75 - Before build in PCC Used Memory: 921413376 Bytes (1073741824)
2026-08-18 18:02:29,732 [INFO] UtilMem:75 - After build in PCC Used Memory: 335391680 Bytes (1073741824)
2026-08-18 18:02:29,767 [INFO] IPUIPlugin:80 - create IPUIPlugin
2026-08-18 18:02:29,767 [INFO] IPUIPlugin:80 - create IPUIPlugin
2026-08-18 18:02:29,768 [INFO] IPUIPlugin:80 - create IPUIPlugin
2026-08-18 18:02:29,768 [INFO] IPUIPlugin:80 - create IPUIPlugin
2026-08-18 18:02:29,768 [INFO] IPUIPlugin:80 - create IPUIPlugin
2026-08-18 18:02:29,768 [INFO] IPUIPlugin:80 - create IPUIPlugin
2026-08-18 18:02:29,769 [INFO] IPUIPlugin:80 - create IPUIPlugin
2026-08-18 18:02:29,769 [INFO] IPUIPlugin:80 - create IPUIPlugin
2026-08-18 18:02:29,769 [INFO] IPUIPlugin:80 - create IPUIPlugin
2026-08-18 18:02:29,769 [INFO] IPUIPlugin:80 - create IPUIPlugin
2026-08-18 18:02:29,769 [INFO] IPUIPlugin:80 - create IPUIPlugin
2026-08-18 18:02:29,769 [INFO] IPUIPlugin:80 - create IPUIPlugin
2026-08-18 18:02:29,769 [INFO] IPUIPlugin:80 - create IPUIPlugin
2026-08-18 18:02:29,770 [INFO] IPUIPlugin:80 - create IPUIPlugin
2026-08-18 18:02:29,770 [INFO] IPUIPlugin:80 - create IPUIPlugin
2026-08-18 18:02:29,770 [INFO] IPUIPlugin:80 - create IPUIPlugin
2026-08-18 18:02:29,771 [INFO] IPUIPlugin:80 - create IPUIPlugin
2026-08-18 18:02:29,771 [INFO] IPUIPlugin:80 - create IPUIPlugin
2026-08-18 18:02:29,771 [INFO] IPUIPlugin:80 - create IPUIPlugin
2026-08-18 18:02:29,771 [INFO] IPUIPlugin:80 - create IPUIPlugin
2026-08-18 18:02:29,772 [INFO] IPUIPlugin:80 - create IPUIPlugin
2026-08-18 18:02:29,772 [INFO] IPUIPlugin:80 - create IPUIPlugin
2026-08-18 18:02:29,772 [INFO] IPUIPlugin:80 - create IPUIPlugin
2026-08-18 18:02:29,772 [INFO] IPUIPlugin:80 - create IPUIPlugin
2026-08-18 18:02:29,773 [INFO] IPUIPlugin:80 - create IPUIPlugin
2026-08-18 18:02:29,773 [INFO] IPUIPlugin:80 - create IPUIPlugin
2026-08-18 18:02:29,773 [INFO] IPUIPlugin:80 - create IPUIPlugin
2026-08-18 18:02:29,773 [INFO] IPUIPlugin:80 - create IPUIPlugin
2026-08-18 18:02:29,774 [INFO] IPUIPlugin:80 - create IPUIPlugin
2026-08-18 18:02:29,774 [INFO] IPUIPlugin:80 - create IPUIPlugin
2026-08-18 18:02:29,775 [INFO] IPUIPlugin:80 - create IPUIPlugin
2026-08-18 18:02:29,776 [INFO] IPUIPlugin:80 - create IPUIPlugin
2026-08-18 18:02:29,776 [INFO] IPUIPlugin:80 - create IPUIPlugin
2026-08-18 18:02:29,777 [INFO] IPUIPlugin:80 - create IPUIPlugin
2026-08-18 18:02:29,778 [INFO] IPUIPlugin:80 - create IPUIPlugin
2026-08-18 18:02:29,778 [INFO] IPUIPlugin:80 - create IPUIPlugin
2026-08-18 18:02:29,779 [INFO] IPUIPlugin:80 - create IPUIPlugin
2026-08-18 18:02:29,780 [INFO] IPUIPlugin:80 - create IPUIPlugin
2026-08-18 18:02:29,780 [INFO] IPUIPlugin:80 - create IPUIPlugin
2026-08-18 18:02:29,781 [INFO] IPUIPlugin:80 - create IPUIPlugin
2026-08-18 18:02:29,781 [INFO] IPUIPlugin:80 - create IPUIPlugin
2026-08-18 18:02:29,782 [INFO] IPUIPlugin:80 - create IPUIPlugin
2026-08-18 18:02:29,782 [INFO] IPUIPlugin:80 - create IPUIPlugin
2026-08-18 18:02:29,788 [INFO] ApiDbMcu:508 - Load IP Config File for PDM2PCM
2026-08-18 18:02:29,790 [WARN] IP:2250 - I2C_Coeff_DF not found: check if there is a RefParameter without a condition.
2026-08-18 18:02:29,790 [WARN] IP:2250 - Analog_Filter not found: check if there is a RefParameter without a condition.
2026-08-18 18:02:29,880 [INFO] CADModel:165 - CPN selected for project levelSTM32F411CEU6
2026-08-18 18:02:29,880 [INFO] CADModel:114 - Register for checkConnection events
2026-08-18 18:02:29,927 [INFO] OpenFileManager:385 - Restore cursor
2026-08-18 18:02:30,289 [WARN] IP:2250 - I2C_Coeff_DF not found: check if there is a RefParameter without a condition.
2026-08-18 18:02:30,290 [WARN] IP:2250 - Analog_Filter not found: check if there is a RefParameter without a condition.
2026-08-18 18:02:30,290 [WARN] IP:2250 - I2C_Coeff_DF not found: check if there is a RefParameter without a condition.
2026-08-18 18:02:30,290 [WARN] IP:2250 - Analog_Filter not found: check if there is a RefParameter without a condition.
2026-08-18 18:02:42,044 [ERROR] LogOutputStream:75 - [STDERR_REDIRECT] Aug 18, 2026 6:02:42 PM java.util.prefs.FileSystemPreferences checkLockFile0ErrorCode
2026-08-18 18:02:42,045 [ERROR] LogOutputStream:75 - [STDERR_REDIRECT] WARNING: Could not lock System prefs. Unix error code 2.
2026-08-18 18:02:42,045 [ERROR] LogOutputStream:75 - [STDERR_REDIRECT] 
2026-08-18 18:02:42,045 [ERROR] LogOutputStream:75 - [STDERR_REDIRECT] Aug 18, 2026 6:02:42 PM java.util.prefs.FileSystemPreferences syncWorld
2026-08-18 18:02:42,045 [ERROR] LogOutputStream:75 - [STDERR_REDIRECT] WARNING: Couldn't flush system prefs: java.util.prefs.BackingStoreException: Couldn't get file lock.
2026-08-18 18:02:42,046 [ERROR] LogOutputStream:75 - [STDERR_REDIRECT] 
2026-08-18 18:03:12,040 [ERROR] LogOutputStream:75 - [STDERR_REDIRECT] Aug 18, 2026 6:03:12 PM java.util.prefs.FileSystemPreferences checkLockFile0ErrorCode
2026-08-18 18:03:12,041 [ERROR] LogOutputStream:75 - [STDERR_REDIRECT] WARNING: Could not lock System prefs. Unix error code 2.
2026-08-18 18:03:12,041 [ERROR] LogOutputStream:75 - [STDERR_REDIRECT] 
2026-08-18 18:03:12,042 [ERROR] LogOutputStream:75 - [STDERR_REDIRECT] Aug 18, 2026 6:03:12 PM java.util.prefs.FileSystemPreferences syncWorld
2026-08-18 18:03:12,042 [ERROR] LogOutputStream:75 - [STDERR_REDIRECT] WARNING: Couldn't flush system prefs: java.util.prefs.BackingStoreException: Couldn't get file lock.
2026-08-18 18:03:12,042 [ERROR] LogOutputStream:75 - [STDERR_REDIRECT] 
2026-08-18 18:03:42,042 [ERROR] LogOutputStream:75 - [STDERR_REDIRECT] Aug 18, 2026 6:03:42 PM java.util.prefs.FileSystemPreferences checkLockFile0ErrorCode
2026-08-18 18:03:42,043 [ERROR] LogOutputStream:75 - [STDERR_REDIRECT] WARNING: Could not lock System prefs. Unix error code 2.
2026-08-18 18:03:42,043 [ERROR] LogOutputStream:75 - [STDERR_REDIRECT] 
2026-08-18 18:03:42,044 [ERROR] LogOutputStream:75 - [STDERR_REDIRECT] Aug 18, 2026 6:03:42 PM java.util.prefs.FileSystemPreferences syncWorld
2026-08-18 18:03:42,044 [ERROR] LogOutputStream:75 - [STDERR_REDIRECT] WARNING: Couldn't flush system prefs: java.util.prefs.BackingStoreException: Couldn't get file lock.
2026-08-18 18:03:42,045 [ERROR] LogOutputStream:75 - [STDERR_REDIRECT] 
2026-08-18 18:04:12,041 [ERROR] LogOutputStream:75 - [STDERR_REDIRECT] Aug 18, 2026 6:04:12 PM java.util.prefs.FileSystemPreferences checkLockFile0ErrorCode
2026-08-18 18:04:12,041 [ERROR] LogOutputStream:75 - [STDERR_REDIRECT] WARNING: Could not lock System prefs. Unix error code 2.
2026-08-18 18:04:12,042 [ERROR] LogOutputStream:75 - [STDERR_REDIRECT] 
2026-08-18 18:04:12,042 [ERROR] LogOutputStream:75 - [STDERR_REDIRECT] Aug 18, 2026 6:04:12 PM java.util.prefs.FileSystemPreferences syncWorld
2026-08-18 18:04:12,042 [ERROR] LogOutputStream:75 - [STDERR_REDIRECT] WARNING: Couldn't flush system prefs: java.util.prefs.BackingStoreException: Couldn't get file lock.
2026-08-18 18:04:12,042 [ERROR] LogOutputStream:75 - [STDERR_REDIRECT] 
2026-08-18 18:04:42,041 [ERROR] LogOutputStream:75 - [STDERR_REDIRECT] Aug 18, 2026 6:04:42 PM java.util.prefs.FileSystemPreferences checkLockFile0ErrorCode
2026-08-18 18:04:42,042 [ERROR] LogOutputStream:75 - [STDERR_REDIRECT] WARNING: Could not lock System prefs. Unix error code 2.
2026-08-18 18:04:42,042 [ERROR] LogOutputStream:75 - [STDERR_REDIRECT] 
2026-08-18 18:04:42,042 [ERROR] LogOutputStream:75 - [STDERR_REDIRECT] Aug 18, 2026 6:04:42 PM java.util.prefs.FileSystemPreferences syncWorld
2026-08-18 18:04:42,043 [ERROR] LogOutputStream:75 - [STDERR_REDIRECT] WARNING: Couldn't flush system prefs: java.util.prefs.BackingStoreException: Couldn't get file lock.
2026-08-18 18:04:42,043 [ERROR] LogOutputStream:75 - [STDERR_REDIRECT] 
2026-08-18 18:05:12,044 [ERROR] LogOutputStream:75 - [STDERR_REDIRECT] Aug 18, 2026 6:05:12 PM java.util.prefs.FileSystemPreferences checkLockFile0ErrorCode
2026-08-18 18:05:12,045 [ERROR] LogOutputStream:75 - [STDERR_REDIRECT] WARNING: Could not lock System prefs. Unix error code 2.
2026-08-18 18:05:12,045 [ERROR] LogOutputStream:75 - [STDERR_REDIRECT] 
2026-08-18 18:05:12,045 [ERROR] LogOutputStream:75 - [STDERR_REDIRECT] Aug 18, 2026 6:05:12 PM java.util.prefs.FileSystemPreferences syncWorld
2026-08-18 18:05:12,045 [ERROR] LogOutputStream:75 - [STDERR_REDIRECT] WARNING: Couldn't flush system prefs: java.util.prefs.BackingStoreException: Couldn't get file lock.
2026-08-18 18:05:12,046 [ERROR] LogOutputStream:75 - [STDERR_REDIRECT] 
2026-08-18 18:05:42,045 [ERROR] LogOutputStream:75 - [STDERR_REDIRECT] Aug 18, 2026 6:05:42 PM java.util.prefs.FileSystemPreferences checkLockFile0ErrorCode
2026-08-18 18:05:42,046 [ERROR] LogOutputStream:75 - [STDERR_REDIRECT] WARNING: Could not lock System prefs. Unix error code 2.
2026-08-18 18:05:42,047 [ERROR] LogOutputStream:75 - [STDERR_REDIRECT] 
2026-08-18 18:05:42,047 [ERROR] LogOutputStream:75 - [STDERR_REDIRECT] Aug 18, 2026 6:05:42 PM java.util.prefs.FileSystemPreferences syncWorld
2026-08-18 18:05:42,048 [ERROR] LogOutputStream:75 - [STDERR_REDIRECT] WARNING: Couldn't flush system prefs: java.util.prefs.BackingStoreException: Couldn't get file lock.
2026-08-18 18:05:42,048 [ERROR] LogOutputStream:75 - [STDERR_REDIRECT] 
2026-08-18 18:06:12,041 [ERROR] LogOutputStream:75 - [STDERR_REDIRECT] Aug 18, 2026 6:06:12 PM java.util.prefs.FileSystemPreferences checkLockFile0ErrorCode
2026-08-18 18:06:12,042 [ERROR] LogOutputStream:75 - [STDERR_REDIRECT] WARNING: Could not lock System prefs. Unix error code 2.
2026-08-18 18:06:12,042 [ERROR] LogOutputStream:75 - [STDERR_REDIRECT] 
2026-08-18 18:06:12,042 [ERROR] LogOutputStream:75 - [STDERR_REDIRECT] Aug 18, 2026 6:06:12 PM java.util.prefs.FileSystemPreferences syncWorld
2026-08-18 18:06:12,043 [ERROR] LogOutputStream:75 - [STDERR_REDIRECT] WARNING: Couldn't flush system prefs: java.util.prefs.BackingStoreException: Couldn't get file lock.
2026-08-18 18:06:12,043 [ERROR] LogOutputStream:75 - [STDERR_REDIRECT] 
2026-08-18 18:06:42,042 [ERROR] LogOutputStream:75 - [STDERR_REDIRECT] Aug 18, 2026 6:06:42 PM java.util.prefs.FileSystemPreferences checkLockFile0ErrorCode
2026-08-18 18:06:42,042 [ERROR] LogOutputStream:75 - [STDERR_REDIRECT] WARNING: Could not lock System prefs. Unix error code 2.
2026-08-18 18:06:42,042 [ERROR] LogOutputStream:75 - [STDERR_REDIRECT] 
2026-08-18 18:06:42,043 [ERROR] LogOutputStream:75 - [STDERR_REDIRECT] Aug 18, 2026 6:06:42 PM java.util.prefs.FileSystemPreferences syncWorld
2026-08-18 18:06:42,043 [ERROR] LogOutputStream:75 - [STDERR_REDIRECT] WARNING: Couldn't flush system prefs: java.util.prefs.BackingStoreException: Couldn't get file lock.
2026-08-18 18:06:42,043 [ERROR] LogOutputStream:75 - [STDERR_REDIRECT] 
2026-08-18 18:07:12,041 [ERROR] LogOutputStream:75 - [STDERR_REDIRECT] Aug 18, 2026 6:07:12 PM java.util.prefs.FileSystemPreferences checkLockFile0ErrorCode
2026-08-18 18:07:12,042 [ERROR] LogOutputStream:75 - [STDERR_REDIRECT] WARNING: Could not lock System prefs. Unix error code 2.
2026-08-18 18:07:12,047 [ERROR] LogOutputStream:75 - [STDERR_REDIRECT] 
2026-08-18 18:07:12,048 [ERROR] LogOutputStream:75 - [STDERR_REDIRECT] Aug 18, 2026 6:07:12 PM java.util.prefs.FileSystemPreferences syncWorld
2026-08-18 18:07:12,048 [ERROR] LogOutputStream:75 - [STDERR_REDIRECT] WARNING: Couldn't flush system prefs: java.util.prefs.BackingStoreException: Couldn't get file lock.
2026-08-18 18:07:12,048 [ERROR] LogOutputStream:75 - [STDERR_REDIRECT] 
2026-08-18 18:07:42,041 [ERROR] LogOutputStream:75 - [STDERR_REDIRECT] Aug 18, 2026 6:07:42 PM java.util.prefs.FileSystemPreferences checkLockFile0ErrorCode
2026-08-18 18:07:42,042 [ERROR] LogOutputStream:75 - [STDERR_REDIRECT] WARNING: Could not lock System prefs. Unix error code 2.
2026-08-18 18:07:42,042 [ERROR] LogOutputStream:75 - [STDERR_REDIRECT] 
2026-08-18 18:07:42,042 [ERROR] LogOutputStream:75 - [STDERR_REDIRECT] Aug 18, 2026 6:07:42 PM java.util.prefs.FileSystemPreferences syncWorld
2026-08-18 18:07:42,043 [ERROR] LogOutputStream:75 - [STDERR_REDIRECT] WARNING: Couldn't flush system prefs: java.util.prefs.BackingStoreException: Couldn't get file lock.
2026-08-18 18:07:42,043 [ERROR] LogOutputStream:75 - [STDERR_REDIRECT] 
2026-08-18 18:08:12,041 [ERROR] LogOutputStream:75 - [STDERR_REDIRECT] Aug 18, 2026 6:08:12 PM java.util.prefs.FileSystemPreferences checkLockFile0ErrorCode
2026-08-18 18:08:12,041 [ERROR] LogOutputStream:75 - [STDERR_REDIRECT] WARNING: Could not lock System prefs. Unix error code 2.
2026-08-18 18:08:12,041 [ERROR] LogOutputStream:75 - [STDERR_REDIRECT] 
2026-08-18 18:08:12,042 [ERROR] LogOutputStream:75 - [STDERR_REDIRECT] Aug 18, 2026 6:08:12 PM java.util.prefs.FileSystemPreferences syncWorld
2026-08-18 18:08:12,042 [ERROR] LogOutputStream:75 - [STDERR_REDIRECT] WARNING: Couldn't flush system prefs: java.util.prefs.BackingStoreException: Couldn't get file lock.
2026-08-18 18:08:12,042 [ERROR] LogOutputStream:75 - [STDERR_REDIRECT] 
2026-08-18 18:08:42,042 [ERROR] LogOutputStream:75 - [STDERR_REDIRECT] Aug 18, 2026 6:08:42 PM java.util.prefs.FileSystemPreferences checkLockFile0ErrorCode
2026-08-18 18:08:42,042 [ERROR] LogOutputStream:75 - [STDERR_REDIRECT] WARNING: Could not lock System prefs. Unix error code 2.
2026-08-18 18:08:42,047 [ERROR] LogOutputStream:75 - [STDERR_REDIRECT] 
2026-08-18 18:08:42,048 [ERROR] LogOutputStream:75 - [STDERR_REDIRECT] Aug 18, 2026 6:08:42 PM java.util.prefs.FileSystemPreferences syncWorld
2026-08-18 18:08:42,048 [ERROR] LogOutputStream:75 - [STDERR_REDIRECT] WARNING: Couldn't flush system prefs: java.util.prefs.BackingStoreException: Couldn't get file lock.
2026-08-18 18:08:42,048 [ERROR] LogOutputStream:75 - [STDERR_REDIRECT] 
2026-08-18 18:09:12,042 [ERROR] LogOutputStream:75 - [STDERR_REDIRECT] Aug 18, 2026 6:09:12 PM java.util.prefs.FileSystemPreferences checkLockFile0ErrorCode
2026-08-18 18:09:12,042 [ERROR] LogOutputStream:75 - [STDERR_REDIRECT] WARNING: Could not lock System prefs. Unix error code 2.
2026-08-18 18:09:12,048 [ERROR] LogOutputStream:75 - [STDERR_REDIRECT] 
2026-08-18 18:09:12,048 [ERROR] LogOutputStream:75 - [STDERR_REDIRECT] Aug 18, 2026 6:09:12 PM java.util.prefs.FileSystemPreferences syncWorld
2026-08-18 18:09:12,048 [ERROR] LogOutputStream:75 - [STDERR_REDIRECT] WARNING: Couldn't flush system prefs: java.util.prefs.BackingStoreException: Couldn't get file lock.
2026-08-18 18:09:12,048 [ERROR] LogOutputStream:75 - [STDERR_REDIRECT] 
2026-08-18 18:09:42,043 [ERROR] LogOutputStream:75 - [STDERR_REDIRECT] Aug 18, 2026 6:09:42 PM java.util.prefs.FileSystemPreferences checkLockFile0ErrorCode
2026-08-18 18:09:42,043 [ERROR] LogOutputStream:75 - [STDERR_REDIRECT] WARNING: Could not lock System prefs. Unix error code 2.
2026-08-18 18:09:42,043 [ERROR] LogOutputStream:75 - [STDERR_REDIRECT] 
2026-08-18 18:09:42,043 [ERROR] LogOutputStream:75 - [STDERR_REDIRECT] Aug 18, 2026 6:09:42 PM java.util.prefs.FileSystemPreferences syncWorld
2026-08-18 18:09:42,044 [ERROR] LogOutputStream:75 - [STDERR_REDIRECT] WARNING: Couldn't flush system prefs: java.util.prefs.BackingStoreException: Couldn't get file lock.
2026-08-18 18:09:42,044 [ERROR] LogOutputStream:75 - [STDERR_REDIRECT] 
2026-08-18 18:10:12,043 [ERROR] LogOutputStream:75 - [STDERR_REDIRECT] Aug 18, 2026 6:10:12 PM java.util.prefs.FileSystemPreferences checkLockFile0ErrorCode
2026-08-18 18:10:12,043 [ERROR] LogOutputStream:75 - [STDERR_REDIRECT] WARNING: Could not lock System prefs. Unix error code 2.
2026-08-18 18:10:12,044 [ERROR] LogOutputStream:75 - [STDERR_REDIRECT] 
2026-08-18 18:10:12,044 [ERROR] LogOutputStream:75 - [STDERR_REDIRECT] Aug 18, 2026 6:10:12 PM java.util.prefs.FileSystemPreferences syncWorld
2026-08-18 18:10:12,044 [ERROR] LogOutputStream:75 - [STDERR_REDIRECT] WARNING: Couldn't flush system prefs: java.util.prefs.BackingStoreException: Couldn't get file lock.
2026-08-18 18:10:12,044 [ERROR] LogOutputStream:75 - [STDERR_REDIRECT] 
2026-08-18 18:10:42,044 [ERROR] LogOutputStream:75 - [STDERR_REDIRECT] Aug 18, 2026 6:10:42 PM java.util.prefs.FileSystemPreferences checkLockFile0ErrorCode
2026-08-18 18:10:42,044 [ERROR] LogOutputStream:75 - [STDERR_REDIRECT] WARNING: Could not lock System prefs. Unix error code 2.
2026-08-18 18:10:42,044 [ERROR] LogOutputStream:75 - [STDERR_REDIRECT] 
2026-08-18 18:10:42,044 [ERROR] LogOutputStream:75 - [STDERR_REDIRECT] Aug 18, 2026 6:10:42 PM java.util.prefs.FileSystemPreferences syncWorld
2026-08-18 18:10:42,045 [ERROR] LogOutputStream:75 - [STDERR_REDIRECT] WARNING: Couldn't flush system prefs: java.util.prefs.BackingStoreException: Couldn't get file lock.
2026-08-18 18:10:42,045 [ERROR] LogOutputStream:75 - [STDERR_REDIRECT] 
2026-08-18 18:11:12,043 [ERROR] LogOutputStream:75 - [STDERR_REDIRECT] Aug 18, 2026 6:11:12 PM java.util.prefs.FileSystemPreferences checkLockFile0ErrorCode
2026-08-18 18:11:12,043 [ERROR] LogOutputStream:75 - [STDERR_REDIRECT] WARNING: Could not lock System prefs. Unix error code 2.
2026-08-18 18:11:12,043 [ERROR] LogOutputStream:75 - [STDERR_REDIRECT] 
2026-08-18 18:11:12,044 [ERROR] LogOutputStream:75 - [STDERR_REDIRECT] Aug 18, 2026 6:11:12 PM java.util.prefs.FileSystemPreferences syncWorld
2026-08-18 18:11:12,044 [ERROR] LogOutputStream:75 - [STDERR_REDIRECT] WARNING: Couldn't flush system prefs: java.util.prefs.BackingStoreException: Couldn't get file lock.
2026-08-18 18:11:12,044 [ERROR] LogOutputStream:75 - [STDERR_REDIRECT] 
2026-08-18 18:11:42,043 [ERROR] LogOutputStream:75 - [STDERR_REDIRECT] Aug 18, 2026 6:11:42 PM java.util.prefs.FileSystemPreferences checkLockFile0ErrorCode
2026-08-18 18:11:42,044 [ERROR] LogOutputStream:75 - [STDERR_REDIRECT] WARNING: Could not lock System prefs. Unix error code 2.
2026-08-18 18:11:42,044 [ERROR] LogOutputStream:75 - [STDERR_REDIRECT] 
2026-08-18 18:11:42,044 [ERROR] LogOutputStream:75 - [STDERR_REDIRECT] Aug 18, 2026 6:11:42 PM java.util.prefs.FileSystemPreferences syncWorld
2026-08-18 18:11:42,044 [ERROR] LogOutputStream:75 - [STDERR_REDIRECT] WARNING: Couldn't flush system prefs: java.util.prefs.BackingStoreException: Couldn't get file lock.
2026-08-18 18:11:42,044 [ERROR] LogOutputStream:75 - [STDERR_REDIRECT] 
2026-08-18 18:12:12,044 [ERROR] LogOutputStream:75 - [STDERR_REDIRECT] Aug 18, 2026 6:12:12 PM java.util.prefs.FileSystemPreferences checkLockFile0ErrorCode
2026-08-18 18:12:12,044 [ERROR] LogOutputStream:75 - [STDERR_REDIRECT] WARNING: Could not lock System prefs. Unix error code 2.
2026-08-18 18:12:12,045 [ERROR] LogOutputStream:75 - [STDERR_REDIRECT] 
2026-08-18 18:12:12,045 [ERROR] LogOutputStream:75 - [STDERR_REDIRECT] Aug 18, 2026 6:12:12 PM java.util.prefs.FileSystemPreferences syncWorld
2026-08-18 18:12:12,045 [ERROR] LogOutputStream:75 - [STDERR_REDIRECT] WARNING: Couldn't flush system prefs: java.util.prefs.BackingStoreException: Couldn't get file lock.
2026-08-18 18:12:12,045 [ERROR] LogOutputStream:75 - [STDERR_REDIRECT] 
2026-08-18 18:12:42,045 [ERROR] LogOutputStream:75 - [STDERR_REDIRECT] Aug 18, 2026 6:12:42 PM java.util.prefs.FileSystemPreferences checkLockFile0ErrorCode
2026-08-18 18:12:42,046 [ERROR] LogOutputStream:75 - [STDERR_REDIRECT] WARNING: Could not lock System prefs. Unix error code 2.
2026-08-18 18:12:42,046 [ERROR] LogOutputStream:75 - [STDERR_REDIRECT] 
2026-08-18 18:12:42,046 [ERROR] LogOutputStream:75 - [STDERR_REDIRECT] Aug 18, 2026 6:12:42 PM java.util.prefs.FileSystemPreferences syncWorld
2026-08-18 18:12:42,046 [ERROR] LogOutputStream:75 - [STDERR_REDIRECT] WARNING: Couldn't flush system prefs: java.util.prefs.BackingStoreException: Couldn't get file lock.
2026-08-18 18:12:42,047 [ERROR] LogOutputStream:75 - [STDERR_REDIRECT] 
2026-08-18 18:13:12,045 [ERROR] LogOutputStream:75 - [STDERR_REDIRECT] Aug 18, 2026 6:13:12 PM java.util.prefs.FileSystemPreferences checkLockFile0ErrorCode
2026-08-18 18:13:12,046 [ERROR] LogOutputStream:75 - [STDERR_REDIRECT] WARNING: Could not lock System prefs. Unix error code 2.
2026-08-18 18:13:12,046 [ERROR] LogOutputStream:75 - [STDERR_REDIRECT] 
2026-08-18 18:13:12,046 [ERROR] LogOutputStream:75 - [STDERR_REDIRECT] Aug 18, 2026 6:13:12 PM java.util.prefs.FileSystemPreferences syncWorld
2026-08-18 18:13:12,046 [ERROR] LogOutputStream:75 - [STDERR_REDIRECT] WARNING: Couldn't flush system prefs: java.util.prefs.BackingStoreException: Couldn't get file lock.
2026-08-18 18:13:12,046 [ERROR] LogOutputStream:75 - [STDERR_REDIRECT] 
2026-08-18 18:13:42,046 [ERROR] LogOutputStream:75 - [STDERR_REDIRECT] Aug 18, 2026 6:13:42 PM java.util.prefs.FileSystemPreferences checkLockFile0ErrorCode
2026-08-18 18:13:42,046 [ERROR] LogOutputStream:75 - [STDERR_REDIRECT] WARNING: Could not lock System prefs. Unix error code 2.
2026-08-18 18:13:42,046 [ERROR] LogOutputStream:75 - [STDERR_REDIRECT] 
2026-08-18 18:13:42,047 [ERROR] LogOutputStream:75 - [STDERR_REDIRECT] Aug 18, 2026 6:13:42 PM java.util.prefs.FileSystemPreferences syncWorld
2026-08-18 18:13:42,047 [ERROR] LogOutputStream:75 - [STDERR_REDIRECT] WARNING: Couldn't flush system prefs: java.util.prefs.BackingStoreException: Couldn't get file lock.
2026-08-18 18:13:42,047 [ERROR] LogOutputStream:75 - [STDERR_REDIRECT] 
2026-08-18 18:14:12,050 [ERROR] LogOutputStream:75 - [STDERR_REDIRECT] Aug 18, 2026 6:14:12 PM java.util.prefs.FileSystemPreferences checkLockFile0ErrorCode
2026-08-18 18:14:12,050 [ERROR] LogOutputStream:75 - [STDERR_REDIRECT] WARNING: Could not lock System prefs. Unix error code 2.
2026-08-18 18:14:12,050 [ERROR] LogOutputStream:75 - [STDERR_REDIRECT] 
2026-08-18 18:14:12,051 [ERROR] LogOutputStream:75 - [STDERR_REDIRECT] Aug 18, 2026 6:14:12 PM java.util.prefs.FileSystemPreferences syncWorld
2026-08-18 18:14:12,051 [ERROR] LogOutputStream:75 - [STDERR_REDIRECT] WARNING: Couldn't flush system prefs: java.util.prefs.BackingStoreException: Couldn't get file lock.
2026-08-18 18:14:12,051 [ERROR] LogOutputStream:75 - [STDERR_REDIRECT] 
2026-08-18 18:14:42,048 [ERROR] LogOutputStream:75 - [STDERR_REDIRECT] Aug 18, 2026 6:14:42 PM java.util.prefs.FileSystemPreferences checkLockFile0ErrorCode
2026-08-18 18:14:42,048 [ERROR] LogOutputStream:75 - [STDERR_REDIRECT] WARNING: Could not lock System prefs. Unix error code 2.
2026-08-18 18:14:42,048 [ERROR] LogOutputStream:75 - [STDERR_REDIRECT] 
2026-08-18 18:14:42,049 [ERROR] LogOutputStream:75 - [STDERR_REDIRECT] Aug 18, 2026 6:14:42 PM java.util.prefs.FileSystemPreferences syncWorld
2026-08-18 18:14:42,049 [ERROR] LogOutputStream:75 - [STDERR_REDIRECT] WARNING: Couldn't flush system prefs: java.util.prefs.BackingStoreException: Couldn't get file lock.
2026-08-18 18:14:42,049 [ERROR] LogOutputStream:75 - [STDERR_REDIRECT] 
2026-08-18 18:15:12,048 [ERROR] LogOutputStream:75 - [STDERR_REDIRECT] Aug 18, 2026 6:15:12 PM java.util.prefs.FileSystemPreferences checkLockFile0ErrorCode
2026-08-18 18:15:12,048 [ERROR] LogOutputStream:75 - [STDERR_REDIRECT] WARNING: Could not lock System prefs. Unix error code 2.
2026-08-18 18:15:12,048 [ERROR] LogOutputStream:75 - [STDERR_REDIRECT] 
2026-08-18 18:15:12,049 [ERROR] LogOutputStream:75 - [STDERR_REDIRECT] Aug 18, 2026 6:15:12 PM java.util.prefs.FileSystemPreferences syncWorld
2026-08-18 18:15:12,049 [ERROR] LogOutputStream:75 - [STDERR_REDIRECT] WARNING: Couldn't flush system prefs: java.util.prefs.BackingStoreException: Couldn't get file lock.
2026-08-18 18:15:12,049 [ERROR] LogOutputStream:75 - [STDERR_REDIRECT] 
2026-08-18 18:15:42,048 [ERROR] LogOutputStream:75 - [STDERR_REDIRECT] Aug 18, 2026 6:15:42 PM java.util.prefs.FileSystemPreferences checkLockFile0ErrorCode
2026-08-18 18:15:42,048 [ERROR] LogOutputStream:75 - [STDERR_REDIRECT] WARNING: Could not lock System prefs. Unix error code 2.
2026-08-18 18:15:42,048 [ERROR] LogOutputStream:75 - [STDERR_REDIRECT] 
2026-08-18 18:15:42,048 [ERROR] LogOutputStream:75 - [STDERR_REDIRECT] Aug 18, 2026 6:15:42 PM java.util.prefs.FileSystemPreferences syncWorld
2026-08-18 18:15:42,049 [ERROR] LogOutputStream:75 - [STDERR_REDIRECT] WARNING: Couldn't flush system prefs: java.util.prefs.BackingStoreException: Couldn't get file lock.
2026-08-18 18:15:42,049 [ERROR] LogOutputStream:75 - [STDERR_REDIRECT] 
2026-08-18 18:16:12,048 [ERROR] LogOutputStream:75 - [STDERR_REDIRECT] Aug 18, 2026 6:16:12 PM java.util.prefs.FileSystemPreferences checkLockFile0ErrorCode
2026-08-18 18:16:12,048 [ERROR] LogOutputStream:75 - [STDERR_REDIRECT] WARNING: Could not lock System prefs. Unix error code 2.
2026-08-18 18:16:12,048 [ERROR] LogOutputStream:75 - [STDERR_REDIRECT] 
2026-08-18 18:16:12,049 [ERROR] LogOutputStream:75 - [STDERR_REDIRECT] Aug 18, 2026 6:16:12 PM java.util.prefs.FileSystemPreferences syncWorld
2026-08-18 18:16:12,049 [ERROR] LogOutputStream:75 - [STDERR_REDIRECT] WARNING: Couldn't flush system prefs: java.util.prefs.BackingStoreException: Couldn't get file lock.
2026-08-18 18:16:12,050 [ERROR] LogOutputStream:75 - [STDERR_REDIRECT] 
2026-08-18 18:16:42,047 [ERROR] LogOutputStream:75 - [STDERR_REDIRECT] Aug 18, 2026 6:16:42 PM java.util.prefs.FileSystemPreferences checkLockFile0ErrorCode
2026-08-18 18:16:42,048 [ERROR] LogOutputStream:75 - [STDERR_REDIRECT] WARNING: Could not lock System prefs. Unix error code 2.
2026-08-18 18:16:42,048 [ERROR] LogOutputStream:75 - [STDERR_REDIRECT] 
2026-08-18 18:16:42,049 [ERROR] LogOutputStream:75 - [STDERR_REDIRECT] Aug 18, 2026 6:16:42 PM java.util.prefs.FileSystemPreferences syncWorld
2026-08-18 18:16:42,049 [ERROR] LogOutputStream:75 - [STDERR_REDIRECT] WARNING: Couldn't flush system prefs: java.util.prefs.BackingStoreException: Couldn't get file lock.
2026-08-18 18:16:42,049 [ERROR] LogOutputStream:75 - [STDERR_REDIRECT] 
2026-08-18 18:17:12,048 [ERROR] LogOutputStream:75 - [STDERR_REDIRECT] Aug 18, 2026 6:17:12 PM java.util.prefs.FileSystemPreferences checkLockFile0ErrorCode
2026-08-18 18:17:12,048 [ERROR] LogOutputStream:75 - [STDERR_REDIRECT] WARNING: Could not lock System prefs. Unix error code 2.
2026-08-18 18:17:12,049 [ERROR] LogOutputStream:75 - [STDERR_REDIRECT] 
2026-08-18 18:17:12,049 [ERROR] LogOutputStream:75 - [STDERR_REDIRECT] Aug 18, 2026 6:17:12 PM java.util.prefs.FileSystemPreferences syncWorld
2026-08-18 18:17:12,049 [ERROR] LogOutputStream:75 - [STDERR_REDIRECT] WARNING: Couldn't flush system prefs: java.util.prefs.BackingStoreException: Couldn't get file lock.
2026-08-18 18:17:12,050 [ERROR] LogOutputStream:75 - [STDERR_REDIRECT] 
2026-08-18 18:17:42,048 [ERROR] LogOutputStream:75 - [STDERR_REDIRECT] Aug 18, 2026 6:17:42 PM java.util.prefs.FileSystemPreferences checkLockFile0ErrorCode
2026-08-18 18:17:42,048 [ERROR] LogOutputStream:75 - [STDERR_REDIRECT] WARNING: Could not lock System prefs. Unix error code 2.
2026-08-18 18:17:42,048 [ERROR] LogOutputStream:75 - [STDERR_REDIRECT] 
2026-08-18 18:17:42,049 [ERROR] LogOutputStream:75 - [STDERR_REDIRECT] Aug 18, 2026 6:17:42 PM java.util.prefs.FileSystemPreferences syncWorld
2026-08-18 18:17:42,049 [ERROR] LogOutputStream:75 - [STDERR_REDIRECT] WARNING: Couldn't flush system prefs: java.util.prefs.BackingStoreException: Couldn't get file lock.
2026-08-18 18:17:42,049 [ERROR] LogOutputStream:75 - [STDERR_REDIRECT] 
2026-08-18 18:18:12,048 [ERROR] LogOutputStream:75 - [STDERR_REDIRECT] Aug 18, 2026 6:18:12 PM java.util.prefs.FileSystemPreferences checkLockFile0ErrorCode
2026-08-18 18:18:12,048 [ERROR] LogOutputStream:75 - [STDERR_REDIRECT] WARNING: Could not lock System prefs. Unix error code 2.
2026-08-18 18:18:12,048 [ERROR] LogOutputStream:75 - [STDERR_REDIRECT] 
2026-08-18 18:18:12,049 [ERROR] LogOutputStream:75 - [STDERR_REDIRECT] Aug 18, 2026 6:18:12 PM java.util.prefs.FileSystemPreferences syncWorld
2026-08-18 18:18:12,049 [ERROR] LogOutputStream:75 - [STDERR_REDIRECT] WARNING: Couldn't flush system prefs: java.util.prefs.BackingStoreException: Couldn't get file lock.
2026-08-18 18:18:12,049 [ERROR] LogOutputStream:75 - [STDERR_REDIRECT] 
2026-08-18 18:18:42,048 [ERROR] LogOutputStream:75 - [STDERR_REDIRECT] Aug 18, 2026 6:18:42 PM java.util.prefs.FileSystemPreferences checkLockFile0ErrorCode
2026-08-18 18:18:42,049 [ERROR] LogOutputStream:75 - [STDERR_REDIRECT] WARNING: Could not lock System prefs. Unix error code 2.
2026-08-18 18:18:42,049 [ERROR] LogOutputStream:75 - [STDERR_REDIRECT] 
2026-08-18 18:18:42,049 [ERROR] LogOutputStream:75 - [STDERR_REDIRECT] Aug 18, 2026 6:18:42 PM java.util.prefs.FileSystemPreferences syncWorld
2026-08-18 18:18:42,050 [ERROR] LogOutputStream:75 - [STDERR_REDIRECT] WARNING: Couldn't flush system prefs: java.util.prefs.BackingStoreException: Couldn't get file lock.
2026-08-18 18:18:42,050 [ERROR] LogOutputStream:75 - [STDERR_REDIRECT] 
2026-08-18 18:19:12,049 [ERROR] LogOutputStream:75 - [STDERR_REDIRECT] Aug 18, 2026 6:19:12 PM java.util.prefs.FileSystemPreferences checkLockFile0ErrorCode
2026-08-18 18:19:12,050 [ERROR] LogOutputStream:75 - [STDERR_REDIRECT] WARNING: Could not lock System prefs. Unix error code 2.
2026-08-18 18:19:12,050 [ERROR] LogOutputStream:75 - [STDERR_REDIRECT] 
2026-08-18 18:19:12,050 [ERROR] LogOutputStream:75 - [STDERR_REDIRECT] Aug 18, 2026 6:19:12 PM java.util.prefs.FileSystemPreferences syncWorld
2026-08-18 18:19:12,051 [ERROR] LogOutputStream:75 - [STDERR_REDIRECT] WARNING: Couldn't flush system prefs: java.util.prefs.BackingStoreException: Couldn't get file lock.
2026-08-18 18:19:12,051 [ERROR] LogOutputStream:75 - [STDERR_REDIRECT] 
2026-08-18 18:19:42,048 [ERROR] LogOutputStream:75 - [STDERR_REDIRECT] Aug 18, 2026 6:19:42 PM java.util.prefs.FileSystemPreferences checkLockFile0ErrorCode
2026-08-18 18:19:42,048 [ERROR] LogOutputStream:75 - [STDERR_REDIRECT] WARNING: Could not lock System prefs. Unix error code 2.
2026-08-18 18:19:42,049 [ERROR] LogOutputStream:75 - [STDERR_REDIRECT] 
2026-08-18 18:19:42,049 [ERROR] LogOutputStream:75 - [STDERR_REDIRECT] Aug 18, 2026 6:19:42 PM java.util.prefs.FileSystemPreferences syncWorld
2026-08-18 18:19:42,049 [ERROR] LogOutputStream:75 - [STDERR_REDIRECT] WARNING: Couldn't flush system prefs: java.util.prefs.BackingStoreException: Couldn't get file lock.
2026-08-18 18:19:42,049 [ERROR] LogOutputStream:75 - [STDERR_REDIRECT] 
2026-08-18 18:20:12,049 [ERROR] LogOutputStream:75 - [STDERR_REDIRECT] Aug 18, 2026 6:20:12 PM java.util.prefs.FileSystemPreferences checkLockFile0ErrorCode
2026-08-18 18:20:12,049 [ERROR] LogOutputStream:75 - [STDERR_REDIRECT] WARNING: Could not lock System prefs. Unix error code 2.
2026-08-18 18:20:12,049 [ERROR] LogOutputStream:75 - [STDERR_REDIRECT] 
2026-08-18 18:20:12,050 [ERROR] LogOutputStream:75 - [STDERR_REDIRECT] Aug 18, 2026 6:20:12 PM java.util.prefs.FileSystemPreferences syncWorld
2026-08-18 18:20:12,050 [ERROR] LogOutputStream:75 - [STDERR_REDIRECT] WARNING: Couldn't flush system prefs: java.util.prefs.BackingStoreException: Couldn't get file lock.
2026-08-18 18:20:12,050 [ERROR] LogOutputStream:75 - [STDERR_REDIRECT] 
2026-08-18 18:20:42,049 [ERROR] LogOutputStream:75 - [STDERR_REDIRECT] Aug 18, 2026 6:20:42 PM java.util.prefs.FileSystemPreferences checkLockFile0ErrorCode
2026-08-18 18:20:42,050 [ERROR] LogOutputStream:75 - [STDERR_REDIRECT] WARNING: Could not lock System prefs. Unix error code 2.
2026-08-18 18:20:42,050 [ERROR] LogOutputStream:75 - [STDERR_REDIRECT] 
2026-08-18 18:20:42,050 [ERROR] LogOutputStream:75 - [STDERR_REDIRECT] Aug 18, 2026 6:20:42 PM java.util.prefs.FileSystemPreferences syncWorld
2026-08-18 18:20:42,051 [ERROR] LogOutputStream:75 - [STDERR_REDIRECT] WARNING: Couldn't flush system prefs: java.util.prefs.BackingStoreException: Couldn't get file lock.
2026-08-18 18:20:42,051 [ERROR] LogOutputStream:75 - [STDERR_REDIRECT] 
2026-08-18 18:21:12,049 [ERROR] LogOutputStream:75 - [STDERR_REDIRECT] Aug 18, 2026 6:21:12 PM java.util.prefs.FileSystemPreferences checkLockFile0ErrorCode
2026-08-18 18:21:12,049 [ERROR] LogOutputStream:75 - [STDERR_REDIRECT] WARNING: Could not lock System prefs. Unix error code 2.
2026-08-18 18:21:12,049 [ERROR] LogOutputStream:75 - [STDERR_REDIRECT] 
2026-08-18 18:21:12,050 [ERROR] LogOutputStream:75 - [STDERR_REDIRECT] Aug 18, 2026 6:21:12 PM java.util.prefs.FileSystemPreferences syncWorld
2026-08-18 18:21:12,050 [ERROR] LogOutputStream:75 - [STDERR_REDIRECT] WARNING: Couldn't flush system prefs: java.util.prefs.BackingStoreException: Couldn't get file lock.
2026-08-18 18:21:12,050 [ERROR] LogOutputStream:75 - [STDERR_REDIRECT] 
2026-08-18 18:21:42,050 [ERROR] LogOutputStream:75 - [STDERR_REDIRECT] Aug 18, 2026 6:21:42 PM java.util.prefs.FileSystemPreferences checkLockFile0ErrorCode
2026-08-18 18:21:42,050 [ERROR] LogOutputStream:75 - [STDERR_REDIRECT] WARNING: Could not lock System prefs. Unix error code 2.
2026-08-18 18:21:42,050 [ERROR] LogOutputStream:75 - [STDERR_REDIRECT] 
2026-08-18 18:21:42,051 [ERROR] LogOutputStream:75 - [STDERR_REDIRECT] Aug 18, 2026 6:21:42 PM java.util.prefs.FileSystemPreferences syncWorld
2026-08-18 18:21:42,051 [ERROR] LogOutputStream:75 - [STDERR_REDIRECT] WARNING: Couldn't flush system prefs: java.util.prefs.BackingStoreException: Couldn't get file lock.
2026-08-18 18:21:42,051 [ERROR] LogOutputStream:75 - [STDERR_REDIRECT] 
2026-08-18 18:22:12,049 [ERROR] LogOutputStream:75 - [STDERR_REDIRECT] Aug 18, 2026 6:22:12 PM java.util.prefs.FileSystemPreferences checkLockFile0ErrorCode
2026-08-18 18:22:12,050 [ERROR] LogOutputStream:75 - [STDERR_REDIRECT] WARNING: Could not lock System prefs. Unix error code 2.
2026-08-18 18:22:12,050 [ERROR] LogOutputStream:75 - [STDERR_REDIRECT] 
2026-08-18 18:22:12,051 [ERROR] LogOutputStream:75 - [STDERR_REDIRECT] Aug 18, 2026 6:22:12 PM java.util.prefs.FileSystemPreferences syncWorld
2026-08-18 18:22:12,051 [ERROR] LogOutputStream:75 - [STDERR_REDIRECT] WARNING: Couldn't flush system prefs: java.util.prefs.BackingStoreException: Couldn't get file lock.
2026-08-18 18:22:12,051 [ERROR] LogOutputStream:75 - [STDERR_REDIRECT] 
2026-08-18 18:22:42,049 [ERROR] LogOutputStream:75 - [STDERR_REDIRECT] Aug 18, 2026 6:22:42 PM java.util.prefs.FileSystemPreferences checkLockFile0ErrorCode
2026-08-18 18:22:42,049 [ERROR] LogOutputStream:75 - [STDERR_REDIRECT] WARNING: Could not lock System prefs. Unix error code 2.
2026-08-18 18:22:42,050 [ERROR] LogOutputStream:75 - [STDERR_REDIRECT] 
2026-08-18 18:22:42,050 [ERROR] LogOutputStream:75 - [STDERR_REDIRECT] Aug 18, 2026 6:22:42 PM java.util.prefs.FileSystemPreferences syncWorld
2026-08-18 18:22:42,050 [ERROR] LogOutputStream:75 - [STDERR_REDIRECT] WARNING: Couldn't flush system prefs: java.util.prefs.BackingStoreException: Couldn't get file lock.
2026-08-18 18:22:42,051 [ERROR] LogOutputStream:75 - [STDERR_REDIRECT] 
2026-08-18 18:23:12,051 [ERROR] LogOutputStream:75 - [STDERR_REDIRECT] Aug 18, 2026 6:23:12 PM java.util.prefs.FileSystemPreferences checkLockFile0ErrorCode
2026-08-18 18:23:12,051 [ERROR] LogOutputStream:75 - [STDERR_REDIRECT] WARNING: Could not lock System prefs. Unix error code 2.
2026-08-18 18:23:12,051 [ERROR] LogOutputStream:75 - [STDERR_REDIRECT] 
2026-08-18 18:23:12,052 [ERROR] LogOutputStream:75 - [STDERR_REDIRECT] Aug 18, 2026 6:23:12 PM java.util.prefs.FileSystemPreferences syncWorld
2026-08-18 18:23:12,052 [ERROR] LogOutputStream:75 - [STDERR_REDIRECT] WARNING: Couldn't flush system prefs: java.util.prefs.BackingStoreException: Couldn't get file lock.
2026-08-18 18:23:12,052 [ERROR] LogOutputStream:75 - [STDERR_REDIRECT] 
2026-08-18 18:23:42,050 [ERROR] LogOutputStream:75 - [STDERR_REDIRECT] Aug 18, 2026 6:23:42 PM java.util.prefs.FileSystemPreferences checkLockFile0ErrorCode
2026-08-18 18:23:42,051 [ERROR] LogOutputStream:75 - [STDERR_REDIRECT] WARNING: Could not lock System prefs. Unix error code 2.
2026-08-18 18:23:42,051 [ERROR] LogOutputStream:75 - [STDERR_REDIRECT] 
2026-08-18 18:23:42,051 [ERROR] LogOutputStream:75 - [STDERR_REDIRECT] Aug 18, 2026 6:23:42 PM java.util.prefs.FileSystemPreferences syncWorld
2026-08-18 18:23:42,051 [ERROR] LogOutputStream:75 - [STDERR_REDIRECT] WARNING: Couldn't flush system prefs: java.util.prefs.BackingStoreException: Couldn't get file lock.
2026-08-18 18:23:42,052 [ERROR] LogOutputStream:75 - [STDERR_REDIRECT] 
2026-08-18 18:24:12,050 [ERROR] LogOutputStream:75 - [STDERR_REDIRECT] Aug 18, 2026 6:24:12 PM java.util.prefs.FileSystemPreferences checkLockFile0ErrorCode
2026-08-18 18:24:12,051 [ERROR] LogOutputStream:75 - [STDERR_REDIRECT] WARNING: Could not lock System prefs. Unix error code 2.
2026-08-18 18:24:12,051 [ERROR] LogOutputStream:75 - [STDERR_REDIRECT] 
2026-08-18 18:24:12,051 [ERROR] LogOutputStream:75 - [STDERR_REDIRECT] Aug 18, 2026 6:24:12 PM java.util.prefs.FileSystemPreferences syncWorld
2026-08-18 18:24:12,052 [ERROR] LogOutputStream:75 - [STDERR_REDIRECT] WARNING: Couldn't flush system prefs: java.util.prefs.BackingStoreException: Couldn't get file lock.
2026-08-18 18:24:12,052 [ERROR] LogOutputStream:75 - [STDERR_REDIRECT] 
2026-08-18 18:24:42,049 [ERROR] LogOutputStream:75 - [STDERR_REDIRECT] Aug 18, 2026 6:24:42 PM java.util.prefs.FileSystemPreferences checkLockFile0ErrorCode
2026-08-18 18:24:42,050 [ERROR] LogOutputStream:75 - [STDERR_REDIRECT] WARNING: Could not lock System prefs. Unix error code 2.
2026-08-18 18:24:42,050 [ERROR] LogOutputStream:75 - [STDERR_REDIRECT] 
2026-08-18 18:24:42,050 [ERROR] LogOutputStream:75 - [STDERR_REDIRECT] Aug 18, 2026 6:24:42 PM java.util.prefs.FileSystemPreferences syncWorld
2026-08-18 18:24:42,050 [ERROR] LogOutputStream:75 - [STDERR_REDIRECT] WARNING: Couldn't flush system prefs: java.util.prefs.BackingStoreException: Couldn't get file lock.
2026-08-18 18:24:42,050 [ERROR] LogOutputStream:75 - [STDERR_REDIRECT] 
2026-08-18 18:25:12,050 [ERROR] LogOutputStream:75 - [STDERR_REDIRECT] Aug 18, 2026 6:25:12 PM java.util.prefs.FileSystemPreferences checkLockFile0ErrorCode
2026-08-18 18:25:12,050 [ERROR] LogOutputStream:75 - [STDERR_REDIRECT] WARNING: Could not lock System prefs. Unix error code 2.
2026-08-18 18:25:12,050 [ERROR] LogOutputStream:75 - [STDERR_REDIRECT] 
2026-08-18 18:25:12,051 [ERROR] LogOutputStream:75 - [STDERR_REDIRECT] Aug 18, 2026 6:25:12 PM java.util.prefs.FileSystemPreferences syncWorld
2026-08-18 18:25:12,052 [ERROR] LogOutputStream:75 - [STDERR_REDIRECT] WARNING: Couldn't flush system prefs: java.util.prefs.BackingStoreException: Couldn't get file lock.
2026-08-18 18:25:12,052 [ERROR] LogOutputStream:75 - [STDERR_REDIRECT] 
2026-08-18 18:25:42,051 [ERROR] LogOutputStream:75 - [STDERR_REDIRECT] Aug 18, 2026 6:25:42 PM java.util.prefs.FileSystemPreferences checkLockFile0ErrorCode
2026-08-18 18:25:42,051 [ERROR] LogOutputStream:75 - [STDERR_REDIRECT] WARNING: Could not lock System prefs. Unix error code 2.
2026-08-18 18:25:42,052 [ERROR] LogOutputStream:75 - [STDERR_REDIRECT] 
2026-08-18 18:25:42,052 [ERROR] LogOutputStream:75 - [STDERR_REDIRECT] Aug 18, 2026 6:25:42 PM java.util.prefs.FileSystemPreferences syncWorld
2026-08-18 18:25:42,052 [ERROR] LogOutputStream:75 - [STDERR_REDIRECT] WARNING: Couldn't flush system prefs: java.util.prefs.BackingStoreException: Couldn't get file lock.
2026-08-18 18:25:42,053 [ERROR] LogOutputStream:75 - [STDERR_REDIRECT] 
2026-08-18 18:26:12,050 [ERROR] LogOutputStream:75 - [STDERR_REDIRECT] Aug 18, 2026 6:26:12 PM java.util.prefs.FileSystemPreferences checkLockFile0ErrorCode
2026-08-18 18:26:12,051 [ERROR] LogOutputStream:75 - [STDERR_REDIRECT] WARNING: Could not lock System prefs. Unix error code 2.
2026-08-18 18:26:12,051 [ERROR] LogOutputStream:75 - [STDERR_REDIRECT] 
2026-08-18 18:26:12,052 [ERROR] LogOutputStream:75 - [STDERR_REDIRECT] Aug 18, 2026 6:26:12 PM java.util.prefs.FileSystemPreferences syncWorld
2026-08-18 18:26:12,052 [ERROR] LogOutputStream:75 - [STDERR_REDIRECT] WARNING: Couldn't flush system prefs: java.util.prefs.BackingStoreException: Couldn't get file lock.
2026-08-18 18:26:12,052 [ERROR] LogOutputStream:75 - [STDERR_REDIRECT] 
2026-08-18 18:26:42,051 [ERROR] LogOutputStream:75 - [STDERR_REDIRECT] Aug 18, 2026 6:26:42 PM java.util.prefs.FileSystemPreferences checkLockFile0ErrorCode
2026-08-18 18:26:42,051 [ERROR] LogOutputStream:75 - [STDERR_REDIRECT] WARNING: Could not lock System prefs. Unix error code 2.
2026-08-18 18:26:42,051 [ERROR] LogOutputStream:75 - [STDERR_REDIRECT] 
2026-08-18 18:26:42,052 [ERROR] LogOutputStream:75 - [STDERR_REDIRECT] Aug 18, 2026 6:26:42 PM java.util.prefs.FileSystemPreferences syncWorld
2026-08-18 18:26:42,052 [ERROR] LogOutputStream:75 - [STDERR_REDIRECT] WARNING: Couldn't flush system prefs: java.util.prefs.BackingStoreException: Couldn't get file lock.
2026-08-18 18:26:42,052 [ERROR] LogOutputStream:75 - [STDERR_REDIRECT] 
2026-08-18 18:27:12,051 [ERROR] LogOutputStream:75 - [STDERR_REDIRECT] Aug 18, 2026 6:27:12 PM java.util.prefs.FileSystemPreferences checkLockFile0ErrorCode
2026-08-18 18:27:12,052 [ERROR] LogOutputStream:75 - [STDERR_REDIRECT] WARNING: Could not lock System prefs. Unix error code 2.
2026-08-18 18:27:12,052 [ERROR] LogOutputStream:75 - [STDERR_REDIRECT] 
2026-08-18 18:27:12,052 [ERROR] LogOutputStream:75 - [STDERR_REDIRECT] Aug 18, 2026 6:27:12 PM java.util.prefs.FileSystemPreferences syncWorld
2026-08-18 18:27:12,053 [ERROR] LogOutputStream:75 - [STDERR_REDIRECT] WARNING: Couldn't flush system prefs: java.util.prefs.BackingStoreException: Couldn't get file lock.
2026-08-18 18:27:12,053 [ERROR] LogOutputStream:75 - [STDERR_REDIRECT] 
2026-08-18 18:27:42,050 [ERROR] LogOutputStream:75 - [STDERR_REDIRECT] Aug 18, 2026 6:27:42 PM java.util.prefs.FileSystemPreferences checkLockFile0ErrorCode
2026-08-18 18:27:42,050 [ERROR] LogOutputStream:75 - [STDERR_REDIRECT] WARNING: Could not lock System prefs. Unix error code 2.
2026-08-18 18:27:42,056 [ERROR] LogOutputStream:75 - [STDERR_REDIRECT] 
2026-08-18 18:27:42,056 [ERROR] LogOutputStream:75 - [STDERR_REDIRECT] Aug 18, 2026 6:27:42 PM java.util.prefs.FileSystemPreferences syncWorld
2026-08-18 18:27:42,056 [ERROR] LogOutputStream:75 - [STDERR_REDIRECT] WARNING: Couldn't flush system prefs: java.util.prefs.BackingStoreException: Couldn't get file lock.
2026-08-18 18:27:42,057 [ERROR] LogOutputStream:75 - [STDERR_REDIRECT] 
2026-08-18 18:28:12,051 [ERROR] LogOutputStream:75 - [STDERR_REDIRECT] Aug 18, 2026 6:28:12 PM java.util.prefs.FileSystemPreferences checkLockFile0ErrorCode
2026-08-18 18:28:12,052 [ERROR] LogOutputStream:75 - [STDERR_REDIRECT] WARNING: Could not lock System prefs. Unix error code 2.
2026-08-18 18:28:12,052 [ERROR] LogOutputStream:75 - [STDERR_REDIRECT] 
2026-08-18 18:28:12,053 [ERROR] LogOutputStream:75 - [STDERR_REDIRECT] Aug 18, 2026 6:28:12 PM java.util.prefs.FileSystemPreferences syncWorld
2026-08-18 18:28:12,053 [ERROR] LogOutputStream:75 - [STDERR_REDIRECT] WARNING: Couldn't flush system prefs: java.util.prefs.BackingStoreException: Couldn't get file lock.
2026-08-18 18:28:12,053 [ERROR] LogOutputStream:75 - [STDERR_REDIRECT] 
2026-08-18 18:28:42,050 [ERROR] LogOutputStream:75 - [STDERR_REDIRECT] Aug 18, 2026 6:28:42 PM java.util.prefs.FileSystemPreferences checkLockFile0ErrorCode
2026-08-18 18:28:42,051 [ERROR] LogOutputStream:75 - [STDERR_REDIRECT] WARNING: Could not lock System prefs. Unix error code 2.
2026-08-18 18:28:42,051 [ERROR] LogOutputStream:75 - [STDERR_REDIRECT] 
2026-08-18 18:28:42,051 [ERROR] LogOutputStream:75 - [STDERR_REDIRECT] Aug 18, 2026 6:28:42 PM java.util.prefs.FileSystemPreferences syncWorld
2026-08-18 18:28:42,051 [ERROR] LogOutputStream:75 - [STDERR_REDIRECT] WARNING: Couldn't flush system prefs: java.util.prefs.BackingStoreException: Couldn't get file lock.
2026-08-18 18:28:42,052 [ERROR] LogOutputStream:75 - [STDERR_REDIRECT] 
2026-08-18 18:29:12,051 [ERROR] LogOutputStream:75 - [STDERR_REDIRECT] Aug 18, 2026 6:29:12 PM java.util.prefs.FileSystemPreferences checkLockFile0ErrorCode
2026-08-18 18:29:12,051 [ERROR] LogOutputStream:75 - [STDERR_REDIRECT] WARNING: Could not lock System prefs. Unix error code 2.
2026-08-18 18:29:12,051 [ERROR] LogOutputStream:75 - [STDERR_REDIRECT] 
2026-08-18 18:29:12,052 [ERROR] LogOutputStream:75 - [STDERR_REDIRECT] Aug 18, 2026 6:29:12 PM java.util.prefs.FileSystemPreferences syncWorld
2026-08-18 18:29:12,052 [ERROR] LogOutputStream:75 - [STDERR_REDIRECT] WARNING: Couldn't flush system prefs: java.util.prefs.BackingStoreException: Couldn't get file lock.
2026-08-18 18:29:12,053 [ERROR] LogOutputStream:75 - [STDERR_REDIRECT] 
2026-08-18 18:29:42,051 [ERROR] LogOutputStream:75 - [STDERR_REDIRECT] Aug 18, 2026 6:29:42 PM java.util.prefs.FileSystemPreferences checkLockFile0ErrorCode
2026-08-18 18:29:42,051 [ERROR] LogOutputStream:75 - [STDERR_REDIRECT] WARNING: Could not lock System prefs. Unix error code 2.
2026-08-18 18:29:42,052 [ERROR] LogOutputStream:75 - [STDERR_REDIRECT] 
2026-08-18 18:29:42,052 [ERROR] LogOutputStream:75 - [STDERR_REDIRECT] Aug 18, 2026 6:29:42 PM java.util.prefs.FileSystemPreferences syncWorld
2026-08-18 18:29:42,052 [ERROR] LogOutputStream:75 - [STDERR_REDIRECT] WARNING: Couldn't flush system prefs: java.util.prefs.BackingStoreException: Couldn't get file lock.
2026-08-18 18:29:42,052 [ERROR] LogOutputStream:75 - [STDERR_REDIRECT] 
2026-08-18 18:30:12,051 [ERROR] LogOutputStream:75 - [STDERR_REDIRECT] Aug 18, 2026 6:30:12 PM java.util.prefs.FileSystemPreferences checkLockFile0ErrorCode
2026-08-18 18:30:12,051 [ERROR] LogOutputStream:75 - [STDERR_REDIRECT] WARNING: Could not lock System prefs. Unix error code 2.
2026-08-18 18:30:12,052 [ERROR] LogOutputStream:75 - [STDERR_REDIRECT] 
2026-08-18 18:30:12,052 [ERROR] LogOutputStream:75 - [STDERR_REDIRECT] Aug 18, 2026 6:30:12 PM java.util.prefs.FileSystemPreferences syncWorld
2026-08-18 18:30:12,052 [ERROR] LogOutputStream:75 - [STDERR_REDIRECT] WARNING: Couldn't flush system prefs: java.util.prefs.BackingStoreException: Couldn't get file lock.
2026-08-18 18:30:12,052 [ERROR] LogOutputStream:75 - [STDERR_REDIRECT] 
2026-08-18 18:30:42,052 [ERROR] LogOutputStream:75 - [STDERR_REDIRECT] Aug 18, 2026 6:30:42 PM java.util.prefs.FileSystemPreferences checkLockFile0ErrorCode
2026-08-18 18:30:42,052 [ERROR] LogOutputStream:75 - [STDERR_REDIRECT] WARNING: Could not lock System prefs. Unix error code 2.
2026-08-18 18:30:42,052 [ERROR] LogOutputStream:75 - [STDERR_REDIRECT] 
2026-08-18 18:30:42,053 [ERROR] LogOutputStream:75 - [STDERR_REDIRECT] Aug 18, 2026 6:30:42 PM java.util.prefs.FileSystemPreferences syncWorld
2026-08-18 18:30:42,053 [ERROR] LogOutputStream:75 - [STDERR_REDIRECT] WARNING: Couldn't flush system prefs: java.util.prefs.BackingStoreException: Couldn't get file lock.
2026-08-18 18:30:42,053 [ERROR] LogOutputStream:75 - [STDERR_REDIRECT] 
2026-08-18 18:31:12,051 [ERROR] LogOutputStream:75 - [STDERR_REDIRECT] Aug 18, 2026 6:31:12 PM java.util.prefs.FileSystemPreferences checkLockFile0ErrorCode
2026-08-18 18:31:12,052 [ERROR] LogOutputStream:75 - [STDERR_REDIRECT] WARNING: Could not lock System prefs. Unix error code 2.
2026-08-18 18:31:12,052 [ERROR] LogOutputStream:75 - [STDERR_REDIRECT] 
2026-08-18 18:31:12,052 [ERROR] LogOutputStream:75 - [STDERR_REDIRECT] Aug 18, 2026 6:31:12 PM java.util.prefs.FileSystemPreferences syncWorld
2026-08-18 18:31:12,052 [ERROR] LogOutputStream:75 - [STDERR_REDIRECT] WARNING: Couldn't flush system prefs: java.util.prefs.BackingStoreException: Couldn't get file lock.
2026-08-18 18:31:12,053 [ERROR] LogOutputStream:75 - [STDERR_REDIRECT] 
2026-08-18 18:31:42,051 [ERROR] LogOutputStream:75 - [STDERR_REDIRECT] Aug 18, 2026 6:31:42 PM java.util.prefs.FileSystemPreferences checkLockFile0ErrorCode
2026-08-18 18:31:42,051 [ERROR] LogOutputStream:75 - [STDERR_REDIRECT] WARNING: Could not lock System prefs. Unix error code 2.
2026-08-18 18:31:42,051 [ERROR] LogOutputStream:75 - [STDERR_REDIRECT] 
2026-08-18 18:31:42,052 [ERROR] LogOutputStream:75 - [STDERR_REDIRECT] Aug 18, 2026 6:31:42 PM java.util.prefs.FileSystemPreferences syncWorld
2026-08-18 18:31:42,052 [ERROR] LogOutputStream:75 - [STDERR_REDIRECT] WARNING: Couldn't flush system prefs: java.util.prefs.BackingStoreException: Couldn't get file lock.
2026-08-18 18:31:42,052 [ERROR] LogOutputStream:75 - [STDERR_REDIRECT] 
2026-08-18 18:32:12,051 [ERROR] LogOutputStream:75 - [STDERR_REDIRECT] Aug 18, 2026 6:32:12 PM java.util.prefs.FileSystemPreferences checkLockFile0ErrorCode
2026-08-18 18:32:12,051 [ERROR] LogOutputStream:75 - [STDERR_REDIRECT] WARNING: Could not lock System prefs. Unix error code 2.
2026-08-18 18:32:12,052 [ERROR] LogOutputStream:75 - [STDERR_REDIRECT] 
2026-08-18 18:32:12,052 [ERROR] LogOutputStream:75 - [STDERR_REDIRECT] Aug 18, 2026 6:32:12 PM java.util.prefs.FileSystemPreferences syncWorld
2026-08-18 18:32:12,052 [ERROR] LogOutputStream:75 - [STDERR_REDIRECT] WARNING: Couldn't flush system prefs: java.util.prefs.BackingStoreException: Couldn't get file lock.
2026-08-18 18:32:12,052 [ERROR] LogOutputStream:75 - [STDERR_REDIRECT] 
2026-08-18 18:32:42,051 [ERROR] LogOutputStream:75 - [STDERR_REDIRECT] Aug 18, 2026 6:32:42 PM java.util.prefs.FileSystemPreferences checkLockFile0ErrorCode
2026-08-18 18:32:42,052 [ERROR] LogOutputStream:75 - [STDERR_REDIRECT] WARNING: Could not lock System prefs. Unix error code 2.
2026-08-18 18:32:42,052 [ERROR] LogOutputStream:75 - [STDERR_REDIRECT] 
2026-08-18 18:32:42,052 [ERROR] LogOutputStream:75 - [STDERR_REDIRECT] Aug 18, 2026 6:32:42 PM java.util.prefs.FileSystemPreferences syncWorld
2026-08-18 18:32:42,052 [ERROR] LogOutputStream:75 - [STDERR_REDIRECT] WARNING: Couldn't flush system prefs: java.util.prefs.BackingStoreException: Couldn't get file lock.
2026-08-18 18:32:42,053 [ERROR] LogOutputStream:75 - [STDERR_REDIRECT] 
2026-08-18 18:33:12,052 [ERROR] LogOutputStream:75 - [STDERR_REDIRECT] Aug 18, 2026 6:33:12 PM java.util.prefs.FileSystemPreferences checkLockFile0ErrorCode
2026-08-18 18:33:12,052 [ERROR] LogOutputStream:75 - [STDERR_REDIRECT] WARNING: Could not lock System prefs. Unix error code 2.
2026-08-18 18:33:12,052 [ERROR] LogOutputStream:75 - [STDERR_REDIRECT] 
2026-08-18 18:33:12,053 [ERROR] LogOutputStream:75 - [STDERR_REDIRECT] Aug 18, 2026 6:33:12 PM java.util.prefs.FileSystemPreferences syncWorld
2026-08-18 18:33:12,053 [ERROR] LogOutputStream:75 - [STDERR_REDIRECT] WARNING: Couldn't flush system prefs: java.util.prefs.BackingStoreException: Couldn't get file lock.
2026-08-18 18:33:12,053 [ERROR] LogOutputStream:75 - [STDERR_REDIRECT] 
2026-08-18 18:33:42,052 [ERROR] LogOutputStream:75 - [STDERR_REDIRECT] Aug 18, 2026 6:33:42 PM java.util.prefs.FileSystemPreferences checkLockFile0ErrorCode
2026-08-18 18:33:42,053 [ERROR] LogOutputStream:75 - [STDERR_REDIRECT] WARNING: Could not lock System prefs. Unix error code 2.
2026-08-18 18:33:42,053 [ERROR] LogOutputStream:75 - [STDERR_REDIRECT] 
2026-08-18 18:33:42,053 [ERROR] LogOutputStream:75 - [STDERR_REDIRECT] Aug 18, 2026 6:33:42 PM java.util.prefs.FileSystemPreferences syncWorld
2026-08-18 18:33:42,054 [ERROR] LogOutputStream:75 - [STDERR_REDIRECT] WARNING: Couldn't flush system prefs: java.util.prefs.BackingStoreException: Couldn't get file lock.
2026-08-18 18:33:42,054 [ERROR] LogOutputStream:75 - [STDERR_REDIRECT] 
2026-08-18 18:34:12,053 [ERROR] LogOutputStream:75 - [STDERR_REDIRECT] Aug 18, 2026 6:34:12 PM java.util.prefs.FileSystemPreferences checkLockFile0ErrorCode
2026-08-18 18:34:12,053 [ERROR] LogOutputStream:75 - [STDERR_REDIRECT] WARNING: Could not lock System prefs. Unix error code 2.
2026-08-18 18:34:12,053 [ERROR] LogOutputStream:75 - [STDERR_REDIRECT] 
2026-08-18 18:34:12,054 [ERROR] LogOutputStream:75 - [STDERR_REDIRECT] Aug 18, 2026 6:34:12 PM java.util.prefs.FileSystemPreferences syncWorld
2026-08-18 18:34:12,054 [ERROR] LogOutputStream:75 - [STDERR_REDIRECT] WARNING: Couldn't flush system prefs: java.util.prefs.BackingStoreException: Couldn't get file lock.
2026-08-18 18:34:12,054 [ERROR] LogOutputStream:75 - [STDERR_REDIRECT] 
2026-08-18 18:34:42,053 [ERROR] LogOutputStream:75 - [STDERR_REDIRECT] Aug 18, 2026 6:34:42 PM java.util.prefs.FileSystemPreferences checkLockFile0ErrorCode
2026-08-18 18:34:42,053 [ERROR] LogOutputStream:75 - [STDERR_REDIRECT] WARNING: Could not lock System prefs. Unix error code 2.
2026-08-18 18:34:42,054 [ERROR] LogOutputStream:75 - [STDERR_REDIRECT] 
2026-08-18 18:34:42,054 [ERROR] LogOutputStream:75 - [STDERR_REDIRECT] Aug 18, 2026 6:34:42 PM java.util.prefs.FileSystemPreferences syncWorld
2026-08-18 18:34:42,054 [ERROR] LogOutputStream:75 - [STDERR_REDIRECT] WARNING: Couldn't flush system prefs: java.util.prefs.BackingStoreException: Couldn't get file lock.
2026-08-18 18:34:42,054 [ERROR] LogOutputStream:75 - [STDERR_REDIRECT] 
2026-08-18 18:35:12,053 [ERROR] LogOutputStream:75 - [STDERR_REDIRECT] Aug 18, 2026 6:35:12 PM java.util.prefs.FileSystemPreferences checkLockFile0ErrorCode
2026-08-18 18:35:12,054 [ERROR] LogOutputStream:75 - [STDERR_REDIRECT] WARNING: Could not lock System prefs. Unix error code 2.
2026-08-18 18:35:12,054 [ERROR] LogOutputStream:75 - [STDERR_REDIRECT] 
2026-08-18 18:35:12,054 [ERROR] LogOutputStream:75 - [STDERR_REDIRECT] Aug 18, 2026 6:35:12 PM java.util.prefs.FileSystemPreferences syncWorld
2026-08-18 18:35:12,054 [ERROR] LogOutputStream:75 - [STDERR_REDIRECT] WARNING: Couldn't flush system prefs: java.util.prefs.BackingStoreException: Couldn't get file lock.
2026-08-18 18:35:12,054 [ERROR] LogOutputStream:75 - [STDERR_REDIRECT] 
2026-08-18 18:35:42,052 [ERROR] LogOutputStream:75 - [STDERR_REDIRECT] Aug 18, 2026 6:35:42 PM java.util.prefs.FileSystemPreferences checkLockFile0ErrorCode
2026-08-18 18:35:42,053 [ERROR] LogOutputStream:75 - [STDERR_REDIRECT] WARNING: Could not lock System prefs. Unix error code 2.
2026-08-18 18:35:42,053 [ERROR] LogOutputStream:75 - [STDERR_REDIRECT] 
2026-08-18 18:35:42,053 [ERROR] LogOutputStream:75 - [STDERR_REDIRECT] Aug 18, 2026 6:35:42 PM java.util.prefs.FileSystemPreferences syncWorld
2026-08-18 18:35:42,054 [ERROR] LogOutputStream:75 - [STDERR_REDIRECT] WARNING: Couldn't flush system prefs: java.util.prefs.BackingStoreException: Couldn't get file lock.
2026-08-18 18:35:42,054 [ERROR] LogOutputStream:75 - [STDERR_REDIRECT] 
2026-08-18 18:36:12,053 [ERROR] LogOutputStream:75 - [STDERR_REDIRECT] Aug 18, 2026 6:36:12 PM java.util.prefs.FileSystemPreferences checkLockFile0ErrorCode
2026-08-18 18:36:12,053 [ERROR] LogOutputStream:75 - [STDERR_REDIRECT] WARNING: Could not lock System prefs. Unix error code 2.
2026-08-18 18:36:12,054 [ERROR] LogOutputStream:75 - [STDERR_REDIRECT] 
2026-08-18 18:36:12,054 [ERROR] LogOutputStream:75 - [STDERR_REDIRECT] Aug 18, 2026 6:36:12 PM java.util.prefs.FileSystemPreferences syncWorld
2026-08-18 18:36:12,054 [ERROR] LogOutputStream:75 - [STDERR_REDIRECT] WARNING: Couldn't flush system prefs: java.util.prefs.BackingStoreException: Couldn't get file lock.
2026-08-18 18:36:12,054 [ERROR] LogOutputStream:75 - [STDERR_REDIRECT] 
2026-08-18 18:36:42,053 [ERROR] LogOutputStream:75 - [STDERR_REDIRECT] Aug 18, 2026 6:36:42 PM java.util.prefs.FileSystemPreferences checkLockFile0ErrorCode
2026-08-18 18:36:42,053 [ERROR] LogOutputStream:75 - [STDERR_REDIRECT] WARNING: Could not lock System prefs. Unix error code 2.
2026-08-18 18:36:42,054 [ERROR] LogOutputStream:75 - [STDERR_REDIRECT] 
2026-08-18 18:36:42,054 [ERROR] LogOutputStream:75 - [STDERR_REDIRECT] Aug 18, 2026 6:36:42 PM java.util.prefs.FileSystemPreferences syncWorld
2026-08-18 18:36:42,054 [ERROR] LogOutputStream:75 - [STDERR_REDIRECT] WARNING: Couldn't flush system prefs: java.util.prefs.BackingStoreException: Couldn't get file lock.
2026-08-18 18:36:42,054 [ERROR] LogOutputStream:75 - [STDERR_REDIRECT] 
2026-08-18 18:37:12,053 [ERROR] LogOutputStream:75 - [STDERR_REDIRECT] Aug 18, 2026 6:37:12 PM java.util.prefs.FileSystemPreferences checkLockFile0ErrorCode
2026-08-18 18:37:12,053 [ERROR] LogOutputStream:75 - [STDERR_REDIRECT] WARNING: Could not lock System prefs. Unix error code 2.
2026-08-18 18:37:12,053 [ERROR] LogOutputStream:75 - [STDERR_REDIRECT] 
2026-08-18 18:37:12,053 [ERROR] LogOutputStream:75 - [STDERR_REDIRECT] Aug 18, 2026 6:37:12 PM java.util.prefs.FileSystemPreferences syncWorld
2026-08-18 18:37:12,054 [ERROR] LogOutputStream:75 - [STDERR_REDIRECT] WARNING: Couldn't flush system prefs: java.util.prefs.BackingStoreException: Couldn't get file lock.
2026-08-18 18:37:12,054 [ERROR] LogOutputStream:75 - [STDERR_REDIRECT] 
2026-08-18 18:37:42,053 [ERROR] LogOutputStream:75 - [STDERR_REDIRECT] Aug 18, 2026 6:37:42 PM java.util.prefs.FileSystemPreferences checkLockFile0ErrorCode
2026-08-18 18:37:42,053 [ERROR] LogOutputStream:75 - [STDERR_REDIRECT] WARNING: Could not lock System prefs. Unix error code 2.
2026-08-18 18:37:42,053 [ERROR] LogOutputStream:75 - [STDERR_REDIRECT] 
2026-08-18 18:37:42,053 [ERROR] LogOutputStream:75 - [STDERR_REDIRECT] Aug 18, 2026 6:37:42 PM java.util.prefs.FileSystemPreferences syncWorld
2026-08-18 18:37:42,054 [ERROR] LogOutputStream:75 - [STDERR_REDIRECT] WARNING: Couldn't flush system prefs: java.util.prefs.BackingStoreException: Couldn't get file lock.
2026-08-18 18:37:42,054 [ERROR] LogOutputStream:75 - [STDERR_REDIRECT] 
2026-08-18 18:38:12,053 [ERROR] LogOutputStream:75 - [STDERR_REDIRECT] Aug 18, 2026 6:38:12 PM java.util.prefs.FileSystemPreferences checkLockFile0ErrorCode
2026-08-18 18:38:12,053 [ERROR] LogOutputStream:75 - [STDERR_REDIRECT] WARNING: Could not lock System prefs. Unix error code 2.
2026-08-18 18:38:12,053 [ERROR] LogOutputStream:75 - [STDERR_REDIRECT] 
2026-08-18 18:38:12,054 [ERROR] LogOutputStream:75 - [STDERR_REDIRECT] Aug 18, 2026 6:38:12 PM java.util.prefs.FileSystemPreferences syncWorld
2026-08-18 18:38:12,054 [ERROR] LogOutputStream:75 - [STDERR_REDIRECT] WARNING: Couldn't flush system prefs: java.util.prefs.BackingStoreException: Couldn't get file lock.
2026-08-18 18:38:12,054 [ERROR] LogOutputStream:75 - [STDERR_REDIRECT] 
2026-08-18 18:38:42,053 [ERROR] LogOutputStream:75 - [STDERR_REDIRECT] Aug 18, 2026 6:38:42 PM java.util.prefs.FileSystemPreferences checkLockFile0ErrorCode
2026-08-18 18:38:42,053 [ERROR] LogOutputStream:75 - [STDERR_REDIRECT] WARNING: Could not lock System prefs. Unix error code 2.
2026-08-18 18:38:42,053 [ERROR] LogOutputStream:75 - [STDERR_REDIRECT] 
2026-08-18 18:38:42,054 [ERROR] LogOutputStream:75 - [STDERR_REDIRECT] Aug 18, 2026 6:38:42 PM java.util.prefs.FileSystemPreferences syncWorld
2026-08-18 18:38:42,054 [ERROR] LogOutputStream:75 - [STDERR_REDIRECT] WARNING: Couldn't flush system prefs: java.util.prefs.BackingStoreException: Couldn't get file lock.
2026-08-18 18:38:42,054 [ERROR] LogOutputStream:75 - [STDERR_REDIRECT] 
2026-08-18 18:39:12,053 [ERROR] LogOutputStream:75 - [STDERR_REDIRECT] Aug 18, 2026 6:39:12 PM java.util.prefs.FileSystemPreferences checkLockFile0ErrorCode
2026-08-18 18:39:12,053 [ERROR] LogOutputStream:75 - [STDERR_REDIRECT] WARNING: Could not lock System prefs. Unix error code 2.
2026-08-18 18:39:12,059 [ERROR] LogOutputStream:75 - [STDERR_REDIRECT] 
2026-08-18 18:39:12,059 [ERROR] LogOutputStream:75 - [STDERR_REDIRECT] Aug 18, 2026 6:39:12 PM java.util.prefs.FileSystemPreferences syncWorld
2026-08-18 18:39:12,059 [ERROR] LogOutputStream:75 - [STDERR_REDIRECT] WARNING: Couldn't flush system prefs: java.util.prefs.BackingStoreException: Couldn't get file lock.
2026-08-18 18:39:12,060 [ERROR] LogOutputStream:75 - [STDERR_REDIRECT] 
2026-08-18 18:39:42,053 [ERROR] LogOutputStream:75 - [STDERR_REDIRECT] Aug 18, 2026 6:39:42 PM java.util.prefs.FileSystemPreferences checkLockFile0ErrorCode
2026-08-18 18:39:42,053 [ERROR] LogOutputStream:75 - [STDERR_REDIRECT] WARNING: Could not lock System prefs. Unix error code 2.
2026-08-18 18:39:42,053 [ERROR] LogOutputStream:75 - [STDERR_REDIRECT] 
2026-08-18 18:39:42,054 [ERROR] LogOutputStream:75 - [STDERR_REDIRECT] Aug 18, 2026 6:39:42 PM java.util.prefs.FileSystemPreferences syncWorld
2026-08-18 18:39:42,054 [ERROR] LogOutputStream:75 - [STDERR_REDIRECT] WARNING: Couldn't flush system prefs: java.util.prefs.BackingStoreException: Couldn't get file lock.
2026-08-18 18:39:42,054 [ERROR] LogOutputStream:75 - [STDERR_REDIRECT] 
2026-08-18 18:40:12,053 [ERROR] LogOutputStream:75 - [STDERR_REDIRECT] Aug 18, 2026 6:40:12 PM java.util.prefs.FileSystemPreferences checkLockFile0ErrorCode
2026-08-18 18:40:12,053 [ERROR] LogOutputStream:75 - [STDERR_REDIRECT] WARNING: Could not lock System prefs. Unix error code 2.
2026-08-18 18:40:12,054 [ERROR] LogOutputStream:75 - [STDERR_REDIRECT] 
2026-08-18 18:40:12,054 [ERROR] LogOutputStream:75 - [STDERR_REDIRECT] Aug 18, 2026 6:40:12 PM java.util.prefs.FileSystemPreferences syncWorld
2026-08-18 18:40:12,054 [ERROR] LogOutputStream:75 - [STDERR_REDIRECT] WARNING: Couldn't flush system prefs: java.util.prefs.BackingStoreException: Couldn't get file lock.
2026-08-18 18:40:12,054 [ERROR] LogOutputStream:75 - [STDERR_REDIRECT] 
2026-08-18 18:40:42,053 [ERROR] LogOutputStream:75 - [STDERR_REDIRECT] Aug 18, 2026 6:40:42 PM java.util.prefs.FileSystemPreferences checkLockFile0ErrorCode
2026-08-18 18:40:42,053 [ERROR] LogOutputStream:75 - [STDERR_REDIRECT] WARNING: Could not lock System prefs. Unix error code 2.
2026-08-18 18:40:42,054 [ERROR] LogOutputStream:75 - [STDERR_REDIRECT] 
2026-08-18 18:40:42,054 [ERROR] LogOutputStream:75 - [STDERR_REDIRECT] Aug 18, 2026 6:40:42 PM java.util.prefs.FileSystemPreferences syncWorld
2026-08-18 18:40:42,054 [ERROR] LogOutputStream:75 - [STDERR_REDIRECT] WARNING: Couldn't flush system prefs: java.util.prefs.BackingStoreException: Couldn't get file lock.
2026-08-18 18:40:42,054 [ERROR] LogOutputStream:75 - [STDERR_REDIRECT] 
2026-08-18 18:41:12,054 [ERROR] LogOutputStream:75 - [STDERR_REDIRECT] Aug 18, 2026 6:41:12 PM java.util.prefs.FileSystemPreferences checkLockFile0ErrorCode
2026-08-18 18:41:12,054 [ERROR] LogOutputStream:75 - [STDERR_REDIRECT] WARNING: Could not lock System prefs. Unix error code 2.
2026-08-18 18:41:12,054 [ERROR] LogOutputStream:75 - [STDERR_REDIRECT] 
2026-08-18 18:41:12,055 [ERROR] LogOutputStream:75 - [STDERR_REDIRECT] Aug 18, 2026 6:41:12 PM java.util.prefs.FileSystemPreferences syncWorld
2026-08-18 18:41:12,055 [ERROR] LogOutputStream:75 - [STDERR_REDIRECT] WARNING: Couldn't flush system prefs: java.util.prefs.BackingStoreException: Couldn't get file lock.
2026-08-18 18:41:12,055 [ERROR] LogOutputStream:75 - [STDERR_REDIRECT] 
2026-08-18 18:41:42,053 [ERROR] LogOutputStream:75 - [STDERR_REDIRECT] Aug 18, 2026 6:41:42 PM java.util.prefs.FileSystemPreferences checkLockFile0ErrorCode
2026-08-18 18:41:42,054 [ERROR] LogOutputStream:75 - [STDERR_REDIRECT] WARNING: Could not lock System prefs. Unix error code 2.
2026-08-18 18:41:42,054 [ERROR] LogOutputStream:75 - [STDERR_REDIRECT] 
2026-08-18 18:41:42,054 [ERROR] LogOutputStream:75 - [STDERR_REDIRECT] Aug 18, 2026 6:41:42 PM java.util.prefs.FileSystemPreferences syncWorld
2026-08-18 18:41:42,055 [ERROR] LogOutputStream:75 - [STDERR_REDIRECT] WARNING: Couldn't flush system prefs: java.util.prefs.BackingStoreException: Couldn't get file lock.
2026-08-18 18:41:42,055 [ERROR] LogOutputStream:75 - [STDERR_REDIRECT] 
2026-08-18 18:42:12,053 [ERROR] LogOutputStream:75 - [STDERR_REDIRECT] Aug 18, 2026 6:42:12 PM java.util.prefs.FileSystemPreferences checkLockFile0ErrorCode
2026-08-18 18:42:12,054 [ERROR] LogOutputStream:75 - [STDERR_REDIRECT] WARNING: Could not lock System prefs. Unix error code 2.
2026-08-18 18:42:12,054 [ERROR] LogOutputStream:75 - [STDERR_REDIRECT] 
2026-08-18 18:42:12,054 [ERROR] LogOutputStream:75 - [STDERR_REDIRECT] Aug 18, 2026 6:42:12 PM java.util.prefs.FileSystemPreferences syncWorld
2026-08-18 18:42:12,054 [ERROR] LogOutputStream:75 - [STDERR_REDIRECT] WARNING: Couldn't flush system prefs: java.util.prefs.BackingStoreException: Couldn't get file lock.
2026-08-18 18:42:12,054 [ERROR] LogOutputStream:75 - [STDERR_REDIRECT] 
2026-08-18 18:42:42,054 [ERROR] LogOutputStream:75 - [STDERR_REDIRECT] Aug 18, 2026 6:42:42 PM java.util.prefs.FileSystemPreferences checkLockFile0ErrorCode
2026-08-18 18:42:42,054 [ERROR] LogOutputStream:75 - [STDERR_REDIRECT] WARNING: Could not lock System prefs. Unix error code 2.
2026-08-18 18:42:42,055 [ERROR] LogOutputStream:75 - [STDERR_REDIRECT] 
2026-08-18 18:42:42,055 [ERROR] LogOutputStream:75 - [STDERR_REDIRECT] Aug 18, 2026 6:42:42 PM java.util.prefs.FileSystemPreferences syncWorld
2026-08-18 18:42:42,055 [ERROR] LogOutputStream:75 - [STDERR_REDIRECT] WARNING: Couldn't flush system prefs: java.util.prefs.BackingStoreException: Couldn't get file lock.
2026-08-18 18:42:42,055 [ERROR] LogOutputStream:75 - [STDERR_REDIRECT] 
2026-08-18 18:43:12,054 [ERROR] LogOutputStream:75 - [STDERR_REDIRECT] Aug 18, 2026 6:43:12 PM java.util.prefs.FileSystemPreferences checkLockFile0ErrorCode
2026-08-18 18:43:12,055 [ERROR] LogOutputStream:75 - [STDERR_REDIRECT] WARNING: Could not lock System prefs. Unix error code 2.
2026-08-18 18:43:12,055 [ERROR] LogOutputStream:75 - [STDERR_REDIRECT] 
2026-08-18 18:43:12,055 [ERROR] LogOutputStream:75 - [STDERR_REDIRECT] Aug 18, 2026 6:43:12 PM java.util.prefs.FileSystemPreferences syncWorld
2026-08-18 18:43:12,056 [ERROR] LogOutputStream:75 - [STDERR_REDIRECT] WARNING: Couldn't flush system prefs: java.util.prefs.BackingStoreException: Couldn't get file lock.
2026-08-18 18:43:12,056 [ERROR] LogOutputStream:75 - [STDERR_REDIRECT] 
2026-08-18 18:43:42,053 [ERROR] LogOutputStream:75 - [STDERR_REDIRECT] Aug 18, 2026 6:43:42 PM java.util.prefs.FileSystemPreferences checkLockFile0ErrorCode
2026-08-18 18:43:42,054 [ERROR] LogOutputStream:75 - [STDERR_REDIRECT] WARNING: Could not lock System prefs. Unix error code 2.
2026-08-18 18:43:42,054 [ERROR] LogOutputStream:75 - [STDERR_REDIRECT] 
2026-08-18 18:43:42,054 [ERROR] LogOutputStream:75 - [STDERR_REDIRECT] Aug 18, 2026 6:43:42 PM java.util.prefs.FileSystemPreferences syncWorld
2026-08-18 18:43:42,054 [ERROR] LogOutputStream:75 - [STDERR_REDIRECT] WARNING: Couldn't flush system prefs: java.util.prefs.BackingStoreException: Couldn't get file lock.
2026-08-18 18:43:42,054 [ERROR] LogOutputStream:75 - [STDERR_REDIRECT] 
2026-08-18 18:44:12,053 [ERROR] LogOutputStream:75 - [STDERR_REDIRECT] Aug 18, 2026 6:44:12 PM java.util.prefs.FileSystemPreferences checkLockFile0ErrorCode
2026-08-18 18:44:12,054 [ERROR] LogOutputStream:75 - [STDERR_REDIRECT] WARNING: Could not lock System prefs. Unix error code 2.
2026-08-18 18:44:12,054 [ERROR] LogOutputStream:75 - [STDERR_REDIRECT] 
2026-08-18 18:44:12,054 [ERROR] LogOutputStream:75 - [STDERR_REDIRECT] Aug 18, 2026 6:44:12 PM java.util.prefs.FileSystemPreferences syncWorld
2026-08-18 18:44:12,054 [ERROR] LogOutputStream:75 - [STDERR_REDIRECT] WARNING: Couldn't flush system prefs: java.util.prefs.BackingStoreException: Couldn't get file lock.
2026-08-18 18:44:12,054 [ERROR] LogOutputStream:75 - [STDERR_REDIRECT] 
2026-08-18 18:44:42,056 [ERROR] LogOutputStream:75 - [STDERR_REDIRECT] Aug 18, 2026 6:44:42 PM java.util.prefs.FileSystemPreferences checkLockFile0ErrorCode
2026-08-18 18:44:42,057 [ERROR] LogOutputStream:75 - [STDERR_REDIRECT] WARNING: Could not lock System prefs. Unix error code 2.
2026-08-18 18:44:42,057 [ERROR] LogOutputStream:75 - [STDERR_REDIRECT] 
2026-08-18 18:44:42,057 [ERROR] LogOutputStream:75 - [STDERR_REDIRECT] Aug 18, 2026 6:44:42 PM java.util.prefs.FileSystemPreferences syncWorld
2026-08-18 18:44:42,058 [ERROR] LogOutputStream:75 - [STDERR_REDIRECT] WARNING: Couldn't flush system prefs: java.util.prefs.BackingStoreException: Couldn't get file lock.
2026-08-18 18:44:42,058 [ERROR] LogOutputStream:75 - [STDERR_REDIRECT] 
2026-08-18 18:45:12,055 [ERROR] LogOutputStream:75 - [STDERR_REDIRECT] Aug 18, 2026 6:45:12 PM java.util.prefs.FileSystemPreferences checkLockFile0ErrorCode
2026-08-18 18:45:12,055 [ERROR] LogOutputStream:75 - [STDERR_REDIRECT] WARNING: Could not lock System prefs. Unix error code 2.
2026-08-18 18:45:12,055 [ERROR] LogOutputStream:75 - [STDERR_REDIRECT] 
2026-08-18 18:45:12,055 [ERROR] LogOutputStream:75 - [STDERR_REDIRECT] Aug 18, 2026 6:45:12 PM java.util.prefs.FileSystemPreferences syncWorld
2026-08-18 18:45:12,056 [ERROR] LogOutputStream:75 - [STDERR_REDIRECT] WARNING: Couldn't flush system prefs: java.util.prefs.BackingStoreException: Couldn't get file lock.
2026-08-18 18:45:12,056 [ERROR] LogOutputStream:75 - [STDERR_REDIRECT] 
2026-08-18 18:45:42,055 [ERROR] LogOutputStream:75 - [STDERR_REDIRECT] Aug 18, 2026 6:45:42 PM java.util.prefs.FileSystemPreferences checkLockFile0ErrorCode
2026-08-18 18:45:42,055 [ERROR] LogOutputStream:75 - [STDERR_REDIRECT] WARNING: Could not lock System prefs. Unix error code 2.
2026-08-18 18:45:42,055 [ERROR] LogOutputStream:75 - [STDERR_REDIRECT] 
2026-08-18 18:45:42,055 [ERROR] LogOutputStream:75 - [STDERR_REDIRECT] Aug 18, 2026 6:45:42 PM java.util.prefs.FileSystemPreferences syncWorld
2026-08-18 18:45:42,056 [ERROR] LogOutputStream:75 - [STDERR_REDIRECT] WARNING: Couldn't flush system prefs: java.util.prefs.BackingStoreException: Couldn't get file lock.
2026-08-18 18:45:42,056 [ERROR] LogOutputStream:75 - [STDERR_REDIRECT] 
2026-08-18 18:46:12,055 [ERROR] LogOutputStream:75 - [STDERR_REDIRECT] Aug 18, 2026 6:46:12 PM java.util.prefs.FileSystemPreferences checkLockFile0ErrorCode
2026-08-18 18:46:12,055 [ERROR] LogOutputStream:75 - [STDERR_REDIRECT] WARNING: Could not lock System prefs. Unix error code 2.
2026-08-18 18:46:12,056 [ERROR] LogOutputStream:75 - [STDERR_REDIRECT] 
2026-08-18 18:46:12,056 [ERROR] LogOutputStream:75 - [STDERR_REDIRECT] Aug 18, 2026 6:46:12 PM java.util.prefs.FileSystemPreferences syncWorld
2026-08-18 18:46:12,056 [ERROR] LogOutputStream:75 - [STDERR_REDIRECT] WARNING: Couldn't flush system prefs: java.util.prefs.BackingStoreException: Couldn't get file lock.
2026-08-18 18:46:12,056 [ERROR] LogOutputStream:75 - [STDERR_REDIRECT] 
2026-08-18 18:46:42,055 [ERROR] LogOutputStream:75 - [STDERR_REDIRECT] Aug 18, 2026 6:46:42 PM java.util.prefs.FileSystemPreferences checkLockFile0ErrorCode
2026-08-18 18:46:42,056 [ERROR] LogOutputStream:75 - [STDERR_REDIRECT] WARNING: Could not lock System prefs. Unix error code 2.
2026-08-18 18:46:42,056 [ERROR] LogOutputStream:75 - [STDERR_REDIRECT] 
2026-08-18 18:46:42,057 [ERROR] LogOutputStream:75 - [STDERR_REDIRECT] Aug 18, 2026 6:46:42 PM java.util.prefs.FileSystemPreferences syncWorld
2026-08-18 18:46:42,057 [ERROR] LogOutputStream:75 - [STDERR_REDIRECT] WARNING: Couldn't flush system prefs: java.util.prefs.BackingStoreException: Couldn't get file lock.
2026-08-18 18:46:42,057 [ERROR] LogOutputStream:75 - [STDERR_REDIRECT] 
2026-08-18 18:47:12,055 [ERROR] LogOutputStream:75 - [STDERR_REDIRECT] Aug 18, 2026 6:47:12 PM java.util.prefs.FileSystemPreferences checkLockFile0ErrorCode
2026-08-18 18:47:12,056 [ERROR] LogOutputStream:75 - [STDERR_REDIRECT] WARNING: Could not lock System prefs. Unix error code 2.
2026-08-18 18:47:12,056 [ERROR] LogOutputStream:75 - [STDERR_REDIRECT] 
2026-08-18 18:47:12,057 [ERROR] LogOutputStream:75 - [STDERR_REDIRECT] Aug 18, 2026 6:47:12 PM java.util.prefs.FileSystemPreferences syncWorld
2026-08-18 18:47:12,057 [ERROR] LogOutputStream:75 - [STDERR_REDIRECT] WARNING: Couldn't flush system prefs: java.util.prefs.BackingStoreException: Couldn't get file lock.
2026-08-18 18:47:12,057 [ERROR] LogOutputStream:75 - [STDERR_REDIRECT] 
2026-08-18 18:47:42,056 [ERROR] LogOutputStream:75 - [STDERR_REDIRECT] Aug 18, 2026 6:47:42 PM java.util.prefs.FileSystemPreferences checkLockFile0ErrorCode
2026-08-18 18:47:42,056 [ERROR] LogOutputStream:75 - [STDERR_REDIRECT] WARNING: Could not lock System prefs. Unix error code 2.
2026-08-18 18:47:42,056 [ERROR] LogOutputStream:75 - [STDERR_REDIRECT] 
2026-08-18 18:47:42,057 [ERROR] LogOutputStream:75 - [STDERR_REDIRECT] Aug 18, 2026 6:47:42 PM java.util.prefs.FileSystemPreferences syncWorld
2026-08-18 18:47:42,057 [ERROR] LogOutputStream:75 - [STDERR_REDIRECT] WARNING: Couldn't flush system prefs: java.util.prefs.BackingStoreException: Couldn't get file lock.
2026-08-18 18:47:42,057 [ERROR] LogOutputStream:75 - [STDERR_REDIRECT] 
2026-08-18 18:48:12,057 [ERROR] LogOutputStream:75 - [STDERR_REDIRECT] Aug 18, 2026 6:48:12 PM java.util.prefs.FileSystemPreferences checkLockFile0ErrorCode
2026-08-18 18:48:12,058 [ERROR] LogOutputStream:75 - [STDERR_REDIRECT] WARNING: Could not lock System prefs. Unix error code 2.
2026-08-18 18:48:12,058 [ERROR] LogOutputStream:75 - [STDERR_REDIRECT] 
2026-08-18 18:48:12,059 [ERROR] LogOutputStream:75 - [STDERR_REDIRECT] Aug 18, 2026 6:48:12 PM java.util.prefs.FileSystemPreferences syncWorld
2026-08-18 18:48:12,059 [ERROR] LogOutputStream:75 - [STDERR_REDIRECT] WARNING: Couldn't flush system prefs: java.util.prefs.BackingStoreException: Couldn't get file lock.
2026-08-18 18:48:12,059 [ERROR] LogOutputStream:75 - [STDERR_REDIRECT] 
2026-08-18 18:48:42,056 [ERROR] LogOutputStream:75 - [STDERR_REDIRECT] Aug 18, 2026 6:48:42 PM java.util.prefs.FileSystemPreferences checkLockFile0ErrorCode
2026-08-18 18:48:42,057 [ERROR] LogOutputStream:75 - [STDERR_REDIRECT] WARNING: Could not lock System prefs. Unix error code 2.
2026-08-18 18:48:42,057 [ERROR] LogOutputStream:75 - [STDERR_REDIRECT] 
2026-08-18 18:48:42,057 [ERROR] LogOutputStream:75 - [STDERR_REDIRECT] Aug 18, 2026 6:48:42 PM java.util.prefs.FileSystemPreferences syncWorld
2026-08-18 18:48:42,057 [ERROR] LogOutputStream:75 - [STDERR_REDIRECT] WARNING: Couldn't flush system prefs: java.util.prefs.BackingStoreException: Couldn't get file lock.
2026-08-18 18:48:42,057 [ERROR] LogOutputStream:75 - [STDERR_REDIRECT] 
2026-08-18 18:49:12,057 [ERROR] LogOutputStream:75 - [STDERR_REDIRECT] Aug 18, 2026 6:49:12 PM java.util.prefs.FileSystemPreferences checkLockFile0ErrorCode
2026-08-18 18:49:12,057 [ERROR] LogOutputStream:75 - [STDERR_REDIRECT] WARNING: Could not lock System prefs. Unix error code 2.
2026-08-18 18:49:12,057 [ERROR] LogOutputStream:75 - [STDERR_REDIRECT] 
2026-08-18 18:49:12,058 [ERROR] LogOutputStream:75 - [STDERR_REDIRECT] Aug 18, 2026 6:49:12 PM java.util.prefs.FileSystemPreferences syncWorld
2026-08-18 18:49:12,058 [ERROR] LogOutputStream:75 - [STDERR_REDIRECT] WARNING: Couldn't flush system prefs: java.util.prefs.BackingStoreException: Couldn't get file lock.
2026-08-18 18:49:12,058 [ERROR] LogOutputStream:75 - [STDERR_REDIRECT] 
2026-08-18 18:49:42,056 [ERROR] LogOutputStream:75 - [STDERR_REDIRECT] Aug 18, 2026 6:49:42 PM java.util.prefs.FileSystemPreferences checkLockFile0ErrorCode
2026-08-18 18:49:42,056 [ERROR] LogOutputStream:75 - [STDERR_REDIRECT] WARNING: Could not lock System prefs. Unix error code 2.
2026-08-18 18:49:42,056 [ERROR] LogOutputStream:75 - [STDERR_REDIRECT] 
2026-08-18 18:49:42,057 [ERROR] LogOutputStream:75 - [STDERR_REDIRECT] Aug 18, 2026 6:49:42 PM java.util.prefs.FileSystemPreferences syncWorld
2026-08-18 18:49:42,057 [ERROR] LogOutputStream:75 - [STDERR_REDIRECT] WARNING: Couldn't flush system prefs: java.util.prefs.BackingStoreException: Couldn't get file lock.
2026-08-18 18:49:42,057 [ERROR] LogOutputStream:75 - [STDERR_REDIRECT] 
2026-08-18 18:50:12,056 [ERROR] LogOutputStream:75 - [STDERR_REDIRECT] Aug 18, 2026 6:50:12 PM java.util.prefs.FileSystemPreferences checkLockFile0ErrorCode
2026-08-18 18:50:12,057 [ERROR] LogOutputStream:75 - [STDERR_REDIRECT] WARNING: Could not lock System prefs. Unix error code 2.
2026-08-18 18:50:12,057 [ERROR] LogOutputStream:75 - [STDERR_REDIRECT] 
2026-08-18 18:50:12,057 [ERROR] LogOutputStream:75 - [STDERR_REDIRECT] Aug 18, 2026 6:50:12 PM java.util.prefs.FileSystemPreferences syncWorld
2026-08-18 18:50:12,058 [ERROR] LogOutputStream:75 - [STDERR_REDIRECT] WARNING: Couldn't flush system prefs: java.util.prefs.BackingStoreException: Couldn't get file lock.
2026-08-18 18:50:12,058 [ERROR] LogOutputStream:75 - [STDERR_REDIRECT] 
2026-08-18 18:50:42,056 [ERROR] LogOutputStream:75 - [STDERR_REDIRECT] Aug 18, 2026 6:50:42 PM java.util.prefs.FileSystemPreferences checkLockFile0ErrorCode
2026-08-18 18:50:42,056 [ERROR] LogOutputStream:75 - [STDERR_REDIRECT] WARNING: Could not lock System prefs. Unix error code 2.
2026-08-18 18:50:42,056 [ERROR] LogOutputStream:75 - [STDERR_REDIRECT] 
2026-08-18 18:50:42,057 [ERROR] LogOutputStream:75 - [STDERR_REDIRECT] Aug 18, 2026 6:50:42 PM java.util.prefs.FileSystemPreferences syncWorld
2026-08-18 18:50:42,057 [ERROR] LogOutputStream:75 - [STDERR_REDIRECT] WARNING: Couldn't flush system prefs: java.util.prefs.BackingStoreException: Couldn't get file lock.
2026-08-18 18:50:42,057 [ERROR] LogOutputStream:75 - [STDERR_REDIRECT] 
2026-08-18 18:51:12,057 [ERROR] LogOutputStream:75 - [STDERR_REDIRECT] Aug 18, 2026 6:51:12 PM java.util.prefs.FileSystemPreferences checkLockFile0ErrorCode
2026-08-18 18:51:12,058 [ERROR] LogOutputStream:75 - [STDERR_REDIRECT] WARNING: Could not lock System prefs. Unix error code 2.
2026-08-18 18:51:12,058 [ERROR] LogOutputStream:75 - [STDERR_REDIRECT] 
2026-08-18 18:51:12,058 [ERROR] LogOutputStream:75 - [STDERR_REDIRECT] Aug 18, 2026 6:51:12 PM java.util.prefs.FileSystemPreferences syncWorld
2026-08-18 18:51:12,058 [ERROR] LogOutputStream:75 - [STDERR_REDIRECT] WARNING: Couldn't flush system prefs: java.util.prefs.BackingStoreException: Couldn't get file lock.
2026-08-18 18:51:12,059 [ERROR] LogOutputStream:75 - [STDERR_REDIRECT] 
2026-08-18 18:51:42,056 [ERROR] LogOutputStream:75 - [STDERR_REDIRECT] Aug 18, 2026 6:51:42 PM java.util.prefs.FileSystemPreferences checkLockFile0ErrorCode
2026-08-18 18:51:42,056 [ERROR] LogOutputStream:75 - [STDERR_REDIRECT] WARNING: Could not lock System prefs. Unix error code 2.
2026-08-18 18:51:42,056 [ERROR] LogOutputStream:75 - [STDERR_REDIRECT] 
2026-08-18 18:51:42,057 [ERROR] LogOutputStream:75 - [STDERR_REDIRECT] Aug 18, 2026 6:51:42 PM java.util.prefs.FileSystemPreferences syncWorld
2026-08-18 18:51:42,057 [ERROR] LogOutputStream:75 - [STDERR_REDIRECT] WARNING: Couldn't flush system prefs: java.util.prefs.BackingStoreException: Couldn't get file lock.
2026-08-18 18:51:42,057 [ERROR] LogOutputStream:75 - [STDERR_REDIRECT] 
2026-08-18 18:52:12,056 [ERROR] LogOutputStream:75 - [STDERR_REDIRECT] Aug 18, 2026 6:52:12 PM java.util.prefs.FileSystemPreferences checkLockFile0ErrorCode
2026-08-18 18:52:12,056 [ERROR] LogOutputStream:75 - [STDERR_REDIRECT] WARNING: Could not lock System prefs. Unix error code 2.
2026-08-18 18:52:12,056 [ERROR] LogOutputStream:75 - [STDERR_REDIRECT] 
2026-08-18 18:52:12,057 [ERROR] LogOutputStream:75 - [STDERR_REDIRECT] Aug 18, 2026 6:52:12 PM java.util.prefs.FileSystemPreferences syncWorld
2026-08-18 18:52:12,057 [ERROR] LogOutputStream:75 - [STDERR_REDIRECT] WARNING: Couldn't flush system prefs: java.util.prefs.BackingStoreException: Couldn't get file lock.
2026-08-18 18:52:12,057 [ERROR] LogOutputStream:75 - [STDERR_REDIRECT] 
2026-08-18 18:52:42,057 [ERROR] LogOutputStream:75 - [STDERR_REDIRECT] Aug 18, 2026 6:52:42 PM java.util.prefs.FileSystemPreferences checkLockFile0ErrorCode
2026-08-18 18:52:42,057 [ERROR] LogOutputStream:75 - [STDERR_REDIRECT] WARNING: Could not lock System prefs. Unix error code 2.
2026-08-18 18:52:42,057 [ERROR] LogOutputStream:75 - [STDERR_REDIRECT] 
2026-08-18 18:52:42,058 [ERROR] LogOutputStream:75 - [STDERR_REDIRECT] Aug 18, 2026 6:52:42 PM java.util.prefs.FileSystemPreferences syncWorld
2026-08-18 18:52:42,058 [ERROR] LogOutputStream:75 - [STDERR_REDIRECT] WARNING: Couldn't flush system prefs: java.util.prefs.BackingStoreException: Couldn't get file lock.
2026-08-18 18:52:42,058 [ERROR] LogOutputStream:75 - [STDERR_REDIRECT] 
2026-08-18 18:53:12,057 [ERROR] LogOutputStream:75 - [STDERR_REDIRECT] Aug 18, 2026 6:53:12 PM java.util.prefs.FileSystemPreferences checkLockFile0ErrorCode
2026-08-18 18:53:12,057 [ERROR] LogOutputStream:75 - [STDERR_REDIRECT] WARNING: Could not lock System prefs. Unix error code 2.
2026-08-18 18:53:12,057 [ERROR] LogOutputStream:75 - [STDERR_REDIRECT] 
2026-08-18 18:53:12,057 [ERROR] LogOutputStream:75 - [STDERR_REDIRECT] Aug 18, 2026 6:53:12 PM java.util.prefs.FileSystemPreferences syncWorld
2026-08-18 18:53:12,057 [ERROR] LogOutputStream:75 - [STDERR_REDIRECT] WARNING: Couldn't flush system prefs: java.util.prefs.BackingStoreException: Couldn't get file lock.
2026-08-18 18:53:12,058 [ERROR] LogOutputStream:75 - [STDERR_REDIRECT] 
2026-08-18 18:53:42,056 [ERROR] LogOutputStream:75 - [STDERR_REDIRECT] Aug 18, 2026 6:53:42 PM java.util.prefs.FileSystemPreferences checkLockFile0ErrorCode
2026-08-18 18:53:42,056 [ERROR] LogOutputStream:75 - [STDERR_REDIRECT] WARNING: Could not lock System prefs. Unix error code 2.
2026-08-18 18:53:42,056 [ERROR] LogOutputStream:75 - [STDERR_REDIRECT] 
2026-08-18 18:53:42,056 [ERROR] LogOutputStream:75 - [STDERR_REDIRECT] Aug 18, 2026 6:53:42 PM java.util.prefs.FileSystemPreferences syncWorld
2026-08-18 18:53:42,056 [ERROR] LogOutputStream:75 - [STDERR_REDIRECT] WARNING: Couldn't flush system prefs: java.util.prefs.BackingStoreException: Couldn't get file lock.
2026-08-18 18:53:42,057 [ERROR] LogOutputStream:75 - [STDERR_REDIRECT] 
2026-08-18 18:54:12,056 [ERROR] LogOutputStream:75 - [STDERR_REDIRECT] Aug 18, 2026 6:54:12 PM java.util.prefs.FileSystemPreferences checkLockFile0ErrorCode
2026-08-18 18:54:12,056 [ERROR] LogOutputStream:75 - [STDERR_REDIRECT] WARNING: Could not lock System prefs. Unix error code 2.
2026-08-18 18:54:12,056 [ERROR] LogOutputStream:75 - [STDERR_REDIRECT] 
2026-08-18 18:54:12,057 [ERROR] LogOutputStream:75 - [STDERR_REDIRECT] Aug 18, 2026 6:54:12 PM java.util.prefs.FileSystemPreferences syncWorld
2026-08-18 18:54:12,057 [ERROR] LogOutputStream:75 - [STDERR_REDIRECT] WARNING: Couldn't flush system prefs: java.util.prefs.BackingStoreException: Couldn't get file lock.
2026-08-18 18:54:12,057 [ERROR] LogOutputStream:75 - [STDERR_REDIRECT] 
2026-08-18 18:54:42,057 [ERROR] LogOutputStream:75 - [STDERR_REDIRECT] Aug 18, 2026 6:54:42 PM java.util.prefs.FileSystemPreferences checkLockFile0ErrorCode
2026-08-18 18:54:42,058 [ERROR] LogOutputStream:75 - [STDERR_REDIRECT] WARNING: Could not lock System prefs. Unix error code 2.
2026-08-18 18:54:42,058 [ERROR] LogOutputStream:75 - [STDERR_REDIRECT] 
2026-08-18 18:54:42,059 [ERROR] LogOutputStream:75 - [STDERR_REDIRECT] Aug 18, 2026 6:54:42 PM java.util.prefs.FileSystemPreferences syncWorld
2026-08-18 18:54:42,059 [ERROR] LogOutputStream:75 - [STDERR_REDIRECT] WARNING: Couldn't flush system prefs: java.util.prefs.BackingStoreException: Couldn't get file lock.
2026-08-18 18:54:42,059 [ERROR] LogOutputStream:75 - [STDERR_REDIRECT] 
2026-08-18 18:55:12,057 [ERROR] LogOutputStream:75 - [STDERR_REDIRECT] Aug 18, 2026 6:55:12 PM java.util.prefs.FileSystemPreferences checkLockFile0ErrorCode
2026-08-18 18:55:12,057 [ERROR] LogOutputStream:75 - [STDERR_REDIRECT] WARNING: Could not lock System prefs. Unix error code 2.
2026-08-18 18:55:12,057 [ERROR] LogOutputStream:75 - [STDERR_REDIRECT] 
2026-08-18 18:55:12,057 [ERROR] LogOutputStream:75 - [STDERR_REDIRECT] Aug 18, 2026 6:55:12 PM java.util.prefs.FileSystemPreferences syncWorld
2026-08-18 18:55:12,058 [ERROR] LogOutputStream:75 - [STDERR_REDIRECT] WARNING: Couldn't flush system prefs: java.util.prefs.BackingStoreException: Couldn't get file lock.
2026-08-18 18:55:12,058 [ERROR] LogOutputStream:75 - [STDERR_REDIRECT] 
2026-08-18 18:55:42,056 [ERROR] LogOutputStream:75 - [STDERR_REDIRECT] Aug 18, 2026 6:55:42 PM java.util.prefs.FileSystemPreferences checkLockFile0ErrorCode
2026-08-18 18:55:42,057 [ERROR] LogOutputStream:75 - [STDERR_REDIRECT] WARNING: Could not lock System prefs. Unix error code 2.
2026-08-18 18:55:42,057 [ERROR] LogOutputStream:75 - [STDERR_REDIRECT] 
2026-08-18 18:55:42,057 [ERROR] LogOutputStream:75 - [STDERR_REDIRECT] Aug 18, 2026 6:55:42 PM java.util.prefs.FileSystemPreferences syncWorld
2026-08-18 18:55:42,062 [ERROR] LogOutputStream:75 - [STDERR_REDIRECT] WARNING: Couldn't flush system prefs: java.util.prefs.BackingStoreException: Couldn't get file lock.
2026-08-18 18:55:42,063 [ERROR] LogOutputStream:75 - [STDERR_REDIRECT] 
2026-08-18 18:56:12,056 [ERROR] LogOutputStream:75 - [STDERR_REDIRECT] Aug 18, 2026 6:56:12 PM java.util.prefs.FileSystemPreferences checkLockFile0ErrorCode
2026-08-18 18:56:12,057 [ERROR] LogOutputStream:75 - [STDERR_REDIRECT] WARNING: Could not lock System prefs. Unix error code 2.
2026-08-18 18:56:12,057 [ERROR] LogOutputStream:75 - [STDERR_REDIRECT] 
2026-08-18 18:56:12,057 [ERROR] LogOutputStream:75 - [STDERR_REDIRECT] Aug 18, 2026 6:56:12 PM java.util.prefs.FileSystemPreferences syncWorld
2026-08-18 18:56:12,057 [ERROR] LogOutputStream:75 - [STDERR_REDIRECT] WARNING: Couldn't flush system prefs: java.util.prefs.BackingStoreException: Couldn't get file lock.
2026-08-18 18:56:12,057 [ERROR] LogOutputStream:75 - [STDERR_REDIRECT] 
2026-08-18 18:56:42,058 [ERROR] LogOutputStream:75 - [STDERR_REDIRECT] Aug 18, 2026 6:56:42 PM java.util.prefs.FileSystemPreferences checkLockFile0ErrorCode
2026-08-18 18:56:42,058 [ERROR] LogOutputStream:75 - [STDERR_REDIRECT] WARNING: Could not lock System prefs. Unix error code 2.
2026-08-18 18:56:42,058 [ERROR] LogOutputStream:75 - [STDERR_REDIRECT] 
2026-08-18 18:56:42,059 [ERROR] LogOutputStream:75 - [STDERR_REDIRECT] Aug 18, 2026 6:56:42 PM java.util.prefs.FileSystemPreferences syncWorld
2026-08-18 18:56:42,059 [ERROR] LogOutputStream:75 - [STDERR_REDIRECT] WARNING: Couldn't flush system prefs: java.util.prefs.BackingStoreException: Couldn't get file lock.
2026-08-18 18:56:42,059 [ERROR] LogOutputStream:75 - [STDERR_REDIRECT] 
2026-08-18 18:57:12,058 [ERROR] LogOutputStream:75 - [STDERR_REDIRECT] Aug 18, 2026 6:57:12 PM java.util.prefs.FileSystemPreferences checkLockFile0ErrorCode
2026-08-18 18:57:12,058 [ERROR] LogOutputStream:75 - [STDERR_REDIRECT] WARNING: Could not lock System prefs. Unix error code 2.
2026-08-18 18:57:12,058 [ERROR] LogOutputStream:75 - [STDERR_REDIRECT] 
2026-08-18 18:57:12,059 [ERROR] LogOutputStream:75 - [STDERR_REDIRECT] Aug 18, 2026 6:57:12 PM java.util.prefs.FileSystemPreferences syncWorld
2026-08-18 18:57:12,059 [ERROR] LogOutputStream:75 - [STDERR_REDIRECT] WARNING: Couldn't flush system prefs: java.util.prefs.BackingStoreException: Couldn't get file lock.
2026-08-18 18:57:12,059 [ERROR] LogOutputStream:75 - [STDERR_REDIRECT] 
2026-08-18 18:57:42,058 [ERROR] LogOutputStream:75 - [STDERR_REDIRECT] Aug 18, 2026 6:57:42 PM java.util.prefs.FileSystemPreferences checkLockFile0ErrorCode
2026-08-18 18:57:42,059 [ERROR] LogOutputStream:75 - [STDERR_REDIRECT] WARNING: Could not lock System prefs. Unix error code 2.
2026-08-18 18:57:42,059 [ERROR] LogOutputStream:75 - [STDERR_REDIRECT] 
2026-08-18 18:57:42,060 [ERROR] LogOutputStream:75 - [STDERR_REDIRECT] Aug 18, 2026 6:57:42 PM java.util.prefs.FileSystemPreferences syncWorld
2026-08-18 18:57:42,060 [ERROR] LogOutputStream:75 - [STDERR_REDIRECT] WARNING: Couldn't flush system prefs: java.util.prefs.BackingStoreException: Couldn't get file lock.
2026-08-18 18:57:42,060 [ERROR] LogOutputStream:75 - [STDERR_REDIRECT] 
2026-08-18 18:58:12,058 [ERROR] LogOutputStream:75 - [STDERR_REDIRECT] Aug 18, 2026 6:58:12 PM java.util.prefs.FileSystemPreferences checkLockFile0ErrorCode
2026-08-18 18:58:12,059 [ERROR] LogOutputStream:75 - [STDERR_REDIRECT] WARNING: Could not lock System prefs. Unix error code 2.
2026-08-18 18:58:12,059 [ERROR] LogOutputStream:75 - [STDERR_REDIRECT] 
2026-08-18 18:58:12,059 [ERROR] LogOutputStream:75 - [STDERR_REDIRECT] Aug 18, 2026 6:58:12 PM java.util.prefs.FileSystemPreferences syncWorld
2026-08-18 18:58:12,059 [ERROR] LogOutputStream:75 - [STDERR_REDIRECT] WARNING: Couldn't flush system prefs: java.util.prefs.BackingStoreException: Couldn't get file lock.
2026-08-18 18:58:12,060 [ERROR] LogOutputStream:75 - [STDERR_REDIRECT] 
2026-08-18 18:58:42,057 [ERROR] LogOutputStream:75 - [STDERR_REDIRECT] Aug 18, 2026 6:58:42 PM java.util.prefs.FileSystemPreferences checkLockFile0ErrorCode
2026-08-18 18:58:42,057 [ERROR] LogOutputStream:75 - [STDERR_REDIRECT] WARNING: Could not lock System prefs. Unix error code 2.
2026-08-18 18:58:42,057 [ERROR] LogOutputStream:75 - [STDERR_REDIRECT] 
2026-08-18 18:58:42,058 [ERROR] LogOutputStream:75 - [STDERR_REDIRECT] Aug 18, 2026 6:58:42 PM java.util.prefs.FileSystemPreferences syncWorld
2026-08-18 18:58:42,058 [ERROR] LogOutputStream:75 - [STDERR_REDIRECT] WARNING: Couldn't flush system prefs: java.util.prefs.BackingStoreException: Couldn't get file lock.
2026-08-18 18:58:42,058 [ERROR] LogOutputStream:75 - [STDERR_REDIRECT] 
2026-08-18 18:59:12,058 [ERROR] LogOutputStream:75 - [STDERR_REDIRECT] Aug 18, 2026 6:59:12 PM java.util.prefs.FileSystemPreferences checkLockFile0ErrorCode
2026-08-18 18:59:12,058 [ERROR] LogOutputStream:75 - [STDERR_REDIRECT] WARNING: Could not lock System prefs. Unix error code 2.
2026-08-18 18:59:12,058 [ERROR] LogOutputStream:75 - [STDERR_REDIRECT] 
2026-08-18 18:59:12,058 [ERROR] LogOutputStream:75 - [STDERR_REDIRECT] Aug 18, 2026 6:59:12 PM java.util.prefs.FileSystemPreferences syncWorld
2026-08-18 18:59:12,058 [ERROR] LogOutputStream:75 - [STDERR_REDIRECT] WARNING: Couldn't flush system prefs: java.util.prefs.BackingStoreException: Couldn't get file lock.
2026-08-18 18:59:12,059 [ERROR] LogOutputStream:75 - [STDERR_REDIRECT] 
2026-08-18 18:59:42,058 [ERROR] LogOutputStream:75 - [STDERR_REDIRECT] Aug 18, 2026 6:59:42 PM java.util.prefs.FileSystemPreferences checkLockFile0ErrorCode
2026-08-18 18:59:42,058 [ERROR] LogOutputStream:75 - [STDERR_REDIRECT] WARNING: Could not lock System prefs. Unix error code 2.
2026-08-18 18:59:42,058 [ERROR] LogOutputStream:75 - [STDERR_REDIRECT] 
2026-08-18 18:59:42,059 [ERROR] LogOutputStream:75 - [STDERR_REDIRECT] Aug 18, 2026 6:59:42 PM java.util.prefs.FileSystemPreferences syncWorld
2026-08-18 18:59:42,059 [ERROR] LogOutputStream:75 - [STDERR_REDIRECT] WARNING: Couldn't flush system prefs: java.util.prefs.BackingStoreException: Couldn't get file lock.
2026-08-18 18:59:42,059 [ERROR] LogOutputStream:75 - [STDERR_REDIRECT] 
2026-08-18 19:00:12,058 [ERROR] LogOutputStream:75 - [STDERR_REDIRECT] Aug 18, 2026 7:00:12 PM java.util.prefs.FileSystemPreferences checkLockFile0ErrorCode
2026-08-18 19:00:12,058 [ERROR] LogOutputStream:75 - [STDERR_REDIRECT] WARNING: Could not lock System prefs. Unix error code 2.
2026-08-18 19:00:12,058 [ERROR] LogOutputStream:75 - [STDERR_REDIRECT] 
2026-08-18 19:00:12,058 [ERROR] LogOutputStream:75 - [STDERR_REDIRECT] Aug 18, 2026 7:00:12 PM java.util.prefs.FileSystemPreferences syncWorld
2026-08-18 19:00:12,059 [ERROR] LogOutputStream:75 - [STDERR_REDIRECT] WARNING: Couldn't flush system prefs: java.util.prefs.BackingStoreException: Couldn't get file lock.
2026-08-18 19:00:12,059 [ERROR] LogOutputStream:75 - [STDERR_REDIRECT] 
2026-08-18 19:00:42,058 [ERROR] LogOutputStream:75 - [STDERR_REDIRECT] Aug 18, 2026 7:00:42 PM java.util.prefs.FileSystemPreferences checkLockFile0ErrorCode
2026-08-18 19:00:42,058 [ERROR] LogOutputStream:75 - [STDERR_REDIRECT] WARNING: Could not lock System prefs. Unix error code 2.
2026-08-18 19:00:42,058 [ERROR] LogOutputStream:75 - [STDERR_REDIRECT] 
2026-08-18 19:00:42,058 [ERROR] LogOutputStream:75 - [STDERR_REDIRECT] Aug 18, 2026 7:00:42 PM java.util.prefs.FileSystemPreferences syncWorld
2026-08-18 19:00:42,059 [ERROR] LogOutputStream:75 - [STDERR_REDIRECT] WARNING: Couldn't flush system prefs: java.util.prefs.BackingStoreException: Couldn't get file lock.
2026-08-18 19:00:42,059 [ERROR] LogOutputStream:75 - [STDERR_REDIRECT] 
2026-08-18 19:01:12,057 [ERROR] LogOutputStream:75 - [STDERR_REDIRECT] Aug 18, 2026 7:01:12 PM java.util.prefs.FileSystemPreferences checkLockFile0ErrorCode
2026-08-18 19:01:12,057 [ERROR] LogOutputStream:75 - [STDERR_REDIRECT] WARNING: Could not lock System prefs. Unix error code 2.
2026-08-18 19:01:12,058 [ERROR] LogOutputStream:75 - [STDERR_REDIRECT] 
2026-08-18 19:01:12,058 [ERROR] LogOutputStream:75 - [STDERR_REDIRECT] Aug 18, 2026 7:01:12 PM java.util.prefs.FileSystemPreferences syncWorld
2026-08-18 19:01:12,058 [ERROR] LogOutputStream:75 - [STDERR_REDIRECT] WARNING: Couldn't flush system prefs: java.util.prefs.BackingStoreException: Couldn't get file lock.
2026-08-18 19:01:12,058 [ERROR] LogOutputStream:75 - [STDERR_REDIRECT] 
2026-08-18 19:01:42,058 [ERROR] LogOutputStream:75 - [STDERR_REDIRECT] Aug 18, 2026 7:01:42 PM java.util.prefs.FileSystemPreferences checkLockFile0ErrorCode
2026-08-18 19:01:42,058 [ERROR] LogOutputStream:75 - [STDERR_REDIRECT] WARNING: Could not lock System prefs. Unix error code 2.
2026-08-18 19:01:42,058 [ERROR] LogOutputStream:75 - [STDERR_REDIRECT] 
2026-08-18 19:01:42,059 [ERROR] LogOutputStream:75 - [STDERR_REDIRECT] Aug 18, 2026 7:01:42 PM java.util.prefs.FileSystemPreferences syncWorld
2026-08-18 19:01:42,059 [ERROR] LogOutputStream:75 - [STDERR_REDIRECT] WARNING: Couldn't flush system prefs: java.util.prefs.BackingStoreException: Couldn't get file lock.
2026-08-18 19:01:42,059 [ERROR] LogOutputStream:75 - [STDERR_REDIRECT] 
2026-08-18 19:02:12,059 [ERROR] LogOutputStream:75 - [STDERR_REDIRECT] Aug 18, 2026 7:02:12 PM java.util.prefs.FileSystemPreferences checkLockFile0ErrorCode
2026-08-18 19:02:12,060 [ERROR] LogOutputStream:75 - [STDERR_REDIRECT] WARNING: Could not lock System prefs. Unix error code 2.
2026-08-18 19:02:12,060 [ERROR] LogOutputStream:75 - [STDERR_REDIRECT] 
2026-08-18 19:02:12,060 [ERROR] LogOutputStream:75 - [STDERR_REDIRECT] Aug 18, 2026 7:02:12 PM java.util.prefs.FileSystemPreferences syncWorld
2026-08-18 19:02:12,060 [ERROR] LogOutputStream:75 - [STDERR_REDIRECT] WARNING: Couldn't flush system prefs: java.util.prefs.BackingStoreException: Couldn't get file lock.
2026-08-18 19:02:12,060 [ERROR] LogOutputStream:75 - [STDERR_REDIRECT] 
2026-08-18 19:02:42,059 [ERROR] LogOutputStream:75 - [STDERR_REDIRECT] Aug 18, 2026 7:02:42 PM java.util.prefs.FileSystemPreferences checkLockFile0ErrorCode
2026-08-18 19:02:42,059 [ERROR] LogOutputStream:75 - [STDERR_REDIRECT] WARNING: Could not lock System prefs. Unix error code 2.
2026-08-18 19:02:42,059 [ERROR] LogOutputStream:75 - [STDERR_REDIRECT] 
2026-08-18 19:02:42,059 [ERROR] LogOutputStream:75 - [STDERR_REDIRECT] Aug 18, 2026 7:02:42 PM java.util.prefs.FileSystemPreferences syncWorld
2026-08-18 19:02:42,060 [ERROR] LogOutputStream:75 - [STDERR_REDIRECT] WARNING: Couldn't flush system prefs: java.util.prefs.BackingStoreException: Couldn't get file lock.
2026-08-18 19:02:42,060 [ERROR] LogOutputStream:75 - [STDERR_REDIRECT] 
2026-08-18 19:03:12,059 [ERROR] LogOutputStream:75 - [STDERR_REDIRECT] Aug 18, 2026 7:03:12 PM java.util.prefs.FileSystemPreferences checkLockFile0ErrorCode
2026-08-18 19:03:12,059 [ERROR] LogOutputStream:75 - [STDERR_REDIRECT] WARNING: Could not lock System prefs. Unix error code 2.
2026-08-18 19:03:12,059 [ERROR] LogOutputStream:75 - [STDERR_REDIRECT] 
2026-08-18 19:03:12,060 [ERROR] LogOutputStream:75 - [STDERR_REDIRECT] Aug 18, 2026 7:03:12 PM java.util.prefs.FileSystemPreferences syncWorld
2026-08-18 19:03:12,060 [ERROR] LogOutputStream:75 - [STDERR_REDIRECT] WARNING: Couldn't flush system prefs: java.util.prefs.BackingStoreException: Couldn't get file lock.
2026-08-18 19:03:12,060 [ERROR] LogOutputStream:75 - [STDERR_REDIRECT] 
2026-08-18 19:03:42,059 [ERROR] LogOutputStream:75 - [STDERR_REDIRECT] Aug 18, 2026 7:03:42 PM java.util.prefs.FileSystemPreferences checkLockFile0ErrorCode
2026-08-18 19:03:42,060 [ERROR] LogOutputStream:75 - [STDERR_REDIRECT] WARNING: Could not lock System prefs. Unix error code 2.
2026-08-18 19:03:42,060 [ERROR] LogOutputStream:75 - [STDERR_REDIRECT] 
2026-08-18 19:03:42,060 [ERROR] LogOutputStream:75 - [STDERR_REDIRECT] Aug 18, 2026 7:03:42 PM java.util.prefs.FileSystemPreferences syncWorld
2026-08-18 19:03:42,060 [ERROR] LogOutputStream:75 - [STDERR_REDIRECT] WARNING: Couldn't flush system prefs: java.util.prefs.BackingStoreException: Couldn't get file lock.
2026-08-18 19:03:42,061 [ERROR] LogOutputStream:75 - [STDERR_REDIRECT] 
2026-08-18 19:04:12,057 [ERROR] LogOutputStream:75 - [STDERR_REDIRECT] Aug 18, 2026 7:04:12 PM java.util.prefs.FileSystemPreferences checkLockFile0ErrorCode
2026-08-18 19:04:12,058 [ERROR] LogOutputStream:75 - [STDERR_REDIRECT] WARNING: Could not lock System prefs. Unix error code 2.
2026-08-18 19:04:12,058 [ERROR] LogOutputStream:75 - [STDERR_REDIRECT] 
2026-08-18 19:04:12,058 [ERROR] LogOutputStream:75 - [STDERR_REDIRECT] Aug 18, 2026 7:04:12 PM java.util.prefs.FileSystemPreferences syncWorld
2026-08-18 19:04:12,058 [ERROR] LogOutputStream:75 - [STDERR_REDIRECT] WARNING: Couldn't flush system prefs: java.util.prefs.BackingStoreException: Couldn't get file lock.
2026-08-18 19:04:12,058 [ERROR] LogOutputStream:75 - [STDERR_REDIRECT] 
2026-08-18 19:04:42,059 [ERROR] LogOutputStream:75 - [STDERR_REDIRECT] Aug 18, 2026 7:04:42 PM java.util.prefs.FileSystemPreferences checkLockFile0ErrorCode
2026-08-18 19:04:42,059 [ERROR] LogOutputStream:75 - [STDERR_REDIRECT] WARNING: Could not lock System prefs. Unix error code 2.
2026-08-18 19:04:42,059 [ERROR] LogOutputStream:75 - [STDERR_REDIRECT] 
2026-08-18 19:04:42,060 [ERROR] LogOutputStream:75 - [STDERR_REDIRECT] Aug 18, 2026 7:04:42 PM java.util.prefs.FileSystemPreferences syncWorld
2026-08-18 19:04:42,060 [ERROR] LogOutputStream:75 - [STDERR_REDIRECT] WARNING: Couldn't flush system prefs: java.util.prefs.BackingStoreException: Couldn't get file lock.
2026-08-18 19:04:42,060 [ERROR] LogOutputStream:75 - [STDERR_REDIRECT] 
2026-08-18 19:05:12,058 [ERROR] LogOutputStream:75 - [STDERR_REDIRECT] Aug 18, 2026 7:05:12 PM java.util.prefs.FileSystemPreferences checkLockFile0ErrorCode
2026-08-18 19:05:12,058 [ERROR] LogOutputStream:75 - [STDERR_REDIRECT] WARNING: Could not lock System prefs. Unix error code 2.
2026-08-18 19:05:12,059 [ERROR] LogOutputStream:75 - [STDERR_REDIRECT] 
2026-08-18 19:05:12,059 [ERROR] LogOutputStream:75 - [STDERR_REDIRECT] Aug 18, 2026 7:05:12 PM java.util.prefs.FileSystemPreferences syncWorld
2026-08-18 19:05:12,059 [ERROR] LogOutputStream:75 - [STDERR_REDIRECT] WARNING: Couldn't flush system prefs: java.util.prefs.BackingStoreException: Couldn't get file lock.
2026-08-18 19:05:12,059 [ERROR] LogOutputStream:75 - [STDERR_REDIRECT] 
2026-08-18 19:05:42,059 [ERROR] LogOutputStream:75 - [STDERR_REDIRECT] Aug 18, 2026 7:05:42 PM java.util.prefs.FileSystemPreferences checkLockFile0ErrorCode
2026-08-18 19:05:42,059 [ERROR] LogOutputStream:75 - [STDERR_REDIRECT] WARNING: Could not lock System prefs. Unix error code 2.
2026-08-18 19:05:42,059 [ERROR] LogOutputStream:75 - [STDERR_REDIRECT] 
2026-08-18 19:05:42,059 [ERROR] LogOutputStream:75 - [STDERR_REDIRECT] Aug 18, 2026 7:05:42 PM java.util.prefs.FileSystemPreferences syncWorld
2026-08-18 19:05:42,059 [ERROR] LogOutputStream:75 - [STDERR_REDIRECT] WARNING: Couldn't flush system prefs: java.util.prefs.BackingStoreException: Couldn't get file lock.
2026-08-18 19:05:42,059 [ERROR] LogOutputStream:75 - [STDERR_REDIRECT] 
2026-08-18 19:06:12,060 [ERROR] LogOutputStream:75 - [STDERR_REDIRECT] Aug 18, 2026 7:06:12 PM java.util.prefs.FileSystemPreferences checkLockFile0ErrorCode
2026-08-18 19:06:12,060 [ERROR] LogOutputStream:75 - [STDERR_REDIRECT] WARNING: Could not lock System prefs. Unix error code 2.
2026-08-18 19:06:12,060 [ERROR] LogOutputStream:75 - [STDERR_REDIRECT] 
2026-08-18 19:06:12,061 [ERROR] LogOutputStream:75 - [STDERR_REDIRECT] Aug 18, 2026 7:06:12 PM java.util.prefs.FileSystemPreferences syncWorld
2026-08-18 19:06:12,061 [ERROR] LogOutputStream:75 - [STDERR_REDIRECT] WARNING: Couldn't flush system prefs: java.util.prefs.BackingStoreException: Couldn't get file lock.
2026-08-18 19:06:12,061 [ERROR] LogOutputStream:75 - [STDERR_REDIRECT] 
2026-08-18 19:06:42,060 [ERROR] LogOutputStream:75 - [STDERR_REDIRECT] Aug 18, 2026 7:06:42 PM java.util.prefs.FileSystemPreferences checkLockFile0ErrorCode
2026-08-18 19:06:42,060 [ERROR] LogOutputStream:75 - [STDERR_REDIRECT] WARNING: Could not lock System prefs. Unix error code 2.
2026-08-18 19:06:42,060 [ERROR] LogOutputStream:75 - [STDERR_REDIRECT] 
2026-08-18 19:06:42,061 [ERROR] LogOutputStream:75 - [STDERR_REDIRECT] Aug 18, 2026 7:06:42 PM java.util.prefs.FileSystemPreferences syncWorld
2026-08-18 19:06:42,061 [ERROR] LogOutputStream:75 - [STDERR_REDIRECT] WARNING: Couldn't flush system prefs: java.util.prefs.BackingStoreException: Couldn't get file lock.
2026-08-18 19:06:42,061 [ERROR] LogOutputStream:75 - [STDERR_REDIRECT] 
2026-08-18 19:07:12,060 [ERROR] LogOutputStream:75 - [STDERR_REDIRECT] Aug 18, 2026 7:07:12 PM java.util.prefs.FileSystemPreferences checkLockFile0ErrorCode
2026-08-18 19:07:12,060 [ERROR] LogOutputStream:75 - [STDERR_REDIRECT] WARNING: Could not lock System prefs. Unix error code 2.
2026-08-18 19:07:12,060 [ERROR] LogOutputStream:75 - [STDERR_REDIRECT] 
2026-08-18 19:07:12,061 [ERROR] LogOutputStream:75 - [STDERR_REDIRECT] Aug 18, 2026 7:07:12 PM java.util.prefs.FileSystemPreferences syncWorld
2026-08-18 19:07:12,061 [ERROR] LogOutputStream:75 - [STDERR_REDIRECT] WARNING: Couldn't flush system prefs: java.util.prefs.BackingStoreException: Couldn't get file lock.
2026-08-18 19:07:12,061 [ERROR] LogOutputStream:75 - [STDERR_REDIRECT] 
2026-08-18 19:07:42,060 [ERROR] LogOutputStream:75 - [STDERR_REDIRECT] Aug 18, 2026 7:07:42 PM java.util.prefs.FileSystemPreferences checkLockFile0ErrorCode
2026-08-18 19:07:42,060 [ERROR] LogOutputStream:75 - [STDERR_REDIRECT] WARNING: Could not lock System prefs. Unix error code 2.
2026-08-18 19:07:42,061 [ERROR] LogOutputStream:75 - [STDERR_REDIRECT] 
2026-08-18 19:07:42,061 [ERROR] LogOutputStream:75 - [STDERR_REDIRECT] Aug 18, 2026 7:07:42 PM java.util.prefs.FileSystemPreferences syncWorld
2026-08-18 19:07:42,061 [ERROR] LogOutputStream:75 - [STDERR_REDIRECT] WARNING: Couldn't flush system prefs: java.util.prefs.BackingStoreException: Couldn't get file lock.
2026-08-18 19:07:42,062 [ERROR] LogOutputStream:75 - [STDERR_REDIRECT] 
2026-08-18 19:08:12,061 [ERROR] LogOutputStream:75 - [STDERR_REDIRECT] Aug 18, 2026 7:08:12 PM java.util.prefs.FileSystemPreferences checkLockFile0ErrorCode
2026-08-18 19:08:12,062 [ERROR] LogOutputStream:75 - [STDERR_REDIRECT] WARNING: Could not lock System prefs. Unix error code 2.
2026-08-18 19:08:12,063 [ERROR] LogOutputStream:75 - [STDERR_REDIRECT] 
2026-08-18 19:08:12,063 [ERROR] LogOutputStream:75 - [STDERR_REDIRECT] Aug 18, 2026 7:08:12 PM java.util.prefs.FileSystemPreferences syncWorld
2026-08-18 19:08:12,064 [ERROR] LogOutputStream:75 - [STDERR_REDIRECT] WARNING: Couldn't flush system prefs: java.util.prefs.BackingStoreException: Couldn't get file lock.
2026-08-18 19:08:12,064 [ERROR] LogOutputStream:75 - [STDERR_REDIRECT] 
2026-08-18 19:08:42,060 [ERROR] LogOutputStream:75 - [STDERR_REDIRECT] Aug 18, 2026 7:08:42 PM java.util.prefs.FileSystemPreferences checkLockFile0ErrorCode
2026-08-18 19:08:42,060 [ERROR] LogOutputStream:75 - [STDERR_REDIRECT] WARNING: Could not lock System prefs. Unix error code 2.
2026-08-18 19:08:42,060 [ERROR] LogOutputStream:75 - [STDERR_REDIRECT] 
2026-08-18 19:08:42,061 [ERROR] LogOutputStream:75 - [STDERR_REDIRECT] Aug 18, 2026 7:08:42 PM java.util.prefs.FileSystemPreferences syncWorld
2026-08-18 19:08:42,061 [ERROR] LogOutputStream:75 - [STDERR_REDIRECT] WARNING: Couldn't flush system prefs: java.util.prefs.BackingStoreException: Couldn't get file lock.
2026-08-18 19:08:42,061 [ERROR] LogOutputStream:75 - [STDERR_REDIRECT] 
2026-08-18 19:09:12,060 [ERROR] LogOutputStream:75 - [STDERR_REDIRECT] Aug 18, 2026 7:09:12 PM java.util.prefs.FileSystemPreferences checkLockFile0ErrorCode
2026-08-18 19:09:12,060 [ERROR] LogOutputStream:75 - [STDERR_REDIRECT] WARNING: Could not lock System prefs. Unix error code 2.
2026-08-18 19:09:12,060 [ERROR] LogOutputStream:75 - [STDERR_REDIRECT] 
2026-08-18 19:09:12,061 [ERROR] LogOutputStream:75 - [STDERR_REDIRECT] Aug 18, 2026 7:09:12 PM java.util.prefs.FileSystemPreferences syncWorld
2026-08-18 19:09:12,061 [ERROR] LogOutputStream:75 - [STDERR_REDIRECT] WARNING: Couldn't flush system prefs: java.util.prefs.BackingStoreException: Couldn't get file lock.
2026-08-18 19:09:12,061 [ERROR] LogOutputStream:75 - [STDERR_REDIRECT] 
2026-08-18 19:09:42,060 [ERROR] LogOutputStream:75 - [STDERR_REDIRECT] Aug 18, 2026 7:09:42 PM java.util.prefs.FileSystemPreferences checkLockFile0ErrorCode
2026-08-18 19:09:42,060 [ERROR] LogOutputStream:75 - [STDERR_REDIRECT] WARNING: Could not lock System prefs. Unix error code 2.
2026-08-18 19:09:42,060 [ERROR] LogOutputStream:75 - [STDERR_REDIRECT] 
2026-08-18 19:09:42,061 [ERROR] LogOutputStream:75 - [STDERR_REDIRECT] Aug 18, 2026 7:09:42 PM java.util.prefs.FileSystemPreferences syncWorld
2026-08-18 19:09:42,061 [ERROR] LogOutputStream:75 - [STDERR_REDIRECT] WARNING: Couldn't flush system prefs: java.util.prefs.BackingStoreException: Couldn't get file lock.
2026-08-18 19:09:42,061 [ERROR] LogOutputStream:75 - [STDERR_REDIRECT] 
2026-08-18 19:10:12,060 [ERROR] LogOutputStream:75 - [STDERR_REDIRECT] Aug 18, 2026 7:10:12 PM java.util.prefs.FileSystemPreferences checkLockFile0ErrorCode
2026-08-18 19:10:12,061 [ERROR] LogOutputStream:75 - [STDERR_REDIRECT] WARNING: Could not lock System prefs. Unix error code 2.
2026-08-18 19:10:12,061 [ERROR] LogOutputStream:75 - [STDERR_REDIRECT] 
2026-08-18 19:10:12,061 [ERROR] LogOutputStream:75 - [STDERR_REDIRECT] Aug 18, 2026 7:10:12 PM java.util.prefs.FileSystemPreferences syncWorld
2026-08-18 19:10:12,061 [ERROR] LogOutputStream:75 - [STDERR_REDIRECT] WARNING: Couldn't flush system prefs: java.util.prefs.BackingStoreException: Couldn't get file lock.
2026-08-18 19:10:12,062 [ERROR] LogOutputStream:75 - [STDERR_REDIRECT] 
2026-08-18 19:10:42,060 [ERROR] LogOutputStream:75 - [STDERR_REDIRECT] Aug 18, 2026 7:10:42 PM java.util.prefs.FileSystemPreferences checkLockFile0ErrorCode
2026-08-18 19:10:42,060 [ERROR] LogOutputStream:75 - [STDERR_REDIRECT] WARNING: Could not lock System prefs. Unix error code 2.
2026-08-18 19:10:42,061 [ERROR] LogOutputStream:75 - [STDERR_REDIRECT] 
2026-08-18 19:10:42,061 [ERROR] LogOutputStream:75 - [STDERR_REDIRECT] Aug 18, 2026 7:10:42 PM java.util.prefs.FileSystemPreferences syncWorld
2026-08-18 19:10:42,061 [ERROR] LogOutputStream:75 - [STDERR_REDIRECT] WARNING: Couldn't flush system prefs: java.util.prefs.BackingStoreException: Couldn't get file lock.
2026-08-18 19:10:42,061 [ERROR] LogOutputStream:75 - [STDERR_REDIRECT] 
2026-08-18 19:11:12,061 [ERROR] LogOutputStream:75 - [STDERR_REDIRECT] Aug 18, 2026 7:11:12 PM java.util.prefs.FileSystemPreferences checkLockFile0ErrorCode
2026-08-18 19:11:12,061 [ERROR] LogOutputStream:75 - [STDERR_REDIRECT] WARNING: Could not lock System prefs. Unix error code 2.
2026-08-18 19:11:12,061 [ERROR] LogOutputStream:75 - [STDERR_REDIRECT] 
2026-08-18 19:11:12,061 [ERROR] LogOutputStream:75 - [STDERR_REDIRECT] Aug 18, 2026 7:11:12 PM java.util.prefs.FileSystemPreferences syncWorld
2026-08-18 19:11:12,061 [ERROR] LogOutputStream:75 - [STDERR_REDIRECT] WARNING: Couldn't flush system prefs: java.util.prefs.BackingStoreException: Couldn't get file lock.
2026-08-18 19:11:12,062 [ERROR] LogOutputStream:75 - [STDERR_REDIRECT] 
2026-08-18 19:11:42,060 [ERROR] LogOutputStream:75 - [STDERR_REDIRECT] Aug 18, 2026 7:11:42 PM java.util.prefs.FileSystemPreferences checkLockFile0ErrorCode
2026-08-18 19:11:42,061 [ERROR] LogOutputStream:75 - [STDERR_REDIRECT] WARNING: Could not lock System prefs. Unix error code 2.
2026-08-18 19:11:42,061 [ERROR] LogOutputStream:75 - [STDERR_REDIRECT] 
2026-08-18 19:11:42,061 [ERROR] LogOutputStream:75 - [STDERR_REDIRECT] Aug 18, 2026 7:11:42 PM java.util.prefs.FileSystemPreferences syncWorld
2026-08-18 19:11:42,062 [ERROR] LogOutputStream:75 - [STDERR_REDIRECT] WARNING: Couldn't flush system prefs: java.util.prefs.BackingStoreException: Couldn't get file lock.
2026-08-18 19:11:42,062 [ERROR] LogOutputStream:75 - [STDERR_REDIRECT] 
2026-08-18 19:12:12,060 [ERROR] LogOutputStream:75 - [STDERR_REDIRECT] Aug 18, 2026 7:12:12 PM java.util.prefs.FileSystemPreferences checkLockFile0ErrorCode
2026-08-18 19:12:12,060 [ERROR] LogOutputStream:75 - [STDERR_REDIRECT] WARNING: Could not lock System prefs. Unix error code 2.
2026-08-18 19:12:12,060 [ERROR] LogOutputStream:75 - [STDERR_REDIRECT] 
2026-08-18 19:12:12,061 [ERROR] LogOutputStream:75 - [STDERR_REDIRECT] Aug 18, 2026 7:12:12 PM java.util.prefs.FileSystemPreferences syncWorld
2026-08-18 19:12:12,061 [ERROR] LogOutputStream:75 - [STDERR_REDIRECT] WARNING: Couldn't flush system prefs: java.util.prefs.BackingStoreException: Couldn't get file lock.
2026-08-18 19:12:12,061 [ERROR] LogOutputStream:75 - [STDERR_REDIRECT] 
2026-08-18 19:12:42,061 [ERROR] LogOutputStream:75 - [STDERR_REDIRECT] Aug 18, 2026 7:12:42 PM java.util.prefs.FileSystemPreferences checkLockFile0ErrorCode
2026-08-18 19:12:42,061 [ERROR] LogOutputStream:75 - [STDERR_REDIRECT] WARNING: Could not lock System prefs. Unix error code 2.
2026-08-18 19:12:42,061 [ERROR] LogOutputStream:75 - [STDERR_REDIRECT] 
2026-08-18 19:12:42,062 [ERROR] LogOutputStream:75 - [STDERR_REDIRECT] Aug 18, 2026 7:12:42 PM java.util.prefs.FileSystemPreferences syncWorld
2026-08-18 19:12:42,062 [ERROR] LogOutputStream:75 - [STDERR_REDIRECT] WARNING: Couldn't flush system prefs: java.util.prefs.BackingStoreException: Couldn't get file lock.
2026-08-18 19:12:42,062 [ERROR] LogOutputStream:75 - [STDERR_REDIRECT] 
2026-08-18 19:13:12,060 [ERROR] LogOutputStream:75 - [STDERR_REDIRECT] Aug 18, 2026 7:13:12 PM java.util.prefs.FileSystemPreferences checkLockFile0ErrorCode
2026-08-18 19:13:12,060 [ERROR] LogOutputStream:75 - [STDERR_REDIRECT] WARNING: Could not lock System prefs. Unix error code 2.
2026-08-18 19:13:12,060 [ERROR] LogOutputStream:75 - [STDERR_REDIRECT] 
2026-08-18 19:13:12,061 [ERROR] LogOutputStream:75 - [STDERR_REDIRECT] Aug 18, 2026 7:13:12 PM java.util.prefs.FileSystemPreferences syncWorld
2026-08-18 19:13:12,061 [ERROR] LogOutputStream:75 - [STDERR_REDIRECT] WARNING: Couldn't flush system prefs: java.util.prefs.BackingStoreException: Couldn't get file lock.
2026-08-18 19:13:12,061 [ERROR] LogOutputStream:75 - [STDERR_REDIRECT] 
2026-08-18 19:13:42,061 [ERROR] LogOutputStream:75 - [STDERR_REDIRECT] Aug 18, 2026 7:13:42 PM java.util.prefs.FileSystemPreferences checkLockFile0ErrorCode
2026-08-18 19:13:42,061 [ERROR] LogOutputStream:75 - [STDERR_REDIRECT] WARNING: Could not lock System prefs. Unix error code 2.
2026-08-18 19:13:42,061 [ERROR] LogOutputStream:75 - [STDERR_REDIRECT] 
2026-08-18 19:13:42,062 [ERROR] LogOutputStream:75 - [STDERR_REDIRECT] Aug 18, 2026 7:13:42 PM java.util.prefs.FileSystemPreferences syncWorld
2026-08-18 19:13:42,062 [ERROR] LogOutputStream:75 - [STDERR_REDIRECT] WARNING: Couldn't flush system prefs: java.util.prefs.BackingStoreException: Couldn't get file lock.
2026-08-18 19:13:42,062 [ERROR] LogOutputStream:75 - [STDERR_REDIRECT] 
2026-08-18 19:14:12,060 [ERROR] LogOutputStream:75 - [STDERR_REDIRECT] Aug 18, 2026 7:14:12 PM java.util.prefs.FileSystemPreferences checkLockFile0ErrorCode
2026-08-18 19:14:12,060 [ERROR] LogOutputStream:75 - [STDERR_REDIRECT] WARNING: Could not lock System prefs. Unix error code 2.
2026-08-18 19:14:12,060 [ERROR] LogOutputStream:75 - [STDERR_REDIRECT] 
2026-08-18 19:14:12,061 [ERROR] LogOutputStream:75 - [STDERR_REDIRECT] Aug 18, 2026 7:14:12 PM java.util.prefs.FileSystemPreferences syncWorld
2026-08-18 19:14:12,061 [ERROR] LogOutputStream:75 - [STDERR_REDIRECT] WARNING: Couldn't flush system prefs: java.util.prefs.BackingStoreException: Couldn't get file lock.
2026-08-18 19:14:12,061 [ERROR] LogOutputStream:75 - [STDERR_REDIRECT] 
2026-08-18 19:14:42,061 [ERROR] LogOutputStream:75 - [STDERR_REDIRECT] Aug 18, 2026 7:14:42 PM java.util.prefs.FileSystemPreferences checkLockFile0ErrorCode
2026-08-18 19:14:42,061 [ERROR] LogOutputStream:75 - [STDERR_REDIRECT] WARNING: Could not lock System prefs. Unix error code 2.
2026-08-18 19:14:42,061 [ERROR] LogOutputStream:75 - [STDERR_REDIRECT] 
2026-08-18 19:14:42,062 [ERROR] LogOutputStream:75 - [STDERR_REDIRECT] Aug 18, 2026 7:14:42 PM java.util.prefs.FileSystemPreferences syncWorld
2026-08-18 19:14:42,062 [ERROR] LogOutputStream:75 - [STDERR_REDIRECT] WARNING: Couldn't flush system prefs: java.util.prefs.BackingStoreException: Couldn't get file lock.
2026-08-18 19:14:42,062 [ERROR] LogOutputStream:75 - [STDERR_REDIRECT] 
2026-08-18 19:15:12,066 [ERROR] LogOutputStream:75 - [STDERR_REDIRECT] Aug 18, 2026 7:15:12 PM java.util.prefs.FileSystemPreferences checkLockFile0ErrorCode
2026-08-18 19:15:12,067 [ERROR] LogOutputStream:75 - [STDERR_REDIRECT] WARNING: Could not lock System prefs. Unix error code 2.
2026-08-18 19:15:12,067 [ERROR] LogOutputStream:75 - [STDERR_REDIRECT] 
2026-08-18 19:15:12,067 [ERROR] LogOutputStream:75 - [STDERR_REDIRECT] Aug 18, 2026 7:15:12 PM java.util.prefs.FileSystemPreferences syncWorld
2026-08-18 19:15:12,067 [ERROR] LogOutputStream:75 - [STDERR_REDIRECT] WARNING: Couldn't flush system prefs: java.util.prefs.BackingStoreException: Couldn't get file lock.
2026-08-18 19:15:12,067 [ERROR] LogOutputStream:75 - [STDERR_REDIRECT] 
2026-08-18 19:15:42,061 [ERROR] LogOutputStream:75 - [STDERR_REDIRECT] Aug 18, 2026 7:15:42 PM java.util.prefs.FileSystemPreferences checkLockFile0ErrorCode
2026-08-18 19:15:42,061 [ERROR] LogOutputStream:75 - [STDERR_REDIRECT] WARNING: Could not lock System prefs. Unix error code 2.
2026-08-18 19:15:42,061 [ERROR] LogOutputStream:75 - [STDERR_REDIRECT] 
2026-08-18 19:15:42,061 [ERROR] LogOutputStream:75 - [STDERR_REDIRECT] Aug 18, 2026 7:15:42 PM java.util.prefs.FileSystemPreferences syncWorld
2026-08-18 19:15:42,061 [ERROR] LogOutputStream:75 - [STDERR_REDIRECT] WARNING: Couldn't flush system prefs: java.util.prefs.BackingStoreException: Couldn't get file lock.
2026-08-18 19:15:42,061 [ERROR] LogOutputStream:75 - [STDERR_REDIRECT] 
2026-08-18 19:16:12,062 [ERROR] LogOutputStream:75 - [STDERR_REDIRECT] Aug 18, 2026 7:16:12 PM java.util.prefs.FileSystemPreferences checkLockFile0ErrorCode
2026-08-18 19:16:12,063 [ERROR] LogOutputStream:75 - [STDERR_REDIRECT] WARNING: Could not lock System prefs. Unix error code 2.
2026-08-18 19:16:12,063 [ERROR] LogOutputStream:75 - [STDERR_REDIRECT] 
2026-08-18 19:16:12,063 [ERROR] LogOutputStream:75 - [STDERR_REDIRECT] Aug 18, 2026 7:16:12 PM java.util.prefs.FileSystemPreferences syncWorld
2026-08-18 19:16:12,063 [ERROR] LogOutputStream:75 - [STDERR_REDIRECT] WARNING: Couldn't flush system prefs: java.util.prefs.BackingStoreException: Couldn't get file lock.
2026-08-18 19:16:12,064 [ERROR] LogOutputStream:75 - [STDERR_REDIRECT] 
2026-08-18 19:16:42,062 [ERROR] LogOutputStream:75 - [STDERR_REDIRECT] Aug 18, 2026 7:16:42 PM java.util.prefs.FileSystemPreferences checkLockFile0ErrorCode
2026-08-18 19:16:42,062 [ERROR] LogOutputStream:75 - [STDERR_REDIRECT] WARNING: Could not lock System prefs. Unix error code 2.
2026-08-18 19:16:42,062 [ERROR] LogOutputStream:75 - [STDERR_REDIRECT] 
2026-08-18 19:16:42,063 [ERROR] LogOutputStream:75 - [STDERR_REDIRECT] Aug 18, 2026 7:16:42 PM java.util.prefs.FileSystemPreferences syncWorld
2026-08-18 19:16:42,063 [ERROR] LogOutputStream:75 - [STDERR_REDIRECT] WARNING: Couldn't flush system prefs: java.util.prefs.BackingStoreException: Couldn't get file lock.
2026-08-18 19:16:42,063 [ERROR] LogOutputStream:75 - [STDERR_REDIRECT] 
2026-08-18 19:17:12,062 [ERROR] LogOutputStream:75 - [STDERR_REDIRECT] Aug 18, 2026 7:17:12 PM java.util.prefs.FileSystemPreferences checkLockFile0ErrorCode
2026-08-18 19:17:12,063 [ERROR] LogOutputStream:75 - [STDERR_REDIRECT] WARNING: Could not lock System prefs. Unix error code 2.
2026-08-18 19:17:12,063 [ERROR] LogOutputStream:75 - [STDERR_REDIRECT] 
2026-08-18 19:17:12,063 [ERROR] LogOutputStream:75 - [STDERR_REDIRECT] Aug 18, 2026 7:17:12 PM java.util.prefs.FileSystemPreferences syncWorld
2026-08-18 19:17:12,063 [ERROR] LogOutputStream:75 - [STDERR_REDIRECT] WARNING: Couldn't flush system prefs: java.util.prefs.BackingStoreException: Couldn't get file lock.
2026-08-18 19:17:12,063 [ERROR] LogOutputStream:75 - [STDERR_REDIRECT] 
2026-08-18 19:17:42,063 [ERROR] LogOutputStream:75 - [STDERR_REDIRECT] Aug 18, 2026 7:17:42 PM java.util.prefs.FileSystemPreferences checkLockFile0ErrorCode
2026-08-18 19:17:42,064 [ERROR] LogOutputStream:75 - [STDERR_REDIRECT] WARNING: Could not lock System prefs. Unix error code 2.
2026-08-18 19:17:42,064 [ERROR] LogOutputStream:75 - [STDERR_REDIRECT] 
2026-08-18 19:17:42,065 [ERROR] LogOutputStream:75 - [STDERR_REDIRECT] Aug 18, 2026 7:17:42 PM java.util.prefs.FileSystemPreferences syncWorld
2026-08-18 19:17:42,065 [ERROR] LogOutputStream:75 - [STDERR_REDIRECT] WARNING: Couldn't flush system prefs: java.util.prefs.BackingStoreException: Couldn't get file lock.
2026-08-18 19:17:42,065 [ERROR] LogOutputStream:75 - [STDERR_REDIRECT] 
2026-08-18 19:18:12,064 [ERROR] LogOutputStream:75 - [STDERR_REDIRECT] Aug 18, 2026 7:18:12 PM java.util.prefs.FileSystemPreferences checkLockFile0ErrorCode
2026-08-18 19:18:12,064 [ERROR] LogOutputStream:75 - [STDERR_REDIRECT] WARNING: Could not lock System prefs. Unix error code 2.
2026-08-18 19:18:12,064 [ERROR] LogOutputStream:75 - [STDERR_REDIRECT] 
2026-08-18 19:18:12,065 [ERROR] LogOutputStream:75 - [STDERR_REDIRECT] Aug 18, 2026 7:18:12 PM java.util.prefs.FileSystemPreferences syncWorld
2026-08-18 19:18:12,065 [ERROR] LogOutputStream:75 - [STDERR_REDIRECT] WARNING: Couldn't flush system prefs: java.util.prefs.BackingStoreException: Couldn't get file lock.
2026-08-18 19:18:12,065 [ERROR] LogOutputStream:75 - [STDERR_REDIRECT] 
2026-08-18 19:18:42,063 [ERROR] LogOutputStream:75 - [STDERR_REDIRECT] Aug 18, 2026 7:18:42 PM java.util.prefs.FileSystemPreferences checkLockFile0ErrorCode
2026-08-18 19:18:42,064 [ERROR] LogOutputStream:75 - [STDERR_REDIRECT] WARNING: Could not lock System prefs. Unix error code 2.
2026-08-18 19:18:42,064 [ERROR] LogOutputStream:75 - [STDERR_REDIRECT] 
2026-08-18 19:18:42,064 [ERROR] LogOutputStream:75 - [STDERR_REDIRECT] Aug 18, 2026 7:18:42 PM java.util.prefs.FileSystemPreferences syncWorld
2026-08-18 19:18:42,064 [ERROR] LogOutputStream:75 - [STDERR_REDIRECT] WARNING: Couldn't flush system prefs: java.util.prefs.BackingStoreException: Couldn't get file lock.
2026-08-18 19:18:42,064 [ERROR] LogOutputStream:75 - [STDERR_REDIRECT] 
2026-08-18 19:19:12,064 [ERROR] LogOutputStream:75 - [STDERR_REDIRECT] Aug 18, 2026 7:19:12 PM java.util.prefs.FileSystemPreferences checkLockFile0ErrorCode
2026-08-18 19:19:12,065 [ERROR] LogOutputStream:75 - [STDERR_REDIRECT] WARNING: Could not lock System prefs. Unix error code 2.
2026-08-18 19:19:12,065 [ERROR] LogOutputStream:75 - [STDERR_REDIRECT] 
2026-08-18 19:19:12,065 [ERROR] LogOutputStream:75 - [STDERR_REDIRECT] Aug 18, 2026 7:19:12 PM java.util.prefs.FileSystemPreferences syncWorld
2026-08-18 19:19:12,066 [ERROR] LogOutputStream:75 - [STDERR_REDIRECT] WARNING: Couldn't flush system prefs: java.util.prefs.BackingStoreException: Couldn't get file lock.
2026-08-18 19:19:12,066 [ERROR] LogOutputStream:75 - [STDERR_REDIRECT] 
2026-08-18 19:19:42,064 [ERROR] LogOutputStream:75 - [STDERR_REDIRECT] Aug 18, 2026 7:19:42 PM java.util.prefs.FileSystemPreferences checkLockFile0ErrorCode
2026-08-18 19:19:42,064 [ERROR] LogOutputStream:75 - [STDERR_REDIRECT] WARNING: Could not lock System prefs. Unix error code 2.
2026-08-18 19:19:42,064 [ERROR] LogOutputStream:75 - [STDERR_REDIRECT] 
2026-08-18 19:19:42,064 [ERROR] LogOutputStream:75 - [STDERR_REDIRECT] Aug 18, 2026 7:19:42 PM java.util.prefs.FileSystemPreferences syncWorld
2026-08-18 19:19:42,064 [ERROR] LogOutputStream:75 - [STDERR_REDIRECT] WARNING: Couldn't flush system prefs: java.util.prefs.BackingStoreException: Couldn't get file lock.
2026-08-18 19:19:42,065 [ERROR] LogOutputStream:75 - [STDERR_REDIRECT] 
2026-08-18 19:20:12,063 [ERROR] LogOutputStream:75 - [STDERR_REDIRECT] Aug 18, 2026 7:20:12 PM java.util.prefs.FileSystemPreferences checkLockFile0ErrorCode
2026-08-18 19:20:12,064 [ERROR] LogOutputStream:75 - [STDERR_REDIRECT] WARNING: Could not lock System prefs. Unix error code 2.
2026-08-18 19:20:12,064 [ERROR] LogOutputStream:75 - [STDERR_REDIRECT] 
2026-08-18 19:20:12,064 [ERROR] LogOutputStream:75 - [STDERR_REDIRECT] Aug 18, 2026 7:20:12 PM java.util.prefs.FileSystemPreferences syncWorld
2026-08-18 19:20:12,064 [ERROR] LogOutputStream:75 - [STDERR_REDIRECT] WARNING: Couldn't flush system prefs: java.util.prefs.BackingStoreException: Couldn't get file lock.
2026-08-18 19:20:12,064 [ERROR] LogOutputStream:75 - [STDERR_REDIRECT] 
2026-08-18 19:20:42,066 [ERROR] LogOutputStream:75 - [STDERR_REDIRECT] Aug 18, 2026 7:20:42 PM java.util.prefs.FileSystemPreferences checkLockFile0ErrorCode
2026-08-18 19:20:42,067 [ERROR] LogOutputStream:75 - [STDERR_REDIRECT] WARNING: Could not lock System prefs. Unix error code 2.
2026-08-18 19:20:42,067 [ERROR] LogOutputStream:75 - [STDERR_REDIRECT] 
2026-08-18 19:20:42,067 [ERROR] LogOutputStream:75 - [STDERR_REDIRECT] Aug 18, 2026 7:20:42 PM java.util.prefs.FileSystemPreferences syncWorld
2026-08-18 19:20:42,067 [ERROR] LogOutputStream:75 - [STDERR_REDIRECT] WARNING: Couldn't flush system prefs: java.util.prefs.BackingStoreException: Couldn't get file lock.
2026-08-18 19:20:42,067 [ERROR] LogOutputStream:75 - [STDERR_REDIRECT] 
2026-08-18 19:21:12,069 [ERROR] LogOutputStream:75 - [STDERR_REDIRECT] Aug 18, 2026 7:21:12 PM java.util.prefs.FileSystemPreferences checkLockFile0ErrorCode
2026-08-18 19:21:12,069 [ERROR] LogOutputStream:75 - [STDERR_REDIRECT] WARNING: Could not lock System prefs. Unix error code 2.
2026-08-18 19:21:12,069 [ERROR] LogOutputStream:75 - [STDERR_REDIRECT] 
2026-08-18 19:21:12,070 [ERROR] LogOutputStream:75 - [STDERR_REDIRECT] Aug 18, 2026 7:21:12 PM java.util.prefs.FileSystemPreferences syncWorld
2026-08-18 19:21:12,070 [ERROR] LogOutputStream:75 - [STDERR_REDIRECT] WARNING: Couldn't flush system prefs: java.util.prefs.BackingStoreException: Couldn't get file lock.
2026-08-18 19:21:12,070 [ERROR] LogOutputStream:75 - [STDERR_REDIRECT] 
2026-08-18 19:21:42,069 [ERROR] LogOutputStream:75 - [STDERR_REDIRECT] Aug 18, 2026 7:21:42 PM java.util.prefs.FileSystemPreferences checkLockFile0ErrorCode
2026-08-18 19:21:42,070 [ERROR] LogOutputStream:75 - [STDERR_REDIRECT] WARNING: Could not lock System prefs. Unix error code 2.
2026-08-18 19:21:42,070 [ERROR] LogOutputStream:75 - [STDERR_REDIRECT] 
2026-08-18 19:21:42,070 [ERROR] LogOutputStream:75 - [STDERR_REDIRECT] Aug 18, 2026 7:21:42 PM java.util.prefs.FileSystemPreferences syncWorld
2026-08-18 19:21:42,070 [ERROR] LogOutputStream:75 - [STDERR_REDIRECT] WARNING: Couldn't flush system prefs: java.util.prefs.BackingStoreException: Couldn't get file lock.
2026-08-18 19:21:42,070 [ERROR] LogOutputStream:75 - [STDERR_REDIRECT] 
2026-08-18 19:22:12,065 [ERROR] LogOutputStream:75 - [STDERR_REDIRECT] Aug 18, 2026 7:22:12 PM java.util.prefs.FileSystemPreferences checkLockFile0ErrorCode
2026-08-18 19:22:12,066 [ERROR] LogOutputStream:75 - [STDERR_REDIRECT] WARNING: Could not lock System prefs. Unix error code 2.
2026-08-18 19:22:12,066 [ERROR] LogOutputStream:75 - [STDERR_REDIRECT] 
2026-08-18 19:22:12,066 [ERROR] LogOutputStream:75 - [STDERR_REDIRECT] Aug 18, 2026 7:22:12 PM java.util.prefs.FileSystemPreferences syncWorld
2026-08-18 19:22:12,067 [ERROR] LogOutputStream:75 - [STDERR_REDIRECT] WARNING: Couldn't flush system prefs: java.util.prefs.BackingStoreException: Couldn't get file lock.
2026-08-18 19:22:12,067 [ERROR] LogOutputStream:75 - [STDERR_REDIRECT] 
2026-08-18 19:22:42,069 [ERROR] LogOutputStream:75 - [STDERR_REDIRECT] Aug 18, 2026 7:22:42 PM java.util.prefs.FileSystemPreferences checkLockFile0ErrorCode
2026-08-18 19:22:42,069 [ERROR] LogOutputStream:75 - [STDERR_REDIRECT] WARNING: Could not lock System prefs. Unix error code 2.
2026-08-18 19:22:42,069 [ERROR] LogOutputStream:75 - [STDERR_REDIRECT] 
2026-08-18 19:22:42,070 [ERROR] LogOutputStream:75 - [STDERR_REDIRECT] Aug 18, 2026 7:22:42 PM java.util.prefs.FileSystemPreferences syncWorld
2026-08-18 19:22:42,070 [ERROR] LogOutputStream:75 - [STDERR_REDIRECT] WARNING: Couldn't flush system prefs: java.util.prefs.BackingStoreException: Couldn't get file lock.
2026-08-18 19:22:42,070 [ERROR] LogOutputStream:75 - [STDERR_REDIRECT] 
2026-08-18 19:23:12,068 [ERROR] LogOutputStream:75 - [STDERR_REDIRECT] Aug 18, 2026 7:23:12 PM java.util.prefs.FileSystemPreferences checkLockFile0ErrorCode
2026-08-18 19:23:12,068 [ERROR] LogOutputStream:75 - [STDERR_REDIRECT] WARNING: Could not lock System prefs. Unix error code 2.
2026-08-18 19:23:12,068 [ERROR] LogOutputStream:75 - [STDERR_REDIRECT] 
2026-08-18 19:23:12,069 [ERROR] LogOutputStream:75 - [STDERR_REDIRECT] Aug 18, 2026 7:23:12 PM java.util.prefs.FileSystemPreferences syncWorld
2026-08-18 19:23:12,069 [ERROR] LogOutputStream:75 - [STDERR_REDIRECT] WARNING: Couldn't flush system prefs: java.util.prefs.BackingStoreException: Couldn't get file lock.
2026-08-18 19:23:12,069 [ERROR] LogOutputStream:75 - [STDERR_REDIRECT] 
2026-08-18 19:23:42,066 [ERROR] LogOutputStream:75 - [STDERR_REDIRECT] Aug 18, 2026 7:23:42 PM java.util.prefs.FileSystemPreferences checkLockFile0ErrorCode
2026-08-18 19:23:42,066 [ERROR] LogOutputStream:75 - [STDERR_REDIRECT] WARNING: Could not lock System prefs. Unix error code 2.
2026-08-18 19:23:42,066 [ERROR] LogOutputStream:75 - [STDERR_REDIRECT] 
2026-08-18 19:23:42,067 [ERROR] LogOutputStream:75 - [STDERR_REDIRECT] Aug 18, 2026 7:23:42 PM java.util.prefs.FileSystemPreferences syncWorld
2026-08-18 19:23:42,067 [ERROR] LogOutputStream:75 - [STDERR_REDIRECT] WARNING: Couldn't flush system prefs: java.util.prefs.BackingStoreException: Couldn't get file lock.
2026-08-18 19:23:42,067 [ERROR] LogOutputStream:75 - [STDERR_REDIRECT] 
2026-08-18 19:24:12,070 [ERROR] LogOutputStream:75 - [STDERR_REDIRECT] Aug 18, 2026 7:24:12 PM java.util.prefs.FileSystemPreferences checkLockFile0ErrorCode
2026-08-18 19:24:12,070 [ERROR] LogOutputStream:75 - [STDERR_REDIRECT] WARNING: Could not lock System prefs. Unix error code 2.
2026-08-18 19:24:12,070 [ERROR] LogOutputStream:75 - [STDERR_REDIRECT] 
2026-08-18 19:24:12,070 [ERROR] LogOutputStream:75 - [STDERR_REDIRECT] Aug 18, 2026 7:24:12 PM java.util.prefs.FileSystemPreferences syncWorld
2026-08-18 19:24:12,071 [ERROR] LogOutputStream:75 - [STDERR_REDIRECT] WARNING: Couldn't flush system prefs: java.util.prefs.BackingStoreException: Couldn't get file lock.
2026-08-18 19:24:12,071 [ERROR] LogOutputStream:75 - [STDERR_REDIRECT] 
2026-08-18 19:24:42,066 [ERROR] LogOutputStream:75 - [STDERR_REDIRECT] Aug 18, 2026 7:24:42 PM java.util.prefs.FileSystemPreferences checkLockFile0ErrorCode
2026-08-18 19:24:42,066 [ERROR] LogOutputStream:75 - [STDERR_REDIRECT] WARNING: Could not lock System prefs. Unix error code 2.
2026-08-18 19:24:42,066 [ERROR] LogOutputStream:75 - [STDERR_REDIRECT] 
2026-08-18 19:24:42,066 [ERROR] LogOutputStream:75 - [STDERR_REDIRECT] Aug 18, 2026 7:24:42 PM java.util.prefs.FileSystemPreferences syncWorld
2026-08-18 19:24:42,066 [ERROR] LogOutputStream:75 - [STDERR_REDIRECT] WARNING: Couldn't flush system prefs: java.util.prefs.BackingStoreException: Couldn't get file lock.
2026-08-18 19:24:42,066 [ERROR] LogOutputStream:75 - [STDERR_REDIRECT] 
2026-08-18 19:25:12,066 [ERROR] LogOutputStream:75 - [STDERR_REDIRECT] Aug 18, 2026 7:25:12 PM java.util.prefs.FileSystemPreferences checkLockFile0ErrorCode
2026-08-18 19:25:12,067 [ERROR] LogOutputStream:75 - [STDERR_REDIRECT] WARNING: Could not lock System prefs. Unix error code 2.
2026-08-18 19:25:12,067 [ERROR] LogOutputStream:75 - [STDERR_REDIRECT] 
2026-08-18 19:25:12,067 [ERROR] LogOutputStream:75 - [STDERR_REDIRECT] Aug 18, 2026 7:25:12 PM java.util.prefs.FileSystemPreferences syncWorld
2026-08-18 19:25:12,067 [ERROR] LogOutputStream:75 - [STDERR_REDIRECT] WARNING: Couldn't flush system prefs: java.util.prefs.BackingStoreException: Couldn't get file lock.
2026-08-18 19:25:12,067 [ERROR] LogOutputStream:75 - [STDERR_REDIRECT] 
2026-08-18 19:25:42,067 [ERROR] LogOutputStream:75 - [STDERR_REDIRECT] Aug 18, 2026 7:25:42 PM java.util.prefs.FileSystemPreferences checkLockFile0ErrorCode
2026-08-18 19:25:42,067 [ERROR] LogOutputStream:75 - [STDERR_REDIRECT] WARNING: Could not lock System prefs. Unix error code 2.
2026-08-18 19:25:42,067 [ERROR] LogOutputStream:75 - [STDERR_REDIRECT] 
2026-08-18 19:25:42,068 [ERROR] LogOutputStream:75 - [STDERR_REDIRECT] Aug 18, 2026 7:25:42 PM java.util.prefs.FileSystemPreferences syncWorld
2026-08-18 19:25:42,068 [ERROR] LogOutputStream:75 - [STDERR_REDIRECT] WARNING: Couldn't flush system prefs: java.util.prefs.BackingStoreException: Couldn't get file lock.
2026-08-18 19:25:42,068 [ERROR] LogOutputStream:75 - [STDERR_REDIRECT] 
2026-08-18 19:26:12,066 [ERROR] LogOutputStream:75 - [STDERR_REDIRECT] Aug 18, 2026 7:26:12 PM java.util.prefs.FileSystemPreferences checkLockFile0ErrorCode
2026-08-18 19:26:12,066 [ERROR] LogOutputStream:75 - [STDERR_REDIRECT] WARNING: Could not lock System prefs. Unix error code 2.
2026-08-18 19:26:12,066 [ERROR] LogOutputStream:75 - [STDERR_REDIRECT] 
2026-08-18 19:26:12,067 [ERROR] LogOutputStream:75 - [STDERR_REDIRECT] Aug 18, 2026 7:26:12 PM java.util.prefs.FileSystemPreferences syncWorld
2026-08-18 19:26:12,067 [ERROR] LogOutputStream:75 - [STDERR_REDIRECT] WARNING: Couldn't flush system prefs: java.util.prefs.BackingStoreException: Couldn't get file lock.
2026-08-18 19:26:12,067 [ERROR] LogOutputStream:75 - [STDERR_REDIRECT] 
2026-08-18 19:26:42,066 [ERROR] LogOutputStream:75 - [STDERR_REDIRECT] Aug 18, 2026 7:26:42 PM java.util.prefs.FileSystemPreferences checkLockFile0ErrorCode
2026-08-18 19:26:42,066 [ERROR] LogOutputStream:75 - [STDERR_REDIRECT] WARNING: Could not lock System prefs. Unix error code 2.
2026-08-18 19:26:42,066 [ERROR] LogOutputStream:75 - [STDERR_REDIRECT] 
2026-08-18 19:26:42,067 [ERROR] LogOutputStream:75 - [STDERR_REDIRECT] Aug 18, 2026 7:26:42 PM java.util.prefs.FileSystemPreferences syncWorld
2026-08-18 19:26:42,067 [ERROR] LogOutputStream:75 - [STDERR_REDIRECT] WARNING: Couldn't flush system prefs: java.util.prefs.BackingStoreException: Couldn't get file lock.
2026-08-18 19:26:42,067 [ERROR] LogOutputStream:75 - [STDERR_REDIRECT] 
2026-08-18 19:27:12,066 [ERROR] LogOutputStream:75 - [STDERR_REDIRECT] Aug 18, 2026 7:27:12 PM java.util.prefs.FileSystemPreferences checkLockFile0ErrorCode
2026-08-18 19:27:12,066 [ERROR] LogOutputStream:75 - [STDERR_REDIRECT] WARNING: Could not lock System prefs. Unix error code 2.
2026-08-18 19:27:12,066 [ERROR] LogOutputStream:75 - [STDERR_REDIRECT] 
2026-08-18 19:27:12,067 [ERROR] LogOutputStream:75 - [STDERR_REDIRECT] Aug 18, 2026 7:27:12 PM java.util.prefs.FileSystemPreferences syncWorld
2026-08-18 19:27:12,067 [ERROR] LogOutputStream:75 - [STDERR_REDIRECT] WARNING: Couldn't flush system prefs: java.util.prefs.BackingStoreException: Couldn't get file lock.
2026-08-18 19:27:12,067 [ERROR] LogOutputStream:75 - [STDERR_REDIRECT] 
2026-08-18 19:27:42,067 [ERROR] LogOutputStream:75 - [STDERR_REDIRECT] Aug 18, 2026 7:27:42 PM java.util.prefs.FileSystemPreferences checkLockFile0ErrorCode
2026-08-18 19:27:42,068 [ERROR] LogOutputStream:75 - [STDERR_REDIRECT] WARNING: Could not lock System prefs. Unix error code 2.
2026-08-18 19:27:42,068 [ERROR] LogOutputStream:75 - [STDERR_REDIRECT] 
2026-08-18 19:27:42,069 [ERROR] LogOutputStream:75 - [STDERR_REDIRECT] Aug 18, 2026 7:27:42 PM java.util.prefs.FileSystemPreferences syncWorld
2026-08-18 19:27:42,069 [ERROR] LogOutputStream:75 - [STDERR_REDIRECT] WARNING: Couldn't flush system prefs: java.util.prefs.BackingStoreException: Couldn't get file lock.
2026-08-18 19:27:42,069 [ERROR] LogOutputStream:75 - [STDERR_REDIRECT] 
2026-08-18 19:28:12,068 [ERROR] LogOutputStream:75 - [STDERR_REDIRECT] Aug 18, 2026 7:28:12 PM java.util.prefs.FileSystemPreferences checkLockFile0ErrorCode
2026-08-18 19:28:12,069 [ERROR] LogOutputStream:75 - [STDERR_REDIRECT] WARNING: Could not lock System prefs. Unix error code 2.
2026-08-18 19:28:12,069 [ERROR] LogOutputStream:75 - [STDERR_REDIRECT] 
2026-08-18 19:28:12,069 [ERROR] LogOutputStream:75 - [STDERR_REDIRECT] Aug 18, 2026 7:28:12 PM java.util.prefs.FileSystemPreferences syncWorld
2026-08-18 19:28:12,069 [ERROR] LogOutputStream:75 - [STDERR_REDIRECT] WARNING: Couldn't flush system prefs: java.util.prefs.BackingStoreException: Couldn't get file lock.
2026-08-18 19:28:12,069 [ERROR] LogOutputStream:75 - [STDERR_REDIRECT] 
2026-08-18 19:28:42,068 [ERROR] LogOutputStream:75 - [STDERR_REDIRECT] Aug 18, 2026 7:28:42 PM java.util.prefs.FileSystemPreferences checkLockFile0ErrorCode
2026-08-18 19:28:42,068 [ERROR] LogOutputStream:75 - [STDERR_REDIRECT] WARNING: Could not lock System prefs. Unix error code 2.
2026-08-18 19:28:42,068 [ERROR] LogOutputStream:75 - [STDERR_REDIRECT] 
2026-08-18 19:28:42,069 [ERROR] LogOutputStream:75 - [STDERR_REDIRECT] Aug 18, 2026 7:28:42 PM java.util.prefs.FileSystemPreferences syncWorld
2026-08-18 19:28:42,069 [ERROR] LogOutputStream:75 - [STDERR_REDIRECT] WARNING: Couldn't flush system prefs: java.util.prefs.BackingStoreException: Couldn't get file lock.
2026-08-18 19:28:42,069 [ERROR] LogOutputStream:75 - [STDERR_REDIRECT] 
2026-08-18 19:29:12,067 [ERROR] LogOutputStream:75 - [STDERR_REDIRECT] Aug 18, 2026 7:29:12 PM java.util.prefs.FileSystemPreferences checkLockFile0ErrorCode
2026-08-18 19:29:12,067 [ERROR] LogOutputStream:75 - [STDERR_REDIRECT] WARNING: Could not lock System prefs. Unix error code 2.
2026-08-18 19:29:12,067 [ERROR] LogOutputStream:75 - [STDERR_REDIRECT] 
2026-08-18 19:29:12,068 [ERROR] LogOutputStream:75 - [STDERR_REDIRECT] Aug 18, 2026 7:29:12 PM java.util.prefs.FileSystemPreferences syncWorld
2026-08-18 19:29:12,068 [ERROR] LogOutputStream:75 - [STDERR_REDIRECT] WARNING: Couldn't flush system prefs: java.util.prefs.BackingStoreException: Couldn't get file lock.
2026-08-18 19:29:12,068 [ERROR] LogOutputStream:75 - [STDERR_REDIRECT] 
2026-08-18 19:29:42,067 [ERROR] LogOutputStream:75 - [STDERR_REDIRECT] Aug 18, 2026 7:29:42 PM java.util.prefs.FileSystemPreferences checkLockFile0ErrorCode
2026-08-18 19:29:42,067 [ERROR] LogOutputStream:75 - [STDERR_REDIRECT] WARNING: Could not lock System prefs. Unix error code 2.
2026-08-18 19:29:42,067 [ERROR] LogOutputStream:75 - [STDERR_REDIRECT] 
2026-08-18 19:29:42,067 [ERROR] LogOutputStream:75 - [STDERR_REDIRECT] Aug 18, 2026 7:29:42 PM java.util.prefs.FileSystemPreferences syncWorld
2026-08-18 19:29:42,068 [ERROR] LogOutputStream:75 - [STDERR_REDIRECT] WARNING: Couldn't flush system prefs: java.util.prefs.BackingStoreException: Couldn't get file lock.
2026-08-18 19:29:42,068 [ERROR] LogOutputStream:75 - [STDERR_REDIRECT] 
2026-08-18 19:30:12,067 [ERROR] LogOutputStream:75 - [STDERR_REDIRECT] Aug 18, 2026 7:30:12 PM java.util.prefs.FileSystemPreferences checkLockFile0ErrorCode
2026-08-18 19:30:12,067 [ERROR] LogOutputStream:75 - [STDERR_REDIRECT] WARNING: Could not lock System prefs. Unix error code 2.
2026-08-18 19:30:12,067 [ERROR] LogOutputStream:75 - [STDERR_REDIRECT] 
2026-08-18 19:30:12,067 [ERROR] LogOutputStream:75 - [STDERR_REDIRECT] Aug 18, 2026 7:30:12 PM java.util.prefs.FileSystemPreferences syncWorld
2026-08-18 19:30:12,068 [ERROR] LogOutputStream:75 - [STDERR_REDIRECT] WARNING: Couldn't flush system prefs: java.util.prefs.BackingStoreException: Couldn't get file lock.
2026-08-18 19:30:12,068 [ERROR] LogOutputStream:75 - [STDERR_REDIRECT] 
2026-08-18 19:30:42,067 [ERROR] LogOutputStream:75 - [STDERR_REDIRECT] Aug 18, 2026 7:30:42 PM java.util.prefs.FileSystemPreferences checkLockFile0ErrorCode
2026-08-18 19:30:42,067 [ERROR] LogOutputStream:75 - [STDERR_REDIRECT] WARNING: Could not lock System prefs. Unix error code 2.
2026-08-18 19:30:42,067 [ERROR] LogOutputStream:75 - [STDERR_REDIRECT] 
2026-08-18 19:30:42,067 [ERROR] LogOutputStream:75 - [STDERR_REDIRECT] Aug 18, 2026 7:30:42 PM java.util.prefs.FileSystemPreferences syncWorld
2026-08-18 19:30:42,067 [ERROR] LogOutputStream:75 - [STDERR_REDIRECT] WARNING: Couldn't flush system prefs: java.util.prefs.BackingStoreException: Couldn't get file lock.
2026-08-18 19:30:42,067 [ERROR] LogOutputStream:75 - [STDERR_REDIRECT] 
2026-08-18 19:31:12,068 [ERROR] LogOutputStream:75 - [STDERR_REDIRECT] Aug 18, 2026 7:31:12 PM java.util.prefs.FileSystemPreferences checkLockFile0ErrorCode
2026-08-18 19:31:12,068 [ERROR] LogOutputStream:75 - [STDERR_REDIRECT] WARNING: Could not lock System prefs. Unix error code 2.
2026-08-18 19:31:12,068 [ERROR] LogOutputStream:75 - [STDERR_REDIRECT] 
2026-08-18 19:31:12,068 [ERROR] LogOutputStream:75 - [STDERR_REDIRECT] Aug 18, 2026 7:31:12 PM java.util.prefs.FileSystemPreferences syncWorld
2026-08-18 19:31:12,069 [ERROR] LogOutputStream:75 - [STDERR_REDIRECT] WARNING: Couldn't flush system prefs: java.util.prefs.BackingStoreException: Couldn't get file lock.
2026-08-18 19:31:12,069 [ERROR] LogOutputStream:75 - [STDERR_REDIRECT] 
2026-08-18 19:31:42,068 [ERROR] LogOutputStream:75 - [STDERR_REDIRECT] Aug 18, 2026 7:31:42 PM java.util.prefs.FileSystemPreferences checkLockFile0ErrorCode
2026-08-18 19:31:42,068 [ERROR] LogOutputStream:75 - [STDERR_REDIRECT] WARNING: Could not lock System prefs. Unix error code 2.
2026-08-18 19:31:42,068 [ERROR] LogOutputStream:75 - [STDERR_REDIRECT] 
2026-08-18 19:31:42,069 [ERROR] LogOutputStream:75 - [STDERR_REDIRECT] Aug 18, 2026 7:31:42 PM java.util.prefs.FileSystemPreferences syncWorld
2026-08-18 19:31:42,069 [ERROR] LogOutputStream:75 - [STDERR_REDIRECT] WARNING: Couldn't flush system prefs: java.util.prefs.BackingStoreException: Couldn't get file lock.
2026-08-18 19:31:42,069 [ERROR] LogOutputStream:75 - [STDERR_REDIRECT] 
2026-08-18 19:32:12,069 [ERROR] LogOutputStream:75 - [STDERR_REDIRECT] Aug 18, 2026 7:32:12 PM java.util.prefs.FileSystemPreferences checkLockFile0ErrorCode
2026-08-18 19:32:12,069 [ERROR] LogOutputStream:75 - [STDERR_REDIRECT] WARNING: Could not lock System prefs. Unix error code 2.
2026-08-18 19:32:12,069 [ERROR] LogOutputStream:75 - [STDERR_REDIRECT] 
2026-08-18 19:32:12,069 [ERROR] LogOutputStream:75 - [STDERR_REDIRECT] Aug 18, 2026 7:32:12 PM java.util.prefs.FileSystemPreferences syncWorld
2026-08-18 19:32:12,070 [ERROR] LogOutputStream:75 - [STDERR_REDIRECT] WARNING: Couldn't flush system prefs: java.util.prefs.BackingStoreException: Couldn't get file lock.
2026-08-18 19:32:12,070 [ERROR] LogOutputStream:75 - [STDERR_REDIRECT] 
2026-08-18 19:32:42,106 [ERROR] LogOutputStream:75 - [STDERR_REDIRECT] Aug 18, 2026 7:32:42 PM java.util.prefs.FileSystemPreferences checkLockFile0ErrorCode
2026-08-18 19:32:42,108 [ERROR] LogOutputStream:75 - [STDERR_REDIRECT] WARNING: Could not lock System prefs. Unix error code 2.
2026-08-18 19:32:42,109 [ERROR] LogOutputStream:75 - [STDERR_REDIRECT] 
2026-08-18 19:32:42,110 [ERROR] LogOutputStream:75 - [STDERR_REDIRECT] Aug 18, 2026 7:32:42 PM java.util.prefs.FileSystemPreferences syncWorld
2026-08-18 19:32:42,110 [ERROR] LogOutputStream:75 - [STDERR_REDIRECT] WARNING: Couldn't flush system prefs: java.util.prefs.BackingStoreException: Couldn't get file lock.
2026-08-18 19:32:42,111 [ERROR] LogOutputStream:75 - [STDERR_REDIRECT] 
2026-08-18 19:33:12,069 [ERROR] LogOutputStream:75 - [STDERR_REDIRECT] Aug 18, 2026 7:33:12 PM java.util.prefs.FileSystemPreferences checkLockFile0ErrorCode
2026-08-18 19:33:12,070 [ERROR] LogOutputStream:75 - [STDERR_REDIRECT] WARNING: Could not lock System prefs. Unix error code 2.
2026-08-18 19:33:12,070 [ERROR] LogOutputStream:75 - [STDERR_REDIRECT] 
2026-08-18 19:33:12,070 [ERROR] LogOutputStream:75 - [STDERR_REDIRECT] Aug 18, 2026 7:33:12 PM java.util.prefs.FileSystemPreferences syncWorld
2026-08-18 19:33:12,070 [ERROR] LogOutputStream:75 - [STDERR_REDIRECT] WARNING: Couldn't flush system prefs: java.util.prefs.BackingStoreException: Couldn't get file lock.
2026-08-18 19:33:12,071 [ERROR] LogOutputStream:75 - [STDERR_REDIRECT] 
2026-08-18 19:33:42,068 [ERROR] LogOutputStream:75 - [STDERR_REDIRECT] Aug 18, 2026 7:33:42 PM java.util.prefs.FileSystemPreferences checkLockFile0ErrorCode
2026-08-18 19:33:42,068 [ERROR] LogOutputStream:75 - [STDERR_REDIRECT] WARNING: Could not lock System prefs. Unix error code 2.
2026-08-18 19:33:42,068 [ERROR] LogOutputStream:75 - [STDERR_REDIRECT] 
2026-08-18 19:33:42,069 [ERROR] LogOutputStream:75 - [STDERR_REDIRECT] Aug 18, 2026 7:33:42 PM java.util.prefs.FileSystemPreferences syncWorld
2026-08-18 19:33:42,069 [ERROR] LogOutputStream:75 - [STDERR_REDIRECT] WARNING: Couldn't flush system prefs: java.util.prefs.BackingStoreException: Couldn't get file lock.
2026-08-18 19:33:42,069 [ERROR] LogOutputStream:75 - [STDERR_REDIRECT] 
2026-08-18 19:34:12,068 [ERROR] LogOutputStream:75 - [STDERR_REDIRECT] Aug 18, 2026 7:34:12 PM java.util.prefs.FileSystemPreferences checkLockFile0ErrorCode
2026-08-18 19:34:12,068 [ERROR] LogOutputStream:75 - [STDERR_REDIRECT] WARNING: Could not lock System prefs. Unix error code 2.
2026-08-18 19:34:12,068 [ERROR] LogOutputStream:75 - [STDERR_REDIRECT] 
2026-08-18 19:34:12,068 [ERROR] LogOutputStream:75 - [STDERR_REDIRECT] Aug 18, 2026 7:34:12 PM java.util.prefs.FileSystemPreferences syncWorld
2026-08-18 19:34:12,069 [ERROR] LogOutputStream:75 - [STDERR_REDIRECT] WARNING: Couldn't flush system prefs: java.util.prefs.BackingStoreException: Couldn't get file lock.
2026-08-18 19:34:12,069 [ERROR] LogOutputStream:75 - [STDERR_REDIRECT] 
2026-08-18 19:34:42,068 [ERROR] LogOutputStream:75 - [STDERR_REDIRECT] Aug 18, 2026 7:34:42 PM java.util.prefs.FileSystemPreferences checkLockFile0ErrorCode
2026-08-18 19:34:42,068 [ERROR] LogOutputStream:75 - [STDERR_REDIRECT] WARNING: Could not lock System prefs. Unix error code 2.
2026-08-18 19:34:42,069 [ERROR] LogOutputStream:75 - [STDERR_REDIRECT] 
2026-08-18 19:34:42,069 [ERROR] LogOutputStream:75 - [STDERR_REDIRECT] Aug 18, 2026 7:34:42 PM java.util.prefs.FileSystemPreferences syncWorld
2026-08-18 19:34:42,069 [ERROR] LogOutputStream:75 - [STDERR_REDIRECT] WARNING: Couldn't flush system prefs: java.util.prefs.BackingStoreException: Couldn't get file lock.
2026-08-18 19:34:42,069 [ERROR] LogOutputStream:75 - [STDERR_REDIRECT] 
2026-08-18 19:35:12,071 [ERROR] LogOutputStream:75 - [STDERR_REDIRECT] Aug 18, 2026 7:35:12 PM java.util.prefs.FileSystemPreferences checkLockFile0ErrorCode
2026-08-18 19:35:12,072 [ERROR] LogOutputStream:75 - [STDERR_REDIRECT] WARNING: Could not lock System prefs. Unix error code 2.
2026-08-18 19:35:12,072 [ERROR] LogOutputStream:75 - [STDERR_REDIRECT] 
2026-08-18 19:35:12,072 [ERROR] LogOutputStream:75 - [STDERR_REDIRECT] Aug 18, 2026 7:35:12 PM java.util.prefs.FileSystemPreferences syncWorld
2026-08-18 19:35:12,072 [ERROR] LogOutputStream:75 - [STDERR_REDIRECT] WARNING: Couldn't flush system prefs: java.util.prefs.BackingStoreException: Couldn't get file lock.
2026-08-18 19:35:12,072 [ERROR] LogOutputStream:75 - [STDERR_REDIRECT] 
2026-08-18 19:35:42,069 [ERROR] LogOutputStream:75 - [STDERR_REDIRECT] Aug 18, 2026 7:35:42 PM java.util.prefs.FileSystemPreferences checkLockFile0ErrorCode
2026-08-18 19:35:42,069 [ERROR] LogOutputStream:75 - [STDERR_REDIRECT] WARNING: Could not lock System prefs. Unix error code 2.
2026-08-18 19:35:42,069 [ERROR] LogOutputStream:75 - [STDERR_REDIRECT] 
2026-08-18 19:35:42,070 [ERROR] LogOutputStream:75 - [STDERR_REDIRECT] Aug 18, 2026 7:35:42 PM java.util.prefs.FileSystemPreferences syncWorld
2026-08-18 19:35:42,070 [ERROR] LogOutputStream:75 - [STDERR_REDIRECT] WARNING: Couldn't flush system prefs: java.util.prefs.BackingStoreException: Couldn't get file lock.
2026-08-18 19:35:42,070 [ERROR] LogOutputStream:75 - [STDERR_REDIRECT] 
2026-08-18 19:36:12,069 [ERROR] LogOutputStream:75 - [STDERR_REDIRECT] Aug 18, 2026 7:36:12 PM java.util.prefs.FileSystemPreferences checkLockFile0ErrorCode
2026-08-18 19:36:12,069 [ERROR] LogOutputStream:75 - [STDERR_REDIRECT] WARNING: Could not lock System prefs. Unix error code 2.
2026-08-18 19:36:12,070 [ERROR] LogOutputStream:75 - [STDERR_REDIRECT] 
2026-08-18 19:36:12,070 [ERROR] LogOutputStream:75 - [STDERR_REDIRECT] Aug 18, 2026 7:36:12 PM java.util.prefs.FileSystemPreferences syncWorld
2026-08-18 19:36:12,070 [ERROR] LogOutputStream:75 - [STDERR_REDIRECT] WARNING: Couldn't flush system prefs: java.util.prefs.BackingStoreException: Couldn't get file lock.
2026-08-18 19:36:12,070 [ERROR] LogOutputStream:75 - [STDERR_REDIRECT] 
2026-08-18 19:36:42,068 [ERROR] LogOutputStream:75 - [STDERR_REDIRECT] Aug 18, 2026 7:36:42 PM java.util.prefs.FileSystemPreferences checkLockFile0ErrorCode
2026-08-18 19:36:42,068 [ERROR] LogOutputStream:75 - [STDERR_REDIRECT] WARNING: Could not lock System prefs. Unix error code 2.
2026-08-18 19:36:42,069 [ERROR] LogOutputStream:75 - [STDERR_REDIRECT] 
2026-08-18 19:36:42,069 [ERROR] LogOutputStream:75 - [STDERR_REDIRECT] Aug 18, 2026 7:36:42 PM java.util.prefs.FileSystemPreferences syncWorld
2026-08-18 19:36:42,069 [ERROR] LogOutputStream:75 - [STDERR_REDIRECT] WARNING: Couldn't flush system prefs: java.util.prefs.BackingStoreException: Couldn't get file lock.
2026-08-18 19:36:42,069 [ERROR] LogOutputStream:75 - [STDERR_REDIRECT] 
2026-08-18 19:37:12,069 [ERROR] LogOutputStream:75 - [STDERR_REDIRECT] Aug 18, 2026 7:37:12 PM java.util.prefs.FileSystemPreferences checkLockFile0ErrorCode
2026-08-18 19:37:12,069 [ERROR] LogOutputStream:75 - [STDERR_REDIRECT] WARNING: Could not lock System prefs. Unix error code 2.
2026-08-18 19:37:12,069 [ERROR] LogOutputStream:75 - [STDERR_REDIRECT] 
2026-08-18 19:37:12,070 [ERROR] LogOutputStream:75 - [STDERR_REDIRECT] Aug 18, 2026 7:37:12 PM java.util.prefs.FileSystemPreferences syncWorld
2026-08-18 19:37:12,070 [ERROR] LogOutputStream:75 - [STDERR_REDIRECT] WARNING: Couldn't flush system prefs: java.util.prefs.BackingStoreException: Couldn't get file lock.
2026-08-18 19:37:12,070 [ERROR] LogOutputStream:75 - [STDERR_REDIRECT] 
2026-08-18 19:37:42,069 [ERROR] LogOutputStream:75 - [STDERR_REDIRECT] Aug 18, 2026 7:37:42 PM java.util.prefs.FileSystemPreferences checkLockFile0ErrorCode
2026-08-18 19:37:42,069 [ERROR] LogOutputStream:75 - [STDERR_REDIRECT] WARNING: Could not lock System prefs. Unix error code 2.
2026-08-18 19:37:42,070 [ERROR] LogOutputStream:75 - [STDERR_REDIRECT] 
2026-08-18 19:37:42,070 [ERROR] LogOutputStream:75 - [STDERR_REDIRECT] Aug 18, 2026 7:37:42 PM java.util.prefs.FileSystemPreferences syncWorld
2026-08-18 19:37:42,070 [ERROR] LogOutputStream:75 - [STDERR_REDIRECT] WARNING: Couldn't flush system prefs: java.util.prefs.BackingStoreException: Couldn't get file lock.
2026-08-18 19:37:42,070 [ERROR] LogOutputStream:75 - [STDERR_REDIRECT] 
2026-08-18 19:38:12,072 [ERROR] LogOutputStream:75 - [STDERR_REDIRECT] Aug 18, 2026 7:38:12 PM java.util.prefs.FileSystemPreferences checkLockFile0ErrorCode
2026-08-18 19:38:12,072 [ERROR] LogOutputStream:75 - [STDERR_REDIRECT] WARNING: Could not lock System prefs. Unix error code 2.
2026-08-18 19:38:12,072 [ERROR] LogOutputStream:75 - [STDERR_REDIRECT] 
2026-08-18 19:38:12,072 [ERROR] LogOutputStream:75 - [STDERR_REDIRECT] Aug 18, 2026 7:38:12 PM java.util.prefs.FileSystemPreferences syncWorld
2026-08-18 19:38:12,073 [ERROR] LogOutputStream:75 - [STDERR_REDIRECT] WARNING: Couldn't flush system prefs: java.util.prefs.BackingStoreException: Couldn't get file lock.
2026-08-18 19:38:12,073 [ERROR] LogOutputStream:75 - [STDERR_REDIRECT] 
2026-08-18 19:38:42,072 [ERROR] LogOutputStream:75 - [STDERR_REDIRECT] Aug 18, 2026 7:38:42 PM java.util.prefs.FileSystemPreferences checkLockFile0ErrorCode
2026-08-18 19:38:42,072 [ERROR] LogOutputStream:75 - [STDERR_REDIRECT] WARNING: Could not lock System prefs. Unix error code 2.
2026-08-18 19:38:42,073 [ERROR] LogOutputStream:75 - [STDERR_REDIRECT] 
2026-08-18 19:38:42,073 [ERROR] LogOutputStream:75 - [STDERR_REDIRECT] Aug 18, 2026 7:38:42 PM java.util.prefs.FileSystemPreferences syncWorld
2026-08-18 19:38:42,073 [ERROR] LogOutputStream:75 - [STDERR_REDIRECT] WARNING: Couldn't flush system prefs: java.util.prefs.BackingStoreException: Couldn't get file lock.
2026-08-18 19:38:42,073 [ERROR] LogOutputStream:75 - [STDERR_REDIRECT] 
2026-08-18 19:39:12,069 [ERROR] LogOutputStream:75 - [STDERR_REDIRECT] Aug 18, 2026 7:39:12 PM java.util.prefs.FileSystemPreferences checkLockFile0ErrorCode
2026-08-18 19:39:12,069 [ERROR] LogOutputStream:75 - [STDERR_REDIRECT] WARNING: Could not lock System prefs. Unix error code 2.
2026-08-18 19:39:12,070 [ERROR] LogOutputStream:75 - [STDERR_REDIRECT] 
2026-08-18 19:39:12,070 [ERROR] LogOutputStream:75 - [STDERR_REDIRECT] Aug 18, 2026 7:39:12 PM java.util.prefs.FileSystemPreferences syncWorld
2026-08-18 19:39:12,070 [ERROR] LogOutputStream:75 - [STDERR_REDIRECT] WARNING: Couldn't flush system prefs: java.util.prefs.BackingStoreException: Couldn't get file lock.
2026-08-18 19:39:12,070 [ERROR] LogOutputStream:75 - [STDERR_REDIRECT] 
2026-08-18 19:39:42,069 [ERROR] LogOutputStream:75 - [STDERR_REDIRECT] Aug 18, 2026 7:39:42 PM java.util.prefs.FileSystemPreferences checkLockFile0ErrorCode
2026-08-18 19:39:42,069 [ERROR] LogOutputStream:75 - [STDERR_REDIRECT] WARNING: Could not lock System prefs. Unix error code 2.
2026-08-18 19:39:42,069 [ERROR] LogOutputStream:75 - [STDERR_REDIRECT] 
2026-08-18 19:39:42,070 [ERROR] LogOutputStream:75 - [STDERR_REDIRECT] Aug 18, 2026 7:39:42 PM java.util.prefs.FileSystemPreferences syncWorld
2026-08-18 19:39:42,070 [ERROR] LogOutputStream:75 - [STDERR_REDIRECT] WARNING: Couldn't flush system prefs: java.util.prefs.BackingStoreException: Couldn't get file lock.
2026-08-18 19:39:42,070 [ERROR] LogOutputStream:75 - [STDERR_REDIRECT] 
2026-08-18 19:40:12,069 [ERROR] LogOutputStream:75 - [STDERR_REDIRECT] Aug 18, 2026 7:40:12 PM java.util.prefs.FileSystemPreferences checkLockFile0ErrorCode
2026-08-18 19:40:12,070 [ERROR] LogOutputStream:75 - [STDERR_REDIRECT] WARNING: Could not lock System prefs. Unix error code 2.
2026-08-18 19:40:12,070 [ERROR] LogOutputStream:75 - [STDERR_REDIRECT] 
2026-08-18 19:40:12,070 [ERROR] LogOutputStream:75 - [STDERR_REDIRECT] Aug 18, 2026 7:40:12 PM java.util.prefs.FileSystemPreferences syncWorld
2026-08-18 19:40:12,070 [ERROR] LogOutputStream:75 - [STDERR_REDIRECT] WARNING: Couldn't flush system prefs: java.util.prefs.BackingStoreException: Couldn't get file lock.
2026-08-18 19:40:12,070 [ERROR] LogOutputStream:75 - [STDERR_REDIRECT] 
2026-08-18 19:40:42,070 [ERROR] LogOutputStream:75 - [STDERR_REDIRECT] Aug 18, 2026 7:40:42 PM java.util.prefs.FileSystemPreferences checkLockFile0ErrorCode
2026-08-18 19:40:42,070 [ERROR] LogOutputStream:75 - [STDERR_REDIRECT] WARNING: Could not lock System prefs. Unix error code 2.
2026-08-18 19:40:42,070 [ERROR] LogOutputStream:75 - [STDERR_REDIRECT] 
2026-08-18 19:40:42,070 [ERROR] LogOutputStream:75 - [STDERR_REDIRECT] Aug 18, 2026 7:40:42 PM java.util.prefs.FileSystemPreferences syncWorld
2026-08-18 19:40:42,071 [ERROR] LogOutputStream:75 - [STDERR_REDIRECT] WARNING: Couldn't flush system prefs: java.util.prefs.BackingStoreException: Couldn't get file lock.
2026-08-18 19:40:42,071 [ERROR] LogOutputStream:75 - [STDERR_REDIRECT] 
2026-08-18 19:41:12,075 [ERROR] LogOutputStream:75 - [STDERR_REDIRECT] Aug 18, 2026 7:41:12 PM java.util.prefs.FileSystemPreferences checkLockFile0ErrorCode
2026-08-18 19:41:12,075 [ERROR] LogOutputStream:75 - [STDERR_REDIRECT] WARNING: Could not lock System prefs. Unix error code 2.
2026-08-18 19:41:12,075 [ERROR] LogOutputStream:75 - [STDERR_REDIRECT] 
2026-08-18 19:41:12,076 [ERROR] LogOutputStream:75 - [STDERR_REDIRECT] Aug 18, 2026 7:41:12 PM java.util.prefs.FileSystemPreferences syncWorld
2026-08-18 19:41:12,076 [ERROR] LogOutputStream:75 - [STDERR_REDIRECT] WARNING: Couldn't flush system prefs: java.util.prefs.BackingStoreException: Couldn't get file lock.
2026-08-18 19:41:12,076 [ERROR] LogOutputStream:75 - [STDERR_REDIRECT] 
2026-08-18 19:41:42,070 [ERROR] LogOutputStream:75 - [STDERR_REDIRECT] Aug 18, 2026 7:41:42 PM java.util.prefs.FileSystemPreferences checkLockFile0ErrorCode
2026-08-18 19:41:42,070 [ERROR] LogOutputStream:75 - [STDERR_REDIRECT] WARNING: Could not lock System prefs. Unix error code 2.
2026-08-18 19:41:42,071 [ERROR] LogOutputStream:75 - [STDERR_REDIRECT] 
2026-08-18 19:41:42,071 [ERROR] LogOutputStream:75 - [STDERR_REDIRECT] Aug 18, 2026 7:41:42 PM java.util.prefs.FileSystemPreferences syncWorld
2026-08-18 19:41:42,071 [ERROR] LogOutputStream:75 - [STDERR_REDIRECT] WARNING: Couldn't flush system prefs: java.util.prefs.BackingStoreException: Couldn't get file lock.
2026-08-18 19:41:42,071 [ERROR] LogOutputStream:75 - [STDERR_REDIRECT] 
2026-08-18 19:42:12,072 [ERROR] LogOutputStream:75 - [STDERR_REDIRECT] Aug 18, 2026 7:42:12 PM java.util.prefs.FileSystemPreferences checkLockFile0ErrorCode
2026-08-18 19:42:12,072 [ERROR] LogOutputStream:75 - [STDERR_REDIRECT] WARNING: Could not lock System prefs. Unix error code 2.
2026-08-18 19:42:12,073 [ERROR] LogOutputStream:75 - [STDERR_REDIRECT] 
2026-08-18 19:42:12,073 [ERROR] LogOutputStream:75 - [STDERR_REDIRECT] Aug 18, 2026 7:42:12 PM java.util.prefs.FileSystemPreferences syncWorld
2026-08-18 19:42:12,073 [ERROR] LogOutputStream:75 - [STDERR_REDIRECT] WARNING: Couldn't flush system prefs: java.util.prefs.BackingStoreException: Couldn't get file lock.
2026-08-18 19:42:12,073 [ERROR] LogOutputStream:75 - [STDERR_REDIRECT] 
2026-08-18 19:42:42,071 [ERROR] LogOutputStream:75 - [STDERR_REDIRECT] Aug 18, 2026 7:42:42 PM java.util.prefs.FileSystemPreferences checkLockFile0ErrorCode
2026-08-18 19:42:42,071 [ERROR] LogOutputStream:75 - [STDERR_REDIRECT] WARNING: Could not lock System prefs. Unix error code 2.
2026-08-18 19:42:42,071 [ERROR] LogOutputStream:75 - [STDERR_REDIRECT] 
2026-08-18 19:42:42,072 [ERROR] LogOutputStream:75 - [STDERR_REDIRECT] Aug 18, 2026 7:42:42 PM java.util.prefs.FileSystemPreferences syncWorld
2026-08-18 19:42:42,072 [ERROR] LogOutputStream:75 - [STDERR_REDIRECT] WARNING: Couldn't flush system prefs: java.util.prefs.BackingStoreException: Couldn't get file lock.
2026-08-18 19:42:42,072 [ERROR] LogOutputStream:75 - [STDERR_REDIRECT] 
2026-08-18 19:43:12,071 [ERROR] LogOutputStream:75 - [STDERR_REDIRECT] Aug 18, 2026 7:43:12 PM java.util.prefs.FileSystemPreferences checkLockFile0ErrorCode
2026-08-18 19:43:12,072 [ERROR] LogOutputStream:75 - [STDERR_REDIRECT] WARNING: Could not lock System prefs. Unix error code 2.
2026-08-18 19:43:12,072 [ERROR] LogOutputStream:75 - [STDERR_REDIRECT] 
2026-08-18 19:43:12,072 [ERROR] LogOutputStream:75 - [STDERR_REDIRECT] Aug 18, 2026 7:43:12 PM java.util.prefs.FileSystemPreferences syncWorld
2026-08-18 19:43:12,073 [ERROR] LogOutputStream:75 - [STDERR_REDIRECT] WARNING: Couldn't flush system prefs: java.util.prefs.BackingStoreException: Couldn't get file lock.
2026-08-18 19:43:12,073 [ERROR] LogOutputStream:75 - [STDERR_REDIRECT] 
2026-08-18 19:43:42,071 [ERROR] LogOutputStream:75 - [STDERR_REDIRECT] Aug 18, 2026 7:43:42 PM java.util.prefs.FileSystemPreferences checkLockFile0ErrorCode
2026-08-18 19:43:42,072 [ERROR] LogOutputStream:75 - [STDERR_REDIRECT] WARNING: Could not lock System prefs. Unix error code 2.
2026-08-18 19:43:42,072 [ERROR] LogOutputStream:75 - [STDERR_REDIRECT] 
2026-08-18 19:43:42,072 [ERROR] LogOutputStream:75 - [STDERR_REDIRECT] Aug 18, 2026 7:43:42 PM java.util.prefs.FileSystemPreferences syncWorld
2026-08-18 19:43:42,072 [ERROR] LogOutputStream:75 - [STDERR_REDIRECT] WARNING: Couldn't flush system prefs: java.util.prefs.BackingStoreException: Couldn't get file lock.
2026-08-18 19:43:42,072 [ERROR] LogOutputStream:75 - [STDERR_REDIRECT] 
2026-08-18 19:44:12,071 [ERROR] LogOutputStream:75 - [STDERR_REDIRECT] Aug 18, 2026 7:44:12 PM java.util.prefs.FileSystemPreferences checkLockFile0ErrorCode
2026-08-18 19:44:12,072 [ERROR] LogOutputStream:75 - [STDERR_REDIRECT] WARNING: Could not lock System prefs. Unix error code 2.
2026-08-18 19:44:12,072 [ERROR] LogOutputStream:75 - [STDERR_REDIRECT] 
2026-08-18 19:44:12,072 [ERROR] LogOutputStream:75 - [STDERR_REDIRECT] Aug 18, 2026 7:44:12 PM java.util.prefs.FileSystemPreferences syncWorld
2026-08-18 19:44:12,072 [ERROR] LogOutputStream:75 - [STDERR_REDIRECT] WARNING: Couldn't flush system prefs: java.util.prefs.BackingStoreException: Couldn't get file lock.
2026-08-18 19:44:12,072 [ERROR] LogOutputStream:75 - [STDERR_REDIRECT] 
2026-08-18 19:44:42,072 [ERROR] LogOutputStream:75 - [STDERR_REDIRECT] Aug 18, 2026 7:44:42 PM java.util.prefs.FileSystemPreferences checkLockFile0ErrorCode
2026-08-18 19:44:42,072 [ERROR] LogOutputStream:75 - [STDERR_REDIRECT] WARNING: Could not lock System prefs. Unix error code 2.
2026-08-18 19:44:42,072 [ERROR] LogOutputStream:75 - [STDERR_REDIRECT] 
2026-08-18 19:44:42,072 [ERROR] LogOutputStream:75 - [STDERR_REDIRECT] Aug 18, 2026 7:44:42 PM java.util.prefs.FileSystemPreferences syncWorld
2026-08-18 19:44:42,072 [ERROR] LogOutputStream:75 - [STDERR_REDIRECT] WARNING: Couldn't flush system prefs: java.util.prefs.BackingStoreException: Couldn't get file lock.
2026-08-18 19:44:42,073 [ERROR] LogOutputStream:75 - [STDERR_REDIRECT] 
2026-08-18 19:45:12,071 [ERROR] LogOutputStream:75 - [STDERR_REDIRECT] Aug 18, 2026 7:45:12 PM java.util.prefs.FileSystemPreferences checkLockFile0ErrorCode
2026-08-18 19:45:12,071 [ERROR] LogOutputStream:75 - [STDERR_REDIRECT] WARNING: Could not lock System prefs. Unix error code 2.
2026-08-18 19:45:12,071 [ERROR] LogOutputStream:75 - [STDERR_REDIRECT] 
2026-08-18 19:45:12,071 [ERROR] LogOutputStream:75 - [STDERR_REDIRECT] Aug 18, 2026 7:45:12 PM java.util.prefs.FileSystemPreferences syncWorld
2026-08-18 19:45:12,072 [ERROR] LogOutputStream:75 - [STDERR_REDIRECT] WARNING: Couldn't flush system prefs: java.util.prefs.BackingStoreException: Couldn't get file lock.
2026-08-18 19:45:12,072 [ERROR] LogOutputStream:75 - [STDERR_REDIRECT] 
2026-08-18 19:45:42,072 [ERROR] LogOutputStream:75 - [STDERR_REDIRECT] Aug 18, 2026 7:45:42 PM java.util.prefs.FileSystemPreferences checkLockFile0ErrorCode
2026-08-18 19:45:42,072 [ERROR] LogOutputStream:75 - [STDERR_REDIRECT] WARNING: Could not lock System prefs. Unix error code 2.
2026-08-18 19:45:42,072 [ERROR] LogOutputStream:75 - [STDERR_REDIRECT] 
2026-08-18 19:45:42,072 [ERROR] LogOutputStream:75 - [STDERR_REDIRECT] Aug 18, 2026 7:45:42 PM java.util.prefs.FileSystemPreferences syncWorld
2026-08-18 19:45:42,072 [ERROR] LogOutputStream:75 - [STDERR_REDIRECT] WARNING: Couldn't flush system prefs: java.util.prefs.BackingStoreException: Couldn't get file lock.
2026-08-18 19:45:42,072 [ERROR] LogOutputStream:75 - [STDERR_REDIRECT] 
2026-08-18 19:46:12,071 [ERROR] LogOutputStream:75 - [STDERR_REDIRECT] Aug 18, 2026 7:46:12 PM java.util.prefs.FileSystemPreferences checkLockFile0ErrorCode
2026-08-18 19:46:12,072 [ERROR] LogOutputStream:75 - [STDERR_REDIRECT] WARNING: Could not lock System prefs. Unix error code 2.
2026-08-18 19:46:12,072 [ERROR] LogOutputStream:75 - [STDERR_REDIRECT] 
2026-08-18 19:46:12,072 [ERROR] LogOutputStream:75 - [STDERR_REDIRECT] Aug 18, 2026 7:46:12 PM java.util.prefs.FileSystemPreferences syncWorld
2026-08-18 19:46:12,072 [ERROR] LogOutputStream:75 - [STDERR_REDIRECT] WARNING: Couldn't flush system prefs: java.util.prefs.BackingStoreException: Couldn't get file lock.
2026-08-18 19:46:12,072 [ERROR] LogOutputStream:75 - [STDERR_REDIRECT] 
2026-08-18 19:46:42,072 [ERROR] LogOutputStream:75 - [STDERR_REDIRECT] Aug 18, 2026 7:46:42 PM java.util.prefs.FileSystemPreferences checkLockFile0ErrorCode
2026-08-18 19:46:42,073 [ERROR] LogOutputStream:75 - [STDERR_REDIRECT] WARNING: Could not lock System prefs. Unix error code 2.
2026-08-18 19:46:42,073 [ERROR] LogOutputStream:75 - [STDERR_REDIRECT] 
2026-08-18 19:46:42,073 [ERROR] LogOutputStream:75 - [STDERR_REDIRECT] Aug 18, 2026 7:46:42 PM java.util.prefs.FileSystemPreferences syncWorld
2026-08-18 19:46:42,074 [ERROR] LogOutputStream:75 - [STDERR_REDIRECT] WARNING: Couldn't flush system prefs: java.util.prefs.BackingStoreException: Couldn't get file lock.
2026-08-18 19:46:42,074 [ERROR] LogOutputStream:75 - [STDERR_REDIRECT] 
2026-08-18 19:47:12,072 [ERROR] LogOutputStream:75 - [STDERR_REDIRECT] Aug 18, 2026 7:47:12 PM java.util.prefs.FileSystemPreferences checkLockFile0ErrorCode
2026-08-18 19:47:12,072 [ERROR] LogOutputStream:75 - [STDERR_REDIRECT] WARNING: Could not lock System prefs. Unix error code 2.
2026-08-18 19:47:12,072 [ERROR] LogOutputStream:75 - [STDERR_REDIRECT] 
2026-08-18 19:47:12,072 [ERROR] LogOutputStream:75 - [STDERR_REDIRECT] Aug 18, 2026 7:47:12 PM java.util.prefs.FileSystemPreferences syncWorld
2026-08-18 19:47:12,072 [ERROR] LogOutputStream:75 - [STDERR_REDIRECT] WARNING: Couldn't flush system prefs: java.util.prefs.BackingStoreException: Couldn't get file lock.
2026-08-18 19:47:12,072 [ERROR] LogOutputStream:75 - [STDERR_REDIRECT] 
2026-08-18 19:47:42,076 [ERROR] LogOutputStream:75 - [STDERR_REDIRECT] Aug 18, 2026 7:47:42 PM java.util.prefs.FileSystemPreferences checkLockFile0ErrorCode
2026-08-18 19:47:42,076 [ERROR] LogOutputStream:75 - [STDERR_REDIRECT] WARNING: Could not lock System prefs. Unix error code 2.
2026-08-18 19:47:42,076 [ERROR] LogOutputStream:75 - [STDERR_REDIRECT] 
2026-08-18 19:47:42,077 [ERROR] LogOutputStream:75 - [STDERR_REDIRECT] Aug 18, 2026 7:47:42 PM java.util.prefs.FileSystemPreferences syncWorld
2026-08-18 19:47:42,077 [ERROR] LogOutputStream:75 - [STDERR_REDIRECT] WARNING: Couldn't flush system prefs: java.util.prefs.BackingStoreException: Couldn't get file lock.
2026-08-18 19:47:42,077 [ERROR] LogOutputStream:75 - [STDERR_REDIRECT] 
2026-08-18 19:48:12,073 [ERROR] LogOutputStream:75 - [STDERR_REDIRECT] Aug 18, 2026 7:48:12 PM java.util.prefs.FileSystemPreferences checkLockFile0ErrorCode
2026-08-18 19:48:12,073 [ERROR] LogOutputStream:75 - [STDERR_REDIRECT] WARNING: Could not lock System prefs. Unix error code 2.
2026-08-18 19:48:12,073 [ERROR] LogOutputStream:75 - [STDERR_REDIRECT] 
2026-08-18 19:48:12,074 [ERROR] LogOutputStream:75 - [STDERR_REDIRECT] Aug 18, 2026 7:48:12 PM java.util.prefs.FileSystemPreferences syncWorld
2026-08-18 19:48:12,074 [ERROR] LogOutputStream:75 - [STDERR_REDIRECT] WARNING: Couldn't flush system prefs: java.util.prefs.BackingStoreException: Couldn't get file lock.
2026-08-18 19:48:12,074 [ERROR] LogOutputStream:75 - [STDERR_REDIRECT] 
2026-08-18 19:48:42,074 [ERROR] LogOutputStream:75 - [STDERR_REDIRECT] Aug 18, 2026 7:48:42 PM java.util.prefs.FileSystemPreferences checkLockFile0ErrorCode
2026-08-18 19:48:42,074 [ERROR] LogOutputStream:75 - [STDERR_REDIRECT] WARNING: Could not lock System prefs. Unix error code 2.
2026-08-18 19:48:42,074 [ERROR] LogOutputStream:75 - [STDERR_REDIRECT] 
2026-08-18 19:48:42,074 [ERROR] LogOutputStream:75 - [STDERR_REDIRECT] Aug 18, 2026 7:48:42 PM java.util.prefs.FileSystemPreferences syncWorld
2026-08-18 19:48:42,075 [ERROR] LogOutputStream:75 - [STDERR_REDIRECT] WARNING: Couldn't flush system prefs: java.util.prefs.BackingStoreException: Couldn't get file lock.
2026-08-18 19:48:42,075 [ERROR] LogOutputStream:75 - [STDERR_REDIRECT] 
2026-08-18 19:49:12,078 [ERROR] LogOutputStream:75 - [STDERR_REDIRECT] Aug 18, 2026 7:49:12 PM java.util.prefs.FileSystemPreferences checkLockFile0ErrorCode
2026-08-18 19:49:12,078 [ERROR] LogOutputStream:75 - [STDERR_REDIRECT] WARNING: Could not lock System prefs. Unix error code 2.
2026-08-18 19:49:12,078 [ERROR] LogOutputStream:75 - [STDERR_REDIRECT] 
2026-08-18 19:49:12,079 [ERROR] LogOutputStream:75 - [STDERR_REDIRECT] Aug 18, 2026 7:49:12 PM java.util.prefs.FileSystemPreferences syncWorld
2026-08-18 19:49:12,079 [ERROR] LogOutputStream:75 - [STDERR_REDIRECT] WARNING: Couldn't flush system prefs: java.util.prefs.BackingStoreException: Couldn't get file lock.
2026-08-18 19:49:12,079 [ERROR] LogOutputStream:75 - [STDERR_REDIRECT] 
2026-08-18 19:49:42,077 [ERROR] LogOutputStream:75 - [STDERR_REDIRECT] Aug 18, 2026 7:49:42 PM java.util.prefs.FileSystemPreferences checkLockFile0ErrorCode
2026-08-18 19:49:42,077 [ERROR] LogOutputStream:75 - [STDERR_REDIRECT] WARNING: Could not lock System prefs. Unix error code 2.
2026-08-18 19:49:42,077 [ERROR] LogOutputStream:75 - [STDERR_REDIRECT] 
2026-08-18 19:49:42,077 [ERROR] LogOutputStream:75 - [STDERR_REDIRECT] Aug 18, 2026 7:49:42 PM java.util.prefs.FileSystemPreferences syncWorld
2026-08-18 19:49:42,077 [ERROR] LogOutputStream:75 - [STDERR_REDIRECT] WARNING: Couldn't flush system prefs: java.util.prefs.BackingStoreException: Couldn't get file lock.
2026-08-18 19:49:42,077 [ERROR] LogOutputStream:75 - [STDERR_REDIRECT] 
2026-08-18 19:50:12,075 [ERROR] LogOutputStream:75 - [STDERR_REDIRECT] Aug 18, 2026 7:50:12 PM java.util.prefs.FileSystemPreferences checkLockFile0ErrorCode
2026-08-18 19:50:12,075 [ERROR] LogOutputStream:75 - [STDERR_REDIRECT] WARNING: Could not lock System prefs. Unix error code 2.
2026-08-18 19:50:12,075 [ERROR] LogOutputStream:75 - [STDERR_REDIRECT] 
2026-08-18 19:50:12,075 [ERROR] LogOutputStream:75 - [STDERR_REDIRECT] Aug 18, 2026 7:50:12 PM java.util.prefs.FileSystemPreferences syncWorld
2026-08-18 19:50:12,075 [ERROR] LogOutputStream:75 - [STDERR_REDIRECT] WARNING: Couldn't flush system prefs: java.util.prefs.BackingStoreException: Couldn't get file lock.
2026-08-18 19:50:12,075 [ERROR] LogOutputStream:75 - [STDERR_REDIRECT] 
2026-08-18 19:50:42,078 [ERROR] LogOutputStream:75 - [STDERR_REDIRECT] Aug 18, 2026 7:50:42 PM java.util.prefs.FileSystemPreferences checkLockFile0ErrorCode
2026-08-18 19:50:42,078 [ERROR] LogOutputStream:75 - [STDERR_REDIRECT] WARNING: Could not lock System prefs. Unix error code 2.
2026-08-18 19:50:42,078 [ERROR] LogOutputStream:75 - [STDERR_REDIRECT] 
2026-08-18 19:50:42,079 [ERROR] LogOutputStream:75 - [STDERR_REDIRECT] Aug 18, 2026 7:50:42 PM java.util.prefs.FileSystemPreferences syncWorld
2026-08-18 19:50:42,079 [ERROR] LogOutputStream:75 - [STDERR_REDIRECT] WARNING: Couldn't flush system prefs: java.util.prefs.BackingStoreException: Couldn't get file lock.
2026-08-18 19:50:42,079 [ERROR] LogOutputStream:75 - [STDERR_REDIRECT] 
2026-08-18 19:51:12,074 [ERROR] LogOutputStream:75 - [STDERR_REDIRECT] Aug 18, 2026 7:51:12 PM java.util.prefs.FileSystemPreferences checkLockFile0ErrorCode
2026-08-18 19:51:12,074 [ERROR] LogOutputStream:75 - [STDERR_REDIRECT] WARNING: Could not lock System prefs. Unix error code 2.
2026-08-18 19:51:12,075 [ERROR] LogOutputStream:75 - [STDERR_REDIRECT] 
2026-08-18 19:51:12,075 [ERROR] LogOutputStream:75 - [STDERR_REDIRECT] Aug 18, 2026 7:51:12 PM java.util.prefs.FileSystemPreferences syncWorld
2026-08-18 19:51:12,075 [ERROR] LogOutputStream:75 - [STDERR_REDIRECT] WARNING: Couldn't flush system prefs: java.util.prefs.BackingStoreException: Couldn't get file lock.
2026-08-18 19:51:12,075 [ERROR] LogOutputStream:75 - [STDERR_REDIRECT] 
2026-08-18 19:51:42,081 [ERROR] LogOutputStream:75 - [STDERR_REDIRECT] Aug 18, 2026 7:51:42 PM java.util.prefs.FileSystemPreferences checkLockFile0ErrorCode
2026-08-18 19:51:42,081 [ERROR] LogOutputStream:75 - [STDERR_REDIRECT] WARNING: Could not lock System prefs. Unix error code 2.
2026-08-18 19:51:42,081 [ERROR] LogOutputStream:75 - [STDERR_REDIRECT] 
2026-08-18 19:51:42,081 [ERROR] LogOutputStream:75 - [STDERR_REDIRECT] Aug 18, 2026 7:51:42 PM java.util.prefs.FileSystemPreferences syncWorld
2026-08-18 19:51:42,082 [ERROR] LogOutputStream:75 - [STDERR_REDIRECT] WARNING: Couldn't flush system prefs: java.util.prefs.BackingStoreException: Couldn't get file lock.
2026-08-18 19:51:42,082 [ERROR] LogOutputStream:75 - [STDERR_REDIRECT] 
2026-08-18 19:52:12,111 [ERROR] LogOutputStream:75 - [STDERR_REDIRECT] Aug 18, 2026 7:52:12 PM java.util.prefs.FileSystemPreferences checkLockFile0ErrorCode
2026-08-18 19:52:12,111 [ERROR] LogOutputStream:75 - [STDERR_REDIRECT] WARNING: Could not lock System prefs. Unix error code 2.
2026-08-18 19:52:12,111 [ERROR] LogOutputStream:75 - [STDERR_REDIRECT] 
2026-08-18 19:52:12,112 [ERROR] LogOutputStream:75 - [STDERR_REDIRECT] Aug 18, 2026 7:52:12 PM java.util.prefs.FileSystemPreferences syncWorld
2026-08-18 19:52:12,112 [ERROR] LogOutputStream:75 - [STDERR_REDIRECT] WARNING: Couldn't flush system prefs: java.util.prefs.BackingStoreException: Couldn't get file lock.
2026-08-18 19:52:12,112 [ERROR] LogOutputStream:75 - [STDERR_REDIRECT] 
2026-08-18 19:52:42,076 [ERROR] LogOutputStream:75 - [STDERR_REDIRECT] Aug 18, 2026 7:52:42 PM java.util.prefs.FileSystemPreferences checkLockFile0ErrorCode
2026-08-18 19:52:42,076 [ERROR] LogOutputStream:75 - [STDERR_REDIRECT] WARNING: Could not lock System prefs. Unix error code 2.
2026-08-18 19:52:42,076 [ERROR] LogOutputStream:75 - [STDERR_REDIRECT] 
2026-08-18 19:52:42,076 [ERROR] LogOutputStream:75 - [STDERR_REDIRECT] Aug 18, 2026 7:52:42 PM java.util.prefs.FileSystemPreferences syncWorld
2026-08-18 19:52:42,077 [ERROR] LogOutputStream:75 - [STDERR_REDIRECT] WARNING: Couldn't flush system prefs: java.util.prefs.BackingStoreException: Couldn't get file lock.
2026-08-18 19:52:42,077 [ERROR] LogOutputStream:75 - [STDERR_REDIRECT] 
2026-08-18 19:53:12,077 [ERROR] LogOutputStream:75 - [STDERR_REDIRECT] Aug 18, 2026 7:53:12 PM java.util.prefs.FileSystemPreferences checkLockFile0ErrorCode
2026-08-18 19:53:12,078 [ERROR] LogOutputStream:75 - [STDERR_REDIRECT] WARNING: Could not lock System prefs. Unix error code 2.
2026-08-18 19:53:12,078 [ERROR] LogOutputStream:75 - [STDERR_REDIRECT] 
2026-08-18 19:53:12,078 [ERROR] LogOutputStream:75 - [STDERR_REDIRECT] Aug 18, 2026 7:53:12 PM java.util.prefs.FileSystemPreferences syncWorld
2026-08-18 19:53:12,078 [ERROR] LogOutputStream:75 - [STDERR_REDIRECT] WARNING: Couldn't flush system prefs: java.util.prefs.BackingStoreException: Couldn't get file lock.
2026-08-18 19:53:12,078 [ERROR] LogOutputStream:75 - [STDERR_REDIRECT] 
2026-08-18 19:53:19,078 [ERROR] LogOutputStream:75 - [STDERR_REDIRECT] 
2026-08-18 19:53:51,900 [INFO] Activator:176 - 


2026-08-18 19:53:51,903 [INFO] Activator:177 - !SESSION log4j initialized
2026-08-18 19:53:57,321 [INFO] LogOutputStream:77 - [STDOUT_REDIRECT] 
2026-08-18 19:53:58,366 [INFO] ApplicationProperties:184 - Using Application install path: /opt/st/stm32cubeide_1.18.0/plugins/com.st.stm32cube.common.mx_6.14.0.202502271554
2026-08-18 19:53:58,394 [INFO] DbMcusXml:78 - Set database path to: /opt/st/stm32cubeide_1.18.0/plugins/com.st.stm32cube.common.mx_6.14.0.202502271554//db//mcu/
2026-08-18 19:53:58,394 [INFO] ApiDb:274 - Set plugin database path to: /opt/st/stm32cubeide_1.18.0/plugins/com.st.stm32cube.common.mx_6.14.0.202502271554//db//plugins/boardmanager/
2026-08-18 19:53:58,395 [WARN] ApiDb:259 - Overriding images path with different value:  => /opt/st/stm32cubeide_1.18.0/plugins/com.st.stm32cube.common.mx_6.14.0.202502271554//db//plugins/mcufinder/images/
2026-08-18 19:53:58,400 [INFO] ApiDb:250 - Set database path to: /home/thuy/.stmcufinder/plugins/mcufinder//mcu/
2026-08-18 19:53:58,402 [INFO] DbMcusAds:125 - Set database path to: /home/thuy/.stmcufinder/plugins/mcufinder//mcu/
2026-08-18 19:53:58,405 [INFO] CrossReferenceDbSqlite:203 - Set database path to: /home/thuy/.stmcufinder/plugins/mcufinder//mcu/cs/
2026-08-18 19:53:58,611 [INFO] RulesReader:64 - Compatibility file has been processed (301 Rules)
2026-08-18 19:53:58,703 [INFO] DbMcusXml:78 - Set database path to: /opt/st/stm32cubeide_1.18.0/plugins/com.st.stm32cube.common.mx_6.14.0.202502271554//db//mcu/
2026-08-18 19:53:58,703 [INFO] ApiDb:274 - Set plugin database path to: /opt/st/stm32cubeide_1.18.0/plugins/com.st.stm32cube.common.mx_6.14.0.202502271554//db//plugins/boardmanager/
2026-08-18 19:53:58,703 [INFO] ApiDb:261 - Set plugin images path to: /opt/st/stm32cubeide_1.18.0/plugins/com.st.stm32cube.common.mx_6.14.0.202502271554//db//plugins/mcufinder/images/
2026-08-18 19:53:58,704 [WARN] DbFile:41 - Overriding database path with different value: /home/thuy/.stmcufinder/plugins/mcufinder/ => /home/thuy/.stmcufinder/plugins/mcufinder
2026-08-18 19:53:58,704 [INFO] ApiDb:250 - Set database path to: /home/thuy/.stmcufinder/plugins/mcufinder//mcu/
2026-08-18 19:53:58,704 [WARN] DbFile:41 - Overriding database path with different value: /home/thuy/.stmcufinder/plugins/mcufinder/ => /home/thuy/.stmcufinder/plugins/mcufinder
2026-08-18 19:53:58,704 [INFO] DbMcusAds:125 - Set database path to: /home/thuy/.stmcufinder/plugins/mcufinder//mcu/
2026-08-18 19:53:58,705 [WARN] DbFile:41 - Overriding database path with different value: /home/thuy/.stmcufinder/plugins/mcufinder/ => /home/thuy/.stmcufinder/plugins/mcufinder
2026-08-18 19:53:58,705 [WARN] DbFile:41 - Overriding database path with different value: /home/thuy/.stmcufinder/plugins/mcufinder/ => /home/thuy/.stmcufinder/plugins/mcufinder
2026-08-18 19:53:58,705 [INFO] CrossReferenceDbSqlite:203 - Set database path to: /home/thuy/.stmcufinder/plugins/mcufinder//mcu/cs/
2026-08-18 19:53:58,797 [INFO] MainPanel:272 - HeapMemory: 268435456
2026-08-18 19:53:59,024 [INFO] DbMcusXml:78 - Set database path to: /opt/st/stm32cubeide_1.18.0/plugins/com.st.stm32cube.common.mx_6.14.0.202502271554//db//mcu/
2026-08-18 19:53:59,024 [INFO] ApiDb:274 - Set plugin database path to: /opt/st/stm32cubeide_1.18.0/plugins/com.st.stm32cube.common.mx_6.14.0.202502271554//db//plugins/boardmanager/
2026-08-18 19:53:59,024 [INFO] ApiDb:261 - Set plugin images path to: /opt/st/stm32cubeide_1.18.0/plugins/com.st.stm32cube.common.mx_6.14.0.202502271554//db//plugins/mcufinder/images/
2026-08-18 19:53:59,025 [WARN] DbFile:41 - Overriding database path with different value: /home/thuy/.stmcufinder/plugins/mcufinder/ => /home/thuy/.stmcufinder/plugins/mcufinder
2026-08-18 19:53:59,025 [INFO] ApiDb:250 - Set database path to: /home/thuy/.stmcufinder/plugins/mcufinder//mcu/
2026-08-18 19:53:59,025 [WARN] DbFile:41 - Overriding database path with different value: /home/thuy/.stmcufinder/plugins/mcufinder/ => /home/thuy/.stmcufinder/plugins/mcufinder
2026-08-18 19:53:59,025 [INFO] DbMcusAds:125 - Set database path to: /home/thuy/.stmcufinder/plugins/mcufinder//mcu/
2026-08-18 19:53:59,026 [WARN] DbFile:41 - Overriding database path with different value: /home/thuy/.stmcufinder/plugins/mcufinder/ => /home/thuy/.stmcufinder/plugins/mcufinder
2026-08-18 19:53:59,026 [WARN] DbFile:41 - Overriding database path with different value: /home/thuy/.stmcufinder/plugins/mcufinder/ => /home/thuy/.stmcufinder/plugins/mcufinder
2026-08-18 19:53:59,026 [INFO] CrossReferenceDbSqlite:203 - Set database path to: /home/thuy/.stmcufinder/plugins/mcufinder//mcu/cs/
2026-08-18 19:53:59,053 [INFO] ApplicationProperties:184 - Using Application install path: /opt/st/stm32cubeide_1.18.0/plugins/com.st.stm32cube.common.mx_6.14.0.202502271554
2026-08-18 19:53:59,055 [INFO] PluginManage:196 - Search for loadable plugins [exclusion list=, ]
2026-08-18 19:53:59,057 [INFO] PluginManage:310 - Check plugin analytics
2026-08-18 19:53:59,322 [INFO] AnalyticsPlugin:253 - Accepted Software Licenses: STM32CubeMX.6.17.0
2026-08-18 19:53:59,322 [INFO] AnalyticsPlugin:255 - Accepted CMSIS Pack Licenses: 
2026-08-18 19:53:59,322 [INFO] AnalyticsPlugin:257 - Accepted Firmware Licenses: FW.F1.1.8.7,FW.F4.1.28.0,FW.F4.1.28.3
2026-08-18 19:53:59,326 [INFO] PluginManage:359 - Loaded plugin analytics (category:tool,tabindex:-1)
2026-08-18 19:53:59,327 [INFO] PluginManage:310 - Check plugin cadmodel
2026-08-18 19:53:59,332 [INFO] CADModel:105 - Init CAD model plugin
2026-08-18 19:53:59,332 [INFO] PluginManage:359 - Loaded plugin cadmodel (category:power,tabindex:5)
2026-08-18 19:53:59,332 [INFO] PluginManage:310 - Check plugin clock
2026-08-18 19:53:59,344 [INFO] PluginManage:359 - Loaded plugin clock (category:base,tabindex:2)
2026-08-18 19:53:59,345 [INFO] PluginManage:310 - Check plugin ddr
2026-08-18 19:53:59,347 [INFO] PluginManage:359 - Loaded plugin ddr (category:tool,tabindex:6)
2026-08-18 19:53:59,347 [INFO] PluginManage:310 - Check plugin filemanager
2026-08-18 19:53:59,575 [INFO] PluginManage:359 - Loaded plugin filemanager (category:base,tabindex:10)
2026-08-18 19:53:59,575 [INFO] PluginManage:310 - Check plugin ipmanager
2026-08-18 19:53:59,583 [INFO] PluginManage:359 - Loaded plugin ipmanager (category:base,tabindex:5)
2026-08-18 19:53:59,583 [INFO] PluginManage:310 - Check plugin lpbam
2026-08-18 19:53:59,595 [INFO] PluginManage:359 - Loaded plugin lpbam (category:base,tabindex:0)
2026-08-18 19:53:59,596 [INFO] PluginManage:310 - Check plugin memorymap
2026-08-18 19:53:59,613 [INFO] PluginManage:359 - Loaded plugin memorymap (category:base,tabindex:4)
2026-08-18 19:53:59,614 [INFO] PluginManage:310 - Check plugin pinoutandconfiguration
2026-08-18 19:53:59,624 [INFO] PluginManage:359 - Loaded plugin pinoutandconfiguration (category:base,tabindex:1)
2026-08-18 19:53:59,625 [INFO] PluginManage:310 - Check plugin pinoutconfig
2026-08-18 19:53:59,750 [WARN] SupportedApi:132 - Cannot load RTOS API schema: s4s-elt-must-match.1: The content of 'definitions' must match (annotation?, (simpleType | complexType)?, (unique | key | keyref)*)). A problem was found starting at: attribute.
2026-08-18 19:53:59,937 [INFO] PluginManage:359 - Loaded plugin pinoutconfig (category:base,tabindex:0)
2026-08-18 19:53:59,938 [INFO] PluginManage:310 - Check plugin power
2026-08-18 19:53:59,949 [INFO] PluginManage:359 - Loaded plugin power (category:power,tabindex:4)
2026-08-18 19:53:59,950 [INFO] PluginManage:310 - Check plugin projectmanager
2026-08-18 19:53:59,973 [INFO] PluginManage:359 - Loaded plugin projectmanager (category:projectmanager,tabindex:4)
2026-08-18 19:53:59,974 [INFO] PluginManage:310 - Check plugin rif
2026-08-18 19:53:59,983 [INFO] PluginManage:359 - Loaded plugin rif (category:base,tabindex:3)
2026-08-18 19:53:59,983 [INFO] PluginManage:310 - Check plugin thirdparty
2026-08-18 19:54:00,155 [INFO] PluginManage:359 - Loaded plugin thirdparty (category:base,tabindex:-1)
2026-08-18 19:54:00,154 [WARN] IntegrityCheckThread:84 - waiting for thirdparty lock release [integrity check]
2026-08-18 19:54:00,155 [INFO] PluginManage:310 - Check plugin tools
2026-08-18 19:54:00,155 [INFO] IntegrityCheckThread:86 - entering critical section [integrity check]
2026-08-18 19:54:00,156 [INFO] ThirdPartyUpdaterWithRetryManager:70 - Updater plugin not ready yet. [1/15]
2026-08-18 19:54:00,158 [INFO] PluginManage:359 - Loaded plugin tools (category:base,tabindex:7)
2026-08-18 19:54:00,159 [INFO] PluginManage:310 - Check plugin tutovideos
2026-08-18 19:54:00,421 [INFO] PluginManage:359 - Loaded plugin tutovideos (category:base,tabindex:-1)
2026-08-18 19:54:00,422 [INFO] PluginManage:310 - Check plugin updater
2026-08-18 19:54:00,457 [INFO] PluginManage:359 - Loaded plugin updater (category:base,tabindex:12)
2026-08-18 19:54:00,457 [INFO] PluginManage:310 - Check plugin userauth
2026-08-18 19:54:00,462 [INFO] UserAuth:118 - Init User Auth plugin
2026-08-18 19:54:00,463 [INFO] PluginManage:359 - Loaded plugin userauth (category:base,tabindex:14)
2026-08-18 19:54:00,464 [INFO] PluginManage:283 - PluginManage : Loaded plugins [18]
2026-08-18 19:54:00,714 [INFO] PinOutPanel:1589 - setPackage(No Configuration,No Configuration)
2026-08-18 19:54:00,813 [INFO] CADModel:165 - CPN selected for project level
2026-08-18 19:54:00,814 [INFO] CADModel:114 - Register for checkConnection events
2026-08-18 19:54:00,833 [INFO] IPUIPlugin:80 - create IPUIPlugin
2026-08-18 19:54:00,834 [INFO] PluginManager:220 - loadIPPluginJar : add freertos
2026-08-18 19:54:00,836 [INFO] IPUIPlugin:80 - create IPUIPlugin
2026-08-18 19:54:00,836 [INFO] PluginManager:220 - loadIPPluginJar : add quadspi
2026-08-18 19:54:00,843 [INFO] IPUIPlugin:80 - create IPUIPlugin
2026-08-18 19:54:00,843 [INFO] PluginManager:220 - loadIPPluginJar : add i2s
2026-08-18 19:54:00,848 [INFO] IPUIPlugin:80 - create IPUIPlugin
2026-08-18 19:54:00,848 [INFO] PluginManager:220 - loadIPPluginJar : add touchsensing
2026-08-18 19:54:00,852 [INFO] IPUIPlugin:80 - create IPUIPlugin
2026-08-18 19:54:00,853 [INFO] PluginManager:220 - loadIPPluginJar : add ipddr
2026-08-18 19:54:00,856 [INFO] IPUIPlugin:80 - create IPUIPlugin
2026-08-18 19:54:00,857 [INFO] PluginManager:220 - loadIPPluginJar : add pdm2pcm
2026-08-18 19:54:00,860 [INFO] IPUIPlugin:80 - create IPUIPlugin
2026-08-18 19:54:00,860 [INFO] PluginManager:220 - loadIPPluginJar : add dfsdm
2026-08-18 19:54:00,872 [INFO] IPUIPlugin:80 - create IPUIPlugin
2026-08-18 19:54:00,872 [INFO] PluginManager:220 - loadIPPluginJar : add stm32_wpan
2026-08-18 19:54:00,877 [INFO] IPUIPlugin:80 - create IPUIPlugin
2026-08-18 19:54:00,878 [INFO] PluginManager:220 - loadIPPluginJar : add nvic
2026-08-18 19:54:00,883 [INFO] IPUIPlugin:80 - create IPUIPlugin
2026-08-18 19:54:00,883 [INFO] PluginManager:220 - loadIPPluginJar : add gpio
2026-08-18 19:54:00,887 [INFO] IPUIPlugin:80 - create IPUIPlugin
2026-08-18 19:54:00,888 [INFO] PluginManager:220 - loadIPPluginJar : add usbx
2026-08-18 19:54:00,891 [INFO] IPUIPlugin:80 - create IPUIPlugin
2026-08-18 19:54:00,892 [INFO] PluginManager:220 - loadIPPluginJar : add sai
2026-08-18 19:54:00,893 [INFO] IPUIPlugin:80 - create IPUIPlugin
2026-08-18 19:54:00,894 [INFO] PluginManager:220 - loadIPPluginJar : add fatfs
2026-08-18 19:54:00,897 [INFO] IPUIPlugin:80 - create IPUIPlugin
2026-08-18 19:54:00,897 [INFO] PluginManager:220 - loadIPPluginJar : add opamp
2026-08-18 19:54:00,900 [INFO] IPUIPlugin:80 - create IPUIPlugin
2026-08-18 19:54:00,900 [INFO] PluginManager:220 - loadIPPluginJar : add spi
2026-08-18 19:54:00,902 [INFO] IPUIPlugin:80 - create IPUIPlugin
2026-08-18 19:54:00,902 [INFO] PluginManager:220 - loadIPPluginJar : add tsc
2026-08-18 19:54:00,906 [INFO] IPUIPlugin:80 - create IPUIPlugin
2026-08-18 19:54:00,907 [INFO] PluginManager:220 - loadIPPluginJar : add resmgrutility
2026-08-18 19:54:00,910 [INFO] IPUIPlugin:80 - create IPUIPlugin
2026-08-18 19:54:00,910 [INFO] PluginManager:220 - loadIPPluginJar : add can
2026-08-18 19:54:00,912 [INFO] IPUIPlugin:80 - create IPUIPlugin
2026-08-18 19:54:00,913 [INFO] PluginManager:220 - loadIPPluginJar : add ts
2026-08-18 19:54:00,921 [INFO] IPUIPlugin:80 - create IPUIPlugin
2026-08-18 19:54:00,925 [INFO] PluginManager:220 - loadIPPluginJar : add plateformsettings
2026-08-18 19:54:00,928 [INFO] IPUIPlugin:80 - create IPUIPlugin
2026-08-18 19:54:00,928 [INFO] PluginManager:220 - loadIPPluginJar : add tracer_emb
2026-08-18 19:54:00,931 [INFO] IPUIPlugin:80 - create IPUIPlugin
2026-08-18 19:54:00,931 [INFO] PluginManager:220 - loadIPPluginJar : add hash
2026-08-18 19:54:00,935 [INFO] IPUIPlugin:80 - create IPUIPlugin
2026-08-18 19:54:00,935 [INFO] PluginManager:220 - loadIPPluginJar : add i2c
2026-08-18 19:54:00,938 [INFO] IPUIPlugin:80 - create IPUIPlugin
2026-08-18 19:54:00,939 [INFO] PluginManager:220 - loadIPPluginJar : add i3c
2026-08-18 19:54:00,950 [INFO] IPUIPlugin:80 - create IPUIPlugin
2026-08-18 19:54:00,950 [INFO] PluginManager:220 - loadIPPluginJar : add adc
2026-08-18 19:54:00,952 [INFO] IPUIPlugin:80 - create IPUIPlugin
2026-08-18 19:54:00,952 [INFO] PluginManager:220 - loadIPPluginJar : add ltdc
2026-08-18 19:54:00,961 [INFO] IPUIPlugin:80 - create IPUIPlugin
2026-08-18 19:54:00,961 [INFO] PluginManager:220 - loadIPPluginJar : add mdma
2026-08-18 19:54:00,965 [INFO] IPUIPlugin:80 - create IPUIPlugin
2026-08-18 19:54:00,965 [INFO] PluginManager:220 - loadIPPluginJar : add aes
2026-08-18 19:54:00,971 [INFO] IPUIPlugin:80 - create IPUIPlugin
2026-08-18 19:54:00,971 [INFO] PluginManager:220 - loadIPPluginJar : add fmc
2026-08-18 19:54:00,973 [INFO] IPUIPlugin:80 - create IPUIPlugin
2026-08-18 19:54:00,974 [INFO] PluginManager:220 - loadIPPluginJar : add radio
2026-08-18 19:54:00,977 [INFO] IPUIPlugin:80 - create IPUIPlugin
2026-08-18 19:54:00,977 [INFO] PluginManager:220 - loadIPPluginJar : add cryp
2026-08-18 19:54:00,981 [INFO] IPUIPlugin:80 - create IPUIPlugin
2026-08-18 19:54:00,981 [INFO] PluginManager:220 - loadIPPluginJar : add openamp
2026-08-18 19:54:00,983 [INFO] IPUIPlugin:80 - create IPUIPlugin
2026-08-18 19:54:00,983 [INFO] PluginManager:220 - loadIPPluginJar : add comp
2026-08-18 19:54:00,986 [INFO] IPUIPlugin:80 - create IPUIPlugin
2026-08-18 19:54:00,986 [INFO] PluginManager:220 - loadIPPluginJar : add gfxmmu
2026-08-18 19:54:00,990 [INFO] IPUIPlugin:80 - create IPUIPlugin
2026-08-18 19:54:00,990 [INFO] PluginManager:220 - loadIPPluginJar : add gtzc
2026-08-18 19:54:00,997 [INFO] IPUIPlugin:80 - create IPUIPlugin
2026-08-18 19:54:00,998 [INFO] PluginManager:220 - loadIPPluginJar : add gic
2026-08-18 19:54:01,001 [INFO] IPUIPlugin:80 - create IPUIPlugin
2026-08-18 19:54:01,001 [INFO] PluginManager:220 - loadIPPluginJar : add lorawan
2026-08-18 19:54:01,005 [INFO] IPUIPlugin:80 - create IPUIPlugin
2026-08-18 19:54:01,005 [INFO] PluginManager:220 - loadIPPluginJar : add usart
2026-08-18 19:54:01,008 [INFO] IPUIPlugin:80 - create IPUIPlugin
2026-08-18 19:54:01,008 [INFO] PluginManager:220 - loadIPPluginJar : add tim
2026-08-18 19:54:01,011 [INFO] IPUIPlugin:80 - create IPUIPlugin
2026-08-18 19:54:01,012 [INFO] PluginManager:220 - loadIPPluginJar : add ddr_ctrl_phy
2026-08-18 19:54:01,015 [INFO] IPUIPlugin:80 - create IPUIPlugin
2026-08-18 19:54:01,015 [INFO] PluginManager:220 - loadIPPluginJar : add extmemmanager
2026-08-18 19:54:01,018 [INFO] IPUIPlugin:80 - create IPUIPlugin
2026-08-18 19:54:01,019 [INFO] PluginManager:220 - loadIPPluginJar : add dma3
2026-08-18 19:54:01,021 [INFO] IPUIPlugin:80 - create IPUIPlugin
2026-08-18 19:54:01,021 [INFO] PluginManager:220 - loadIPPluginJar : add ucpd
2026-08-18 19:54:01,029 [INFO] IPUIPlugin:80 - create IPUIPlugin
2026-08-18 19:54:01,029 [INFO] PluginManager:220 - loadIPPluginJar : add dma
2026-08-18 19:54:01,031 [INFO] IPUIPlugin:80 - create IPUIPlugin
2026-08-18 19:54:01,032 [INFO] PluginManager:220 - loadIPPluginJar : add genericplugin
2026-08-18 19:54:01,043 [INFO] IPUIPlugin:80 - create IPUIPlugin
2026-08-18 19:54:01,043 [INFO] PluginManager:220 - loadIPPluginJar : add linkedlist
2026-08-18 19:54:01,172 [FATAL] Updater:351 - Updater called before beeing initialized
2026-08-18 19:54:01,237 [INFO] RulesReader:64 - Compatibility file has been processed (301 Rules)
2026-08-18 19:54:01,271 [INFO] RulesReader:64 - Compatibility file has been processed (301 Rules)
2026-08-18 19:54:01,327 [INFO] CADModel:165 - CPN selected for project level
2026-08-18 19:54:01,328 [INFO] CADModel:114 - Register for checkConnection events
2026-08-18 19:54:01,329 [FATAL] Updater:351 - Updater called before beeing initialized
2026-08-18 19:54:01,329 [ERROR] CADModel:125 - Updater not yet initialized, retry later 
2026-08-18 19:54:01,555 [FATAL] Updater:351 - Updater called before beeing initialized
2026-08-18 19:54:01,557 [INFO] CADModel:165 - CPN selected for project level
2026-08-18 19:54:01,558 [INFO] CADModel:114 - Register for checkConnection events
2026-08-18 19:54:01,558 [FATAL] Updater:351 - Updater called before beeing initialized
2026-08-18 19:54:01,558 [ERROR] CADModel:125 - Updater not yet initialized, retry later 
2026-08-18 19:54:01,564 [FATAL] Updater:351 - Updater called before beeing initialized
2026-08-18 19:54:01,697 [FATAL] Updater:351 - Updater called before beeing initialized
2026-08-18 19:54:01,703 [INFO] DbMcusAds:53 - JSON generation date=Wed Jul 15 16:44:54 ICT 2026 (1784108694001)
2026-08-18 19:54:01,704 [FATAL] Updater:351 - Updater called before beeing initialized
2026-08-18 19:54:01,760 [WARN] DetailPanel:346 - Failed to get advertising image, set to default
2026-08-18 19:54:02,282 [FATAL] Updater:351 - Updater called before beeing initialized
2026-08-18 19:54:02,285 [FATAL] Updater:351 - Updater called before beeing initialized
2026-08-18 19:54:02,286 [FATAL] Updater:351 - Updater called before beeing initialized
2026-08-18 19:54:02,286 [WARN] DetailPanel:346 - Failed to get advertising image, set to default
2026-08-18 19:54:02,288 [FATAL] Updater:351 - Updater called before beeing initialized
2026-08-18 19:54:02,340 [ERROR] Updater:1198 - MainUpdater not yet initialized. External WinMGr cannot be set.
2026-08-18 19:54:02,343 [INFO] Updater:1134 - Updater Version found : 6.14.0
2026-08-18 19:54:02,371 [INFO] ApplicationProperties:184 - Using Application install path: /opt/st/stm32cubeide_1.18.0/plugins/com.st.stm32cube.common.mx_6.14.0.202502271554
2026-08-18 19:54:02,392 [ERROR] LogOutputStream:75 - [STDERR_REDIRECT] Aug 18, 2026 7:54:02 PM java.util.prefs.FileSystemPreferences$2 run
2026-08-18 19:54:02,393 [ERROR] LogOutputStream:75 - [STDERR_REDIRECT] WARNING: Could not create system preferences directory. System preferences are unusable.
2026-08-18 19:54:02,393 [ERROR] LogOutputStream:75 - [STDERR_REDIRECT] 
2026-08-18 19:54:02,800 [INFO] MainUpdater:2872 - connection check result : 10
2026-08-18 19:54:02,802 [INFO] MainUpdater:289 - Updater Check For Update Now.
2026-08-18 19:54:02,802 [INFO] MicroXplorer:498 - Change Database Version : DB.6.0.140
2026-08-18 19:54:02,809 [INFO] McuFinderGlobals:63 - Set McuFinder mode to 2 (CubeIDE integrated)
2026-08-18 19:54:02,809 [INFO] UserAuth:171 - activating auth plugin
2026-08-18 19:54:02,814 [INFO] UserAuth:486 - Internet connection configuration mode: 1
2026-08-18 19:54:02,834 [INFO] JxBrowserEngine:152 - Initiate JxBrowser Engine with user profile folder
2026-08-18 19:54:03,051 [INFO] CheckServerUpdateThread:120 - End of CheckServer Thread
2026-08-18 19:54:03,489 [WARN] PackLoader:240 - Cannot read IP mode file for STMicroelectronics.X-CUBE-AZRTOS-H7.3.5.0
2026-08-18 19:54:03,508 [WARN] PackLoader:240 - Cannot read IP mode file for STMicroelectronics.FP-ATR-ASTRA1.2.0.3
2026-08-18 19:54:03,513 [WARN] PackLoader:240 - Cannot read IP mode file for STMicroelectronics.FP-ATR-ASTRA1.2.0.2
2026-08-18 19:54:03,530 [ERROR] Engine:466 - /home/thuy/.stm32cubemx/thirdparties/pdsc/STMicroelectronics.X-CUBE-SMBUS.2.1.1.pdsc: PDSC version is not supported
2026-08-18 19:54:03,597 [WARN] PackLoader:240 - Cannot read IP mode file for STMicroelectronics.X-CUBE-AZRTOS-F7.1.1.0
2026-08-18 19:54:03,614 [ERROR] Engine:466 - /home/thuy/.stm32cubemx/thirdparties/pdsc/STMicroelectronics.X-CUBE-FREERTOS.1.6.0.pdsc: PDSC version is not supported
2026-08-18 19:54:03,619 [ERROR] Engine:466 - /home/thuy/.stm32cubemx/thirdparties/pdsc/STMicroelectronics.FP-SNS-MOTENV1.5.1.0.pdsc: PDSC version is not supported
2026-08-18 19:54:03,687 [WARN] PackLoader:240 - Cannot read IP mode file for STMicroelectronics.X-CUBE-AZRTOS-H7RS.1.3.0
2026-08-18 19:54:03,704 [ERROR] Engine:466 - /home/thuy/.stm32cubemx/thirdparties/pdsc/WES.I-CUBE-Cesium.1.4.0.pdsc: PDSC version is not supported
2026-08-18 19:54:03,719 [WARN] PackLoader:240 - Cannot read IP mode file for STMicroelectronics.X-CUBE-DISPLAY.3.0.0
2026-08-18 19:54:03,745 [WARN] PackLoader:240 - Cannot read IP mode file for STMicroelectronics.X-CUBE-GNSS1.7.1.1
2026-08-18 19:54:03,753 [ERROR] Engine:466 - /home/thuy/.stm32cubemx/thirdparties/pdsc/STMicroelectronics.FP-SNS-MOTENVWB1.1.5.0.pdsc: PDSC version is not supported
2026-08-18 19:54:03,760 [WARN] PackLoader:240 - Cannot read IP mode file for wolfSSL.I-CUBE-wolfSSL.5.9.1
2026-08-18 19:54:03,773 [WARN] PackLoader:240 - Cannot read IP mode file for STMicroelectronics.X-CUBE-NFC10.1.0.0
2026-08-18 19:54:03,785 [WARN] PackLoader:240 - Cannot read IP mode file for STMicroelectronics.X-CUBE-ST60.1.1.0
2026-08-18 19:54:03,793 [WARN] PackLoader:240 - Cannot read IP mode file for emotas.I-CUBE-CANOPEN.1.3.0
2026-08-18 19:54:03,798 [ERROR] Engine:466 - /home/thuy/.stm32cubemx/thirdparties/pdsc/STMicroelectronics.X-CUBE-WBA.1.1.0.pdsc: PDSC version is not supported
2026-08-18 19:54:03,805 [ERROR] Engine:466 - /home/thuy/.stm32cubemx/thirdparties/pdsc/STMicroelectronics.FP-SNS-STBOX1.2.1.0.pdsc: PDSC version is not supported
2026-08-18 19:54:03,812 [WARN] PackLoader:240 - Cannot read IP mode file for STMicroelectronics.FP-SNS-SMARTAG2.1.2.0
2026-08-18 19:54:03,819 [WARN] PackLoader:240 - Cannot read IP mode file for STMicroelectronics.FP-SNS-FLIGHT1.5.1.0
2026-08-18 19:54:03,832 [INFO] LogOutputStream:77 - [STDOUT_REDIRECT] 1 : Invalid condition id : UX_CORESTACK_Condition cause : null
2026-08-18 19:54:03,834 [INFO] LogOutputStream:77 - [STDOUT_REDIRECT] 1 : Invalid condition id : UX_CORESTACK_Condition cause : null
2026-08-18 19:54:03,834 [INFO] LogOutputStream:77 - [STDOUT_REDIRECT] 1 : Invalid condition id : UX_CORESTACK_Condition cause : null
2026-08-18 19:54:03,835 [INFO] LogOutputStream:77 - [STDOUT_REDIRECT] 1 : Invalid condition id : UX_CORESTACK_Condition cause : null
2026-08-18 19:54:03,835 [INFO] LogOutputStream:77 - [STDOUT_REDIRECT] 1 : Invalid condition id : UX_CORESTACK_Condition cause : null
2026-08-18 19:54:03,844 [WARN] PackLoader:240 - Cannot read IP mode file for STMicroelectronics.X-CUBE-AZRTOS-WL.2.0.0
2026-08-18 19:54:03,855 [WARN] PackLoader:240 - Cannot read IP mode file for STMicroelectronics.X-CUBE-BLE2.3.3.0
2026-08-18 19:54:03,936 [WARN] PackLoader:240 - Cannot read IP mode file for Infineon.AIROC-Wi-Fi-Bluetooth-STM32.1.8.0
2026-08-18 19:54:03,956 [WARN] PackLoader:240 - Cannot read IP mode file for STMicroelectronics.X-CUBE-NFC9.1.0.0
2026-08-18 19:54:03,963 [WARN] PackLoader:240 - Cannot read IP mode file for STMicroelectronics.X-CUBE-BLE1.7.1.0
2026-08-18 19:54:03,967 [WARN] PackLoader:240 - Cannot read IP mode file for wolfSSL.I-CUBE-wolfMQTT.1.19.2
2026-08-18 19:54:03,974 [WARN] PackLoader:240 - Cannot read IP mode file for STMicroelectronics.X-CUBE-EEPRMA1.5.2.0
2026-08-18 19:54:03,980 [ERROR] Engine:466 - /home/thuy/.stm32cubemx/thirdparties/pdsc/STMicroelectronics.FP-SNS-STAIOTCFT.1.1.0.pdsc: PDSC version is not supported
2026-08-18 19:54:03,989 [INFO] WebApp:169 - Instantiating new browser for Auth
2026-08-18 19:54:04,002 [WARN] PackLoader:240 - Cannot read IP mode file for STMicroelectronics.X-CUBE-AZRTOS-G0.1.1.0
2026-08-18 19:54:04,017 [WARN] PackLoader:240 - Cannot read IP mode file for STMicroelectronics.X-CUBE-NFC4.3.0.0
2026-08-18 19:54:04,039 [WARN] PackLoader:240 - Cannot read IP mode file for EmbeddedOffice.I-CUBE-FS-RTOS.1.0.1
2026-08-18 19:54:04,046 [WARN] PackLoader:240 - Cannot read IP mode file for wolfSSL.I-CUBE-wolfTPM.3.8.0
2026-08-18 19:54:04,054 [WARN] PackLoader:240 - Cannot read IP mode file for STMicroelectronics.X-CUBE-TCPP.4.2.0
2026-08-18 19:54:04,065 [WARN] PackLoader:240 - Cannot read IP mode file for RealThread.X-CUBE-RT-Thread_Nano.4.1.1
2026-08-18 19:54:04,071 [WARN] PackLoader:240 - Cannot read IP mode file for STMicroelectronics.FP-ATR-SIGFOX1.3.2.0
2026-08-18 19:54:04,081 [WARN] PackLoader:240 - Cannot read IP mode file for ITTIA_DB.I-CUBE-ITTIADB.8.9.0
2026-08-18 19:54:04,085 [WARN] PackLoader:240 - Cannot read IP mode file for Cesanta.I-CUBE-Mongoose.7.21.7
2026-08-18 19:54:04,096 [WARN] PackLoader:240 - Cannot read IP mode file for STMicroelectronics.X-CUBE-NFC6.3.2.0
2026-08-18 19:54:04,104 [WARN] PackLoader:240 - Cannot read IP mode file for STMicroelectronics.X-CUBE-AI.10.2.1
2026-08-18 19:54:04,165 [WARN] PackLoader:240 - Cannot read IP mode file for STMicroelectronics.X-CUBE-MEMS1.12.1.0
2026-08-18 19:54:04,441 [WARN] PackLoader:240 - Cannot read IP mode file for SEGGER.I-CUBE-embOS.1.3.1
2026-08-18 19:54:04,545 [WARN] PackLoader:240 - Cannot read IP mode file for STMicroelectronics.X-CUBE-NFC13.1.0.0
2026-08-18 19:54:04,552 [WARN] PackLoader:240 - Cannot read IP mode file for STMicroelectronics.X-CUBE-PM33A1.1.0.0
2026-08-18 19:54:04,588 [WARN] PackLoader:240 - Cannot read IP mode file for STMicroelectronics.X-CUBE-AZRTOS-F4.1.1.0
2026-08-18 19:54:04,599 [WARN] PackLoader:240 - Cannot read IP mode file for STMicroelectronics.X-CUBE-ISPU.2.1.0
2026-08-18 19:54:04,611 [ERROR] Engine:466 - /home/thuy/.stm32cubemx/thirdparties/pdsc/STMicroelectronics.X-CUBE-IPS.3.2.0.pdsc: PDSC version is not supported
2026-08-18 19:54:04,615 [WARN] PackLoader:240 - Cannot read IP mode file for STMicroelectronics.eDS-WB_DPC_TT-BIDIR.2.1.1
2026-08-18 19:54:04,625 [WARN] PackLoader:240 - Cannot read IP mode file for STMicroelectronics.X-CUBE-NFC12.1.0.0
2026-08-18 19:54:04,663 [WARN] PackLoader:240 - Cannot read IP mode file for STMicroelectronics.X-CUBE-AZRTOS-L5.2.0.0
2026-08-18 19:54:04,678 [WARN] PackLoader:240 - Cannot read IP mode file for STMicroelectronics.X-CUBE-ALGOBUILD.1.5.0
2026-08-18 19:54:04,682 [WARN] PackLoader:240 - Cannot read IP mode file for STMicroelectronics.eDS-WB_DPC_VIENNA.1.2.0
2026-08-18 19:54:04,754 [WARN] PackLoader:240 - Cannot read IP mode file for STMicroelectronics.X-CUBE-MEMS1.13.0.0
2026-08-18 19:54:04,847 [WARN] PackLoader:240 - Cannot read IP mode file for STMicroelectronics.eDS-WB_DPC_3PH2L-BIDIR.1.1.1
2026-08-18 19:54:04,850 [ERROR] Engine:466 - /home/thuy/.stm32cubemx/thirdparties/pdsc/STMicroelectronics.X-CUBE-ST67W61.1.3.0.pdsc: PDSC version is not supported
2026-08-18 19:54:04,854 [WARN] PackLoader:240 - Cannot read IP mode file for STMicroelectronics.X-CUBE-TOUCHGFX.4.26.1
2026-08-18 19:54:04,859 [WARN] PackLoader:240 - Cannot read IP mode file for STMicroelectronics.X-CUBE-DPower.1.3.0
2026-08-18 19:54:04,879 [WARN] ConditionMgr:438 - getConditionDescription Invalid condition id : LAN8742 Phy interface Condition cause : null
2026-08-18 19:54:04,880 [WARN] PackLoader:240 - Cannot read IP mode file for STMicroelectronics.X-CUBE-AZRTOS-L4.2.0.0
2026-08-18 19:54:04,881 [WARN] ConditionMgr:1044 - genDependencies : Invalid condition id : LAN8742 Phy interface Condition cause : null
2026-08-18 19:54:04,882 [WARN] ConditionMgr:1044 - genDependencies : Invalid condition id : LAN8742 Phy interface Condition cause : null
2026-08-18 19:54:04,882 [WARN] ConditionMgr:1044 - genDependencies : Invalid condition id : LAN8742 Phy interface Condition cause : null
2026-08-18 19:54:04,890 [WARN] PackLoader:240 - Cannot read IP mode file for STMicroelectronics.X-CUBE-SFXS2LP1.4.0.0
2026-08-18 19:54:04,896 [WARN] PackLoader:240 - Cannot read IP mode file for STMicroelectronics.X-CUBE-WB05N.2.1.0
2026-08-18 19:54:04,910 [WARN] ConditionMgr:438 - getConditionDescription Invalid condition id : UX DEVICE CLASS RTOS Condition cause : null
2026-08-18 19:54:04,910 [WARN] ConditionMgr:438 - getConditionDescription Invalid condition id : UX DEVICE CLASS RTOS Condition cause : null
2026-08-18 19:54:04,913 [WARN] PackLoader:240 - Cannot read IP mode file for STMicroelectronics.X-CUBE-AZRTOS-WB.2.0.0
2026-08-18 19:54:04,914 [WARN] ConditionMgr:1044 - genDependencies : Invalid condition id : UX DEVICE CLASS RTOS Condition cause : null
2026-08-18 19:54:04,914 [WARN] ConditionMgr:1044 - genDependencies : Invalid condition id : UX DEVICE CLASS RTOS Condition cause : null
2026-08-18 19:54:04,915 [WARN] ConditionMgr:1044 - genDependencies : Invalid condition id : UX DEVICE CLASS RTOS Condition cause : null
2026-08-18 19:54:04,915 [WARN] ConditionMgr:1044 - genDependencies : Invalid condition id : UX DEVICE CLASS RTOS Condition cause : null
2026-08-18 19:54:04,915 [WARN] ConditionMgr:1044 - genDependencies : Invalid condition id : UX DEVICE CLASS RTOS Condition cause : null
2026-08-18 19:54:04,919 [WARN] ConditionMgr:438 - getConditionDescription Invalid condition id : Cortex-A Device cause : null
2026-08-18 19:54:04,927 [WARN] ConditionMgr:1044 - genDependencies : Invalid condition id : Cortex-A Device cause : null
2026-08-18 19:54:04,928 [WARN] ConditionMgr:1044 - genDependencies : Invalid condition id : Cortex-A Device cause : null
2026-08-18 19:54:04,928 [WARN] ConditionMgr:1044 - genDependencies : Invalid condition id : Cortex-A Device cause : null
2026-08-18 19:54:04,934 [WARN] PackLoader:240 - Cannot read IP mode file for STMicroelectronics.X-CUBE-STSE01.2.0.0
2026-08-18 19:54:04,947 [WARN] PackLoader:240 - Cannot read IP mode file for STMicroelectronics.X-CUBE-SUBG2.5.0.0
2026-08-18 19:54:04,969 [WARN] PackLoader:240 - Cannot read IP mode file for STMicroelectronics.X-CUBE-AZRTOS-G4.2.0.0
2026-08-18 19:54:04,974 [WARN] PackLoader:240 - Cannot read IP mode file for wolfSSL.I-CUBE-wolfSSH.1.4.20
2026-08-18 19:54:04,980 [WARN] PackLoader:240 - Cannot read IP mode file for STMicroelectronics.X-CUBE-NFC7.2.0.0
2026-08-18 19:54:04,985 [ERROR] Engine:466 - /home/thuy/.stm32cubemx/thirdparties/pdsc/STMicroelectronics.X-CUBE-BLEMGR.4.2.0.pdsc: PDSC version is not supported
2026-08-18 19:54:04,989 [WARN] PackLoader:240 - Cannot read IP mode file for STMicroelectronics.X-CUBE-ALS.1.0.2
2026-08-18 19:54:05,003 [WARN] PackLoader:240 - Cannot read IP mode file for STMicroelectronics.X-CUBE-TOF1.3.4.3
2026-08-18 19:54:05,025 [INFO] ThirdParty:978 - Integrity check success = true
2026-08-18 19:54:05,025 [INFO] IntegrityCheckThread:100 - exiting critical section [integrity check]
2026-08-18 19:54:05,025 [INFO] IntegrityCheckThread:103 - End integrity checks thread
2026-08-18 19:54:05,284 [INFO] WebApp:463 - Apply proxy settings
2026-08-18 19:54:05,285 [INFO] WebApp:548 - Chromium requires no authentication
2026-08-18 19:54:05,297 [INFO] WebApp:491 - Direct internet connection detected
2026-08-18 19:54:05,343 [INFO] WebApp:894 - Register for checkConnection events
2026-08-18 19:54:05,343 [INFO] WebApp:463 - Apply proxy settings
2026-08-18 19:54:05,344 [INFO] WebApp:548 - Chromium requires no authentication
2026-08-18 19:54:05,344 [INFO] WebApp:491 - Direct internet connection detected
2026-08-18 19:54:05,591 [INFO] WebApp:191 - Connection restablished
2026-08-18 19:54:05,599 [INFO] WebApp:225 - Starting web application
2026-08-18 19:54:05,599 [INFO] WebApp:593 - Web application path used /opt/st/stm32cubeide_1.18.0/plugins/com.st.stm32cube.common.mx_6.14.0.202502271554/db/plugins/mcufinder/reactClient1/index.html
2026-08-18 19:54:28,298 [ERROR] LogOutputStream:75 - [STDERR_REDIRECT] Aug 18, 2026 7:54:28 PM java.util.prefs.FileSystemPreferences checkLockFile0ErrorCode
2026-08-18 19:54:28,298 [ERROR] LogOutputStream:75 - [STDERR_REDIRECT] WARNING: Could not lock System prefs. Unix error code 2.
2026-08-18 19:54:28,299 [ERROR] LogOutputStream:75 - [STDERR_REDIRECT] 
2026-08-18 19:54:28,300 [ERROR] LogOutputStream:75 - [STDERR_REDIRECT] Aug 18, 2026 7:54:28 PM java.util.prefs.FileSystemPreferences syncWorld
2026-08-18 19:54:28,300 [ERROR] LogOutputStream:75 - [STDERR_REDIRECT] WARNING: Couldn't flush system prefs: java.util.prefs.BackingStoreException: Couldn't get file lock.
2026-08-18 19:54:28,300 [ERROR] LogOutputStream:75 - [STDERR_REDIRECT] 
2026-08-18 19:54:58,283 [ERROR] LogOutputStream:75 - [STDERR_REDIRECT] Aug 18, 2026 7:54:58 PM java.util.prefs.FileSystemPreferences checkLockFile0ErrorCode
2026-08-18 19:54:58,284 [ERROR] LogOutputStream:75 - [STDERR_REDIRECT] WARNING: Could not lock System prefs. Unix error code 2.
2026-08-18 19:54:58,284 [ERROR] LogOutputStream:75 - [STDERR_REDIRECT] 
2026-08-18 19:54:58,284 [ERROR] LogOutputStream:75 - [STDERR_REDIRECT] Aug 18, 2026 7:54:58 PM java.util.prefs.FileSystemPreferences syncWorld
2026-08-18 19:54:58,285 [ERROR] LogOutputStream:75 - [STDERR_REDIRECT] WARNING: Couldn't flush system prefs: java.util.prefs.BackingStoreException: Couldn't get file lock.
2026-08-18 19:54:58,285 [ERROR] LogOutputStream:75 - [STDERR_REDIRECT] 
2026-08-18 19:55:28,283 [ERROR] LogOutputStream:75 - [STDERR_REDIRECT] Aug 18, 2026 7:55:28 PM java.util.prefs.FileSystemPreferences checkLockFile0ErrorCode
2026-08-18 19:55:28,283 [ERROR] LogOutputStream:75 - [STDERR_REDIRECT] WARNING: Could not lock System prefs. Unix error code 2.
2026-08-18 19:55:28,284 [ERROR] LogOutputStream:75 - [STDERR_REDIRECT] 
2026-08-18 19:55:28,284 [ERROR] LogOutputStream:75 - [STDERR_REDIRECT] Aug 18, 2026 7:55:28 PM java.util.prefs.FileSystemPreferences syncWorld
2026-08-18 19:55:28,285 [ERROR] LogOutputStream:75 - [STDERR_REDIRECT] WARNING: Couldn't flush system prefs: java.util.prefs.BackingStoreException: Couldn't get file lock.
2026-08-18 19:55:28,285 [ERROR] LogOutputStream:75 - [STDERR_REDIRECT] 
2026-08-18 19:55:58,283 [ERROR] LogOutputStream:75 - [STDERR_REDIRECT] Aug 18, 2026 7:55:58 PM java.util.prefs.FileSystemPreferences checkLockFile0ErrorCode
2026-08-18 19:55:58,284 [ERROR] LogOutputStream:75 - [STDERR_REDIRECT] WARNING: Could not lock System prefs. Unix error code 2.
2026-08-18 19:55:58,284 [ERROR] LogOutputStream:75 - [STDERR_REDIRECT] 
2026-08-18 19:55:58,285 [ERROR] LogOutputStream:75 - [STDERR_REDIRECT] Aug 18, 2026 7:55:58 PM java.util.prefs.FileSystemPreferences syncWorld
2026-08-18 19:55:58,285 [ERROR] LogOutputStream:75 - [STDERR_REDIRECT] WARNING: Couldn't flush system prefs: java.util.prefs.BackingStoreException: Couldn't get file lock.
2026-08-18 19:55:58,285 [ERROR] LogOutputStream:75 - [STDERR_REDIRECT] 
2026-08-18 19:56:28,283 [ERROR] LogOutputStream:75 - [STDERR_REDIRECT] Aug 18, 2026 7:56:28 PM java.util.prefs.FileSystemPreferences checkLockFile0ErrorCode
2026-08-18 19:56:28,284 [ERROR] LogOutputStream:75 - [STDERR_REDIRECT] WARNING: Could not lock System prefs. Unix error code 2.
2026-08-18 19:56:28,289 [ERROR] LogOutputStream:75 - [STDERR_REDIRECT] 
2026-08-18 19:56:28,290 [ERROR] LogOutputStream:75 - [STDERR_REDIRECT] Aug 18, 2026 7:56:28 PM java.util.prefs.FileSystemPreferences syncWorld
2026-08-18 19:56:28,290 [ERROR] LogOutputStream:75 - [STDERR_REDIRECT] WARNING: Couldn't flush system prefs: java.util.prefs.BackingStoreException: Couldn't get file lock.
2026-08-18 19:56:28,291 [ERROR] LogOutputStream:75 - [STDERR_REDIRECT] 
2026-08-18 19:56:58,284 [ERROR] LogOutputStream:75 - [STDERR_REDIRECT] Aug 18, 2026 7:56:58 PM java.util.prefs.FileSystemPreferences checkLockFile0ErrorCode
2026-08-18 19:56:58,284 [ERROR] LogOutputStream:75 - [STDERR_REDIRECT] WARNING: Could not lock System prefs. Unix error code 2.
2026-08-18 19:56:58,284 [ERROR] LogOutputStream:75 - [STDERR_REDIRECT] 
2026-08-18 19:56:58,285 [ERROR] LogOutputStream:75 - [STDERR_REDIRECT] Aug 18, 2026 7:56:58 PM java.util.prefs.FileSystemPreferences syncWorld
2026-08-18 19:56:58,285 [ERROR] LogOutputStream:75 - [STDERR_REDIRECT] WARNING: Couldn't flush system prefs: java.util.prefs.BackingStoreException: Couldn't get file lock.
2026-08-18 19:56:58,285 [ERROR] LogOutputStream:75 - [STDERR_REDIRECT] 
2026-08-18 19:57:28,283 [ERROR] LogOutputStream:75 - [STDERR_REDIRECT] Aug 18, 2026 7:57:28 PM java.util.prefs.FileSystemPreferences checkLockFile0ErrorCode
2026-08-18 19:57:28,284 [ERROR] LogOutputStream:75 - [STDERR_REDIRECT] WARNING: Could not lock System prefs. Unix error code 2.
2026-08-18 19:57:28,284 [ERROR] LogOutputStream:75 - [STDERR_REDIRECT] 
2026-08-18 19:57:28,285 [ERROR] LogOutputStream:75 - [STDERR_REDIRECT] Aug 18, 2026 7:57:28 PM java.util.prefs.FileSystemPreferences syncWorld
2026-08-18 19:57:28,285 [ERROR] LogOutputStream:75 - [STDERR_REDIRECT] WARNING: Couldn't flush system prefs: java.util.prefs.BackingStoreException: Couldn't get file lock.
2026-08-18 19:57:28,285 [ERROR] LogOutputStream:75 - [STDERR_REDIRECT] 
2026-08-18 19:57:58,283 [ERROR] LogOutputStream:75 - [STDERR_REDIRECT] Aug 18, 2026 7:57:58 PM java.util.prefs.FileSystemPreferences checkLockFile0ErrorCode
2026-08-18 19:57:58,283 [ERROR] LogOutputStream:75 - [STDERR_REDIRECT] WARNING: Could not lock System prefs. Unix error code 2.
2026-08-18 19:57:58,283 [ERROR] LogOutputStream:75 - [STDERR_REDIRECT] 
2026-08-18 19:57:58,284 [ERROR] LogOutputStream:75 - [STDERR_REDIRECT] Aug 18, 2026 7:57:58 PM java.util.prefs.FileSystemPreferences syncWorld
2026-08-18 19:57:58,284 [ERROR] LogOutputStream:75 - [STDERR_REDIRECT] WARNING: Couldn't flush system prefs: java.util.prefs.BackingStoreException: Couldn't get file lock.
2026-08-18 19:57:58,285 [ERROR] LogOutputStream:75 - [STDERR_REDIRECT] 
2026-08-18 19:58:28,282 [ERROR] LogOutputStream:75 - [STDERR_REDIRECT] Aug 18, 2026 7:58:28 PM java.util.prefs.FileSystemPreferences checkLockFile0ErrorCode
2026-08-18 19:58:28,282 [ERROR] LogOutputStream:75 - [STDERR_REDIRECT] WARNING: Could not lock System prefs. Unix error code 2.
2026-08-18 19:58:28,283 [ERROR] LogOutputStream:75 - [STDERR_REDIRECT] 
2026-08-18 19:58:28,283 [ERROR] LogOutputStream:75 - [STDERR_REDIRECT] Aug 18, 2026 7:58:28 PM java.util.prefs.FileSystemPreferences syncWorld
2026-08-18 19:58:28,283 [ERROR] LogOutputStream:75 - [STDERR_REDIRECT] WARNING: Couldn't flush system prefs: java.util.prefs.BackingStoreException: Couldn't get file lock.
2026-08-18 19:58:28,284 [ERROR] LogOutputStream:75 - [STDERR_REDIRECT] 
2026-08-18 19:58:58,283 [ERROR] LogOutputStream:75 - [STDERR_REDIRECT] Aug 18, 2026 7:58:58 PM java.util.prefs.FileSystemPreferences checkLockFile0ErrorCode
2026-08-18 19:58:58,283 [ERROR] LogOutputStream:75 - [STDERR_REDIRECT] WARNING: Could not lock System prefs. Unix error code 2.
2026-08-18 19:58:58,283 [ERROR] LogOutputStream:75 - [STDERR_REDIRECT] 
2026-08-18 19:58:58,284 [ERROR] LogOutputStream:75 - [STDERR_REDIRECT] Aug 18, 2026 7:58:58 PM java.util.prefs.FileSystemPreferences syncWorld
2026-08-18 19:58:58,284 [ERROR] LogOutputStream:75 - [STDERR_REDIRECT] WARNING: Couldn't flush system prefs: java.util.prefs.BackingStoreException: Couldn't get file lock.
2026-08-18 19:58:58,284 [ERROR] LogOutputStream:75 - [STDERR_REDIRECT] 
2026-08-18 19:59:28,283 [ERROR] LogOutputStream:75 - [STDERR_REDIRECT] Aug 18, 2026 7:59:28 PM java.util.prefs.FileSystemPreferences checkLockFile0ErrorCode
2026-08-18 19:59:28,283 [ERROR] LogOutputStream:75 - [STDERR_REDIRECT] WARNING: Could not lock System prefs. Unix error code 2.
2026-08-18 19:59:28,283 [ERROR] LogOutputStream:75 - [STDERR_REDIRECT] 
2026-08-18 19:59:28,284 [ERROR] LogOutputStream:75 - [STDERR_REDIRECT] Aug 18, 2026 7:59:28 PM java.util.prefs.FileSystemPreferences syncWorld
2026-08-18 19:59:28,284 [ERROR] LogOutputStream:75 - [STDERR_REDIRECT] WARNING: Couldn't flush system prefs: java.util.prefs.BackingStoreException: Couldn't get file lock.
2026-08-18 19:59:28,284 [ERROR] LogOutputStream:75 - [STDERR_REDIRECT] 
2026-08-18 19:59:58,283 [ERROR] LogOutputStream:75 - [STDERR_REDIRECT] Aug 18, 2026 7:59:58 PM java.util.prefs.FileSystemPreferences checkLockFile0ErrorCode
2026-08-18 19:59:58,284 [ERROR] LogOutputStream:75 - [STDERR_REDIRECT] WARNING: Could not lock System prefs. Unix error code 2.
2026-08-18 19:59:58,284 [ERROR] LogOutputStream:75 - [STDERR_REDIRECT] 
2026-08-18 19:59:58,285 [ERROR] LogOutputStream:75 - [STDERR_REDIRECT] Aug 18, 2026 7:59:58 PM java.util.prefs.FileSystemPreferences syncWorld
2026-08-18 19:59:58,285 [ERROR] LogOutputStream:75 - [STDERR_REDIRECT] WARNING: Couldn't flush system prefs: java.util.prefs.BackingStoreException: Couldn't get file lock.
2026-08-18 19:59:58,286 [ERROR] LogOutputStream:75 - [STDERR_REDIRECT] 
2026-08-18 20:00:28,287 [ERROR] LogOutputStream:75 - [STDERR_REDIRECT] Aug 18, 2026 8:00:28 PM java.util.prefs.FileSystemPreferences checkLockFile0ErrorCode
2026-08-18 20:00:28,287 [ERROR] LogOutputStream:75 - [STDERR_REDIRECT] WARNING: Could not lock System prefs. Unix error code 2.
2026-08-18 20:00:28,287 [ERROR] LogOutputStream:75 - [STDERR_REDIRECT] 
2026-08-18 20:00:28,288 [ERROR] LogOutputStream:75 - [STDERR_REDIRECT] Aug 18, 2026 8:00:28 PM java.util.prefs.FileSystemPreferences syncWorld
2026-08-18 20:00:28,288 [ERROR] LogOutputStream:75 - [STDERR_REDIRECT] WARNING: Couldn't flush system prefs: java.util.prefs.BackingStoreException: Couldn't get file lock.
2026-08-18 20:00:28,288 [ERROR] LogOutputStream:75 - [STDERR_REDIRECT] 
2026-08-18 20:00:58,288 [ERROR] LogOutputStream:75 - [STDERR_REDIRECT] Aug 18, 2026 8:00:58 PM java.util.prefs.FileSystemPreferences checkLockFile0ErrorCode
2026-08-18 20:00:58,288 [ERROR] LogOutputStream:75 - [STDERR_REDIRECT] WARNING: Could not lock System prefs. Unix error code 2.
2026-08-18 20:00:58,288 [ERROR] LogOutputStream:75 - [STDERR_REDIRECT] 
2026-08-18 20:00:58,289 [ERROR] LogOutputStream:75 - [STDERR_REDIRECT] Aug 18, 2026 8:00:58 PM java.util.prefs.FileSystemPreferences syncWorld
2026-08-18 20:00:58,289 [ERROR] LogOutputStream:75 - [STDERR_REDIRECT] WARNING: Couldn't flush system prefs: java.util.prefs.BackingStoreException: Couldn't get file lock.
2026-08-18 20:00:58,289 [ERROR] LogOutputStream:75 - [STDERR_REDIRECT] 
2026-08-18 20:01:28,283 [ERROR] LogOutputStream:75 - [STDERR_REDIRECT] Aug 18, 2026 8:01:28 PM java.util.prefs.FileSystemPreferences checkLockFile0ErrorCode
2026-08-18 20:01:28,284 [ERROR] LogOutputStream:75 - [STDERR_REDIRECT] WARNING: Could not lock System prefs. Unix error code 2.
2026-08-18 20:01:28,289 [ERROR] LogOutputStream:75 - [STDERR_REDIRECT] 
2026-08-18 20:01:28,290 [ERROR] LogOutputStream:75 - [STDERR_REDIRECT] Aug 18, 2026 8:01:28 PM java.util.prefs.FileSystemPreferences syncWorld
2026-08-18 20:01:28,291 [ERROR] LogOutputStream:75 - [STDERR_REDIRECT] WARNING: Couldn't flush system prefs: java.util.prefs.BackingStoreException: Couldn't get file lock.
2026-08-18 20:01:28,291 [ERROR] LogOutputStream:75 - [STDERR_REDIRECT] 
2026-08-18 20:01:58,284 [ERROR] LogOutputStream:75 - [STDERR_REDIRECT] Aug 18, 2026 8:01:58 PM java.util.prefs.FileSystemPreferences checkLockFile0ErrorCode
2026-08-18 20:01:58,284 [ERROR] LogOutputStream:75 - [STDERR_REDIRECT] WARNING: Could not lock System prefs. Unix error code 2.
2026-08-18 20:01:58,285 [ERROR] LogOutputStream:75 - [STDERR_REDIRECT] 
2026-08-18 20:01:58,285 [ERROR] LogOutputStream:75 - [STDERR_REDIRECT] Aug 18, 2026 8:01:58 PM java.util.prefs.FileSystemPreferences syncWorld
2026-08-18 20:01:58,286 [ERROR] LogOutputStream:75 - [STDERR_REDIRECT] WARNING: Couldn't flush system prefs: java.util.prefs.BackingStoreException: Couldn't get file lock.
2026-08-18 20:01:58,286 [ERROR] LogOutputStream:75 - [STDERR_REDIRECT] 
2026-08-18 20:02:28,284 [ERROR] LogOutputStream:75 - [STDERR_REDIRECT] Aug 18, 2026 8:02:28 PM java.util.prefs.FileSystemPreferences checkLockFile0ErrorCode
2026-08-18 20:02:28,285 [ERROR] LogOutputStream:75 - [STDERR_REDIRECT] WARNING: Could not lock System prefs. Unix error code 2.
2026-08-18 20:02:28,285 [ERROR] LogOutputStream:75 - [STDERR_REDIRECT] 
2026-08-18 20:02:28,286 [ERROR] LogOutputStream:75 - [STDERR_REDIRECT] Aug 18, 2026 8:02:28 PM java.util.prefs.FileSystemPreferences syncWorld
2026-08-18 20:02:28,286 [ERROR] LogOutputStream:75 - [STDERR_REDIRECT] WARNING: Couldn't flush system prefs: java.util.prefs.BackingStoreException: Couldn't get file lock.
2026-08-18 20:02:28,287 [ERROR] LogOutputStream:75 - [STDERR_REDIRECT] 
2026-08-18 20:02:58,283 [ERROR] LogOutputStream:75 - [STDERR_REDIRECT] Aug 18, 2026 8:02:58 PM java.util.prefs.FileSystemPreferences checkLockFile0ErrorCode
2026-08-18 20:02:58,284 [ERROR] LogOutputStream:75 - [STDERR_REDIRECT] WARNING: Could not lock System prefs. Unix error code 2.
2026-08-18 20:02:58,284 [ERROR] LogOutputStream:75 - [STDERR_REDIRECT] 
2026-08-18 20:02:58,285 [ERROR] LogOutputStream:75 - [STDERR_REDIRECT] Aug 18, 2026 8:02:58 PM java.util.prefs.FileSystemPreferences syncWorld
2026-08-18 20:02:58,285 [ERROR] LogOutputStream:75 - [STDERR_REDIRECT] WARNING: Couldn't flush system prefs: java.util.prefs.BackingStoreException: Couldn't get file lock.
2026-08-18 20:02:58,285 [ERROR] LogOutputStream:75 - [STDERR_REDIRECT] 
2026-08-18 20:03:28,284 [ERROR] LogOutputStream:75 - [STDERR_REDIRECT] Aug 18, 2026 8:03:28 PM java.util.prefs.FileSystemPreferences checkLockFile0ErrorCode
2026-08-18 20:03:28,285 [ERROR] LogOutputStream:75 - [STDERR_REDIRECT] WARNING: Could not lock System prefs. Unix error code 2.
2026-08-18 20:03:28,285 [ERROR] LogOutputStream:75 - [STDERR_REDIRECT] 
2026-08-18 20:03:28,286 [ERROR] LogOutputStream:75 - [STDERR_REDIRECT] Aug 18, 2026 8:03:28 PM java.util.prefs.FileSystemPreferences syncWorld
2026-08-18 20:03:28,287 [ERROR] LogOutputStream:75 - [STDERR_REDIRECT] WARNING: Couldn't flush system prefs: java.util.prefs.BackingStoreException: Couldn't get file lock.
2026-08-18 20:03:28,287 [ERROR] LogOutputStream:75 - [STDERR_REDIRECT] 
2026-08-18 20:03:58,284 [ERROR] LogOutputStream:75 - [STDERR_REDIRECT] Aug 18, 2026 8:03:58 PM java.util.prefs.FileSystemPreferences checkLockFile0ErrorCode
2026-08-18 20:03:58,284 [ERROR] LogOutputStream:75 - [STDERR_REDIRECT] WARNING: Could not lock System prefs. Unix error code 2.
2026-08-18 20:03:58,284 [ERROR] LogOutputStream:75 - [STDERR_REDIRECT] 
2026-08-18 20:03:58,285 [ERROR] LogOutputStream:75 - [STDERR_REDIRECT] Aug 18, 2026 8:03:58 PM java.util.prefs.FileSystemPreferences syncWorld
2026-08-18 20:03:58,286 [ERROR] LogOutputStream:75 - [STDERR_REDIRECT] WARNING: Couldn't flush system prefs: java.util.prefs.BackingStoreException: Couldn't get file lock.
2026-08-18 20:03:58,286 [ERROR] LogOutputStream:75 - [STDERR_REDIRECT] 
2026-08-18 20:04:28,285 [ERROR] LogOutputStream:75 - [STDERR_REDIRECT] Aug 18, 2026 8:04:28 PM java.util.prefs.FileSystemPreferences checkLockFile0ErrorCode
2026-08-18 20:04:28,285 [ERROR] LogOutputStream:75 - [STDERR_REDIRECT] WARNING: Could not lock System prefs. Unix error code 2.
2026-08-18 20:04:28,285 [ERROR] LogOutputStream:75 - [STDERR_REDIRECT] 
2026-08-18 20:04:28,286 [ERROR] LogOutputStream:75 - [STDERR_REDIRECT] Aug 18, 2026 8:04:28 PM java.util.prefs.FileSystemPreferences syncWorld
2026-08-18 20:04:28,287 [ERROR] LogOutputStream:75 - [STDERR_REDIRECT] WARNING: Couldn't flush system prefs: java.util.prefs.BackingStoreException: Couldn't get file lock.
2026-08-18 20:04:28,287 [ERROR] LogOutputStream:75 - [STDERR_REDIRECT] 
2026-08-18 20:04:58,285 [ERROR] LogOutputStream:75 - [STDERR_REDIRECT] Aug 18, 2026 8:04:58 PM java.util.prefs.FileSystemPreferences checkLockFile0ErrorCode
2026-08-18 20:04:58,285 [ERROR] LogOutputStream:75 - [STDERR_REDIRECT] WARNING: Could not lock System prefs. Unix error code 2.
2026-08-18 20:04:58,286 [ERROR] LogOutputStream:75 - [STDERR_REDIRECT] 
2026-08-18 20:04:58,286 [ERROR] LogOutputStream:75 - [STDERR_REDIRECT] Aug 18, 2026 8:04:58 PM java.util.prefs.FileSystemPreferences syncWorld
2026-08-18 20:04:58,287 [ERROR] LogOutputStream:75 - [STDERR_REDIRECT] WARNING: Couldn't flush system prefs: java.util.prefs.BackingStoreException: Couldn't get file lock.
2026-08-18 20:04:58,287 [ERROR] LogOutputStream:75 - [STDERR_REDIRECT] 
2026-08-18 20:05:28,285 [ERROR] LogOutputStream:75 - [STDERR_REDIRECT] Aug 18, 2026 8:05:28 PM java.util.prefs.FileSystemPreferences checkLockFile0ErrorCode
2026-08-18 20:05:28,286 [ERROR] LogOutputStream:75 - [STDERR_REDIRECT] WARNING: Could not lock System prefs. Unix error code 2.
2026-08-18 20:05:28,286 [ERROR] LogOutputStream:75 - [STDERR_REDIRECT] 
2026-08-18 20:05:28,286 [ERROR] LogOutputStream:75 - [STDERR_REDIRECT] Aug 18, 2026 8:05:28 PM java.util.prefs.FileSystemPreferences syncWorld
2026-08-18 20:05:28,287 [ERROR] LogOutputStream:75 - [STDERR_REDIRECT] WARNING: Couldn't flush system prefs: java.util.prefs.BackingStoreException: Couldn't get file lock.
2026-08-18 20:05:28,287 [ERROR] LogOutputStream:75 - [STDERR_REDIRECT] 
2026-08-18 20:05:58,284 [ERROR] LogOutputStream:75 - [STDERR_REDIRECT] Aug 18, 2026 8:05:58 PM java.util.prefs.FileSystemPreferences checkLockFile0ErrorCode
2026-08-18 20:05:58,284 [ERROR] LogOutputStream:75 - [STDERR_REDIRECT] WARNING: Could not lock System prefs. Unix error code 2.
2026-08-18 20:05:58,285 [ERROR] LogOutputStream:75 - [STDERR_REDIRECT] 
2026-08-18 20:05:58,285 [ERROR] LogOutputStream:75 - [STDERR_REDIRECT] Aug 18, 2026 8:05:58 PM java.util.prefs.FileSystemPreferences syncWorld
2026-08-18 20:05:58,285 [ERROR] LogOutputStream:75 - [STDERR_REDIRECT] WARNING: Couldn't flush system prefs: java.util.prefs.BackingStoreException: Couldn't get file lock.
2026-08-18 20:05:58,286 [ERROR] LogOutputStream:75 - [STDERR_REDIRECT] 
2026-08-18 20:06:28,284 [ERROR] LogOutputStream:75 - [STDERR_REDIRECT] Aug 18, 2026 8:06:28 PM java.util.prefs.FileSystemPreferences checkLockFile0ErrorCode
2026-08-18 20:06:28,285 [ERROR] LogOutputStream:75 - [STDERR_REDIRECT] WARNING: Could not lock System prefs. Unix error code 2.
2026-08-18 20:06:28,285 [ERROR] LogOutputStream:75 - [STDERR_REDIRECT] 
2026-08-18 20:06:28,285 [ERROR] LogOutputStream:75 - [STDERR_REDIRECT] Aug 18, 2026 8:06:28 PM java.util.prefs.FileSystemPreferences syncWorld
2026-08-18 20:06:28,286 [ERROR] LogOutputStream:75 - [STDERR_REDIRECT] WARNING: Couldn't flush system prefs: java.util.prefs.BackingStoreException: Couldn't get file lock.
2026-08-18 20:06:28,286 [ERROR] LogOutputStream:75 - [STDERR_REDIRECT] 
2026-08-18 20:06:58,285 [ERROR] LogOutputStream:75 - [STDERR_REDIRECT] Aug 18, 2026 8:06:58 PM java.util.prefs.FileSystemPreferences checkLockFile0ErrorCode
2026-08-18 20:06:58,285 [ERROR] LogOutputStream:75 - [STDERR_REDIRECT] WARNING: Could not lock System prefs. Unix error code 2.
2026-08-18 20:06:58,286 [ERROR] LogOutputStream:75 - [STDERR_REDIRECT] 
2026-08-18 20:06:58,286 [ERROR] LogOutputStream:75 - [STDERR_REDIRECT] Aug 18, 2026 8:06:58 PM java.util.prefs.FileSystemPreferences syncWorld
2026-08-18 20:06:58,287 [ERROR] LogOutputStream:75 - [STDERR_REDIRECT] WARNING: Couldn't flush system prefs: java.util.prefs.BackingStoreException: Couldn't get file lock.
2026-08-18 20:06:58,287 [ERROR] LogOutputStream:75 - [STDERR_REDIRECT] 
2026-08-18 20:07:28,284 [ERROR] LogOutputStream:75 - [STDERR_REDIRECT] Aug 18, 2026 8:07:28 PM java.util.prefs.FileSystemPreferences checkLockFile0ErrorCode
2026-08-18 20:07:28,284 [ERROR] LogOutputStream:75 - [STDERR_REDIRECT] WARNING: Could not lock System prefs. Unix error code 2.
2026-08-18 20:07:28,285 [ERROR] LogOutputStream:75 - [STDERR_REDIRECT] 
2026-08-18 20:07:28,285 [ERROR] LogOutputStream:75 - [STDERR_REDIRECT] Aug 18, 2026 8:07:28 PM java.util.prefs.FileSystemPreferences syncWorld
2026-08-18 20:07:28,285 [ERROR] LogOutputStream:75 - [STDERR_REDIRECT] WARNING: Couldn't flush system prefs: java.util.prefs.BackingStoreException: Couldn't get file lock.
2026-08-18 20:07:28,285 [ERROR] LogOutputStream:75 - [STDERR_REDIRECT] 
2026-08-18 20:07:58,286 [ERROR] LogOutputStream:75 - [STDERR_REDIRECT] Aug 18, 2026 8:07:58 PM java.util.prefs.FileSystemPreferences checkLockFile0ErrorCode
2026-08-18 20:07:58,287 [ERROR] LogOutputStream:75 - [STDERR_REDIRECT] WARNING: Could not lock System prefs. Unix error code 2.
2026-08-18 20:07:58,287 [ERROR] LogOutputStream:75 - [STDERR_REDIRECT] 
2026-08-18 20:07:58,288 [ERROR] LogOutputStream:75 - [STDERR_REDIRECT] Aug 18, 2026 8:07:58 PM java.util.prefs.FileSystemPreferences syncWorld
2026-08-18 20:07:58,288 [ERROR] LogOutputStream:75 - [STDERR_REDIRECT] WARNING: Couldn't flush system prefs: java.util.prefs.BackingStoreException: Couldn't get file lock.
2026-08-18 20:07:58,288 [ERROR] LogOutputStream:75 - [STDERR_REDIRECT] 
2026-08-18 20:08:28,292 [ERROR] LogOutputStream:75 - [STDERR_REDIRECT] Aug 18, 2026 8:08:28 PM java.util.prefs.FileSystemPreferences checkLockFile0ErrorCode
2026-08-18 20:08:28,293 [ERROR] LogOutputStream:75 - [STDERR_REDIRECT] WARNING: Could not lock System prefs. Unix error code 2.
2026-08-18 20:08:28,293 [ERROR] LogOutputStream:75 - [STDERR_REDIRECT] 
2026-08-18 20:08:28,293 [ERROR] LogOutputStream:75 - [STDERR_REDIRECT] Aug 18, 2026 8:08:28 PM java.util.prefs.FileSystemPreferences syncWorld
2026-08-18 20:08:28,294 [ERROR] LogOutputStream:75 - [STDERR_REDIRECT] WARNING: Couldn't flush system prefs: java.util.prefs.BackingStoreException: Couldn't get file lock.
2026-08-18 20:08:28,294 [ERROR] LogOutputStream:75 - [STDERR_REDIRECT] 
2026-08-18 20:08:58,285 [ERROR] LogOutputStream:75 - [STDERR_REDIRECT] Aug 18, 2026 8:08:58 PM java.util.prefs.FileSystemPreferences checkLockFile0ErrorCode
2026-08-18 20:08:58,286 [ERROR] LogOutputStream:75 - [STDERR_REDIRECT] WARNING: Could not lock System prefs. Unix error code 2.
2026-08-18 20:08:58,286 [ERROR] LogOutputStream:75 - [STDERR_REDIRECT] 
2026-08-18 20:08:58,287 [ERROR] LogOutputStream:75 - [STDERR_REDIRECT] Aug 18, 2026 8:08:58 PM java.util.prefs.FileSystemPreferences syncWorld
2026-08-18 20:08:58,287 [ERROR] LogOutputStream:75 - [STDERR_REDIRECT] WARNING: Couldn't flush system prefs: java.util.prefs.BackingStoreException: Couldn't get file lock.
2026-08-18 20:08:58,287 [ERROR] LogOutputStream:75 - [STDERR_REDIRECT] 
2026-08-18 20:09:02,995 [INFO] McuFinderGlobals:63 - Set McuFinder mode to 2 (CubeIDE integrated)
2026-08-18 20:09:03,001 [INFO] MainUpdater:2872 - connection check result : 10
2026-08-18 20:09:03,001 [INFO] MainUpdater:2872 - connection check result : 10
2026-08-18 20:09:03,046 [INFO] MicroXplorer:468 - Change Database Path : 
2026-08-18 20:09:03,046 [INFO] MicroXplorer:498 - Change Database Version : DB.6.0.140
2026-08-18 20:09:03,055 [WARN] ThirdParty:871 - waiting for thirdparty lock release [close project]
2026-08-18 20:09:03,055 [INFO] ThirdParty:873 - entering critical section [close project]
2026-08-18 20:09:03,058 [INFO] ThirdParty:883 - exiting critical section [close project]
2026-08-18 20:09:03,063 [INFO] PinOutPanel:1589 - setPackage(No Configuration,No Configuration)
2026-08-18 20:09:03,073 [INFO] UtilMem:75 - Begin LoadConfig() Used Memory: 257254656 Bytes (730857472)
2026-08-18 20:09:03,075 [INFO] MicroXplorer:468 - Change Database Path : 
2026-08-18 20:09:03,076 [INFO] MicroXplorer:498 - Change Database Version : DB.6.0.140
2026-08-18 20:09:03,076 [INFO] OpenFileManager:354 - Change cursor
2026-08-18 20:09:03,149 [INFO] Mcu:2011 - Initializing MCU STM32F411C(C-E)Ux STM32F411CEUx STM32F411CEU6
2026-08-18 20:09:04,838 [INFO] Context:756 - Trying to add GPIOservice into a context  which must be forbidden
2026-08-18 20:09:05,504 [INFO] ImportTextPane:218 - (OptionalMessage_ERROR) Pin23 (VP_RIF_VS_RIF1) cannot be retrieved for this MCU
2026-08-18 20:09:05,616 [INFO] RtosManager:558 - Registered RTOS mode: class=CMSIS, group=RTOS, mode=CMSIS_V1, owner=FREERTOS
2026-08-18 20:09:05,616 [INFO] RtosManager:558 - Registered RTOS mode: class=CMSIS, group=RTOS2, mode=CMSIS_V2, owner=FREERTOS
2026-08-18 20:09:05,617 [INFO] RtosManager:558 - Registered RTOS mode: class=RTOS, group=Core, mode=CMSIS_V1, owner=FREERTOS
2026-08-18 20:09:05,617 [INFO] RtosManager:558 - Registered RTOS mode: class=RTOS, group=Core, mode=CMSIS_V2, owner=FREERTOS
2026-08-18 20:09:05,617 [WARN] ModelIntegratedComponent:184 - Missing modes for component STMicroelectronics:FreeRTOS:0.0.1:STMicroelectronics:RTOS:FreeRTOS:Core:::10.2.0:
2026-08-18 20:09:05,851 [WARN] ModelIntegratedComponent:182 - Modes not found for component STMicroelectronics:USB_HOST:1.0.0:STMicroelectronics:USB::USB Host:Audio HS::1.0:USB_HOST_1_0_RESTRICTED_HS
2026-08-18 20:09:05,851 [WARN] ModelIntegratedComponent:188 - Modes not found for component STMicroelectronics:USB_HOST:1.0.0:STMicroelectronics:USB::USB Host:Audio HS::1.0:USB_HOST_1_0_RESTRICTED_HS
2026-08-18 20:09:05,851 [WARN] ModelIntegratedComponent:182 - Modes not found for component STMicroelectronics:USB_HOST:1.0.0:STMicroelectronics:USB::USB Host:CDC HS::1.0:USB_HOST_1_0_RESTRICTED_HS
2026-08-18 20:09:05,851 [WARN] ModelIntegratedComponent:188 - Modes not found for component STMicroelectronics:USB_HOST:1.0.0:STMicroelectronics:USB::USB Host:CDC HS::1.0:USB_HOST_1_0_RESTRICTED_HS
2026-08-18 20:09:05,851 [WARN] ModelIntegratedComponent:182 - Modes not found for component STMicroelectronics:USB_HOST:1.0.0:STMicroelectronics:USB::USB Host:MSC HS::1.0:USB_HOST_1_0_RESTRICTED_HS
2026-08-18 20:09:05,851 [WARN] ModelIntegratedComponent:188 - Modes not found for component STMicroelectronics:USB_HOST:1.0.0:STMicroelectronics:USB::USB Host:MSC HS::1.0:USB_HOST_1_0_RESTRICTED_HS
2026-08-18 20:09:05,851 [WARN] ModelIntegratedComponent:182 - Modes not found for component STMicroelectronics:USB_HOST:1.0.0:STMicroelectronics:USB::USB Host:HID HS::1.0:USB_HOST_1_0_RESTRICTED_HS
2026-08-18 20:09:05,851 [WARN] ModelIntegratedComponent:188 - Modes not found for component STMicroelectronics:USB_HOST:1.0.0:STMicroelectronics:USB::USB Host:HID HS::1.0:USB_HOST_1_0_RESTRICTED_HS
2026-08-18 20:09:05,851 [WARN] ModelIntegratedComponent:182 - Modes not found for component STMicroelectronics:USB_HOST:1.0.0:STMicroelectronics:USB::USB Host:MTP HS::1.0:USB_HOST_1_0_RESTRICTED_HS
2026-08-18 20:09:05,852 [WARN] ModelIntegratedComponent:188 - Modes not found for component STMicroelectronics:USB_HOST:1.0.0:STMicroelectronics:USB::USB Host:MTP HS::1.0:USB_HOST_1_0_RESTRICTED_HS
2026-08-18 20:09:05,860 [WARN] ModelIntegratedComponent:63 - No mode defined for component null
2026-08-18 20:09:05,860 [WARN] ModelIntegratedComponent:63 - No mode defined for component null
2026-08-18 20:09:05,860 [WARN] ModelIntegratedComponent:63 - No mode defined for component null
2026-08-18 20:09:05,860 [WARN] ModelIntegratedComponent:63 - No mode defined for component null
2026-08-18 20:09:05,860 [WARN] ModelIntegratedComponent:63 - No mode defined for component null
2026-08-18 20:09:05,860 [WARN] ModelIntegratedComponent:63 - No mode defined for component null
2026-08-18 20:09:05,860 [WARN] ModelIntegratedComponent:63 - No mode defined for component null
2026-08-18 20:09:05,860 [WARN] ModelIntegratedComponent:63 - No mode defined for component null
2026-08-18 20:09:05,860 [WARN] ModelIntegratedComponent:63 - No mode defined for component null
2026-08-18 20:09:05,861 [WARN] ModelIntegratedComponent:63 - No mode defined for component null
2026-08-18 20:09:05,861 [WARN] ModelIntegratedComponent:63 - No mode defined for component null
2026-08-18 20:09:05,861 [WARN] ModelIntegratedComponent:63 - No mode defined for component null
2026-08-18 20:09:05,861 [WARN] ModelIntegratedComponent:63 - No mode defined for component null
2026-08-18 20:09:05,861 [WARN] ModelIntegratedComponent:63 - No mode defined for component null
2026-08-18 20:09:05,861 [WARN] ModelIntegratedComponent:63 - No mode defined for component null
2026-08-18 20:09:05,861 [WARN] ModelIntegratedComponent:63 - No mode defined for component null
2026-08-18 20:09:05,861 [WARN] ModelIntegratedComponent:63 - No mode defined for component null
2026-08-18 20:09:05,861 [WARN] ModelIntegratedComponent:63 - No mode defined for component null
2026-08-18 20:09:05,861 [WARN] ModelIntegratedComponent:63 - No mode defined for component null
2026-08-18 20:09:05,861 [WARN] ModelIntegratedComponent:63 - No mode defined for component null
2026-08-18 20:09:05,861 [WARN] ModelIntegratedComponent:63 - No mode defined for component null
2026-08-18 20:09:05,862 [WARN] ModelIntegratedComponent:63 - No mode defined for component null
2026-08-18 20:09:05,862 [WARN] ModelIntegratedComponent:63 - No mode defined for component null
2026-08-18 20:09:05,862 [WARN] ModelIntegratedComponent:63 - No mode defined for component null
2026-08-18 20:09:05,862 [WARN] ModelIntegratedComponent:63 - No mode defined for component null
2026-08-18 20:09:05,862 [WARN] ModelIntegratedComponent:63 - No mode defined for component null
2026-08-18 20:09:05,862 [WARN] ModelIntegratedComponent:63 - No mode defined for component null
2026-08-18 20:09:05,862 [WARN] ModelIntegratedComponent:63 - No mode defined for component null
2026-08-18 20:09:05,862 [WARN] ModelIntegratedComponent:63 - No mode defined for component null
2026-08-18 20:09:05,862 [WARN] ModelIntegratedComponent:63 - No mode defined for component null
2026-08-18 20:09:05,862 [WARN] ModelIntegratedComponent:63 - No mode defined for component null
2026-08-18 20:09:05,862 [WARN] ModelIntegratedComponent:63 - No mode defined for component null
2026-08-18 20:09:05,862 [WARN] ModelIntegratedComponent:63 - No mode defined for component null
2026-08-18 20:09:05,862 [WARN] ModelIntegratedComponent:63 - No mode defined for component null
2026-08-18 20:09:05,863 [WARN] ModelIntegratedComponent:63 - No mode defined for component null
2026-08-18 20:09:05,863 [WARN] ModelPack:524 - Component already loaded: STMicroelectronics:HAL Drivers:0.0.0:STMicroelectronics:Device:STMicro_Driver:XSPI:HAL::0.0.1:HAL_XSPI
2026-08-18 20:09:05,953 [WARN] ModelIntegratedComponent:182 - Modes not found for component STMicroelectronics:USB_DEVICE:1.0.0:STMicroelectronics:USB::USB Device:Audio HS::1.0:USB_DEVICE_1_0_RESTRICTED_HS
2026-08-18 20:09:05,953 [WARN] ModelIntegratedComponent:188 - Modes not found for component STMicroelectronics:USB_DEVICE:1.0.0:STMicroelectronics:USB::USB Device:Audio HS::1.0:USB_DEVICE_1_0_RESTRICTED_HS
2026-08-18 20:09:05,953 [WARN] ModelIntegratedComponent:182 - Modes not found for component STMicroelectronics:USB_DEVICE:1.0.0:STMicroelectronics:USB::USB Device:CDC HS::1.0:USB_DEVICE_1_0_RESTRICTED_HS
2026-08-18 20:09:05,954 [WARN] ModelIntegratedComponent:188 - Modes not found for component STMicroelectronics:USB_DEVICE:1.0.0:STMicroelectronics:USB::USB Device:CDC HS::1.0:USB_DEVICE_1_0_RESTRICTED_HS
2026-08-18 20:09:05,954 [WARN] ModelIntegratedComponent:182 - Modes not found for component STMicroelectronics:USB_DEVICE:1.0.0:STMicroelectronics:USB::USB Device:DFU HS::1.0:USB_DEVICE_1_0_RESTRICTED_HS
2026-08-18 20:09:05,954 [WARN] ModelIntegratedComponent:188 - Modes not found for component STMicroelectronics:USB_DEVICE:1.0.0:STMicroelectronics:USB::USB Device:DFU HS::1.0:USB_DEVICE_1_0_RESTRICTED_HS
2026-08-18 20:09:05,954 [WARN] ModelIntegratedComponent:182 - Modes not found for component STMicroelectronics:USB_DEVICE:1.0.0:STMicroelectronics:USB::USB Device:HID HS::1.0:USB_DEVICE_1_0_RESTRICTED_HS
2026-08-18 20:09:05,954 [WARN] ModelIntegratedComponent:188 - Modes not found for component STMicroelectronics:USB_DEVICE:1.0.0:STMicroelectronics:USB::USB Device:HID HS::1.0:USB_DEVICE_1_0_RESTRICTED_HS
2026-08-18 20:09:05,954 [WARN] ModelIntegratedComponent:182 - Modes not found for component STMicroelectronics:USB_DEVICE:1.0.0:STMicroelectronics:USB::USB Device:Custom HID HS::1.0:USB_DEVICE_1_0_RESTRICTED_HS
2026-08-18 20:09:05,954 [WARN] ModelIntegratedComponent:188 - Modes not found for component STMicroelectronics:USB_DEVICE:1.0.0:STMicroelectronics:USB::USB Device:Custom HID HS::1.0:USB_DEVICE_1_0_RESTRICTED_HS
2026-08-18 20:09:05,954 [WARN] ModelIntegratedComponent:182 - Modes not found for component STMicroelectronics:USB_DEVICE:1.0.0:STMicroelectronics:USB::USB Device:MSC HS::1.0:USB_DEVICE_1_0_RESTRICTED_HS
2026-08-18 20:09:05,954 [WARN] ModelIntegratedComponent:188 - Modes not found for component STMicroelectronics:USB_DEVICE:1.0.0:STMicroelectronics:USB::USB Device:MSC HS::1.0:USB_DEVICE_1_0_RESTRICTED_HS
2026-08-18 20:09:05,990 [INFO] ThirdPartyModel:298 - Start build external matchings
2026-08-18 20:09:06,560 [INFO] ThirdPartyModel:316 - End build external matchings
2026-08-18 20:09:06,606 [INFO] ImportTextPane:218 - (OptionalMessage_ERROR) IP (DMA) : Parameter (Instance) has Id (SPI1_RX) currently not set
2026-08-18 20:09:06,607 [INFO] ImportTextPane:218 - (OptionalMessage_ERROR) IP (DMA) : Parameter (Channel) has Id (SPI1_RX) currently not set
2026-08-18 20:09:06,607 [INFO] ImportTextPane:218 - (OptionalMessage_ERROR) IP (DMA) : Parameter (Direction) has Id (SPI1_RX) currently not set
2026-08-18 20:09:06,607 [INFO] ImportTextPane:218 - (OptionalMessage_ERROR) IP (DMA) : Parameter (PeriphInc) has Id (SPI1_RX) currently not set
2026-08-18 20:09:06,607 [INFO] ImportTextPane:218 - (OptionalMessage_ERROR) IP (DMA) : Parameter (MemInc) has Id (SPI1_RX) currently not set
2026-08-18 20:09:06,608 [INFO] ImportTextPane:218 - (OptionalMessage_ERROR) IP (DMA) : Parameter (PeriphDataAlignment) has Id (SPI1_RX) currently not set
2026-08-18 20:09:06,608 [INFO] ImportTextPane:218 - (OptionalMessage_ERROR) IP (DMA) : Parameter (MemDataAlignment) has Id (SPI1_RX) currently not set
2026-08-18 20:09:06,608 [INFO] ImportTextPane:218 - (OptionalMessage_ERROR) IP (DMA) : Parameter (Mode) has Id (SPI1_RX) currently not set
2026-08-18 20:09:06,608 [INFO] ImportTextPane:218 - (OptionalMessage_ERROR) IP (DMA) : Parameter (Priority) has Id (SPI1_RX) currently not set
2026-08-18 20:09:06,608 [INFO] ImportTextPane:218 - (OptionalMessage_ERROR) IP (DMA) : Parameter (FIFOMode) has Id (SPI1_RX) currently not set
2026-08-18 20:09:06,612 [WARN] IP:2250 - I2C_Coeff_DF not found: check if there is a RefParameter without a condition.
2026-08-18 20:09:06,612 [WARN] IP:2250 - Analog_Filter not found: check if there is a RefParameter without a condition.
2026-08-18 20:09:06,613 [INFO] ImportTextPane:218 - (OptionalMessage_ERROR) IP (RCC) : Parameter (48MHZClocksFreq_Value) has invalid value (50000000)
2026-08-18 20:09:06,614 [INFO] ImportTextPane:218 - (OptionalMessage_ERROR) IP (RCC) : Parameter (RTCHSEDivFreq_Value) has invalid value (12500000)
2026-08-18 20:09:07,058 [INFO] ApiDb:581 - Connected to CubeFinder SQLite database (/home/thuy/.stmcufinder/plugins/mcufinder/mcu/cube-finder-db.db)
2026-08-18 20:09:07,181 [INFO] ApiDb:668 - CubeFinder database Data Model version=2.1
2026-08-18 20:09:07,181 [INFO] ApiDb:669 - CubeFinder database Configuration version=3.0.42
2026-08-18 20:09:07,183 [INFO] ApiDb:670 - CubeFinder database generation date=2026-06-23 (1782213372)
2026-08-18 20:09:07,183 [INFO] ApiDb:671 - CubeFinder database FW Pack versions=[FP-ATR-ASTRA1_V2.0.0, FP-SNS-FLIGHT1_V5.1.0, FP-SNS-MOTENV1_V5.1.0, FP-SNS-MOTENVWB1_V1.5.0, FP-SNS-SMARTAG2_V1.2.0, FP-SNS-STBOX1_V2.1.0, STM32Cube_FW_C0_V1.4.0, STM32Cube_FW_F4_V1.28.3, STM32Cube_FW_F7_V1.17.4, STM32Cube_FW_G0_V1.6.3, STM32Cube_FW_G4_V1.6.2, STM32Cube_FW_H5_V1.7.0, STM32Cube_FW_H7RS_V1.3.0, STM32Cube_FW_H7_V1.13.0, STM32Cube_FW_L0_V1.12.2, STM32Cube_FW_L4_V1.18.2, STM32Cube_FW_L5_V1.6.0, STM32Cube_FW_N6_V1.4.0, STM32Cube_FW_U0_V1.3.0, STM32Cube_FW_U3_V1.4.0, STM32Cube_FW_U5_V1.9.0, STM32Cube_FW_WB0_V1.5.0, STM32Cube_FW_WBA_V1.10.0, STM32Cube_FW_WB_V1.24.0, STM32Cube_FW_WL3_V1.5.0, STM32Cube_FW_WL_V1.6.0, X-CUBE-ALGOBUILD_V1.5.0, X-CUBE-ALS_V1.0.2, X-CUBE-AZRTOS-F4_V1.1.0, X-CUBE-AZRTOS-F7_V1.1.0, X-CUBE-AZRTOS-G0_V1.1.0, X-CUBE-AZRTOS-G4_V2.0.0, X-CUBE-AZRTOS-H7RS_V1.1.0, X-CUBE-AZRTOS-H7_V3.5.0, X-CUBE-AZRTOS-L4_V2.0.0, X-CUBE-AZRTOS-L5_V2.0.0, X-CUBE-AZRTOS-WB_V2.0.0, X-CUBE-AZRTOS-WL_V2.0.0, X-CUBE-BLE1_V7.1.0, X-CUBE-BLE2_V3.3.0, X-CUBE-BLEMGR_V4.1.0, X-CUBE-EEPRMA1_V5.2.0, X-CUBE-FREERTOS_V1.5.0, X-CUBE-GNSS1_V7.1.1, X-CUBE-MEMS1_V12.1.0, X-CUBE-NFC4_V3.0.0, X-CUBE-NFC7_V2.0.0, X-CUBE-SFXS2LP1_V4.0.0, X-CUBE-ST67W61_V1.3.0, X-CUBE-SUBG2_V5.0.0, X-CUBE-TOF1_V3.4.3]
2026-08-18 20:09:07,299 [INFO] DbBoardsSqlite:226 - include board P-NUCLEO-WB55-NUCLEO as a kit item of type 'Nucleo-64'
2026-08-18 20:09:07,300 [INFO] DbBoardsSqlite:226 - include board P-NUCLEO-WB55-USBDONGLE as a kit item of type 'Nucleo USB Dongle'
2026-08-18 20:09:07,301 [INFO] DbBoardsSqlite:226 - include board STEVAL-IDP005V1 as a kit item of type 'Evaluation Board'
2026-08-18 20:09:07,301 [INFO] DbBoardsSqlite:226 - include board STEVAL-IDP005V2 as a kit item of type 'Evaluation Board'
2026-08-18 20:09:07,392 [INFO] ApiDb:240 - Found 895 in-development CPN: [B-G473E-ZEST1S, B-WB1M-WPAN1, B-WBA5M-WPAN, B-WL5M-SUBG1, NUCLEO-C031C6, NUCLEO-C051C8, NUCLEO-C071RB, NUCLEO-C092RC, NUCLEO-H503RB, NUCLEO-H533RE, NUCLEO-H563ZI, NUCLEO-H7S3L8, NUCLEO-N657X0-Q, NUCLEO-U031R8, NUCLEO-U083RC, NUCLEO-U385RG-Q, NUCLEO-U545RE-Q, NUCLEO-U5A5ZJ-Q, NUCLEO-WB05KZ, NUCLEO-WB07CC, NUCLEO-WB09KE, NUCLEO-WBA52CG, NUCLEO-WBA55CG, NUCLEO-WBA65RI, NUCLEO-WL33CC1, NUCLEO-WL33CC2, STEVAL-PROTEUS1, STEVAL-SMARTAG2, STEVAL-STWINBX1, STM320518-EVAL, STM32C0116-DK, STM32C011D6Y3TR, STM32C011D6Y6TR, STM32C011F4P3, STM32C011F4P6, STM32C011F4U3, STM32C011F4U6TR, STM32C011F6P3, STM32C011F6P6, STM32C011F6U3, STM32C011F6U6TR, STM32C011J4M3, STM32C011J4M6, STM32C011J6M3, STM32C011J6M6, STM32C0316-DK, STM32C031C4T3, STM32C031C4T6, STM32C031C4U3, STM32C031C4U6, STM32C031C6T3, STM32C031C6T6, STM32C031C6U3, STM32C031C6U6, STM32C031F4P3, STM32C031F4P6, STM32C031F6P3, STM32C031F6P6, STM32C031G4U3, STM32C031G4U6, STM32C031G6U3, STM32C031G6U6, STM32C031K4T3, STM32C031K4T6, STM32C031K4U3, STM32C031K4U6, STM32C031K6T3, STM32C031K6T6, STM32C031K6U3, STM32C031K6U6, STM32C051C6T6, STM32C051C6U6, STM32C051C8T6, STM32C051C8U6, STM32C051D8Y6TR, STM32C051F6P6, STM32C051F8P6, STM32C051G6U6, STM32C051G8U6, STM32C051K6T6, STM32C051K6U6, STM32C051K8T6, STM32C071C8T6, STM32C071C8T6N, STM32C071C8U6, STM32C071C8U6N, STM32C071CBT6, STM32C071CBT6N, STM32C071CBU6, STM32C071CBU6N, STM32C071F8P6, STM32C071F8P6N, STM32C071FBP6, STM32C071FBP6N, STM32C071FBY6TR, STM32C071G8U6, STM32C071G8U6N, STM32C071GBU6, STM32C071GBU6N, STM32C071K8T6, STM32C071K8T6N, STM32C071K8U6, STM32C071K8U6N, STM32C071KBT6, STM32C071KBT6N, STM32C071KBU6, STM32C071KBU6N, STM32C071R8T6, STM32C071R8T6N, STM32C071RBI6N, STM32C071RBT6, STM32C071RBT6N, STM32C091CBT6, STM32C091CBU6, STM32C091CCT6, STM32C091CCU6, STM32C091ECY6TR, STM32C091FBP6, STM32C091FCP6, STM32C091GBU6, STM32C091GCU6, STM32C091KBT6, STM32C091KBU6, STM32C091KCT6, STM32C091KCU6, STM32C091RBT6, STM32C091RCI6, STM32C091RCT6, STM32C092CBT6, STM32C092CBU6, STM32C092CCT6, STM32C092CCU6, STM32C092ECY6TR, STM32C092FBP6, STM32C092FCP6, STM32C092GBU6, STM32C092GCU6, STM32C092KBT6, STM32C092KBU6, STM32C092KCT6, STM32C092KCU6, STM32C092RBT6, STM32C092RCI6, STM32C092RCT6, STM32G071K8TXN, STM32G071K8UXN, STM32G081GBU6N, STM32G081KBT6N, STM32G081KBUXN, STM32G0B1CCT6N, STM32G0B1KCT6, STM32G0B1NEY6TR, STM32G0B1RCT6N, STM32G0C1CCT6, STM32G0C1CCT6N, STM32G0C1CCU6N, STM32G0C1CET6N, STM32G0C1CEU6N, STM32G0C1KCT6, STM32G0C1NEY6TR, STM32G0C1RCI6N, STM32G0C1RCT6N, STM32G0C1REI6N, STM32G0C1RET6N, STM32G0C1VCI6, STM32G0C1VEI6, STM32G411C6T3, STM32G411C6T6, STM32G411C6U3, STM32G411C6U6, STM32G411C8T3, STM32G411C8T6, STM32G411C8U3, STM32G411C8U6, STM32G411CBT3, STM32G411CBT6, STM32G411CBU3, STM32G411CBU6, STM32G411CCT3, STM32G411CCT6, STM32G411CCU3, STM32G411CCU6, STM32G411K6T3, STM32G411K6T6, STM32G411K6U3, STM32G411K6U6, STM32G411K8T3, STM32G411K8T6, STM32G411K8U3, STM32G411K8U6, STM32G411KBT3, STM32G411KBT6, STM32G411KBU3, STM32G411KBU6, STM32G411M6T3, STM32G411M6T6, STM32G411M8T3, STM32G411M8T6, STM32G411MBT3, STM32G411MBT6, STM32G411MCT3, STM32G411MCT6, STM32G411R6T3, STM32G411R6T6, STM32G411R8T3, STM32G411R8T6, STM32G411RBT3, STM32G411RBT6, STM32G411RCT3, STM32G411RCT6, STM32G414CBT3, STM32G414CBT6, STM32G414CBU3, STM32G414CBU6, STM32G414CCT3, STM32G414CCT6, STM32G414CCU3, STM32G414CCU6, STM32G414MBT3, STM32G414MBT6, STM32G414MCT3, STM32G414MCT6, STM32G414RBT3, STM32G414RBT6, STM32G414RCT3, STM32G414RCT6, STM32G414VBT3, STM32G414VBT6, STM32G414VCT3, STM32G414VCT6, STM32G431CBT3Z, STM32G431RBT3Z, STM32G471CCT6, STM32G471CCU6, STM32G471CET3, STM32G471CET6, STM32G471CEU3, STM32G471CEU6, STM32G471MCT6, STM32G471MET3, STM32G471MET6, STM32G471MEY6TR, STM32G471QCT6, STM32G471QET3, STM32G471RCT6, STM32G471RET3, STM32G471RET6, STM32G471VCH6, STM32G471VCI6, STM32G471VCT6, STM32G471VEH3, STM32G471VEH6, STM32G471VEI3, STM32G471VEI6, STM32G471VET3, STM32G471VET6, STM32G473QET3Z, STM32G473RET3Z, STM32G474CCT6, STM32G491RET3Z, STM32H503CBT6, STM32H503CBU6, STM32H503EBY6TR, STM32H503KBU6, STM32H503RBT6, STM32H523CCT6, STM32H523CCU6, STM32H523CET6, STM32H523CEU6, STM32H523HEY6TR, STM32H523RCT6, STM32H523RET6, STM32H523VCI6, STM32H523VCT6, STM32H523VEI6, STM32H523VET6, STM32H523ZCJ6, STM32H523ZCT6, STM32H523ZEJ6, STM32H523ZET6, STM32H533CET6, STM32H533CEU6, STM32H533HEY6TR, STM32H533RET6, STM32H533VEI6, STM32H533VET6, STM32H533ZEJ6, STM32H533ZET6, STM32H562AGI6, STM32H562AII6, STM32H562IGK6, STM32H562IGT6, STM32H562IIK6, STM32H562IIT6, STM32H562RGT6, STM32H562RGV6, STM32H562RIT6, STM32H562RIV6, STM32H562VGT6, STM32H562VIT6, STM32H562ZGT6, STM32H562ZIT6, STM32H563AGI6, STM32H563AII3Q, STM32H563AII6, STM32H563IGK6, STM32H563IGT6, STM32H563IIK3Q, STM32H563IIK6, STM32H563IIT3Q, STM32H563IIT6, STM32H563MIY3QTR, STM32H563RGT6, STM32H563RGV6, STM32H563RIT6, STM32H563RIV6, STM32H563VGT6, STM32H563VIT3Q, STM32H563VIT6, STM32H563ZGT6, STM32H563ZIT3Q, STM32H563ZIT6, STM32H573AII3Q, STM32H573AII6, STM32H573I-DK, STM32H573IIK3Q, STM32H573IIK6, STM32H573IIT3Q, STM32H573IIT6, STM32H573MIY3QTR, STM32H573RIT6, STM32H573RIV6, STM32H573VIT3Q, STM32H573VIT6, STM32H573ZIT3Q, STM32H573ZIT6, STM32H7R3A8I6, STM32H7R3I8K6, STM32H7R3I8T6, STM32H7R3L8H6, STM32H7R3L8H6H, STM32H7R3R8V6, STM32H7R3V8H6, STM32H7R3V8T6, STM32H7R3V8Y6TR, STM32H7R3Z8J6, STM32H7R3Z8T6, STM32H7R7A8I6, STM32H7R7I8K6, STM32H7R7I8T6, STM32H7R7L8H6, STM32H7R7L8H6H, STM32H7R7Z8J6, STM32H7S3A8I6, STM32H7S3I8K6, STM32H7S3I8T6, STM32H7S3L8H6, STM32H7S3L8H6H, STM32H7S3R8V6, STM32H7S3V8H6, STM32H7S3V8T6, STM32H7S3V8Y6TR, STM32H7S3Z8J6, STM32H7S3Z8T6, STM32H7S78-DK, STM32H7S7A8I6, STM32H7S7I8K6, STM32H7S7I8T6, STM32H7S7L8H6, STM32H7S7L8H6H, STM32H7S7Z8J6, STM32L4R5QGI6STR, STM32MP131AAE3, STM32MP131AAF3, STM32MP131AAG3, STM32MP131CAE3, STM32MP131CAF3, STM32MP131CAG3, STM32MP131DAE7, STM32MP131DAF7, STM32MP131DAG7, STM32MP131FAE7, STM32MP131FAF7, STM32MP131FAG7, STM32MP133AAE3, STM32MP133AAF3, STM32MP133AAG3, STM32MP133CAE3, STM32MP133CAF3, STM32MP133CAG3, STM32MP133DAE7, STM32MP133DAF7, STM32MP133DAG7, STM32MP133FAE7, STM32MP133FAF7, STM32MP133FAG7, STM32MP135AAE3, STM32MP135AAF3, STM32MP135AAG3, STM32MP135CAE3, STM32MP135CAF3, STM32MP135CAG3, STM32MP135DAE7, STM32MP135DAF7, STM32MP135DAG7, STM32MP135F-DK, STM32MP135FAE7, STM32MP135FAF7, STM32MP135FAF7T, STM32MP135FAF7U, STM32MP135FAG7, STM32MP231AAJ3, STM32MP231AAK3, STM32MP231AAL3, STM32MP231CAJ3, STM32MP231CAK3, STM32MP231CAL3, STM32MP231DAJ3, STM32MP231DAK3, STM32MP231DAL3, STM32MP231FAJ3, STM32MP231FAK3, STM32MP231FAL3, STM32MP233AAJ3, STM32MP233AAK3, STM32MP233AAL3, STM32MP233CAJ3, STM32MP233CAK3, STM32MP233CAL3, STM32MP233DAJ3, STM32MP233DAK3, STM32MP233DAL3, STM32MP233FAJ3, STM32MP233FAK3, STM32MP233FAL3, STM32MP235AAJ3, STM32MP235AAK3, STM32MP235AAL3, STM32MP235CAJ3, STM32MP235CAK3, STM32MP235CAL3, STM32MP235DAJ3, STM32MP235DAK3, STM32MP235DAL3, STM32MP235FAJ3, STM32MP235FAK3, STM32MP235FAL3, STM32MP251AAI3, STM32MP251AAJ3, STM32MP251AAK3, STM32MP251AAL3, STM32MP251CAI3, STM32MP251CAJ3, STM32MP251CAK3, STM32MP251CAL3, STM32MP251DAI3, STM32MP251DAJ3, STM32MP251DAK3, STM32MP251DAL3, STM32MP251FAI3, STM32MP251FAJ3, STM32MP251FAK3, STM32MP251FAL3, STM32MP253AAI3, STM32MP253AAJ3, STM32MP253AAK3, STM32MP253AAL3, STM32MP253CAI3, STM32MP253CAJ3, STM32MP253CAK3, STM32MP253CAL3, STM32MP253DAI3, STM32MP253DAJ3, STM32MP253DAK3, STM32MP253DAL3, STM32MP253FAI3, STM32MP253FAJ3, STM32MP253FAK3, STM32MP253FAL3, STM32MP255AAI3, STM32MP255AAJ3, STM32MP255AAK3, STM32MP255AAL3, STM32MP255CAI3, STM32MP255CAJ3, STM32MP255CAK3, STM32MP255CAL3, STM32MP255DAI3, STM32MP255DAJ3, STM32MP255DAK3, STM32MP255DAL3, STM32MP255FAI3, STM32MP255FAJ3, STM32MP255FAK3, STM32MP255FAL3, STM32MP257AAI3, STM32MP257AAJ3, STM32MP257AAK3, STM32MP257AAL3, STM32MP257CAI3, STM32MP257CAJ3, STM32MP257CAK3, STM32MP257CAL3, STM32MP257DAI3, STM32MP257DAJ3, STM32MP257DAK3, STM32MP257DAL3, STM32MP257F-DK, STM32MP257F-EV1, STM32MP257FAI3, STM32MP257FAJ3, STM32MP257FAK3, STM32MP257FAL3, STM32N645A0H3Q, STM32N645B0H3Q, STM32N645I0H3Q, STM32N645L0H3Q, STM32N645X0H3Q, STM32N645Z0H3Q, STM32N647A0H3Q, STM32N647B0H3Q, STM32N647I0H3Q, STM32N647L0H3Q, STM32N647X0H3Q, STM32N647Z0H3Q, STM32N655A0H3Q, STM32N655B0H3Q, STM32N655I0H3Q, STM32N655L0H3Q, STM32N655X0H3Q, STM32N655Z0H3Q, STM32N6570-DK, STM32N657A0H3Q, STM32N657B0H3Q, STM32N657I0H3Q, STM32N657L0H3Q, STM32N657X0H3Q, STM32N657Z0H3Q, STM32U031C6T6, STM32U031C6U6, STM32U031C8T6, STM32U031C8U6, STM32U031F4P6, STM32U031F6P6, STM32U031F8P6, STM32U031G6Y6TR, STM32U031G8Y6TR, STM32U031K4U6, STM32U031K6U6, STM32U031K8U6, STM32U031R6I6, STM32U031R6T6, STM32U031R8I6, STM32U031R8T6, STM32U073C8T6, STM32U073C8U6, STM32U073CBT6, STM32U073CBU6, STM32U073CCT6, STM32U073CCU6, STM32U073H8Y6TR, STM32U073HBY6TR, STM32U073HCY6TR, STM32U073K8U6, STM32U073KBU6, STM32U073KCU6, STM32U073M8I6, STM32U073M8T6, STM32U073MBI6, STM32U073MBT6, STM32U073MCI6, STM32U073MCT6, STM32U073R8I6, STM32U073R8T6, STM32U073RBI6, STM32U073RBT6, STM32U073RCI6, STM32U073RCT6, STM32U083C-DK, STM32U083CCT6, STM32U083CCU6, STM32U083HCY6TR, STM32U083KCU6, STM32U083MCI6, STM32U083MCT6, STM32U083RCI6, STM32U083RCT6, STM32U375CET6, STM32U375CET6Q, STM32U375CEU6, STM32U375CEU6Q, STM32U375CEY6QTR, STM32U375CGT6, STM32U375CGT6Q, STM32U375CGU6, STM32U375CGU6Q, STM32U375CGY6QTR, STM32U375KEU6, STM32U375KGU6, STM32U375REI6, STM32U375REI6Q, STM32U375RET6, STM32U375RET6Q, STM32U375REY6GTR, STM32U375REY6QTR, STM32U375RGI6, STM32U375RGI6Q, STM32U375RGT6, STM32U375RGT6Q, STM32U375RGY6GTR, STM32U375RGY6QTR, STM32U375VEI6, STM32U375VEI6Q, STM32U375VET6, STM32U375VET6Q, STM32U375VGI6, STM32U375VGI6Q, STM32U375VGT6, STM32U375VGT6Q, STM32U385CGT6, STM32U385CGT6Q, STM32U385CGU6, STM32U385CGU6Q, STM32U385CGY6QTR, STM32U385KGU6, STM32U385RGI6, STM32U385RGI6Q, STM32U385RGT6, STM32U385RGT6Q, STM32U385RGY6GTR, STM32U385RGY6QTR, STM32U385VGI6, STM32U385VGI6Q, STM32U385VGT6, STM32U385VGT6Q, STM32U535CBT6, STM32U535CBT6Q, STM32U535CBU6, STM32U535CBU6Q, STM32U535CCT6, STM32U535CCT6Q, STM32U535CCU6, STM32U535CCU6Q, STM32U535CET6, STM32U535CET6Q, STM32U535CEU6, STM32U535CEU6Q, STM32U535JEY6QTR, STM32U535NCY6QTR, STM32U535NEY6QTR, STM32U535RBI6, STM32U535RBI6Q, STM32U535RBT6, STM32U535RBT6Q, STM32U535RCI6, STM32U535RCI6Q, STM32U535RCT6, STM32U535RCT6Q, STM32U535REI6, STM32U535REI6Q, STM32U535RET6, STM32U535RET6Q, STM32U535VCI6, STM32U535VCI6Q, STM32U535VCT6, STM32U535VCT6Q, STM32U535VEI6, STM32U535VEI6Q, STM32U535VET6, STM32U535VET6Q, STM32U545CET6, STM32U545CET6Q, STM32U545CEU6, STM32U545CEU6Q, STM32U545JEY6QTR, STM32U545NEY6QTR, STM32U545REI6, STM32U545REI6Q, STM32U545RET6, STM32U545RET6Q, STM32U545VEI6, STM32U545VEI6Q, STM32U545VET6, STM32U545VET6Q, STM32U595AIH6, STM32U595AIH6Q, STM32U595AJH6, STM32U595AJH6Q, STM32U595QII6, STM32U595QII6Q, STM32U595QJI6, STM32U595QJI6Q, STM32U595RIT6, STM32U595RIT6Q, STM32U595RJT6, STM32U595RJT6Q, STM32U595VIT6, STM32U595VIT6Q, STM32U595VJT6, STM32U595VJT6Q, STM32U595ZIT6, STM32U595ZIT6Q, STM32U595ZIY6QTR, STM32U595ZJT6, STM32U595ZJT6Q, STM32U595ZJY6QTR, STM32U599BJY6QTR, STM32U599NIH6Q, STM32U599NJH6Q, STM32U599VIT6Q, STM32U599VJT6, STM32U599VJT6Q, STM32U599ZIT6Q, STM32U599ZIY6QTR, STM32U599ZJT6Q, STM32U599ZJY6QTR, STM32U5A5AJH6, STM32U5A5AJH6Q, STM32U5A5QII3Q , STM32U5A5QJI6, STM32U5A5QJI6Q, STM32U5A5RJT6, STM32U5A5RJT6Q, STM32U5A5VJT6, STM32U5A5VJT6Q, STM32U5A5ZJT6, STM32U5A5ZJT6Q, STM32U5A5ZJY6QTR, STM32U5A9BJY6QTR, STM32U5A9J-DK, STM32U5A9NJH6Q, STM32U5A9VJT6Q, STM32U5A9ZJT6Q, STM32U5A9ZJY6QTR, STM32U5F7VIT6, STM32U5F7VIT6Q, STM32U5F7VJT6, STM32U5F7VJT6Q, STM32U5F9BJY6QTR, STM32U5F9NJH6Q, STM32U5F9VIT6Q, STM32U5F9VJT6Q, STM32U5F9ZIJ6QTR, STM32U5F9ZIT6Q, STM32U5F9ZJJ6QTR, STM32U5F9ZJT6Q, STM32U5G7VJT6, STM32U5G7VJT6Q, STM32U5G9BJY6QTR, STM32U5G9J-DK1, STM32U5G9J-DK2, STM32U5G9NJH6Q, STM32U5G9VJT6Q, STM32U5G9ZJJ6QTR, STM32U5G9ZJT6Q, STM32WB05KZV6TR, STM32WB05KZV7TR, STM32WB05TZF6TR, STM32WB05TZF7TR, STM32WB06CCF6TR, STM32WB06CCF7TR, STM32WB06CCV6TR, STM32WB06CCV7TR, STM32WB06KCV6TR, STM32WB06KCV7TR, STM32WB07CCF6TR, STM32WB07CCF7TR, STM32WB07CCV6TR, STM32WB07CCV7TR, STM32WB07KCV6TR, STM32WB07KCV7TR, STM32WB09KEV6TR, STM32WB09KEV7TR, STM32WB09TEF6TR, STM32WB09TEF7TR, STM32WB1MMCH6, STM32WBA50KGU6, STM32WBA50KGU6TR, STM32WBA52CEU6, STM32WBA52CEU6TR, STM32WBA52CEU7, STM32WBA52CEU7TR, STM32WBA52CGU6, STM32WBA52CGU6TR, STM32WBA52CGU6U, STM32WBA52CGU7, STM32WBA52CGU7TR, STM32WBA52KEU6, STM32WBA52KEU6TR, STM32WBA52KGU6, STM32WBA52KGU6TR, STM32WBA54CEU6, STM32WBA54CEU6TR, STM32WBA54CEU7, STM32WBA54CEU7TR, STM32WBA54CGU6, STM32WBA54CGU6TR, STM32WBA54CGU7, STM32WBA54CGU7TR, STM32WBA54KEU6, STM32WBA54KEU6TR, STM32WBA54KEU7, STM32WBA54KEU7TR, STM32WBA54KGU6, STM32WBA54KGU6TR, STM32WBA54KGU7, STM32WBA54KGU7TR, STM32WBA55CEU6, STM32WBA55CEU6TR, STM32WBA55CEU7, STM32WBA55CEU7TR, STM32WBA55CGU6, STM32WBA55CGU6TR, STM32WBA55CGU6U, STM32WBA55CGU7, STM32WBA55CGU7TR, STM32WBA55G-DK1, STM32WBA55HEF6, STM32WBA55HEF7, STM32WBA55HGF6, STM32WBA55HGF7, STM32WBA55UEI6, STM32WBA55UEI6TR, STM32WBA55UEI7, STM32WBA55UEI7TR, STM32WBA55UGI6, STM32WBA55UGI6TR, STM32WBA55UGI7, STM32WBA55UGI7TR, STM32WBA5MJGH6TR, STM32WBA62CGU6, STM32WBA62CIU6, STM32WBA62MGF6, STM32WBA62MIF6, STM32WBA62PGI6, STM32WBA62PII6, STM32WBA63CGU6, STM32WBA63CGU7, STM32WBA63CIU6, STM32WBA63CIU7, STM32WBA64CGU6, STM32WBA64CGU7, STM32WBA64CIU6, STM32WBA64CIU7, STM32WBA65CGU6, STM32WBA65CGU7, STM32WBA65CIU6, STM32WBA65CIU7, STM32WBA65I-DK1, STM32WBA65MGF6, STM32WBA65MGF7, STM32WBA65MIF6, STM32WBA65MIF7, STM32WBA65PGI6, STM32WBA65PGI7, STM32WBA65PII6, STM32WBA65PII7, STM32WBA65RGV6, STM32WBA65RGV7, STM32WBA65RIV6, STM32WBA65RIV7, STM32WL30K8V6, STM32WL30KBV6, STM32WL31C8V6, STM32WL31CBV6, STM32WL31K8V6, STM32WL31KBV6, STM32WL33C8V6, STM32WL33C8V6TR, STM32WL33C8V7, STM32WL33C8V7TR, STM32WL33CBV6, STM32WL33CBV6TR, STM32WL33CBV7, STM32WL33CBV7TR, STM32WL33CCV6, STM32WL33CCV6TR, STM32WL33CCV7, STM32WL33CCV7A, STM32WL33CCV7ATR, STM32WL33CCV7TR, STM32WL33K8V6, STM32WL33K8V6TR, STM32WL33K8V7, STM32WL33K8V7TR, STM32WL33KBV6, STM32WL33KBV6TR, STM32WL33KBV7, STM32WL33KBV7TR, STM32WL33KCV6, STM32WL33KCV6TR, STM32WL33KCV7, STM32WL33KCV7TR, STM32WL5MOCH6, STM32WL5MOCH6TR]
2026-08-18 20:09:07,399 [INFO] ApiDb:668 - CubeFinder database Data Model version=2.1
2026-08-18 20:09:07,399 [INFO] ApiDb:669 - CubeFinder database Configuration version=3.0.42
2026-08-18 20:09:07,400 [INFO] ApiDb:670 - CubeFinder database generation date=2026-06-23 (1782213372)
2026-08-18 20:09:07,400 [INFO] ApiDb:671 - CubeFinder database FW Pack versions=[FP-ATR-ASTRA1_V2.0.0, FP-SNS-FLIGHT1_V5.1.0, FP-SNS-MOTENV1_V5.1.0, FP-SNS-MOTENVWB1_V1.5.0, FP-SNS-SMARTAG2_V1.2.0, FP-SNS-STBOX1_V2.1.0, STM32Cube_FW_C0_V1.4.0, STM32Cube_FW_F4_V1.28.3, STM32Cube_FW_F7_V1.17.4, STM32Cube_FW_G0_V1.6.3, STM32Cube_FW_G4_V1.6.2, STM32Cube_FW_H5_V1.7.0, STM32Cube_FW_H7RS_V1.3.0, STM32Cube_FW_H7_V1.13.0, STM32Cube_FW_L0_V1.12.2, STM32Cube_FW_L4_V1.18.2, STM32Cube_FW_L5_V1.6.0, STM32Cube_FW_N6_V1.4.0, STM32Cube_FW_U0_V1.3.0, STM32Cube_FW_U3_V1.4.0, STM32Cube_FW_U5_V1.9.0, STM32Cube_FW_WB0_V1.5.0, STM32Cube_FW_WBA_V1.10.0, STM32Cube_FW_WB_V1.24.0, STM32Cube_FW_WL3_V1.5.0, STM32Cube_FW_WL_V1.6.0, X-CUBE-ALGOBUILD_V1.5.0, X-CUBE-ALS_V1.0.2, X-CUBE-AZRTOS-F4_V1.1.0, X-CUBE-AZRTOS-F7_V1.1.0, X-CUBE-AZRTOS-G0_V1.1.0, X-CUBE-AZRTOS-G4_V2.0.0, X-CUBE-AZRTOS-H7RS_V1.1.0, X-CUBE-AZRTOS-H7_V3.5.0, X-CUBE-AZRTOS-L4_V2.0.0, X-CUBE-AZRTOS-L5_V2.0.0, X-CUBE-AZRTOS-WB_V2.0.0, X-CUBE-AZRTOS-WL_V2.0.0, X-CUBE-BLE1_V7.1.0, X-CUBE-BLE2_V3.3.0, X-CUBE-BLEMGR_V4.1.0, X-CUBE-EEPRMA1_V5.2.0, X-CUBE-FREERTOS_V1.5.0, X-CUBE-GNSS1_V7.1.1, X-CUBE-MEMS1_V12.1.0, X-CUBE-NFC4_V3.0.0, X-CUBE-NFC7_V2.0.0, X-CUBE-SFXS2LP1_V4.0.0, X-CUBE-ST67W61_V1.3.0, X-CUBE-SUBG2_V5.0.0, X-CUBE-TOF1_V3.4.3]
2026-08-18 20:09:12,833 [INFO] ApiDb:240 - Found 895 in-development CPN: [B-G473E-ZEST1S, B-WB1M-WPAN1, B-WBA5M-WPAN, B-WL5M-SUBG1, NUCLEO-C031C6, NUCLEO-C051C8, NUCLEO-C071RB, NUCLEO-C092RC, NUCLEO-H503RB, NUCLEO-H533RE, NUCLEO-H563ZI, NUCLEO-H7S3L8, NUCLEO-N657X0-Q, NUCLEO-U031R8, NUCLEO-U083RC, NUCLEO-U385RG-Q, NUCLEO-U545RE-Q, NUCLEO-U5A5ZJ-Q, NUCLEO-WB05KZ, NUCLEO-WB07CC, NUCLEO-WB09KE, NUCLEO-WBA52CG, NUCLEO-WBA55CG, NUCLEO-WBA65RI, NUCLEO-WL33CC1, NUCLEO-WL33CC2, STEVAL-PROTEUS1, STEVAL-SMARTAG2, STEVAL-STWINBX1, STM320518-EVAL, STM32C0116-DK, STM32C011D6Y3TR, STM32C011D6Y6TR, STM32C011F4P3, STM32C011F4P6, STM32C011F4U3, STM32C011F4U6TR, STM32C011F6P3, STM32C011F6P6, STM32C011F6U3, STM32C011F6U6TR, STM32C011J4M3, STM32C011J4M6, STM32C011J6M3, STM32C011J6M6, STM32C0316-DK, STM32C031C4T3, STM32C031C4T6, STM32C031C4U3, STM32C031C4U6, STM32C031C6T3, STM32C031C6T6, STM32C031C6U3, STM32C031C6U6, STM32C031F4P3, STM32C031F4P6, STM32C031F6P3, STM32C031F6P6, STM32C031G4U3, STM32C031G4U6, STM32C031G6U3, STM32C031G6U6, STM32C031K4T3, STM32C031K4T6, STM32C031K4U3, STM32C031K4U6, STM32C031K6T3, STM32C031K6T6, STM32C031K6U3, STM32C031K6U6, STM32C051C6T6, STM32C051C6U6, STM32C051C8T6, STM32C051C8U6, STM32C051D8Y6TR, STM32C051F6P6, STM32C051F8P6, STM32C051G6U6, STM32C051G8U6, STM32C051K6T6, STM32C051K6U6, STM32C051K8T6, STM32C071C8T6, STM32C071C8T6N, STM32C071C8U6, STM32C071C8U6N, STM32C071CBT6, STM32C071CBT6N, STM32C071CBU6, STM32C071CBU6N, STM32C071F8P6, STM32C071F8P6N, STM32C071FBP6, STM32C071FBP6N, STM32C071FBY6TR, STM32C071G8U6, STM32C071G8U6N, STM32C071GBU6, STM32C071GBU6N, STM32C071K8T6, STM32C071K8T6N, STM32C071K8U6, STM32C071K8U6N, STM32C071KBT6, STM32C071KBT6N, STM32C071KBU6, STM32C071KBU6N, STM32C071R8T6, STM32C071R8T6N, STM32C071RBI6N, STM32C071RBT6, STM32C071RBT6N, STM32C091CBT6, STM32C091CBU6, STM32C091CCT6, STM32C091CCU6, STM32C091ECY6TR, STM32C091FBP6, STM32C091FCP6, STM32C091GBU6, STM32C091GCU6, STM32C091KBT6, STM32C091KBU6, STM32C091KCT6, STM32C091KCU6, STM32C091RBT6, STM32C091RCI6, STM32C091RCT6, STM32C092CBT6, STM32C092CBU6, STM32C092CCT6, STM32C092CCU6, STM32C092ECY6TR, STM32C092FBP6, STM32C092FCP6, STM32C092GBU6, STM32C092GCU6, STM32C092KBT6, STM32C092KBU6, STM32C092KCT6, STM32C092KCU6, STM32C092RBT6, STM32C092RCI6, STM32C092RCT6, STM32G071K8TXN, STM32G071K8UXN, STM32G081GBU6N, STM32G081KBT6N, STM32G081KBUXN, STM32G0B1CCT6N, STM32G0B1KCT6, STM32G0B1NEY6TR, STM32G0B1RCT6N, STM32G0C1CCT6, STM32G0C1CCT6N, STM32G0C1CCU6N, STM32G0C1CET6N, STM32G0C1CEU6N, STM32G0C1KCT6, STM32G0C1NEY6TR, STM32G0C1RCI6N, STM32G0C1RCT6N, STM32G0C1REI6N, STM32G0C1RET6N, STM32G0C1VCI6, STM32G0C1VEI6, STM32G411C6T3, STM32G411C6T6, STM32G411C6U3, STM32G411C6U6, STM32G411C8T3, STM32G411C8T6, STM32G411C8U3, STM32G411C8U6, STM32G411CBT3, STM32G411CBT6, STM32G411CBU3, STM32G411CBU6, STM32G411CCT3, STM32G411CCT6, STM32G411CCU3, STM32G411CCU6, STM32G411K6T3, STM32G411K6T6, STM32G411K6U3, STM32G411K6U6, STM32G411K8T3, STM32G411K8T6, STM32G411K8U3, STM32G411K8U6, STM32G411KBT3, STM32G411KBT6, STM32G411KBU3, STM32G411KBU6, STM32G411M6T3, STM32G411M6T6, STM32G411M8T3, STM32G411M8T6, STM32G411MBT3, STM32G411MBT6, STM32G411MCT3, STM32G411MCT6, STM32G411R6T3, STM32G411R6T6, STM32G411R8T3, STM32G411R8T6, STM32G411RBT3, STM32G411RBT6, STM32G411RCT3, STM32G411RCT6, STM32G414CBT3, STM32G414CBT6, STM32G414CBU3, STM32G414CBU6, STM32G414CCT3, STM32G414CCT6, STM32G414CCU3, STM32G414CCU6, STM32G414MBT3, STM32G414MBT6, STM32G414MCT3, STM32G414MCT6, STM32G414RBT3, STM32G414RBT6, STM32G414RCT3, STM32G414RCT6, STM32G414VBT3, STM32G414VBT6, STM32G414VCT3, STM32G414VCT6, STM32G431CBT3Z, STM32G431RBT3Z, STM32G471CCT6, STM32G471CCU6, STM32G471CET3, STM32G471CET6, STM32G471CEU3, STM32G471CEU6, STM32G471MCT6, STM32G471MET3, STM32G471MET6, STM32G471MEY6TR, STM32G471QCT6, STM32G471QET3, STM32G471RCT6, STM32G471RET3, STM32G471RET6, STM32G471VCH6, STM32G471VCI6, STM32G471VCT6, STM32G471VEH3, STM32G471VEH6, STM32G471VEI3, STM32G471VEI6, STM32G471VET3, STM32G471VET6, STM32G473QET3Z, STM32G473RET3Z, STM32G474CCT6, STM32G491RET3Z, STM32H503CBT6, STM32H503CBU6, STM32H503EBY6TR, STM32H503KBU6, STM32H503RBT6, STM32H523CCT6, STM32H523CCU6, STM32H523CET6, STM32H523CEU6, STM32H523HEY6TR, STM32H523RCT6, STM32H523RET6, STM32H523VCI6, STM32H523VCT6, STM32H523VEI6, STM32H523VET6, STM32H523ZCJ6, STM32H523ZCT6, STM32H523ZEJ6, STM32H523ZET6, STM32H533CET6, STM32H533CEU6, STM32H533HEY6TR, STM32H533RET6, STM32H533VEI6, STM32H533VET6, STM32H533ZEJ6, STM32H533ZET6, STM32H562AGI6, STM32H562AII6, STM32H562IGK6, STM32H562IGT6, STM32H562IIK6, STM32H562IIT6, STM32H562RGT6, STM32H562RGV6, STM32H562RIT6, STM32H562RIV6, STM32H562VGT6, STM32H562VIT6, STM32H562ZGT6, STM32H562ZIT6, STM32H563AGI6, STM32H563AII3Q, STM32H563AII6, STM32H563IGK6, STM32H563IGT6, STM32H563IIK3Q, STM32H563IIK6, STM32H563IIT3Q, STM32H563IIT6, STM32H563MIY3QTR, STM32H563RGT6, STM32H563RGV6, STM32H563RIT6, STM32H563RIV6, STM32H563VGT6, STM32H563VIT3Q, STM32H563VIT6, STM32H563ZGT6, STM32H563ZIT3Q, STM32H563ZIT6, STM32H573AII3Q, STM32H573AII6, STM32H573I-DK, STM32H573IIK3Q, STM32H573IIK6, STM32H573IIT3Q, STM32H573IIT6, STM32H573MIY3QTR, STM32H573RIT6, STM32H573RIV6, STM32H573VIT3Q, STM32H573VIT6, STM32H573ZIT3Q, STM32H573ZIT6, STM32H7R3A8I6, STM32H7R3I8K6, STM32H7R3I8T6, STM32H7R3L8H6, STM32H7R3L8H6H, STM32H7R3R8V6, STM32H7R3V8H6, STM32H7R3V8T6, STM32H7R3V8Y6TR, STM32H7R3Z8J6, STM32H7R3Z8T6, STM32H7R7A8I6, STM32H7R7I8K6, STM32H7R7I8T6, STM32H7R7L8H6, STM32H7R7L8H6H, STM32H7R7Z8J6, STM32H7S3A8I6, STM32H7S3I8K6, STM32H7S3I8T6, STM32H7S3L8H6, STM32H7S3L8H6H, STM32H7S3R8V6, STM32H7S3V8H6, STM32H7S3V8T6, STM32H7S3V8Y6TR, STM32H7S3Z8J6, STM32H7S3Z8T6, STM32H7S78-DK, STM32H7S7A8I6, STM32H7S7I8K6, STM32H7S7I8T6, STM32H7S7L8H6, STM32H7S7L8H6H, STM32H7S7Z8J6, STM32L4R5QGI6STR, STM32MP131AAE3, STM32MP131AAF3, STM32MP131AAG3, STM32MP131CAE3, STM32MP131CAF3, STM32MP131CAG3, STM32MP131DAE7, STM32MP131DAF7, STM32MP131DAG7, STM32MP131FAE7, STM32MP131FAF7, STM32MP131FAG7, STM32MP133AAE3, STM32MP133AAF3, STM32MP133AAG3, STM32MP133CAE3, STM32MP133CAF3, STM32MP133CAG3, STM32MP133DAE7, STM32MP133DAF7, STM32MP133DAG7, STM32MP133FAE7, STM32MP133FAF7, STM32MP133FAG7, STM32MP135AAE3, STM32MP135AAF3, STM32MP135AAG3, STM32MP135CAE3, STM32MP135CAF3, STM32MP135CAG3, STM32MP135DAE7, STM32MP135DAF7, STM32MP135DAG7, STM32MP135F-DK, STM32MP135FAE7, STM32MP135FAF7, STM32MP135FAF7T, STM32MP135FAF7U, STM32MP135FAG7, STM32MP231AAJ3, STM32MP231AAK3, STM32MP231AAL3, STM32MP231CAJ3, STM32MP231CAK3, STM32MP231CAL3, STM32MP231DAJ3, STM32MP231DAK3, STM32MP231DAL3, STM32MP231FAJ3, STM32MP231FAK3, STM32MP231FAL3, STM32MP233AAJ3, STM32MP233AAK3, STM32MP233AAL3, STM32MP233CAJ3, STM32MP233CAK3, STM32MP233CAL3, STM32MP233DAJ3, STM32MP233DAK3, STM32MP233DAL3, STM32MP233FAJ3, STM32MP233FAK3, STM32MP233FAL3, STM32MP235AAJ3, STM32MP235AAK3, STM32MP235AAL3, STM32MP235CAJ3, STM32MP235CAK3, STM32MP235CAL3, STM32MP235DAJ3, STM32MP235DAK3, STM32MP235DAL3, STM32MP235FAJ3, STM32MP235FAK3, STM32MP235FAL3, STM32MP251AAI3, STM32MP251AAJ3, STM32MP251AAK3, STM32MP251AAL3, STM32MP251CAI3, STM32MP251CAJ3, STM32MP251CAK3, STM32MP251CAL3, STM32MP251DAI3, STM32MP251DAJ3, STM32MP251DAK3, STM32MP251DAL3, STM32MP251FAI3, STM32MP251FAJ3, STM32MP251FAK3, STM32MP251FAL3, STM32MP253AAI3, STM32MP253AAJ3, STM32MP253AAK3, STM32MP253AAL3, STM32MP253CAI3, STM32MP253CAJ3, STM32MP253CAK3, STM32MP253CAL3, STM32MP253DAI3, STM32MP253DAJ3, STM32MP253DAK3, STM32MP253DAL3, STM32MP253FAI3, STM32MP253FAJ3, STM32MP253FAK3, STM32MP253FAL3, STM32MP255AAI3, STM32MP255AAJ3, STM32MP255AAK3, STM32MP255AAL3, STM32MP255CAI3, STM32MP255CAJ3, STM32MP255CAK3, STM32MP255CAL3, STM32MP255DAI3, STM32MP255DAJ3, STM32MP255DAK3, STM32MP255DAL3, STM32MP255FAI3, STM32MP255FAJ3, STM32MP255FAK3, STM32MP255FAL3, STM32MP257AAI3, STM32MP257AAJ3, STM32MP257AAK3, STM32MP257AAL3, STM32MP257CAI3, STM32MP257CAJ3, STM32MP257CAK3, STM32MP257CAL3, STM32MP257DAI3, STM32MP257DAJ3, STM32MP257DAK3, STM32MP257DAL3, STM32MP257F-DK, STM32MP257F-EV1, STM32MP257FAI3, STM32MP257FAJ3, STM32MP257FAK3, STM32MP257FAL3, STM32N645A0H3Q, STM32N645B0H3Q, STM32N645I0H3Q, STM32N645L0H3Q, STM32N645X0H3Q, STM32N645Z0H3Q, STM32N647A0H3Q, STM32N647B0H3Q, STM32N647I0H3Q, STM32N647L0H3Q, STM32N647X0H3Q, STM32N647Z0H3Q, STM32N655A0H3Q, STM32N655B0H3Q, STM32N655I0H3Q, STM32N655L0H3Q, STM32N655X0H3Q, STM32N655Z0H3Q, STM32N6570-DK, STM32N657A0H3Q, STM32N657B0H3Q, STM32N657I0H3Q, STM32N657L0H3Q, STM32N657X0H3Q, STM32N657Z0H3Q, STM32U031C6T6, STM32U031C6U6, STM32U031C8T6, STM32U031C8U6, STM32U031F4P6, STM32U031F6P6, STM32U031F8P6, STM32U031G6Y6TR, STM32U031G8Y6TR, STM32U031K4U6, STM32U031K6U6, STM32U031K8U6, STM32U031R6I6, STM32U031R6T6, STM32U031R8I6, STM32U031R8T6, STM32U073C8T6, STM32U073C8U6, STM32U073CBT6, STM32U073CBU6, STM32U073CCT6, STM32U073CCU6, STM32U073H8Y6TR, STM32U073HBY6TR, STM32U073HCY6TR, STM32U073K8U6, STM32U073KBU6, STM32U073KCU6, STM32U073M8I6, STM32U073M8T6, STM32U073MBI6, STM32U073MBT6, STM32U073MCI6, STM32U073MCT6, STM32U073R8I6, STM32U073R8T6, STM32U073RBI6, STM32U073RBT6, STM32U073RCI6, STM32U073RCT6, STM32U083C-DK, STM32U083CCT6, STM32U083CCU6, STM32U083HCY6TR, STM32U083KCU6, STM32U083MCI6, STM32U083MCT6, STM32U083RCI6, STM32U083RCT6, STM32U375CET6, STM32U375CET6Q, STM32U375CEU6, STM32U375CEU6Q, STM32U375CEY6QTR, STM32U375CGT6, STM32U375CGT6Q, STM32U375CGU6, STM32U375CGU6Q, STM32U375CGY6QTR, STM32U375KEU6, STM32U375KGU6, STM32U375REI6, STM32U375REI6Q, STM32U375RET6, STM32U375RET6Q, STM32U375REY6GTR, STM32U375REY6QTR, STM32U375RGI6, STM32U375RGI6Q, STM32U375RGT6, STM32U375RGT6Q, STM32U375RGY6GTR, STM32U375RGY6QTR, STM32U375VEI6, STM32U375VEI6Q, STM32U375VET6, STM32U375VET6Q, STM32U375VGI6, STM32U375VGI6Q, STM32U375VGT6, STM32U375VGT6Q, STM32U385CGT6, STM32U385CGT6Q, STM32U385CGU6, STM32U385CGU6Q, STM32U385CGY6QTR, STM32U385KGU6, STM32U385RGI6, STM32U385RGI6Q, STM32U385RGT6, STM32U385RGT6Q, STM32U385RGY6GTR, STM32U385RGY6QTR, STM32U385VGI6, STM32U385VGI6Q, STM32U385VGT6, STM32U385VGT6Q, STM32U535CBT6, STM32U535CBT6Q, STM32U535CBU6, STM32U535CBU6Q, STM32U535CCT6, STM32U535CCT6Q, STM32U535CCU6, STM32U535CCU6Q, STM32U535CET6, STM32U535CET6Q, STM32U535CEU6, STM32U535CEU6Q, STM32U535JEY6QTR, STM32U535NCY6QTR, STM32U535NEY6QTR, STM32U535RBI6, STM32U535RBI6Q, STM32U535RBT6, STM32U535RBT6Q, STM32U535RCI6, STM32U535RCI6Q, STM32U535RCT6, STM32U535RCT6Q, STM32U535REI6, STM32U535REI6Q, STM32U535RET6, STM32U535RET6Q, STM32U535VCI6, STM32U535VCI6Q, STM32U535VCT6, STM32U535VCT6Q, STM32U535VEI6, STM32U535VEI6Q, STM32U535VET6, STM32U535VET6Q, STM32U545CET6, STM32U545CET6Q, STM32U545CEU6, STM32U545CEU6Q, STM32U545JEY6QTR, STM32U545NEY6QTR, STM32U545REI6, STM32U545REI6Q, STM32U545RET6, STM32U545RET6Q, STM32U545VEI6, STM32U545VEI6Q, STM32U545VET6, STM32U545VET6Q, STM32U595AIH6, STM32U595AIH6Q, STM32U595AJH6, STM32U595AJH6Q, STM32U595QII6, STM32U595QII6Q, STM32U595QJI6, STM32U595QJI6Q, STM32U595RIT6, STM32U595RIT6Q, STM32U595RJT6, STM32U595RJT6Q, STM32U595VIT6, STM32U595VIT6Q, STM32U595VJT6, STM32U595VJT6Q, STM32U595ZIT6, STM32U595ZIT6Q, STM32U595ZIY6QTR, STM32U595ZJT6, STM32U595ZJT6Q, STM32U595ZJY6QTR, STM32U599BJY6QTR, STM32U599NIH6Q, STM32U599NJH6Q, STM32U599VIT6Q, STM32U599VJT6, STM32U599VJT6Q, STM32U599ZIT6Q, STM32U599ZIY6QTR, STM32U599ZJT6Q, STM32U599ZJY6QTR, STM32U5A5AJH6, STM32U5A5AJH6Q, STM32U5A5QII3Q , STM32U5A5QJI6, STM32U5A5QJI6Q, STM32U5A5RJT6, STM32U5A5RJT6Q, STM32U5A5VJT6, STM32U5A5VJT6Q, STM32U5A5ZJT6, STM32U5A5ZJT6Q, STM32U5A5ZJY6QTR, STM32U5A9BJY6QTR, STM32U5A9J-DK, STM32U5A9NJH6Q, STM32U5A9VJT6Q, STM32U5A9ZJT6Q, STM32U5A9ZJY6QTR, STM32U5F7VIT6, STM32U5F7VIT6Q, STM32U5F7VJT6, STM32U5F7VJT6Q, STM32U5F9BJY6QTR, STM32U5F9NJH6Q, STM32U5F9VIT6Q, STM32U5F9VJT6Q, STM32U5F9ZIJ6QTR, STM32U5F9ZIT6Q, STM32U5F9ZJJ6QTR, STM32U5F9ZJT6Q, STM32U5G7VJT6, STM32U5G7VJT6Q, STM32U5G9BJY6QTR, STM32U5G9J-DK1, STM32U5G9J-DK2, STM32U5G9NJH6Q, STM32U5G9VJT6Q, STM32U5G9ZJJ6QTR, STM32U5G9ZJT6Q, STM32WB05KZV6TR, STM32WB05KZV7TR, STM32WB05TZF6TR, STM32WB05TZF7TR, STM32WB06CCF6TR, STM32WB06CCF7TR, STM32WB06CCV6TR, STM32WB06CCV7TR, STM32WB06KCV6TR, STM32WB06KCV7TR, STM32WB07CCF6TR, STM32WB07CCF7TR, STM32WB07CCV6TR, STM32WB07CCV7TR, STM32WB07KCV6TR, STM32WB07KCV7TR, STM32WB09KEV6TR, STM32WB09KEV7TR, STM32WB09TEF6TR, STM32WB09TEF7TR, STM32WB1MMCH6, STM32WBA50KGU6, STM32WBA50KGU6TR, STM32WBA52CEU6, STM32WBA52CEU6TR, STM32WBA52CEU7, STM32WBA52CEU7TR, STM32WBA52CGU6, STM32WBA52CGU6TR, STM32WBA52CGU6U, STM32WBA52CGU7, STM32WBA52CGU7TR, STM32WBA52KEU6, STM32WBA52KEU6TR, STM32WBA52KGU6, STM32WBA52KGU6TR, STM32WBA54CEU6, STM32WBA54CEU6TR, STM32WBA54CEU7, STM32WBA54CEU7TR, STM32WBA54CGU6, STM32WBA54CGU6TR, STM32WBA54CGU7, STM32WBA54CGU7TR, STM32WBA54KEU6, STM32WBA54KEU6TR, STM32WBA54KEU7, STM32WBA54KEU7TR, STM32WBA54KGU6, STM32WBA54KGU6TR, STM32WBA54KGU7, STM32WBA54KGU7TR, STM32WBA55CEU6, STM32WBA55CEU6TR, STM32WBA55CEU7, STM32WBA55CEU7TR, STM32WBA55CGU6, STM32WBA55CGU6TR, STM32WBA55CGU6U, STM32WBA55CGU7, STM32WBA55CGU7TR, STM32WBA55G-DK1, STM32WBA55HEF6, STM32WBA55HEF7, STM32WBA55HGF6, STM32WBA55HGF7, STM32WBA55UEI6, STM32WBA55UEI6TR, STM32WBA55UEI7, STM32WBA55UEI7TR, STM32WBA55UGI6, STM32WBA55UGI6TR, STM32WBA55UGI7, STM32WBA55UGI7TR, STM32WBA5MJGH6TR, STM32WBA62CGU6, STM32WBA62CIU6, STM32WBA62MGF6, STM32WBA62MIF6, STM32WBA62PGI6, STM32WBA62PII6, STM32WBA63CGU6, STM32WBA63CGU7, STM32WBA63CIU6, STM32WBA63CIU7, STM32WBA64CGU6, STM32WBA64CGU7, STM32WBA64CIU6, STM32WBA64CIU7, STM32WBA65CGU6, STM32WBA65CGU7, STM32WBA65CIU6, STM32WBA65CIU7, STM32WBA65I-DK1, STM32WBA65MGF6, STM32WBA65MGF7, STM32WBA65MIF6, STM32WBA65MIF7, STM32WBA65PGI6, STM32WBA65PGI7, STM32WBA65PII6, STM32WBA65PII7, STM32WBA65RGV6, STM32WBA65RGV7, STM32WBA65RIV6, STM32WBA65RIV7, STM32WL30K8V6, STM32WL30KBV6, STM32WL31C8V6, STM32WL31CBV6, STM32WL31K8V6, STM32WL31KBV6, STM32WL33C8V6, STM32WL33C8V6TR, STM32WL33C8V7, STM32WL33C8V7TR, STM32WL33CBV6, STM32WL33CBV6TR, STM32WL33CBV7, STM32WL33CBV7TR, STM32WL33CCV6, STM32WL33CCV6TR, STM32WL33CCV7, STM32WL33CCV7A, STM32WL33CCV7ATR, STM32WL33CCV7TR, STM32WL33K8V6, STM32WL33K8V6TR, STM32WL33K8V7, STM32WL33K8V7TR, STM32WL33KBV6, STM32WL33KBV6TR, STM32WL33KBV7, STM32WL33KBV7TR, STM32WL33KCV6, STM32WL33KCV6TR, STM32WL33KCV7, STM32WL33KCV7TR, STM32WL5MOCH6, STM32WL5MOCH6TR]
2026-08-18 20:09:12,842 [INFO] DbMcus:218 - Found 5246 MCUs, 5093 are supported
2026-08-18 20:09:12,843 [INFO] ApiDb:423 - Load user favorites file /home/thuy/.stm32cubeide/favorites.mcus.txt: 0 item(s)
2026-08-18 20:09:12,843 [INFO] ApiDb:427 - User favorites MCUs=[]
2026-08-18 20:09:12,843 [INFO] DbMcus:224 - Set 0 / 0 favorites MCUs
2026-08-18 20:09:14,010 [INFO] BoardInfo:889 - No configuration file found for board NUCLEO-H5E5ZJ
2026-08-18 20:09:14,011 [INFO] DbBoards:161 - Board is not supported: NUCLEO-H5E5ZJ
2026-08-18 20:09:14,074 [INFO] BoardInfo:889 - No configuration file found for board NUCLEO-U3C5ZI-Q
2026-08-18 20:09:14,075 [INFO] DbBoards:161 - Board is not supported: NUCLEO-U3C5ZI-Q
2026-08-18 20:09:14,091 [INFO] BoardInfo:889 - No configuration file found for board NUCLEO-WBA25CE1
2026-08-18 20:09:14,092 [INFO] DbBoards:161 - Board is not supported: NUCLEO-WBA25CE1
2026-08-18 20:09:14,102 [INFO] BoardInfo:889 - No configuration file found for board NUCLEO-WL3RKB1
2026-08-18 20:09:14,103 [INFO] DbBoards:161 - Board is not supported: NUCLEO-WL3RKB1
2026-08-18 20:09:14,105 [INFO] BoardInfo:889 - No configuration file found for board NUCLEO-WL3RKB2
2026-08-18 20:09:14,105 [INFO] DbBoards:161 - Board is not supported: NUCLEO-WL3RKB2
2026-08-18 20:09:14,114 [INFO] BoardInfo:889 - No configuration file found for board P-NUCLEO-WB55
2026-08-18 20:09:14,115 [INFO] DbBoards:161 - Kit is not supported: P-NUCLEO-WB55
2026-08-18 20:09:14,122 [INFO] BoardInfo:889 - No configuration file found for board STEVAL-BFA001V1B
2026-08-18 20:09:14,123 [INFO] DbBoards:161 - Kit is not supported: STEVAL-BFA001V1B
2026-08-18 20:09:14,125 [INFO] BoardInfo:889 - No configuration file found for board STEVAL-BFA001V2B
2026-08-18 20:09:14,125 [INFO] DbBoards:161 - Kit is not supported: STEVAL-BFA001V2B
2026-08-18 20:09:14,242 [INFO] BoardInfo:889 - No configuration file found for board STM32H5F5J-DK
2026-08-18 20:09:14,242 [INFO] DbBoards:161 - Board is not supported: STM32H5F5J-DK
2026-08-18 20:09:14,303 [INFO] BoardInfo:889 - No configuration file found for board STM32MP215F-DK
2026-08-18 20:09:14,303 [INFO] DbBoards:161 - Board is not supported: STM32MP215F-DK
2026-08-18 20:09:14,325 [INFO] DbBoards:168 - Found 218 boards, 208 are supported
2026-08-18 20:09:14,326 [INFO] DbBoards:169 - Found 218 boards, 43 of them is supported for  Bsp
2026-08-18 20:09:14,331 [INFO] ApiDb:423 - Load user favorites file /home/thuy/.stm32cubeide/favorites.boards.txt: 0 item(s)
2026-08-18 20:09:14,332 [INFO] ApiDb:427 - User favorites Boards=[]
2026-08-18 20:09:14,332 [INFO] DbBoards:198 - Set 0 / 0 favorites Boards
2026-08-18 20:09:14,390 [INFO] UtilMem:75 - End LoadConfig() Used Memory: 387660216 Bytes (730857472)
2026-08-18 20:09:14,613 [WARN] ThirdParty:833 - waiting for thirdparty lock release [change project]
2026-08-18 20:09:14,614 [INFO] ThirdParty:835 - entering critical section [change project]
2026-08-18 20:09:14,614 [INFO] ThirdParty:1030 - CMSIS Pack Vendor :STMicroelectronics X-CUBE-AZRTOS-H7 3.5.0
2026-08-18 20:09:14,614 [INFO] ThirdParty:1030 - CMSIS Pack Vendor :STMicroelectronics X-CUBE-PM33A1 1.0.0
2026-08-18 20:09:14,614 [INFO] ThirdParty:1030 - CMSIS Pack Vendor :STMicroelectronics USBPD 4.1
2026-08-18 20:09:14,619 [INFO] ThirdParty:1030 - CMSIS Pack Vendor :STMicroelectronics X-CUBE-NFC9 1.0.0
2026-08-18 20:09:14,619 [INFO] ThirdParty:1030 - CMSIS Pack Vendor :STMicroelectronics USB_HOST 2.0.0
2026-08-18 20:09:14,619 [INFO] ThirdParty:1030 - CMSIS Pack Vendor :STMicroelectronics FP-ATR-ASTRA1 2.0.3
2026-08-18 20:09:14,619 [INFO] ThirdParty:1030 - CMSIS Pack Vendor :STMicroelectronics X-CUBE-AZRTOS-F4 1.1.0
2026-08-18 20:09:14,619 [INFO] ThirdParty:1030 - CMSIS Pack Vendor :STMicroelectronics LIBJPEG 8.0.0
2026-08-18 20:09:14,619 [INFO] ThirdParty:1030 - CMSIS Pack Vendor :STMicroelectronics FP-ATR-ASTRA1 2.0.2
2026-08-18 20:09:14,619 [INFO] ThirdParty:1030 - CMSIS Pack Vendor :STMicroelectronics X-CUBE-BLE1 7.1.0
2026-08-18 20:09:14,619 [INFO] ThirdParty:1030 - CMSIS Pack Vendor :wolfSSL I-CUBE-wolfMQTT 1.19.2
2026-08-18 20:09:14,620 [INFO] ThirdParty:1030 - CMSIS Pack Vendor :STMicroelectronics USB_DEVICE 3.0.0
2026-08-18 20:09:14,620 [INFO] ThirdParty:1030 - CMSIS Pack Vendor :STMicroelectronics X-CUBE-ISPU 2.1.0
2026-08-18 20:09:14,620 [INFO] ThirdParty:1030 - CMSIS Pack Vendor :STMicroelectronics X-CUBE-EEPRMA1 5.2.0
2026-08-18 20:09:14,620 [INFO] ThirdParty:1030 - CMSIS Pack Vendor :STMicroelectronics eDS-WB_DPC_TT-BIDIR 2.1.1
2026-08-18 20:09:14,620 [INFO] ThirdParty:1030 - CMSIS Pack Vendor :STMicroelectronics X-CUBE-AZRTOS-WB 2.0.0
2026-08-18 20:09:14,620 [INFO] ThirdParty:1030 - CMSIS Pack Vendor :STMicroelectronics X-CUBE-NFC12 1.0.0
2026-08-18 20:09:14,620 [INFO] ThirdParty:1030 - CMSIS Pack Vendor :STMicroelectronics X-CUBE-AZRTOS-F7 1.1.0
2026-08-18 20:09:14,620 [INFO] ThirdParty:1030 - CMSIS Pack Vendor :STMicroelectronics X-CUBE-AZRTOS-L5 2.0.0
2026-08-18 20:09:14,620 [INFO] ThirdParty:1030 - CMSIS Pack Vendor :STMicroelectronics USB_DEVICE 2.0.0
2026-08-18 20:09:14,620 [INFO] ThirdParty:1030 - CMSIS Pack Vendor :quantropi X-CUBE-qispace-sdk-base 2.1.0
2026-08-18 20:09:14,620 [INFO] ThirdParty:1030 - CMSIS Pack Vendor :STMicroelectronics X-CUBE-STSE01 2.0.0
2026-08-18 20:09:14,620 [INFO] ThirdParty:1030 - CMSIS Pack Vendor :STMicroelectronics X-CUBE-ALGOBUILD 1.5.0
2026-08-18 20:09:14,620 [INFO] ThirdParty:1030 - CMSIS Pack Vendor :STMicroelectronics FreeRTOS 0.0.1
2026-08-18 20:09:14,620 [INFO] ThirdParty:1030 - CMSIS Pack Vendor :STMicroelectronics X-CUBE-AZRTOS-H7RS 1.3.0
2026-08-18 20:09:14,621 [INFO] ThirdParty:1030 - CMSIS Pack Vendor :STMicroelectronics X-CUBE-AZRTOS-G0 1.1.0
2026-08-18 20:09:14,621 [INFO] ThirdParty:1030 - CMSIS Pack Vendor :STMicroelectronics X-CUBE-NFC4 3.0.0
2026-08-18 20:09:14,621 [INFO] ThirdParty:1030 - CMSIS Pack Vendor :STMicroelectronics X-CUBE-SUBG2 5.0.0
2026-08-18 20:09:14,621 [INFO] ThirdParty:1030 - CMSIS Pack Vendor :STMicroelectronics STM32_WPAN 1.0.0
2026-08-18 20:09:14,621 [INFO] ThirdParty:1030 - CMSIS Pack Vendor :STMicroelectronics eDS-WB_DPC_VIENNA 1.2.0
2026-08-18 20:09:14,621 [INFO] ThirdParty:1030 - CMSIS Pack Vendor :EmbeddedOffice I-CUBE-FS-RTOS 1.0.1
2026-08-18 20:09:14,621 [INFO] ThirdParty:1030 - CMSIS Pack Vendor :STMicroelectronics lwIP 2.0.3
2026-08-18 20:09:14,621 [INFO] ThirdParty:1030 - CMSIS Pack Vendor :STMicroelectronics X-CUBE-MEMS1 13.0.0
2026-08-18 20:09:14,621 [INFO] ThirdParty:1030 - CMSIS Pack Vendor :STMicroelectronics eDS-WB_DPC_3PH2L-BIDIR 1.1.1
2026-08-18 20:09:14,621 [INFO] ThirdParty:1030 - CMSIS Pack Vendor :STMicroelectronics USB_HOST 1.0.0
2026-08-18 20:09:14,621 [INFO] ThirdParty:1030 - CMSIS Pack Vendor :STMicroelectronics X-CUBE-AZRTOS-G4 2.0.0
2026-08-18 20:09:14,621 [INFO] ThirdParty:1030 - CMSIS Pack Vendor :STMicroelectronics PDM2PCM 3.1.0
2026-08-18 20:09:14,621 [INFO] ThirdParty:1030 - CMSIS Pack Vendor :STMicroelectronics PDM2PCM 3.3.0
2026-08-18 20:09:14,621 [INFO] ThirdParty:1030 - CMSIS Pack Vendor :wolfSSL I-CUBE-wolfTPM 3.8.0
2026-08-18 20:09:14,621 [INFO] ThirdParty:1030 - CMSIS Pack Vendor :STMicroelectronics X-CUBE-DISPLAY 3.0.0
2026-08-18 20:09:14,622 [INFO] ThirdParty:1030 - CMSIS Pack Vendor :wolfSSL I-CUBE-wolfSSH 1.4.20
2026-08-18 20:09:14,622 [INFO] ThirdParty:1030 - CMSIS Pack Vendor :STMicroelectronics X-CUBE-NFC7 2.0.0
2026-08-18 20:09:14,622 [INFO] ThirdParty:1030 - CMSIS Pack Vendor :STMicroelectronics X-CUBE-GNSS1 7.1.1
2026-08-18 20:09:14,622 [INFO] ThirdParty:1030 - CMSIS Pack Vendor :STMicroelectronics X-CUBE-TCPP 4.2.0
2026-08-18 20:09:14,622 [INFO] ThirdParty:1030 - CMSIS Pack Vendor :RealThread X-CUBE-RT-Thread_Nano 4.1.1
2026-08-18 20:09:14,622 [INFO] ThirdParty:1030 - CMSIS Pack Vendor :wolfSSL I-CUBE-wolfSSL 5.9.1
2026-08-18 20:09:14,622 [INFO] ThirdParty:1030 - CMSIS Pack Vendor :STMicroelectronics FP-ATR-SIGFOX1 3.2.0
2026-08-18 20:09:14,622 [INFO] ThirdParty:1030 - CMSIS Pack Vendor :STMicroelectronics X-CUBE-NFC10 1.0.0
2026-08-18 20:09:14,622 [INFO] ThirdParty:1030 - CMSIS Pack Vendor :STMicroelectronics HAL Drivers 0.0.0
2026-08-18 20:09:14,622 [INFO] ThirdParty:1030 - CMSIS Pack Vendor :STMicroelectronics MBEDTLS 2.16.2
2026-08-18 20:09:14,622 [INFO] ThirdParty:1030 - CMSIS Pack Vendor :STMicroelectronics X-CUBE-ST60 1.1.0
2026-08-18 20:09:14,622 [INFO] ThirdParty:1030 - CMSIS Pack Vendor :STMicroelectronics X-CUBE-ALS 1.0.2
2026-08-18 20:09:14,622 [INFO] ThirdParty:1030 - CMSIS Pack Vendor :emotas I-CUBE-CANOPEN 1.3.0
2026-08-18 20:09:14,622 [INFO] ThirdParty:1030 - CMSIS Pack Vendor :STMicroelectronics MBEDTLS 2.14.1
2026-08-18 20:09:14,622 [INFO] ThirdParty:1030 - CMSIS Pack Vendor :ITTIA_DB I-CUBE-ITTIADB 8.9.0
2026-08-18 20:09:14,623 [INFO] ThirdParty:1030 - CMSIS Pack Vendor :Cesanta I-CUBE-Mongoose 7.21.7
2026-08-18 20:09:14,623 [INFO] ThirdParty:1030 - CMSIS Pack Vendor :STMicroelectronics X-CUBE-TOUCHGFX 4.26.1
2026-08-18 20:09:14,623 [INFO] ThirdParty:1030 - CMSIS Pack Vendor :STMicroelectronics X-CUBE-NFC6 3.2.0
2026-08-18 20:09:14,623 [INFO] ThirdParty:1030 - CMSIS Pack Vendor :STMicroelectronics X-CUBE-AI 10.2.1
2026-08-18 20:09:14,623 [INFO] ThirdParty:1030 - CMSIS Pack Vendor :STMicroelectronics ThreadX 1.0.0
2026-08-18 20:09:14,623 [INFO] ThirdParty:1030 - CMSIS Pack Vendor :STMicroelectronics FP-SNS-SMARTAG2 1.2.0
2026-08-18 20:09:14,623 [INFO] ThirdParty:1030 - CMSIS Pack Vendor :STMicroelectronics X-CUBE-MEMS1 12.1.0
2026-08-18 20:09:14,623 [INFO] ThirdParty:1030 - CMSIS Pack Vendor :STMicroelectronics FP-SNS-FLIGHT1 5.1.0
2026-08-18 20:09:14,623 [INFO] ThirdParty:1030 - CMSIS Pack Vendor :STMicroelectronics X-CUBE-AZRTOS-WL 2.0.0
2026-08-18 20:09:14,623 [INFO] ThirdParty:1030 - CMSIS Pack Vendor :SEGGER I-CUBE-embOS 1.3.1
2026-08-18 20:09:14,623 [INFO] ThirdParty:1030 - CMSIS Pack Vendor :STMicroelectronics X-CUBE-DPower 1.3.0
2026-08-18 20:09:14,623 [INFO] ThirdParty:1030 - CMSIS Pack Vendor :STMicroelectronics USB_DEVICE 1.0.0
2026-08-18 20:09:14,624 [INFO] ThirdParty:1030 - CMSIS Pack Vendor :STMicroelectronics X-CUBE-AZRTOS-L4 2.0.0
2026-08-18 20:09:14,624 [INFO] ThirdParty:1030 - CMSIS Pack Vendor :STMicroelectronics ThreadX 0.0.2
2026-08-18 20:09:14,624 [INFO] ThirdParty:1030 - CMSIS Pack Vendor :STMicroelectronics lwIP 2.1.2
2026-08-18 20:09:14,624 [INFO] ThirdParty:1030 - CMSIS Pack Vendor :STMicroelectronics X-CUBE-SFXS2LP1 4.0.0
2026-08-18 20:09:14,624 [INFO] ThirdParty:1030 - CMSIS Pack Vendor :STMicroelectronics X-CUBE-BLE2 3.3.0
2026-08-18 20:09:14,625 [INFO] ThirdParty:1030 - CMSIS Pack Vendor :Avnet-IOTCONNECT X-CUBE-iotc-st67-sdk 1.0.0
2026-08-18 20:09:14,625 [INFO] ThirdParty:1030 - CMSIS Pack Vendor :STMicroelectronics X-CUBE-TOF1 3.4.3
2026-08-18 20:09:14,625 [INFO] ThirdParty:1030 - CMSIS Pack Vendor :Infineon AIROC-Wi-Fi-Bluetooth-STM32 1.8.0
2026-08-18 20:09:14,625 [INFO] ThirdParty:1030 - CMSIS Pack Vendor :STMicroelectronics X-CUBE-NFC13 1.0.0
2026-08-18 20:09:14,625 [INFO] ThirdParty:1030 - CMSIS Pack Vendor :STMicroelectronics PDM2PCM 3.2.0
2026-08-18 20:09:14,625 [INFO] ThirdParty:1030 - CMSIS Pack Vendor :STMicroelectronics X-CUBE-WB05N 2.1.0
2026-08-18 20:09:14,625 [INFO] ThirdParty:841 - exiting critical section [change project]
2026-08-18 20:09:15,229 [INFO] PinOutPanel:1589 - setPackage(No Configuration,No Configuration)
2026-08-18 20:09:15,231 [INFO] PinOutPanel:1589 - setPackage(STM32F411CEUx,UFQFPN48)
2026-08-18 20:09:15,847 [INFO] UtilMem:75 - Before build in PCC Used Memory: 239412032 Bytes (730857472)
2026-08-18 20:09:16,683 [INFO] UtilMem:75 - After build in PCC Used Memory: 349732960 Bytes (730857472)
2026-08-18 20:09:16,740 [INFO] IPUIPlugin:80 - create IPUIPlugin
2026-08-18 20:09:16,740 [INFO] IPUIPlugin:80 - create IPUIPlugin
2026-08-18 20:09:16,741 [INFO] IPUIPlugin:80 - create IPUIPlugin
2026-08-18 20:09:16,741 [INFO] IPUIPlugin:80 - create IPUIPlugin
2026-08-18 20:09:16,741 [INFO] IPUIPlugin:80 - create IPUIPlugin
2026-08-18 20:09:16,741 [INFO] IPUIPlugin:80 - create IPUIPlugin
2026-08-18 20:09:16,741 [INFO] IPUIPlugin:80 - create IPUIPlugin
2026-08-18 20:09:16,741 [INFO] IPUIPlugin:80 - create IPUIPlugin
2026-08-18 20:09:16,742 [INFO] IPUIPlugin:80 - create IPUIPlugin
2026-08-18 20:09:16,742 [INFO] IPUIPlugin:80 - create IPUIPlugin
2026-08-18 20:09:16,742 [INFO] IPUIPlugin:80 - create IPUIPlugin
2026-08-18 20:09:16,742 [INFO] IPUIPlugin:80 - create IPUIPlugin
2026-08-18 20:09:16,742 [INFO] IPUIPlugin:80 - create IPUIPlugin
2026-08-18 20:09:16,742 [INFO] IPUIPlugin:80 - create IPUIPlugin
2026-08-18 20:09:16,742 [INFO] IPUIPlugin:80 - create IPUIPlugin
2026-08-18 20:09:16,743 [INFO] IPUIPlugin:80 - create IPUIPlugin
2026-08-18 20:09:16,743 [INFO] IPUIPlugin:80 - create IPUIPlugin
2026-08-18 20:09:16,743 [INFO] IPUIPlugin:80 - create IPUIPlugin
2026-08-18 20:09:16,743 [INFO] IPUIPlugin:80 - create IPUIPlugin
2026-08-18 20:09:16,744 [INFO] IPUIPlugin:80 - create IPUIPlugin
2026-08-18 20:09:16,744 [INFO] IPUIPlugin:80 - create IPUIPlugin
2026-08-18 20:09:16,744 [INFO] IPUIPlugin:80 - create IPUIPlugin
2026-08-18 20:09:16,744 [INFO] IPUIPlugin:80 - create IPUIPlugin
2026-08-18 20:09:16,745 [INFO] IPUIPlugin:80 - create IPUIPlugin
2026-08-18 20:09:16,745 [INFO] IPUIPlugin:80 - create IPUIPlugin
2026-08-18 20:09:16,745 [INFO] IPUIPlugin:80 - create IPUIPlugin
2026-08-18 20:09:16,745 [INFO] IPUIPlugin:80 - create IPUIPlugin
2026-08-18 20:09:16,746 [INFO] IPUIPlugin:80 - create IPUIPlugin
2026-08-18 20:09:16,746 [INFO] IPUIPlugin:80 - create IPUIPlugin
2026-08-18 20:09:16,746 [INFO] IPUIPlugin:80 - create IPUIPlugin
2026-08-18 20:09:16,747 [INFO] IPUIPlugin:80 - create IPUIPlugin
2026-08-18 20:09:16,747 [INFO] IPUIPlugin:80 - create IPUIPlugin
2026-08-18 20:09:16,747 [INFO] IPUIPlugin:80 - create IPUIPlugin
2026-08-18 20:09:16,748 [INFO] IPUIPlugin:80 - create IPUIPlugin
2026-08-18 20:09:16,748 [INFO] IPUIPlugin:80 - create IPUIPlugin
2026-08-18 20:09:16,748 [INFO] IPUIPlugin:80 - create IPUIPlugin
2026-08-18 20:09:16,749 [INFO] IPUIPlugin:80 - create IPUIPlugin
2026-08-18 20:09:16,749 [INFO] IPUIPlugin:80 - create IPUIPlugin
2026-08-18 20:09:16,749 [INFO] IPUIPlugin:80 - create IPUIPlugin
2026-08-18 20:09:16,750 [INFO] IPUIPlugin:80 - create IPUIPlugin
2026-08-18 20:09:16,750 [INFO] IPUIPlugin:80 - create IPUIPlugin
2026-08-18 20:09:16,751 [INFO] IPUIPlugin:80 - create IPUIPlugin
2026-08-18 20:09:16,751 [INFO] IPUIPlugin:80 - create IPUIPlugin
2026-08-18 20:09:16,800 [INFO] ApiDbMcu:508 - Load IP Config File for PDM2PCM
2026-08-18 20:09:16,813 [WARN] IP:2250 - I2C_Coeff_DF not found: check if there is a RefParameter without a condition.
2026-08-18 20:09:16,813 [WARN] IP:2250 - Analog_Filter not found: check if there is a RefParameter without a condition.
2026-08-18 20:09:17,079 [INFO] CADModel:165 - CPN selected for project levelSTM32F411CEU6
2026-08-18 20:09:17,080 [INFO] CADModel:114 - Register for checkConnection events
2026-08-18 20:09:17,122 [INFO] OpenFileManager:385 - Restore cursor
2026-08-18 20:09:17,495 [WARN] IP:2250 - I2C_Coeff_DF not found: check if there is a RefParameter without a condition.
2026-08-18 20:09:17,495 [WARN] IP:2250 - Analog_Filter not found: check if there is a RefParameter without a condition.
2026-08-18 20:09:17,496 [WARN] IP:2250 - I2C_Coeff_DF not found: check if there is a RefParameter without a condition.
2026-08-18 20:09:17,496 [WARN] IP:2250 - Analog_Filter not found: check if there is a RefParameter without a condition.
2026-08-18 20:09:28,289 [ERROR] LogOutputStream:75 - [STDERR_REDIRECT] Aug 18, 2026 8:09:28 PM java.util.prefs.FileSystemPreferences checkLockFile0ErrorCode
2026-08-18 20:09:28,289 [ERROR] LogOutputStream:75 - [STDERR_REDIRECT] WARNING: Could not lock System prefs. Unix error code 2.
2026-08-18 20:09:28,290 [ERROR] LogOutputStream:75 - [STDERR_REDIRECT] 
2026-08-18 20:09:28,291 [ERROR] LogOutputStream:75 - [STDERR_REDIRECT] Aug 18, 2026 8:09:28 PM java.util.prefs.FileSystemPreferences syncWorld
2026-08-18 20:09:28,291 [ERROR] LogOutputStream:75 - [STDERR_REDIRECT] WARNING: Couldn't flush system prefs: java.util.prefs.BackingStoreException: Couldn't get file lock.
2026-08-18 20:09:28,291 [ERROR] LogOutputStream:75 - [STDERR_REDIRECT] 
2026-08-18 20:09:58,286 [ERROR] LogOutputStream:75 - [STDERR_REDIRECT] Aug 18, 2026 8:09:58 PM java.util.prefs.FileSystemPreferences checkLockFile0ErrorCode
2026-08-18 20:09:58,286 [ERROR] LogOutputStream:75 - [STDERR_REDIRECT] WARNING: Could not lock System prefs. Unix error code 2.
2026-08-18 20:09:58,286 [ERROR] LogOutputStream:75 - [STDERR_REDIRECT] 
2026-08-18 20:09:58,287 [ERROR] LogOutputStream:75 - [STDERR_REDIRECT] Aug 18, 2026 8:09:58 PM java.util.prefs.FileSystemPreferences syncWorld
2026-08-18 20:09:58,287 [ERROR] LogOutputStream:75 - [STDERR_REDIRECT] WARNING: Couldn't flush system prefs: java.util.prefs.BackingStoreException: Couldn't get file lock.
2026-08-18 20:09:58,287 [ERROR] LogOutputStream:75 - [STDERR_REDIRECT] 
2026-08-18 20:10:28,286 [ERROR] LogOutputStream:75 - [STDERR_REDIRECT] Aug 18, 2026 8:10:28 PM java.util.prefs.FileSystemPreferences checkLockFile0ErrorCode
2026-08-18 20:10:28,286 [ERROR] LogOutputStream:75 - [STDERR_REDIRECT] WARNING: Could not lock System prefs. Unix error code 2.
2026-08-18 20:10:28,286 [ERROR] LogOutputStream:75 - [STDERR_REDIRECT] 
2026-08-18 20:10:28,287 [ERROR] LogOutputStream:75 - [STDERR_REDIRECT] Aug 18, 2026 8:10:28 PM java.util.prefs.FileSystemPreferences syncWorld
2026-08-18 20:10:28,287 [ERROR] LogOutputStream:75 - [STDERR_REDIRECT] WARNING: Couldn't flush system prefs: java.util.prefs.BackingStoreException: Couldn't get file lock.
2026-08-18 20:10:28,287 [ERROR] LogOutputStream:75 - [STDERR_REDIRECT] 
2026-08-18 20:10:58,286 [ERROR] LogOutputStream:75 - [STDERR_REDIRECT] Aug 18, 2026 8:10:58 PM java.util.prefs.FileSystemPreferences checkLockFile0ErrorCode
2026-08-18 20:10:58,286 [ERROR] LogOutputStream:75 - [STDERR_REDIRECT] WARNING: Could not lock System prefs. Unix error code 2.
2026-08-18 20:10:58,286 [ERROR] LogOutputStream:75 - [STDERR_REDIRECT] 
2026-08-18 20:10:58,287 [ERROR] LogOutputStream:75 - [STDERR_REDIRECT] Aug 18, 2026 8:10:58 PM java.util.prefs.FileSystemPreferences syncWorld
2026-08-18 20:10:58,287 [ERROR] LogOutputStream:75 - [STDERR_REDIRECT] WARNING: Couldn't flush system prefs: java.util.prefs.BackingStoreException: Couldn't get file lock.
2026-08-18 20:10:58,287 [ERROR] LogOutputStream:75 - [STDERR_REDIRECT] 
2026-08-18 20:11:26,360 [ERROR] ConfigurationRetriever:142 - IOException on connection: Connect timed out
2026-08-18 20:11:28,287 [ERROR] LogOutputStream:75 - [STDERR_REDIRECT] Aug 18, 2026 8:11:28 PM java.util.prefs.FileSystemPreferences checkLockFile0ErrorCode
2026-08-18 20:11:28,292 [ERROR] LogOutputStream:75 - [STDERR_REDIRECT] WARNING: Could not lock System prefs. Unix error code 2.
2026-08-18 20:11:28,292 [ERROR] LogOutputStream:75 - [STDERR_REDIRECT] 
2026-08-18 20:11:28,293 [ERROR] LogOutputStream:75 - [STDERR_REDIRECT] Aug 18, 2026 8:11:28 PM java.util.prefs.FileSystemPreferences syncWorld
2026-08-18 20:11:28,293 [ERROR] LogOutputStream:75 - [STDERR_REDIRECT] WARNING: Couldn't flush system prefs: java.util.prefs.BackingStoreException: Couldn't get file lock.
2026-08-18 20:11:28,294 [ERROR] LogOutputStream:75 - [STDERR_REDIRECT] 
2026-08-18 20:11:58,294 [ERROR] LogOutputStream:75 - [STDERR_REDIRECT] Aug 18, 2026 8:11:58 PM java.util.prefs.FileSystemPreferences checkLockFile0ErrorCode
2026-08-18 20:11:58,295 [ERROR] LogOutputStream:75 - [STDERR_REDIRECT] WARNING: Could not lock System prefs. Unix error code 2.
2026-08-18 20:11:58,295 [ERROR] LogOutputStream:75 - [STDERR_REDIRECT] 
2026-08-18 20:11:58,295 [ERROR] LogOutputStream:75 - [STDERR_REDIRECT] Aug 18, 2026 8:11:58 PM java.util.prefs.FileSystemPreferences syncWorld
2026-08-18 20:11:58,296 [ERROR] LogOutputStream:75 - [STDERR_REDIRECT] WARNING: Couldn't flush system prefs: java.util.prefs.BackingStoreException: Couldn't get file lock.
2026-08-18 20:11:58,296 [ERROR] LogOutputStream:75 - [STDERR_REDIRECT] 
2026-08-18 20:12:07,931 [ERROR] LogOutputStream:75 - [STDERR_REDIRECT] 
2026-08-18 20:12:07,932 [ERROR] LogOutputStream:75 - [STDERR_REDIRECT] 
2026-08-18 20:12:21,382 [INFO] Activator:176 - 


2026-08-18 20:12:21,385 [INFO] Activator:177 - !SESSION log4j initialized
2026-08-18 20:12:27,641 [INFO] LogOutputStream:77 - [STDOUT_REDIRECT] 
2026-08-18 20:12:28,634 [INFO] ApplicationProperties:184 - Using Application install path: /opt/st/stm32cubeide_1.18.0/plugins/com.st.stm32cube.common.mx_6.14.0.202502271554
2026-08-18 20:12:28,661 [INFO] DbMcusXml:78 - Set database path to: /opt/st/stm32cubeide_1.18.0/plugins/com.st.stm32cube.common.mx_6.14.0.202502271554//db//mcu/
2026-08-18 20:12:28,662 [INFO] ApiDb:274 - Set plugin database path to: /opt/st/stm32cubeide_1.18.0/plugins/com.st.stm32cube.common.mx_6.14.0.202502271554//db//plugins/boardmanager/
2026-08-18 20:12:28,662 [WARN] ApiDb:259 - Overriding images path with different value:  => /opt/st/stm32cubeide_1.18.0/plugins/com.st.stm32cube.common.mx_6.14.0.202502271554//db//plugins/mcufinder/images/
2026-08-18 20:12:28,669 [INFO] ApiDb:250 - Set database path to: /home/thuy/.stmcufinder/plugins/mcufinder//mcu/
2026-08-18 20:12:28,672 [INFO] DbMcusAds:125 - Set database path to: /home/thuy/.stmcufinder/plugins/mcufinder//mcu/
2026-08-18 20:12:28,675 [INFO] CrossReferenceDbSqlite:203 - Set database path to: /home/thuy/.stmcufinder/plugins/mcufinder//mcu/cs/
2026-08-18 20:12:28,930 [INFO] RulesReader:64 - Compatibility file has been processed (301 Rules)
2026-08-18 20:12:29,047 [INFO] DbMcusXml:78 - Set database path to: /opt/st/stm32cubeide_1.18.0/plugins/com.st.stm32cube.common.mx_6.14.0.202502271554//db//mcu/
2026-08-18 20:12:29,048 [INFO] ApiDb:274 - Set plugin database path to: /opt/st/stm32cubeide_1.18.0/plugins/com.st.stm32cube.common.mx_6.14.0.202502271554//db//plugins/boardmanager/
2026-08-18 20:12:29,048 [INFO] ApiDb:261 - Set plugin images path to: /opt/st/stm32cubeide_1.18.0/plugins/com.st.stm32cube.common.mx_6.14.0.202502271554//db//plugins/mcufinder/images/
2026-08-18 20:12:29,048 [WARN] DbFile:41 - Overriding database path with different value: /home/thuy/.stmcufinder/plugins/mcufinder/ => /home/thuy/.stmcufinder/plugins/mcufinder
2026-08-18 20:12:29,048 [INFO] ApiDb:250 - Set database path to: /home/thuy/.stmcufinder/plugins/mcufinder//mcu/
2026-08-18 20:12:29,049 [WARN] DbFile:41 - Overriding database path with different value: /home/thuy/.stmcufinder/plugins/mcufinder/ => /home/thuy/.stmcufinder/plugins/mcufinder
2026-08-18 20:12:29,049 [INFO] DbMcusAds:125 - Set database path to: /home/thuy/.stmcufinder/plugins/mcufinder//mcu/
2026-08-18 20:12:29,049 [WARN] DbFile:41 - Overriding database path with different value: /home/thuy/.stmcufinder/plugins/mcufinder/ => /home/thuy/.stmcufinder/plugins/mcufinder
2026-08-18 20:12:29,049 [WARN] DbFile:41 - Overriding database path with different value: /home/thuy/.stmcufinder/plugins/mcufinder/ => /home/thuy/.stmcufinder/plugins/mcufinder
2026-08-18 20:12:29,049 [INFO] CrossReferenceDbSqlite:203 - Set database path to: /home/thuy/.stmcufinder/plugins/mcufinder//mcu/cs/
2026-08-18 20:12:29,142 [INFO] MainPanel:272 - HeapMemory: 268435456
2026-08-18 20:12:29,348 [INFO] DbMcusXml:78 - Set database path to: /opt/st/stm32cubeide_1.18.0/plugins/com.st.stm32cube.common.mx_6.14.0.202502271554//db//mcu/
2026-08-18 20:12:29,349 [INFO] ApiDb:274 - Set plugin database path to: /opt/st/stm32cubeide_1.18.0/plugins/com.st.stm32cube.common.mx_6.14.0.202502271554//db//plugins/boardmanager/
2026-08-18 20:12:29,349 [INFO] ApiDb:261 - Set plugin images path to: /opt/st/stm32cubeide_1.18.0/plugins/com.st.stm32cube.common.mx_6.14.0.202502271554//db//plugins/mcufinder/images/
2026-08-18 20:12:29,349 [WARN] DbFile:41 - Overriding database path with different value: /home/thuy/.stmcufinder/plugins/mcufinder/ => /home/thuy/.stmcufinder/plugins/mcufinder
2026-08-18 20:12:29,350 [INFO] ApiDb:250 - Set database path to: /home/thuy/.stmcufinder/plugins/mcufinder//mcu/
2026-08-18 20:12:29,350 [WARN] DbFile:41 - Overriding database path with different value: /home/thuy/.stmcufinder/plugins/mcufinder/ => /home/thuy/.stmcufinder/plugins/mcufinder
2026-08-18 20:12:29,350 [INFO] DbMcusAds:125 - Set database path to: /home/thuy/.stmcufinder/plugins/mcufinder//mcu/
2026-08-18 20:12:29,350 [WARN] DbFile:41 - Overriding database path with different value: /home/thuy/.stmcufinder/plugins/mcufinder/ => /home/thuy/.stmcufinder/plugins/mcufinder
2026-08-18 20:12:29,350 [WARN] DbFile:41 - Overriding database path with different value: /home/thuy/.stmcufinder/plugins/mcufinder/ => /home/thuy/.stmcufinder/plugins/mcufinder
2026-08-18 20:12:29,351 [INFO] CrossReferenceDbSqlite:203 - Set database path to: /home/thuy/.stmcufinder/plugins/mcufinder//mcu/cs/
2026-08-18 20:12:29,391 [INFO] ApplicationProperties:184 - Using Application install path: /opt/st/stm32cubeide_1.18.0/plugins/com.st.stm32cube.common.mx_6.14.0.202502271554
2026-08-18 20:12:29,394 [INFO] PluginManage:196 - Search for loadable plugins [exclusion list=, ]
2026-08-18 20:12:29,396 [INFO] PluginManage:310 - Check plugin analytics
2026-08-18 20:12:29,650 [INFO] AnalyticsPlugin:253 - Accepted Software Licenses: STM32CubeMX.6.17.0
2026-08-18 20:12:29,651 [INFO] AnalyticsPlugin:255 - Accepted CMSIS Pack Licenses: 
2026-08-18 20:12:29,651 [INFO] AnalyticsPlugin:257 - Accepted Firmware Licenses: FW.F1.1.8.7,FW.F4.1.28.0,FW.F4.1.28.3
2026-08-18 20:12:29,658 [INFO] PluginManage:359 - Loaded plugin analytics (category:tool,tabindex:-1)
2026-08-18 20:12:29,658 [INFO] PluginManage:310 - Check plugin cadmodel
2026-08-18 20:12:29,665 [INFO] CADModel:105 - Init CAD model plugin
2026-08-18 20:12:29,666 [INFO] PluginManage:359 - Loaded plugin cadmodel (category:power,tabindex:5)
2026-08-18 20:12:29,666 [INFO] PluginManage:310 - Check plugin clock
2026-08-18 20:12:29,679 [INFO] PluginManage:359 - Loaded plugin clock (category:base,tabindex:2)
2026-08-18 20:12:29,680 [INFO] PluginManage:310 - Check plugin ddr
2026-08-18 20:12:29,683 [INFO] PluginManage:359 - Loaded plugin ddr (category:tool,tabindex:6)
2026-08-18 20:12:29,683 [INFO] PluginManage:310 - Check plugin filemanager
2026-08-18 20:12:29,919 [INFO] PluginManage:359 - Loaded plugin filemanager (category:base,tabindex:10)
2026-08-18 20:12:29,919 [INFO] PluginManage:310 - Check plugin ipmanager
2026-08-18 20:12:29,928 [INFO] PluginManage:359 - Loaded plugin ipmanager (category:base,tabindex:5)
2026-08-18 20:12:29,928 [INFO] PluginManage:310 - Check plugin lpbam
2026-08-18 20:12:29,943 [INFO] PluginManage:359 - Loaded plugin lpbam (category:base,tabindex:0)
2026-08-18 20:12:29,943 [INFO] PluginManage:310 - Check plugin memorymap
2026-08-18 20:12:29,961 [INFO] PluginManage:359 - Loaded plugin memorymap (category:base,tabindex:4)
2026-08-18 20:12:29,961 [INFO] PluginManage:310 - Check plugin pinoutandconfiguration
2026-08-18 20:12:29,974 [INFO] PluginManage:359 - Loaded plugin pinoutandconfiguration (category:base,tabindex:1)
2026-08-18 20:12:29,974 [INFO] PluginManage:310 - Check plugin pinoutconfig
2026-08-18 20:12:30,114 [WARN] SupportedApi:132 - Cannot load RTOS API schema: s4s-elt-must-match.1: The content of 'definitions' must match (annotation?, (simpleType | complexType)?, (unique | key | keyref)*)). A problem was found starting at: attribute.
2026-08-18 20:12:30,323 [INFO] PluginManage:359 - Loaded plugin pinoutconfig (category:base,tabindex:0)
2026-08-18 20:12:30,323 [INFO] PluginManage:310 - Check plugin power
2026-08-18 20:12:30,337 [INFO] PluginManage:359 - Loaded plugin power (category:power,tabindex:4)
2026-08-18 20:12:30,337 [INFO] PluginManage:310 - Check plugin projectmanager
2026-08-18 20:12:30,365 [INFO] PluginManage:359 - Loaded plugin projectmanager (category:projectmanager,tabindex:4)
2026-08-18 20:12:30,366 [INFO] PluginManage:310 - Check plugin rif
2026-08-18 20:12:30,375 [INFO] PluginManage:359 - Loaded plugin rif (category:base,tabindex:3)
2026-08-18 20:12:30,376 [INFO] PluginManage:310 - Check plugin thirdparty
2026-08-18 20:12:30,587 [INFO] PluginManage:359 - Loaded plugin thirdparty (category:base,tabindex:-1)
2026-08-18 20:12:30,586 [WARN] IntegrityCheckThread:84 - waiting for thirdparty lock release [integrity check]
2026-08-18 20:12:30,587 [INFO] PluginManage:310 - Check plugin tools
2026-08-18 20:12:30,587 [INFO] IntegrityCheckThread:86 - entering critical section [integrity check]
2026-08-18 20:12:30,588 [INFO] ThirdPartyUpdaterWithRetryManager:70 - Updater plugin not ready yet. [1/15]
2026-08-18 20:12:30,590 [INFO] PluginManage:359 - Loaded plugin tools (category:base,tabindex:7)
2026-08-18 20:12:30,591 [INFO] PluginManage:310 - Check plugin tutovideos
2026-08-18 20:12:30,898 [INFO] PluginManage:359 - Loaded plugin tutovideos (category:base,tabindex:-1)
2026-08-18 20:12:30,899 [INFO] PluginManage:310 - Check plugin updater
2026-08-18 20:12:30,936 [INFO] PluginManage:359 - Loaded plugin updater (category:base,tabindex:12)
2026-08-18 20:12:30,937 [INFO] PluginManage:310 - Check plugin userauth
2026-08-18 20:12:30,942 [INFO] UserAuth:118 - Init User Auth plugin
2026-08-18 20:12:30,944 [INFO] PluginManage:359 - Loaded plugin userauth (category:base,tabindex:14)
2026-08-18 20:12:30,945 [INFO] PluginManage:283 - PluginManage : Loaded plugins [18]
2026-08-18 20:12:31,226 [INFO] PinOutPanel:1589 - setPackage(No Configuration,No Configuration)
2026-08-18 20:12:31,337 [INFO] CADModel:165 - CPN selected for project level
2026-08-18 20:12:31,337 [INFO] CADModel:114 - Register for checkConnection events
2026-08-18 20:12:31,356 [INFO] IPUIPlugin:80 - create IPUIPlugin
2026-08-18 20:12:31,357 [INFO] PluginManager:220 - loadIPPluginJar : add freertos
2026-08-18 20:12:31,359 [INFO] IPUIPlugin:80 - create IPUIPlugin
2026-08-18 20:12:31,359 [INFO] PluginManager:220 - loadIPPluginJar : add quadspi
2026-08-18 20:12:31,366 [INFO] IPUIPlugin:80 - create IPUIPlugin
2026-08-18 20:12:31,366 [INFO] PluginManager:220 - loadIPPluginJar : add i2s
2026-08-18 20:12:31,371 [INFO] IPUIPlugin:80 - create IPUIPlugin
2026-08-18 20:12:31,371 [INFO] PluginManager:220 - loadIPPluginJar : add touchsensing
2026-08-18 20:12:31,376 [INFO] IPUIPlugin:80 - create IPUIPlugin
2026-08-18 20:12:31,376 [INFO] PluginManager:220 - loadIPPluginJar : add ipddr
2026-08-18 20:12:31,379 [INFO] IPUIPlugin:80 - create IPUIPlugin
2026-08-18 20:12:31,380 [INFO] PluginManager:220 - loadIPPluginJar : add pdm2pcm
2026-08-18 20:12:31,382 [INFO] IPUIPlugin:80 - create IPUIPlugin
2026-08-18 20:12:31,383 [INFO] PluginManager:220 - loadIPPluginJar : add dfsdm
2026-08-18 20:12:31,394 [INFO] IPUIPlugin:80 - create IPUIPlugin
2026-08-18 20:12:31,394 [INFO] PluginManager:220 - loadIPPluginJar : add stm32_wpan
2026-08-18 20:12:31,398 [INFO] IPUIPlugin:80 - create IPUIPlugin
2026-08-18 20:12:31,399 [INFO] PluginManager:220 - loadIPPluginJar : add nvic
2026-08-18 20:12:31,404 [INFO] IPUIPlugin:80 - create IPUIPlugin
2026-08-18 20:12:31,405 [INFO] PluginManager:220 - loadIPPluginJar : add gpio
2026-08-18 20:12:31,408 [INFO] IPUIPlugin:80 - create IPUIPlugin
2026-08-18 20:12:31,408 [INFO] PluginManager:220 - loadIPPluginJar : add usbx
2026-08-18 20:12:31,412 [INFO] IPUIPlugin:80 - create IPUIPlugin
2026-08-18 20:12:31,412 [INFO] PluginManager:220 - loadIPPluginJar : add sai
2026-08-18 20:12:31,414 [INFO] IPUIPlugin:80 - create IPUIPlugin
2026-08-18 20:12:31,414 [INFO] PluginManager:220 - loadIPPluginJar : add fatfs
2026-08-18 20:12:31,417 [INFO] IPUIPlugin:80 - create IPUIPlugin
2026-08-18 20:12:31,418 [INFO] PluginManager:220 - loadIPPluginJar : add opamp
2026-08-18 20:12:31,420 [INFO] IPUIPlugin:80 - create IPUIPlugin
2026-08-18 20:12:31,420 [INFO] PluginManager:220 - loadIPPluginJar : add spi
2026-08-18 20:12:31,422 [INFO] IPUIPlugin:80 - create IPUIPlugin
2026-08-18 20:12:31,422 [INFO] PluginManager:220 - loadIPPluginJar : add tsc
2026-08-18 20:12:31,426 [INFO] IPUIPlugin:80 - create IPUIPlugin
2026-08-18 20:12:31,426 [INFO] PluginManager:220 - loadIPPluginJar : add resmgrutility
2026-08-18 20:12:31,429 [INFO] IPUIPlugin:80 - create IPUIPlugin
2026-08-18 20:12:31,429 [INFO] PluginManager:220 - loadIPPluginJar : add can
2026-08-18 20:12:31,431 [INFO] IPUIPlugin:80 - create IPUIPlugin
2026-08-18 20:12:31,432 [INFO] PluginManager:220 - loadIPPluginJar : add ts
2026-08-18 20:12:31,439 [INFO] IPUIPlugin:80 - create IPUIPlugin
2026-08-18 20:12:31,443 [INFO] PluginManager:220 - loadIPPluginJar : add plateformsettings
2026-08-18 20:12:31,446 [INFO] IPUIPlugin:80 - create IPUIPlugin
2026-08-18 20:12:31,446 [INFO] PluginManager:220 - loadIPPluginJar : add tracer_emb
2026-08-18 20:12:31,449 [INFO] IPUIPlugin:80 - create IPUIPlugin
2026-08-18 20:12:31,449 [INFO] PluginManager:220 - loadIPPluginJar : add hash
2026-08-18 20:12:31,452 [INFO] IPUIPlugin:80 - create IPUIPlugin
2026-08-18 20:12:31,452 [INFO] PluginManager:220 - loadIPPluginJar : add i2c
2026-08-18 20:12:31,455 [INFO] IPUIPlugin:80 - create IPUIPlugin
2026-08-18 20:12:31,456 [INFO] PluginManager:220 - loadIPPluginJar : add i3c
2026-08-18 20:12:31,464 [INFO] IPUIPlugin:80 - create IPUIPlugin
2026-08-18 20:12:31,464 [INFO] PluginManager:220 - loadIPPluginJar : add adc
2026-08-18 20:12:31,465 [INFO] IPUIPlugin:80 - create IPUIPlugin
2026-08-18 20:12:31,466 [INFO] PluginManager:220 - loadIPPluginJar : add ltdc
2026-08-18 20:12:31,474 [INFO] IPUIPlugin:80 - create IPUIPlugin
2026-08-18 20:12:31,474 [INFO] PluginManager:220 - loadIPPluginJar : add mdma
2026-08-18 20:12:31,477 [INFO] IPUIPlugin:80 - create IPUIPlugin
2026-08-18 20:12:31,477 [INFO] PluginManager:220 - loadIPPluginJar : add aes
2026-08-18 20:12:31,483 [INFO] IPUIPlugin:80 - create IPUIPlugin
2026-08-18 20:12:31,483 [INFO] PluginManager:220 - loadIPPluginJar : add fmc
2026-08-18 20:12:31,485 [INFO] IPUIPlugin:80 - create IPUIPlugin
2026-08-18 20:12:31,486 [INFO] PluginManager:220 - loadIPPluginJar : add radio
2026-08-18 20:12:31,488 [INFO] IPUIPlugin:80 - create IPUIPlugin
2026-08-18 20:12:31,489 [INFO] PluginManager:220 - loadIPPluginJar : add cryp
2026-08-18 20:12:31,492 [INFO] IPUIPlugin:80 - create IPUIPlugin
2026-08-18 20:12:31,492 [INFO] PluginManager:220 - loadIPPluginJar : add openamp
2026-08-18 20:12:31,494 [INFO] IPUIPlugin:80 - create IPUIPlugin
2026-08-18 20:12:31,494 [INFO] PluginManager:220 - loadIPPluginJar : add comp
2026-08-18 20:12:31,496 [INFO] IPUIPlugin:80 - create IPUIPlugin
2026-08-18 20:12:31,496 [INFO] PluginManager:220 - loadIPPluginJar : add gfxmmu
2026-08-18 20:12:31,499 [INFO] IPUIPlugin:80 - create IPUIPlugin
2026-08-18 20:12:31,499 [INFO] PluginManager:220 - loadIPPluginJar : add gtzc
2026-08-18 20:12:31,506 [INFO] IPUIPlugin:80 - create IPUIPlugin
2026-08-18 20:12:31,507 [INFO] PluginManager:220 - loadIPPluginJar : add gic
2026-08-18 20:12:31,510 [INFO] IPUIPlugin:80 - create IPUIPlugin
2026-08-18 20:12:31,510 [INFO] PluginManager:220 - loadIPPluginJar : add lorawan
2026-08-18 20:12:31,513 [INFO] IPUIPlugin:80 - create IPUIPlugin
2026-08-18 20:12:31,513 [INFO] PluginManager:220 - loadIPPluginJar : add usart
2026-08-18 20:12:31,515 [INFO] IPUIPlugin:80 - create IPUIPlugin
2026-08-18 20:12:31,515 [INFO] PluginManager:220 - loadIPPluginJar : add tim
2026-08-18 20:12:31,518 [INFO] IPUIPlugin:80 - create IPUIPlugin
2026-08-18 20:12:31,519 [INFO] PluginManager:220 - loadIPPluginJar : add ddr_ctrl_phy
2026-08-18 20:12:31,522 [INFO] IPUIPlugin:80 - create IPUIPlugin
2026-08-18 20:12:31,523 [INFO] PluginManager:220 - loadIPPluginJar : add extmemmanager
2026-08-18 20:12:31,525 [INFO] IPUIPlugin:80 - create IPUIPlugin
2026-08-18 20:12:31,526 [INFO] PluginManager:220 - loadIPPluginJar : add dma3
2026-08-18 20:12:31,528 [INFO] IPUIPlugin:80 - create IPUIPlugin
2026-08-18 20:12:31,528 [INFO] PluginManager:220 - loadIPPluginJar : add ucpd
2026-08-18 20:12:31,536 [INFO] IPUIPlugin:80 - create IPUIPlugin
2026-08-18 20:12:31,536 [INFO] PluginManager:220 - loadIPPluginJar : add dma
2026-08-18 20:12:31,538 [INFO] IPUIPlugin:80 - create IPUIPlugin
2026-08-18 20:12:31,538 [INFO] PluginManager:220 - loadIPPluginJar : add genericplugin
2026-08-18 20:12:31,549 [INFO] IPUIPlugin:80 - create IPUIPlugin
2026-08-18 20:12:31,549 [INFO] PluginManager:220 - loadIPPluginJar : add linkedlist
2026-08-18 20:12:31,678 [FATAL] Updater:351 - Updater called before beeing initialized
2026-08-18 20:12:31,717 [INFO] RulesReader:64 - Compatibility file has been processed (301 Rules)
2026-08-18 20:12:31,736 [INFO] RulesReader:64 - Compatibility file has been processed (301 Rules)
2026-08-18 20:12:31,747 [INFO] CADModel:165 - CPN selected for project level
2026-08-18 20:12:31,748 [INFO] CADModel:114 - Register for checkConnection events
2026-08-18 20:12:31,748 [FATAL] Updater:351 - Updater called before beeing initialized
2026-08-18 20:12:31,748 [ERROR] CADModel:125 - Updater not yet initialized, retry later 
2026-08-18 20:12:31,950 [FATAL] Updater:351 - Updater called before beeing initialized
2026-08-18 20:12:31,953 [INFO] CADModel:165 - CPN selected for project level
2026-08-18 20:12:31,953 [INFO] CADModel:114 - Register for checkConnection events
2026-08-18 20:12:31,953 [FATAL] Updater:351 - Updater called before beeing initialized
2026-08-18 20:12:31,954 [ERROR] CADModel:125 - Updater not yet initialized, retry later 
2026-08-18 20:12:31,959 [FATAL] Updater:351 - Updater called before beeing initialized
2026-08-18 20:12:32,088 [FATAL] Updater:351 - Updater called before beeing initialized
2026-08-18 20:12:32,095 [INFO] DbMcusAds:53 - JSON generation date=Wed Jul 15 16:44:54 ICT 2026 (1784108694001)
2026-08-18 20:12:32,095 [FATAL] Updater:351 - Updater called before beeing initialized
2026-08-18 20:12:32,150 [WARN] DetailPanel:346 - Failed to get advertising image, set to default
2026-08-18 20:12:32,700 [FATAL] Updater:351 - Updater called before beeing initialized
2026-08-18 20:12:32,703 [FATAL] Updater:351 - Updater called before beeing initialized
2026-08-18 20:12:32,703 [FATAL] Updater:351 - Updater called before beeing initialized
2026-08-18 20:12:32,704 [WARN] DetailPanel:346 - Failed to get advertising image, set to default
2026-08-18 20:12:32,705 [FATAL] Updater:351 - Updater called before beeing initialized
2026-08-18 20:12:32,772 [ERROR] Updater:1198 - MainUpdater not yet initialized. External WinMGr cannot be set.
2026-08-18 20:12:32,776 [INFO] Updater:1134 - Updater Version found : 6.14.0
2026-08-18 20:12:32,809 [INFO] ApplicationProperties:184 - Using Application install path: /opt/st/stm32cubeide_1.18.0/plugins/com.st.stm32cube.common.mx_6.14.0.202502271554
2026-08-18 20:12:32,832 [ERROR] LogOutputStream:75 - [STDERR_REDIRECT] Aug 18, 2026 8:12:32 PM java.util.prefs.FileSystemPreferences$2 run
2026-08-18 20:12:32,833 [ERROR] LogOutputStream:75 - [STDERR_REDIRECT] WARNING: Could not create system preferences directory. System preferences are unusable.
2026-08-18 20:12:32,833 [ERROR] LogOutputStream:75 - [STDERR_REDIRECT] 
2026-08-18 20:12:33,589 [INFO] ThirdPartyUpdaterWithRetryManager:70 - Updater plugin not ready yet. [2/15]
2026-08-18 20:12:34,133 [ERROR] ConfigurationRetriever:142 - IOException on connection: Connect timed out
2026-08-18 20:12:35,840 [INFO] MainUpdater:2872 - connection check result : 10
2026-08-18 20:12:35,841 [INFO] MainUpdater:289 - Updater Check For Update Now.
2026-08-18 20:12:35,842 [INFO] MicroXplorer:498 - Change Database Version : DB.6.0.140
2026-08-18 20:12:35,849 [INFO] McuFinderGlobals:63 - Set McuFinder mode to 2 (CubeIDE integrated)
2026-08-18 20:12:35,850 [INFO] UserAuth:171 - activating auth plugin
2026-08-18 20:12:35,854 [INFO] UserAuth:486 - Internet connection configuration mode: 1
2026-08-18 20:12:35,881 [INFO] JxBrowserEngine:152 - Initiate JxBrowser Engine with user profile folder
2026-08-18 20:12:36,150 [INFO] CheckServerUpdateThread:120 - End of CheckServer Thread
2026-08-18 20:12:36,943 [WARN] PackLoader:240 - Cannot read IP mode file for STMicroelectronics.X-CUBE-AZRTOS-H7.3.5.0
2026-08-18 20:12:36,970 [WARN] PackLoader:240 - Cannot read IP mode file for STMicroelectronics.FP-ATR-ASTRA1.2.0.3
2026-08-18 20:12:36,977 [WARN] PackLoader:240 - Cannot read IP mode file for STMicroelectronics.FP-ATR-ASTRA1.2.0.2
2026-08-18 20:12:36,988 [ERROR] Engine:466 - /home/thuy/.stm32cubemx/thirdparties/pdsc/STMicroelectronics.X-CUBE-SMBUS.2.1.1.pdsc: PDSC version is not supported
2026-08-18 20:12:37,036 [WARN] PackLoader:240 - Cannot read IP mode file for STMicroelectronics.X-CUBE-AZRTOS-F7.1.1.0
2026-08-18 20:12:37,052 [ERROR] Engine:466 - /home/thuy/.stm32cubemx/thirdparties/pdsc/STMicroelectronics.X-CUBE-FREERTOS.1.6.0.pdsc: PDSC version is not supported
2026-08-18 20:12:37,057 [ERROR] Engine:466 - /home/thuy/.stm32cubemx/thirdparties/pdsc/STMicroelectronics.FP-SNS-MOTENV1.5.1.0.pdsc: PDSC version is not supported
2026-08-18 20:12:37,099 [WARN] PackLoader:240 - Cannot read IP mode file for STMicroelectronics.X-CUBE-AZRTOS-H7RS.1.3.0
2026-08-18 20:12:37,112 [ERROR] Engine:466 - /home/thuy/.stm32cubemx/thirdparties/pdsc/WES.I-CUBE-Cesium.1.4.0.pdsc: PDSC version is not supported
2026-08-18 20:12:37,126 [WARN] PackLoader:240 - Cannot read IP mode file for STMicroelectronics.X-CUBE-DISPLAY.3.0.0
2026-08-18 20:12:37,148 [WARN] PackLoader:240 - Cannot read IP mode file for STMicroelectronics.X-CUBE-GNSS1.7.1.1
2026-08-18 20:12:37,156 [ERROR] Engine:466 - /home/thuy/.stm32cubemx/thirdparties/pdsc/STMicroelectronics.FP-SNS-MOTENVWB1.1.5.0.pdsc: PDSC version is not supported
2026-08-18 20:12:37,161 [WARN] PackLoader:240 - Cannot read IP mode file for wolfSSL.I-CUBE-wolfSSL.5.9.1
2026-08-18 20:12:37,174 [WARN] PackLoader:240 - Cannot read IP mode file for STMicroelectronics.X-CUBE-NFC10.1.0.0
2026-08-18 20:12:37,188 [WARN] PackLoader:240 - Cannot read IP mode file for STMicroelectronics.X-CUBE-ST60.1.1.0
2026-08-18 20:12:37,197 [WARN] PackLoader:240 - Cannot read IP mode file for emotas.I-CUBE-CANOPEN.1.3.0
2026-08-18 20:12:37,201 [ERROR] Engine:466 - /home/thuy/.stm32cubemx/thirdparties/pdsc/STMicroelectronics.X-CUBE-WBA.1.1.0.pdsc: PDSC version is not supported
2026-08-18 20:12:37,209 [ERROR] Engine:466 - /home/thuy/.stm32cubemx/thirdparties/pdsc/STMicroelectronics.FP-SNS-STBOX1.2.1.0.pdsc: PDSC version is not supported
2026-08-18 20:12:37,216 [WARN] PackLoader:240 - Cannot read IP mode file for STMicroelectronics.FP-SNS-SMARTAG2.1.2.0
2026-08-18 20:12:37,224 [WARN] PackLoader:240 - Cannot read IP mode file for STMicroelectronics.FP-SNS-FLIGHT1.5.1.0
2026-08-18 20:12:37,238 [INFO] LogOutputStream:77 - [STDOUT_REDIRECT] 1 : Invalid condition id : UX_CORESTACK_Condition cause : null
2026-08-18 20:12:37,239 [INFO] LogOutputStream:77 - [STDOUT_REDIRECT] 1 : Invalid condition id : UX_CORESTACK_Condition cause : null
2026-08-18 20:12:37,239 [INFO] LogOutputStream:77 - [STDOUT_REDIRECT] 1 : Invalid condition id : UX_CORESTACK_Condition cause : null
2026-08-18 20:12:37,240 [INFO] LogOutputStream:77 - [STDOUT_REDIRECT] 1 : Invalid condition id : UX_CORESTACK_Condition cause : null
2026-08-18 20:12:37,240 [INFO] LogOutputStream:77 - [STDOUT_REDIRECT] 1 : Invalid condition id : UX_CORESTACK_Condition cause : null
2026-08-18 20:12:37,245 [INFO] WebApp:169 - Instantiating new browser for Auth
2026-08-18 20:12:37,247 [WARN] PackLoader:240 - Cannot read IP mode file for STMicroelectronics.X-CUBE-AZRTOS-WL.2.0.0
2026-08-18 20:12:37,258 [WARN] PackLoader:240 - Cannot read IP mode file for STMicroelectronics.X-CUBE-BLE2.3.3.0
2026-08-18 20:12:37,334 [WARN] PackLoader:240 - Cannot read IP mode file for Infineon.AIROC-Wi-Fi-Bluetooth-STM32.1.8.0
2026-08-18 20:12:37,356 [WARN] PackLoader:240 - Cannot read IP mode file for STMicroelectronics.X-CUBE-NFC9.1.0.0
2026-08-18 20:12:37,365 [WARN] PackLoader:240 - Cannot read IP mode file for STMicroelectronics.X-CUBE-BLE1.7.1.0
2026-08-18 20:12:37,369 [WARN] PackLoader:240 - Cannot read IP mode file for wolfSSL.I-CUBE-wolfMQTT.1.19.2
2026-08-18 20:12:37,377 [WARN] PackLoader:240 - Cannot read IP mode file for STMicroelectronics.X-CUBE-EEPRMA1.5.2.0
2026-08-18 20:12:37,384 [ERROR] Engine:466 - /home/thuy/.stm32cubemx/thirdparties/pdsc/STMicroelectronics.FP-SNS-STAIOTCFT.1.1.0.pdsc: PDSC version is not supported
2026-08-18 20:12:37,407 [WARN] PackLoader:240 - Cannot read IP mode file for STMicroelectronics.X-CUBE-AZRTOS-G0.1.1.0
2026-08-18 20:12:37,417 [WARN] PackLoader:240 - Cannot read IP mode file for STMicroelectronics.X-CUBE-NFC4.3.0.0
2026-08-18 20:12:37,430 [WARN] PackLoader:240 - Cannot read IP mode file for EmbeddedOffice.I-CUBE-FS-RTOS.1.0.1
2026-08-18 20:12:37,436 [WARN] PackLoader:240 - Cannot read IP mode file for wolfSSL.I-CUBE-wolfTPM.3.8.0
2026-08-18 20:12:37,445 [WARN] PackLoader:240 - Cannot read IP mode file for STMicroelectronics.X-CUBE-TCPP.4.2.0
2026-08-18 20:12:37,452 [WARN] PackLoader:240 - Cannot read IP mode file for RealThread.X-CUBE-RT-Thread_Nano.4.1.1
2026-08-18 20:12:37,457 [WARN] PackLoader:240 - Cannot read IP mode file for STMicroelectronics.FP-ATR-SIGFOX1.3.2.0
2026-08-18 20:12:37,465 [WARN] PackLoader:240 - Cannot read IP mode file for ITTIA_DB.I-CUBE-ITTIADB.8.9.0
2026-08-18 20:12:37,487 [WARN] PackLoader:240 - Cannot read IP mode file for Cesanta.I-CUBE-Mongoose.7.21.7
2026-08-18 20:12:37,501 [WARN] PackLoader:240 - Cannot read IP mode file for STMicroelectronics.X-CUBE-NFC6.3.2.0
2026-08-18 20:12:37,514 [WARN] PackLoader:240 - Cannot read IP mode file for STMicroelectronics.X-CUBE-AI.10.2.1
2026-08-18 20:12:37,628 [WARN] PackLoader:240 - Cannot read IP mode file for STMicroelectronics.X-CUBE-MEMS1.12.1.0
2026-08-18 20:12:37,836 [WARN] PackLoader:240 - Cannot read IP mode file for SEGGER.I-CUBE-embOS.1.3.1
2026-08-18 20:12:37,908 [WARN] PackLoader:240 - Cannot read IP mode file for STMicroelectronics.X-CUBE-NFC13.1.0.0
2026-08-18 20:12:37,921 [WARN] PackLoader:240 - Cannot read IP mode file for STMicroelectronics.X-CUBE-PM33A1.1.0.0
2026-08-18 20:12:37,960 [WARN] PackLoader:240 - Cannot read IP mode file for STMicroelectronics.X-CUBE-AZRTOS-F4.1.1.0
2026-08-18 20:12:37,973 [WARN] PackLoader:240 - Cannot read IP mode file for STMicroelectronics.X-CUBE-ISPU.2.1.0
2026-08-18 20:12:37,986 [ERROR] Engine:466 - /home/thuy/.stm32cubemx/thirdparties/pdsc/STMicroelectronics.X-CUBE-IPS.3.2.0.pdsc: PDSC version is not supported
2026-08-18 20:12:37,989 [WARN] PackLoader:240 - Cannot read IP mode file for STMicroelectronics.eDS-WB_DPC_TT-BIDIR.2.1.1
2026-08-18 20:12:38,028 [WARN] PackLoader:240 - Cannot read IP mode file for STMicroelectronics.X-CUBE-NFC12.1.0.0
2026-08-18 20:12:38,067 [WARN] PackLoader:240 - Cannot read IP mode file for STMicroelectronics.X-CUBE-AZRTOS-L5.2.0.0
2026-08-18 20:12:38,092 [WARN] PackLoader:240 - Cannot read IP mode file for STMicroelectronics.X-CUBE-ALGOBUILD.1.5.0
2026-08-18 20:12:38,098 [WARN] PackLoader:240 - Cannot read IP mode file for STMicroelectronics.eDS-WB_DPC_VIENNA.1.2.0
2026-08-18 20:12:38,171 [WARN] PackLoader:240 - Cannot read IP mode file for STMicroelectronics.X-CUBE-MEMS1.13.0.0
2026-08-18 20:12:38,262 [WARN] PackLoader:240 - Cannot read IP mode file for STMicroelectronics.eDS-WB_DPC_3PH2L-BIDIR.1.1.1
2026-08-18 20:12:38,266 [ERROR] Engine:466 - /home/thuy/.stm32cubemx/thirdparties/pdsc/STMicroelectronics.X-CUBE-ST67W61.1.3.0.pdsc: PDSC version is not supported
2026-08-18 20:12:38,271 [WARN] PackLoader:240 - Cannot read IP mode file for STMicroelectronics.X-CUBE-TOUCHGFX.4.26.1
2026-08-18 20:12:38,276 [WARN] PackLoader:240 - Cannot read IP mode file for STMicroelectronics.X-CUBE-DPower.1.3.0
2026-08-18 20:12:38,301 [WARN] ConditionMgr:438 - getConditionDescription Invalid condition id : LAN8742 Phy interface Condition cause : null
2026-08-18 20:12:38,302 [WARN] PackLoader:240 - Cannot read IP mode file for STMicroelectronics.X-CUBE-AZRTOS-L4.2.0.0
2026-08-18 20:12:38,303 [WARN] ConditionMgr:1044 - genDependencies : Invalid condition id : LAN8742 Phy interface Condition cause : null
2026-08-18 20:12:38,304 [WARN] ConditionMgr:1044 - genDependencies : Invalid condition id : LAN8742 Phy interface Condition cause : null
2026-08-18 20:12:38,304 [WARN] ConditionMgr:1044 - genDependencies : Invalid condition id : LAN8742 Phy interface Condition cause : null
2026-08-18 20:12:38,316 [WARN] PackLoader:240 - Cannot read IP mode file for STMicroelectronics.X-CUBE-SFXS2LP1.4.0.0
2026-08-18 20:12:38,326 [WARN] PackLoader:240 - Cannot read IP mode file for STMicroelectronics.X-CUBE-WB05N.2.1.0
2026-08-18 20:12:38,353 [WARN] ConditionMgr:438 - getConditionDescription Invalid condition id : UX DEVICE CLASS RTOS Condition cause : null
2026-08-18 20:12:38,354 [WARN] ConditionMgr:438 - getConditionDescription Invalid condition id : UX DEVICE CLASS RTOS Condition cause : null
2026-08-18 20:12:38,357 [WARN] PackLoader:240 - Cannot read IP mode file for STMicroelectronics.X-CUBE-AZRTOS-WB.2.0.0
2026-08-18 20:12:38,358 [WARN] ConditionMgr:1044 - genDependencies : Invalid condition id : UX DEVICE CLASS RTOS Condition cause : null
2026-08-18 20:12:38,358 [WARN] ConditionMgr:1044 - genDependencies : Invalid condition id : UX DEVICE CLASS RTOS Condition cause : null
2026-08-18 20:12:38,359 [WARN] ConditionMgr:1044 - genDependencies : Invalid condition id : UX DEVICE CLASS RTOS Condition cause : null
2026-08-18 20:12:38,360 [WARN] ConditionMgr:1044 - genDependencies : Invalid condition id : UX DEVICE CLASS RTOS Condition cause : null
2026-08-18 20:12:38,360 [WARN] ConditionMgr:1044 - genDependencies : Invalid condition id : UX DEVICE CLASS RTOS Condition cause : null
2026-08-18 20:12:38,367 [WARN] ConditionMgr:438 - getConditionDescription Invalid condition id : Cortex-A Device cause : null
2026-08-18 20:12:38,380 [WARN] ConditionMgr:1044 - genDependencies : Invalid condition id : Cortex-A Device cause : null
2026-08-18 20:12:38,381 [WARN] ConditionMgr:1044 - genDependencies : Invalid condition id : Cortex-A Device cause : null
2026-08-18 20:12:38,381 [WARN] ConditionMgr:1044 - genDependencies : Invalid condition id : Cortex-A Device cause : null
2026-08-18 20:12:38,394 [WARN] PackLoader:240 - Cannot read IP mode file for STMicroelectronics.X-CUBE-STSE01.2.0.0
2026-08-18 20:12:38,408 [WARN] PackLoader:240 - Cannot read IP mode file for STMicroelectronics.X-CUBE-SUBG2.5.0.0
2026-08-18 20:12:38,431 [WARN] PackLoader:240 - Cannot read IP mode file for STMicroelectronics.X-CUBE-AZRTOS-G4.2.0.0
2026-08-18 20:12:38,437 [WARN] PackLoader:240 - Cannot read IP mode file for wolfSSL.I-CUBE-wolfSSH.1.4.20
2026-08-18 20:12:38,442 [WARN] PackLoader:240 - Cannot read IP mode file for STMicroelectronics.X-CUBE-NFC7.2.0.0
2026-08-18 20:12:38,447 [ERROR] Engine:466 - /home/thuy/.stm32cubemx/thirdparties/pdsc/STMicroelectronics.X-CUBE-BLEMGR.4.2.0.pdsc: PDSC version is not supported
2026-08-18 20:12:38,451 [WARN] PackLoader:240 - Cannot read IP mode file for STMicroelectronics.X-CUBE-ALS.1.0.2
2026-08-18 20:12:38,463 [WARN] PackLoader:240 - Cannot read IP mode file for STMicroelectronics.X-CUBE-TOF1.3.4.3
2026-08-18 20:12:38,480 [INFO] ThirdParty:978 - Integrity check success = true
2026-08-18 20:12:38,480 [INFO] IntegrityCheckThread:100 - exiting critical section [integrity check]
2026-08-18 20:12:38,480 [INFO] IntegrityCheckThread:103 - End integrity checks thread
2026-08-18 20:12:38,620 [INFO] WebApp:463 - Apply proxy settings
2026-08-18 20:12:38,621 [INFO] WebApp:548 - Chromium requires no authentication
2026-08-18 20:12:38,634 [INFO] WebApp:491 - Direct internet connection detected
2026-08-18 20:12:38,666 [INFO] WebApp:894 - Register for checkConnection events
2026-08-18 20:12:38,666 [INFO] WebApp:463 - Apply proxy settings
2026-08-18 20:12:38,666 [INFO] WebApp:548 - Chromium requires no authentication
2026-08-18 20:12:38,667 [INFO] WebApp:491 - Direct internet connection detected
2026-08-18 20:12:38,907 [INFO] WebApp:225 - Starting web application
2026-08-18 20:12:38,907 [INFO] WebApp:593 - Web application path used /opt/st/stm32cubeide_1.18.0/plugins/com.st.stm32cube.common.mx_6.14.0.202502271554/db/plugins/mcufinder/reactClient1/index.html
2026-08-18 20:12:39,069 [INFO] WebApp:191 - Connection restablished
2026-08-18 20:12:55,331 [ERROR] ConfigurationRetriever:142 - IOException on connection: Read timed out
2026-08-18 20:12:57,335 [ERROR] ConfigurationRetriever:142 - IOException on connection: Connect timed out
2026-08-18 20:12:58,280 [ERROR] LogOutputStream:75 - [STDERR_REDIRECT] Aug 18, 2026 8:12:58 PM java.util.prefs.FileSystemPreferences checkLockFile0ErrorCode
2026-08-18 20:12:58,281 [ERROR] LogOutputStream:75 - [STDERR_REDIRECT] WARNING: Could not lock System prefs. Unix error code 2.
2026-08-18 20:12:58,281 [ERROR] LogOutputStream:75 - [STDERR_REDIRECT] 
2026-08-18 20:12:58,282 [ERROR] LogOutputStream:75 - [STDERR_REDIRECT] Aug 18, 2026 8:12:58 PM java.util.prefs.FileSystemPreferences syncWorld
2026-08-18 20:12:58,282 [ERROR] LogOutputStream:75 - [STDERR_REDIRECT] WARNING: Couldn't flush system prefs: java.util.prefs.BackingStoreException: Couldn't get file lock.
2026-08-18 20:12:58,282 [ERROR] LogOutputStream:75 - [STDERR_REDIRECT] 
2026-08-18 20:13:28,270 [ERROR] LogOutputStream:75 - [STDERR_REDIRECT] Aug 18, 2026 8:13:28 PM java.util.prefs.FileSystemPreferences checkLockFile0ErrorCode
2026-08-18 20:13:28,271 [ERROR] LogOutputStream:75 - [STDERR_REDIRECT] WARNING: Could not lock System prefs. Unix error code 2.
2026-08-18 20:13:28,271 [ERROR] LogOutputStream:75 - [STDERR_REDIRECT] 
2026-08-18 20:13:28,272 [ERROR] LogOutputStream:75 - [STDERR_REDIRECT] Aug 18, 2026 8:13:28 PM java.util.prefs.FileSystemPreferences syncWorld
2026-08-18 20:13:28,273 [ERROR] LogOutputStream:75 - [STDERR_REDIRECT] WARNING: Couldn't flush system prefs: java.util.prefs.BackingStoreException: Couldn't get file lock.
2026-08-18 20:13:28,273 [ERROR] LogOutputStream:75 - [STDERR_REDIRECT] 
2026-08-18 20:13:58,265 [ERROR] LogOutputStream:75 - [STDERR_REDIRECT] Aug 18, 2026 8:13:58 PM java.util.prefs.FileSystemPreferences checkLockFile0ErrorCode
2026-08-18 20:13:58,265 [ERROR] LogOutputStream:75 - [STDERR_REDIRECT] WARNING: Could not lock System prefs. Unix error code 2.
2026-08-18 20:13:58,265 [ERROR] LogOutputStream:75 - [STDERR_REDIRECT] 
2026-08-18 20:13:58,266 [ERROR] LogOutputStream:75 - [STDERR_REDIRECT] Aug 18, 2026 8:13:58 PM java.util.prefs.FileSystemPreferences syncWorld
2026-08-18 20:13:58,267 [ERROR] LogOutputStream:75 - [STDERR_REDIRECT] WARNING: Couldn't flush system prefs: java.util.prefs.BackingStoreException: Couldn't get file lock.
2026-08-18 20:13:58,267 [ERROR] LogOutputStream:75 - [STDERR_REDIRECT] 
2026-08-18 20:14:07,896 [ERROR] ConfigurationRetriever:142 - IOException on connection: Read timed out
2026-08-18 20:14:28,268 [ERROR] LogOutputStream:75 - [STDERR_REDIRECT] Aug 18, 2026 8:14:28 PM java.util.prefs.FileSystemPreferences checkLockFile0ErrorCode
2026-08-18 20:14:28,269 [ERROR] LogOutputStream:75 - [STDERR_REDIRECT] WARNING: Could not lock System prefs. Unix error code 2.
2026-08-18 20:14:28,269 [ERROR] LogOutputStream:75 - [STDERR_REDIRECT] 
2026-08-18 20:14:28,270 [ERROR] LogOutputStream:75 - [STDERR_REDIRECT] Aug 18, 2026 8:14:28 PM java.util.prefs.FileSystemPreferences syncWorld
2026-08-18 20:14:28,270 [ERROR] LogOutputStream:75 - [STDERR_REDIRECT] WARNING: Couldn't flush system prefs: java.util.prefs.BackingStoreException: Couldn't get file lock.
2026-08-18 20:14:28,270 [ERROR] LogOutputStream:75 - [STDERR_REDIRECT] 
2026-08-18 20:14:58,265 [ERROR] LogOutputStream:75 - [STDERR_REDIRECT] Aug 18, 2026 8:14:58 PM java.util.prefs.FileSystemPreferences checkLockFile0ErrorCode
2026-08-18 20:14:58,266 [ERROR] LogOutputStream:75 - [STDERR_REDIRECT] WARNING: Could not lock System prefs. Unix error code 2.
2026-08-18 20:14:58,266 [ERROR] LogOutputStream:75 - [STDERR_REDIRECT] 
2026-08-18 20:14:58,267 [ERROR] LogOutputStream:75 - [STDERR_REDIRECT] Aug 18, 2026 8:14:58 PM java.util.prefs.FileSystemPreferences syncWorld
2026-08-18 20:14:58,267 [ERROR] LogOutputStream:75 - [STDERR_REDIRECT] WARNING: Couldn't flush system prefs: java.util.prefs.BackingStoreException: Couldn't get file lock.
2026-08-18 20:14:58,268 [ERROR] LogOutputStream:75 - [STDERR_REDIRECT] 
2026-08-18 20:15:28,265 [ERROR] LogOutputStream:75 - [STDERR_REDIRECT] Aug 18, 2026 8:15:28 PM java.util.prefs.FileSystemPreferences checkLockFile0ErrorCode
2026-08-18 20:15:28,265 [ERROR] LogOutputStream:75 - [STDERR_REDIRECT] WARNING: Could not lock System prefs. Unix error code 2.
2026-08-18 20:15:28,265 [ERROR] LogOutputStream:75 - [STDERR_REDIRECT] 
2026-08-18 20:15:28,266 [ERROR] LogOutputStream:75 - [STDERR_REDIRECT] Aug 18, 2026 8:15:28 PM java.util.prefs.FileSystemPreferences syncWorld
2026-08-18 20:15:28,266 [ERROR] LogOutputStream:75 - [STDERR_REDIRECT] WARNING: Couldn't flush system prefs: java.util.prefs.BackingStoreException: Couldn't get file lock.
2026-08-18 20:15:28,266 [ERROR] LogOutputStream:75 - [STDERR_REDIRECT] 
2026-08-18 20:15:58,265 [ERROR] LogOutputStream:75 - [STDERR_REDIRECT] Aug 18, 2026 8:15:58 PM java.util.prefs.FileSystemPreferences checkLockFile0ErrorCode
2026-08-18 20:15:58,266 [ERROR] LogOutputStream:75 - [STDERR_REDIRECT] WARNING: Could not lock System prefs. Unix error code 2.
2026-08-18 20:15:58,266 [ERROR] LogOutputStream:75 - [STDERR_REDIRECT] 
2026-08-18 20:15:58,266 [ERROR] LogOutputStream:75 - [STDERR_REDIRECT] Aug 18, 2026 8:15:58 PM java.util.prefs.FileSystemPreferences syncWorld
2026-08-18 20:15:58,267 [ERROR] LogOutputStream:75 - [STDERR_REDIRECT] WARNING: Couldn't flush system prefs: java.util.prefs.BackingStoreException: Couldn't get file lock.
2026-08-18 20:15:58,267 [ERROR] LogOutputStream:75 - [STDERR_REDIRECT] 
2026-08-18 20:16:25,589 [ERROR] ConfigurationRetriever:142 - IOException on connection: Read timed out
2026-08-18 20:16:27,957 [ERROR] ConfigurationRetriever:142 - IOException on connection: Read timed out
2026-08-18 20:16:28,269 [ERROR] LogOutputStream:75 - [STDERR_REDIRECT] Aug 18, 2026 8:16:28 PM java.util.prefs.FileSystemPreferences checkLockFile0ErrorCode
2026-08-18 20:16:28,269 [ERROR] LogOutputStream:75 - [STDERR_REDIRECT] WARNING: Could not lock System prefs. Unix error code 2.
2026-08-18 20:16:28,269 [ERROR] LogOutputStream:75 - [STDERR_REDIRECT] 
2026-08-18 20:16:28,270 [ERROR] LogOutputStream:75 - [STDERR_REDIRECT] Aug 18, 2026 8:16:28 PM java.util.prefs.FileSystemPreferences syncWorld
2026-08-18 20:16:28,270 [ERROR] LogOutputStream:75 - [STDERR_REDIRECT] WARNING: Couldn't flush system prefs: java.util.prefs.BackingStoreException: Couldn't get file lock.
2026-08-18 20:16:28,270 [ERROR] LogOutputStream:75 - [STDERR_REDIRECT] 
2026-08-18 20:16:58,267 [ERROR] LogOutputStream:75 - [STDERR_REDIRECT] Aug 18, 2026 8:16:58 PM java.util.prefs.FileSystemPreferences checkLockFile0ErrorCode
2026-08-18 20:16:58,268 [ERROR] LogOutputStream:75 - [STDERR_REDIRECT] WARNING: Could not lock System prefs. Unix error code 2.
2026-08-18 20:16:58,268 [ERROR] LogOutputStream:75 - [STDERR_REDIRECT] 
2026-08-18 20:16:58,269 [ERROR] LogOutputStream:75 - [STDERR_REDIRECT] Aug 18, 2026 8:16:58 PM java.util.prefs.FileSystemPreferences syncWorld
2026-08-18 20:16:58,269 [ERROR] LogOutputStream:75 - [STDERR_REDIRECT] WARNING: Couldn't flush system prefs: java.util.prefs.BackingStoreException: Couldn't get file lock.
2026-08-18 20:16:58,270 [ERROR] LogOutputStream:75 - [STDERR_REDIRECT] 
2026-08-18 20:17:28,269 [ERROR] LogOutputStream:75 - [STDERR_REDIRECT] Aug 18, 2026 8:17:28 PM java.util.prefs.FileSystemPreferences checkLockFile0ErrorCode
2026-08-18 20:17:28,269 [ERROR] LogOutputStream:75 - [STDERR_REDIRECT] WARNING: Could not lock System prefs. Unix error code 2.
2026-08-18 20:17:28,270 [ERROR] LogOutputStream:75 - [STDERR_REDIRECT] 
2026-08-18 20:17:28,270 [ERROR] LogOutputStream:75 - [STDERR_REDIRECT] Aug 18, 2026 8:17:28 PM java.util.prefs.FileSystemPreferences syncWorld
2026-08-18 20:17:28,271 [ERROR] LogOutputStream:75 - [STDERR_REDIRECT] WARNING: Couldn't flush system prefs: java.util.prefs.BackingStoreException: Couldn't get file lock.
2026-08-18 20:17:28,271 [ERROR] LogOutputStream:75 - [STDERR_REDIRECT] 
2026-08-18 20:17:58,266 [ERROR] LogOutputStream:75 - [STDERR_REDIRECT] Aug 18, 2026 8:17:58 PM java.util.prefs.FileSystemPreferences checkLockFile0ErrorCode
2026-08-18 20:17:58,266 [ERROR] LogOutputStream:75 - [STDERR_REDIRECT] WARNING: Could not lock System prefs. Unix error code 2.
2026-08-18 20:17:58,266 [ERROR] LogOutputStream:75 - [STDERR_REDIRECT] 
2026-08-18 20:17:58,267 [ERROR] LogOutputStream:75 - [STDERR_REDIRECT] Aug 18, 2026 8:17:58 PM java.util.prefs.FileSystemPreferences syncWorld
2026-08-18 20:17:58,267 [ERROR] LogOutputStream:75 - [STDERR_REDIRECT] WARNING: Couldn't flush system prefs: java.util.prefs.BackingStoreException: Couldn't get file lock.
2026-08-18 20:17:58,267 [ERROR] LogOutputStream:75 - [STDERR_REDIRECT] 
2026-08-18 20:18:28,266 [ERROR] LogOutputStream:75 - [STDERR_REDIRECT] Aug 18, 2026 8:18:28 PM java.util.prefs.FileSystemPreferences checkLockFile0ErrorCode
2026-08-18 20:18:28,266 [ERROR] LogOutputStream:75 - [STDERR_REDIRECT] WARNING: Could not lock System prefs. Unix error code 2.
2026-08-18 20:18:28,266 [ERROR] LogOutputStream:75 - [STDERR_REDIRECT] 
2026-08-18 20:18:28,267 [ERROR] LogOutputStream:75 - [STDERR_REDIRECT] Aug 18, 2026 8:18:28 PM java.util.prefs.FileSystemPreferences syncWorld
2026-08-18 20:18:28,267 [ERROR] LogOutputStream:75 - [STDERR_REDIRECT] WARNING: Couldn't flush system prefs: java.util.prefs.BackingStoreException: Couldn't get file lock.
2026-08-18 20:18:28,267 [ERROR] LogOutputStream:75 - [STDERR_REDIRECT] 
2026-08-18 20:18:58,267 [ERROR] LogOutputStream:75 - [STDERR_REDIRECT] Aug 18, 2026 8:18:58 PM java.util.prefs.FileSystemPreferences checkLockFile0ErrorCode
2026-08-18 20:18:58,267 [ERROR] LogOutputStream:75 - [STDERR_REDIRECT] WARNING: Could not lock System prefs. Unix error code 2.
2026-08-18 20:18:58,268 [ERROR] LogOutputStream:75 - [STDERR_REDIRECT] 
2026-08-18 20:18:58,268 [ERROR] LogOutputStream:75 - [STDERR_REDIRECT] Aug 18, 2026 8:18:58 PM java.util.prefs.FileSystemPreferences syncWorld
2026-08-18 20:18:58,268 [ERROR] LogOutputStream:75 - [STDERR_REDIRECT] WARNING: Couldn't flush system prefs: java.util.prefs.BackingStoreException: Couldn't get file lock.
2026-08-18 20:18:58,269 [ERROR] LogOutputStream:75 - [STDERR_REDIRECT] 
2026-08-18 20:19:28,267 [ERROR] LogOutputStream:75 - [STDERR_REDIRECT] Aug 18, 2026 8:19:28 PM java.util.prefs.FileSystemPreferences checkLockFile0ErrorCode
2026-08-18 20:19:28,267 [ERROR] LogOutputStream:75 - [STDERR_REDIRECT] WARNING: Could not lock System prefs. Unix error code 2.
2026-08-18 20:19:28,267 [ERROR] LogOutputStream:75 - [STDERR_REDIRECT] 
2026-08-18 20:19:28,268 [ERROR] LogOutputStream:75 - [STDERR_REDIRECT] Aug 18, 2026 8:19:28 PM java.util.prefs.FileSystemPreferences syncWorld
2026-08-18 20:19:28,268 [ERROR] LogOutputStream:75 - [STDERR_REDIRECT] WARNING: Couldn't flush system prefs: java.util.prefs.BackingStoreException: Couldn't get file lock.
2026-08-18 20:19:28,268 [ERROR] LogOutputStream:75 - [STDERR_REDIRECT] 
2026-08-18 20:19:58,267 [ERROR] LogOutputStream:75 - [STDERR_REDIRECT] Aug 18, 2026 8:19:58 PM java.util.prefs.FileSystemPreferences checkLockFile0ErrorCode
2026-08-18 20:19:58,267 [ERROR] LogOutputStream:75 - [STDERR_REDIRECT] WARNING: Could not lock System prefs. Unix error code 2.
2026-08-18 20:19:58,267 [ERROR] LogOutputStream:75 - [STDERR_REDIRECT] 
2026-08-18 20:19:58,268 [ERROR] LogOutputStream:75 - [STDERR_REDIRECT] Aug 18, 2026 8:19:58 PM java.util.prefs.FileSystemPreferences syncWorld
2026-08-18 20:19:58,268 [ERROR] LogOutputStream:75 - [STDERR_REDIRECT] WARNING: Couldn't flush system prefs: java.util.prefs.BackingStoreException: Couldn't get file lock.
2026-08-18 20:19:58,268 [ERROR] LogOutputStream:75 - [STDERR_REDIRECT] 
2026-08-18 20:20:28,267 [ERROR] LogOutputStream:75 - [STDERR_REDIRECT] Aug 18, 2026 8:20:28 PM java.util.prefs.FileSystemPreferences checkLockFile0ErrorCode
2026-08-18 20:20:28,268 [ERROR] LogOutputStream:75 - [STDERR_REDIRECT] WARNING: Could not lock System prefs. Unix error code 2.
2026-08-18 20:20:28,268 [ERROR] LogOutputStream:75 - [STDERR_REDIRECT] 
2026-08-18 20:20:28,269 [ERROR] LogOutputStream:75 - [STDERR_REDIRECT] Aug 18, 2026 8:20:28 PM java.util.prefs.FileSystemPreferences syncWorld
2026-08-18 20:20:28,269 [ERROR] LogOutputStream:75 - [STDERR_REDIRECT] WARNING: Couldn't flush system prefs: java.util.prefs.BackingStoreException: Couldn't get file lock.
2026-08-18 20:20:28,269 [ERROR] LogOutputStream:75 - [STDERR_REDIRECT] 
2026-08-18 20:20:58,269 [ERROR] LogOutputStream:75 - [STDERR_REDIRECT] Aug 18, 2026 8:20:58 PM java.util.prefs.FileSystemPreferences checkLockFile0ErrorCode
2026-08-18 20:20:58,269 [ERROR] LogOutputStream:75 - [STDERR_REDIRECT] WARNING: Could not lock System prefs. Unix error code 2.
2026-08-18 20:20:58,269 [ERROR] LogOutputStream:75 - [STDERR_REDIRECT] 
2026-08-18 20:20:58,270 [ERROR] LogOutputStream:75 - [STDERR_REDIRECT] Aug 18, 2026 8:20:58 PM java.util.prefs.FileSystemPreferences syncWorld
2026-08-18 20:20:58,270 [ERROR] LogOutputStream:75 - [STDERR_REDIRECT] WARNING: Couldn't flush system prefs: java.util.prefs.BackingStoreException: Couldn't get file lock.
2026-08-18 20:20:58,270 [ERROR] LogOutputStream:75 - [STDERR_REDIRECT] 
2026-08-18 20:21:28,268 [ERROR] LogOutputStream:75 - [STDERR_REDIRECT] Aug 18, 2026 8:21:28 PM java.util.prefs.FileSystemPreferences checkLockFile0ErrorCode
2026-08-18 20:21:28,268 [ERROR] LogOutputStream:75 - [STDERR_REDIRECT] WARNING: Could not lock System prefs. Unix error code 2.
2026-08-18 20:21:28,268 [ERROR] LogOutputStream:75 - [STDERR_REDIRECT] 
2026-08-18 20:21:28,269 [ERROR] LogOutputStream:75 - [STDERR_REDIRECT] Aug 18, 2026 8:21:28 PM java.util.prefs.FileSystemPreferences syncWorld
2026-08-18 20:21:28,269 [ERROR] LogOutputStream:75 - [STDERR_REDIRECT] WARNING: Couldn't flush system prefs: java.util.prefs.BackingStoreException: Couldn't get file lock.
2026-08-18 20:21:28,269 [ERROR] LogOutputStream:75 - [STDERR_REDIRECT] 
2026-08-18 20:21:58,268 [ERROR] LogOutputStream:75 - [STDERR_REDIRECT] Aug 18, 2026 8:21:58 PM java.util.prefs.FileSystemPreferences checkLockFile0ErrorCode
2026-08-18 20:21:58,268 [ERROR] LogOutputStream:75 - [STDERR_REDIRECT] WARNING: Could not lock System prefs. Unix error code 2.
2026-08-18 20:21:58,269 [ERROR] LogOutputStream:75 - [STDERR_REDIRECT] 
2026-08-18 20:21:58,269 [ERROR] LogOutputStream:75 - [STDERR_REDIRECT] Aug 18, 2026 8:21:58 PM java.util.prefs.FileSystemPreferences syncWorld
2026-08-18 20:21:58,269 [ERROR] LogOutputStream:75 - [STDERR_REDIRECT] WARNING: Couldn't flush system prefs: java.util.prefs.BackingStoreException: Couldn't get file lock.
2026-08-18 20:21:58,269 [ERROR] LogOutputStream:75 - [STDERR_REDIRECT] 
2026-08-18 20:22:28,272 [ERROR] LogOutputStream:75 - [STDERR_REDIRECT] Aug 18, 2026 8:22:28 PM java.util.prefs.FileSystemPreferences checkLockFile0ErrorCode
2026-08-18 20:22:28,272 [ERROR] LogOutputStream:75 - [STDERR_REDIRECT] WARNING: Could not lock System prefs. Unix error code 2.
2026-08-18 20:22:28,272 [ERROR] LogOutputStream:75 - [STDERR_REDIRECT] 
2026-08-18 20:22:28,273 [ERROR] LogOutputStream:75 - [STDERR_REDIRECT] Aug 18, 2026 8:22:28 PM java.util.prefs.FileSystemPreferences syncWorld
2026-08-18 20:22:28,273 [ERROR] LogOutputStream:75 - [STDERR_REDIRECT] WARNING: Couldn't flush system prefs: java.util.prefs.BackingStoreException: Couldn't get file lock.
2026-08-18 20:22:28,273 [ERROR] LogOutputStream:75 - [STDERR_REDIRECT] 
2026-08-18 20:22:58,269 [ERROR] LogOutputStream:75 - [STDERR_REDIRECT] Aug 18, 2026 8:22:58 PM java.util.prefs.FileSystemPreferences checkLockFile0ErrorCode
2026-08-18 20:22:58,270 [ERROR] LogOutputStream:75 - [STDERR_REDIRECT] WARNING: Could not lock System prefs. Unix error code 2.
2026-08-18 20:22:58,270 [ERROR] LogOutputStream:75 - [STDERR_REDIRECT] 
2026-08-18 20:22:58,270 [ERROR] LogOutputStream:75 - [STDERR_REDIRECT] Aug 18, 2026 8:22:58 PM java.util.prefs.FileSystemPreferences syncWorld
2026-08-18 20:22:58,271 [ERROR] LogOutputStream:75 - [STDERR_REDIRECT] WARNING: Couldn't flush system prefs: java.util.prefs.BackingStoreException: Couldn't get file lock.
2026-08-18 20:22:58,271 [ERROR] LogOutputStream:75 - [STDERR_REDIRECT] 
2026-08-18 20:23:28,269 [ERROR] LogOutputStream:75 - [STDERR_REDIRECT] Aug 18, 2026 8:23:28 PM java.util.prefs.FileSystemPreferences checkLockFile0ErrorCode
2026-08-18 20:23:28,269 [ERROR] LogOutputStream:75 - [STDERR_REDIRECT] WARNING: Could not lock System prefs. Unix error code 2.
2026-08-18 20:23:28,307 [ERROR] LogOutputStream:75 - [STDERR_REDIRECT] 
2026-08-18 20:23:28,308 [ERROR] LogOutputStream:75 - [STDERR_REDIRECT] Aug 18, 2026 8:23:28 PM java.util.prefs.FileSystemPreferences syncWorld
2026-08-18 20:23:28,308 [ERROR] LogOutputStream:75 - [STDERR_REDIRECT] WARNING: Couldn't flush system prefs: java.util.prefs.BackingStoreException: Couldn't get file lock.
2026-08-18 20:23:28,308 [ERROR] LogOutputStream:75 - [STDERR_REDIRECT] 
2026-08-18 20:23:58,269 [ERROR] LogOutputStream:75 - [STDERR_REDIRECT] Aug 18, 2026 8:23:58 PM java.util.prefs.FileSystemPreferences checkLockFile0ErrorCode
2026-08-18 20:23:58,270 [ERROR] LogOutputStream:75 - [STDERR_REDIRECT] WARNING: Could not lock System prefs. Unix error code 2.
2026-08-18 20:23:58,270 [ERROR] LogOutputStream:75 - [STDERR_REDIRECT] 
2026-08-18 20:23:58,270 [ERROR] LogOutputStream:75 - [STDERR_REDIRECT] Aug 18, 2026 8:23:58 PM java.util.prefs.FileSystemPreferences syncWorld
2026-08-18 20:23:58,271 [ERROR] LogOutputStream:75 - [STDERR_REDIRECT] WARNING: Couldn't flush system prefs: java.util.prefs.BackingStoreException: Couldn't get file lock.
2026-08-18 20:23:58,271 [ERROR] LogOutputStream:75 - [STDERR_REDIRECT] 
2026-08-18 20:24:28,270 [ERROR] LogOutputStream:75 - [STDERR_REDIRECT] Aug 18, 2026 8:24:28 PM java.util.prefs.FileSystemPreferences checkLockFile0ErrorCode
2026-08-18 20:24:28,270 [ERROR] LogOutputStream:75 - [STDERR_REDIRECT] WARNING: Could not lock System prefs. Unix error code 2.
2026-08-18 20:24:28,270 [ERROR] LogOutputStream:75 - [STDERR_REDIRECT] 
2026-08-18 20:24:28,271 [ERROR] LogOutputStream:75 - [STDERR_REDIRECT] Aug 18, 2026 8:24:28 PM java.util.prefs.FileSystemPreferences syncWorld
2026-08-18 20:24:28,271 [ERROR] LogOutputStream:75 - [STDERR_REDIRECT] WARNING: Couldn't flush system prefs: java.util.prefs.BackingStoreException: Couldn't get file lock.
2026-08-18 20:24:28,271 [ERROR] LogOutputStream:75 - [STDERR_REDIRECT] 
2026-08-18 20:24:58,270 [ERROR] LogOutputStream:75 - [STDERR_REDIRECT] Aug 18, 2026 8:24:58 PM java.util.prefs.FileSystemPreferences checkLockFile0ErrorCode
2026-08-18 20:24:58,270 [ERROR] LogOutputStream:75 - [STDERR_REDIRECT] WARNING: Could not lock System prefs. Unix error code 2.
2026-08-18 20:24:58,276 [ERROR] LogOutputStream:75 - [STDERR_REDIRECT] 
2026-08-18 20:24:58,277 [ERROR] LogOutputStream:75 - [STDERR_REDIRECT] Aug 18, 2026 8:24:58 PM java.util.prefs.FileSystemPreferences syncWorld
2026-08-18 20:24:58,277 [ERROR] LogOutputStream:75 - [STDERR_REDIRECT] WARNING: Couldn't flush system prefs: java.util.prefs.BackingStoreException: Couldn't get file lock.
2026-08-18 20:24:58,277 [ERROR] LogOutputStream:75 - [STDERR_REDIRECT] 
2026-08-18 20:25:28,270 [ERROR] LogOutputStream:75 - [STDERR_REDIRECT] Aug 18, 2026 8:25:28 PM java.util.prefs.FileSystemPreferences checkLockFile0ErrorCode
2026-08-18 20:25:28,270 [ERROR] LogOutputStream:75 - [STDERR_REDIRECT] WARNING: Could not lock System prefs. Unix error code 2.
2026-08-18 20:25:28,270 [ERROR] LogOutputStream:75 - [STDERR_REDIRECT] 
2026-08-18 20:25:28,271 [ERROR] LogOutputStream:75 - [STDERR_REDIRECT] Aug 18, 2026 8:25:28 PM java.util.prefs.FileSystemPreferences syncWorld
2026-08-18 20:25:28,271 [ERROR] LogOutputStream:75 - [STDERR_REDIRECT] WARNING: Couldn't flush system prefs: java.util.prefs.BackingStoreException: Couldn't get file lock.
2026-08-18 20:25:28,271 [ERROR] LogOutputStream:75 - [STDERR_REDIRECT] 
2026-08-18 20:25:58,270 [ERROR] LogOutputStream:75 - [STDERR_REDIRECT] Aug 18, 2026 8:25:58 PM java.util.prefs.FileSystemPreferences checkLockFile0ErrorCode
2026-08-18 20:25:58,270 [ERROR] LogOutputStream:75 - [STDERR_REDIRECT] WARNING: Could not lock System prefs. Unix error code 2.
2026-08-18 20:25:58,270 [ERROR] LogOutputStream:75 - [STDERR_REDIRECT] 
2026-08-18 20:25:58,271 [ERROR] LogOutputStream:75 - [STDERR_REDIRECT] Aug 18, 2026 8:25:58 PM java.util.prefs.FileSystemPreferences syncWorld
2026-08-18 20:25:58,271 [ERROR] LogOutputStream:75 - [STDERR_REDIRECT] WARNING: Couldn't flush system prefs: java.util.prefs.BackingStoreException: Couldn't get file lock.
2026-08-18 20:25:58,271 [ERROR] LogOutputStream:75 - [STDERR_REDIRECT] 
2026-08-18 20:26:28,270 [ERROR] LogOutputStream:75 - [STDERR_REDIRECT] Aug 18, 2026 8:26:28 PM java.util.prefs.FileSystemPreferences checkLockFile0ErrorCode
2026-08-18 20:26:28,270 [ERROR] LogOutputStream:75 - [STDERR_REDIRECT] WARNING: Could not lock System prefs. Unix error code 2.
2026-08-18 20:26:28,270 [ERROR] LogOutputStream:75 - [STDERR_REDIRECT] 
2026-08-18 20:26:28,271 [ERROR] LogOutputStream:75 - [STDERR_REDIRECT] Aug 18, 2026 8:26:28 PM java.util.prefs.FileSystemPreferences syncWorld
2026-08-18 20:26:28,271 [ERROR] LogOutputStream:75 - [STDERR_REDIRECT] WARNING: Couldn't flush system prefs: java.util.prefs.BackingStoreException: Couldn't get file lock.
2026-08-18 20:26:28,271 [ERROR] LogOutputStream:75 - [STDERR_REDIRECT] 
2026-08-18 20:26:58,270 [ERROR] LogOutputStream:75 - [STDERR_REDIRECT] Aug 18, 2026 8:26:58 PM java.util.prefs.FileSystemPreferences checkLockFile0ErrorCode
2026-08-18 20:26:58,270 [ERROR] LogOutputStream:75 - [STDERR_REDIRECT] WARNING: Could not lock System prefs. Unix error code 2.
2026-08-18 20:26:58,270 [ERROR] LogOutputStream:75 - [STDERR_REDIRECT] 
2026-08-18 20:26:58,271 [ERROR] LogOutputStream:75 - [STDERR_REDIRECT] Aug 18, 2026 8:26:58 PM java.util.prefs.FileSystemPreferences syncWorld
2026-08-18 20:26:58,271 [ERROR] LogOutputStream:75 - [STDERR_REDIRECT] WARNING: Couldn't flush system prefs: java.util.prefs.BackingStoreException: Couldn't get file lock.
2026-08-18 20:26:58,271 [ERROR] LogOutputStream:75 - [STDERR_REDIRECT] 
2026-08-18 20:27:28,269 [ERROR] LogOutputStream:75 - [STDERR_REDIRECT] Aug 18, 2026 8:27:28 PM java.util.prefs.FileSystemPreferences checkLockFile0ErrorCode
2026-08-18 20:27:28,270 [ERROR] LogOutputStream:75 - [STDERR_REDIRECT] WARNING: Could not lock System prefs. Unix error code 2.
2026-08-18 20:27:28,270 [ERROR] LogOutputStream:75 - [STDERR_REDIRECT] 
2026-08-18 20:27:28,271 [ERROR] LogOutputStream:75 - [STDERR_REDIRECT] Aug 18, 2026 8:27:28 PM java.util.prefs.FileSystemPreferences syncWorld
2026-08-18 20:27:28,271 [ERROR] LogOutputStream:75 - [STDERR_REDIRECT] WARNING: Couldn't flush system prefs: java.util.prefs.BackingStoreException: Couldn't get file lock.
2026-08-18 20:27:28,271 [ERROR] LogOutputStream:75 - [STDERR_REDIRECT] 
2026-08-18 20:27:58,270 [ERROR] LogOutputStream:75 - [STDERR_REDIRECT] Aug 18, 2026 8:27:58 PM java.util.prefs.FileSystemPreferences checkLockFile0ErrorCode
2026-08-18 20:27:58,270 [ERROR] LogOutputStream:75 - [STDERR_REDIRECT] WARNING: Could not lock System prefs. Unix error code 2.
2026-08-18 20:27:58,270 [ERROR] LogOutputStream:75 - [STDERR_REDIRECT] 
2026-08-18 20:27:58,271 [ERROR] LogOutputStream:75 - [STDERR_REDIRECT] Aug 18, 2026 8:27:58 PM java.util.prefs.FileSystemPreferences syncWorld
2026-08-18 20:27:58,271 [ERROR] LogOutputStream:75 - [STDERR_REDIRECT] WARNING: Couldn't flush system prefs: java.util.prefs.BackingStoreException: Couldn't get file lock.
2026-08-18 20:27:58,271 [ERROR] LogOutputStream:75 - [STDERR_REDIRECT] 
2026-08-18 20:28:28,270 [ERROR] LogOutputStream:75 - [STDERR_REDIRECT] Aug 18, 2026 8:28:28 PM java.util.prefs.FileSystemPreferences checkLockFile0ErrorCode
2026-08-18 20:28:28,271 [ERROR] LogOutputStream:75 - [STDERR_REDIRECT] WARNING: Could not lock System prefs. Unix error code 2.
2026-08-18 20:28:28,271 [ERROR] LogOutputStream:75 - [STDERR_REDIRECT] 
2026-08-18 20:28:28,272 [ERROR] LogOutputStream:75 - [STDERR_REDIRECT] Aug 18, 2026 8:28:28 PM java.util.prefs.FileSystemPreferences syncWorld
2026-08-18 20:28:28,272 [ERROR] LogOutputStream:75 - [STDERR_REDIRECT] WARNING: Couldn't flush system prefs: java.util.prefs.BackingStoreException: Couldn't get file lock.
2026-08-18 20:28:28,272 [ERROR] LogOutputStream:75 - [STDERR_REDIRECT] 
2026-08-18 20:28:58,270 [ERROR] LogOutputStream:75 - [STDERR_REDIRECT] Aug 18, 2026 8:28:58 PM java.util.prefs.FileSystemPreferences checkLockFile0ErrorCode
2026-08-18 20:28:58,271 [ERROR] LogOutputStream:75 - [STDERR_REDIRECT] WARNING: Could not lock System prefs. Unix error code 2.
2026-08-18 20:28:58,271 [ERROR] LogOutputStream:75 - [STDERR_REDIRECT] 
2026-08-18 20:28:58,271 [ERROR] LogOutputStream:75 - [STDERR_REDIRECT] Aug 18, 2026 8:28:58 PM java.util.prefs.FileSystemPreferences syncWorld
2026-08-18 20:28:58,272 [ERROR] LogOutputStream:75 - [STDERR_REDIRECT] WARNING: Couldn't flush system prefs: java.util.prefs.BackingStoreException: Couldn't get file lock.
2026-08-18 20:28:58,272 [ERROR] LogOutputStream:75 - [STDERR_REDIRECT] 
2026-08-18 20:29:28,271 [ERROR] LogOutputStream:75 - [STDERR_REDIRECT] Aug 18, 2026 8:29:28 PM java.util.prefs.FileSystemPreferences checkLockFile0ErrorCode
2026-08-18 20:29:28,271 [ERROR] LogOutputStream:75 - [STDERR_REDIRECT] WARNING: Could not lock System prefs. Unix error code 2.
2026-08-18 20:29:28,271 [ERROR] LogOutputStream:75 - [STDERR_REDIRECT] 
2026-08-18 20:29:28,272 [ERROR] LogOutputStream:75 - [STDERR_REDIRECT] Aug 18, 2026 8:29:28 PM java.util.prefs.FileSystemPreferences syncWorld
2026-08-18 20:29:28,272 [ERROR] LogOutputStream:75 - [STDERR_REDIRECT] WARNING: Couldn't flush system prefs: java.util.prefs.BackingStoreException: Couldn't get file lock.
2026-08-18 20:29:28,272 [ERROR] LogOutputStream:75 - [STDERR_REDIRECT] 
2026-08-18 20:29:58,270 [ERROR] LogOutputStream:75 - [STDERR_REDIRECT] Aug 18, 2026 8:29:58 PM java.util.prefs.FileSystemPreferences checkLockFile0ErrorCode
2026-08-18 20:29:58,271 [ERROR] LogOutputStream:75 - [STDERR_REDIRECT] WARNING: Could not lock System prefs. Unix error code 2.
2026-08-18 20:29:58,271 [ERROR] LogOutputStream:75 - [STDERR_REDIRECT] 
2026-08-18 20:29:58,271 [ERROR] LogOutputStream:75 - [STDERR_REDIRECT] Aug 18, 2026 8:29:58 PM java.util.prefs.FileSystemPreferences syncWorld
2026-08-18 20:29:58,271 [ERROR] LogOutputStream:75 - [STDERR_REDIRECT] WARNING: Couldn't flush system prefs: java.util.prefs.BackingStoreException: Couldn't get file lock.
2026-08-18 20:29:58,272 [ERROR] LogOutputStream:75 - [STDERR_REDIRECT] 
2026-08-18 20:30:28,270 [ERROR] LogOutputStream:75 - [STDERR_REDIRECT] Aug 18, 2026 8:30:28 PM java.util.prefs.FileSystemPreferences checkLockFile0ErrorCode
2026-08-18 20:30:28,270 [ERROR] LogOutputStream:75 - [STDERR_REDIRECT] WARNING: Could not lock System prefs. Unix error code 2.
2026-08-18 20:30:28,270 [ERROR] LogOutputStream:75 - [STDERR_REDIRECT] 
2026-08-18 20:30:28,271 [ERROR] LogOutputStream:75 - [STDERR_REDIRECT] Aug 18, 2026 8:30:28 PM java.util.prefs.FileSystemPreferences syncWorld
2026-08-18 20:30:28,271 [ERROR] LogOutputStream:75 - [STDERR_REDIRECT] WARNING: Couldn't flush system prefs: java.util.prefs.BackingStoreException: Couldn't get file lock.
2026-08-18 20:30:28,271 [ERROR] LogOutputStream:75 - [STDERR_REDIRECT] 
2026-08-18 20:30:58,271 [ERROR] LogOutputStream:75 - [STDERR_REDIRECT] Aug 18, 2026 8:30:58 PM java.util.prefs.FileSystemPreferences checkLockFile0ErrorCode
2026-08-18 20:30:58,271 [ERROR] LogOutputStream:75 - [STDERR_REDIRECT] WARNING: Could not lock System prefs. Unix error code 2.
2026-08-18 20:30:58,271 [ERROR] LogOutputStream:75 - [STDERR_REDIRECT] 
2026-08-18 20:30:58,272 [ERROR] LogOutputStream:75 - [STDERR_REDIRECT] Aug 18, 2026 8:30:58 PM java.util.prefs.FileSystemPreferences syncWorld
2026-08-18 20:30:58,272 [ERROR] LogOutputStream:75 - [STDERR_REDIRECT] WARNING: Couldn't flush system prefs: java.util.prefs.BackingStoreException: Couldn't get file lock.
2026-08-18 20:30:58,272 [ERROR] LogOutputStream:75 - [STDERR_REDIRECT] 
2026-08-18 20:31:28,272 [ERROR] LogOutputStream:75 - [STDERR_REDIRECT] Aug 18, 2026 8:31:28 PM java.util.prefs.FileSystemPreferences checkLockFile0ErrorCode
2026-08-18 20:31:28,273 [ERROR] LogOutputStream:75 - [STDERR_REDIRECT] WARNING: Could not lock System prefs. Unix error code 2.
2026-08-18 20:31:28,273 [ERROR] LogOutputStream:75 - [STDERR_REDIRECT] 
2026-08-18 20:31:28,274 [ERROR] LogOutputStream:75 - [STDERR_REDIRECT] Aug 18, 2026 8:31:28 PM java.util.prefs.FileSystemPreferences syncWorld
2026-08-18 20:31:28,274 [ERROR] LogOutputStream:75 - [STDERR_REDIRECT] WARNING: Couldn't flush system prefs: java.util.prefs.BackingStoreException: Couldn't get file lock.
2026-08-18 20:31:28,274 [ERROR] LogOutputStream:75 - [STDERR_REDIRECT] 
2026-08-18 20:31:58,271 [ERROR] LogOutputStream:75 - [STDERR_REDIRECT] Aug 18, 2026 8:31:58 PM java.util.prefs.FileSystemPreferences checkLockFile0ErrorCode
2026-08-18 20:31:58,272 [ERROR] LogOutputStream:75 - [STDERR_REDIRECT] WARNING: Could not lock System prefs. Unix error code 2.
2026-08-18 20:31:58,272 [ERROR] LogOutputStream:75 - [STDERR_REDIRECT] 
2026-08-18 20:31:58,272 [ERROR] LogOutputStream:75 - [STDERR_REDIRECT] Aug 18, 2026 8:31:58 PM java.util.prefs.FileSystemPreferences syncWorld
2026-08-18 20:31:58,272 [ERROR] LogOutputStream:75 - [STDERR_REDIRECT] WARNING: Couldn't flush system prefs: java.util.prefs.BackingStoreException: Couldn't get file lock.
2026-08-18 20:31:58,273 [ERROR] LogOutputStream:75 - [STDERR_REDIRECT] 
2026-08-18 20:32:28,271 [ERROR] LogOutputStream:75 - [STDERR_REDIRECT] Aug 18, 2026 8:32:28 PM java.util.prefs.FileSystemPreferences checkLockFile0ErrorCode
2026-08-18 20:32:28,271 [ERROR] LogOutputStream:75 - [STDERR_REDIRECT] WARNING: Could not lock System prefs. Unix error code 2.
2026-08-18 20:32:28,271 [ERROR] LogOutputStream:75 - [STDERR_REDIRECT] 
2026-08-18 20:32:28,272 [ERROR] LogOutputStream:75 - [STDERR_REDIRECT] Aug 18, 2026 8:32:28 PM java.util.prefs.FileSystemPreferences syncWorld
2026-08-18 20:32:28,272 [ERROR] LogOutputStream:75 - [STDERR_REDIRECT] WARNING: Couldn't flush system prefs: java.util.prefs.BackingStoreException: Couldn't get file lock.
2026-08-18 20:32:28,272 [ERROR] LogOutputStream:75 - [STDERR_REDIRECT] 
2026-08-18 20:32:58,271 [ERROR] LogOutputStream:75 - [STDERR_REDIRECT] Aug 18, 2026 8:32:58 PM java.util.prefs.FileSystemPreferences checkLockFile0ErrorCode
2026-08-18 20:32:58,272 [ERROR] LogOutputStream:75 - [STDERR_REDIRECT] WARNING: Could not lock System prefs. Unix error code 2.
2026-08-18 20:32:58,272 [ERROR] LogOutputStream:75 - [STDERR_REDIRECT] 
2026-08-18 20:32:58,273 [ERROR] LogOutputStream:75 - [STDERR_REDIRECT] Aug 18, 2026 8:32:58 PM java.util.prefs.FileSystemPreferences syncWorld
2026-08-18 20:32:58,273 [ERROR] LogOutputStream:75 - [STDERR_REDIRECT] WARNING: Couldn't flush system prefs: java.util.prefs.BackingStoreException: Couldn't get file lock.
2026-08-18 20:32:58,273 [ERROR] LogOutputStream:75 - [STDERR_REDIRECT] 
2026-08-18 20:33:28,271 [ERROR] LogOutputStream:75 - [STDERR_REDIRECT] Aug 18, 2026 8:33:28 PM java.util.prefs.FileSystemPreferences checkLockFile0ErrorCode
2026-08-18 20:33:28,271 [ERROR] LogOutputStream:75 - [STDERR_REDIRECT] WARNING: Could not lock System prefs. Unix error code 2.
2026-08-18 20:33:28,271 [ERROR] LogOutputStream:75 - [STDERR_REDIRECT] 
2026-08-18 20:33:28,272 [ERROR] LogOutputStream:75 - [STDERR_REDIRECT] Aug 18, 2026 8:33:28 PM java.util.prefs.FileSystemPreferences syncWorld
2026-08-18 20:33:28,272 [ERROR] LogOutputStream:75 - [STDERR_REDIRECT] WARNING: Couldn't flush system prefs: java.util.prefs.BackingStoreException: Couldn't get file lock.
2026-08-18 20:33:28,272 [ERROR] LogOutputStream:75 - [STDERR_REDIRECT] 
2026-08-18 20:33:58,271 [ERROR] LogOutputStream:75 - [STDERR_REDIRECT] Aug 18, 2026 8:33:58 PM java.util.prefs.FileSystemPreferences checkLockFile0ErrorCode
2026-08-18 20:33:58,272 [ERROR] LogOutputStream:75 - [STDERR_REDIRECT] WARNING: Could not lock System prefs. Unix error code 2.
2026-08-18 20:33:58,272 [ERROR] LogOutputStream:75 - [STDERR_REDIRECT] 
2026-08-18 20:33:58,273 [ERROR] LogOutputStream:75 - [STDERR_REDIRECT] Aug 18, 2026 8:33:58 PM java.util.prefs.FileSystemPreferences syncWorld
2026-08-18 20:33:58,273 [ERROR] LogOutputStream:75 - [STDERR_REDIRECT] WARNING: Couldn't flush system prefs: java.util.prefs.BackingStoreException: Couldn't get file lock.
2026-08-18 20:33:58,273 [ERROR] LogOutputStream:75 - [STDERR_REDIRECT] 
2026-08-18 20:34:28,271 [ERROR] LogOutputStream:75 - [STDERR_REDIRECT] Aug 18, 2026 8:34:28 PM java.util.prefs.FileSystemPreferences checkLockFile0ErrorCode
2026-08-18 20:34:28,272 [ERROR] LogOutputStream:75 - [STDERR_REDIRECT] WARNING: Could not lock System prefs. Unix error code 2.
2026-08-18 20:34:28,272 [ERROR] LogOutputStream:75 - [STDERR_REDIRECT] 
2026-08-18 20:34:28,273 [ERROR] LogOutputStream:75 - [STDERR_REDIRECT] Aug 18, 2026 8:34:28 PM java.util.prefs.FileSystemPreferences syncWorld
2026-08-18 20:34:28,273 [ERROR] LogOutputStream:75 - [STDERR_REDIRECT] WARNING: Couldn't flush system prefs: java.util.prefs.BackingStoreException: Couldn't get file lock.
2026-08-18 20:34:28,273 [ERROR] LogOutputStream:75 - [STDERR_REDIRECT] 
2026-08-18 20:34:58,272 [ERROR] LogOutputStream:75 - [STDERR_REDIRECT] Aug 18, 2026 8:34:58 PM java.util.prefs.FileSystemPreferences checkLockFile0ErrorCode
2026-08-18 20:34:58,273 [ERROR] LogOutputStream:75 - [STDERR_REDIRECT] WARNING: Could not lock System prefs. Unix error code 2.
2026-08-18 20:34:58,273 [ERROR] LogOutputStream:75 - [STDERR_REDIRECT] 
2026-08-18 20:34:58,273 [ERROR] LogOutputStream:75 - [STDERR_REDIRECT] Aug 18, 2026 8:34:58 PM java.util.prefs.FileSystemPreferences syncWorld
2026-08-18 20:34:58,273 [ERROR] LogOutputStream:75 - [STDERR_REDIRECT] WARNING: Couldn't flush system prefs: java.util.prefs.BackingStoreException: Couldn't get file lock.
2026-08-18 20:34:58,273 [ERROR] LogOutputStream:75 - [STDERR_REDIRECT] 
2026-08-18 20:35:28,272 [ERROR] LogOutputStream:75 - [STDERR_REDIRECT] Aug 18, 2026 8:35:28 PM java.util.prefs.FileSystemPreferences checkLockFile0ErrorCode
2026-08-18 20:35:28,273 [ERROR] LogOutputStream:75 - [STDERR_REDIRECT] WARNING: Could not lock System prefs. Unix error code 2.
2026-08-18 20:35:28,273 [ERROR] LogOutputStream:75 - [STDERR_REDIRECT] 
2026-08-18 20:35:28,273 [ERROR] LogOutputStream:75 - [STDERR_REDIRECT] Aug 18, 2026 8:35:28 PM java.util.prefs.FileSystemPreferences syncWorld
2026-08-18 20:35:28,274 [ERROR] LogOutputStream:75 - [STDERR_REDIRECT] WARNING: Couldn't flush system prefs: java.util.prefs.BackingStoreException: Couldn't get file lock.
2026-08-18 20:35:28,274 [ERROR] LogOutputStream:75 - [STDERR_REDIRECT] 
2026-08-18 20:35:58,273 [ERROR] LogOutputStream:75 - [STDERR_REDIRECT] Aug 18, 2026 8:35:58 PM java.util.prefs.FileSystemPreferences checkLockFile0ErrorCode
2026-08-18 20:35:58,273 [ERROR] LogOutputStream:75 - [STDERR_REDIRECT] WARNING: Could not lock System prefs. Unix error code 2.
2026-08-18 20:35:58,274 [ERROR] LogOutputStream:75 - [STDERR_REDIRECT] 
2026-08-18 20:35:58,274 [ERROR] LogOutputStream:75 - [STDERR_REDIRECT] Aug 18, 2026 8:35:58 PM java.util.prefs.FileSystemPreferences syncWorld
2026-08-18 20:35:58,274 [ERROR] LogOutputStream:75 - [STDERR_REDIRECT] WARNING: Couldn't flush system prefs: java.util.prefs.BackingStoreException: Couldn't get file lock.
2026-08-18 20:35:58,275 [ERROR] LogOutputStream:75 - [STDERR_REDIRECT] 
2026-08-18 20:36:28,273 [ERROR] LogOutputStream:75 - [STDERR_REDIRECT] Aug 18, 2026 8:36:28 PM java.util.prefs.FileSystemPreferences checkLockFile0ErrorCode
2026-08-18 20:36:28,273 [ERROR] LogOutputStream:75 - [STDERR_REDIRECT] WARNING: Could not lock System prefs. Unix error code 2.
2026-08-18 20:36:28,273 [ERROR] LogOutputStream:75 - [STDERR_REDIRECT] 
2026-08-18 20:36:28,274 [ERROR] LogOutputStream:75 - [STDERR_REDIRECT] Aug 18, 2026 8:36:28 PM java.util.prefs.FileSystemPreferences syncWorld
2026-08-18 20:36:28,274 [ERROR] LogOutputStream:75 - [STDERR_REDIRECT] WARNING: Couldn't flush system prefs: java.util.prefs.BackingStoreException: Couldn't get file lock.
2026-08-18 20:36:28,274 [ERROR] LogOutputStream:75 - [STDERR_REDIRECT] 
2026-08-18 20:36:58,273 [ERROR] LogOutputStream:75 - [STDERR_REDIRECT] Aug 18, 2026 8:36:58 PM java.util.prefs.FileSystemPreferences checkLockFile0ErrorCode
2026-08-18 20:36:58,273 [ERROR] LogOutputStream:75 - [STDERR_REDIRECT] WARNING: Could not lock System prefs. Unix error code 2.
2026-08-18 20:36:58,273 [ERROR] LogOutputStream:75 - [STDERR_REDIRECT] 
2026-08-18 20:36:58,274 [ERROR] LogOutputStream:75 - [STDERR_REDIRECT] Aug 18, 2026 8:36:58 PM java.util.prefs.FileSystemPreferences syncWorld
2026-08-18 20:36:58,274 [ERROR] LogOutputStream:75 - [STDERR_REDIRECT] WARNING: Couldn't flush system prefs: java.util.prefs.BackingStoreException: Couldn't get file lock.
2026-08-18 20:36:58,274 [ERROR] LogOutputStream:75 - [STDERR_REDIRECT] 
2026-08-18 20:37:28,274 [ERROR] LogOutputStream:75 - [STDERR_REDIRECT] Aug 18, 2026 8:37:28 PM java.util.prefs.FileSystemPreferences checkLockFile0ErrorCode
2026-08-18 20:37:28,274 [ERROR] LogOutputStream:75 - [STDERR_REDIRECT] WARNING: Could not lock System prefs. Unix error code 2.
2026-08-18 20:37:28,274 [ERROR] LogOutputStream:75 - [STDERR_REDIRECT] 
2026-08-18 20:37:28,274 [ERROR] LogOutputStream:75 - [STDERR_REDIRECT] Aug 18, 2026 8:37:28 PM java.util.prefs.FileSystemPreferences syncWorld
2026-08-18 20:37:28,275 [ERROR] LogOutputStream:75 - [STDERR_REDIRECT] WARNING: Couldn't flush system prefs: java.util.prefs.BackingStoreException: Couldn't get file lock.
2026-08-18 20:37:28,275 [ERROR] LogOutputStream:75 - [STDERR_REDIRECT] 
2026-08-18 20:37:58,274 [ERROR] LogOutputStream:75 - [STDERR_REDIRECT] Aug 18, 2026 8:37:58 PM java.util.prefs.FileSystemPreferences checkLockFile0ErrorCode
2026-08-18 20:37:58,274 [ERROR] LogOutputStream:75 - [STDERR_REDIRECT] WARNING: Could not lock System prefs. Unix error code 2.
2026-08-18 20:37:58,274 [ERROR] LogOutputStream:75 - [STDERR_REDIRECT] 
2026-08-18 20:37:58,275 [ERROR] LogOutputStream:75 - [STDERR_REDIRECT] Aug 18, 2026 8:37:58 PM java.util.prefs.FileSystemPreferences syncWorld
2026-08-18 20:37:58,275 [ERROR] LogOutputStream:75 - [STDERR_REDIRECT] WARNING: Couldn't flush system prefs: java.util.prefs.BackingStoreException: Couldn't get file lock.
2026-08-18 20:37:58,275 [ERROR] LogOutputStream:75 - [STDERR_REDIRECT] 
2026-08-18 20:38:28,274 [ERROR] LogOutputStream:75 - [STDERR_REDIRECT] Aug 18, 2026 8:38:28 PM java.util.prefs.FileSystemPreferences checkLockFile0ErrorCode
2026-08-18 20:38:28,274 [ERROR] LogOutputStream:75 - [STDERR_REDIRECT] WARNING: Could not lock System prefs. Unix error code 2.
2026-08-18 20:38:28,274 [ERROR] LogOutputStream:75 - [STDERR_REDIRECT] 
2026-08-18 20:38:28,275 [ERROR] LogOutputStream:75 - [STDERR_REDIRECT] Aug 18, 2026 8:38:28 PM java.util.prefs.FileSystemPreferences syncWorld
2026-08-18 20:38:28,275 [ERROR] LogOutputStream:75 - [STDERR_REDIRECT] WARNING: Couldn't flush system prefs: java.util.prefs.BackingStoreException: Couldn't get file lock.
2026-08-18 20:38:28,275 [ERROR] LogOutputStream:75 - [STDERR_REDIRECT] 
2026-08-18 20:38:58,274 [ERROR] LogOutputStream:75 - [STDERR_REDIRECT] Aug 18, 2026 8:38:58 PM java.util.prefs.FileSystemPreferences checkLockFile0ErrorCode
2026-08-18 20:38:58,275 [ERROR] LogOutputStream:75 - [STDERR_REDIRECT] WARNING: Could not lock System prefs. Unix error code 2.
2026-08-18 20:38:58,275 [ERROR] LogOutputStream:75 - [STDERR_REDIRECT] 
2026-08-18 20:38:58,275 [ERROR] LogOutputStream:75 - [STDERR_REDIRECT] Aug 18, 2026 8:38:58 PM java.util.prefs.FileSystemPreferences syncWorld
2026-08-18 20:38:58,275 [ERROR] LogOutputStream:75 - [STDERR_REDIRECT] WARNING: Couldn't flush system prefs: java.util.prefs.BackingStoreException: Couldn't get file lock.
2026-08-18 20:38:58,276 [ERROR] LogOutputStream:75 - [STDERR_REDIRECT] 
2026-08-18 20:39:28,273 [ERROR] LogOutputStream:75 - [STDERR_REDIRECT] Aug 18, 2026 8:39:28 PM java.util.prefs.FileSystemPreferences checkLockFile0ErrorCode
2026-08-18 20:39:28,274 [ERROR] LogOutputStream:75 - [STDERR_REDIRECT] WARNING: Could not lock System prefs. Unix error code 2.
2026-08-18 20:39:28,274 [ERROR] LogOutputStream:75 - [STDERR_REDIRECT] 
2026-08-18 20:39:28,275 [ERROR] LogOutputStream:75 - [STDERR_REDIRECT] Aug 18, 2026 8:39:28 PM java.util.prefs.FileSystemPreferences syncWorld
2026-08-18 20:39:28,275 [ERROR] LogOutputStream:75 - [STDERR_REDIRECT] WARNING: Couldn't flush system prefs: java.util.prefs.BackingStoreException: Couldn't get file lock.
2026-08-18 20:39:28,275 [ERROR] LogOutputStream:75 - [STDERR_REDIRECT] 
2026-08-18 20:39:58,274 [ERROR] LogOutputStream:75 - [STDERR_REDIRECT] Aug 18, 2026 8:39:58 PM java.util.prefs.FileSystemPreferences checkLockFile0ErrorCode
2026-08-18 20:39:58,275 [ERROR] LogOutputStream:75 - [STDERR_REDIRECT] WARNING: Could not lock System prefs. Unix error code 2.
2026-08-18 20:39:58,275 [ERROR] LogOutputStream:75 - [STDERR_REDIRECT] 
2026-08-18 20:39:58,275 [ERROR] LogOutputStream:75 - [STDERR_REDIRECT] Aug 18, 2026 8:39:58 PM java.util.prefs.FileSystemPreferences syncWorld
2026-08-18 20:39:58,276 [ERROR] LogOutputStream:75 - [STDERR_REDIRECT] WARNING: Couldn't flush system prefs: java.util.prefs.BackingStoreException: Couldn't get file lock.
2026-08-18 20:39:58,276 [ERROR] LogOutputStream:75 - [STDERR_REDIRECT] 
2026-08-18 20:40:28,274 [ERROR] LogOutputStream:75 - [STDERR_REDIRECT] Aug 18, 2026 8:40:28 PM java.util.prefs.FileSystemPreferences checkLockFile0ErrorCode
2026-08-18 20:40:28,274 [ERROR] LogOutputStream:75 - [STDERR_REDIRECT] WARNING: Could not lock System prefs. Unix error code 2.
2026-08-18 20:40:28,275 [ERROR] LogOutputStream:75 - [STDERR_REDIRECT] 
2026-08-18 20:40:28,275 [ERROR] LogOutputStream:75 - [STDERR_REDIRECT] Aug 18, 2026 8:40:28 PM java.util.prefs.FileSystemPreferences syncWorld
2026-08-18 20:40:28,275 [ERROR] LogOutputStream:75 - [STDERR_REDIRECT] WARNING: Couldn't flush system prefs: java.util.prefs.BackingStoreException: Couldn't get file lock.
2026-08-18 20:40:28,275 [ERROR] LogOutputStream:75 - [STDERR_REDIRECT] 
2026-08-18 20:40:58,275 [ERROR] LogOutputStream:75 - [STDERR_REDIRECT] Aug 18, 2026 8:40:58 PM java.util.prefs.FileSystemPreferences checkLockFile0ErrorCode
2026-08-18 20:40:58,275 [ERROR] LogOutputStream:75 - [STDERR_REDIRECT] WARNING: Could not lock System prefs. Unix error code 2.
2026-08-18 20:40:58,275 [ERROR] LogOutputStream:75 - [STDERR_REDIRECT] 
2026-08-18 20:40:58,276 [ERROR] LogOutputStream:75 - [STDERR_REDIRECT] Aug 18, 2026 8:40:58 PM java.util.prefs.FileSystemPreferences syncWorld
2026-08-18 20:40:58,276 [ERROR] LogOutputStream:75 - [STDERR_REDIRECT] WARNING: Couldn't flush system prefs: java.util.prefs.BackingStoreException: Couldn't get file lock.
2026-08-18 20:40:58,276 [ERROR] LogOutputStream:75 - [STDERR_REDIRECT] 
2026-08-18 20:41:28,274 [ERROR] LogOutputStream:75 - [STDERR_REDIRECT] Aug 18, 2026 8:41:28 PM java.util.prefs.FileSystemPreferences checkLockFile0ErrorCode
2026-08-18 20:41:28,275 [ERROR] LogOutputStream:75 - [STDERR_REDIRECT] WARNING: Could not lock System prefs. Unix error code 2.
2026-08-18 20:41:28,275 [ERROR] LogOutputStream:75 - [STDERR_REDIRECT] 
2026-08-18 20:41:28,276 [ERROR] LogOutputStream:75 - [STDERR_REDIRECT] Aug 18, 2026 8:41:28 PM java.util.prefs.FileSystemPreferences syncWorld
2026-08-18 20:41:28,276 [ERROR] LogOutputStream:75 - [STDERR_REDIRECT] WARNING: Couldn't flush system prefs: java.util.prefs.BackingStoreException: Couldn't get file lock.
2026-08-18 20:41:28,276 [ERROR] LogOutputStream:75 - [STDERR_REDIRECT] 
2026-08-18 20:41:58,276 [ERROR] LogOutputStream:75 - [STDERR_REDIRECT] Aug 18, 2026 8:41:58 PM java.util.prefs.FileSystemPreferences checkLockFile0ErrorCode
2026-08-18 20:41:58,276 [ERROR] LogOutputStream:75 - [STDERR_REDIRECT] WARNING: Could not lock System prefs. Unix error code 2.
2026-08-18 20:41:58,276 [ERROR] LogOutputStream:75 - [STDERR_REDIRECT] 
2026-08-18 20:41:58,276 [ERROR] LogOutputStream:75 - [STDERR_REDIRECT] Aug 18, 2026 8:41:58 PM java.util.prefs.FileSystemPreferences syncWorld
2026-08-18 20:41:58,277 [ERROR] LogOutputStream:75 - [STDERR_REDIRECT] WARNING: Couldn't flush system prefs: java.util.prefs.BackingStoreException: Couldn't get file lock.
2026-08-18 20:41:58,277 [ERROR] LogOutputStream:75 - [STDERR_REDIRECT] 
2026-08-18 20:42:28,275 [ERROR] LogOutputStream:75 - [STDERR_REDIRECT] Aug 18, 2026 8:42:28 PM java.util.prefs.FileSystemPreferences checkLockFile0ErrorCode
2026-08-18 20:42:28,275 [ERROR] LogOutputStream:75 - [STDERR_REDIRECT] WARNING: Could not lock System prefs. Unix error code 2.
2026-08-18 20:42:28,276 [ERROR] LogOutputStream:75 - [STDERR_REDIRECT] 
2026-08-18 20:42:28,276 [ERROR] LogOutputStream:75 - [STDERR_REDIRECT] Aug 18, 2026 8:42:28 PM java.util.prefs.FileSystemPreferences syncWorld
2026-08-18 20:42:28,276 [ERROR] LogOutputStream:75 - [STDERR_REDIRECT] WARNING: Couldn't flush system prefs: java.util.prefs.BackingStoreException: Couldn't get file lock.
2026-08-18 20:42:28,276 [ERROR] LogOutputStream:75 - [STDERR_REDIRECT] 
2026-08-18 20:42:58,275 [ERROR] LogOutputStream:75 - [STDERR_REDIRECT] Aug 18, 2026 8:42:58 PM java.util.prefs.FileSystemPreferences checkLockFile0ErrorCode
2026-08-18 20:42:58,276 [ERROR] LogOutputStream:75 - [STDERR_REDIRECT] WARNING: Could not lock System prefs. Unix error code 2.
2026-08-18 20:42:58,276 [ERROR] LogOutputStream:75 - [STDERR_REDIRECT] 
2026-08-18 20:42:58,276 [ERROR] LogOutputStream:75 - [STDERR_REDIRECT] Aug 18, 2026 8:42:58 PM java.util.prefs.FileSystemPreferences syncWorld
2026-08-18 20:42:58,276 [ERROR] LogOutputStream:75 - [STDERR_REDIRECT] WARNING: Couldn't flush system prefs: java.util.prefs.BackingStoreException: Couldn't get file lock.
2026-08-18 20:42:58,277 [ERROR] LogOutputStream:75 - [STDERR_REDIRECT] 
2026-08-18 20:43:28,275 [ERROR] LogOutputStream:75 - [STDERR_REDIRECT] Aug 18, 2026 8:43:28 PM java.util.prefs.FileSystemPreferences checkLockFile0ErrorCode
2026-08-18 20:43:28,275 [ERROR] LogOutputStream:75 - [STDERR_REDIRECT] WARNING: Could not lock System prefs. Unix error code 2.
2026-08-18 20:43:28,276 [ERROR] LogOutputStream:75 - [STDERR_REDIRECT] 
2026-08-18 20:43:28,276 [ERROR] LogOutputStream:75 - [STDERR_REDIRECT] Aug 18, 2026 8:43:28 PM java.util.prefs.FileSystemPreferences syncWorld
2026-08-18 20:43:28,281 [ERROR] LogOutputStream:75 - [STDERR_REDIRECT] WARNING: Couldn't flush system prefs: java.util.prefs.BackingStoreException: Couldn't get file lock.
2026-08-18 20:43:28,281 [ERROR] LogOutputStream:75 - [STDERR_REDIRECT] 
2026-08-18 20:43:58,276 [ERROR] LogOutputStream:75 - [STDERR_REDIRECT] Aug 18, 2026 8:43:58 PM java.util.prefs.FileSystemPreferences checkLockFile0ErrorCode
2026-08-18 20:43:58,276 [ERROR] LogOutputStream:75 - [STDERR_REDIRECT] WARNING: Could not lock System prefs. Unix error code 2.
2026-08-18 20:43:58,276 [ERROR] LogOutputStream:75 - [STDERR_REDIRECT] 
2026-08-18 20:43:58,277 [ERROR] LogOutputStream:75 - [STDERR_REDIRECT] Aug 18, 2026 8:43:58 PM java.util.prefs.FileSystemPreferences syncWorld
2026-08-18 20:43:58,277 [ERROR] LogOutputStream:75 - [STDERR_REDIRECT] WARNING: Couldn't flush system prefs: java.util.prefs.BackingStoreException: Couldn't get file lock.
2026-08-18 20:43:58,277 [ERROR] LogOutputStream:75 - [STDERR_REDIRECT] 
2026-08-18 20:44:28,276 [ERROR] LogOutputStream:75 - [STDERR_REDIRECT] Aug 18, 2026 8:44:28 PM java.util.prefs.FileSystemPreferences checkLockFile0ErrorCode
2026-08-18 20:44:28,276 [ERROR] LogOutputStream:75 - [STDERR_REDIRECT] WARNING: Could not lock System prefs. Unix error code 2.
2026-08-18 20:44:28,277 [ERROR] LogOutputStream:75 - [STDERR_REDIRECT] 
2026-08-18 20:44:28,277 [ERROR] LogOutputStream:75 - [STDERR_REDIRECT] Aug 18, 2026 8:44:28 PM java.util.prefs.FileSystemPreferences syncWorld
2026-08-18 20:44:28,277 [ERROR] LogOutputStream:75 - [STDERR_REDIRECT] WARNING: Couldn't flush system prefs: java.util.prefs.BackingStoreException: Couldn't get file lock.
2026-08-18 20:44:28,277 [ERROR] LogOutputStream:75 - [STDERR_REDIRECT] 
2026-08-18 20:44:58,276 [ERROR] LogOutputStream:75 - [STDERR_REDIRECT] Aug 18, 2026 8:44:58 PM java.util.prefs.FileSystemPreferences checkLockFile0ErrorCode
2026-08-18 20:44:58,277 [ERROR] LogOutputStream:75 - [STDERR_REDIRECT] WARNING: Could not lock System prefs. Unix error code 2.
2026-08-18 20:44:58,277 [ERROR] LogOutputStream:75 - [STDERR_REDIRECT] 
2026-08-18 20:44:58,277 [ERROR] LogOutputStream:75 - [STDERR_REDIRECT] Aug 18, 2026 8:44:58 PM java.util.prefs.FileSystemPreferences syncWorld
2026-08-18 20:44:58,278 [ERROR] LogOutputStream:75 - [STDERR_REDIRECT] WARNING: Couldn't flush system prefs: java.util.prefs.BackingStoreException: Couldn't get file lock.
2026-08-18 20:44:58,278 [ERROR] LogOutputStream:75 - [STDERR_REDIRECT] 
2026-08-18 20:45:28,276 [ERROR] LogOutputStream:75 - [STDERR_REDIRECT] Aug 18, 2026 8:45:28 PM java.util.prefs.FileSystemPreferences checkLockFile0ErrorCode
2026-08-18 20:45:28,276 [ERROR] LogOutputStream:75 - [STDERR_REDIRECT] WARNING: Could not lock System prefs. Unix error code 2.
2026-08-18 20:45:28,277 [ERROR] LogOutputStream:75 - [STDERR_REDIRECT] 
2026-08-18 20:45:28,277 [ERROR] LogOutputStream:75 - [STDERR_REDIRECT] Aug 18, 2026 8:45:28 PM java.util.prefs.FileSystemPreferences syncWorld
2026-08-18 20:45:28,277 [ERROR] LogOutputStream:75 - [STDERR_REDIRECT] WARNING: Couldn't flush system prefs: java.util.prefs.BackingStoreException: Couldn't get file lock.
2026-08-18 20:45:28,277 [ERROR] LogOutputStream:75 - [STDERR_REDIRECT] 
2026-08-18 20:45:58,276 [ERROR] LogOutputStream:75 - [STDERR_REDIRECT] Aug 18, 2026 8:45:58 PM java.util.prefs.FileSystemPreferences checkLockFile0ErrorCode
2026-08-18 20:45:58,277 [ERROR] LogOutputStream:75 - [STDERR_REDIRECT] WARNING: Could not lock System prefs. Unix error code 2.
2026-08-18 20:45:58,277 [ERROR] LogOutputStream:75 - [STDERR_REDIRECT] 
2026-08-18 20:45:58,278 [ERROR] LogOutputStream:75 - [STDERR_REDIRECT] Aug 18, 2026 8:45:58 PM java.util.prefs.FileSystemPreferences syncWorld
2026-08-18 20:45:58,278 [ERROR] LogOutputStream:75 - [STDERR_REDIRECT] WARNING: Couldn't flush system prefs: java.util.prefs.BackingStoreException: Couldn't get file lock.
2026-08-18 20:45:58,278 [ERROR] LogOutputStream:75 - [STDERR_REDIRECT] 
2026-08-18 20:46:28,276 [ERROR] LogOutputStream:75 - [STDERR_REDIRECT] Aug 18, 2026 8:46:28 PM java.util.prefs.FileSystemPreferences checkLockFile0ErrorCode
2026-08-18 20:46:28,277 [ERROR] LogOutputStream:75 - [STDERR_REDIRECT] WARNING: Could not lock System prefs. Unix error code 2.
2026-08-18 20:46:28,277 [ERROR] LogOutputStream:75 - [STDERR_REDIRECT] 
2026-08-18 20:46:28,277 [ERROR] LogOutputStream:75 - [STDERR_REDIRECT] Aug 18, 2026 8:46:28 PM java.util.prefs.FileSystemPreferences syncWorld
2026-08-18 20:46:28,277 [ERROR] LogOutputStream:75 - [STDERR_REDIRECT] WARNING: Couldn't flush system prefs: java.util.prefs.BackingStoreException: Couldn't get file lock.
2026-08-18 20:46:28,277 [ERROR] LogOutputStream:75 - [STDERR_REDIRECT] 
2026-08-18 20:46:58,276 [ERROR] LogOutputStream:75 - [STDERR_REDIRECT] Aug 18, 2026 8:46:58 PM java.util.prefs.FileSystemPreferences checkLockFile0ErrorCode
2026-08-18 20:46:58,277 [ERROR] LogOutputStream:75 - [STDERR_REDIRECT] WARNING: Could not lock System prefs. Unix error code 2.
2026-08-18 20:46:58,277 [ERROR] LogOutputStream:75 - [STDERR_REDIRECT] 
2026-08-18 20:46:58,277 [ERROR] LogOutputStream:75 - [STDERR_REDIRECT] Aug 18, 2026 8:46:58 PM java.util.prefs.FileSystemPreferences syncWorld
2026-08-18 20:46:58,277 [ERROR] LogOutputStream:75 - [STDERR_REDIRECT] WARNING: Couldn't flush system prefs: java.util.prefs.BackingStoreException: Couldn't get file lock.
2026-08-18 20:46:58,278 [ERROR] LogOutputStream:75 - [STDERR_REDIRECT] 
2026-08-18 20:47:28,277 [ERROR] LogOutputStream:75 - [STDERR_REDIRECT] Aug 18, 2026 8:47:28 PM java.util.prefs.FileSystemPreferences checkLockFile0ErrorCode
2026-08-18 20:47:28,277 [ERROR] LogOutputStream:75 - [STDERR_REDIRECT] WARNING: Could not lock System prefs. Unix error code 2.
2026-08-18 20:47:28,277 [ERROR] LogOutputStream:75 - [STDERR_REDIRECT] 
2026-08-18 20:47:28,277 [ERROR] LogOutputStream:75 - [STDERR_REDIRECT] Aug 18, 2026 8:47:28 PM java.util.prefs.FileSystemPreferences syncWorld
2026-08-18 20:47:28,277 [ERROR] LogOutputStream:75 - [STDERR_REDIRECT] WARNING: Couldn't flush system prefs: java.util.prefs.BackingStoreException: Couldn't get file lock.
2026-08-18 20:47:28,278 [ERROR] LogOutputStream:75 - [STDERR_REDIRECT] 
2026-08-18 20:47:58,277 [ERROR] LogOutputStream:75 - [STDERR_REDIRECT] Aug 18, 2026 8:47:58 PM java.util.prefs.FileSystemPreferences checkLockFile0ErrorCode
2026-08-18 20:47:58,277 [ERROR] LogOutputStream:75 - [STDERR_REDIRECT] WARNING: Could not lock System prefs. Unix error code 2.
2026-08-18 20:47:58,277 [ERROR] LogOutputStream:75 - [STDERR_REDIRECT] 
2026-08-18 20:47:58,277 [ERROR] LogOutputStream:75 - [STDERR_REDIRECT] Aug 18, 2026 8:47:58 PM java.util.prefs.FileSystemPreferences syncWorld
2026-08-18 20:47:58,278 [ERROR] LogOutputStream:75 - [STDERR_REDIRECT] WARNING: Couldn't flush system prefs: java.util.prefs.BackingStoreException: Couldn't get file lock.
2026-08-18 20:47:58,278 [ERROR] LogOutputStream:75 - [STDERR_REDIRECT] 
2026-08-18 20:48:28,277 [ERROR] LogOutputStream:75 - [STDERR_REDIRECT] Aug 18, 2026 8:48:28 PM java.util.prefs.FileSystemPreferences checkLockFile0ErrorCode
2026-08-18 20:48:28,277 [ERROR] LogOutputStream:75 - [STDERR_REDIRECT] WARNING: Could not lock System prefs. Unix error code 2.
2026-08-18 20:48:28,277 [ERROR] LogOutputStream:75 - [STDERR_REDIRECT] 
2026-08-18 20:48:28,278 [ERROR] LogOutputStream:75 - [STDERR_REDIRECT] Aug 18, 2026 8:48:28 PM java.util.prefs.FileSystemPreferences syncWorld
2026-08-18 20:48:28,278 [ERROR] LogOutputStream:75 - [STDERR_REDIRECT] WARNING: Couldn't flush system prefs: java.util.prefs.BackingStoreException: Couldn't get file lock.
2026-08-18 20:48:28,278 [ERROR] LogOutputStream:75 - [STDERR_REDIRECT] 
2026-08-18 20:48:58,277 [ERROR] LogOutputStream:75 - [STDERR_REDIRECT] Aug 18, 2026 8:48:58 PM java.util.prefs.FileSystemPreferences checkLockFile0ErrorCode
2026-08-18 20:48:58,277 [ERROR] LogOutputStream:75 - [STDERR_REDIRECT] WARNING: Could not lock System prefs. Unix error code 2.
2026-08-18 20:48:58,277 [ERROR] LogOutputStream:75 - [STDERR_REDIRECT] 
2026-08-18 20:48:58,278 [ERROR] LogOutputStream:75 - [STDERR_REDIRECT] Aug 18, 2026 8:48:58 PM java.util.prefs.FileSystemPreferences syncWorld
2026-08-18 20:48:58,278 [ERROR] LogOutputStream:75 - [STDERR_REDIRECT] WARNING: Couldn't flush system prefs: java.util.prefs.BackingStoreException: Couldn't get file lock.
2026-08-18 20:48:58,278 [ERROR] LogOutputStream:75 - [STDERR_REDIRECT] 
2026-08-18 20:49:28,277 [ERROR] LogOutputStream:75 - [STDERR_REDIRECT] Aug 18, 2026 8:49:28 PM java.util.prefs.FileSystemPreferences checkLockFile0ErrorCode
2026-08-18 20:49:28,277 [ERROR] LogOutputStream:75 - [STDERR_REDIRECT] WARNING: Could not lock System prefs. Unix error code 2.
2026-08-18 20:49:28,278 [ERROR] LogOutputStream:75 - [STDERR_REDIRECT] 
2026-08-18 20:49:28,278 [ERROR] LogOutputStream:75 - [STDERR_REDIRECT] Aug 18, 2026 8:49:28 PM java.util.prefs.FileSystemPreferences syncWorld
2026-08-18 20:49:28,278 [ERROR] LogOutputStream:75 - [STDERR_REDIRECT] WARNING: Couldn't flush system prefs: java.util.prefs.BackingStoreException: Couldn't get file lock.
2026-08-18 20:49:28,278 [ERROR] LogOutputStream:75 - [STDERR_REDIRECT] 
2026-08-18 20:49:58,277 [ERROR] LogOutputStream:75 - [STDERR_REDIRECT] Aug 18, 2026 8:49:58 PM java.util.prefs.FileSystemPreferences checkLockFile0ErrorCode
2026-08-18 20:49:58,278 [ERROR] LogOutputStream:75 - [STDERR_REDIRECT] WARNING: Could not lock System prefs. Unix error code 2.
2026-08-18 20:49:58,283 [ERROR] LogOutputStream:75 - [STDERR_REDIRECT] 
2026-08-18 20:49:58,284 [ERROR] LogOutputStream:75 - [STDERR_REDIRECT] Aug 18, 2026 8:49:58 PM java.util.prefs.FileSystemPreferences syncWorld
2026-08-18 20:49:58,284 [ERROR] LogOutputStream:75 - [STDERR_REDIRECT] WARNING: Couldn't flush system prefs: java.util.prefs.BackingStoreException: Couldn't get file lock.
2026-08-18 20:49:58,284 [ERROR] LogOutputStream:75 - [STDERR_REDIRECT] 
2026-08-18 20:50:28,277 [ERROR] LogOutputStream:75 - [STDERR_REDIRECT] Aug 18, 2026 8:50:28 PM java.util.prefs.FileSystemPreferences checkLockFile0ErrorCode
2026-08-18 20:50:28,278 [ERROR] LogOutputStream:75 - [STDERR_REDIRECT] WARNING: Could not lock System prefs. Unix error code 2.
2026-08-18 20:50:28,278 [ERROR] LogOutputStream:75 - [STDERR_REDIRECT] 
2026-08-18 20:50:28,278 [ERROR] LogOutputStream:75 - [STDERR_REDIRECT] Aug 18, 2026 8:50:28 PM java.util.prefs.FileSystemPreferences syncWorld
2026-08-18 20:50:28,278 [ERROR] LogOutputStream:75 - [STDERR_REDIRECT] WARNING: Couldn't flush system prefs: java.util.prefs.BackingStoreException: Couldn't get file lock.
2026-08-18 20:50:28,278 [ERROR] LogOutputStream:75 - [STDERR_REDIRECT] 
2026-08-18 20:50:58,276 [ERROR] LogOutputStream:75 - [STDERR_REDIRECT] Aug 18, 2026 8:50:58 PM java.util.prefs.FileSystemPreferences checkLockFile0ErrorCode
2026-08-18 20:50:58,277 [ERROR] LogOutputStream:75 - [STDERR_REDIRECT] WARNING: Could not lock System prefs. Unix error code 2.
2026-08-18 20:50:58,277 [ERROR] LogOutputStream:75 - [STDERR_REDIRECT] 
2026-08-18 20:50:58,277 [ERROR] LogOutputStream:75 - [STDERR_REDIRECT] Aug 18, 2026 8:50:58 PM java.util.prefs.FileSystemPreferences syncWorld
2026-08-18 20:50:58,277 [ERROR] LogOutputStream:75 - [STDERR_REDIRECT] WARNING: Couldn't flush system prefs: java.util.prefs.BackingStoreException: Couldn't get file lock.
2026-08-18 20:50:58,278 [ERROR] LogOutputStream:75 - [STDERR_REDIRECT] 
2026-08-18 20:51:28,277 [ERROR] LogOutputStream:75 - [STDERR_REDIRECT] Aug 18, 2026 8:51:28 PM java.util.prefs.FileSystemPreferences checkLockFile0ErrorCode
2026-08-18 20:51:28,277 [ERROR] LogOutputStream:75 - [STDERR_REDIRECT] WARNING: Could not lock System prefs. Unix error code 2.
2026-08-18 20:51:28,277 [ERROR] LogOutputStream:75 - [STDERR_REDIRECT] 
2026-08-18 20:51:28,277 [ERROR] LogOutputStream:75 - [STDERR_REDIRECT] Aug 18, 2026 8:51:28 PM java.util.prefs.FileSystemPreferences syncWorld
2026-08-18 20:51:28,278 [ERROR] LogOutputStream:75 - [STDERR_REDIRECT] WARNING: Couldn't flush system prefs: java.util.prefs.BackingStoreException: Couldn't get file lock.
2026-08-18 20:51:28,278 [ERROR] LogOutputStream:75 - [STDERR_REDIRECT] 
2026-08-18 20:51:58,277 [ERROR] LogOutputStream:75 - [STDERR_REDIRECT] Aug 18, 2026 8:51:58 PM java.util.prefs.FileSystemPreferences checkLockFile0ErrorCode
2026-08-18 20:51:58,277 [ERROR] LogOutputStream:75 - [STDERR_REDIRECT] WARNING: Could not lock System prefs. Unix error code 2.
2026-08-18 20:51:58,277 [ERROR] LogOutputStream:75 - [STDERR_REDIRECT] 
2026-08-18 20:51:58,278 [ERROR] LogOutputStream:75 - [STDERR_REDIRECT] Aug 18, 2026 8:51:58 PM java.util.prefs.FileSystemPreferences syncWorld
2026-08-18 20:51:58,278 [ERROR] LogOutputStream:75 - [STDERR_REDIRECT] WARNING: Couldn't flush system prefs: java.util.prefs.BackingStoreException: Couldn't get file lock.
2026-08-18 20:51:58,278 [ERROR] LogOutputStream:75 - [STDERR_REDIRECT] 
2026-08-18 20:52:09,505 [ERROR] LogOutputStream:75 - [STDERR_REDIRECT] 
2026-08-18 20:52:09,506 [ERROR] LogOutputStream:75 - [STDERR_REDIRECT] 
